timestamp,fps,lane_confidence,target_x,risk,steering,throttle,state,armed
1786427130.954441,0.1754270495443191,1.0,5.566860769056434,0.0,-0.16,0.008,follow,0
1786427131.0792382,0.14382708592135574,1.0,5.3299413875003,0.0,-0.32,0.016,follow,0
1786427131.1931646,1.7227862968268732,1.0,4.987887339073593,0.0,-0.48,0.024,follow,0
1786427131.3035219,3.1115944796372714,1.0,5.447036949275589,0.0,-0.64,0.032,follow,0
1786427131.4048936,4.335017142329511,1.0,7.185566763156466,0.0,-0.8,0.04,follow,0
1786427131.5031085,5.44106043557259,1.0,5.671444301542053,0.0,-0.82,0.048,follow,0
1786427131.599094,6.365790438881052,1.0,6.673423203990282,0.0,-0.82,0.056,follow,0
1786427131.702773,7.131428126998938,1.0,5.513366804430302,0.0,-0.82,0.064,follow,0
1786427131.804997,7.694678635754315,1.0,5.751677564918728,0.0,-0.82,0.07200000000000001,follow,0
1786427131.8974423,8.10578594557597,1.0,6.06425198768418,0.0,-0.82,0.08000000000000002,follow,0
1786427131.9946733,8.59419676546392,1.0,5.588188938249582,0.0,-0.82,0.08800000000000002,follow,0
1786427132.0865796,8.977307366118016,1.0,6.084622421998937,0.0,-0.82,0.09,follow,0
1786427132.174967,9.363268555003602,1.0,6.559255322755666,0.0,-0.82,0.09,follow,0
1786427132.2648003,9.760911300015827,1.0,5.579786374850979,0.0,-0.82,0.09,follow,0
1786427132.3559165,10.003589449520781,1.0,5.722047682309562,0.0,-0.82,0.09,follow,0
1786427132.4593558,10.089775367973925,1.0,7.224660386536593,0.0,-0.82,0.09,follow,0
1786427132.5506985,10.126709044229923,1.0,6.025559753978587,0.0,-0.82,0.09,follow,0
1786427132.6419487,10.282512339647237,1.0,6.572131987757878,0.0,-0.82,0.09,follow,0
1786427132.7345195,10.427687384826944,1.0,5.736805108371397,0.0,-0.82,0.09,follow,0
1786427132.8295708,10.494693736259801,1.0,5.512718685797578,0.0,-0.82,0.09,follow,0
1786427132.9217043,10.491551170837422,1.0,5.3732722100100085,0.0,-0.82,0.09,follow,0
1786427133.0132904,10.574319153997111,1.0,5.486630521984761,0.0,-0.82,0.09,follow,0
1786427133.1064928,10.639905593573658,1.0,5.684968818002754,0.0,-0.82,0.09,follow,0
1786427133.2010515,10.668577589040474,1.0,5.982300746061018,0.0,-0.82,0.09,follow,0
1786427133.2951357,10.641140322223132,1.0,5.475794596447143,0.0,-0.82,0.09,follow,0
1786427133.387516,10.632176457308995,1.0,5.655428309782078,0.0,-0.82,0.09,follow,0
1786427133.4843237,10.67059415835266,1.0,5.77865290565801,0.0,-0.82,0.09,follow,0
1786427133.5760102,10.61377162585989,1.0,5.705840718090648,0.0,-0.82,0.09,follow,0
1786427133.66858,10.667910013404255,1.0,4.9431296845317245,0.0,-0.82,0.09,follow,0
1786427133.7617717,10.690441028796847,1.0,6.182806663509697,0.0,-0.82,0.09,follow,0
1786427133.858891,10.709976604363293,1.0,5.190555141998505,0.0,-0.82,0.09,follow,0
1786427133.9551668,10.601062358893184,1.0,5.37843728315126,0.0,-0.82,0.09,follow,0
1786427134.0500808,10.579615223337871,1.0,4.8911550845099825,0.0,-0.82,0.09,follow,0
1786427134.1378872,10.577838757972682,1.0,6.786945594112559,0.0,-0.82,0.09,follow,0
1786427134.2284193,10.727843061893058,1.0,5.632209626748376,0.0,-0.82,0.09,follow,0
1786427134.317811,10.801156539210922,1.0,6.0133514244071975,0.0,-0.82,0.09,follow,0
1786427134.4085612,10.871425409781295,1.0,5.230459477038684,0.0,-0.82,0.09,follow,0
1786427134.4974964,10.901970773975089,1.0,5.44407165244502,0.0,-0.82,0.09,follow,0
1786427134.587866,10.977919025644862,1.0,5.6974759018051735,0.0,-0.82,0.09,follow,0
1786427134.681908,10.982651509361535,1.0,5.334977713983534,0.0,-0.82,0.09,follow,0
1786427134.7762918,10.869206414995226,1.0,5.591385784856567,0.0,-0.82,0.09,follow,0
1786427134.866012,10.870837090343198,1.0,6.055796645397131,0.0,-0.82,0.09,follow,0
1786427134.95664,10.919012617092669,1.0,5.552345935358577,0.0,-0.82,0.09,follow,0
1786427135.0462692,10.93626925433384,1.0,6.01746463258014,0.0,-0.82,0.09,follow,0
1786427135.1440988,10.97455268713723,1.0,5.514022479487471,0.0,-0.82,0.09,follow,0
1786427135.2343252,10.840848051191681,1.0,7.08566486585087,0.0,-0.82,0.09,follow,0
1786427135.324705,10.857791686133424,1.0,5.703123338682958,0.0,-0.82,0.09,follow,0
1786427135.419895,10.91679703669378,1.0,6.56112190515498,0.0,-0.82,0.09,follow,0
1786427135.510834,10.847712270872588,1.0,5.701897292695827,0.0,-0.82,0.09,follow,0
1786427135.6025968,10.85531310188215,1.0,5.8710634105804616,0.0,-0.82,0.09,follow,0
1786427135.6930873,10.886292941928787,1.0,6.056180526867586,0.0,-0.82,0.09,follow,0
1786427135.7850869,10.88755117138162,1.0,5.2995284337877795,0.0,-0.82,0.09,follow,0
1786427135.8728592,10.915379139034753,1.0,6.350942680992112,0.0,-0.82,0.09,follow,0
1786427135.964405,11.011008092721756,1.0,6.030330652992248,0.0,-0.82,0.09,follow,0
1786427136.051678,10.977374962766323,1.0,6.236265077379173,0.0,-0.82,0.09,follow,0
1786427136.1460624,11.091371299183644,1.0,5.454308237995123,0.0,-0.82,0.09,follow,0
1786427136.2367678,10.981982707844997,1.0,5.9835279676147906,0.0,-0.82,0.09,follow,0
1786427136.326447,11.001505255914697,1.0,5.910737222161822,0.0,-0.82,0.09,follow,0
1786427136.4170096,11.014078924498138,1.0,5.500854222366353,0.0,-0.82,0.09,follow,0
1786427136.5137465,11.023401011787278,1.0,5.3640645640361395,0.0,-0.82,0.09,follow,0
1786427136.606969,10.84359716463842,1.0,5.792295275438207,0.0,-0.82,0.09,follow,0
1786427136.6971793,10.864581490652762,1.0,5.530790275594827,0.0,-0.82,0.09,follow,0
1786427136.7902958,10.92625157986597,1.0,5.385380408205383,0.0,-0.82,0.09,follow,0
1786427136.8822222,10.858663153816565,1.0,5.642384907788036,0.0,-0.82,0.09,follow,0
1786427136.972483,10.884175996784556,1.0,5.148763235719537,0.0,-0.82,0.09,follow,0
1786427137.058933,10.921496604037026,1.0,5.9628289421558485,0.0,-0.82,0.09,follow,0
1786427137.149625,11.051653437679942,1.0,5.614959116814103,0.0,-0.82,0.09,follow,0
1786427137.2405558,11.037159722140881,1.0,6.1314098323804,0.0,-0.82,0.09,follow,0
1786427137.329743,11.039223159254277,1.0,5.366356298033791,0.0,-0.82,0.09,follow,0
1786427137.420597,11.072589232977158,1.0,5.3939812775350635,0.0,-0.82,0.09,follow,0
1786427137.5118854,11.062874002088542,1.0,5.338251143782122,0.0,-0.82,0.09,follow,0
1786427137.5993235,11.04896383171583,1.0,6.657407912411049,0.0,-0.82,0.09,follow,0
1786427137.6883078,11.112812135139704,1.0,7.048432330293668,0.0,-0.82,0.09,follow,0
1786427137.780859,11.137342705700508,1.0,5.636652367624377,0.0,-0.82,0.09,follow,0
1786427137.880659,11.083545717848873,1.0,5.233894959988357,0.0,-0.82,0.09,follow,0
1786427137.9728587,10.853535880671036,1.0,5.458122408179579,0.0,-0.82,0.09,follow,0
1786427138.0629435,10.872829709667545,1.0,5.6198831158780695,0.0,-0.82,0.09,follow,0
1786427138.1547897,10.903909873263544,1.0,6.218105006845174,0.0,-0.82,0.09,follow,0
1786427138.245298,10.904506021083186,1.0,5.776368217689881,0.0,-0.82,0.09,follow,0
1786427138.3359656,10.931687361731393,1.0,6.08448426896522,0.0,-0.82,0.09,follow,0
1786427138.4265904,10.944367104588668,1.0,6.0834578408267985,0.0,-0.82,0.09,follow,0
1786427138.515577,10.960892754243401,1.0,6.766609136990349,0.0,-0.82,0.09,follow,0
1786427138.6069143,11.028670054677942,1.0,5.86906428396383,0.0,-0.82,0.09,follow,0
1786427138.6968107,11.010934206510772,1.0,6.072029481295038,0.0,-0.82,0.09,follow,0
1786427138.786746,11.014868676741854,1.0,5.455426093157207,0.0,-0.82,0.09,follow,0
1786427138.8759308,11.025693340944,1.0,6.450730277474246,0.0,-0.82,0.09,follow,0
1786427138.9661949,11.092461761234368,1.0,5.3080847900471255,0.0,-0.82,0.09,follow,0
1786427139.0571415,11.08305803476338,1.0,5.755786470665184,0.0,-0.82,0.09,follow,0
1786427139.1469443,11.045259954476542,1.0,5.944861767735284,0.0,-0.82,0.09,follow,0
1786427139.2430131,11.065184306068547,1.0,6.3066713922725715,0.0,-0.82,0.09,follow,0
1786427139.3363907,10.964587874838571,1.0,6.201277879631544,0.0,-0.82,0.09,follow,0
1786427139.42885,10.907028476616073,1.0,5.736497412095066,0.0,-0.82,0.09,follow,0
1786427139.5244353,10.895856971161741,1.0,5.683595242087494,0.0,-0.82,0.09,follow,0
1786427139.615787,10.785689142455793,1.0,5.821445794032614,0.0,-0.82,0.09,follow,0
1786427139.7039995,10.835618561751982,1.0,6.802151705216514,0.0,-0.82,0.09,follow,0
1786427139.7939663,10.946937362175156,1.0,5.49755905011267,0.0,-0.82,0.09,follow,0
1786427139.8854032,10.967297057978277,1.0,5.821706358931081,0.0,-0.82,0.09,follow,0
1786427139.9779568,10.946404831721054,1.0,6.568742359277478,0.0,-0.82,0.09,follow,0
1786427140.0694184,10.892858539060324,1.0,5.164631784152701,0.0,-0.82,0.09,follow,0
1786427140.1577144,10.956019626097758,1.0,6.647227391071201,0.0,-0.82,0.09,follow,0
1786427140.2484684,11.018595599700927,1.0,6.574528133447067,0.0,-0.82,0.09,follow,0
1786427140.3399844,11.020744324235586,1.0,6.033446254677846,0.0,-0.82,0.09,follow,0
1786427140.4300973,10.999950707424386,1.0,5.601886699698001,0.0,-0.82,0.09,follow,0
1786427140.520076,11.019042762178499,1.0,5.303453658168072,0.0,-0.82,0.09,follow,0
1786427140.6241024,11.030120580665963,1.0,5.73930891790749,0.0,-0.82,0.09,follow,0
1786427140.7137887,10.760917179149102,1.0,6.620519237466291,0.0,-0.82,0.09,follow,0
1786427140.806887,10.829806757681036,1.0,4.981406943213499,0.0,-0.82,0.09,follow,0
1786427140.9020221,10.75799809206072,1.0,5.404995069253404,0.0,-0.82,0.09,follow,0
1786427140.9925954,10.755399433723962,1.0,5.86793487766183,0.0,-0.82,0.09,follow,0
1786427141.0856826,10.783121965175173,1.0,5.724899828087197,0.0,-0.82,0.09,follow,0
1786427141.1759343,10.808522792442226,1.0,5.908144965055452,0.0,-0.82,0.09,follow,0
1786427141.26618,10.85393373157219,1.0,5.40990716155934,0.0,-0.82,0.09,follow,0
1786427141.3584633,10.889493952661008,1.0,6.380185503678699,0.0,-0.82,0.09,follow,0
1786427141.4492888,10.876234678158518,1.0,5.529824683951306,0.0,-0.82,0.09,follow,0
1786427141.5450451,10.871126301771952,1.0,5.574089573387234,0.0,-0.82,0.09,follow,0
1786427141.6372821,10.827795381485023,1.0,5.843860608751884,0.0,-0.82,0.09,follow,0
1786427141.724096,10.840800180003319,1.0,6.4778668698419075,0.0,-0.82,0.09,follow,0
1786427141.8137982,10.971292057025726,1.0,5.364072614272264,0.0,-0.82,0.09,follow,0
1786427141.9137185,10.951494275010377,1.0,5.854258784965274,0.0,-0.82,0.09,follow,0
1786427142.017067,10.807819606559558,1.0,5.7999295010106495,0.0,-0.82,0.09,follow,0
1786427142.1197793,10.58538274432904,1.0,5.3306785120053375,0.0,-0.82,0.09,follow,0
1786427142.2146754,10.423289613415815,1.0,5.43349163191866,0.0,-0.82,0.09,follow,0
1786427142.3168724,10.433858513621377,1.0,5.204093831591792,0.0,-0.82,0.09,follow,0
1786427142.4058862,10.315419584344204,1.0,6.571408380426613,0.0,-0.82,0.09,follow,0
1786427142.4959595,10.486802494801903,1.0,6.983276969396563,0.0,-0.82,0.09,follow,0
1786427142.5840442,10.621700576639752,1.0,7.3167991052426675,0.0,-0.82,0.09,follow,0
1786427142.678556,10.750567763906188,1.0,5.566533410598892,0.0,-0.82,0.09,follow,0
1786427142.7711906,10.694331700768043,1.0,5.510331124692979,0.0,-0.82,0.09,follow,0
1786427142.8618634,10.717186321398637,1.0,5.534049276142076,0.0,-0.82,0.09,follow,0
1786427142.9543989,10.818530131905172,1.0,5.723560196198018,0.0,-0.82,0.09,follow,0
1786427143.0448444,10.803816683605053,1.0,5.180889806289468,0.0,-0.82,0.09,follow,0
1786427143.1375208,10.867319620386395,1.0,6.6743939235365515,0.0,-0.82,0.09,follow,0
1786427143.2290747,10.852020470688814,1.0,5.705134257817603,0.0,-0.82,0.09,follow,0
1786427143.3264668,10.804133791291054,1.0,6.101374792018673,0.0,-0.82,0.09,follow,0
1786427143.4244318,10.72049556665482,1.0,6.11718211701494,0.0,-0.82,0.09,follow,0
1786427143.5195768,10.593699853069236,1.0,5.487630063182101,0.0,-0.82,0.09,follow,0
1786427143.6177945,10.628350041020964,1.0,5.690911944899455,0.0,-0.82,0.09,follow,0
1786427143.709567,10.539707612773887,1.0,5.793090798703558,0.0,-0.82,0.09,follow,0
1786427143.802457,10.586192881942308,1.0,5.711589255542027,0.0,-0.82,0.09,follow,0
1786427143.8934965,10.657408940255987,1.0,5.823706062275548,0.0,-0.82,0.09,follow,0
1786427143.9859397,10.693532346760941,1.0,6.297489446617661,0.0,-0.82,0.09,follow,0
1786427144.0783496,10.732491559624012,1.0,6.0466881505462275,0.0,-0.82,0.09,follow,0
1786427144.1676505,10.752329084163634,1.0,6.4945632327713945,0.0,-0.82,0.09,follow,0
1786427144.2557657,10.847489783386902,1.0,6.288122900148681,0.0,-0.82,0.09,follow,0
1786427144.3484278,10.939566299109162,1.0,6.565452836376955,0.0,-0.82,0.09,follow,0
1786427144.4407022,10.922973361119244,1.0,5.318033877693171,0.0,-0.82,0.09,follow,0
1786427144.5322669,10.894569321882727,1.0,5.829421309817083,0.0,-0.82,0.09,follow,0
1786427144.6221495,10.901696848719851,1.0,6.596212830996624,0.0,-0.82,0.09,follow,0
1786427144.718288,10.947965996272057,1.0,5.888085738976299,0.0,-0.82,0.09,follow,0
1786427144.8141463,10.81339365838943,1.0,6.093420215324008,0.0,-0.82,0.09,follow,0
1786427144.9078674,10.761141075593368,1.0,5.678253747348989,0.0,-0.82,0.09,follow,0
1786427145.002903,10.742136972729618,1.0,5.550839008175529,0.0,-0.82,0.09,follow,0
1786427145.0908637,10.695768998375444,1.0,6.942171619831299,0.0,-0.82,0.09,follow,0
1786427145.183282,10.825472471279818,1.0,6.6353714753729705,0.0,-0.82,0.09,follow,0
1786427145.2788303,10.835778592533526,1.0,5.5349619986106955,0.0,-0.82,0.09,follow,0
1786427145.3706086,10.742745009338966,1.0,5.7144811107814935,0.0,-0.82,0.09,follow,0
1786427145.465184,10.78524306274593,1.0,5.910037124320777,0.0,-0.82,0.09,follow,0
1786427145.5519378,10.756949472951002,1.0,6.564128822203813,0.0,-0.82,0.09,follow,0
1786427145.641736,10.878383859375221,1.0,6.425465251687331,0.0,-0.82,0.09,follow,0
1786427145.7333398,10.904264876726138,1.0,7.091699609557087,0.0,-0.82,0.09,follow,0
1786427145.8247087,10.940585004599539,1.0,5.955326630638064,0.0,-0.82,0.09,follow,0
1786427145.9232945,10.94011349233194,1.0,6.030119611141719,0.0,-0.82,0.09,follow,0
1786427146.0215824,10.785263531995648,1.0,5.636415454094857,0.0,-0.82,0.09,follow,0
1786427146.1218352,10.664938048122826,1.0,6.30615274258959,0.0,-0.82,0.09,follow,0
1786427146.2161517,10.531822666650507,1.0,7.069655857472657,0.0,-0.82,0.09,follow,0
1786427146.3171482,10.54213841958849,1.0,6.690648796702503,0.0,-0.82,0.09,follow,0
1786427146.4169972,10.416466785618788,1.0,5.663015416874723,0.0,-0.82,0.09,follow,0
1786427146.515045,10.339839855292494,1.0,6.709934446497886,0.0,-0.82,0.09,follow,0
1786427146.6137958,10.316770809746545,1.0,5.816748843319813,0.0,-0.82,0.09,follow,0
1786427146.710631,10.244109184741433,1.0,5.296554183856417,0.0,-0.82,0.09,follow,0
1786427146.8025823,10.29727085825292,1.0,5.667670721573123,0.0,-0.82,0.09,follow,0
1786427146.896666,10.402710148586074,1.0,5.688963953589071,0.0,-0.82,0.09,follow,0
1786427146.9910955,10.461194822574681,1.0,5.20667910163124,0.0,-0.82,0.09,follow,0
1786427147.0806518,10.483674278177865,1.0,6.64920548278383,0.0,-0.82,0.09,follow,0
1786427147.1727345,10.564636024496899,1.0,5.720726479914941,0.0,-0.82,0.09,follow,0
1786427147.2631986,10.682609617747685,1.0,5.685858441876702,0.0,-0.82,0.09,follow,0
1786427147.3540678,10.752131769644105,1.0,5.21117821258594,0.0,-0.82,0.09,follow,0
1786427147.448098,10.788216111835247,1.0,5.263177908560081,0.0,-0.82,0.09,follow,0
1786427147.5395746,10.774372906193834,1.0,6.4905246749226375,0.0,-0.82,0.09,follow,0
1786427147.6290967,10.794025530578923,1.0,5.46609484685389,0.0,-0.82,0.09,follow,0
1786427147.72128,10.861190066567891,1.0,6.001658479465355,0.0,-0.82,0.09,follow,0
1786427147.8177843,10.788117973831287,1.0,5.611117943605968,0.0,-0.82,0.09,follow,0
1786427147.908667,10.782589621320755,1.0,6.210966107566182,0.0,-0.82,0.09,follow,0
1786427147.9981332,10.820288881560709,1.0,6.887226939638854,0.0,-0.82,0.09,follow,0
1786427148.0891895,10.899725618937442,1.0,6.24457585997858,0.0,-0.82,0.09,follow,0
1786427148.181228,10.919962080565249,1.0,6.2008259792857,0.0,-0.82,0.09,follow,0
1786427148.2704706,10.913229155750892,1.0,6.888265252424363,0.0,-0.82,0.09,follow,0
1786427148.3595886,10.96407028722366,1.0,6.737047914474748,0.0,-0.82,0.09,follow,0
1786427148.4501095,11.020832195978207,1.0,5.835810637956792,0.0,-0.82,0.09,follow,0
1786427148.5447927,10.987140485186153,1.0,6.29181389379731,0.0,-0.82,0.09,follow,0
1786427148.635692,10.924734677817368,1.0,5.295835901584068,0.0,-0.82,0.09,follow,0
1786427148.7253773,10.948389883171872,1.0,5.29405455329389,0.0,-0.82,0.09,follow,0
1786427148.8164344,10.966981252486555,1.0,5.637993464365409,0.0,-0.82,0.09,follow,0
1786427148.9125025,10.94962668730848,1.0,6.407274609050386,0.0,-0.82,0.09,follow,0
1786427149.004732,10.840842634412862,1.0,5.867101634922064,0.0,-0.82,0.09,follow,0
1786427149.0981212,10.80984838184403,1.0,5.5197141032987735,0.0,-0.82,0.09,follow,0
1786427149.1898642,10.86198362545322,1.0,6.590378624587011,0.0,-0.82,0.09,follow,0
1786427149.2780895,10.878963726544601,1.0,6.144204023459727,0.0,-0.82,0.09,follow,0
1786427149.3681755,10.912976795674407,1.0,5.904892824437032,0.0,-0.82,0.09,follow,0
1786427149.4583962,11.000327818586634,1.0,5.515253329083112,0.0,-0.82,0.09,follow,0
1786427149.550751,11.003568408277395,1.0,5.344128827731588,0.0,-0.82,0.09,follow,0
1786427149.6417744,10.96585681174735,1.0,6.950473528560893,0.0,-0.82,0.09,follow,0
1786427149.7290947,10.976210346603388,1.0,6.8570790356668105,0.0,-0.82,0.09,follow,0
1786427149.8198287,11.04112645087601,1.0,6.1361345821118505,0.0,-0.82,0.09,follow,0
1786427149.9123728,11.085224381402051,1.0,5.490629164002602,0.0,-0.82,0.09,follow,0
1786427150.0031579,11.028606459069598,1.0,6.109012476115538,0.0,-0.82,0.09,follow,0
1786427150.0966134,11.009275130232338,1.0,5.724134419964733,0.0,-0.82,0.09,follow,0
1786427150.187007,10.934170854698365,1.0,5.597628006861768,0.0,-0.82,0.09,follow,0
1786427150.2774122,10.943445078677797,1.0,5.867167840697821,0.0,-0.82,0.09,follow,0
1786427150.3654842,10.995919829354609,1.0,6.3729220385578405,0.0,-0.82,0.09,follow,0
1786427150.4564722,11.04421046057037,1.0,6.410071160475889,0.0,-0.82,0.09,follow,0
1786427150.5457518,11.07407435701376,1.0,5.643908773817662,0.0,-0.82,0.09,follow,0
1786427150.6350799,11.08002819003617,1.0,5.799915639274241,0.0,-0.82,0.09,follow,0
1786427150.7258668,11.102496267521678,1.0,6.42341777021909,0.0,-0.82,0.09,follow,0
1786427150.8158474,11.094122309865652,1.0,5.3861105548564,0.0,-0.82,0.09,follow,0
1786427150.9100995,11.082728104490585,1.0,6.090079715579201,0.0,-0.82,0.09,follow,0
1786427151.0002747,10.988149880506953,1.0,6.763495508708942,0.0,-0.82,0.09,follow,0
1786427151.0940523,11.023688648377965,1.0,5.774722888724696,0.0,-0.82,0.09,follow,0
1786427151.1813412,10.94851944746502,1.0,6.245775510993749,0.0,-0.82,0.09,follow,0
1786427151.2694817,11.06654521533951,1.0,6.863174566118235,0.0,-0.82,0.09,follow,0
1786427151.3620229,11.06615826975513,1.0,5.741986092199064,0.0,-0.82,0.09,follow,0
1786427151.4511745,11.052951927092755,1.0,5.608783592553763,0.0,-0.82,0.09,follow,0
1786427151.5440016,11.056606920336476,1.0,5.236775743158959,0.0,-0.82,0.09,follow,0
1786427151.6352127,11.01266325270599,1.0,5.367561506273065,0.0,-0.82,0.09,follow,0
1786427151.7224858,11.027912061997291,1.0,6.970722514680752,0.0,-0.82,0.09,follow,0
1786427151.8141541,11.118658564842582,1.0,5.286849227129428,0.0,-0.82,0.09,follow,0
1786427151.903844,11.07453452314622,1.0,5.421008337678755,0.0,-0.82,0.09,follow,0
1786427151.9928088,11.071561790808982,1.0,6.469122063616937,0.0,-0.82,0.09,follow,0
1786427152.086563,11.126722281347426,1.0,6.8236845593559545,0.0,-0.82,0.09,follow,0
1786427152.1829388,11.034478803961832,1.0,5.902267942592548,0.0,-0.82,0.09,follow,0
1786427152.2749875,10.893177716466063,1.0,5.598473860225494,0.0,-0.82,0.09,follow,0
1786427152.3677182,10.89317785945779,1.0,5.67904496818784,0.0,-0.82,0.09,follow,0
1786427152.4562542,10.877009626438381,1.0,6.857405824766851,0.0,-0.82,0.09,follow,0
1786427152.5467143,10.93965350402975,1.0,5.630488683789157,0.0,-0.82,0.09,follow,0
1786427152.6375484,10.94640910117046,1.0,5.882206733896301,0.0,-0.82,0.09,follow,0
1786427152.7277179,10.980717480567684,1.0,5.544908009146575,0.0,-0.82,0.09,follow,0
1786427152.8179135,11.00656097233472,1.0,5.6963269512471495,0.0,-0.82,0.09,follow,0
1786427152.9124768,10.999395816027494,1.0,5.7612462830536,0.0,-0.82,0.09,follow,0
1786427153.000739,10.934052407132457,1.0,6.658624131914036,0.0,-0.82,0.09,follow,0
1786427153.0910666,11.01264448263709,1.0,6.688074843795179,0.0,-0.82,0.09,follow,0
1786427153.183843,11.020276298286348,1.0,5.635845090535213,0.0,-0.82,0.09,follow,0
1786427153.2752361,10.987833730540643,1.0,5.8809825175920345,0.0,-0.82,0.09,follow,0
1786427153.3653243,10.957294909106148,1.0,5.205223171560874,0.0,-0.82,0.09,follow,0
1786427153.4559,10.99646855155213,1.0,5.922425940222983,0.0,-0.82,0.09,follow,0
1786427153.547214,11.008767608028016,1.0,5.423792274795146,0.0,-0.82,0.09,follow,0
1786427153.6373749,10.98496521699933,1.0,5.73677463761039,0.0,-0.82,0.09,follow,0
1786427153.725311,11.015731814209737,1.0,6.057789977096707,0.0,-0.82,0.09,follow,0
1786427153.8169942,11.089162648976854,1.0,6.237011750138648,0.0,-0.82,0.09,follow,0
1786427153.911641,10.991856198776766,1.0,5.436811507655008,0.0,-0.82,0.09,follow,0
1786427154.002581,10.96899660157786,1.0,5.326400081442078,0.0,-0.82,0.09,follow,0
1786427154.0905511,10.981890537180252,1.0,5.800281093092705,0.0,-0.82,0.09,follow,0
1786427154.1773708,11.027270276343515,1.0,6.773964578223995,0.0,-0.82,0.09,follow,0
1786427154.2697415,11.158723491877238,1.0,5.736466257736536,0.0,-0.82,0.09,follow,0
1786427154.3632483,11.081987305865322,1.0,5.95896509967441,0.0,-0.82,0.09,follow,0
1786427154.4515398,11.013368553440596,1.0,5.53316544718518,0.0,-0.82,0.09,follow,0
1786427154.5405967,11.06814117903134,1.0,6.729609936670469,0.0,-0.82,0.09,follow,0
1786427154.6304612,11.108682000754351,1.0,7.175815176233634,0.0,-0.82,0.09,follow,0
1786427154.720156,11.093959754208374,1.0,5.805198921353111,0.0,-0.82,0.09,follow,0
1786427154.8117878,11.077187788974081,1.0,5.680811153879452,0.0,-0.82,0.09,follow,0
1786427154.90228,11.08111605561152,1.0,5.677507188829535,0.0,-0.82,0.09,follow,0
1786427154.9944098,11.064005979510354,1.0,5.845603074899071,0.0,-0.82,0.09,follow,0
1786427155.084023,11.03191541028209,1.0,6.538944709673721,0.0,-0.82,0.09,follow,0
1786427155.172195,11.068287899731382,1.0,6.234504065654836,0.0,-0.82,0.09,follow,0
1786427155.2615376,11.121699425947318,1.0,6.422919869840076,0.0,-0.82,0.09,follow,0
1786427155.3519666,11.125761741307702,1.0,5.720867977233067,0.0,-0.82,0.09,follow,0
1786427155.441087,11.108928382415112,1.0,6.802607627916556,0.0,-0.82,0.09,follow,0
1786427155.5321803,11.13446345573685,1.0,5.613957064178934,0.0,-0.82,0.09,follow,0
1786427155.6235824,11.098021736743325,1.0,6.097841132671349,0.0,-0.82,0.09,follow,0
1786427155.7151296,11.082584932399023,1.0,5.505373957329514,0.0,-0.82,0.09,follow,0
1786427155.8038044,11.039916931726204,1.0,6.41588307165612,0.0,-0.82,0.09,follow,0
1786427155.8961606,11.099044154655385,1.0,5.795144277772761,0.0,-0.82,0.09,follow,0
1786427155.9849644,11.033888345377425,1.0,6.69328623573611,0.0,-0.82,0.09,follow,0
1786427156.0735784,11.070588228026295,1.0,6.7778045298009735,0.0,-0.82,0.09,follow,0
1786427156.1646519,11.110922905994105,1.0,5.504967498714797,0.0,-0.82,0.09,follow,0
1786427156.2528982,11.094753371158626,1.0,6.339825380446888,0.0,-0.82,0.09,follow,0
1786427156.3425293,11.139162309988086,1.0,6.867928916912481,0.0,-0.82,0.09,follow,0
1786427156.4336584,11.150099889248441,1.0,5.747159797832021,0.0,-0.82,0.09,follow,0
1786427156.5213032,11.107547335186315,1.0,6.345109325854901,0.0,-0.82,0.09,follow,0
1786427156.6106076,11.095604698154235,1.0,5.869023203621774,0.0,-0.82,0.09,follow,0
1786427156.7017226,11.176074722237473,1.0,5.646420646487947,0.0,-0.82,0.09,follow,0
1786427156.8001487,11.147066215986325,1.0,5.505546616376489,0.0,-0.82,0.09,follow,0
1786427156.892401,10.953847884865736,1.0,5.6036495576884455,0.0,-0.82,0.09,follow,0
1786427156.9866323,10.931037334645469,1.0,5.810143275408718,0.0,-0.82,0.09,follow,0
1786427157.078329,10.796804539381593,1.0,6.167003301905032,0.0,-0.82,0.09,follow,0
1786427157.1659372,10.908300286067707,1.0,6.383795438506603,0.0,-0.82,0.09,follow,0
1786427157.2572622,10.972537502325915,1.0,5.575582554075142,0.0,-0.82,0.09,follow,0
1786427157.344588,11.005824581918219,1.0,7.310818537101262,0.0,-0.82,0.09,follow,0
1786427157.4358187,11.06372761227281,1.0,5.313135507087489,0.0,-0.82,0.09,follow,0
1786427157.5286312,11.073032127850444,1.0,5.745328775402282,0.0,-0.82,0.09,follow,0
1786427157.61748,11.013254086573918,1.0,6.494689068151529,0.0,-0.82,0.09,follow,0
1786427157.7069914,11.047598233379013,1.0,5.837586287144127,0.0,-0.82,0.09,follow,0
1786427157.8001897,11.084808992989826,1.0,6.673245201458561,0.0,-0.82,0.09,follow,0
1786427157.889652,11.015284806320578,1.0,7.075884650747974,0.0,-0.82,0.09,follow,0
1786427157.979073,11.03904701378945,1.0,5.792998741517218,0.0,-0.82,0.09,follow,0
1786427158.0710828,11.065023522441404,1.0,5.493452211742038,0.0,-0.82,0.09,follow,0
1786427158.1704483,11.030669408175756,1.0,5.88271024861944,0.0,-0.82,0.09,follow,0
1786427158.2598324,10.839338952208582,1.0,5.518597913829865,0.0,-0.82,0.09,follow,0
1786427158.3516397,10.870696451657238,1.0,6.687982495481058,0.0,-0.82,0.09,follow,0
1786427158.4424312,10.91003680302287,1.0,5.830694177628484,0.0,-0.82,0.09,follow,0
1786427158.5342338,10.900706279987885,1.0,6.128159961821715,0.0,-0.82,0.09,follow,0
1786427158.6262546,10.888267082696064,1.0,5.6050193249889,0.0,-0.82,0.09,follow,0
1786427158.71627,10.93171388727382,1.0,6.994904231855616,0.0,-0.82,0.09,follow,0
1786427158.807396,10.96718844286368,1.0,5.273698201825263,0.0,-0.82,0.09,follow,0
1786427158.8989768,10.967399001901974,1.0,5.390912400016956,0.0,-0.82,0.09,follow,0
1786427158.9921944,10.946179367557383,1.0,6.443639528520377,0.0,-0.82,0.09,follow,0
1786427159.087208,10.902245576355423,1.0,5.08528086645526,0.0,-0.82,0.09,follow,0
1786427159.1805325,10.808571320936776,1.0,5.767756663233323,0.0,-0.82,0.09,follow,0
1786427159.2689292,10.813743218137978,1.0,7.093246253572282,0.0,-0.82,0.09,follow,0
1786427159.3602808,10.905390000279251,1.0,5.666710488154969,0.0,-0.82,0.09,follow,0
1786427159.4535549,10.917822414104517,1.0,5.989174676673105,0.0,-0.82,0.09,follow,0
1786427159.5521314,10.868633591221537,1.0,5.983726161148443,0.0,-0.82,0.09,follow,0
1786427159.6421373,10.725630379361323,1.0,7.14691974822972,0.0,-0.82,0.09,follow,0
1786427159.7358627,10.79266666820575,1.0,6.61457150780239,0.0,-0.82,0.09,follow,0
1786427159.8268917,10.749397103306526,1.0,6.633746053652244,0.0,-0.82,0.09,follow,0
1786427159.9200964,10.831871218162172,1.0,5.4110064914126506,0.0,-0.82,0.09,follow,0
1786427160.0104845,10.823598848816077,1.0,5.684431326087072,0.0,-0.82,0.09,follow,0
1786427160.1007164,10.86324153218894,1.0,5.131726369360095,0.0,-0.82,0.09,follow,0
1786427160.1912045,10.908376062765232,1.0,5.89291601700333,0.0,-0.82,0.09,follow,0
1786427160.2832253,10.937125031606984,1.0,8.23534389009371,0.0,-0.82,0.09,follow,0
1786427160.37338,10.917202656209618,1.0,8.638621027165144,0.0,-0.82,0.09,follow,0
1786427160.4627767,10.93621791822503,1.0,10.385407376219966,0.0,-0.8042263077294209,0.09,follow,0
1786427160.5514424,11.018502269257665,1.0,9.544971226256003,0.0,-0.82,0.09,follow,0
1786427160.6432025,11.048678744457778,1.0,10.468914084135903,0.0,-0.82,0.09,follow,0
1786427160.7320282,11.00233515724975,1.0,9.761475115023092,0.0,-0.82,0.09,follow,0
1786427160.8212962,11.076747356699384,1.0,9.677828446501557,0.0,-0.82,0.09,follow,0
1786427160.9222252,11.103794677451932,1.0,9.236739335602131,0.0,-0.82,0.09,follow,0
1786427161.0099578,10.86664206879339,1.0,9.493130270472399,0.0,-0.819622098496904,0.09,follow,0
1786427161.1042404,10.98188268870221,1.0,8.988706112025213,0.0,-0.82,0.09,follow,0
1786427161.194879,10.897298593165349,1.0,9.094665142237993,0.0,-0.82,0.09,follow,0
1786427161.2784786,10.904133140082456,1.0,9.783938879747591,0.0,-0.82,0.09,follow,0
1786427161.3644907,11.143431819161751,1.0,9.778353969011448,0.0,-0.82,0.09,follow,0
1786427161.4499662,11.186874667503389,1.0,8.739716850586905,0.0,-0.82,0.09,follow,0
1786427161.5329154,11.322761053056087,1.0,8.94331100923683,0.0,-0.82,0.09,follow,0
1786427161.6172965,11.502811816724778,1.0,7.530169163670905,0.0,-0.82,0.09,follow,0
1786427161.7047796,11.473315673416181,1.0,8.733633090542554,0.0,-0.82,0.09,follow,0
1786427161.7880282,11.566532072938227,1.0,8.840520420403255,0.0,-0.82,0.09,follow,0
1786427161.871087,11.647682204129081,1.0,9.453777910034095,0.0,-0.82,0.09,follow,0
1786427161.9548285,11.718166624242965,1.0,9.249183027249892,0.0,-0.82,0.09,follow,0
1786427162.039908,11.776821401936456,1.0,9.348201946871,0.0,-0.82,0.09,follow,0
1786427162.131805,11.76818471551979,1.0,7.728191053532495,0.0,-0.82,0.09,follow,0
1786427162.2277346,11.581215127027745,1.0,6.5145564815548695,0.0,-0.82,0.09,follow,0
1786427162.331565,11.356768144488615,1.0,6.9895738386672726,0.0,-0.82,0.09,follow,0
1786427162.4249992,11.018141077769965,0.9879032258064516,10.882194496235002,0.0,-0.7971913773815327,0.09,follow,0
1786427162.5109472,10.954123802650582,0.9455645161290323,8.320412660997775,0.0,-0.82,0.09,follow,0
1786427162.5907354,11.084320924927484,0.9516129032258064,5.467193417289851,0.0,-0.82,0.09,follow,0
1786427162.6752052,11.363614591341982,0.9637096774193549,7.173261304251925,0.0,-0.82,0.09,follow,0
1786427162.7556944,11.444271187265688,0.969758064516129,8.216774270775884,0.0,-0.82,0.09,follow,0
1786427162.8390434,11.675039423191096,0.9818548387096775,6.98377178054397,0.0,-0.82,0.09,follow,0
1786427162.9256105,11.718286129426385,0.9758064516129032,6.700191312325048,0.0,-0.82,0.09,follow,0
1786427163.009455,11.705489073794377,0.969758064516129,5.1059073845577965,0.0,-0.82,0.09,follow,0
1786427163.0915315,11.736022620554907,0.9758064516129032,4.42475276403356,0.0,-0.82,0.09,follow,0
1786427163.1795669,11.83891945465798,0.9516129032258064,3.8076795978940474,0.0,-0.82,0.09,follow,0
1786427163.2706492,11.706589987110384,0.0,3.424579797897973,0.0,-0.82,0.05499999999999999,slow:lane_dropout,0
1786427163.3463311,11.57734267544245,0.0,3.442589124156264,0.0,-0.82,0.01999999999999999,slow:lane_dropout,0
1786427163.4121876,11.930812500641252,0.1549193548387097,87.12531328320767,0.0,-0.6599999999999999,0.02799999999999999,follow,0
1786427163.4820423,12.576328034530725,0.0,3.4732988986596354,0.0,-0.6599999999999999,0.0,slow:lane_dropout,0
1786427163.5509775,12.898304866351072,0.0,4.262286648582531,0.0,-0.6599999999999999,0.0,slow:lane_dropout,0
1786427163.6330395,13.245918092789006,0.0,3.939941643080374,0.0,-0.6599999999999999,0.0,slow:lane_dropout,0
1786427163.7191715,12.997148440001826,0.0,3.477785356325507,0.0,-0.4999999999999999,0.0,stop:lane_lost,0
1786427163.7843273,12.726810304996597,0.32607142857142857,48.46980230559322,0.0,-0.6599999999999999,0.008,follow,0
1786427163.8604436,13.193499974956694,0.0,28.431684319919718,0.0,-0.6599999999999999,0.0,slow:lane_dropout,0
1786427163.9375246,13.167008882763465,0.2794470046082949,43.47483429613348,0.0,-0.51561579486405,0.008,follow,0
1786427164.0166388,13.224020437096105,0.0,15.212305478326392,0.0,-0.51561579486405,0.0,slow:lane_dropout,0
1786427164.1018863,13.111299937717803,0.0,10.55807577096721,0.0,-0.51561579486405,0.0,slow:lane_dropout,0
1786427164.1866174,12.808477613670707,0.0,6.3983121213270495,0.0,-0.51561579486405,0.0,slow:lane_dropout,0
1786427164.2520008,12.629209619960625,0.5100806451612904,44.7384586485536,0.0,-0.35561579486404993,0.008,follow,0
1786427164.337076,13.036188860921087,0.9213709677419355,16.738458648553603,0.0,-0.51561579486405,0.016,follow,0
1786427164.4170494,12.848285080208697,0.0,4.257674224363352,0.0,-0.51561579486405,0.0,slow:lane_dropout,0
1786427164.4965732,12.777710120068338,0.0,4.080133089202045,0.0,-0.51561579486405,0.0,slow:lane_dropout,0
1786427164.574353,12.70528821797874,0.0,3.881343173814848,0.0,-0.51561579486405,0.0,slow:lane_dropout,0
1786427164.6430736,12.79107860298513,0.0,4.494631208343932,0.0,-0.35561579486404993,0.0,stop:lane_lost,0
1786427164.7115123,13.139941205339072,0.0,4.599096376418942,0.0,-0.19561579486404992,0.0,stop:lane_lost,0
1786427164.7855175,13.397983752739579,0.0,4.98699667460523,0.0,-0.03561579486404992,0.0,stop:lane_lost,0
1786427164.8604589,13.279587201073802,0.0,5.432690226885143,0.0,0.0,0.0,stop:lane_lost,0
1786427164.9316628,13.462302784191003,0.0,5.721497561007197,0.0,0.0,0.0,stop:lane_lost,0
1786427165.0105374,13.525163296523855,0.0,6.218027169375674,0.0,0.0,0.0,stop:lane_lost,0
1786427165.0836663,13.33921262028296,0.0,6.613281479156257,0.0,0.0,0.0,stop:lane_lost,0
1786427165.1565306,13.480387226566643,0.0,6.236645102203852,0.0,0.0,0.0,stop:lane_lost,0
1786427165.2338037,13.530515085044305,0.0,6.313508137443776,0.0,0.0,0.0,stop:lane_lost,0
1786427165.307641,13.412584101136511,0.0,5.936575998951085,0.0,0.0,0.0,stop:lane_lost,0
1786427165.379044,13.390086771701114,0.0,5.712528223766867,0.0,0.0,0.0,stop:lane_lost,0
1786427165.4540815,13.56451848806635,0.0,4.972664824506921,0.0,0.0,0.0,stop:lane_lost,0
1786427165.5273287,13.488727788861686,0.0,5.41000702771337,0.0,0.0,0.0,stop:lane_lost,0
1786427165.6012175,13.568839100591358,0.0,5.615384461433713,0.0,0.0,0.0,stop:lane_lost,0
1786427165.6846497,13.548454948464673,0.0,4.900971520012408,0.0,0.0,0.0,stop:lane_lost,0
1786427165.772069,13.156141165165709,0.0,4.384703834523419,0.0,0.0,0.0,stop:lane_lost,0
1786427165.8579776,12.902641792085353,0.0,5.035897360871292,0.0,0.0,0.0,stop:lane_lost,0
1786427165.9481142,12.63927109873256,0.0,4.96051553465519,0.0,0.0,0.0,stop:lane_lost,0
1786427166.0363505,12.34201855465768,0.0,4.562870452991817,0.0,0.0,0.0,stop:lane_lost,0
1786427166.1213982,12.139431966441073,0.0,5.285027444633974,0.0,0.0,0.0,stop:lane_lost,0
1786427166.2118182,12.03002954988949,0.0,4.53853238763144,0.0,0.0,0.0,stop:lane_lost,0
1786427166.296181,11.866852726572379,0.0,4.492552960424452,0.0,0.0,0.0,stop:lane_lost,0
1786427166.3893375,11.864034553841098,0.0,4.630144742955913,0.0,0.0,0.0,stop:lane_lost,0
1786427166.4704392,11.629439886395257,0.0,5.270991672080111,0.0,0.0,0.0,stop:lane_lost,0
1786427166.5530038,11.780016487455988,0.0,4.106231887410319,0.0,0.0,0.0,stop:lane_lost,0
1786427166.6252408,11.846462326527766,0.0,4.881380910573213,0.0,0.0,0.0,stop:lane_lost,0
1786427166.7062962,12.18553847103505,0.0,4.574351922952644,0.0,0.0,0.0,stop:lane_lost,0
1786427166.7686718,12.253854204270217,0.0,223.0,0.0,0.0,0.0,stop:lane_lost,0
1786427166.8337479,13.004961098224307,0.0,223.0,0.0,0.0,0.0,stop:lane_lost,0
1786427166.899292,13.482207405259908,0.0,223.0,0.0,0.0,0.0,stop:lane_lost,0
1786427166.9776995,13.818353871642234,0.0,4.478403627223663,0.0,0.0,0.0,stop:lane_lost,0
1786427167.0479448,13.63180930083493,0.0,4.627227668914259,0.0,0.0,0.0,stop:lane_lost,0
1786427167.1191962,13.752606895907984,0.0,4.657083813864368,0.0,0.0,0.0,stop:lane_lost,0
1786427167.1926165,13.783511946521143,0.0,3.9015953648028727,0.0,0.0,0.0,stop:lane_lost,0
1786427167.259874,13.760985133312738,0.0,3.5635144623888095,0.0,0.0,0.0,stop:lane_lost,0
1786427167.3291085,13.999745768636851,0.0,2.843456033473103,0.0,0.0,0.0,stop:lane_lost,0
1786427167.3931336,14.066295273232015,0.0,209.0174825174854,0.0,0.0,0.0,stop:lane_lost,0
1786427167.4565964,14.386824487105606,0.0,215.42537849682702,0.0,0.0,0.0,stop:lane_lost,0
1786427167.522269,14.600359764715735,0.0,219.92875770507356,0.0,0.0,0.0,stop:lane_lost,0
1786427167.5839689,14.710994431153697,0.0,223.0,0.0,0.0,0.0,stop:lane_lost,0
1786427167.6437507,15.095712088058663,0.0,223.0,0.0,0.0,0.0,stop:lane_lost,0
1786427167.7147448,15.43929891790964,0.0,219.85282783326102,0.0,0.0,0.0,stop:lane_lost,0
1786427167.7912338,15.151319204318433,0.0,216.97147964533121,0.0,0.0,0.0,stop:lane_lost,0
1786427167.8603542,14.733456297422677,0.0,223.0,0.0,0.0,0.0,stop:lane_lost,0
1786427167.9418907,14.701330199922683,0.0,222.3721876238935,0.0,0.0,0.0,stop:lane_lost,0
1786427168.0308785,14.155938917209618,0.0,221.68715137027004,0.0,0.0,0.0,stop:lane_lost,0
1786427168.1053736,13.609863690581355,0.0,70.3592447298329,0.0,0.0,0.0,stop:lane_lost,0
1786427168.1724765,13.54000863195832,0.0,0.0,0.0,0.0,0.0,stop:lane_lost,0
1786427168.2403882,13.855475796728019,0.0,51.11877470355779,0.0,0.0,0.0,stop:lane_lost,0
1786427168.312116,13.995008950946088,0.0,44.09050699300494,0.0,0.0,0.0,stop:lane_lost,0
1786427168.387938,13.905604653958985,0.0,53.14857142857048,0.0,0.0,0.0,stop:lane_lost,0
1786427168.4733791,13.861900795533236,0.0,36.59913057303512,0.0,0.0,0.0,stop:lane_lost,0
1786427168.5637825,13.446919682225827,0.0,33.866816216860805,0.0,0.0,0.0,stop:lane_lost,0
1786427168.6582668,12.95277178503507,0.0,24.925516519659467,0.0,0.0,0.0,stop:lane_lost,0
1786427168.7528124,12.459302857781275,0.0,20.685885104023,0.8020727040816327,-0.16,-0.11,reverse:obstacle,0
1786427168.8476996,12.10835121724029,0.0,16.523702299725397,0.8011160714285714,-0.32,-0.11,reverse:obstacle,0
1786427168.9398,11.788624477024275,0.0,12.84444795906531,0.0,-0.34,-0.11,reverse:obstacle,0
1786427169.0402703,11.606136587836378,0.0,7.606980932500562,0.0,-0.34,0.11,avoid:obstacle,0
1786427169.1449344,11.237052460416432,0.0,4.546516930417923,0.0,-0.34,0.11,avoid:obstacle,0
1786427169.2352173,10.939352765803473,0.0,2.741293565218541,0.0,-0.34,0.11,avoid:obstacle,0
1786427169.3241057,10.977434066637363,0.0,1.940320733769795,0.0,-0.34,0.11,avoid:obstacle,0
1786427169.4131682,11.032067921648217,0.0,2.1120129179731606,0.0,-0.34,0.11,avoid:obstacle,0
1786427169.505022,11.057325579593932,0.7399193548387096,3.8447554583193266,0.0,-0.5,0.09,follow,0
1786427169.5906134,11.024649637308478,0.7459677419354839,2.6609195201246436,0.0,-0.66,0.09,follow,0
1786427169.6723971,11.167743213501847,0.7278225806451613,30.660919520124644,0.0,-0.5,0.09328064948016201,follow,0
1786427169.7573087,11.379608738792642,0.6612903225806451,58.660919520124644,0.0,-0.33999999999999997,0.09,follow,0
1786427169.8353918,11.441497910258033,0.5403225806451613,86.66091952012465,0.0,-0.17999999999999997,0.09,follow,0
1786427169.9177623,11.727422080060965,0.5253225806451612,114.66091952012465,0.0,-0.019999999999999962,0.09,follow,0
1786427169.9999328,11.800154887560264,0.5260829493087558,142.66091952012465,0.0,0.14000000000000004,0.09,follow,0
1786427170.0916655,11.882397864910383,0.842741935483871,114.66091952012465,0.0,-0.019999999999999962,0.098,follow,0
1786427170.1823046,11.678327296379342,0.5826612903225806,142.66091952012465,0.0,0.14000000000000004,0.09,follow,0
1786427170.2721965,11.519352645645082,0.8245967741935484,170.66091952012465,0.0,0.30000000000000004,0.09,follow,0
1786427170.3594866,11.478328388117166,0.5282258064516129,198.66091952012465,0.0,0.4600000000000001,0.09,follow,0
1786427170.4432793,11.479630616377278,0.5100806451612904,207.14996942932396,0.0,0.6200000000000001,0.09,follow,0
1786427170.5377162,11.56203722552905,0.48588709677419356,179.14996942932396,0.0,0.4600000000000001,0.09,follow,0
1786427170.6246603,11.378050016041112,0.44993087557603684,207.14996942932396,0.0,0.6200000000000001,0.09,follow,0
1786427170.7229064,11.405342478248489,0.7399193548387096,179.14996942932396,0.0,0.4600000000000001,0.09,follow,0
1786427170.817315,11.155915168765361,0.5403225806451613,151.14996942932396,0.0,0.30000000000000004,0.09,follow,0
1786427170.908447,10.954889946591749,0.5403225806451613,123.14996942932396,0.0,0.14000000000000004,0.09,follow,0
1786427170.999657,11.028737536651786,0.5403225806451613,119.19750408257607,0.0,-0.019999999999999962,0.09,follow,0
1786427171.0955565,11.045969002999039,0.7096774193548387,105.60641634325657,0.0,-0.17999999999999997,0.09,follow,0
1786427171.1910763,10.917510780694599,0.7096774193548387,105.49798654403708,0.0,-0.33999999999999997,0.09,follow,0
1786427171.2855046,10.835458668157552,0.7096774193548387,106.27914016992781,0.0,-0.45641575911204174,0.09,follow,0
1786427171.3794909,10.712541130060583,0.5403225806451613,120.31128006475501,0.0,-0.29641575911204177,0.09,follow,0
1786427171.4744108,10.768359390655664,0.5403225806451613,120.5284511931506,0.0,-0.34428114811336563,0.09,follow,0
1786427171.5689933,10.706977196960914,0.5403225806451613,119.47490241933968,0.0,-0.3647797698265316,0.09,follow,0
1786427171.6619072,10.696396070625957,0.7096774193548387,105.14680330338047,0.0,-0.5247797698265316,0.09,follow,0
1786427171.7492597,10.694230772848869,0.5403225806451613,120.55243668466454,0.0,-0.3647797698265316,0.09,follow,0
1786427171.8456562,10.87519373510484,0.7096774193548387,106.14462116830407,0.0,-0.5247797698265316,0.09,follow,0
1786427171.94391,10.761676691670807,0.5403225806451613,121.11539190375521,0.0,-0.3647797698265316,0.09,follow,0
1786427172.037617,10.638478937094671,0.5403225806451613,119.66969772414069,0.0,-0.3662041255659282,0.09,follow,0
1786427172.14385,10.62534465777693,0.7096774193548387,106.16222657143521,0.0,-0.5262041255659282,0.09,follow,0
1786427172.2375963,10.414638964843986,0.7096774193548387,105.82590123247815,0.0,-0.469913095055586,0.09,follow,0
1786427172.328698,10.452584178336362,0.5403225806451613,120.38622201193152,0.0,-0.30991309505558595,0.09,follow,0
1786427172.417201,10.558760210583321,0.3525921658986175,104.11660561660699,0.0,-0.469913095055586,0.09,follow,0
1786427172.5076165,10.643959952761268,0.3433064516129032,120.0708180708175,0.0,-0.30991309505558595,0.09,follow,0
1786427172.6100035,10.804555812782086,0.7096774193548387,105.64899542136175,0.0,-0.469913095055586,0.09,follow,0
1786427172.7100675,10.591701658164258,0.7096774193548387,105.13413098281285,0.0,-0.4772794793634127,0.09,follow,0
1786427172.8068285,10.431333646472291,0.7096774193548387,106.0291334199211,0.0,-0.45773580241013745,0.09,follow,0
1786427172.9018474,10.455062016722765,0.7096774193548387,104.98994501231152,0.0,-0.48400257734301155,0.09,follow,0
1786427172.9981015,10.471929715489715,0.5403225806451613,120.32417133134487,0.0,-0.3240025773430115,0.09,follow,0
1786427173.0910337,10.438622861915153,0.7096774193548387,105.2510909431943,0.0,-0.48400257734301155,0.09,follow,0
1786427173.1844318,10.502685117183491,0.7096774193548387,106.2679668482283,0.0,-0.45401851946143057,0.09,follow,0
1786427173.2913296,10.55588889649888,0.7096774193548387,105.259287405338,0.0,-0.4818825488496559,0.09,follow,0
1786427173.3874958,10.316527537698075,0.6794354838709677,77.259287405338,0.0,-0.5122936124512093,0.098,follow,1
1786427173.4943883,10.328112246156923,0.7096774193548387,105.259287405338,0.0,-0.35229361245120927,0.09,follow,1
1786427173.5925024,10.143859680279796,0.7096774193548387,105.79442246942028,0.0,-0.46419052523525217,0.09,follow,1
1786427173.6784117,10.151074481676948,0.3415437788018433,99.38534798531248,0.0,-0.5798058887546825,0.09,follow,1
1786427173.770731,10.438283057238886,0.5403225806451613,120.04333230285613,0.0,-0.4198058887546825,0.09,follow,1
1786427173.8652225,10.499371680117516,0.5403225806451613,120.03420644622321,0.0,-0.3517667828609929,0.09,follow,1
1786427173.9661326,10.534684976852526,0.7096774193548387,105.20875173901265,0.0,-0.5117667828609929,0.09,follow,1
1786427174.0629325,10.411793123732012,0.5403225806451613,120.00067574902283,0.0,-0.35176678286099283,0.09,follow,1
1786427174.1551397,10.401347791591963,0.7096774193548387,106.39635464108994,0.0,-0.5117667828609929,0.09,follow,1
1786427174.2473862,10.487997591629771,0.7096774193548387,105.91232465969131,0.0,-0.4725293000165786,0.09,follow,1
1786427174.3375573,10.555996349294507,0.3483064516129032,133.9123246596913,0.0,-0.31252930001657864,0.09,follow,1
1786427174.4290702,10.662931132690895,0.5403225806451613,120.19223024316102,0.0,-0.47252930001657867,0.09,follow,1
1786427174.517603,10.7136298187949,0.5403225806451613,120.2335305792065,0.0,-0.3491779343705452,0.09,follow,1
1786427174.6152687,10.799564976378157,0.5403225806451613,120.56297622194114,0.0,-0.3434593186137329,0.09,follow,1
1786427174.712753,10.718124913723473,0.5403225806451613,120.2091296324266,0.0,-0.3527859445336157,0.09,follow,1
1786427174.8073595,10.630682085788223,0.5403225806451613,120.21819177254594,0.0,-0.34920227098774204,0.09,follow,1
1786427174.9114728,10.544226746132914,0.6915322580645161,100.55871569041403,0.0,-0.5092022709877421,0.09,follow,1
1786427174.996134,10.393636336417776,0.3412096774193548,120.27441471571927,0.0,-0.34920227098774204,0.09,follow,1
1786427175.077306,10.696202003324906,0.4167857142857143,117.58120133481611,0.0,-0.2903007416055352,0.09,follow,1
1786427175.1654656,10.990614002014208,0.4495967741935484,114.89218561324793,0.0,-0.40582611626987136,0.09,follow,1
1786427175.2543166,11.038538444835652,0.4616935483870968,112.44757568875224,0.0,-0.43754377242489373,0.09,follow,1
1786427175.3365386,11.15096089753051,0.4616935483870968,110.8352218528689,0.0,-0.44299425751902743,0.09,follow,1
1786427175.425002,11.338223310691122,0.48588709677419356,108.59487348511686,0.0,-0.4689254145850759,0.09,follow,1
1786427175.508284,11.33352631011254,0.49193548387096775,105.75199960501627,0.0,-0.49691787125647824,0.09,follow,1
1786427175.6083617,11.46334007541298,0.7701612903225807,100.97900415542769,0.0,-0.5586339482817907,0.098,follow,1
1786427175.7058825,11.166588256133835,0.5161290322580645,103.19744790093623,0.0,-0.46973637482714464,0.09979846609049348,follow,1
1786427175.7964587,10.9797326817583,0.5282258064516129,97.90257337482117,0.0,-0.5816170279752162,0.09,follow,1
1786427175.8817053,11.016165844110258,0.5403225806451613,93.57615468481563,0.0,-0.6121932948413602,0.09,follow,1
1786427175.9776766,11.084833518243432,0.5524193548387096,95.33559331424874,0.0,-0.5370407663331151,0.09588355204441243,follow,1
1786427176.0604625,11.009439709734263,0.5766129032258065,87.62025479761272,0.0,-0.6924315034602193,0.09,follow,1
1786427176.146742,11.209351743957033,0.5826612903225806,85.54125773266836,0.0,-0.658430876530012,0.09,follow,1
1786427176.2445343,11.303575731141846,0.6068548387096775,84.53549836640488,0.8009566326530613,-0.49843087653001195,-0.11,reverse:obstacle,1
1786427176.3399534,11.088282701132455,0.6431451612903225,82.34602794593343,0.8013392857142858,-0.34,-0.11,reverse:obstacle,1
1786427176.427631,10.956795837479707,0.6310483870967742,82.09147720889203,0.0,-0.34,-0.11,reverse:obstacle,1
1786427176.518029,11.044499010862351,0.6189516129032258,89.07161807619303,0.0,-0.34,0.11,avoid:obstacle,1
1786427176.6128535,11.06042266977769,0.6008064516129032,91.0682272601434,0.0,-0.48823722886634907,0.09,follow,1
1786427176.704758,10.949585853568315,0.5705645161290323,96.80012754541087,0.0,-0.3768723206698972,0.09,follow,1
1786427176.792511,10.94090106495573,0.5403225806451613,96.50809600898712,0.0,-0.4088331946131313,0.09,follow,1
1786427176.8757527,11.031053003026814,0.5100806451612904,106.96663744650081,0.0,-0.24883319461313128,0.09,follow,1
1786427176.9528792,11.226890282746835,0.4737903225806452,102.39098004887597,0.0,-0.3195835567131702,0.09,follow,1
1786427177.0321097,11.541095845458353,0.45564516129032256,130.39098004887597,0.0,-0.15958355671317018,0.09,follow,1
1786427177.1224859,11.78164811880156,0.4254032258064516,158.39098004887597,0.0,0.00041644328682982623,0.09,follow,1
1786427177.212669,11.6390204244972,0.594758064516129,130.39098004887597,0.0,-0.15958355671317018,0.09,follow,1
1786427177.3028,11.529354255212777,0.6068548387096775,102.39098004887597,0.0,-0.3195835567131702,0.09,follow,1
1786427177.3964012,11.440174391265097,0.625,74.39098004887597,0.0,-0.4795835567131702,0.09786129098361004,follow,1
1786427177.4850125,11.290210240907987,0.625,69.53305129561076,0.0,-0.6395835567131702,0.09029243240261098,follow,1
1786427177.5764687,11.253980614010242,0.625,69.45001699780923,0.0,-0.6151571578205421,0.09255840836188285,follow,1
1786427177.665531,11.227386821904979,0.625,69.31593969555044,0.0,-0.6156498149589968,0.09251270579079125,follow,1
1786427177.7450457,11.223844290302509,0.625,69.26424274760147,0.0,-0.6175611969400912,0.09233539166286009,follow,1
1786427177.8310237,11.496436792486135,0.625,69.26852525118987,0.0,-0.6156328837691623,0.09251427645494426,follow,1
1786427177.9200053,11.499734351516246,0.6370967741935484,68.76321363448372,0.0,-0.6237802676749138,0.09,follow,1
1786427178.0063398,11.468080910450311,0.655241935483871,67.02648998137033,0.0,-0.6493230200645288,0.09085236417363438,follow,1
1786427178.0918145,11.50265973917653,0.6612903225806451,65.54810293535132,0.0,-0.6574488568208958,0.09037642876234372,follow,1
1786427178.176293,11.529773781624133,0.6673387096774193,66.66572974511573,0.0,-0.5964901972219088,0.09645124383124447,follow,1
1786427178.2601562,11.590760857625725,0.6491935483870968,65.76097031809287,0.0,-0.616528537962026,0.09,follow,1
1786427178.344036,11.672032920283607,0.6310483870967742,65.8832270485991,0.0,-0.5861093254072263,0.09,follow,1
1786427178.4218345,11.722282229693588,0.6068548387096775,64.98707767685023,0.0,-0.5855387628201032,0.09,follow,1
1786427178.5003562,11.940135322488356,0.5766129032258065,65.86700385568332,0.0,-0.5300993104366538,0.09,follow,1
1786427178.5783384,11.987824618703547,0.5463709677419355,61.60565937013136,0.0,-0.628570456224173,0.09,follow,1
1786427178.6529562,12.24800011008098,0.5282258064516129,66.89909560451909,0.0,-0.4685704562241729,0.09,follow,1
1786427178.7293355,12.518053878325391,0.5100806451612904,68.22609409875488,0.0,-0.4535305117868727,0.09,follow,1
1786427178.802515,12.626174301850224,0.4798387096774194,71.43905241273693,0.0,-0.37304451998533816,0.09,follow,1
1786427178.8730597,12.830442954793453,0.45564516129032256,75.4105805958746,0.0,-0.2941497160148575,0.09,follow,1
1786427178.9483151,13.095889584957302,0.4314516129032258,87.64457035595314,0.0,-0.1341497160148575,0.09,follow,1
1786427179.0204542,13.08851391129953,0.397258064516129,115.64457035595314,0.0,0.025850283985142497,0.09,follow,1
1786427179.1058962,13.305429461007865,0.8185483870967742,87.64457035595314,0.0,-0.1341497160148575,0.09123882287669875,follow,1
1786427179.1964562,12.970408975094404,0.842741935483871,59.644570355953135,0.0,-0.2941497160148575,0.09818726245902418,follow,1
1786427179.2906177,12.601926947757931,0.8790322580645161,54.77844627571603,0.0,-0.45414971601485754,0.10618726245902418,follow,1
1786427179.3862886,12.202086703731624,0.9213709677419355,54.596126026338325,0.0,-0.5764098025750023,0.11157981262764455,follow,1
1786427179.4763174,11.849506487220847,0.9455645161290323,54.40759841318284,0.0,-0.5714729128776392,0.11337661280488633,follow,1
1786427179.5699697,11.654478865477564,0.969758064516129,54.26686780544757,0.0,-0.5682591162659927,0.11499572938335063,follow,1
1786427179.664521,11.500328294311254,1.0,54.00483245595773,0.0,-0.5677799910514886,0.11663575299865386,follow,1
1786427179.7587671,11.315089776312252,1.0,53.43149579246645,0.0,-0.5747580419815127,0.11452132107157109,follow,1
1786427179.853228,11.152216307831253,1.0,53.169163298735846,0.0,-0.5695823418851345,0.11643461064561898,follow,1
1786427179.9437675,11.061953015071909,1.0,52.851148187729535,0.0,-0.568276762549371,0.1165803132994902,follow,1
1786427180.0372353,11.068313029175828,1.0,52.58675539738024,0.0,-0.5663770584445044,0.11633322990803657,follow,1
1786427180.1395535,10.994845896784778,1.0,52.10425099269052,0.0,-0.5648869997312915,0.11695861082998786,follow,1
1786427180.2341433,10.724520541100572,1.0,51.67053095259594,0.0,-0.5638397266474311,0.11707548650614669,follow,1
1786427180.3315077,10.713587863516835,1.0,51.1219072721142,0.0,-0.5624335449625146,0.11723241638218335,follow,1
1786427180.4217813,10.634714506734268,1.0,49.71091417626503,0.0,-0.5748092801039137,0.11585128434040323,follow,1
1786427180.5125003,10.688664596855546,1.0,48.86677919062794,0.0,-0.5660648576513494,0.11675714994002398,follow,1
1786427180.6060765,10.774799116852673,1.0,48.209616651035475,0.0,-0.5664236533578106,0.11312903318672517,follow,1
1786427180.7015414,10.706674510198372,1.0,47.839513175375075,0.0,-0.5584814609008838,0.1158125805677726,follow,1
1786427180.793429,10.712501327169758,1.0,47.80629266265847,0.0,-0.5504121486841858,0.11857400420684486,follow,1
1786427180.8885381,10.762485977654892,1.0,47.27806871537103,0.0,-0.5532776535666527,0.11825421386196154,follow,1
1786427180.9873967,10.711575821836067,1.0,46.955526078969356,0.0,-0.5476200163850269,0.11888560617143099,follow,1
1786427181.0797396,10.582434423690172,1.0,46.849454209099825,0.0,-0.5419583843181962,0.1195174443100893,follow,1
1786427181.17785,10.605149862295587,1.0,46.61412975086466,0.0,-0.540556728264073,0.11834197520991595,follow,1
1786427181.2723863,10.547992963949548,1.0,46.688647833032725,0.0,-0.5304064219714174,0.1208066433079898,follow,1
1786427181.369413,10.564693250054118,1.0,46.67985226370286,0.0,-0.5213696614245168,0.12181514578502392,follow,1
1786427181.4778285,10.50236966512236,1.0,46.581297315175355,0.0,-0.519749461115489,0.12160912275089948,follow,1
1786427181.5723104,10.248151667692769,1.0,46.71148313762058,0.0,-0.5123021749736355,0.12181655337864834,follow,1
1786427181.6612027,10.293446850537578,1.0,47.056631542774646,0.0,-0.5020885163596679,0.12396692157426105,follow,1
1786427181.766819,10.50775849480356,1.0,47.0198019409748,0.0,-0.5026856768303071,0.12390027846573773,follow,1
1786427181.8698423,10.274058911033976,1.0,47.58217369089234,0.0,-0.48539503306017545,0.12501245901639335,follow,1
1786427181.9648929,10.180707107835907,1.0,47.731186563162815,0.0,-0.4834052822340595,0.12326380807676922,follow,1
1786427182.0595574,10.239202070272734,1.0,48.27824978948519,0.0,-0.47121967925075403,0.12413759616153527,follow,1
1786427182.1412833,10.323653975993963,0.564516129032258,43.71117561683592,0.0,-0.5817750756999822,0.09252312890905348,follow,1
1786427182.244816,10.704457464047994,1.0,48.22990590491919,0.0,-0.4217750756999822,0.10052312890905349,follow,1
1786427182.3430526,10.505105422314315,1.0,48.55945457577341,0.0,-0.46127567552381854,0.1085231289090535,follow,1
1786427182.442296,10.436663430215123,1.0,48.961414698636716,0.0,-0.45236948340309957,0.1165231289090535,follow,1
1786427182.5427423,10.364361767345581,1.0,49.27278648356329,0.0,-0.44833786006860676,0.12346893562574966,follow,1
1786427182.6378362,10.28607658298409,1.0,21.272786483563287,0.0,-0.6083378600686068,0.1121094948163435,follow,1
1786427182.7355275,10.300537686543437,0.8669354838709677,49.27278648356329,0.0,-0.44833786006860676,0.10242929971329198,follow,1
1786427182.8329754,10.307722179296244,0.8911290322580645,50.07567531314669,0.0,-0.4301557122239324,0.11042929971329199,follow,1
1786427182.9201212,10.30500589615499,0.752016129032258,48.084090821165255,0.0,-0.46774709147338284,0.09590933383229608,follow,1
1786427183.0174277,10.46858850786121,0.969758064516129,51.058072368128585,0.0,-0.3869015765179277,0.10390933383229609,follow,1
1786427183.1149106,10.463017905952437,0.9576612903225807,51.73719736551254,0.0,-0.4024580009731386,0.11190933383229609,follow,1
1786427183.2078195,10.430582356191081,0.9516129032258064,52.44390491315109,0.0,-0.39177114231243637,0.1199093338322961,follow,1
1786427183.3059452,10.510230404230162,0.9455645161290323,52.6008771025616,0.0,-0.3947131283040175,0.12702837132427544,follow,1
1786427183.391604,10.454799190160577,0.6612903225806451,50.200632111141985,0.0,-0.45190549645946865,0.10981877521893112,follow,1
1786427183.4878209,10.692164299371195,0.9213709677419355,53.378555965975806,0.0,-0.351095238315014,0.11781877521893111,follow,1
1786427183.5877264,10.638572547316897,1.0,25.378555965975806,0.0,-0.511095238315014,0.12296177140404442,follow,1
1786427183.6837661,10.500267990875948,1.0,3.1514758152038844,0.0,-0.671095238315014,0.10510577140404444,follow,1
1786427183.7814355,10.473537377111853,1.0,3.483628253767634,0.0,-0.82,0.09,follow,1
1786427183.8761387,10.392610788309117,1.0,4.003398577896034,0.0,-0.82,0.09,follow,1
1786427183.9698253,10.476273887281067,0.9758064516129032,3.40652147675656,0.0,-0.82,0.09,follow,1
1786427184.065977,10.510391991305127,1.0,31.40652147675656,0.0,-0.6599999999999999,0.098,follow,1
1786427184.152115,10.495568552306482,0.8125,59.250547332860464,0.0,-0.4999999999999999,0.09,follow,1
1786427184.2479897,10.725348899438018,0.8548387096774193,60.43477188715272,0.0,-0.33999999999999986,0.098,follow,1
1786427184.338615,10.659565879287133,0.9032258064516129,60.88559246979547,0.0,-0.3027163164036095,0.09915264523554584,follow,1
1786427184.4325774,10.723347131081619,0.9092741935483871,61.911733297997614,0.0,-0.2828720307555076,0.10715264523554585,follow,1
1786427184.5287347,10.713746741164893,0.9455645161290323,62.87970208045628,0.0,-0.27319380135077176,0.10992951651284986,follow,1
1786427184.6280553,10.65449688533938,0.9637096774193549,64.12621435302533,0.0,-0.2544714251950492,0.11792951651284986,follow,1
1786427184.7240798,10.536571872843783,0.9576612903225807,65.20365915669355,0.0,-0.24487802096287317,0.12407802391167097,follow,1
1786427184.810878,10.509969524584427,0.752016129032258,65.03325551985918,0.0,-0.2628080782864507,0.13207802391167098,follow,1
1786427184.9075723,10.662515671555187,0.9334677419354839,67.49646282170178,0.0,-0.20693813497372532,0.12706417750500132,follow,1
1786427184.9999003,10.636715482434386,1.0,68.24971644890435,0.0,-0.21826431319432668,0.12370139304278255,follow,1
1786427185.0873737,10.691863235253377,0.7096774193548387,67.29685193895739,0.0,-0.2552667763578971,0.13170139304278256,follow,1
1786427185.1751132,10.832520596110367,0.6975806451612904,69.43312028683334,0.0,-0.20053966325198103,0.13501328399718673,follow,1
1786427185.2726297,10.947684465646145,0.9576612903225807,71.96276428470324,0.0,-0.16807030210171423,0.13048510076437878,follow,1
1786427185.3689566,10.813740972676468,0.9516129032258064,72.82846930425555,0.0,-0.1788618401921211,0.1352749589273467,follow,1
1786427185.4512632,10.713821444134918,0.6491935483870968,71.58186353812997,0.0,-0.22484987823201605,0.13045272373841438,follow,1
1786427185.5380282,10.957095632887965,0.655241935483871,73.79265441967283,0.0,-0.16377654621054524,0.1350907587433079,follow,1
1786427185.632732,11.113885434026502,0.6129032258064516,68.74650353221944,0.0,-0.31887155023331837,0.10009075874330789,follow,1
1786427185.7187774,10.959391430897368,0.594758064516129,73.052672926139,0.0,-0.1693993018813128,0.1080907587433079,follow,1
1786427185.8073957,11.160360025679825,0.5584677419354839,67.33768950250655,0.0,-0.32939930188131283,0.09,follow,1
1786427185.8964105,11.16979107926257,0.5403225806451613,74.65321791991488,0.0,-0.16939930188131283,0.098,follow,1
1786427185.9769907,11.201123572842183,0.49798387096774194,63.707183060841444,0.0,-0.32939930188131283,0.09,follow,1
1786427186.0579531,11.426854521725026,0.45564516129032256,49.72745416348343,0.0,-0.48939930188131286,0.09,follow,1
1786427186.1347847,11.613263308656673,0.407258064516129,21.72745416348343,0.0,-0.6493993018813129,0.09,follow,1
1786427186.2201586,11.848981901818158,0.6189516129032258,49.72745416348343,0.0,-0.48939930188131286,0.098,follow,1
1786427186.3064427,11.857761563371966,0.6673387096774193,77.72745416348343,0.0,-0.32939930188131283,0.10600000000000001,follow,1
1786427186.3955443,11.817778794391167,0.685483870967742,87.25756757315457,0.0,-0.16939930188131283,0.10646657388743712,follow,1
1786427186.4865978,11.699058457716225,0.7338709677419355,89.04062311162313,0.0,-0.042691875792684686,0.09084452993410737,follow,1
1786427186.573678,11.542401483224538,0.7217741935483871,87.8311696631151,0.0,-0.08742682261280385,0.09884452993410736,follow,1
1786427186.6613052,11.493571784272396,0.6975806451612904,89.20960424014497,0.0,-0.050315356007302164,0.10684452993410737,follow,1
1786427186.7516925,11.49097259002046,0.6612903225806451,89.9915367155653,0.0,-0.054224773859841285,0.11484452993410738,follow,1
1786427186.838388,11.423842697440907,0.6431451612903225,91.67049955641397,0.0,-0.029996330135291183,0.12284452993410738,follow,1
1786427186.9293396,11.46384123607687,0.6189516129032258,91.78096962417911,0.0,-0.05504796056769422,0.1286216518253321,follow,1
1786427187.0167348,11.370802560685085,0.594758064516129,92.89690427386135,0.0,-0.03493453726297768,0.13026269611532612,follow,1
1786427187.098903,11.368728541242929,0.5766129032258065,90.80152080623786,0.0,-0.1062187819266887,0.09526269611532612,follow,1
1786427187.1859462,11.471849521605382,0.5584677419354839,92.04840897171644,0.0,-0.059075562458110104,0.10196622086511548,follow,1
1786427187.267076,11.512600960823129,0.5463709677419355,93.8763218053183,0.0,-0.03200746756809243,0.10996622086511548,follow,1
1786427187.3446105,11.710948663565272,0.5403225806451613,91.72339304593315,0.0,-0.10811233040607193,0.09,follow,1
1786427187.4211252,11.951195903536727,0.5221774193548387,89.78568711011332,0.0,-0.14242272544210838,0.09,follow,1
1786427187.4996254,12.160048358508943,0.48588709677419356,82.73215701136114,0.0,-0.30242272544210835,0.09,follow,1
1786427187.5788352,12.271566426772488,0.4616935483870968,68.39104949104808,0.0,-0.4624227254421084,0.09,follow,1
1786427187.6556926,12.317070904700012,0.41330645161290325,40.39104949104808,0.0,-0.6224227254421084,0.09,follow,1
1786427187.7442586,12.454695505792536,0.6310483870967742,68.39104949104808,0.0,-0.4624227254421084,0.098,follow,1
1786427187.8318338,12.245504412535906,0.6431451612903225,96.39104949104808,0.0,-0.30242272544210835,0.10600000000000001,follow,1
1786427187.9228435,12.092774103719531,0.6733870967741936,108.27466654144817,0.0,-0.14242272544210835,0.11239875237482098,follow,1
1786427188.0126548,11.832923294656098,0.7096774193548387,109.30316969659088,0.0,0.017577274557891653,0.11202311858783076,follow,1
1786427188.1046786,11.691714066597212,0.7157258064516129,110.91131360311915,0.0,0.11599333761114439,0.10565228085802818,follow,1
1786427188.201175,11.55390385255523,0.7399193548387096,111.94398755531203,0.0,0.11921736211865282,0.11365228085802817,follow,1
1786427188.3015475,11.296337977199546,0.7278225806451613,111.76155788655797,0.0,0.10153783398232522,0.12165228085802818,follow,1
1786427188.395619,11.04595658946629,0.7096774193548387,112.74749613828575,0.0,0.11976392319313546,0.12965228085802818,follow,1
1786427188.4851437,10.946354842373985,0.6975806451612904,114.36917204154409,0.0,0.13953877703710718,0.1376522808580282,follow,1
1786427188.5787523,10.996828464146695,0.6733870967741936,115.25347301198494,0.0,0.13613257521138628,0.14058487401002373,follow,1
1786427188.6680322,10.930162573405632,0.6612903225806451,114.6214958935023,0.0,0.10417159546302773,0.13379928235833777,follow,1
1786427188.762082,11.010724519210054,0.6310483870967742,118.61655672570865,0.0,0.19747679034418036,0.1317355076315179,follow,1
1786427188.8522315,10.941677477447051,0.6189516129032258,117.83554187479125,0.0,0.1309953887459181,0.1370227557690059,follow,1
1786427188.9398336,10.97194398804145,0.5887096774193548,120.44158692185007,0.0,0.18737285376680296,0.12964485968514583,follow,1
1786427189.0235639,11.042771135786596,0.564516129032258,121.20670053217212,0.0,0.16390504937218747,0.12811872987003586,follow,1
1786427189.1072402,11.215123202066525,0.5463709677419355,125.14546231258542,0.0,0.24057201324946698,0.12188874288529568,follow,1
1786427189.1913378,11.343276298723522,0.5100806451612904,120.71801681018835,0.0,0.08057201324946697,0.09,follow,1
1786427189.2788947,11.395559100879032,0.467741935483871,110.32461220619128,0.0,-0.07942798675053303,0.09,follow,1
1786427189.3535962,11.486100281609607,0.4254032258064516,82.32461220619128,0.0,-0.23942798675053303,0.09,follow,1
1786427189.4309216,11.772818691173223,0.3013018433179724,54.324612206191276,0.0,-0.39942798675053304,0.09,follow,1
1786427189.5186934,12.107790525396956,0.6612903225806451,82.32461220619128,0.0,-0.23942798675053303,0.098,follow,1
1786427189.6023061,11.946069224395732,0.6733870967741936,110.32461220619128,0.0,-0.07942798675053303,0.10600000000000001,follow,1
1786427189.7067595,11.901270827219932,0.7096774193548387,138.32461220619126,0.0,0.08057201324946697,0.10571989241428906,follow,1
1786427189.795696,11.474648900231633,0.7036290322580645,142.35919062912592,0.0,0.24057201324946698,0.11371989241428906,follow,1
1786427189.887676,11.436548924755687,0.685483870967742,143.5327770491889,0.0,0.3235719774441699,0.12171989241428907,follow,1
1786427189.9855375,11.330441976512837,0.6491935483870968,145.61676890383532,0.0,0.3520727638723534,0.11849599888872138,follow,1
1786427190.0719497,11.077908551389106,0.6189516129032258,143.22672900690588,0.0,0.26093382621973604,0.09164355540069967,follow,1
1786427190.1561573,11.1634823801534,0.5887096774193548,146.74051606288435,0.0,0.3598389200704489,0.09964355540069966,follow,1
1786427190.2353745,11.351358593476425,0.564516129032258,139.13830430575723,0.0,0.19983892007044887,0.09,follow,1
1786427190.3173947,11.616738999446433,0.5403225806451613,150.49626279050048,0.0,0.3598389200704489,0.098,follow,1
1786427190.4005003,11.729368865021552,0.5040322580645161,144.11324041811798,0.0,0.19983892007044887,0.09,follow,1
1786427190.482518,11.736632713914256,0.49193548387096775,148.28577741257476,0.0,0.3521192763408421,0.098,follow,1
1786427190.561014,11.845592352163123,0.467741935483871,139.35992007044666,0.0,0.1921192763408421,0.09,follow,1
1786427190.6395838,12.05404674250379,0.45564516129032256,139.42587853323118,0.0,0.16689884282414819,0.09,follow,1
1786427190.7136683,12.194164485058547,0.42254608294930873,111.42587853323118,0.0,0.0068988428241481825,0.09,follow,1
1786427190.804208,12.458978959781328,0.752016129032258,139.42587853323118,0.0,0.16689884282414819,0.098,follow,1
1786427190.8999813,12.182559606088233,0.6068548387096775,163.12217312834923,0.0,0.34324378496535557,0.09,follow,1
1786427191.0119727,11.823496385049275,0.6431451612903225,165.05872081898193,0.0,0.9669431349022463,0.09,follow,1
1786427191.1124206,11.214217631580457,0.939516129032258,165.9654240133244,0.0,0.9629473673258541,0.098,follow,1
1786427191.1982055,10.98445196492896,0.7096774193548387,167.21117602170247,0.0,0.9917803179469873,0.10600000000000001,follow,1
1786427191.2855093,11.154872773026566,0.7036290322580645,167.5394600516303,0.0,0.9759846710981878,0.10879716288985318,follow,1
1786427191.374101,11.215413520972227,0.685483870967742,166.23948615796962,0.0,0.8902073563341871,0.11188103566158869,follow,1
1786427191.4547136,11.230483867036927,0.6612903225806451,166.19576830201146,0.0,0.9043905657189755,0.1097913643233533,follow,1
1786427191.5379558,11.453531614355095,0.6431451612903225,168.59718909821535,0.0,1.0,0.10345362815479808,follow,1
1786427191.625368,11.562728076224293,0.6431451612903225,169.17748669241203,0.0,0.9840662336003814,0.10500171072407026,follow,1
1786427191.721763,11.535255855405534,1.0,172.14423552053836,0.0,1.0,0.11300171072407025,follow,1
1786427191.8032532,11.305528644008138,0.6008064516129032,171.53559014426767,0.0,1.0,0.10157640645280362,follow,1
1786427191.882905,11.455497889137485,0.594758064516129,171.83081308552752,0.0,1.0,0.10034979657584821,follow,1
1786427191.961415,11.732295865878548,0.5584677419354839,170.80844970789482,0.0,0.9449817896595691,0.10198279821300217,follow,1
1786427192.0331125,11.936047181328494,0.5463709677419355,167.00739189292733,0.0,0.7450901839228137,0.09,follow,1
1786427192.1030834,12.339496350282644,0.5040322580645161,165.21602787456516,0.0,0.7249046157240924,0.09,follow,1
1786427192.175248,12.722142959762778,0.48588709677419356,166.7711014707795,0.0,0.8413657554279032,0.09,follow,1
1786427192.2443473,12.923366339606453,0.45564516129032256,148.45387700534718,0.0,0.5213657554279032,0.09,follow,1
1786427192.3174028,13.142373940169739,0.4314516129032258,124.94135150166761,0.0,0.2013657554279032,0.09,follow,1
1786427192.4145668,13.36720284841213,0.8064516129032258,152.9413515016676,0.0,0.5213657554279032,0.09,follow,1
1786427192.4969628,12.75351048664053,0.594758064516129,178.78843521054924,0.0,0.8413657554279033,0.09,follow,1
1786427192.5875266,12.613215921641054,0.8850806451612904,178.4334663502092,0.0,1.0,0.09,follow,1
1786427192.685072,12.316061730115564,0.9153225806451613,178.809591576564,0.0,1.0,0.098,follow,1
1786427192.7702687,11.900599434056511,0.6491935483870968,178.25704699712068,0.0,1.0,0.10084262030291266,follow,1
1786427192.8666017,11.841825969993234,0.9637096774193549,178.64414289970804,0.0,1.0,0.10884262030291267,follow,1
1786427192.9681149,11.56039139073609,0.9576612903225807,179.01836882715597,0.0,1.0,0.11567088342200958,follow,1
1786427193.0528998,11.229815294345183,0.655241935483871,177.8522267136231,0.0,1.0,0.10239476889385772,follow,1
1786427193.1390288,11.329350346221771,0.6491935483870968,179.14330196252376,0.0,1.0,0.09825028162895692,follow,1
1786427193.2197595,11.395646081452487,0.6491935483870968,179.06690305414497,0.0,1.0,0.09973661854495422,follow,1
1786427193.3167162,11.591017292923139,0.9516129032258064,179.4497692397883,0.0,1.0,0.10773661854495423,follow,1
1786427193.394437,11.339611943156376,0.6068548387096775,177.99085524361766,0.0,1.0,0.10057361103337403,follow,1
1786427193.4715261,11.630163148739914,0.6008064516129032,178.16816881478957,0.0,1.0,0.09873379243094695,follow,1
1786427193.5476105,11.897734463430439,0.6008064516129032,176.84670398966426,0.0,0.9899331040604351,0.10234989732589866,follow,1
1786427193.6233053,12.162412349127488,0.5584677419354839,178.3239050627509,0.0,1.0,0.09563482815455777,follow,1
1786427193.7025867,12.29812628019322,0.5524193548387096,178.54576553698428,0.8007971938775511,0.7669528565095016,-0.11,reverse:obstacle,1
1786427193.7976227,12.376553215754804,1.0,182.12534035418102,0.0,0.68,-0.11,reverse:obstacle,1
1786427193.8646832,12.042948273296382,0.49798387096774194,173.12690967569063,0.0,0.68,-0.11,reverse:obstacle,1
1786427193.9533877,12.59325316737132,1.0,182.05468555619237,0.0,0.68,-0.11,reverse:obstacle,1
1786427194.038244,12.307840649756912,0.7701612903225807,180.90476621354975,0.0,0.68,0.11,avoid:obstacle,1
1786427194.1213531,12.23507053814789,0.8004032258064516,180.9507415450952,0.0,1.0,0.09,follow,1
1786427194.2054234,12.192450884578822,0.8185483870967742,180.73678815597074,0.0,1.0,0.09,follow,1
1786427194.2895963,12.133652730063039,0.8487903225806451,180.26030512540007,0.0,1.0,0.09,follow,1
1786427194.371649,12.094601709937956,0.8548387096774193,180.199703062143,0.0,1.0,0.09,follow,1
1786427194.4573455,12.113223999802287,0.8911290322580645,180.09899249636527,0.0,1.0,0.09,follow,1
1786427194.5446215,12.02435663155635,0.9153225806451613,180.02209148264188,0.0,1.0,0.09,follow,1
1786427194.639015,11.910906302950485,0.9455645161290323,180.02403576972586,0.0,1.0,0.09727189717376067,follow,1
1786427194.7295241,11.641857818118716,0.9637096774193549,179.899687353249,0.0,1.0,0.10179004687955527,follow,1
1786427194.8207207,11.455735618265233,1.0,180.14502321467722,0.0,1.0,0.10979004687955526,follow,1
1786427194.9118373,11.424933520235502,1.0,179.86928378694606,0.0,1.0,0.11779004687955527,follow,1
1786427195.008096,11.343720125677784,1.0,179.56648115316094,0.0,1.0,0.11627319632147128,follow,1
1786427195.102122,11.144852499015519,1.0,179.6477573247199,0.0,1.0,0.11813869012395056,follow,1
1786427195.2008684,11.041713720218368,1.0,179.70059422682544,0.0,1.0,0.11825123390643737,follow,1
1786427195.2939484,10.851104269126138,1.0,179.71029517962407,0.0,1.0,0.1167950739704117,follow,1
1786427195.3886285,10.839450384980479,1.0,179.74826808078612,0.0,1.0,0.11729914114354216,follow,1
1786427195.482816,10.791084966428551,1.0,179.05041705898293,0.0,1.0,0.12102962977501433,follow,1
1786427195.561741,10.755214749208152,0.655241935483871,177.5870197863366,0.0,0.9991204101515737,0.10497293838836665,follow,1
1786427195.64132,11.126369885374068,0.6491935483870968,177.4772612155185,0.0,1.0,0.10359169088439732,follow,1
1786427195.7362223,11.343635858229241,1.0,178.93681068954913,0.0,1.0,0.11159169088439733,follow,1
1786427195.817927,11.217377965995977,0.6068548387096775,176.33598267112922,0.0,0.9547602465126487,0.10430489398862014,follow,1
1786427195.9015386,11.457479069917628,0.6008064516129032,175.0496324094867,0.0,0.9458350125553951,0.10436854258715625,follow,1
1786427195.9828115,11.54883400300376,0.6068548387096775,174.72393622144466,0.0,0.9604077799501792,0.10404551336695955,follow,1
1786427196.0638552,11.632645051166847,0.5524193548387096,176.19412826669156,0.0,1.0,0.09716822550682516,follow,1
1786427196.1567886,11.857960362806768,1.0,176.5510651886711,0.0,1.0,0.10516822550682517,follow,1
1786427196.2282305,11.62938880778903,0.49193548387096775,166.3833653669822,0.0,0.7158573219951219,0.09,follow,1
1786427196.2960162,12.118843164777498,0.45564516129032256,173.4587948815885,0.0,1.0,0.09226529426720916,follow,1
1786427196.3835912,12.625007213398941,0.8064516129032258,175.27444148512598,0.0,0.9852431761250374,0.09,follow,1
1786427196.5014396,12.395517088842396,0.8125,175.10749411823528,0.0,0.9408006760662372,0.09,follow,1
1786427196.604859,11.597721163390807,0.8487903225806451,175.31015684442426,0.0,0.9727766484073856,0.09,follow,1
1786427196.6915414,11.220861877315691,0.872983870967742,175.17637971270412,0.0,0.9795682898059085,0.09,follow,1
1786427196.7812822,11.293500850301013,0.9032258064516129,175.1541027776418,0.0,0.9879371510389658,0.09004823676254688,follow,1
1786427196.8715985,11.21607048288644,0.9516129032258064,174.80402320026434,0.0,0.9790699120074808,0.09331808343796612,follow,1
1786427196.9680266,11.22362366443954,1.0,174.71197341339965,0.0,0.9785280753383068,0.09280866213514542,follow,1
1786427197.0666947,11.015023010135147,1.0,174.69398420723877,0.0,0.9953796175526969,0.10080866213514542,follow,1
1786427197.150634,10.89299897613165,0.655241935483871,171.91555150579083,0.0,0.8695916574103331,0.10880866213514542,follow,1
1786427197.24048,11.066605694090594,1.0,174.77932279438463,0.0,1.0,0.11569235985605726,follow,1
1786427197.3318307,11.072125116596348,1.0,174.60201772378613,0.0,0.9910069962886808,0.11214684686125516,follow,1
1786427197.4141123,11.07935853264058,0.6068548387096775,170.68180609758053,0.0,0.8056926642159642,0.11115128854179004,follow,1
1786427197.493232,11.226480120419158,0.594758064516129,172.59738991360268,0.0,0.9806028492258088,0.10243601110665969,follow,1
1786427197.5859914,11.546256520946649,1.0,174.46225847172653,0.0,1.0,0.10775625749700089,follow,1
1786427197.6612039,11.41172392257087,0.5463709677419355,171.34250159638378,0.0,0.8459217261873753,0.10568919322819431,follow,1
1786427197.759072,11.792182609492802,1.0,174.36301177040707,0.0,1.0,0.11282487325069956,follow,1
1786427197.8382554,11.47349350320901,0.5100806451612904,155.49366118849798,0.0,0.7496257262872807,0.09,follow,1
1786427197.9218962,11.708693461140026,0.48588709677419356,146.77180243341928,0.0,0.42962572628728074,0.09,follow,1
1786427197.995587,11.768284894474126,0.45564516129032256,150.67752100840204,0.0,0.4084014232236645,0.09,follow,1
1786427198.084925,12.131912854510501,0.8064516129032258,172.77560894388947,0.0,0.7284014232236645,0.09,follow,1
1786427198.1755438,11.926497412611301,0.8125,172.62889751643405,0.0,0.8895493265210604,0.09,follow,1
1786427198.2569993,11.748953685531088,0.6008064516129032,172.31229593563103,0.0,0.9099105087078273,0.09,follow,1
1786427198.343001,11.872174937704287,0.872983870967742,172.19053347571847,0.0,0.9112301240858351,0.09,follow,1
1786427198.4346762,11.8152756430532,0.9092741935483871,172.07857362401654,0.0,0.9267021639918247,0.09,follow,1
1786427198.5247564,11.638816503933999,0.9516129032258064,171.78136800243948,0.0,0.9234346498114832,0.09,follow,1
1786427198.618612,11.536058684709971,1.0,171.672749630102,0.0,0.9408922871447553,0.09,follow,1
1786427198.7102396,11.344639156302726,1.0,171.30706315998953,0.0,0.9341752633376573,0.09,follow,1
1786427198.794286,11.187468202019087,0.655241935483871,168.33446591199393,0.0,0.8106511595471911,0.098,follow,1
1786427198.876947,11.423110799327633,0.6491935483870968,168.69372095200671,0.0,0.8853216572935951,0.10600000000000001,follow,1
1786427198.954916,11.557890149232387,0.6068548387096775,166.89106703868646,0.0,0.7862525724654049,0.11204413550572119,follow,1
1786427199.0370147,11.809169233465967,0.594758064516129,167.17081483529262,0.0,0.8374552874983969,0.10896702914324678,follow,1
1786427199.1116745,11.88618159252795,0.564516129032258,168.27346395742615,0.0,0.8814968016329704,0.10517745244634967,follow,1
1786427199.1861513,12.199741856390315,0.5524193548387096,166.9534716963711,0.0,0.7896210550134051,0.10855946650421938,follow,1
1786427199.2654617,12.371086295075969,0.5463709677419355,168.07059998467486,0.0,0.8797447543586453,0.1041871336865008,follow,1
1786427199.349054,12.494102644627503,0.5463709677419355,167.0314837424335,0.0,0.8010954012198106,0.10767990230355075,follow,1
1786427199.423594,12.383558686921765,0.5040322580645161,168.12591067469137,0.0,0.8851463509746814,0.10145883788728954,follow,1
1786427199.495731,12.59623199921711,0.49193548387096775,170.9753008224123,0.0,1.0,0.09517571600406825,follow,1
1786427199.5866797,12.835654499164306,0.7580645161290323,171.39530161571565,0.0,0.8513007400764474,0.09,follow,1
1786427199.6726918,12.471684999316087,0.7943548387096775,171.26836459014027,0.0,0.8369722740892148,0.09,follow,1
1786427199.7487297,12.294633351564329,0.407258064516129,143.26836459014027,0.0,0.5169722740892149,0.09,follow,1
1786427199.8181982,12.482786089723803,0.36482718894009214,135.47114624505002,0.0,0.19697227408921486,0.09,follow,1
1786427199.9085014,12.745323935548445,0.8487903225806451,163.47114624505002,0.0,0.5169722740892149,0.09,follow,1
1786427199.995681,12.464272844345896,0.872983870967742,172.09637127945481,0.0,0.8369722740892149,0.09,follow,1
1786427200.0766804,12.254099647266607,0.6068548387096775,171.69086013507473,0.0,0.9379758987875704,0.09,follow,1
1786427200.159436,12.1972680205737,0.6673387096774193,172.55564013542664,0.0,0.9971642533219967,0.098,follow,1
1786427200.2521937,12.241874791016544,1.0,173.19591713913522,0.0,1.0,0.09,follow,1
1786427200.3278246,11.977393483897243,0.6491935483870968,171.94079063495758,0.0,0.9409985174071185,0.098,follow,1
1786427200.4081173,12.20371091617973,0.655241935483871,172.17143304456746,0.0,0.9789286950224315,0.10592483893866418,follow,1
1786427200.5039463,12.241710209479253,1.0,174.5044863308134,0.0,1.0,0.09,follow,1
1786427200.5820954,11.910812447477195,0.6008064516129032,171.49449383247702,0.0,0.8919791135142563,0.098,follow,1
1786427200.6852455,12.085443959213599,1.0,175.09550346128833,0.0,1.0,0.09,follow,1
1786427200.7620237,11.608610646073313,0.5584677419354839,170.9557768535572,0.0,0.8576818419317684,0.098,follow,1
1786427200.8356361,11.88395349575712,0.5524193548387096,170.00992104534143,0.0,0.8844878420357956,0.10433208389101789,follow,1
1786427200.9348726,12.22264916516803,1.0,175.60953585938907,0.0,1.0,0.09,follow,1
1786427201.0053613,11.781761372298275,0.5100806451612904,163.49111608754106,0.0,0.8777781709552048,0.09,follow,1
1786427201.073991,12.30276414103431,0.49798387096774194,162.49886089520314,0.0,0.6445116475742934,0.09,follow,1
1786427201.14794,12.742461584100642,0.4616935483870968,148.44124254124708,0.0,0.32451164757429335,0.09,follow,1
1786427201.2333856,12.911492718597378,0.7762096774193549,176.44124254124708,0.0,0.6445116475742934,0.09,follow,1
1786427201.3127532,12.668408319847208,0.8004032258064516,177.0910594010158,0.0,0.9645116475742934,0.09,follow,1
1786427201.4057941,12.655871624796818,0.8185483870967742,177.31235203209002,0.0,1.0,0.09,follow,1
1786427201.5146894,12.244546155880055,0.8487903225806451,177.4630045028489,0.0,1.0,0.09,follow,1
1786427201.6131442,11.644663293055585,0.8911290322580645,177.76409211637144,0.0,1.0,0.09,follow,1
1786427201.708235,11.350814503504441,1.0,178.5083751218407,0.0,1.0,0.09,follow,1
1786427201.7996497,11.183164032649145,0.9576612903225807,178.07058418737995,0.0,1.0,0.09,follow,1
1786427201.8920643,11.131021261656324,0.9758064516129032,178.05201837946206,0.0,1.0,0.09,follow,1
1786427201.9755418,11.082797122913307,0.655241935483871,176.9776171456135,0.0,1.0,0.098,follow,1
1786427202.0758216,11.247832315959542,1.0,178.52802047844466,0.0,1.0,0.09,follow,1
1786427202.1709936,10.957911209101846,1.0,178.48002686483017,0.0,1.0,0.09,follow,1
1786427202.2448995,10.915900935364265,0.6068548387096775,173.89369934883211,0.0,0.9067938763518067,0.098,follow,1
1786427202.322227,11.442842739548706,0.6068548387096775,176.63497427446285,0.0,1.0,0.09577451757067477,follow,1
1786427202.3962302,11.649177291707769,0.5826612903225806,168.08150529267735,0.0,0.820493420204049,0.09,follow,1
1786427202.4771316,12.130140167258809,0.5524193548387096,176.12581078585345,0.0,1.0,0.0929241553208678,follow,1
1786427202.5768127,12.161601077027736,1.0,179.2342755819332,0.0,1.0,0.09,follow,1
1786427202.6612766,11.689511448637203,0.49798387096774194,172.00649959796374,0.0,0.8864274477225687,0.098,follow,1
1786427202.748011,11.7995867585818,0.7580645161290323,177.90251573221877,0.0,1.0,0.09,follow,1
1786427202.830024,11.747516233757697,0.7701612903225807,178.27068291631008,0.0,1.0,0.09,follow,1
1786427202.9145257,11.835308146033857,0.8004032258064516,178.50158559102732,0.0,1.0,0.09,follow,1
1786427202.9999273,11.828162577949477,0.8064516129032258,178.37756234544602,0.0,1.0,0.09,follow,1
1786427203.0879986,11.799260187338808,0.8245967741935484,178.25301253495485,0.0,1.0,0.09,follow,1
1786427203.176276,11.72353704130217,0.8366935483870968,178.13799450007394,0.0,1.0,0.09,follow,1
1786427203.2663445,11.628923011898433,0.8790322580645161,177.74558306363963,0.0,1.0,0.09,follow,1
1786427203.3646612,11.536544212800433,0.8850806451612904,177.7284087944522,0.0,1.0,0.09,follow,1
1786427203.46353,11.260970462835907,0.9213709677419355,177.74185939507856,0.0,1.0,0.09,follow,1
1786427203.5484731,11.011743285044988,0.625,176.628667119942,0.0,1.0,0.09,follow,1
1786427203.6343045,11.193571096776722,0.655241935483871,176.59230144592968,0.0,1.0,0.09,follow,1
1786427203.7329943,11.286728224603173,0.9939516129032258,177.9434147791164,0.0,1.0,0.09,follow,1
1786427203.8292274,11.049296078700271,0.9939516129032258,178.0887526407726,0.0,1.0,0.09,follow,1
1786427203.9212506,10.90621728727286,0.6068548387096775,173.20286160352134,0.0,0.9087542434646303,0.098,follow,1
1786427204.0037556,10.905924088616059,0.5887096774193548,169.52701355661873,0.0,0.8213901522391437,0.10130384717735126,follow,1
1786427204.081578,11.159770180717995,0.5524193548387096,173.18930926216706,0.0,1.0,0.09568105843186124,follow,1
1786427204.1763346,11.494587855116519,1.0,178.99707016916742,0.0,1.0,0.09,follow,1
1786427204.2710278,11.308822953067068,1.0,178.95257379628802,0.0,1.0,0.09,follow,1
1786427204.3531156,11.133052664017718,0.5040322580645161,174.57538802660807,0.0,0.9551606133595278,0.098,follow,1
1786427204.4558125,11.36024689475089,1.0,179.25207899513015,0.0,1.0,0.09,follow,1
1786427204.5357494,11.04665752150667,0.4616935483870968,179.64079794079134,0.0,1.0,0.09,follow,1
1786427204.626761,11.325439366723291,0.8064516129032258,179.1929870384258,0.0,1.0,0.09,follow,1
1786427204.720715,11.27083599377689,0.8245967741935484,179.3680245301092,0.0,1.0,0.09,follow,1
1786427204.813756,11.118205485934022,0.564516129032258,178.7412981302827,0.0,1.0,0.09,follow,1
1786427204.9010103,11.015354588374272,0.7580645161290323,179.6719324793658,0.0,1.0,0.09,follow,1
1786427204.9818351,11.168653198487473,0.6189516129032258,179.89126673265173,0.0,1.0,0.09,follow,1
1786427205.0645301,11.409987731306392,0.6129032258064516,179.73176980937438,0.0,1.0,0.09,follow,1
1786427205.1617308,11.537635532711688,1.0,180.49617948949458,0.0,1.0,0.098,follow,1
1786427205.2555935,11.288030939593053,1.0,180.87676463239595,0.0,1.0,0.10600000000000001,follow,1
1786427205.337887,11.159815611550348,0.6008064516129032,177.8152204005041,0.0,1.0,0.09953958490617662,follow,1
1786427205.4198587,11.306191585155005,0.6008064516129032,177.4709003660524,0.0,1.0,0.09785064634921353,follow,1
1786427205.4967463,11.55780774375601,0.5584677419354839,175.01703235720993,0.0,0.9720797165903241,0.10077116521890646,follow,1
1786427205.5751944,11.824624080511864,0.5524193548387096,176.4450632560717,0.0,1.0,0.09483416133634946,follow,1
1786427205.6688066,11.93207604760156,1.0,181.16171005514843,0.0,1.0,0.10283416133634946,follow,1
1786427205.7443192,11.74537045001797,0.5040322580645161,170.21792841305128,0.0,0.9888857473091346,0.09,follow,1
1786427205.842281,11.92541863393985,1.0,180.78925004928908,0.0,1.0,0.098,follow,1
1786427205.9173756,11.661958260070671,0.4737903225806452,152.78925004928908,0.0,0.9888857473091346,0.09,follow,1
1786427205.9920592,11.984866749121675,0.4616935483870968,172.47857727857098,0.0,1.0,0.09,follow,1
1786427206.0858529,12.281268217014638,1.0,179.97573431641172,0.0,1.0,0.098,follow,1
1786427206.1801875,11.947823732396973,0.8185483870967742,179.84324345972803,0.0,1.0,0.10515417719024069,follow,1
1786427206.2731488,11.676523359319392,0.8487903225806451,179.5595282755711,0.0,1.0,0.10732440397271857,follow,1
1786427206.3560033,11.493501591887814,0.5766129032258065,181.3453281519324,0.0,1.0,0.09,follow,1
1786427206.458687,11.624505732278164,0.8971774193548387,178.55875131028847,0.0,1.0,0.098,follow,1
1786427206.543807,11.236676161877917,0.5826612903225806,179.6191110279991,0.0,1.0,0.09300370365629151,follow,1
1786427206.6223752,11.339245807703154,0.6068548387096775,179.2890149461768,0.0,1.0,0.09541283013742666,follow,1
1786427206.7071357,11.62428447221232,0.655241935483871,181.6466673571493,0.0,1.0,0.09,follow,1
1786427206.8095942,11.665983214757539,1.0,177.12646996132426,0.0,1.0,0.098,follow,1
1786427206.8983016,11.276285746813823,0.6068548387096775,178.62430731666282,0.0,1.0,0.09441944858525302,follow,1
1786427206.9824283,11.235960518911991,0.6068548387096775,176.49448036836162,0.0,1.0,0.1006141024870869,follow,1
1786427207.0793524,11.428037713971372,1.0,176.71310389576885,0.0,1.0,0.10861410248708689,follow,1
1786427207.1633875,11.202143187666303,0.5524193548387096,174.88948979591842,0.0,0.9921598592130096,0.09953408421557976,follow,1
1786427207.2601738,11.299101871432285,1.0,176.20670267929694,0.0,1.0,0.10753408421557975,follow,1
1786427207.336297,11.143322782890639,0.5161290322580645,160.98913732879814,0.0,0.7700937794880061,0.09,follow,1
1786427207.4167788,11.477758355389861,0.49798387096774194,171.53966764942427,0.0,1.0,0.09225077405201484,follow,1
1786427207.5183794,11.713888562726012,0.7641129032258064,174.60666267260524,0.0,1.0,0.10025077405201485,follow,1
1786427207.621549,11.284710303961965,1.0,173.90357206241924,0.0,0.9925212448054835,0.10825077405201486,follow,1
1786427207.7170362,11.023041779332093,0.8004032258064516,173.1767157720544,0.0,0.9689571186155703,0.11462114603043516,follow,1
1786427207.8197966,10.920772095525372,0.8245967741935484,172.42837160287823,0.0,0.9509262833785025,0.11691888804651217,follow,1
1786427207.9207237,10.673575903735575,0.8548387096774193,172.08922534090155,0.0,0.9487863879121075,0.11875798142231499,follow,1
1786427208.0127103,10.531232390140495,0.6008064516129032,174.08835135764608,0.0,1.0,0.09,follow,1
1786427208.1140406,10.53579218057956,0.9213709677419355,171.20221093815917,0.0,0.876542712022171,0.098,follow,1
1786427208.1957595,10.449948692481367,0.6310483870967742,173.76901091152828,0.0,1.0,0.09112398374893069,follow,1
1786427208.2878962,10.779212730362852,0.6491935483870968,173.74407931291708,0.0,0.9989465653696827,0.09649732755565414,follow,1
1786427208.3907828,10.810026059920014,1.0,170.24914065894376,0.0,0.835923346727982,0.10449732755565413,follow,1
1786427208.491976,10.604344647515337,1.0,169.73874313131887,0.0,0.8800706422177398,0.11249732755565414,follow,1
1786427208.5795996,10.425773621131377,0.6008064516129032,169.66626165061973,0.0,0.8841228040600526,0.10719349607129118,follow,1
1786427208.6669297,10.655782058045586,0.5584677419354839,170.42598090034272,0.0,0.9247224726488706,0.10288865558691616,follow,1
1786427208.754995,10.82837276946792,0.5524193548387096,169.79688752424119,0.0,0.8803542832350378,0.10451628043812816,follow,1
1786427208.8451445,10.930777652258197,0.5100806451612904,167.44522692282135,0.0,0.7791187969030164,0.10642632544052749,follow,1
1786427208.9311693,10.952479557473389,0.49193548387096775,163.2940733047444,0.0,0.6334541636404625,0.09,follow,1
1786427209.0258925,11.07900902100696,0.7641129032258064,166.39456825773374,0.0,0.8523206072425842,0.098,follow,1
1786427209.108931,10.96528581412792,0.407258064516129,170.67045177046265,0.0,1.0,0.09052166403279123,follow,1
1786427209.2086384,11.103791399742763,0.8185483870967742,165.0914665883472,0.0,0.6934418279538133,0.09852166403279122,follow,1
1786427209.3049908,10.960820384432878,0.8548387096774193,164.17486762841958,0.0,0.7249076184193016,0.10652166403279123,follow,1
1786427209.406389,10.84951409205958,0.8850806451612904,163.31765207800842,0.0,0.7030674592754925,0.11452166403279124,follow,1
1786427209.4923422,10.654079211553023,0.6068548387096775,163.59203731223988,0.0,0.746611695421497,0.11386476666170343,follow,1
1786427209.5876725,10.847746473309678,0.9576612903225807,161.84205365352776,0.0,0.6727272185317715,0.12186476666170343,follow,1
1786427209.6784446,10.783306597085724,0.655241935483871,161.75396718409274,0.0,0.7110537241753562,0.11855330217367922,follow,1
1786427209.764176,10.826198730917433,0.655241935483871,159.58673763157117,0.0,0.6197092966233005,0.12229015982243761,follow,1
1786427209.860755,10.98297656913148,1.0,159.66494682127149,0.0,0.6721899667381671,0.1302901598224376,follow,1
1786427209.9457672,10.857527210722035,0.6008064516129032,156.3699744686084,0.0,0.5208578721017879,0.10226785418727392,follow,1
1786427210.044923,11.048034072658242,1.0,158.10790735318778,0.0,0.6731662390119287,0.11026785418727392,follow,1
1786427210.1258798,10.856069542451115,0.5524193548387096,155.4787865915593,0.0,0.5272323370287534,0.11443405565402068,follow,1
1786427210.21069,11.140483904506812,0.5524193548387096,153.8114835164834,0.0,0.5020919899764321,0.11104659411556181,follow,1
1786427210.2976425,11.181510692866357,0.5100806451612904,157.79856870299307,0.0,0.7430159439617171,0.10799673185062475,follow,1
1786427210.3795936,11.33700943219542,0.49193548387096775,153.49273794241714,0.0,0.45536179238552066,0.11599673185062476,follow,1
1786427210.4806488,11.509921701529656,0.7580645161290323,152.91623955222113,0.0,0.5266357167436644,0.12399673185062476,follow,1
1786427210.5675488,11.200071340518836,0.4375,139.7609654666744,0.0,0.20663571674366438,0.09,follow,1
1786427210.6517575,11.261469383583448,0.37554147465437787,135.91996047430058,0.0,0.0024437728432588623,0.09,follow,1
1786427210.7400784,11.369785137602761,0.5766129032258065,150.37046004310122,0.0,0.32244377284325887,0.098,follow,1
1786427210.8312204,11.358353552749772,0.594758064516129,148.7675748533973,0.0,0.4357809526324927,0.10600000000000001,follow,1
1786427210.925069,11.289251665161878,0.9455645161290323,147.87411073224447,0.0,0.43641820222461153,0.11400000000000002,follow,1
1786427211.0093012,11.154664802541472,0.655241935483871,146.20901355010218,0.0,0.39119918358712463,0.12200000000000003,follow,1
1786427211.0906258,11.292321005277914,0.6491935483870968,145.6007896295979,0.0,0.4030791148676949,0.13000000000000003,follow,1
1786427211.1810722,11.517554187153072,1.0,145.0973833065852,0.0,0.3958152116090234,0.13800000000000004,follow,1
1786427211.2601297,11.34381928708777,0.594758064516129,143.45052988323332,0.0,0.34127623590688294,0.13160488826020236,follow,1
1786427211.3411167,11.701336408024481,0.594758064516129,141.08736641561399,0.0,0.25732670056981344,0.11212108741396076,follow,1
1786427211.4218395,11.772783382097286,0.5463709677419355,143.13364728870323,0.0,0.42594358635132856,0.12012108741396077,follow,1
1786427211.519953,11.950341004919721,1.0,142.30785464615994,0.0,0.34450287809460167,0.12812108741396078,follow,1
1786427211.5992007,11.615025026123316,0.48588709677419356,134.71360318549003,0.0,0.024502878094601666,0.09312108741396077,follow,1
1786427211.690655,11.76307787932017,0.7580645161290323,141.01490735364314,0.0,0.34450287809460167,0.10112108741396078,follow,1
1786427211.7837098,11.638310560357521,0.782258064516129,141.0283662915614,0.0,0.340134406900652,0.10912108741396079,follow,1
1786427211.8679652,11.445975436805227,0.37520737327188936,113.02836629156141,0.0,0.02013440690065199,0.09,follow,1
1786427211.9613602,11.535872506881223,0.8548387096774193,140.82814811433136,0.0,0.340134406900652,0.098,follow,1
1786427212.046753,11.327115573096004,0.594758064516129,140.32513413867798,0.0,0.3170329571993258,0.10600000000000001,follow,1
1786427212.1329694,11.455977988445204,0.625,138.9111502480422,0.0,0.2617857507769375,0.10504819672131425,follow,1
1786427212.2167175,11.49594458842503,0.655241935483871,140.30944289515892,0.0,0.3582440825976495,0.11304819672131425,follow,1
1786427212.2987192,11.58581252890187,0.6431451612903225,139.21153324287627,0.0,0.2787412307772329,0.12104819672131426,follow,1
1786427212.3845332,11.68652674943123,0.6068548387096775,138.7410474476422,0.0,0.2818728369850202,0.12904819672131426,follow,1
1786427212.4668405,11.684686755839184,0.5766129032258065,138.06676080732655,0.0,0.2622472946703833,0.13209098623530685,follow,1
1786427212.543887,11.765848450488154,0.5463709677419355,138.70088822763185,0.0,0.31306488894375567,0.12935303233466017,follow,1
1786427212.6201272,12.03740513426413,0.5342741935483871,139.0281839377751,0.0,0.32369982042372436,0.12799922678524323,follow,1
1786427212.6932886,12.220751118600337,0.48588709677419356,140.27312349379096,0.0,0.3862950217458365,0.12178841992164215,follow,1
1786427212.7769651,12.513601057564967,0.752016129032258,136.80280814451356,0.0,0.18580733374952452,0.12978841992164214,follow,1
1786427212.865968,12.358702473184074,0.7641129032258064,136.6977591090542,0.0,0.2701113814001562,0.13778841992164215,follow,1
1786427212.9373655,12.155659219991552,0.3951612903225806,164.6977591090542,0.0,0.5901113814001562,0.10278841992164214,follow,1
1786427213.0177863,12.572078176890427,0.32811059907834106,192.6977591090542,0.0,0.9101113814001562,0.09,follow,1
1786427213.1013188,12.549011053524298,0.6008064516129032,164.6977591090542,0.0,0.5901113814001562,0.098,follow,1
1786427213.183885,12.43409466952587,0.6008064516129032,136.6977591090542,0.0,0.27011138140015617,0.10600000000000001,follow,1
1786427213.2723217,12.337992572564106,0.6129032258064516,134.49317416375382,0.0,0.18127454682523358,0.11400000000000002,follow,1
1786427213.364913,12.164904263415995,0.969758064516129,133.48221890046878,0.0,0.18739427397104844,0.12200000000000003,follow,1
1786427213.4441872,11.884473054132393,0.6491935483870968,133.15008622303932,0.0,0.1976796717164703,0.13000000000000003,follow,1
1786427213.524521,12.023495391853155,0.6068548387096775,132.9391211210618,0.0,0.1980015188664071,0.13800000000000004,follow,1
1786427213.6040146,12.129084951142294,0.594758064516129,132.00490193924347,0.0,0.16252200964557864,0.13976043811198294,follow,1
1786427213.6807065,12.213789619906791,0.5584677419354839,132.08892195484873,0.0,0.19572362271997884,0.1354844722886429,follow,1
1786427213.7584093,12.335756534641341,0.5342741935483871,128.25022182786114,0.0,0.005255630416048429,0.11153186317285768,follow,1
1786427213.830914,12.476498465126552,0.5100806451612904,133.80583568445226,0.0,0.32525563041604844,0.10770658330740775,follow,1
1786427213.905623,12.73301965543206,0.48588709677419356,132.2000748600876,0.0,0.18031037929353316,0.11267781312789775,follow,1
1786427213.988764,12.866236272341958,0.7580645161290323,128.44985869587876,0.0,0.013535341744309759,0.12067781312789774,follow,1
1786427214.0613952,12.7005193586851,0.41330645161290325,156.44985869587876,0.0,0.33353534174430977,0.09,follow,1
1786427214.1397018,12.929780587414085,0.38306451612903225,176.73404856014076,0.0,0.6535353417443097,0.09,follow,1
1786427214.2144918,12.887157168396875,0.32849078341013827,204.73404856014076,0.0,0.9735353417443098,0.09,follow,1
1786427214.3078678,12.997823204719218,0.872983870967742,176.73404856014076,0.0,0.6535353417443097,0.098,follow,1
1786427214.4015985,12.524952347758521,0.6310483870967742,148.73404856014076,0.0,0.3335353417443097,0.10600000000000001,follow,1
1786427214.4950414,12.106438009683345,0.6491935483870968,124.78401253323077,0.0,0.013535341744309703,0.11400000000000002,follow,1
1786427214.5825198,11.877837307956773,0.6491935483870968,124.93492923340918,0.0,0.08293317930134791,0.12200000000000003,follow,1
1786427214.6693616,11.753313100816289,0.6068548387096775,125.67025666032487,0.0,0.1187176513487894,0.13000000000000003,follow,1
1786427214.756757,11.738945718455787,0.5887096774193548,124.30247493734325,0.0,0.04101034347707633,0.13800000000000004,follow,1
1786427214.8417482,11.69677668866342,0.5524193548387096,124.75622033428763,0.0,0.09733690183746696,0.13940851372493065,follow,1
1786427214.92371,11.662540418709067,0.5342741935483871,122.43974541713065,0.0,-0.02311780649288439,0.1229560768638865,follow,1
1786427215.0048478,11.826353163762477,0.49193548387096775,128.8600371707887,0.0,0.29688219350711564,0.1038925409556654,follow,1
1786427215.0913124,11.911370596638227,0.467741935483871,134.89675201517247,0.0,0.5199946302851531,0.09,follow,1
1786427215.1772075,11.843188218837305,0.752016129032258,124.94940372727268,0.0,0.19999463028515313,0.09,follow,1
1786427215.2649233,11.729926548418621,0.7701612903225807,124.77319314253371,0.0,0.03901541393689836,0.09,follow,1
1786427215.3353465,11.750676388067111,0.4012096774193548,152.77319314253373,0.0,0.3590154139368984,0.09,follow,1
1786427215.4043834,12.217941198773069,0.37806451612903225,180.77319314253373,0.0,0.6790154139368985,0.09,follow,1
1786427215.483631,12.62568659043647,0.594758064516129,152.77319314253373,0.0,0.35901541393689845,0.098,follow,1
1786427215.5694587,12.656417647764044,0.6008064516129032,124.77319314253373,0.0,0.039015413936898447,0.10600000000000001,follow,1
1786427215.6530657,12.464948522946298,0.6310483870967742,120.59147109500759,0.0,-0.025801665913816066,0.11400000000000002,follow,1
1786427215.7422209,12.368879254987394,0.655241935483871,120.42537113228413,0.0,0.059218691354922415,0.12200000000000003,follow,1
1786427215.8256617,12.139039271086329,0.6370967741935484,121.05511568404715,0.0,0.0995313674533295,0.1226534231897128,follow,1
1786427215.9048827,12.07668646277487,0.6008064516129032,122.66850718262623,0.0,0.1742647838562671,0.09102550345363566,follow,1
1786427215.9928637,12.225074045078381,0.5826612903225806,122.4451258936366,0.0,0.13379720745058984,0.09536016413696193,follow,1
1786427216.073096,11.984870407432716,0.5463709677419355,121.16296199330874,0.0,0.08096745597843699,0.10336016413696192,follow,1
1786427216.1526115,12.153023822889196,0.5161290322580645,124.81782103134489,0.0,0.2994920840821821,0.09242325462788709,follow,1
1786427216.2288847,12.253590401763647,0.49798387096774194,126.09776199410413,0.0,0.28712054283789784,0.09,follow,1
1786427216.304272,12.395774280829329,0.4798387096774194,118.89293139293146,0.0,-0.032879457162102166,0.098,follow,1
1786427216.3813097,12.600223209356177,0.4616935483870968,130.75248625248787,0.0,0.28712054283789784,0.09,follow,1
1786427216.4534059,12.617342243271786,0.4314516129032258,121.51290322580812,0.0,-0.032879457162102166,0.098,follow,1
1786427216.5357811,12.921989438396622,0.7883064516129032,124.4302200898674,0.0,0.2533911469889635,0.09,follow,1
1786427216.6029232,12.765300714222803,0.3684447004608295,104.66865285745223,0.0,-0.06660885301103653,0.09,follow,1
1786427216.6814559,13.173417264874576,0.6008064516129032,124.56208610362827,0.0,0.2533911469889635,0.09,follow,1
1786427216.771536,13.064239971902905,0.8850806451612904,125.68126051479234,0.0,0.2811382655928306,0.09,follow,1
1786427216.8515208,12.699388428235046,0.625,124.8639958859006,0.0,0.23779848410480137,0.098,follow,1
1786427216.937188,12.657156524112226,0.6673387096774193,125.45523136912861,0.0,0.2835423080682464,0.10600000000000001,follow,1
1786427217.026874,12.39475768207669,0.6612903225806451,125.56286892669884,0.0,0.2736570753145958,0.11400000000000002,follow,1
1786427217.1222327,12.20735185209225,0.6431451612903225,126.60217357269627,0.0,0.31520304386334785,0.11462122046405379,follow,1
1786427217.2099154,11.819460128965636,0.655241935483871,128.46318400841807,0.0,0.37434980415508323,0.10423514196553933,follow,1
1786427217.2979107,11.799226956801766,0.6008064516129032,128.42609738841526,0.0,0.3318198834530379,0.11223514196553933,follow,1
1786427217.390832,11.71733171189127,0.5887096774193548,128.21924128503085,0.0,0.32005788825693376,0.12023514196553933,follow,1
1786427217.478461,11.488748842940877,0.5584677419354839,128.9321388932932,0.0,0.3527188553663578,0.12299111306059855,follow,1
1786427217.5600665,11.473715931093583,0.5463709677419355,129.93383540650365,0.0,0.3827547524198245,0.11537016871607843,follow,1
1786427217.641275,11.662720003164162,0.5403225806451613,127.75613885008424,0.0,0.2487265585025373,0.12337016871607842,follow,1
1786427217.7237904,11.689194844122477,0.49798387096774194,130.40913964084763,0.0,0.4204969552092756,0.12117359037871944,follow,1
1786427217.8011742,11.843022930873618,0.467741935483871,127.67316094289916,0.0,0.21606121860897687,0.12561938695912586,follow,1
1786427217.8734841,12.113442360825006,0.4375,133.054587167564,0.0,0.5360612186089768,0.10953916927896529,follow,1
1786427217.9455235,12.444558155615502,0.41330645161290325,121.97008547008576,0.0,0.2160612186089768,0.09,follow,1
1786427218.0137897,12.74762036472205,0.37201612903225806,139.11181610152477,0.0,0.5360612186089768,0.09,follow,1
1786427218.0947604,13.059804104320245,0.5887096774193548,137.68442020018682,0.0,0.49451946794172275,0.098,follow,1
1786427218.1787484,12.969558021230188,0.594758064516129,138.6273567399719,0.0,0.5651987230212706,0.10600000000000001,follow,1
1786427218.2639134,12.761516302998446,0.6370967741935484,139.94752858029068,0.0,0.5975895668671716,0.11172842882923562,follow,1
1786427218.3435047,12.543559692290925,0.655241935483871,139.81559984848525,0.0,0.5561090493727942,0.11972842882923562,follow,1
1786427218.4233646,12.554492478901286,0.6431451612903225,142.12379905542235,0.0,0.6657810401184959,0.11677554164660457,follow,1
1786427218.507295,12.536903218919662,0.6129032258064516,140.9645102875876,0.0,0.545139280169674,0.123525143260104,follow,1
1786427218.5864215,12.415840250482193,0.594758064516129,143.1188599920183,0.0,0.6719560722778913,0.11651782740067282,follow,1
1786427218.6669257,12.470785106620612,0.5524193548387096,143.8773109243706,0.0,0.65559572763491,0.11453180262386432,follow,1
1786427218.7506716,12.375180530090526,0.5403225806451613,145.32555716551275,0.0,0.7010761368970425,0.11173825190353721,follow,1
1786427218.8210227,12.372790437539647,0.5040322580645161,144.5009502692434,0.0,0.6138841236787493,0.1132170382072158,follow,1
1786427218.8913515,12.75053814477143,0.4798387096774194,148.18507221796716,0.0,0.8236846375981655,0.09849684138167024,follow,1
1786427218.9609294,13.033014866682795,0.45564516129032256,140.9406321619554,0.0,0.5036846375981654,0.10181173667413941,follow,1
1786427219.0327914,13.254719227848545,0.4375,139.8719410456042,0.0,0.4583020057652627,0.09030491379308907,follow,1
1786427219.1030614,13.425649807893832,0.407258064516129,142.97203907204454,0.0,0.6502778685853834,0.09830491379308906,follow,1
1786427219.1742618,13.589543312181712,0.38306451612903225,129.2485883681601,0.0,0.3302778685853834,0.09,follow,1
1786427219.257044,13.668030833306062,0.594758064516129,150.37454283389255,0.0,0.6502778685853834,0.098,follow,1
1786427219.3494592,13.357637328300438,0.8850806451612904,152.51974898993552,0.0,0.8437383183260774,0.09,follow,1
1786427219.4315994,12.800996847141782,0.6129032258064516,152.5388515951626,0.0,0.8126250786223023,0.098,follow,1
1786427219.5235004,12.735538688005898,0.655241935483871,151.35369434550634,0.0,0.7398809751482343,0.10600000000000001,follow,1
1786427219.611886,12.366863507412697,0.6491935483870968,153.07219232150638,0.0,0.8453894712071784,0.1118587694304905,follow,1
1786427219.7051222,12.169618095521567,0.6491935483870968,152.55124821951537,0.0,0.783182627444553,0.11478194677745097,follow,1
1786427219.7972383,11.870095738925713,0.6129032258064516,152.62757052926256,0.0,0.7956114836814077,0.11198338412228331,follow,1
1786427219.8901012,11.662314348129584,0.6008064516129032,152.80685348672645,0.0,0.7955668058004731,0.11124725758662124,follow,1
1786427219.978723,11.447318154065504,0.5887096774193548,152.0670853269539,0.0,0.7505142724723133,0.11255772361597047,follow,1
1786427220.0670183,11.428996719384198,0.5524193548387096,152.32580432172944,0.0,0.7721589016939593,0.10933760188382553,follow,1
1786427220.1548526,11.451355158747615,0.5463709677419355,152.0760539960674,0.0,0.7482995516670664,0.11002453298478214,follow,1
1786427220.235648,11.431022007213308,0.5342741935483871,151.51746776416374,0.0,0.7218055668911617,0.11044052402120538,follow,1
1786427220.3164318,11.630235225614605,0.49798387096774194,152.4048512463149,0.0,0.7687890946612547,0.10612932909767836,follow,1
1786427220.3973427,11.780070671057992,0.4616935483870968,157.27807417807472,0.0,0.9810478171262613,0.094915409936828,follow,1
1786427220.4734519,11.881787919516675,0.4435483870967742,161.95286085475198,0.0,1.0,0.09,follow,1
1786427220.5566485,12.128440977165692,0.407258064516129,139.94151404152558,0.0,0.7784714364127123,0.09,follow,1
1786427220.626979,12.124276847084342,0.32525345622119817,165.85365686948424,0.0,1.0,0.09,follow,1
1786427220.7208362,12.51079631711811,0.8669354838709677,162.51699000853833,0.0,0.8748091788099803,0.09,follow,1
1786427220.8095481,12.145468499776715,0.6008064516129032,162.7128597355458,0.0,0.9754884233290215,0.098,follow,1
1786427220.8933787,11.972727566655148,0.6491935483870968,163.1728237028554,0.0,0.9903166277432339,0.1050484611859156,follow,1
1786427220.9805427,11.941486877552652,0.6491935483870968,163.62421566580917,0.0,0.9901394722184549,0.10505678594546937,follow,1
1786427221.0641623,11.870449938515872,0.6431451612903225,163.95869168145296,0.0,0.9904781029344593,0.10470138277188037,follow,1
1786427221.1483626,11.899877354302966,0.6068548387096775,163.6012997157414,0.0,0.953573347284198,0.1043594060447468,follow,1
1786427221.2370832,11.88302344319721,0.594758064516129,164.90822521475582,0.0,1.0,0.100771069430713,follow,1
1786427221.3170843,11.747770490494759,0.5584677419354839,162.82427949409072,0.0,0.8784395397809429,0.10495811014960642,follow,1
1786427221.3960705,11.913144787258977,0.5463709677419355,165.43329621210256,0.0,1.0,0.09659014879297437,follow,1
1786427221.4849825,12.077220515578272,0.5463709677419355,164.78900973155248,0.0,0.9516100017336605,0.10099564296635598,follow,1
1786427221.55821,11.911889790027624,0.5040322580645161,162.08029775103003,0.0,0.8301491622623028,0.10384275977851347,follow,1
1786427221.629773,12.245559393954032,0.49193548387096775,161.38320014388708,0.0,0.8450277253977201,0.10164839757658398,follow,1
1786427221.706451,12.602696127229866,0.467741935483871,145.36473785816324,0.0,0.52502772539772,0.09,follow,1
1786427221.7768693,12.631507712791482,0.4375,158.2622610981894,0.0,0.8450277253977201,0.09,follow,1
1786427221.8645267,12.987094277264047,0.7883064516129032,168.62750016353266,0.0,1.0,0.09,follow,1
1786427221.93957,12.681021548241823,0.33949308755760366,147.51552795031031,0.0,0.8450277253977201,0.09,follow,1
1786427222.0366414,12.827434928928216,0.8487903225806451,169.1320493273818,0.0,1.0,0.09,follow,1
1786427222.1325378,12.322103135639175,0.8911290322580645,169.34436878586067,0.0,1.0,0.09,follow,1
1786427222.2299314,11.931959031981824,0.9032258064516129,169.37483399381216,0.0,1.0,0.09,follow,1
1786427222.3181267,11.61024974404248,0.6491935483870968,168.23091581377383,0.0,1.0,0.098,follow,1
1786427222.4163206,11.543977309519036,0.9637096774193549,169.23926946582245,0.0,1.0,0.1012187048843213,follow,1
1786427222.4983158,11.28191058872385,0.655241935483871,167.6281274933792,0.0,0.9954435999903574,0.10514627470939814,follow,1
1786427222.5934687,11.46477007270552,0.6491935483870968,166.590361515131,0.0,0.9732476356588194,0.10585055446020233,follow,1
1786427222.6843376,11.259797826135829,0.6491935483870968,167.0556086801696,0.0,1.0,0.10388647223681814,follow,1
1786427222.7632806,11.212135675400553,0.6068548387096775,168.01842526331978,0.0,1.0,0.10018280330318838,follow,1
1786427222.8506498,11.399708414841836,0.6008064516129032,166.94384631948049,0.0,0.9671988941667151,0.10339058420154605,follow,1
1786427222.9287114,11.499880972574477,0.594758064516129,166.88001953904472,0.0,0.9795513593705221,0.102483984674126,follow,1
1786427223.012627,11.715886134411104,0.5584677419354839,166.94374992377223,0.0,0.9814437266856054,0.10035247106501488,follow,1
1786427223.0897503,11.792565085752518,0.5463709677419355,167.127847692269,0.0,0.978990389450425,0.0997796970605968,follow,1
1786427223.1636448,12.036519269978996,0.5282258064516129,163.67853839037892,0.0,0.7941393205204663,0.10688088916325421,follow,1
1786427223.2428982,12.349765848664127,0.49798387096774194,167.40625837577065,0.0,1.0,0.09310782204169307,follow,1
1786427223.3173864,12.334279587195114,0.4798387096774194,159.5493489440855,0.0,0.7502521221037235,0.09,follow,1
1786427223.3894858,12.617809741439743,0.4435483870967742,163.36265525271693,0.0,0.9541981770814347,0.09501569510296501,follow,1
1786427223.4852521,12.868845804547782,0.7762096774193549,169.89470806363806,0.0,1.0,0.09,follow,1
1786427223.5710547,12.384547951272882,0.8004032258064516,169.86454377891735,0.0,1.0,0.09,follow,1
1786427223.6566167,12.23350708231876,0.594758064516129,169.94486691597496,0.0,1.0,0.098,follow,1
1786427223.7495184,12.141074788596391,0.8669354838709677,170.18889460619403,0.0,1.0,0.09222599419795846,follow,1
1786427223.8483698,11.85534735635277,0.9032258064516129,170.61952292332808,0.0,1.0,0.09989274654550433,follow,1
1786427223.9419954,11.452250392052672,0.6431451612903225,170.56667604783274,0.0,1.0,0.10229820537972352,follow,1
1786427224.0261397,11.371529439386952,0.6733870967741936,170.08048834353087,0.0,1.0,0.10501840046420899,follow,1
1786427224.1210544,11.459180846947941,1.0,171.4414662577366,0.0,1.0,0.113018400464209,follow,1
1786427224.2078786,11.279003137586152,0.655241935483871,170.73478172779622,0.0,1.0,0.10351727361661052,follow,1
1786427224.2918222,11.297353659856821,0.6431451612903225,170.06129905542215,0.0,1.0,0.10408751543693225,follow,1
1786427224.391285,11.378613120762914,1.0,171.9907451268341,0.0,1.0,0.11208751543693224,follow,1
1786427224.4700844,11.166650889897186,0.6008064516129032,170.64017656648932,0.0,1.0,0.10175064564441379,follow,1
1786427224.5519624,11.427054240109925,0.5887096774193548,169.46788847117776,0.0,0.9581883970321445,0.10311426198692354,follow,1
1786427224.6326807,11.642624151672722,0.564516129032258,169.1482220609578,0.0,0.965761893173521,0.10139689911438289,follow,1
1786427224.7169664,11.783372884906735,0.5463709677419355,173.62921777221612,0.0,1.0,0.09013244765134733,follow,1
1786427224.7945454,11.774541598460804,0.5161290322580645,166.8467238103992,0.0,0.8762249127745987,0.09813244765134732,follow,1
1786427224.871164,12.019248013215137,0.49193548387096775,168.55026202937026,0.0,0.9862441546702326,0.09639636016615488,follow,1
1786427224.9480252,12.1665412020132,0.4616935483870968,171.8117351117354,0.0,1.0,0.09,follow,1
1786427225.0249298,12.397278278736291,0.4435483870967742,174.38487040710623,0.0,1.0,0.09,follow,1
1786427225.1108882,12.516130342584018,0.782258064516129,172.15666399153685,0.0,0.9585253659766955,0.09,follow,1
1786427225.1991272,12.34114788060006,0.8004032258064516,172.01988842376664,0.0,1.0,0.09411985584120726,follow,1
1786427225.2950048,12.139964179936465,0.594758064516129,171.78273529048698,0.0,1.0,0.1005655780294021,follow,1
1786427225.3896017,11.798032745794506,0.8850806451612904,172.0225371415507,0.0,1.0,0.10757159914449006,follow,1
1786427225.4816842,11.518976339018309,0.9032258064516129,172.0842022476852,0.0,1.0,0.11089873774283575,follow,1
1786427225.5675373,11.421200765125866,0.6491935483870968,170.9600976887468,0.0,0.9835938263840736,0.10536437402528424,follow,1
1786427225.646708,11.467774902367585,0.6794354838709677,171.0708845289327,0.0,1.0,0.10580584863396053,follow,1
1786427225.7372596,11.716466692707122,1.0,171.77761472369585,0.0,1.0,0.11380584863396054,follow,1
1786427225.8199236,11.535829116198602,0.655241935483871,169.7202221948757,0.0,0.9309039916960923,0.10818887353066571,follow,1
1786427225.8973045,11.69475250099621,0.6491935483870968,169.80539782320392,0.0,0.9771425956619565,0.10566752542095492,follow,1
1786427225.9752731,11.930382049445946,0.6491935483870968,169.90543784573634,0.0,0.984720276349096,0.10531144073336536,follow,1
1786427226.065614,12.098987291051628,1.0,170.5157076690061,0.0,1.0,0.11331144073336535,follow,1
1786427226.1477613,11.881331896049627,0.6068548387096775,169.14785615484078,0.0,0.9469415348894434,0.10466399275338965,follow,1
1786427226.2244287,11.970651210783487,0.6008064516129032,166.47905195484304,0.0,0.8406106993471859,0.10918531705465354,follow,1
1786427226.304793,12.078254544893749,0.5887096774193548,166.5669714057871,0.0,0.9094798896614547,0.10532915958833725,follow,1
1786427226.3828478,12.258952486610564,0.5524193548387096,167.0047308154035,0.0,0.933868708214462,0.10213161076801379,follow,1
1786427226.4603157,12.381945779852886,0.5463709677419355,163.37917805420108,0.0,0.7368911120769508,0.10975487996228617,follow,1
1786427226.5319898,12.482898132191508,0.5040322580645161,162.90402280646174,0.0,0.7978636447867115,0.09800249956336136,follow,1
1786427226.6047573,12.760375387072404,0.48588709677419356,160.776473115754,0.0,0.6970505173499116,0.09,follow,1
1786427226.678807,12.963831877404091,0.4435483870967742,159.03159231067835,0.0,0.6551724151631005,0.09,follow,1
1786427226.7624924,13.033167869878575,0.7762096774193549,167.70255726644262,0.0,0.9751724151631005,0.098,follow,1
1786427226.845472,12.850371102047916,0.7943548387096775,167.34281415946037,0.0,0.9106553269050888,0.10600000000000001,follow,1
1786427226.9368548,12.685515571214346,0.8306451612903225,166.96694285468095,0.0,0.9101135291648416,0.11400000000000002,follow,1
1786427227.0285535,12.341329895046801,0.8548387096774193,166.98180492358966,0.0,0.9292553909646109,0.1197766205681117,follow,1
1786427227.1196682,12.061323761911245,0.8911290322580645,166.62115592924098,0.0,0.909131689916934,0.1229372420728487,follow,1
1786427227.211613,11.787723331550342,0.9213709677419355,166.30058134130348,0.0,0.9115370070910973,0.12456699926978901,follow,1
1786427227.3043907,11.664411227987866,0.9637096774193549,166.11092256891058,0.0,0.9122524584593112,0.12698808674170922,follow,1
1786427227.3999205,11.4780190981356,1.0,166.0395524831542,0.0,0.9129099894131003,0.129059622590749,follow,1
1786427227.4883637,11.274793373860534,0.7036290322580645,164.40472931343885,0.0,0.8340530604200566,0.11566070946047757,follow,1
1786427227.5717368,11.29330188202714,0.7036290322580645,164.67789887191475,0.0,0.8762492595408498,0.11362018038886935,follow,1
1786427227.653907,11.428468973641632,0.6612903225806451,164.41075518461776,0.0,0.8565094914661916,0.11205589973013873,follow,1
1786427227.7369416,11.557173705272609,0.6491935483870968,165.0033742870386,0.0,0.8897067582810353,0.10977624471428116,follow,1
1786427227.8185656,11.678711986780844,0.6491935483870968,165.67631882494155,0.0,0.9089760584436706,0.10887075621301372,follow,1
1786427227.8988686,11.751632722139261,0.6129032258064516,163.89848752171605,0.0,0.7987870018880452,0.11183705624332145,follow,1
1786427227.975215,11.847718255088857,0.6008064516129032,165.34495062905629,0.0,0.9079488439190037,0.10610282931419787,follow,1
1786427228.055878,12.145000782502127,0.5887096774193548,163.61011904761904,0.0,0.7835333576458894,0.11105626326541504,follow,1
1786427228.1384177,12.224397044022385,0.5463709677419355,165.28588835534302,0.0,0.9108153262325913,0.10280730900868629,follow,1
1786427228.2218926,12.201229678615773,0.5040322580645161,163.31865695280422,0.0,0.7737625984135774,0.10628690587174128,follow,1
1786427228.3036797,12.162547026117677,0.4798387096774194,163.66153299048042,0.0,0.8339463372017464,0.10222511146478984,follow,1
1786427228.3941588,12.18799252030023,0.7641129032258064,165.67646462068856,0.0,0.9129262045875984,0.11022511146478983,follow,1
1786427228.4853992,11.957230225475033,0.8004032258064516,165.3901481150658,0.0,0.8577860157491466,0.11822511146478984,follow,1
1786427228.5767293,11.761480367717718,0.8245967741935484,165.03210691011765,0.0,0.8505620620082034,0.11997285702342173,follow,1
1786427228.6737254,11.599030276175517,0.8669354838709677,164.6859310945373,0.0,0.8477078498622785,0.12475208002458558,follow,1
1786427228.7605553,11.32814490690715,0.6431451612903225,164.29843496056176,0.0,0.845354116011505,0.11149889961685973,follow,1
1786427228.8466468,11.341219149241343,0.685483870967742,164.05558252327737,0.0,0.8473102425305465,0.1139359146555676,follow,1
1786427228.944012,11.433251428714785,0.969758064516129,163.77567323911478,0.0,0.8422071227055321,0.1219359146555676,follow,1
1786427229.0293303,11.193073627125283,0.7036290322580645,162.57039240422085,0.0,0.7990411097592461,0.11735382174702688,follow,1
1786427229.109933,11.304368363190566,0.6975806451612904,163.1564594010017,0.0,0.8467438244152168,0.11468568777234847,follow,1
1786427229.194711,11.517700599109814,0.6975806451612904,162.1351846294744,0.0,0.7859341927397656,0.1176170920793032,follow,1
1786427229.2751772,11.583492303063347,0.655241935483871,162.3785134207701,0.0,0.8204100187819329,0.11339790470750455,follow,1
1786427229.3592863,11.741921562452049,0.6431451612903225,162.85195438889488,0.0,0.8432650401686854,0.111596750623665,follow,1
1786427229.4473436,11.767037095715311,0.6431451612903225,161.77728903559137,0.0,0.7883604603046682,0.11416844682913316,follow,1
1786427229.526227,11.697648828517966,0.6008064516129032,161.5593681749668,0.0,0.8035194317767975,0.11088321619177251,follow,1
1786427229.6041706,11.884767018719192,0.5826612903225806,162.00468387951003,0.0,0.8355334110151325,0.10832866812054136,follow,1
1786427229.6855245,12.089431696530793,0.5403225806451613,158.9410367384697,0.0,0.6730436628141148,0.11297889912526239,follow,1
1786427229.7619305,12.070575947331513,0.5100806451612904,159.98146974976225,0.0,0.7944213968456567,0.10576069103539754,follow,1
1786427229.8364139,12.345477094207165,0.467741935483871,161.8626888166375,0.0,0.8709821158668016,0.09992697068738583,follow,1
1786427229.9096801,12.544560630269388,0.4254032258064516,163.3691773928695,0.0,0.908274053496817,0.09588066068330896,follow,1
1786427229.9973187,12.754617475556742,0.7883064516129032,159.4067317610711,0.0,0.6506576409102046,0.10388066068330895,follow,1
1786427230.0872047,12.502168133786187,0.8064516129032258,158.8100252166939,0.0,0.734532539482027,0.11188066068330896,follow,1
1786427230.1761756,12.226891241210879,0.8366935483870968,158.23267242698395,0.0,0.7224153294775358,0.11988066068330896,follow,1
1786427230.27248,12.020324384739384,0.8850806451612904,157.87078561007016,0.0,0.726530567192632,0.12788066068330897,follow,1
1786427230.3636403,11.671935920563671,0.655241935483871,156.66758017719948,0.0,0.6994881178038364,0.11909854100055257,follow,1
1786427230.4480717,11.556065345726473,0.6975806451612904,156.11678507635241,0.0,0.6963101406050488,0.1219375315425224,follow,1
1786427230.5432425,11.626927408915424,1.0,156.6944644280537,0.0,0.7347183066729832,0.1299375315425224,follow,1
1786427230.6301026,11.354459785471184,0.7036290322580645,155.14619610012554,0.0,0.6482306401334199,0.12464673328850129,follow,1
1786427230.7138968,11.444225578475814,0.6975806451612904,155.64180478964906,0.0,0.7019293903306678,0.12166664858543676,follow,1
1786427230.8087249,11.53155639062724,0.7036290322580645,154.99144906458537,0.0,0.6607364087823874,0.12404197776495343,follow,1
1786427230.8924704,11.343790210136971,0.6491935483870968,154.33982161385572,0.0,0.6512070042963621,0.12098364627871343,follow,1
1786427230.9773035,11.444393239819126,0.6431451612903225,154.92403519987485,0.0,0.6919945982802913,0.1186821635776912,follow,1
1786427231.0689814,11.533379739526996,0.6068548387096775,154.0073640641256,0.0,0.6367164918968433,0.11891204730608418,follow,1
1786427231.1508849,11.392766951591062,0.5887096774193548,153.9255809979495,0.0,0.6525057447550501,0.11701441639259372,follow,1
1786427231.2345848,11.554572947116563,0.5524193548387096,152.80619770985373,0.0,0.602819258494673,0.11688358805933974,follow,1
1786427231.3142564,11.652197660412483,0.5161290322580645,154.85915601924165,0.0,0.7320785273845078,0.10885122389256945,follow,1
1786427231.395899,11.831564601041878,0.49193548387096775,151.0900382993138,0.0,0.4956545544265947,0.11259709709273437,follow,1
1786427231.4746993,11.900341619032375,0.4435483870967742,148.54380228997647,0.0,0.45382378787159283,0.09,follow,1
1786427231.5693402,12.063877442661795,0.782258064516129,154.41501779961382,0.0,0.7738237878715928,0.098,follow,1
1786427231.6683462,11.759559113878082,0.8004032258064516,154.33245895622787,0.0,0.6643928601721198,0.10600000000000001,follow,1
1786427231.7611315,11.428061679339619,0.6431451612903225,153.8903478362434,0.0,0.6447126042910301,0.11051138837450368,follow,1
1786427231.8598585,11.299902147661648,0.8911290322580645,153.88086573098923,0.0,0.6606127008883658,0.11851138837450367,follow,1
1786427231.9512606,11.075389955698835,0.6794354838709677,153.85327140528298,0.0,0.6659693827440045,0.12223381993665795,follow,1
1786427232.0409646,11.045063345956668,0.7278225806451613,153.72637071086453,0.0,0.6617640288862535,0.1255499397553246,follow,1
1786427232.137362,11.048991578960905,0.7096774193548387,153.17364395917022,0.0,0.6345355506246491,0.12570255140694023,follow,1
1786427232.2330863,10.91913155221311,0.6975806451612904,153.22926245640005,0.0,0.6479433098488162,0.12426911507766501,follow,1
1786427232.326904,10.828558261294322,0.6915322580645161,152.79865586211326,0.0,0.6252657008516443,0.12496736043986306,follow,1
1786427232.4288406,10.804048740313213,0.655241935483871,152.98405251655632,0.0,0.6443871084681043,0.12169617477129316,follow,1
1786427232.5186005,10.572798232473296,0.6431451612903225,153.05215791671026,0.0,0.6456274619274504,0.12085397126499806,follow,1
1786427232.6042075,10.693984087488992,0.6370967741935484,153.43883042360864,0.0,0.6690277731037341,0.11936960455289682,follow,1
1786427232.6959817,10.880474381361122,0.6008064516129032,154.33178504414167,0.0,0.7057724847523401,0.10908310688652961,follow,1
1786427232.7784503,10.885343724404093,0.5887096774193548,153.4148439280018,0.0,0.6454675379074666,0.11708310688652962,follow,1
1786427232.8563106,11.164714115295006,0.5584677419354839,154.21373199497486,0.0,0.7083610683611019,0.11256285010201068,follow,1
1786427232.9413514,11.472018492591204,0.5342741935483871,152.69451235628432,0.0,0.6173588010034488,0.11504721390991164,follow,1
1786427233.0184197,11.555778919142112,0.49193548387096775,156.4988198098441,0.0,0.8534623484916167,0.09,follow,1
1786427233.0954518,11.803422914912352,0.45564516129032256,156.38336516424704,0.0,0.768417291374844,0.09,follow,1
1786427233.1836782,12.094177500603887,0.7641129032258064,150.4033938778166,0.0,0.44841729137484404,0.098,follow,1
1786427233.2761323,11.930995107060607,0.7943548387096775,150.40415284113374,0.0,0.589636961531895,0.10600000000000001,follow,1
1786427233.3712373,11.708804790557952,0.8306451612903225,150.26253536473934,0.7729591836734694,0.68,-0.11,reverse:obstacle,1
1786427233.4528148,11.461715075731025,0.685483870967742,149.66839605136678,0.0,0.68,-0.11,reverse:obstacle,1
1786427233.5424905,11.638569532018273,0.685483870967742,149.35712792738178,0.0,0.68,-0.11,reverse:obstacle,1
1786427233.6269262,11.54199208086462,0.7157258064516129,149.92282534254542,0.0,0.68,0.11,avoid:obstacle,1
1786427233.713563,11.576792207569662,0.7338709677419355,149.00545024074478,0.0,0.5459216648876891,0.118,follow,1
1786427233.808182,11.595153520570404,0.6975806451612904,149.86097429801822,0.0,0.6171895664463133,0.12575163772056194,follow,1
1786427233.8911083,11.395402241560733,0.6915322580645161,148.68766992923852,0.0,0.5450965634157222,0.1288198382336354,follow,1
1786427233.971293,11.467909312930427,0.655241935483871,148.94584563811947,0.0,0.5801605712223252,0.12472401444498808,follow,1
1786427234.0511107,11.735810503966414,0.6370967741935484,149.61292486075757,0.0,0.6084955373595469,0.12219570330920358,follow,1
1786427234.1319218,11.89069504601356,0.6310483870967742,148.4842970025743,0.0,0.5359658459876318,0.12517341373315052,follow,1
1786427234.2106688,11.992618719917896,0.594758064516129,148.7550688260954,0.0,0.5756876184047236,0.12091001544085243,follow,1
1786427234.2875135,12.113536593582749,0.5766129032258065,147.5091435294269,0.0,0.5081816779429431,0.12275171399570502,follow,1
1786427234.3617277,12.315152314377508,0.5403225806451613,149.78633080197895,0.0,0.6530576889785009,0.11386342836229207,follow,1
1786427234.435321,12.544747294315004,0.5282258064516129,144.7933906596023,0.0,0.33365675437064723,0.09659178607567105,follow,1
1786427234.509022,12.738462006935372,0.5040322580645161,148.57031992397873,0.0,0.6536567543706473,0.10459178607567104,follow,1
1786427234.58659,12.886101558756309,0.49798387096774194,148.50489145001424,0.0,0.5585099224095093,0.11259178607567105,follow,1
1786427234.662664,12.919693382419654,0.49798387096774194,149.25938086304026,0.0,0.5995134029543552,0.11344108680365059,follow,1
1786427234.7395933,12.947275285369631,0.49798387096774194,150.85218440096546,0.0,0.6631081438706775,0.11069415171648311,follow,1
1786427234.8138003,12.973945517051202,0.49193548387096775,149.29644373598225,0.0,0.5466922276051148,0.11531577398685523,follow,1
1786427234.889253,13.046060470313584,0.4616935483870968,158.89639639639742,0.0,0.8666922276051148,0.09,follow,1
1786427234.9585211,13.101019531559906,0.41006912442396315,140.72038545745482,0.0,0.5466922276051147,0.09,follow,1
1786427235.0450056,13.369893983051869,0.7883064516129032,150.38099087403629,0.0,0.8348399225027219,0.098,follow,1
1786427235.1357496,13.01801734376424,0.8366935483870968,150.4865551422068,0.0,0.6088939531979538,0.10600000000000001,follow,1
1786427235.2190492,12.61973050747376,0.6733870967741936,150.35859775018392,0.0,0.6000548501737315,0.11400000000000002,follow,1
1786427235.3096552,12.46630986137755,0.9092741935483871,150.44594802920287,0.0,0.6004949374400953,0.12200000000000003,follow,1
1786427235.393784,12.204518864267918,0.685483870967742,150.38387864518967,0.0,0.6024335729763571,0.12566611931888716,follow,1
1786427235.4755373,12.129026690050948,0.7157258064516129,150.60053936736148,0.0,0.6104159132705241,0.12726980745299954,follow,1
1786427235.5576968,12.164980265933917,0.7338709677419355,150.2337894904428,0.0,0.5885188981413741,0.12953697140763784,follow,1
1786427235.639715,12.16433473742658,0.7338709677419355,149.10597688076848,0.0,0.5446149464054727,0.13169342375702595,follow,1
1786427235.7257679,12.10176349076823,0.6975806451612904,150.47064479042854,0.0,0.6389583486644498,0.12470224636275888,follow,1
1786427235.8085604,12.061265550520355,0.6915322580645161,149.42678654923495,0.0,0.5587411958734589,0.12816415394877415,follow,1
1786427235.894286,12.076640478851095,0.6794354838709677,148.3974315418019,0.0,0.5312306786073252,0.12866767727087447,follow,1
1786427235.9755726,11.957437747305036,0.6491935483870968,149.49222592047988,0.0,0.6070797999734516,0.12305723876885237,follow,1
1786427236.0545998,12.04430975083931,0.6370967741935484,147.8942196076773,0.0,0.5069963083299982,0.12693444856452063,follow,1
1786427236.1365588,12.112087423732614,0.6189516129032258,146.8442238819543,0.0,0.49136589968405864,0.12641831379170534,follow,1
1786427236.2226224,12.16943634695201,0.594758064516129,148.60332423428815,0.0,0.6081690601737385,0.11942806996104223,follow,1
1786427236.3027217,12.085834044912593,0.5766129032258065,144.95394380252876,0.0,0.39207900552160796,0.11472037665621124,follow,1
1786427236.3781953,12.155823715323104,0.5463709677419355,146.15872723557536,0.0,0.5343857889900973,0.11952430948916468,follow,1
1786427236.4485023,12.38502040499135,0.5161290322580645,148.30977111866923,0.0,0.6266366287253166,0.11345376276904315,follow,1
1786427236.5279303,12.762438427510203,0.48588709677419356,147.64301772889692,0.0,0.5436170256199235,0.11504078084923015,follow,1
1786427236.603248,12.727710674405676,0.4495967741935484,148.76613673328598,0.0,0.6255026834638195,0.10915912699704343,follow,1
1786427236.690055,12.798165507502155,0.7580645161290323,146.6467443327747,0.0,0.4589552588041049,0.11423520442996471,follow,1
1786427236.7731705,12.566639201661747,0.8004032258064516,146.492634180303,0.0,0.5090465836421644,0.120173831531589,follow,1
1786427236.8592262,12.423128732184153,0.6370967741935484,146.49701691118028,0.0,0.5249624913846147,0.12223566151590329,follow,1
1786427236.953997,12.29195267343613,0.8850806451612904,146.8997550949939,0.0,0.5462189644185212,0.1302356615159033,follow,1
1786427237.0358517,11.917470391999402,0.6733870967741936,146.77560345019828,0.0,0.5422862323462571,0.12773220803681828,follow,1
1786427237.1194842,12.026683680087705,0.7096774193548387,146.94317222606693,0.0,0.5504006749982899,0.1297839342235749,follow,1
1786427237.2158916,11.96501604170244,1.0,147.35862404347014,0.0,0.5623863162060853,0.1377839342235749,follow,1
1786427237.3005621,11.679218124732103,0.7036290322580645,146.9390072687694,0.0,0.5329545856877267,0.13022126713889293,follow,1
1786427237.3844292,11.698149103760965,0.6915322580645161,146.80846043805715,0.0,0.5322464234572577,0.12943734367800194,follow,1
1786427237.4719915,11.74056493782814,0.655241935483871,146.86773801836586,0.0,0.5355550739881977,0.1268268569767837,follow,1
1786427237.556556,11.624989413409809,0.6431451612903225,146.90825722784686,0.0,0.5330395486209404,0.12612751875682915,follow,1
1786427237.6481605,11.739414617922748,0.6370967741935484,146.06562041788862,0.0,0.4887559526614982,0.1277860451697937,follow,1
1786427237.7276025,11.571179984744315,0.594758064516129,145.3847773623528,0.0,0.4735980459614761,0.12556778837759283,follow,1
1786427237.8054702,11.760010024647826,0.5584677419354839,146.47421424302664,0.0,0.5424664951622777,0.11998051489027137,follow,1
1786427237.8839672,11.978347017100457,0.5403225806451613,145.5566002048376,0.0,0.47252947017997177,0.12185315600576799,follow,1
1786427237.9540012,12.131172476438547,0.5040322580645161,143.85698447893603,0.0,0.40436392663721554,0.1133445642258729,follow,1
1786427238.0289106,12.529241052649532,0.4798387096774194,140.20114345114362,0.0,0.24700587492339152,0.09,follow,1
1786427238.1152582,12.722847990843922,0.7580645161290323,147.82867350659276,0.0,0.5670058749233915,0.098,follow,1
1786427238.1998718,12.502390408713147,0.7943548387096775,147.7477999691239,0.0,0.5448691573273399,0.10600000000000001,follow,1
1786427238.283562,12.36126475219996,0.6370967741935484,147.83222790314522,0.0,0.5489716121163913,0.10478094687570662,follow,1
1786427238.3745892,12.29093275247502,0.8850806451612904,147.69671708298642,0.0,0.5499469765606665,0.11278094687570661,follow,1
1786427238.461956,12.02848141668292,0.6733870967741936,147.3336566714869,0.0,0.5511716433843883,0.12078094687570662,follow,1
1786427238.5416894,11.904246358134232,0.7096774193548387,147.51737003394902,0.0,0.5686804627098618,0.12878094687570663,follow,1
1786427238.6277704,12.03033450312323,0.7036290322580645,146.89170203790246,0.0,0.5366557116388497,0.13004228762750777,follow,1
1786427238.7107444,11.942083532904594,0.6975806451612904,146.30702351955412,0.0,0.5236226674078195,0.13026214704733632,follow,1
1786427238.809062,11.964032555890286,1.0,147.3158266039207,0.0,0.5859598381043214,0.13826214704733633,follow,1
1786427238.8938663,11.61811314599919,0.6491935483870968,146.1096947389748,0.0,0.5077039354400125,0.12772703486310935,follow,1
1786427238.9819415,11.593785066757722,0.6431451612903225,146.8871170806806,0.0,0.5635995980843492,0.12469610513999402,follow,1
1786427239.0653133,11.59805322968265,0.6129032258064516,146.94214862705954,0.0,0.5498499180397722,0.12330807706704988,follow,1
1786427239.1488707,11.673240574829725,0.594758064516129,146.79543457096622,0.0,0.5412726875262749,0.12248017515284987,follow,1
1786427239.2408302,11.73304702756901,0.5887096774193548,144.13666267942605,0.0,0.40906288916901995,0.11757588149512366,follow,1
1786427239.3240397,11.54990017724625,0.5524193548387096,145.65023039985257,0.0,0.5411974384380865,0.11962953338833629,follow,1
1786427239.4011283,11.666115609299725,0.5403225806451613,143.7368211831453,0.0,0.42063208132993235,0.11425697639581597,follow,1
1786427239.4824178,11.910692688617672,0.5100806451612904,146.78100345485447,0.0,0.6162597725751068,0.11351038763812095,follow,1
1786427239.5562754,11.968924494684897,0.4798387096774194,143.82197176934017,0.0,0.40030331540663877,0.1102816810796695,follow,1
1786427239.6288373,12.325655936417153,0.4435483870967742,141.913449305675,0.0,0.3645713271090947,0.10068327324477959,follow,1
1786427239.7003586,12.602822413127512,0.3551612903225806,121.59631498936719,0.0,0.04457132710909467,0.09,follow,1
1786427239.7817883,12.894765607744386,0.6370967741935484,147.64288515583877,0.0,0.3645713271090947,0.098,follow,1
1786427239.8705873,12.749889910911282,0.8790322580645161,147.56431782768487,0.0,0.5429309853680125,0.10600000000000001,follow,1
1786427239.9528034,12.426782446261031,0.6794354838709677,147.7508555402297,0.0,0.5623307669336551,0.11400000000000002,follow,1
1786427240.0388544,12.379071293995604,0.7096774193548387,147.84274394879657,0.0,0.5643453510855871,0.12200000000000003,follow,1
1786427240.13709,12.192868212938436,1.0,148.24202237814558,0.0,0.5823715772337772,0.13000000000000003,follow,1
1786427240.2267144,11.85175537277474,0.6975806451612904,147.57929733626915,0.0,0.5397904686513069,0.12948275797864245,follow,1
1786427240.3126113,11.694933401395609,0.6975806451612904,147.3497308988874,0.0,0.5391706679251376,0.12951263624739837,follow,1
1786427240.3972,11.689899189804132,0.655241935483871,147.78693804954437,0.0,0.5637527821892997,0.12549752889434562,follow,1
1786427240.4748986,11.731017735421196,0.6431451612903225,147.5334496660058,0.0,0.5379687676021364,0.1258966372205118,follow,1
1786427240.5606234,11.952999211737453,0.6431451612903225,146.01699131092812,0.0,0.46602519939046916,0.12370782781193557,follow,1
1786427240.641606,11.894296654324352,0.6008064516129032,147.61286105386193,0.0,0.581247130756154,0.12105800861136874,follow,1
1786427240.7267053,11.991693677517326,0.5887096774193548,144.9941757803602,0.0,0.41408295707793874,0.11556188380497302,follow,1
1786427240.8070176,11.867453754749185,0.5524193548387096,146.1570712900549,0.0,0.5285844963732622,0.12019158185292243,follow,1
1786427240.8811257,12.038055983024378,0.5342741935483871,145.78212728199492,0.0,0.48035652128131845,0.121089785083481,follow,1
1786427240.9536507,12.357574500557527,0.5100806451612904,145.75038857908794,0.0,0.48585945671820785,0.11880784252463922,follow,1
1786427241.0262513,12.644653769525608,0.4737903225806452,139.02106357369357,0.0,0.16585945671820784,0.09,follow,1
1786427241.0972157,12.860671062291708,0.4495967741935484,147.23335807930084,0.0,0.48585945671820785,0.098,follow,1
1786427241.1846926,13.028287047087135,0.7943548387096775,149.90265048418433,0.0,0.6329817237061277,0.10600000000000001,follow,1
1786427241.2695227,12.76461777643102,0.8245967741935484,149.27838238864828,0.0,0.5463430745263285,0.10557967574632714,follow,1
1786427241.3546543,12.572449358252378,0.8487903225806451,149.17969530005809,0.0,0.5663616050742472,0.11357967574632713,follow,1
1786427241.4413538,12.403395131075325,0.8971774193548387,148.88405258518287,0.0,0.5634467289443753,0.12157967574632714,follow,1
1786427241.5186467,12.245506640352698,0.6975806451612904,148.4826654195652,0.0,0.5604345336049953,0.1284875850224687,follow,1
1786427241.6051652,12.376285564069327,1.0,148.96143562482843,0.0,0.5913349603815458,0.13648758502246872,follow,1
1786427241.694665,12.204430468929607,0.7096774193548387,148.75856046513937,0.0,0.5740053469884516,0.12863887158533216,follow,1
1786427241.7767425,12.007963201299352,0.6975806451612904,148.0459927122508,0.0,0.540999399187439,0.12942447997098505,follow,1
1786427241.8553665,12.0328512004398,0.6612903225806451,148.39324915264913,0.0,0.5746688093907556,0.12538555478889649,follow,1
1786427241.9342694,12.162922043167148,0.6491935483870968,148.1342368397626,0.0,0.5511511402054681,0.12568539640217463,follow,1
1786427242.0143862,12.179803890339969,0.6431451612903225,148.0910526041125,0.0,0.556269608972522,0.1250394372487488,follow,1
1786427242.0856657,12.340613581570466,0.6129032258064516,147.11976911767306,0.0,0.5104271847597691,0.1251246766165924,follow,1
1786427242.156966,12.679209537885399,0.594758064516129,146.4977732440126,0.0,0.49624405374574454,0.12453457842619044,follow,1
1786427242.2277358,12.93544737119294,0.5887096774193548,145.7073792435634,0.0,0.4704113112106931,0.12087030155781757,follow,1
1786427242.2989788,13.198498244300028,0.5463709677419355,144.2248139255706,0.0,0.4116159415311352,0.10504159460558846,follow,1
1786427242.3690026,13.361948029091957,0.5100806451612904,142.12054791493176,0.0,0.33643308218947526,0.09,follow,1
1786427242.4346101,13.53295366755368,0.48588709677419356,137.1807799060046,0.0,0.12165228603041509,0.09,follow,1
1786427242.4980857,13.885720684901782,0.4616935483870968,139.70217620217912,0.0,0.3856501870332508,0.09,follow,1
1786427242.5594883,14.264373576619692,0.38297235023041476,111.70217620217912,0.0,0.06565018703325082,0.09,follow,1
1786427242.6465077,14.676846407046877,0.9637096774193549,139.70217620217912,0.0,0.3856501870332508,0.09,follow,1
1786427242.733839,14.015769912960506,1.0,167.70217620217912,0.0,0.7056501870332508,0.09,follow,1
1786427242.8070233,13.517850175642472,0.6612903225806451,150.36117734805575,0.0,0.38565018703325077,0.098,follow,1
1786427242.881379,13.55424146682464,0.7096774193548387,149.75845411345415,0.0,0.5788954545769701,0.10600000000000001,follow,1
1786427242.9694204,13.528047993880332,1.0,150.94984300473357,0.0,0.6568279517269606,0.11400000000000002,follow,1
1786427243.048443,13.056454060487452,0.7036290322580645,150.26198456155205,0.0,0.5939472006485824,0.12200000000000003,follow,1
1786427243.1261425,13.033865017446718,0.6915322580645161,150.5923990940582,0.0,0.6236400828247604,0.12504547849813372,follow,1
1786427243.2138577,12.99367722276218,1.0,178.5923990940582,0.0,0.9436400828247604,0.10750890683726384,follow,1
1786427243.287514,12.680062063237104,0.6491935483870968,151.05442584741863,0.0,0.6236400828247604,0.11550890683726384,follow,1
1786427243.3646176,12.860775799970227,0.6491935483870968,152.3802649008146,0.0,0.691289731052286,0.1191001088450441,follow,1
1786427243.4403598,12.883509935460213,0.6129032258064516,149.9843396818609,0.0,0.5327311160202799,0.12409691146410808,follow,1
1786427243.5156217,12.943739172168769,0.6008064516129032,151.96224122550666,0.0,0.6915489628969286,0.1160088043678346,follow,1
1786427243.5876355,13.015662554287129,0.5887096774193548,150.15271132376378,0.0,0.5417517621021919,0.12205067686877581,follow,1
1786427243.6633663,13.189811382186473,0.5826612903225806,150.43424319804657,0.0,0.5962188101395554,0.11917455540384805,follow,1
1786427243.738335,13.183431134852553,0.5463709677419355,151.92778358151836,0.0,0.6625111832031149,0.11383434081053592,follow,1
1786427243.8136308,13.156646833994262,0.5403225806451613,148.0671668806277,0.0,0.42560030676418054,0.1128018071081086,follow,1
1786427243.884407,13.251593319356896,0.5040322580645161,152.19068736141907,0.0,0.7302283780072079,0.10817395107303088,follow,1
1786427243.9532733,13.427230226521331,0.48588709677419356,146.7093018662979,0.0,0.41022837800720785,0.10799840712467715,follow,1
1786427244.0202007,13.629897890776018,0.45564516129032256,139.7283708938123,0.0,0.09039847973316983,0.09,follow,1
1786427244.1017046,13.892879570610663,0.782258064516129,153.48020668398846,0.0,0.41039847973316984,0.09392759378857092,follow,1
1786427244.1841066,13.564041857230698,0.8004032258064516,153.52177048044013,0.0,0.6387794405139587,0.10001178178500125,follow,1
1786427244.2677698,13.252229380502843,0.8245967741935484,153.45972197757314,0.0,0.6374263437361415,0.10168890253741603,follow,1
1786427244.352551,13.019654530718011,0.8608870967741936,153.09707823552205,0.0,0.6309525614621672,0.10744470008439869,follow,1
1786427244.4352949,12.740100182039392,0.6431451612903225,153.24867194372783,0.0,0.6507993359792889,0.09297045553868537,follow,1
1786427244.5152948,12.571763928487883,0.6794354838709677,153.1897825308014,0.0,0.6455296964413564,0.09561200330796041,follow,1
1786427244.603173,12.56454506704871,0.9637096774193549,153.40953994779585,0.0,0.6674772990136534,0.10361200330796042,follow,1
1786427244.6872797,12.317815176050864,0.6975806451612904,152.482943938892,0.0,0.6222989783751319,0.11161200330796042,follow,1
1786427244.7687724,12.311628336357867,0.6975806451612904,152.9971523217522,0.0,0.6617115403017693,0.11961200330796043,follow,1
1786427244.84675,12.28309165274759,0.6612903225806451,152.7718832680851,0.0,0.6419504381040932,0.12220347015889918,follow,1
1786427244.92073,12.42496772592819,0.6491935483870968,152.91545230449972,0.0,0.6560037648507144,0.1207582405043137,follow,1
1786427244.9959908,12.628928550445432,0.6431451612903225,152.08800164387856,0.0,0.6081295916734848,0.12261034807152488,follow,1
1786427245.0738835,12.778891067903633,0.6491935483870968,152.3482273049602,0.0,0.6437019736234596,0.12133631705132146,follow,1
1786427245.1487017,12.751707658296578,0.6008064516129032,152.7613583930601,0.0,0.6545331178230802,0.11770325094589637,follow,1
1786427245.2250679,12.897311369747216,0.594758064516129,151.34774176421917,0.0,0.571163986307718,0.12111640332800826,follow,1
1786427245.3001208,12.938078588034685,0.564516129032258,148.9589380745042,0.0,0.4794496798193781,0.1092522519395327,follow,1
1786427245.375029,13.034481610930627,0.5463709677419355,152.79626305841538,0.0,0.7361448996733009,0.11056431348316778,follow,1
1786427245.4543962,13.052340804245604,0.5161290322580645,142.66539127370763,0.0,0.41614489967330087,0.09,follow,1
1786427245.5254655,12.970987081693522,0.48588709677419356,143.68484343432954,0.0,0.404099893903006,0.09,follow,1
1786427245.5934153,13.231241630597601,0.4616935483870968,139.35513045512744,0.0,0.14711193186664273,0.09,follow,1
1786427245.678751,13.474356607585541,0.7701612903225807,154.32596091582369,0.0,0.46711193186664274,0.09,follow,1
1786427245.7648933,13.154027420916227,0.7943548387096775,154.38989509513442,0.0,0.6440351577738084,0.09,follow,1
1786427245.8633168,12.789105545730393,0.8366935483870968,154.31913456572886,0.0,0.6273798391818695,0.09,follow,1
1786427245.9517481,12.307738391460656,0.8608870967741936,154.70899205168956,0.0,0.6646032197741929,0.09,follow,1
1786427246.0325887,12.097211874819955,0.655241935483871,155.336300451848,0.0,0.7073168634390643,0.098,follow,1
1786427246.130082,12.161019173797929,0.9516129032258064,155.40141666454906,0.0,0.6952343946889395,0.10569352517156996,follow,1
1786427246.2124152,11.77499901412331,0.7036290322580645,156.30139647020684,0.0,0.7376418743916975,0.0997862758734561,follow,1
1786427246.2932377,11.853465860487011,0.6975806451612904,155.29416707262428,0.0,0.67705022416336,0.1077862758734561,follow,1
1786427246.3715498,11.954497485288226,0.655241935483871,155.6046084121627,0.0,0.7123242779782206,0.11578627587345611,follow,1
1786427246.4470074,12.13015065587605,0.6491935483870968,155.64165232813707,0.0,0.7053434796961962,0.11843970562908096,follow,1
1786427246.5246112,12.308093385251968,0.6491935483870968,155.30065306181962,0.0,0.6856191777713319,0.11936657523190776,follow,1
1786427246.6009846,12.455491802640385,0.6129032258064516,155.3680233370351,0.0,0.6980436314270126,0.11647931075416583,follow,1
1786427246.6749232,12.587311273204463,0.6008064516129032,153.9068873235104,0.0,0.619262308041648,0.11931781635215366,follow,1
1786427246.752278,12.764732807306677,0.594758064516129,154.25445590891331,0.0,0.6710107030276905,0.11656095928185746,follow,1
1786427246.8245883,12.817961228239966,0.564516129032258,154.71552975326549,0.0,0.6812590886433582,0.11416111743962862,follow,1
1786427246.8943694,12.98634364935655,0.5463709677419355,154.2690895507143,0.0,0.6418965414170184,0.11474982416810538,follow,1
1786427246.9626322,13.21953414789533,0.5342741935483871,146.46005682569012,0.0,0.32189654141701834,0.09,follow,1
1786427247.0285983,13.585831534324225,0.49193548387096775,147.65174850823155,0.0,0.49303291527870186,0.09,follow,1
1786427247.0934393,13.872948569468182,0.4616935483870968,145.40203580203809,0.0,0.33474493319209986,0.09,follow,1
1786427247.16204,14.195955147126385,0.4435483870967742,136.84670411419685,0.0,0.014744933192099852,0.09,follow,1
1786427247.2505314,14.2786869644318,0.8004032258064516,158.2042004793301,0.0,0.33474493319209986,0.09,follow,1
1786427247.3382363,13.68770257174371,1.0,184.92520987733985,0.0,0.6547449331920998,0.09,follow,1
1786427247.4267368,13.17643490885612,0.8487903225806451,157.76040020076076,0.0,0.3347449331920998,0.09,follow,1
1786427247.506642,12.854505326756657,0.6370967741935484,158.0214691558441,0.0,0.6547449331920998,0.09,follow,1
1786427247.5925512,12.78378574333028,1.0,186.0214691558441,0.0,0.9747449331920999,0.09,follow,1
1786427247.6774716,12.546356623186242,1.0,189.3249652194424,0.0,1.0,0.09,follow,1
1786427247.7538664,12.405981745035197,0.6975806451612904,161.3249652194424,0.0,0.9747449331920999,0.09180140652490411,follow,1
1786427247.8291807,12.52128552418561,0.6975806451612904,156.81279720961052,0.0,0.6547449331920998,0.0998014065249041,follow,1
1786427247.9015212,12.68284767538739,0.6612903225806451,157.39343233016177,0.0,0.761889229236543,0.10780140652490411,follow,1
1786427247.9761536,12.90216202819517,0.6491935483870968,156.84078054298627,0.0,0.7170136751977922,0.11580140652490412,follow,1
1786427248.0493433,13.00407783337607,0.6491935483870968,157.35129557119785,0.0,0.7589947802797969,0.11591856395053182,follow,1
1786427248.136811,13.151711570940613,1.0,185.35129557119785,0.0,1.0,0.09,follow,1
1786427248.2110503,12.750195515957849,0.6068548387096775,157.35129557119785,0.0,0.7589947802797969,0.098,follow,1
1786427248.28433,12.953694526832106,0.594758064516129,154.67299884587396,0.0,0.6059872208496968,0.10600000000000001,follow,1
1786427248.3599923,13.117578194902347,0.5826612903225806,152.17089765580346,0.0,0.5257187046211905,0.09782592472196179,follow,1
1786427248.4328122,13.116145732563115,0.5524193548387096,155.50769138424636,0.0,0.7536231952581272,0.10582592472196178,follow,1
1786427248.5062308,13.207261517692174,0.5403225806451613,149.41281693065702,0.0,0.43362319525812715,0.09,follow,1
1786427248.5774927,13.340020704516068,0.5040322580645161,147.32293316439694,0.0,0.387751786308753,0.09,follow,1
1786427248.647765,13.479400190315571,0.49193548387096775,143.1552007363624,0.0,0.2137248314687329,0.09,follow,1
1786427248.7192814,13.564283040321435,0.467741935483871,136.56502743344987,0.0,-0.02415869080366917,0.09,follow,1
1786427248.8176637,13.701057133636578,1.0,164.56502743344987,0.0,0.29584130919633084,0.09,follow,1
1786427248.9101422,12.984541955557205,1.0,192.56502743344987,0.0,0.6158413091963308,0.09,follow,1
1786427248.9956994,12.508070569547494,0.8245967741935484,164.56502743344987,0.0,0.29965568259216635,0.09,follow,1
1786427249.0810008,12.423029555600671,0.872983870967742,159.7610524840524,0.0,0.6196556825921664,0.09,follow,1
1786427249.171507,12.274021550166339,1.0,187.7610524840524,0.0,0.9396556825921665,0.09,follow,1
1786427249.2616053,12.033905658360723,1.0,197.63698819826925,0.0,1.0,0.09,follow,1
1786427249.3505383,11.835546199188713,1.0,200.58772935802642,0.0,1.0,0.09,follow,1
1786427249.439767,11.732561049378663,1.0,209.54641388605833,0.0,1.0,0.09,follow,1
1786427249.533019,11.613893622130979,1.0,207.0823249244081,0.0,1.0,0.09,follow,1
1786427249.6103647,11.440344483230666,0.655241935483871,179.0823249244081,0.0,1.0,0.09,follow,1
1786427249.6908727,11.742935302374345,0.655241935483871,160.7109114880235,0.0,0.9999999999999998,0.098,follow,1
1786427249.7782295,11.862804609361,1.0,188.7109114880235,0.0,1.0,0.09,follow,1
1786427249.8518531,11.798825038762914,0.594758064516129,160.7109114880235,0.0,0.9999999999999998,0.098,follow,1
1786427249.9406877,12.128933708298533,0.5887096774193548,158.6542207792206,0.0,0.6837374010256794,0.10600000000000001,follow,1
1786427250.0141864,11.957028714479172,0.5584677419354839,159.36778304935893,0.0,0.7568887761981477,0.11039302463552939,follow,1
1786427250.0836802,12.257727586074335,0.5463709677419355,158.06426029986463,0.0,0.6676622570048706,0.09532282560862503,follow,1
1786427250.15647,12.715411351419313,0.5342741935483871,153.2671609809507,0.0,0.43149586412228025,0.09,follow,1
1786427250.2445529,12.943597419011981,1.0,181.2671609809507,0.0,0.7514958641222802,0.09,follow,1
1786427250.3097591,12.626860307529176,0.4798387096774194,153.2671609809507,0.0,0.4314958641222802,0.09,follow,1
1786427250.3764086,13.168181024589309,0.4435483870967742,141.81776673279307,0.0,0.11149586412228019,0.09,follow,1
1786427250.4648228,13.513558310142503,1.0,169.81776673279307,0.0,0.4314958641222802,0.09,follow,1
1786427250.5581572,13.085596250788427,1.0,194.36707513860833,0.0,0.7514958641222802,0.09,follow,1
1786427250.6471949,12.598117525909254,0.872983870967742,204.16775542284583,0.0,1.0,0.098,follow,1
1786427250.7397978,12.33221174785804,0.9637096774193549,197.19792690263156,0.0,1.0,0.09,follow,1
1786427250.8252227,12.023530357937146,0.9516129032258064,196.92424846898592,0.0,1.0,0.09,follow,1
1786427250.9152825,11.959984332299817,0.939516129032258,199.5530034125428,0.0,1.0,0.09,follow,1
1786427250.9962497,11.76862418047721,0.6673387096774193,171.5530034125428,0.0,1.0,0.09,follow,1
1786427251.0823934,11.921074465915265,1.0,199.5530034125428,0.0,1.0,0.09,follow,1
1786427251.1582508,11.858476132903927,0.6612903225806451,171.5530034125428,0.0,1.0,0.09013511612903226,follow,1
1786427251.2309475,12.123111145154473,0.6491935483870968,165.04938638512485,0.0,0.9999999999999998,0.09813511612903225,follow,1
1786427251.3287373,12.441041388089396,1.0,193.04938638512485,0.0,1.0,0.10613511612903226,follow,1
1786427251.3995266,11.98789594058841,0.6129032258064516,165.04938638512485,0.0,0.9999999999999998,0.10256516129032259,follow,1
1786427251.4709558,12.44597878562777,0.6068548387096775,163.69108383100982,0.0,0.8126642885126256,0.1105651612903226,follow,1
1786427251.5535254,12.686702847352922,0.594758064516129,162.55872589528687,0.0,0.7800365098818393,0.11142089929822518,follow,1
1786427251.6238647,12.60798313568179,0.5584677419354839,164.24608676562073,0.0,0.8791976869488968,0.1049242110205173,follow,1
1786427251.7182271,12.952768780431995,1.0,192.24608676562073,0.0,1.0,0.1129242110205173,follow,1
1786427251.789368,12.472351286483843,0.5161290322580645,164.24608676562073,0.0,0.8791976869488967,0.09,follow,1
1786427251.8622086,12.782056182408812,0.49798387096774194,162.1280487804881,0.0,0.7327655115393152,0.098,follow,1
1786427251.928603,12.98809923628188,0.48588709677419356,149.3679632184764,0.0,0.41276551153931523,0.09,follow,1
1786427251.9918303,13.409793989845344,0.4495967741935484,153.88537174400594,0.0,0.6886586522241281,0.09,follow,1
1786427252.0580513,13.863866770956243,0.4435483870967742,145.00339884854188,0.0,0.36865865222412814,0.09,follow,1
1786427252.1215017,14.136342715126503,0.407258064516129,117.00339884854188,0.0,0.04865865222412813,0.09,follow,1
1786427252.2104557,14.435655391736093,0.9576612903225807,145.00339884854188,0.0,0.36865865222412814,0.09,follow,1
1786427252.2997963,13.782112546395425,1.0,173.00339884854188,0.0,0.6886586522241281,0.09,follow,1
1786427252.3924105,13.262717428596574,1.0,193.39674571277504,0.0,1.0,0.09,follow,1
1786427252.4733942,12.777743711219879,0.6068548387096775,166.15285774582492,0.0,0.688658652224128,0.098,follow,1
1786427252.5648856,12.686929516297525,0.969758064516129,194.15285774582492,0.0,1.0,0.09,follow,1
1786427252.6480675,12.360605255936694,0.6612903225806451,169.9549269297716,0.0,0.688658652224128,0.09,follow,1
1786427252.737703,12.286578678887688,1.0,193.46385008024447,0.0,1.0,0.09,follow,1
1786427252.8248792,12.06290443408438,1.0,199.19178726666019,0.0,1.0,0.098,follow,1
1786427252.898171,11.934303548247078,0.6068548387096775,171.19178726666019,0.0,1.0,0.1018294412738026,follow,1
1786427252.971055,12.294936444386183,0.6008064516129032,167.02588513949962,0.0,0.8463747925167008,0.10892145848470253,follow,1
1786427253.0602028,12.47206405888212,1.0,195.02588513949962,0.0,1.0,0.1149162865775681,follow,1
1786427253.1323006,12.261745366105913,0.564516129032258,167.02588513949962,0.0,0.8463747925167007,0.10675320138535112,follow,1
1786427253.2036269,12.638892025988593,0.5524193548387096,166.763368732109,0.0,0.9213234922496172,0.10269064127292722,follow,1
1786427253.295778,12.88389284780765,1.0,194.763368732109,0.0,1.0,0.11069064127292721,follow,1
1786427253.3705907,12.496067979509656,0.49798387096774194,166.763368732109,0.0,0.9213234922496172,0.09,follow,1
1786427253.4364312,12.650509154862705,0.4737903225806452,138.763368732109,0.0,0.6013234922496171,0.09,follow,1
1786427253.5042663,13.153631440940257,0.4495967741935484,154.02487123882244,0.0,0.9213234922496172,0.09,follow,1
1786427253.5917532,13.475643678982852,0.9576612903225807,182.02487123882244,0.0,1.0,0.09,follow,1
1786427253.6759713,13.081519549117907,0.8366935483870968,207.63437565747938,0.0,1.0,0.09,follow,1
1786427253.7615483,12.827610676034162,0.969758064516129,199.12426740002218,0.0,1.0,0.09,follow,1
1786427253.8460388,12.580888605380101,0.8790322580645161,209.06601108569453,0.0,1.0,0.09,follow,1
1786427253.9307518,12.463478023536268,0.8971774193548387,203.25051358074097,0.0,1.0,0.09,follow,1
1786427254.023217,12.327262390586704,0.939516129032258,203.78216624645628,0.0,1.0,0.09,follow,1
1786427254.1059287,12.018131380714378,0.9637096774193549,202.78272124387217,0.0,1.0,0.09,follow,1
1786427254.1903715,12.027614233023485,1.0,201.73041976941943,0.0,1.0,0.09,follow,1
1786427254.280237,11.98429314412022,1.0,197.93771399642918,0.0,1.0,0.09,follow,1
1786427254.3530343,11.809278703059872,0.6008064516129032,177.53823556553544,0.0,1.0,0.09,follow,1
1786427254.4248405,12.178230061683575,0.6008064516129032,177.7098495801159,0.0,1.0,0.09571325658056015,follow,1
1786427254.5122151,12.583017932416883,1.0,200.7593195919789,0.0,1.0,0.09881584876863565,follow,1
1786427254.5813634,12.343342395654998,0.5584677419354839,175.90650681172352,0.0,1.0,0.09349037559091579,follow,1
1786427254.6534276,12.767117058817226,0.5524193548387096,177.13936420722197,0.0,1.0,0.09310167357851132,follow,1
1786427254.7418861,12.988318141178329,1.0,201.42749169640905,0.0,1.0,0.09872675711926689,follow,1
1786427254.8136463,12.654670520994827,0.5040322580645161,174.27351916376486,0.0,1.0,0.0905631780605918,follow,1
1786427254.8800397,12.905736420532838,0.49798387096774194,171.02981774323337,0.0,0.8481078369361268,0.093713000106273,follow,1
1786427254.9453747,13.335527499106613,0.467741935483871,150.2501100724805,0.0,0.5281078369361267,0.09,follow,1
1786427255.033299,13.731765557002431,1.0,178.2501100724805,0.0,0.8481078369361268,0.098,follow,1
1786427255.119762,13.241842498419171,1.0,202.74414684080287,0.0,1.0,0.10600000000000001,follow,1
1786427255.2056882,12.932443711106924,0.9334677419354839,196.06333588395776,0.0,1.0,0.09,follow,1
1786427255.2897236,12.67733988616683,0.9516129032258064,194.06959571061932,0.0,1.0,0.09,follow,1
1786427255.3813598,12.525088686261862,0.9576612903225807,194.5813366420555,0.0,1.0,0.09,follow,1
1786427255.4694512,12.156157430114698,0.9576612903225807,195.67765410349725,0.0,1.0,0.09,follow,1
1786427255.5549707,12.03637984070029,0.9576612903225807,198.90153762315535,0.0,1.0,0.09,follow,1
1786427255.6425698,11.975953097838145,0.9637096774193549,211.27419868725246,0.0,1.0,0.09,follow,1
1786427255.7292662,11.827880571778612,1.0,200.99067222880444,0.0,1.0,0.09352349889692041,follow,1
1786427255.8148522,11.796303910324133,1.0,200.65614371578567,0.0,1.0,0.09,follow,1
1786427255.897665,11.78183733104051,1.0,201.3129262728089,0.0,1.0,0.09,follow,1
1786427255.9670043,11.79821908678378,0.6068548387096775,178.3701084037764,0.0,1.0,0.09,follow,1
1786427256.038833,12.292212799802558,0.6008064516129032,178.561290719493,0.0,1.0,0.09580332783935869,follow,1
1786427256.1239355,12.714275226927919,1.0,204.0260102115836,0.0,1.0,0.09892564317601846,follow,1
1786427256.1914487,12.513681363444316,0.5524193548387096,176.33178779203973,0.0,1.0,0.0932605017379454,follow,1
1786427256.2608726,12.988385604623105,0.5524193548387096,176.06253532182072,0.0,1.0,0.09768369390380892,follow,1
1786427256.346121,13.26789402076188,0.939516129032258,202.741554054964,0.0,1.0,0.09,follow,1
1786427256.4115534,12.920218249987439,0.49193548387096775,174.741554054964,0.0,1.0,0.09,follow,1
1786427256.4951835,13.469166568799373,0.939516129032258,200.41555937007544,0.0,1.0,0.09,follow,1
1786427256.5825124,13.16194799312797,0.9334677419354839,199.63460859729167,0.0,1.0,0.09,follow,1
1786427256.6638296,12.81259192918419,0.8064516129032258,183.36233761414294,0.0,0.9330144679880881,0.098,follow,1
1786427256.7564354,12.707471931305422,0.8487903225806451,183.246454349201,0.0,1.0,0.10600000000000001,follow,1
1786427256.8400772,12.336351699071928,0.8608870967741936,183.39167675305515,0.0,1.0,0.10592525112232297,follow,1
1786427256.92451,12.22417101477386,0.8911290322580645,183.55583015702928,0.0,1.0,0.1074900310293698,follow,1
1786427257.015287,12.172121942540558,0.9092741935483871,206.56101440000953,0.0,1.0,0.09,follow,1
1786427257.1000893,11.940783745103577,0.9455645161290323,206.14485146807115,0.0,1.0,0.09,follow,1
1786427257.1843183,11.90653139021951,0.969758064516129,206.4124154222767,0.0,1.0,0.09,follow,1
1786427257.2689042,11.905338276574923,1.0,208.12072561758697,0.0,1.0,0.09,follow,1
1786427257.3391619,11.887478434363116,0.6068548387096775,182.17592081688355,0.0,1.0,0.09,follow,1
1786427257.409139,12.359416908254397,0.6068548387096775,179.5701239858431,0.0,0.9999999999999998,0.09,follow,1
1786427257.4971669,12.742964185916476,1.0,207.5701239858431,0.0,1.0,0.09,follow,1
1786427257.568716,12.479310922417515,0.5584677419354839,182.55147882084606,0.0,0.9999999999999998,0.098,follow,1
1786427257.6556907,12.732053587399204,0.9274193548387096,202.14192919691877,0.0,1.0,0.09,follow,1
1786427257.7400513,12.50006425986382,1.0,204.24431063519287,0.0,1.0,0.09,follow,1
1786427257.8058693,12.38934512611766,0.5040322580645161,182.41811846689967,0.0,1.0,0.09,follow,1
1786427257.8711598,12.947069434424467,0.49798387096774194,175.19445188957468,0.0,0.9999999999999998,0.09,follow,1
1786427257.955582,13.394542871690602,0.8850806451612904,197.59825589501418,0.0,1.0,0.09,follow,1
1786427258.0390203,13.078417494318941,0.8971774193548387,198.94918895957986,0.0,1.0,0.09,follow,1
1786427258.13067,12.881509868964539,0.8548387096774193,201.14234166754022,0.0,1.0,0.09,follow,1
1786427258.2169316,12.489315856054505,0.8185483870967742,205.7435660560789,0.0,1.0,0.09,follow,1
1786427258.2990108,12.297492856700954,0.8487903225806451,198.09533547337492,0.0,1.0,0.09,follow,1
1786427258.3880546,12.285516951840165,0.8608870967741936,202.26293337500516,0.0,1.0,0.09,follow,1
1786427258.4721453,12.064174983527764,0.8850806451612904,199.26400267500551,0.0,1.0,0.09,follow,1
1786427258.5574286,12.044969342286821,0.9153225806451613,198.74089479685807,0.0,1.0,0.09,follow,1
1786427258.6420908,11.981199318719517,0.9455645161290323,200.3558503933874,0.0,1.0,0.09,follow,1
1786427258.7127943,11.930562949057148,0.6310483870967742,179.0303973250003,0.0,1.0,0.09,follow,1
1786427258.7975268,12.376460782597146,1.0,199.89474509366786,0.0,1.0,0.09,follow,1
1786427258.8831007,12.274770048186816,1.0,194.9366023470797,0.0,1.0,0.09,follow,1
1786427258.9528615,12.15113728237224,0.6129032258064516,176.78648945711967,0.0,1.0,0.098,follow,1
1786427259.0238328,12.575869210060041,0.6008064516129032,175.7522070811157,0.0,0.9263738376287242,0.10525940219589328,follow,1
1786427259.0958443,12.88010060695219,0.6068548387096775,175.10461264446812,0.0,0.920944668362779,0.10585798008883462,follow,1
1786427259.1657665,13.079581465887262,0.5524193548387096,174.12820020315831,0.0,0.8937868570439405,0.1039177081584862,follow,1
1786427259.2361238,13.32984858653937,0.5524193548387096,171.0368732108225,0.0,0.7576698763260404,0.09848763807160557,follow,1
1786427259.3058503,13.498845764853861,0.5100806451612904,170.57031255754995,0.0,0.8154563320362963,0.0938300092858557,follow,1
1786427259.3888452,13.590797289623646,0.7217741935483871,172.20225344275968,0.0,0.9246188276535223,0.1018300092858557,follow,1
1786427259.474356,13.356518964500271,0.7399193548387096,171.03843222362883,0.0,0.8256220108052408,0.1098300092858557,follow,1
1786427259.5585291,13.019638929808192,0.7641129032258064,170.16906442425483,0.0,0.8144375092299683,0.11783000928585571,follow,1
1786427259.6307137,12.784146008227678,0.4435483870967742,154.88120471795798,0.0,0.49443750922996826,0.09,follow,1
1786427259.6976483,12.972490763283929,0.41330645161290325,165.72039072039155,0.0,0.8144375092299683,0.09297108518012083,follow,1
1786427259.7855208,13.276367626518056,0.8125,193.6630999025052,0.0,1.0,0.09,follow,1
1786427259.869836,12.94226589094001,0.8366935483870968,200.3323606621655,0.0,1.0,0.09157866721560874,follow,1
1786427259.9567661,12.690594711803412,0.8548387096774193,198.13232626083743,0.0,1.0,0.09,follow,1
1786427260.043484,12.473312268558995,0.872983870967742,197.23362604678522,0.0,1.0,0.09,follow,1
1786427260.1192129,12.340363479483957,0.6068548387096775,169.23362604678522,0.0,1.0,0.09,follow,1
1786427260.201702,12.510118849735303,0.9274193548387096,196.95275168662454,0.0,1.0,0.09,follow,1
1786427260.2857103,12.362545070938689,0.9516129032258064,197.35674281503321,0.0,1.0,0.09,follow,1
1786427260.3558109,12.34552832566521,0.625,169.35674281503321,0.0,1.0,0.09,follow,1
1786427260.42846,12.71893829764588,0.6491935483870968,160.80344696458064,0.0,0.9999999999999998,0.098,follow,1
1786427260.5151296,12.91656954805483,1.0,185.20622949714144,0.0,1.0,0.09,follow,1
1786427260.5878406,12.637737492694612,0.6068548387096775,159.9395664454085,0.0,0.9999999999999998,0.098,follow,1
1786427260.6616507,12.876596917310202,0.594758064516129,158.38330993654927,0.0,0.6799999999999997,0.10600000000000001,follow,1
1786427260.739223,12.953321361265402,0.5584677419354839,158.575690014758,0.0,0.6325918668021128,0.11400000000000002,follow,1
1786427260.8103623,12.960321949399756,0.5463709677419355,159.47950946336005,0.0,0.6822692632536931,0.1129568968242898,follow,1
1786427260.8909237,13.230170735261412,0.5463709677419355,155.67590546857053,0.0,0.4631959956381705,0.11872409684052333,follow,1
1786427260.961814,13.016362610128215,0.5040322580645161,158.63747228381396,0.0,0.7203742215298731,0.10860109180323654,follow,1
1786427261.041326,13.236344813781445,0.7217741935483871,154.80585869826368,0.0,0.4690768213055535,0.11660109180323655,follow,1
1786427261.126703,13.143176785073084,0.7580645161290323,153.55397085369555,0.0,0.5122683663997619,0.12460109180323656,follow,1
1786427261.19807,12.837288612704654,0.4375,156.84042875922574,0.0,0.7030643226159997,0.10513685493977656,follow,1
1786427261.2705624,13.105895024761367,0.407258064516129,176.51843711843728,0.0,1.0,0.09,follow,1
1786427261.3388426,13.232441730668926,0.38197004608294927,170.77213438734796,0.0,0.9078512235169949,0.09,follow,1
1786427261.4225657,13.54090523225472,0.8487903225806451,149.95718326177249,0.0,0.5878512235169948,0.098,follow,1
1786427261.4975083,13.221170858460404,0.5766129032258065,149.69362691815525,0.0,0.4713343727515842,0.10600000000000001,follow,1
1786427261.5732238,13.232641559719918,0.594758064516129,149.48563914168807,0.0,0.46858246545546844,0.11400000000000002,follow,1
1786427261.648694,13.186892298163684,0.625,147.0196647339526,0.0,0.3687703485216224,0.12200000000000003,follow,1
1786427261.7396307,13.25649573091687,0.9576612903225807,146.2317722626092,0.0,0.3924261602442364,0.13000000000000003,follow,1
1786427261.8152246,12.788886005751753,0.6491935483870968,146.09613485175933,0.0,0.41417467920924483,0.13212209152496343,follow,1
1786427261.8951895,12.820329230033263,0.6431451612903225,145.10237840517692,0.0,0.3736217531881345,0.13359454865877965,follow,1
1786427261.9738986,12.816759522174687,0.6068548387096775,144.17342511455837,0.0,0.358836324525395,0.13167456236814096,follow,1
1786427262.0488584,12.797895378103737,0.594758064516129,143.91968967235076,0.0,0.3732206447218218,0.1301474445732763,follow,1
1786427262.1211612,12.905407819040615,0.5584677419354839,143.65708065519368,0.0,0.3787698395153046,0.12729990391629645,follow,1
1786427262.1977758,13.017165415620255,0.5463709677419355,144.46531544532746,0.0,0.432665134361449,0.12250997025371524,follow,1
1786427262.2751837,13.084834988393307,0.5221774193548387,141.69650990032943,0.0,0.2747344214767625,0.12926248818001945,follow,1
1786427262.3442292,13.052692763618527,0.5040322580645161,153.52201457079406,0.0,0.5947344214767625,0.09426248818001945,follow,1
1786427262.412835,13.341286442620525,0.48588709677419356,147.58883196912737,0.0,0.37483077563124,0.09,follow,1
1786427262.4983673,13.610019722056357,0.752016129032258,138.39886246724504,0.0,0.05483077563124,0.098,follow,1
1786427262.580228,13.224118245119456,0.7641129032258064,137.20816203700062,0.0,0.24226769578419083,0.10600000000000001,follow,1
1786427262.6490338,13.016684894472977,0.4012096774193548,161.07476031214782,0.0,0.5622676957841908,0.09,follow,1
1786427262.7142413,13.305037457166492,0.3563018433179723,189.07476031214782,0.0,0.8822676957841908,0.09,follow,1
1786427262.798709,13.719897972638677,0.8548387096774193,161.07476031214782,0.0,0.5622676957841908,0.098,follow,1
1786427262.8774557,13.336805829586792,0.6008064516129032,133.07476031214782,0.0,0.24226769578419077,0.10600000000000001,follow,1
1786427262.9573586,13.175031213386562,0.6431451612903225,132.5454444808923,0.0,0.18104330896233053,0.11400000000000002,follow,1
1786427263.038902,13.034509011708003,0.655241935483871,131.18209379657276,0.0,0.13382580667374952,0.1152908453277195,follow,1
1786427263.1169515,12.878041298865966,0.6491935483870968,132.39932529608234,0.0,0.22811728511136428,0.1232908453277195,follow,1
1786427263.19532,12.913636116029021,0.6068548387096775,132.1098983434095,0.0,0.20139264658473696,0.1312908453277195,follow,1
1786427263.275272,12.90403680201296,0.6008064516129032,131.43071149527813,0.0,0.1863085897277985,0.13573581413683003,follow,1
1786427263.35007,12.797564892035435,0.5766129032258065,127.79993355700898,0.0,0.02636514226297587,0.13223401961702316,follow,1
1786427263.430414,12.926048442027799,0.5524193548387096,129.40655323667931,0.0,0.19676586873769175,0.13409055015951973,follow,1
1786427263.5140557,12.816308366003065,0.5463709677419355,131.6874118157903,0.0,0.28870980736167606,0.10067132462525462,follow,1
1786427263.593612,12.6704460600842,0.5161290322580645,134.005984005883,0.0,0.3569622517253225,0.09,follow,1
1786427263.6662595,12.636203232542337,0.49798387096774194,134.07062449745465,0.0,0.3184170985093218,0.09,follow,1
1786427263.7472866,12.856497634934412,0.7278225806451613,126.06018078264904,0.0,-0.0015829014906781902,0.098,follow,1
1786427263.8299992,12.763450820857063,0.7580645161290323,125.0493345948702,0.0,0.050308428997857146,0.10600000000000001,follow,1
1786427263.9163399,12.601619504351056,0.7762096774193549,124.25429959379528,0.0,0.042101705753328306,0.11400000000000002,follow,1
1786427263.987491,12.416456207761469,0.3641589861751152,152.25429959379528,0.0,0.36210170575332834,0.09,follow,1
1786427264.0749042,12.708886666672063,0.8548387096774193,124.25429959379528,0.0,0.04210170575332833,0.098,follow,1
1786427264.155965,12.492513700503476,0.594758064516129,122.53119795397323,0.0,0.011832642729863008,0.10600000000000001,follow,1
1786427264.2363753,12.461360401869516,0.6491935483870968,121.43136335240686,0.0,0.006965448425205856,0.11032318806695948,follow,1
1786427264.3163512,12.456849376778376,0.655241935483871,119.88602375598985,0.0,-0.04669424612910418,0.0953866328238037,follow,1
1786427264.3944747,12.452088706749105,0.6431451612903225,122.11142234631055,0.0,0.09931280875677721,0.1033866328238037,follow,1
1786427264.4807522,12.53737230889287,0.6008064516129032,122.37018979359549,0.0,0.07328205199541626,0.1113866328238037,follow,1
1786427264.559893,12.335598845030047,0.5887096774193548,121.75902825244965,0.0,0.04095913581557947,0.11938663282380371,follow,1
1786427264.6375186,12.404503911099335,0.5463709677419355,122.69575566396797,0.0,0.11174679696054364,0.12264971725890113,follow,1
1786427264.715019,12.492394923600482,0.5161290322580645,127.96597803106899,0.0,0.36824399820252973,0.09,follow,1
1786427264.7927911,12.567449116359306,0.49798387096774194,124.83918520503991,0.0,0.09262894333504706,0.098,follow,1
1786427264.8706746,12.640406740356031,0.4737903225806452,121.25070211912332,0.0,-0.018545848808315266,0.10600000000000001,follow,1
1786427264.964973,12.636190460974216,0.7459677419354839,118.36370219554178,0.0,-0.14212240436179274,0.09,follow,1
1786427265.0555694,12.16938436534105,0.7641129032258064,118.26264147652864,0.0,-0.06836511781048464,0.09,follow,1
1786427265.125623,12.026493192062206,0.407258064516129,146.26264147652864,0.0,0.25163488218951535,0.09,follow,1
1786427265.20025,12.501142318350311,0.36201612903225805,174.26264147652864,0.0,0.5716348821895154,0.09,follow,1
1786427265.2923374,12.693853160351116,0.8487903225806451,146.26264147652864,0.0,0.2516348821895154,0.09293341152041214,follow,1
1786427265.3777804,12.318874505337163,0.594758064516129,118.89019963702356,0.0,-0.0683651178104846,0.10093341152041213,follow,1
1786427265.4587896,12.204806754400714,0.625,116.53707607778689,0.0,-0.08164938255442461,0.10893341152041214,follow,1
1786427265.5425491,12.223274265377059,0.6612903225806451,115.52073233576365,0.0,-0.08198165181048661,0.11203255653615748,follow,1
1786427265.6276917,12.158098470821585,0.6491935483870968,116.76183465897563,0.0,0.004397822968476406,0.12003255653615749,follow,1
1786427265.7148566,12.082873596223525,0.6491935483870968,117.93740234195135,0.0,0.036122851276919526,0.12662098157064647,follow,1
1786427265.81169,11.948601107839119,1.0,117.89898408010069,0.0,0.0135180442665421,0.10072111955217902,follow,1
1786427265.9006217,11.636874490340997,0.6008064516129032,117.98188194038569,0.0,0.025240394998737037,0.10872111955217903,follow,1
1786427265.9840765,11.556880848107387,0.5826612903225806,113.7863104015042,0.0,-0.17430257377204345,0.11672111955217904,follow,1
1786427266.065853,11.6519312041756,0.5524193548387096,120.96631406408773,0.0,0.14569742622795656,0.09,follow,1
1786427266.14204,11.763557602755023,0.5403225806451613,119.24554833959509,0.0,0.03144572780794044,0.09524619563725552,follow,1
1786427266.222857,12.026073765813727,0.5040322580645161,118.63161229014871,0.0,0.04191499266241051,0.10324619563725551,follow,1
1786427266.3016956,12.108758708194223,0.49193548387096775,123.73686009112866,0.0,0.319397313392496,0.09,follow,1
1786427266.3775759,12.221456728386412,0.4616935483870968,124.80978120978084,0.0,0.2703916911859189,0.09,follow,1
1786427266.462524,12.39885497203296,0.7580645161290323,117.65523280220792,0.0,-0.049608308814081126,0.09,follow,1
1786427266.5525177,12.286549303157539,0.7943548387096775,117.7915607678431,0.0,0.04385768015363853,0.09,follow,1
1786427266.625202,12.033393066436076,0.3684447004608295,122.55031353086417,0.0,0.2922646040890101,0.09,follow,1
1786427266.7055821,12.406734742016422,0.6129032258064516,117.70128494010665,0.0,-0.02773539591098989,0.098,follow,1
1786427266.7859292,12.400581372632095,0.6129032258064516,117.73349932514314,0.0,0.08524938393925652,0.10600000000000001,follow,1
1786427266.8644702,12.422270870243908,0.6612903225806451,118.07032938241676,0.0,0.09913876635846038,0.11400000000000002,follow,1
1786427266.948601,12.484652010735367,0.655241935483871,119.64052882262986,0.0,0.16622714874524297,0.12163335745543306,follow,1
1786427267.0276387,12.365276520178211,0.6431451612903225,121.16393513203232,0.0,0.19981543643898483,0.10491862718047301,follow,1
1786427267.1089303,12.377784227285703,0.6129032258064516,120.62423631610679,0.0,0.13884657090331304,0.11291862718047302,follow,1
1786427267.1900976,12.39541577299072,0.6008064516129032,120.7119566889168,0.0,0.15202786407592855,0.12091862718047303,follow,1
1786427267.273142,12.38955097157518,0.5766129032258065,117.42799234308731,0.0,-0.018829559937210222,0.12788474530643637,follow,1
1786427267.349074,12.30729970912346,0.5524193548387096,120.19439514267262,0.0,0.18424271433028458,0.1355358820879851,follow,1
1786427267.4252186,12.48312621897761,0.5403225806451613,122.44638656572857,0.0,0.24923293633570429,0.12450866742262513,follow,1
1786427267.5012622,12.548341598199872,0.5040322580645161,121.08853341780208,0.0,0.124571049991616,0.13250866742262513,follow,1
1786427267.5752285,12.747211453593463,0.48588709677419356,117.36863295605247,0.0,-0.043240675510202664,0.10440872580713843,follow,1
1786427267.6492517,12.885688563117228,0.45564516129032256,121.12294690603542,0.0,0.2422070960022386,0.11240872580713843,follow,1
1786427267.7423534,13.005238554819703,0.7641129032258064,132.86756168230897,0.0,0.5047713789908901,0.09,follow,1
1786427267.824035,12.531812551182199,0.7883064516129032,160.86756168230897,0.0,0.8247713789908901,0.09,follow,1
1786427267.8956234,12.472732577226637,0.33920506912442394,133.73433583959923,0.0,0.5047713789908901,0.09,follow,1
1786427267.9805179,12.836341604223835,0.594758064516129,129.18758022253968,0.0,0.2473876176009181,0.098,follow,1
1786427268.0556312,12.6255708027571,0.6068548387096775,128.65573825961962,0.0,0.33668718808833464,0.10600000000000001,follow,1
1786427268.1345596,12.751674766901843,0.6370967741935484,130.37495125841895,0.0,0.42827065440609674,0.11400000000000002,follow,1
1786427268.2119775,12.721878263539875,0.6612903225806451,130.44228222821204,0.0,0.3784067562748311,0.12200000000000003,follow,1
1786427268.2893426,12.771135581640724,0.6491935483870968,133.09133099670302,0.0,0.5084680685497539,0.11547708757395035,follow,1
1786427268.3708797,12.797244985103758,0.6431451612903225,133.3394302525833,0.0,0.44865737990067633,0.12018790817932647,follow,1
1786427268.4526994,12.652969479740353,0.594758064516129,135.21549417084498,0.0,0.526050237766548,0.11192103366660891,follow,1
1786427268.5267994,12.58571572475261,0.564516129032258,132.37584663763909,0.0,0.33182692031155714,0.11992103366660892,follow,1
1786427268.599144,12.807213242656278,0.5463709677419355,134.59681796122777,0.0,0.5088795788681393,0.12065702433929949,follow,1
1786427268.6721063,12.891856778634095,0.5100806451612904,133.43576106253298,0.0,0.3792389750683906,0.12129605579748004,follow,1
1786427268.7444646,13.16775521282243,0.49798387096774194,138.67314392924186,0.0,0.6846202065240523,0.10976495161520974,follow,1
1786427268.8151863,13.266958790862871,0.48588709677419356,138.38321893039475,0.0,0.5290765744011541,0.11566442988978518,follow,1
1786427268.8855937,13.477760142080943,0.45564516129032256,133.6197383498854,0.0,0.2765079157594884,0.11923499870622754,follow,1
1786427268.955615,13.579238473012007,0.4375,132.14397942157805,0.0,0.31768513099399426,0.10198706896550593,follow,1
1786427269.0442653,13.735912336258272,0.8004032258064516,148.71169455639563,0.0,0.6376851309939943,0.09,follow,1
1786427269.1150684,13.262942124822121,0.3270622119815668,150.1408521303283,0.0,0.8847711276965246,0.09,follow,1
1786427269.1908488,13.438420075360375,0.6129032258064516,142.57062953310805,0.0,0.5647711276965246,0.098,follow,1
1786427269.2728572,13.392704095051556,0.6129032258064516,144.43531006480924,0.0,0.7139563669957367,0.09,follow,1
1786427269.3512595,13.159807667746383,0.6370967741935484,144.19294834869442,0.0,0.6589386883883465,0.098,follow,1
1786427269.43034,13.012931397941268,0.6673387096774193,144.698939562481,0.0,0.6843196814589341,0.10600000000000001,follow,1
1786427269.5058007,12.993514586209526,0.6491935483870968,146.647285796951,0.0,0.7686170357398439,0.10508850643603689,follow,1
1786427269.5798092,12.992026828353133,0.6491935483870968,145.68377326141808,0.0,0.6644518430435902,0.11308850643603688,follow,1
1786427269.654615,13.149303910717425,0.6068548387096775,146.21461431361558,0.0,0.7071135935110099,0.11567884042351102,follow,1
1786427269.7309458,13.162726045749551,0.6008064516129032,145.78815097357625,0.0,0.6646048563010474,0.11724220452739433,follow,1
1786427269.803673,13.18076942165045,0.564516129032258,144.12675374939522,0.0,0.5783565752873068,0.11803245718157089,follow,1
1786427269.8801343,13.303832522364177,0.5524193548387096,144.78000323206265,0.0,0.6432169815095559,0.11508341502464277,follow,1
1786427269.9548855,13.269460910985336,0.5100806451612904,141.6166252918934,0.0,0.4474512557475444,0.09,follow,1
1786427270.0250702,13.288891863102064,0.49193548387096775,147.31503195136057,0.0,0.7674512557475444,0.098,follow,1
1786427270.0943925,13.467345296742558,0.467741935483871,140.33889622705743,0.0,0.44745125574754435,0.09,follow,1
1786427270.1639216,13.657035197003628,0.4435483870967742,138.47857189063217,0.0,0.3582790449153535,0.09,follow,1
1786427270.24798,13.799366525425723,0.782258064516129,154.312113474791,0.0,0.6782790449153535,0.09,follow,1
1786427270.3123195,13.431585346522624,0.3716359447004608,126.312113474791,0.0,0.3582790449153535,0.09,follow,1
1786427270.388141,13.83493656856183,0.6008064516129032,154.312113474791,0.0,0.6782790449153535,0.09595952111028226,follow,1
1786427270.4815164,13.698893313882442,0.872983870967742,156.79426385569138,0.0,0.9330116495719166,0.09,follow,1
1786427270.5551586,13.110519162731196,0.6068548387096775,156.43149488489684,0.0,0.8700352952882504,0.098,follow,1
1786427270.6290412,13.19513971323622,0.655241935483871,156.39797582651724,0.0,0.8742578480605825,0.10600000000000001,follow,1
1786427270.7095556,13.279818002609098,0.655241935483871,155.7774217994853,0.0,0.832482079980708,0.11282879001740304,follow,1
1786427270.785019,13.08851638664905,0.6491935483870968,157.65835300564217,0.0,0.9349182075324266,0.10765170219964669,follow,1
1786427270.8617685,13.142068208653033,0.6491935483870968,158.69330921492906,0.0,0.937959898347688,0.10750876934612404,follow,1
1786427270.9364867,13.11077492142891,0.6068548387096775,158.73473121440833,0.0,0.9073850424750867,0.10648074828155779,follow,1
1786427271.0105855,13.156521344188201,0.594758064516129,160.17792695169746,0.0,0.9725765252115122,0.10280220712335947,follow,1
1786427271.0828533,13.223384705199168,0.564516129032258,155.79608127721306,0.0,0.6972814226170179,0.11080220712335948,follow,1
1786427271.150094,13.367946523994855,0.5524193548387096,160.18732200572632,0.0,1.0,0.09841463594834289,follow,1
1786427271.2204359,13.6444599631554,0.5463709677419355,160.0553960307535,0.0,0.9084592043529932,0.10291194290878307,follow,1
1786427271.290858,13.757801849211695,0.5403225806451613,157.84532533179802,0.0,0.7864081829001752,0.10796166887755355,follow,1
1786427271.3603003,13.868694514079682,0.49798387096774194,157.3290002680254,0.0,0.8014751336803659,0.10321165406150397,follow,1
1786427271.4310617,13.9513656768121,0.48588709677419356,157.5394574044763,0.0,0.8125168572779101,0.10350749900702433,follow,1
1786427271.4958827,14.000501706377264,0.4616935483870968,156.4629343629353,0.0,0.7398351704480101,0.10413024578184339,follow,1
1786427271.5588915,14.300724055989141,0.4314516129032258,154.5362833704104,0.0,0.6533940283767189,0.09,follow,1
1786427271.638356,14.589869920594388,0.8004032258064516,166.38248234895414,0.0,0.9733940283767188,0.09,follow,1
1786427271.704119,14.199538999329441,0.3616359447004608,145.42941840768205,0.0,0.6533940283767188,0.09,follow,1
1786427271.7899952,14.3834517083167,0.8487903225806451,167.04761367195,0.0,0.9733940283767188,0.09,follow,1
1786427271.8797448,13.767879263578974,0.872983870967742,167.34161243080342,0.0,1.0,0.09,follow,1
1786427271.9671078,13.311194183316967,0.8911290322580645,167.39067711956542,0.0,1.0,0.09,follow,1
1786427272.0463324,12.933803975040936,0.625,166.69493063949525,0.0,1.0,0.098,follow,1
1786427272.1258557,12.890386713339419,0.655241935483871,166.54727200119802,0.0,1.0,0.10380386806484632,follow,1
1786427272.2142036,12.775905609734428,0.969758064516129,168.4424858186619,0.0,1.0,0.09,follow,1
1786427272.2912154,12.515768850127854,0.655241935483871,166.90659956526272,0.0,0.9985906515549513,0.098,follow,1
1786427272.371058,12.595880138822801,0.6491935483870968,167.28049175911883,0.0,1.0,0.10263383934050233,follow,1
1786427272.4577737,12.604506940451392,1.0,169.2809152081104,0.0,1.0,0.09541021991203474,follow,1
1786427272.5354736,12.345705146998888,0.6068548387096775,165.9226807809592,0.0,0.9171188468013703,0.10341021991203475,follow,1
1786427272.61097,12.50487721301683,0.594758064516129,167.22704182218493,0.0,1.0,0.09942208673445578,follow,1
1786427272.6848037,12.636101085621466,0.564516129032258,163.46480406386087,0.0,0.8171316406728725,0.10742208673445577,follow,1
1786427272.7618873,12.822048515433961,0.5524193548387096,164.54097977652611,0.0,0.9575863360204254,0.1010747236259453,follow,1
1786427272.8372624,12.873368947571123,0.5463709677419355,165.00299826313565,0.0,0.9536271137316485,0.10090606428322035,follow,1
1786427272.9090526,12.879498264527307,0.5040322580645161,161.31121317706683,0.0,0.7475525619590118,0.09,follow,1
1786427272.9854875,13.15240297766022,0.49193548387096775,157.92809162916717,0.0,0.646591037512165,0.09,follow,1
1786427273.0548701,13.155544292417936,0.4737903225806452,148.83614180982462,0.0,0.32659103751216495,0.09,follow,1
1786427273.1234818,13.39958105642094,0.4435483870967742,157.76401317491786,0.0,0.646591037512165,0.09,follow,1
1786427273.2127852,13.643100745960693,0.7762096774193549,169.82322623867674,0.0,0.9665910375121649,0.09,follow,1
1786427273.2949808,13.142351486615189,0.8064516129032258,170.2337739846617,0.0,1.0,0.09,follow,1
1786427273.377144,12.958983686846398,0.8366935483870968,170.68370813648798,0.0,1.0,0.09,follow,1
1786427273.4667969,12.789330300275722,0.872983870967742,171.06630662454359,0.0,1.0,0.09,follow,1
1786427273.55502,12.46640861010324,0.8971774193548387,171.21296766430785,0.0,1.0,0.09,follow,1
1786427273.6438744,12.207522444855993,0.9274193548387096,171.46751600672772,0.0,1.0,0.09101591947734367,follow,1
1786427273.7198393,12.035722987409022,0.655241935483871,169.91558780952613,0.0,1.0,0.09901591947734367,follow,1
1786427273.8087895,12.270848239283705,1.0,172.1499417210075,0.0,1.0,0.10701591947734368,follow,1
1786427273.8854322,12.080588014114976,0.6491935483870968,171.32580144833213,0.0,1.0,0.10220378158577827,follow,1
1786427273.962708,12.21972383793987,0.6491935483870968,171.29824058185,0.0,1.0,0.10159152826416377,follow,1
1786427274.037473,12.411955752634812,0.655241935483871,171.13868707541656,0.0,1.0,0.10242677071942968,follow,1
1786427274.116261,12.596902691156435,0.6068548387096775,171.42894976372307,0.0,1.0,0.09920289743555036,follow,1
1786427274.189724,12.620857277114494,0.6008064516129032,171.80054754068098,0.0,1.0,0.09873421480568569,follow,1
1786427274.2643929,12.781725895365863,0.594758064516129,171.36650639802863,0.0,1.0,0.10053496870151075,follow,1
1786427274.3393931,12.840660141072874,0.5524193548387096,172.43514544279313,0.0,1.0,0.09550980145271336,follow,1
1786427274.418456,12.981081620597523,0.5463709677419355,172.54461188730863,0.0,1.0,0.09645584892162064,follow,1
1786427274.4917488,12.955851841834635,0.5100806451612904,169.5430972884172,0.0,0.8946879133904329,0.10139928556541829,follow,1
1786427274.570303,13.102373245897338,0.49193548387096775,173.4274795807538,0.0,1.0,0.09,follow,1
1786427274.6475272,13.03492309653549,0.4737903225806452,167.45694277273094,0.0,0.8461928232911191,0.09264192476235122,follow,1
1786427274.7245705,13.005796192672255,0.4495967741935484,170.63085894181714,0.0,1.0,0.0907890143899971,follow,1
1786427274.80738,13.005470760635845,0.4375,160.9928139852325,0.0,0.7431012090980469,0.09,follow,1
1786427274.8953116,12.83064298002547,0.7943548387096775,175.35783862774576,0.0,1.0,0.09,follow,1
1786427274.9798605,12.536583092501054,0.8185483870967742,175.75826625664152,0.0,1.0,0.09,follow,1
1786427275.064912,12.357215583081935,0.842741935483871,175.7875743549528,0.0,1.0,0.09,follow,1
1786427275.1539881,12.265359276181124,0.8608870967741936,175.97041926922574,0.0,1.0,0.09,follow,1
1786427275.2428308,12.063567591734959,0.8911290322580645,175.96105084153504,0.0,1.0,0.09,follow,1
1786427275.330171,11.88626164848116,0.9092741935483871,175.9525526695895,0.0,1.0,0.09426963871264503,follow,1
1786427275.4176614,11.804638202649855,0.939516129032258,176.1100780096013,0.0,1.0,0.10226963871264502,follow,1
1786427275.5061786,11.714036913118386,0.9637096774193549,176.0704739702831,0.0,1.0,0.11026963871264503,follow,1
1786427275.5949793,11.662859337741232,1.0,175.85629993532547,0.0,1.0,0.11807419777358796,follow,1
1786427275.6754904,11.556457334702825,0.655241935483871,174.00887452815155,0.0,1.0,0.10369420756011322,follow,1
1786427275.7501366,11.762259513636403,0.6491935483870968,173.89172964875326,0.0,1.0,0.10192952615392932,follow,1
1786427275.83619,12.088296161771684,1.0,175.26825258836556,0.0,1.0,0.10992952615392931,follow,1
1786427275.915847,11.990120779304032,0.6068548387096775,173.3442372326657,0.0,1.0,0.10185504063396164,follow,1
1786427275.99457,12.087994677385526,0.6008064516129032,171.9076255806082,0.0,0.976714533971937,0.10295499389491228,follow,1
1786427276.0734935,12.206347035838169,0.5887096774193548,172.6238607883346,0.0,1.0,0.09918155835613982,follow,1
1786427276.157338,12.311168363463697,0.5584677419354839,171.97633154858443,0.0,0.9941510428182019,0.09978428725036356,follow,1
1786427276.2280335,12.2464619482939,0.5463709677419355,171.9837434548292,0.0,1.0,0.09840248460064391,follow,1
1786427276.3005397,12.611450435603997,0.5100806451612904,172.44819191018823,0.0,1.0,0.09518025648309633,follow,1
1786427276.3707116,12.833602718906347,0.49193548387096775,173.9255490978858,0.0,1.0,0.09113573893714103,follow,1
1786427276.4402142,13.149281604327609,0.467741935483871,171.58026823816397,0.0,0.9476455623499076,0.0966737573358752,follow,1
1786427276.5140815,13.37538928023981,0.45564516129032256,173.06993888464405,0.0,1.0,0.09,follow,1
1786427276.596589,13.427542288442478,0.7701612903225807,172.07743393923877,0.0,0.9679054723527989,0.09,follow,1
1786427276.679757,13.117488532875027,0.7943548387096775,171.51808162932977,0.0,0.9728263264432264,0.09,follow,1
1786427276.7670977,12.929416429698595,0.8185483870967742,171.2410181888429,0.0,0.9763781944902417,0.09202078806801788,follow,1
1786427276.866503,12.64319438871931,1.0,143.2410181888429,0.0,0.6563781944902416,0.09,follow,1
1786427276.9482512,12.118535033570254,0.6068548387096775,170.18975441353174,0.0,0.9763781944902417,0.098,follow,1
1786427277.038797,12.143435610210055,0.8911290322580645,170.43507697410456,0.0,0.9864313023366034,0.10600000000000001,follow,1
1786427277.1358414,11.901383923283696,0.9213709677419355,170.50592247121227,0.0,0.98613413477488,0.11400000000000002,follow,1
1786427277.2213962,11.605760231085082,0.655241935483871,169.24348234503975,0.0,0.9383775423760381,0.10783654699676719,follow,1
1786427277.3170166,11.541997548589723,0.6975806451612904,168.58248251135052,0.0,0.9249752970151556,0.11091444184632768,follow,1
1786427277.4015117,11.39102829176409,0.7036290322580645,169.676513177191,0.0,0.986968327096956,0.10826601388010776,follow,1
1786427277.4855192,11.462969982372567,0.655241935483871,169.0753948498347,0.0,0.934705941935437,0.10800963771528851,follow,1
1786427277.5757813,11.506966198897928,0.6491935483870968,168.965017505541,0.0,0.941958965505585,0.1073208481815405,follow,1
1786427277.6586266,11.468800565428769,0.6491935483870968,169.42479562798923,0.0,0.9643423572304863,0.10626902462514777,follow,1
1786427277.756645,11.61362280488585,0.9939516129032258,170.20332497659427,0.0,0.9946066145307461,0.11426902462514776,follow,1
1786427277.836119,11.28172735029951,0.6008064516129032,169.45413577778453,0.0,0.9430993333103185,0.10449377172419869,follow,1
1786427277.914575,11.621692779447459,0.5887096774193548,168.66605434039624,0.0,0.9151133107087823,0.10507299384976264,follow,1
1786427277.9885783,11.842447615680292,0.5584677419354839,170.8860033418299,0.0,1.0,0.09742927213586806,follow,1
1786427278.064097,12.163871673790098,0.5463709677419355,171.3685372021157,0.0,1.0,0.0979372646959269,follow,1
1786427278.13788,12.392264968884948,0.5100806451612904,175.5855868465061,0.0,1.0,0.09,follow,1
1786427278.214079,12.526246384391293,0.49193548387096775,172.06764713143107,0.0,0.945128881302846,0.098,follow,1
1786427278.2892294,12.676531385061404,0.4616935483870968,173.96972036971974,0.0,1.0,0.09,follow,1
1786427278.376003,12.858920823805374,0.7701612903225807,169.82005359846056,0.0,0.8251402539082442,0.098,follow,1
1786427278.4642541,12.59162284151077,0.7943548387096775,169.77456212977708,0.0,0.9373591575111425,0.10600000000000001,follow,1
1786427278.5496724,12.337920745183023,0.8185483870967742,169.4934446898033,0.0,0.9304734646451366,0.11400000000000002,follow,1
1786427278.6500301,12.209004524548277,0.842741935483871,169.2795817952298,0.0,0.93171556363569,0.11895148015522848,follow,1
1786427278.7381845,11.77180666933787,0.6370967741935484,168.87928910806934,0.0,0.9307533091688662,0.10715029358785598,follow,1
1786427278.8245804,11.679590319702898,0.6733870967741936,168.54637012183935,0.0,0.9257333058674824,0.10948060664604983,follow,1
1786427278.9263961,11.654575519094955,0.9516129032258064,168.89661652224734,0.0,0.9508871408599247,0.11748060664604984,follow,1
1786427279.0138829,11.29279705369807,0.7036290322580645,167.72597274040683,0.0,0.8920845139237745,0.1128544171780131,follow,1
1786427279.0982828,11.325324645532383,0.6975806451612904,167.02025448664244,0.0,0.8762699577981659,0.1132623436049567,follow,1
1786427279.185842,11.365797516786245,0.685483870967742,166.83033637776305,0.0,0.882041090813058,0.11227222019571459,follow,1
1786427279.2724836,11.379270480061912,0.655241935483871,168.23508243483823,0.0,0.9585638311100637,0.10688490226369293,follow,1
1786427279.35785,11.45889490969406,0.6491935483870968,167.61336794789935,0.0,0.9060078446005434,0.10901023629176955,follow,1
1786427279.441216,11.505422168169577,0.6431451612903225,166.9917545141429,0.0,0.8924346029386596,0.10929367903449615,follow,1
1786427279.5270295,11.623657912575107,0.6431451612903225,164.68990449848687,0.0,0.7972948956924785,0.11374996345959022,follow,1
1786427279.6081588,11.610230210076379,0.6068548387096775,166.1181037886614,0.0,0.9236324854303946,0.10573453369057605,follow,1
1786427279.6896253,11.762790867671475,0.5887096774193548,163.78914616085657,0.0,0.782041259081218,0.11112411271739704,follow,1
1786427279.7677321,11.860848407052416,0.5524193548387096,160.81793194200753,0.0,0.6912056078455908,0.11294498184932614,follow,1
1786427279.8477268,12.057596132570588,0.5403225806451613,160.62438820347762,0.0,0.744641553828647,0.10981015546368672,follow,1
1786427279.9236147,12.155318127855104,0.49193548387096775,163.19057805160196,0.0,0.8843446100371329,0.10078237131602509,follow,1
1786427280.0023282,12.3482356087584,0.467741935483871,157.625999119421,0.0,0.564344610037133,0.09,follow,1
1786427280.0801244,12.380842736569303,0.4314516129032258,156.10453976640855,0.0,0.6048891254139978,0.09727365684094405,follow,1
1786427280.1722374,12.510596698036933,0.7883064516129032,161.9935932916366,0.0,0.9248891254139977,0.10527365684094406,follow,1
1786427280.261747,12.180209369234255,0.6068548387096775,161.29035969358299,0.0,0.7722400644480512,0.11163228360213057,follow,1
1786427280.3526282,11.902675921166322,0.8366935483870968,160.97573302985674,0.0,0.7746871008442635,0.11963228360213057,follow,1
1786427280.432855,11.797687360198102,0.625,159.83240435584597,0.0,0.7417152472932118,0.11522146539836348,follow,1
1786427280.5139587,11.868816490591767,0.6431451612903225,160.01500486453844,0.0,0.7802711873726783,0.11454734331747196,follow,1
1786427280.6029367,12.045993298034107,0.6733870967741936,159.23183705815464,0.0,0.7422055676417832,0.11821629757592035,follow,1
1786427280.6829631,11.878792175757063,0.6975806451612904,159.32235163065008,0.0,0.7653622274024504,0.11860878938334514,follow,1
1786427280.767277,11.918927597040305,0.7036290322580645,158.63121119415294,0.0,0.7281947527550511,0.12077981873483039,follow,1
1786427280.8497477,11.991251826243372,0.6975806451612904,158.2369336892768,0.0,0.7246560098133963,0.1205710834849975,follow,1
1786427280.932154,11.925278770254272,0.6794354838709677,158.06045614564889,0.0,0.7234555388840126,0.11948882005212497,follow,1
1786427281.011361,12.043265088372586,0.6431451612903225,159.46686019204688,0.0,0.7988415568620918,0.11367751881706877,follow,1
1786427281.094637,12.173250979977974,0.6431451612903225,159.97474819956153,0.0,0.7918401042338851,0.1140054624822661,follow,1
1786427281.1797826,12.151622278027226,0.6008064516129032,159.20192869666855,0.0,0.7401846080002199,0.11378244691867508,follow,1
1786427281.2624161,12.057782887190937,0.5887096774193548,160.08494246981078,0.0,0.7959122991037308,0.11049336184997334,follow,1
1786427281.3493557,12.057670280146933,0.5584677419354839,159.38151626397996,0.0,0.7439955279583294,0.1109695220557324,follow,1
1786427281.4278405,11.96430245259289,0.5342741935483871,158.05233957597812,0.0,0.6960891993781099,0.11157476048309821,follow,1
1786427281.5077312,12.123004186666817,0.5040322580645161,164.3398796325623,0.0,1.0,0.09,follow,1
1786427281.5871758,12.20405384176852,0.4616935483870968,161.5099684099685,0.0,0.7570310538963854,0.09546054495801715,follow,1
1786427281.664816,12.263545453764674,0.4375,167.26475123874687,0.0,1.0,0.09,follow,1
1786427281.756145,12.339150254995385,0.7943548387096775,158.66364376545124,0.0,0.7570310538963854,0.098,follow,1
1786427281.8402374,12.098767299339483,0.8125,158.46837580968167,0.0,0.7083157137396326,0.10600000000000001,follow,1
1786427281.93042,12.026148811512822,0.8487903225806451,158.12463022738214,0.0,0.7092032676439194,0.11400000000000002,follow,1
1786427282.0234697,11.831031622660722,0.8911290322580645,158.04067256584017,0.0,0.7193707718393143,0.12200000000000003,follow,1
1786427282.107493,11.650375517529554,0.6612903225806451,157.62885100356004,0.0,0.7112696865137467,0.11892501630536462,follow,1
1786427282.1890588,11.701956546037604,0.7096774193548387,156.86721356879258,0.0,0.6798765345020962,0.12350306027904526,follow,1
1786427282.2758467,11.804800901279506,0.7036290322580645,157.41445816250445,0.0,0.726355331808772,0.12086876968287816,follow,1
1786427282.3563764,11.750505906203808,0.6975806451612904,157.19032249264419,0.0,0.7049574536295906,0.12152067700903307,follow,1
1786427282.4407966,11.847729575563127,0.6612903225806451,156.4717026684428,0.0,0.6756826147274869,0.12060810686549576,follow,1
1786427282.526046,11.840005035223307,0.6491935483870968,155.54981462238374,0.0,0.6531391980079837,0.12089285008096219,follow,1
1786427282.6131408,11.858233470285493,0.6431451612903225,155.46014116480552,0.0,0.670250039865755,0.11970066510347907,follow,1
1786427282.7000763,11.733639404399106,0.6370967741935484,153.87154639715118,0.0,0.6010351879347847,0.12254400837297216,follow,1
1786427282.790829,11.738653726463339,0.6068548387096775,152.94137673854772,0.0,0.5932581050452084,0.12090800952970442,follow,1
1786427282.8695402,11.604866015836366,0.5887096774193548,152.5909233310549,0.0,0.6054769701632388,0.11915293234521986,follow,1
1786427282.9458187,11.820864545669284,0.5584677419354839,152.73499408471662,0.0,0.6295485152220167,0.11608680564208776,follow,1
1786427283.0352533,12.082007512922678,0.5463709677419355,152.0227950754773,0.0,0.5934639757581739,0.11690068413866112,follow,1
1786427283.1129127,11.902977825150158,0.5100806451612904,152.65196941458984,0.0,0.6421097125792432,0.11238596371657851,follow,1
1786427283.1912632,12.086277444528507,0.48588709677419356,149.99867747178402,0.0,0.49973290757504873,0.1169229980997486,follow,1
1786427283.2676733,12.235103363275936,0.45564516129032256,151.5682677616501,0.0,0.6502316085530114,0.10851218760666706,follow,1
1786427283.341522,12.40318234668156,0.41930875576036863,146.21230533926482,0.0,0.341628351300023,0.09536728936913304,follow,1
1786427283.418871,12.61226168705052,0.594758064516129,150.84057052332759,0.0,0.661628351300023,0.10336728936913303,follow,1
1786427283.500103,12.693558433264615,0.6068548387096775,150.15428413518788,0.0,0.6008530232405143,0.11136728936913304,follow,1
1786427283.5877573,12.579002518339184,0.655241935483871,149.24295527353127,0.0,0.567151603738048,0.11936728936913304,follow,1
1786427283.6682985,12.381103797114388,0.655241935483871,149.20676952547007,0.0,0.5908483905256078,0.12422015724359602,follow,1
1786427283.7522209,12.387354523739049,0.6794354838709677,149.2420381730527,0.0,0.5901988835379472,0.1258519086303092,follow,1
1786427283.8360136,12.272248463381548,0.7338709677419355,148.56680961158034,0.0,0.5544555462792938,0.13121007809272356,follow,1
1786427283.9183736,12.210590142111565,0.7096774193548387,148.95340793630277,0.0,0.5864867990811582,0.12803339634431496,follow,1
1786427284.0032852,12.199024930691644,0.6915322580645161,148.88042361288547,0.0,0.5738518786236396,0.12743801953339096,follow,1
1786427284.0959175,12.125702048074398,0.6794354838709677,147.70966557734332,0.0,0.5187788399784732,0.1292622603478013,follow,1
1786427284.180939,11.853416137839934,0.6491935483870968,148.39375245584083,0.0,0.5769106871715428,0.12447492309080507,follow,1
1786427284.2645123,11.829859315786154,0.6310483870967742,149.55910649151647,0.0,0.6218843472867283,0.12117514257613375,follow,1
1786427284.3565905,11.82959104334758,0.6068548387096775,148.99773732267926,0.0,0.5678274433330464,0.12207599213965331,follow,1
1786427284.4410248,11.651850992105867,0.5887096774193548,147.51644736842098,0.0,0.5086002577338151,0.12355815865116682,follow,1
1786427284.518855,11.703651115914754,0.5584677419354839,147.2144223146446,0.0,0.5205373130089527,0.12096103715304075,follow,1
1786427284.600901,11.933000671642384,0.5342741935483871,149.82361617172322,0.0,0.6586809058049596,0.11322467665132549,follow,1
1786427284.679184,11.979728862062153,0.5100806451612904,156.2820605373081,0.0,0.924587864084524,0.09,follow,1
1786427284.7585156,12.151333281108352,0.48588709677419356,153.97243587519569,0.0,0.662669434260507,0.09654988777981956,follow,1
1786427284.8352075,12.212807252214748,0.45564516129032256,169.11020817417804,0.0,0.9826694342605069,0.09,follow,1
1786427284.9110048,12.403779316135616,0.39897465437788016,161.14384236453327,0.0,0.7288030725053818,0.09,follow,1
1786427284.9985044,12.522763892257405,0.6008064516129032,149.43129155442668,0.0,0.4088030725053818,0.098,follow,1
1786427285.0867443,12.316337857843223,0.6431451612903225,149.8785898802691,0.0,0.6081072754483786,0.10600000000000001,follow,1
1786427285.178682,12.142706548822137,0.6733870967741936,149.73666431667579,0.0,0.5880460079408016,0.11400000000000002,follow,1
1786427285.2689016,11.886299021638964,0.6794354838709677,150.18213114302264,0.0,0.6073830288325948,0.12200000000000003,follow,1
1786427285.3587232,11.718532499650705,0.7036290322580645,150.52105490409738,0.0,0.6120983517462603,0.12639402300686362,follow,1
1786427285.4486814,11.60952988734827,0.7157258064516129,149.93222467073244,0.0,0.5752400621508393,0.12898153032320428,follow,1
1786427285.5382562,11.512885641834965,0.6975806451612904,150.1301556928233,0.0,0.5978546784046285,0.1266837001672214,follow,1
1786427285.622983,11.443698329975101,0.685483870967742,149.9118545035485,0.0,0.5833196640012905,0.12658172334356527,follow,1
1786427285.7044382,11.510334689615553,0.6612903225806451,149.4383035704992,0.0,0.5637711766953186,0.12590095832722717,follow,1
1786427285.789833,11.657145590187866,0.6370967741935484,150.71429486172437,0.0,0.6364238195828811,0.12089180163290167,follow,1
1786427285.8699458,11.659956023391423,0.6310483870967742,150.20146853080806,0.0,0.5878233236973702,0.12276019359700427,follow,1
1786427285.9477968,11.845586661067529,0.6189516129032258,148.45611044030466,0.0,0.5142598203259169,0.12535988491433103,follow,1
1786427286.0242908,12.02481761180398,0.5887096774193548,150.05935292777403,0.0,0.6388337591192728,0.11763611575941661,follow,1
1786427286.1044493,12.242261855772576,0.5766129032258065,148.38498896281945,0.0,0.5196328239592853,0.12223448004407936,follow,1
1786427286.1854455,12.287024014249125,0.5463709677419355,145.57717529565045,0.0,0.4197370803828376,0.11379483883945173,follow,1
1786427286.2637188,12.276074051860585,0.5221774193548387,145.87732523913994,0.0,0.4992195040389162,0.11765543901413339,follow,1
1786427286.346854,12.399480534438213,0.49193548387096775,143.76836004175536,0.0,0.3838669885635987,0.11035295371364172,follow,1
1786427286.4237666,12.327745241437622,0.45564516129032256,151.52060733384283,0.0,0.7038669885635986,0.10556675004312474,follow,1
1786427286.4969304,12.479074482381957,0.3861635944700461,127.94078144078382,0.0,0.38386698856359863,0.09,follow,1
1786427286.5841124,12.715728550079453,0.6431451612903225,147.70276449296986,0.0,0.7038669885635986,0.098,follow,1
1786427286.6734357,12.450585085851307,0.685483870967742,147.61755734331956,0.0,0.5449907932710872,0.10600000000000001,follow,1
1786427286.7664318,12.215769320604066,0.7338709677419355,147.6301569128561,0.0,0.5503128331680572,0.11400000000000002,follow,1
1786427286.859193,11.916567837407689,0.7399193548387096,147.5205562223508,0.0,0.5451789035686582,0.12200000000000003,follow,1
1786427286.94907,11.686001363589284,0.7641129032258064,147.53778607587043,0.0,0.5491181322250994,0.13000000000000003,follow,1
1786427287.038159,11.571237136149652,0.7943548387096775,147.56714285551598,0.0,0.552527645457719,0.13536481394817546,follow,1
1786427287.1332672,11.514864985944625,0.7580645161290323,147.47639613588606,0.0,0.5489356124127055,0.1331074024792298,follow,1
1786427287.223616,11.285478042062147,0.7459677419354839,147.4134940847399,0.0,0.5487993517269633,0.13230103713523803,follow,1
1786427287.3120062,11.275709976316582,0.7399193548387096,147.30804057366996,0.0,0.5455357826565168,0.13205526069031304,follow,1
1786427287.4076917,11.251891723261828,1.0,147.75315717215412,0.0,0.5697672113763742,0.14005526069031304,follow,1
1786427287.4961882,11.10447461299797,0.6975806451612904,146.99276992926605,0.0,0.523598874521856,0.13026329401314532,follow,1
1786427287.581154,11.125663687727414,0.6915322580645161,147.1588148538273,0.0,0.543973017109506,0.12887382954916418,follow,1
1786427287.6681628,11.291116165799984,0.6794354838709677,146.84171497118507,0.0,0.5195212695160079,0.12922680887336555,follow,1
1786427287.7555077,11.313119091859498,0.6491935483870968,146.6574416584294,0.0,0.5174812289191653,0.12726758762090712,follow,1
1786427287.841221,11.342091024840993,0.6370967741935484,146.3612000902323,0.0,0.5063260356192795,0.1269657419217023,follow,1
1786427287.924439,11.412895063329795,0.6189516129032258,145.86843823745232,0.0,0.4867303094351261,0.12415298633581301,follow,1
1786427288.0076845,11.535333580997811,0.594758064516129,146.53456794981446,0.0,0.5301579281032504,0.1229872791048007,follow,1
1786427288.0836654,11.629709180655233,0.564516129032258,146.75792210933702,0.0,0.5266604734766545,0.1210971843090828,follow,1
1786427288.1696079,11.950389973503459,0.5282258064516129,145.11339458413892,0.0,0.4340637195778623,0.12115551662818726,follow,1
1786427288.2585287,11.886030672689229,0.49798387096774194,142.20919324577824,0.0,0.3324614675143893,0.1009500697864394,follow,1
1786427288.3389187,11.72272551836942,0.4616935483870968,145.02846612846878,0.0,0.5299033939430154,0.1089500697864394,follow,1
1786427288.4124088,11.913815340442797,0.41326036866359445,129.37932093860908,0.0,0.20990339394301544,0.09,follow,1
1786427288.5055141,12.194274327635673,0.594758064516129,147.54200055688878,0.0,0.5299033939430154,0.098,follow,1
1786427288.5924385,11.927075423283668,0.6370967741935484,147.470236584652,0.0,0.5306302123670293,0.10223576020753466,follow,1
1786427288.6877456,11.819932926827091,0.8911290322580645,147.1544047279941,0.0,0.5316164582757632,0.11023576020753467,follow,1
1786427288.7760441,11.58283996271945,0.6733870967741936,146.99339219459992,0.0,0.5365809048597497,0.11823576020753468,follow,1
1786427288.8637943,11.52429198874298,0.7096774193548387,146.95408865672024,0.0,0.543676141217726,0.1262357602075347,follow,1
1786427288.9600494,11.493749757828418,1.0,147.45907705857755,0.0,0.5673766918540263,0.1342357602075347,follow,1
1786427289.05004,11.272480983351102,0.6975806451612904,146.3334998733412,0.0,0.5083376587813946,0.1309989799944339,follow,1
1786427289.135179,11.245793809321999,0.6915322580645161,146.62299470027608,0.0,0.5458599907285133,0.1287831522112613,follow,1
1786427289.2195246,11.323027271679443,0.655241935483871,145.67679305082447,0.0,0.49573875377850907,0.12870392273746906,follow,1
1786427289.3043451,11.466575092218392,0.6431451612903225,146.27933083707356,0.0,0.5459088369942768,0.12552472933272732,follow,1
1786427289.3962846,11.531310563089214,0.6068548387096775,144.62069716885492,0.0,0.4562822361146629,0.12719905435993012,follow,1
1786427289.4857829,11.29056679567085,0.594758064516129,146.33816209936663,0.0,0.5672108818611917,0.12129676124769073,follow,1
1786427289.5763726,11.384828188827962,0.5766129032258065,145.69809996083603,0.0,0.5038573147120584,0.12294704007739003,follow,1
1786427289.6626158,11.317982817732773,0.5524193548387096,144.58422107304494,0.0,0.4596630762703384,0.12326280648448386,follow,1
1786427289.7448967,11.372597355589237,0.5342741935483871,144.20093356491532,0.0,0.45655503908184786,0.11983190414021784,follow,1
1786427289.8315845,11.522651578964487,0.49193548387096775,142.1856779613201,0.0,0.3616158071384108,0.10062833240427366,follow,1
1786427289.9147418,11.50225654573719,0.4616935483870968,134.38862758862894,0.0,0.04161580713841079,0.09,follow,1
1786427289.998604,11.638393128101136,0.42930875576036864,121.50328142380566,0.0,-0.2783841928615892,0.09,follow,1
1786427290.091185,11.64995956421927,0.6008064516129032,147.51356986856388,0.0,0.04161580713841079,0.098,follow,1
1786427290.1798365,11.522164708525391,0.6491935483870968,147.97142640612233,0.0,0.3616158071384108,0.10600000000000001,follow,1
1786427290.274913,11.45690412572486,0.685483870967742,148.0862259202506,0.0,0.5610583823065695,0.11400000000000002,follow,1
1786427290.3665197,11.268247341698252,0.6915322580645161,148.1203401452775,0.0,0.5600055893953754,0.12200000000000003,follow,1
1786427290.454883,11.20647828474358,0.7399193548387096,148.0842808991101,0.0,0.5559202726950441,0.13000000000000003,follow,1
1786427290.540207,11.237576865647146,0.7338709677419355,148.04880683162568,0.0,0.5549978793096093,0.13118344005010704,follow,1
1786427290.6263533,11.33926721078316,0.7036290322580645,148.3171773751299,0.0,0.5685735318163508,0.12849880168963665,follow,1
1786427290.7232656,11.32774609480986,0.6915322580645161,147.47079268154886,0.0,0.5198432328814027,0.13003337124913056,follow,1
1786427290.8158233,11.178198720805547,0.6794354838709677,146.92921665390398,0.0,0.5096253443958539,0.12611455143771583,follow,1
1786427290.9052773,11.0747896908663,0.6370967741935484,147.60140378774443,0.0,0.5481411295362124,0.1250134997244555,follow,1
1786427290.9985306,11.114866840097458,0.6068548387096775,147.1735655044336,0.0,0.5090347405861002,0.1247762307405029,follow,1
1786427291.0879605,11.046130951456671,0.5826612903225806,144.58270655197185,0.0,0.3910370687370981,0.10056808324863914,follow,1
1786427291.1820557,11.04087519408087,0.5463709677419355,147.1345728078469,0.0,0.5582526902240588,0.10856808324863915,follow,1
1786427291.2678413,10.952482056423744,0.5342741935483871,146.00449791387416,0.0,0.4468530934198781,0.1118427261304394,follow,1
1786427291.343279,11.134367317133545,0.5221774193548387,145.04458873527483,0.0,0.41293142477564543,0.1026879658616651,follow,1
1786427291.4228923,11.540877569825682,0.49193548387096775,151.9249594436378,0.0,0.7329314247756454,0.10729957334264267,follow,1
1786427291.5070815,11.717461133844365,0.4616935483870968,147.20342810342777,0.0,0.41293142477564543,0.11529957334264268,follow,1
1786427291.5872939,11.795819130414264,0.40506912442396314,141.21576986232233,0.0,0.18750091232504265,0.09,follow,1
1786427291.6736228,11.900149006669029,0.6189516129032258,152.18045783326914,0.0,0.5075009123250427,0.098,follow,1
1786427291.7616987,11.852872678368332,0.6431451612903225,152.08715538193172,0.0,0.6129979363621272,0.10600000000000001,follow,1
1786427291.854724,11.725095891168575,0.6975806451612904,150.4099028624876,0.0,0.5478474232316876,0.11400000000000002,follow,1
1786427291.9477835,11.500530534142252,0.6975806451612904,151.43981254506127,0.0,0.6335803404121758,0.12200000000000003,follow,1
1786427292.0374284,11.415931079609615,0.7278225806451613,151.2319258800272,0.0,0.6082888895811783,0.12816838337335965,follow,1
1786427292.122386,11.364776791833233,0.7036290322580645,150.38032267738117,0.0,0.5763489478055839,0.12812279715130231,follow,1
1786427292.2155163,11.445514102493151,0.685483870967742,150.5986591212089,0.0,0.6057091569824428,0.12550921065603565,follow,1
1786427292.3162334,11.28807741364734,0.655241935483871,149.07578498151832,0.0,0.5256331267211852,0.12729460857703587,follow,1
1786427292.4029627,11.01767485167554,0.6431451612903225,151.27456163239748,0.0,0.6565049050265382,0.12034447862863872,follow,1
1786427292.4863813,11.129685138133052,0.6370967741935484,151.77011372364183,0.0,0.6399744673187004,0.1207260307667356,follow,1
1786427292.577773,11.296260799472819,0.594758064516129,151.24563247819944,0.0,0.5992345870389142,0.11983569971377288,follow,1
1786427292.6645212,11.125109193480597,0.5705645161290323,149.35783084839645,0.0,0.5167999792424556,0.1219510057408914,follow,1
1786427292.7447033,11.322327159254765,0.5463709677419355,151.09178475645624,0.0,0.638505372402471,0.1149004238645608,follow,1
1786427292.825113,11.557135719515873,0.5100806451612904,151.3873378464983,0.0,0.6089408247056904,0.11382874814741331,follow,1
1786427292.9070716,11.653517572151543,0.48588709677419356,144.50769697810767,0.0,0.28894082470569044,0.09121664696518954,follow,1
1786427292.9801922,11.770427601437685,0.45564516129032256,138.03889419404163,0.0,0.07447677301759925,0.09,follow,1
1786427293.0528128,12.206487021403854,0.38473502304147467,129.31562881563008,0.0,-0.24552322698240076,0.09,follow,1
1786427293.1389742,12.555099433942319,0.6068548387096775,153.2056668796383,0.0,0.07447677301759925,0.09758339565231161,follow,1
1786427293.2324483,12.37887412335276,0.842741935483871,153.19855163246177,0.0,0.39447677301759926,0.10558339565231162,follow,1
1786427293.3212407,12.043471362557373,0.6370967741935484,153.62964228312015,0.0,0.6427545740856592,0.09,follow,1
1786427293.4078164,11.827642641461425,0.685483870967742,153.44217060973762,0.0,0.6342552458610413,0.098,follow,1
1786427293.499187,11.838399554355433,1.0,153.8131910572177,0.0,0.6537916013526955,0.10600000000000001,follow,1
1786427293.5849068,11.627206212757425,0.6975806451612904,152.1798682749079,0.0,0.5750588013668178,0.11400000000000002,follow,1
1786427293.6855302,11.667997833470771,0.6975806451612904,152.44906915567327,0.0,0.6190600432995326,0.12200000000000003,follow,1
1786427293.7726996,11.31738928032394,0.6491935483870968,151.92795195914695,0.0,0.5875689045431304,0.12397408013374246,follow,1
1786427293.8549886,11.359438274702894,0.6431451612903225,151.84922959503177,0.0,0.5914401105439857,0.12339207293670493,follow,1
1786427293.9379914,11.514537951970249,0.6068548387096775,152.28627245216853,0.0,0.6117526561049372,0.1200585894768143,follow,1
1786427294.015597,11.624403311385493,0.594758064516129,152.70705924393383,0.0,0.6237520368511948,0.11871710638949372,follow,1
1786427294.095895,11.872585376341904,0.5887096774193548,151.70259455456858,0.0,0.5624248320456924,0.12111062069577001,follow,1
1786427294.1769335,11.918652943177598,0.5584677419354839,152.22947640594703,0.0,0.6117983724028335,0.11688046999672974,follow,1
1786427294.2551653,12.067333257209684,0.5403225806451613,152.5334121136895,0.0,0.6064327427374655,0.11592693192055468,follow,1
1786427294.3353379,12.220296329380167,0.5282258064516129,146.900840621758,0.0,0.2995845581336469,0.09,follow,1
1786427294.4083366,12.264540141714868,0.48588709677419356,147.46031227732095,0.0,0.45305662212411124,0.09,follow,1
1786427294.4824753,12.543531548238633,0.4616935483870968,139.89843219843414,0.0,0.13305662212411123,0.09,follow,1
1786427294.556577,12.741820907206353,0.4314516129032258,145.14833147942437,0.0,0.45305662212411124,0.09,follow,1
1786427294.6410484,12.81251982533109,0.594758064516129,155.80774135274433,0.0,0.7730566221241113,0.098,follow,1
1786427294.7335293,12.67477486107378,0.842741935483871,156.10985167262777,0.0,0.6758724628905761,0.10600000000000001,follow,1
1786427294.826643,12.311078026426724,0.6310483870967742,156.07630424286648,0.0,0.6673641953280559,0.11400000000000002,follow,1
1786427294.917128,11.90232872876277,0.655241935483871,155.8752063106571,0.0,0.67019532015161,0.12047949502187118,follow,1
1786427295.02065,11.831218177401164,0.9334677419354839,155.97611673834822,0.0,0.6831488257160606,0.12847949502187117,follow,1
1786427295.1179335,11.39791935271415,0.7036290322580645,155.89578752508834,0.0,0.6760166715474774,0.12120859227230771,follow,1
1786427295.213757,11.171162880849446,0.6975806451612904,155.46564703131392,0.0,0.6636275009407453,0.12351303904083971,follow,1
1786427295.324275,11.02670709468391,0.9032258064516129,156.09311331833916,0.0,0.6999754556831959,0.13151303904083972,follow,1
1786427295.4185278,10.630033113963481,0.6431451612903225,155.3527919841355,0.7155612244897961,0.68,-0.11,reverse:obstacle,1
1786427295.5078042,10.62776291448744,0.6431451612903225,155.29366323974565,0.0,0.68,-0.11,reverse:obstacle,1
1786427295.597618,10.741720978786233,0.6129032258064516,156.65315919389263,0.7444196428571429,0.68,-0.11,reverse:obstacle,1
1786427295.6842895,10.8223342211678,0.6008064516129032,156.50169183918277,0.7545918367346939,0.68,0.11,avoid:obstacle,1
1786427295.765407,10.965020520686313,0.5826612903225806,154.84865236275394,0.7770089285714286,0.68,0.11,avoid:obstacle,1
1786427295.8479097,11.240722481290472,0.5463709677419355,158.93527598273425,0.0,0.8066859136401511,0.1074316311410337,follow,1
1786427295.9271908,11.407364456719064,0.5403225806451613,157.23156752062445,0.0,0.6589756132829608,0.11360151582738741,follow,1
1786427296.0060775,11.66696658191611,0.49798387096774194,154.6031894934339,0.0,0.5579399217156675,0.11523682734232991,follow,1
1786427296.0809386,11.840622649651952,0.467741935483871,132.71435345119954,0.0,0.23793992171566752,0.09,follow,1
1786427296.1647708,12.158597786277618,0.7701612903225807,158.81360208733196,0.0,0.5579399217156675,0.09,follow,1
1786427296.2511241,12.050415694941213,0.8064516129032258,159.5410654207579,0.0,0.7427920563572975,0.09,follow,1
1786427296.336119,12.028932637200707,0.6008064516129032,158.961852322214,0.0,0.7189084618336218,0.098,follow,1
1786427296.428977,11.908956608482208,0.6431451612903225,160.5874257272577,0.0,0.7968607705681787,0.09,follow,1
1786427296.5094593,11.745327606553316,0.6491935483870968,160.78251422085407,0.0,0.7700436930196604,0.09,follow,1
1786427296.5929596,11.869264136330347,0.6612903225806451,160.42081426990018,0.0,0.7586603002536251,0.098,follow,1
1786427296.6826618,11.886431278878865,0.6612903225806451,160.25316625676896,0.0,0.7581407874905752,0.10144986802567459,follow,1
1786427296.767194,11.75218255886333,0.6612903225806451,160.40473350274578,0.0,0.7686790439273661,0.09717477698471669,follow,1
1786427296.8516743,11.764644533379673,0.6612903225806451,160.2906494200536,0.0,0.7598010445199607,0.09853240724772412,follow,1
1786427296.9313252,11.782616460698362,0.6612903225806451,160.3436230429876,0.0,0.7641259751099438,0.09864269829423447,follow,1
1786427297.0159695,11.934741136620708,0.6673387096774193,160.28846215438227,0.0,0.7635935947065627,0.10262693206583627,follow,1
1786427297.101426,11.912513230650514,0.6975806451612904,160.78011496716633,0.0,0.7873335032373332,0.09,follow,1
1786427297.2032287,11.858486491991574,1.0,160.60127376883352,0.0,0.7704463731453073,0.098,follow,1
1786427297.2969553,11.421530916363732,0.6491935483870968,159.82143101082409,0.0,0.7322915351142893,0.10600000000000001,follow,1
1786427297.3807364,11.317090183496456,0.6491935483870968,161.14357824462627,0.0,0.8037982900603561,0.11381319102155613,follow,1
1786427297.4642048,11.399035344428778,0.6129032258064516,160.16386145453208,0.0,0.7307710180113838,0.11497123278035802,follow,1
1786427297.5425074,11.558962033237233,0.6008064516129032,160.47857516380077,0.0,0.7653010002520118,0.112632712667859,follow,1
1786427297.6277215,11.782158525691877,0.594758064516129,159.3957648291604,0.0,0.7072103276482805,0.1149093740333084,follow,1
1786427297.7179215,11.763432508991647,0.564516129032258,156.94829462989856,0.0,0.6122687752099885,0.11725636785181677,follow,1
1786427297.8040845,11.640653531369914,0.5463709677419355,158.8101095757456,0.0,0.7621447696207,0.1094096755087225,follow,1
1786427297.88986,11.632103572953735,0.5403225806451613,155.7448172515993,0.0,0.577755720616498,0.11719610522707341,follow,1
1786427297.9768286,11.640625145913337,0.49798387096774194,154.84434467971084,0.0,0.6036978365526702,0.11326034280964234,follow,1
1786427298.0602572,11.609058725977821,0.48588709677419356,149.35596839062754,0.0,0.35784037120858636,0.09,follow,1
1786427298.1406922,11.657331255634347,0.4495967741935484,162.25645500135388,0.0,0.6778403712085863,0.09,follow,1
1786427298.2195506,11.84627973369629,0.4254032258064516,134.25645500135388,0.0,0.3578403712085863,0.09,follow,1
1786427298.308848,12.016361266990083,0.8004032258064516,158.8964882741109,0.0,0.6778403712085863,0.09,follow,1
1786427298.4001644,11.841781278032515,0.8185483870967742,158.82754354815148,0.0,0.7090421808842658,0.09,follow,1
1786427298.4867864,11.681383708864718,0.6068548387096775,157.55661080487647,0.0,0.6935423458120492,0.098,follow,1
1786427298.5745084,11.647642180412138,0.6370967741935484,157.0664084067815,0.0,0.6921372578228965,0.10600000000000001,follow,1
1786427298.6669464,11.572795365246535,0.8185483870967742,157.76771664920696,0.0,0.7376870170569848,0.11400000000000002,follow,1
1786427298.7492442,11.44229001579024,0.6612903225806451,157.11965246838528,0.0,0.7042064961327639,0.11339543875375951,follow,1
1786427298.8357599,11.546877048411808,0.6975806451612904,156.65580584189087,0.0,0.6990999840139932,0.12139543875375952,follow,1
1786427298.9244442,11.581549113028322,0.685483870967742,155.4250094079224,0.0,0.6519247447257349,0.12329536846416259,follow,1
1786427299.0032833,11.531758746612628,0.6491935483870968,155.80333012027492,0.0,0.694020725194341,0.11897177601656628,follow,1
1786427299.0856185,11.760991806585059,0.6370967741935484,154.86795758005422,0.0,0.6372281148959503,0.12085425109547274,follow,1
1786427299.172744,11.837924163811715,0.6068548387096775,155.98012167122522,0.0,0.7070116216716886,0.11568352379889385,follow,1
1786427299.2523108,11.756494152285896,0.594758064516129,155.23746371134789,0.0,0.6426455618620237,0.11785510111932777,follow,1
1786427299.331688,11.91576891632461,0.564516129032258,153.44986695694234,0.0,0.5623284614879756,0.10976705224688242,follow,1
1786427299.4136407,12.066789295264744,0.5463709677419355,155.84795816198846,0.0,0.7164242893685182,0.11144009346142172,follow,1
1786427299.4947042,12.019687703726586,0.5403225806451613,155.32547398006182,0.0,0.6338189378721336,0.11471488738938213,follow,1
1786427299.572172,12.074418805932277,0.49798387096774194,158.02814258911883,0.0,0.7795670734123576,0.1056637810417612,follow,1
1786427299.6439424,12.325251330262262,0.4737903225806452,130.02814258911883,0.0,0.45956707341235764,0.09,follow,1
1786427299.7149627,12.647658326015154,0.4435483870967742,143.79468097723003,0.0,0.6514094956088927,0.09,follow,1
1786427299.8058794,12.901316931947814,0.8004032258064516,161.43829504459222,0.0,0.9714094956088928,0.09,follow,1
1786427299.8860064,12.54157736311357,0.5826612903225806,162.24339730114303,0.0,0.8186443467073089,0.09,follow,1
1786427299.9705,12.514140918528357,0.6189516129032258,162.43203283554183,0.0,0.8141380728381684,0.09,follow,1
1786427300.063232,12.365204578984326,0.8971774193548387,162.85214359630467,0.0,0.8199623397943618,0.09,follow,1
1786427300.1475737,12.031586558571794,0.6612903225806451,163.89091035505717,0.0,0.8652039599802214,0.09,follow,1
1786427300.2287738,12.043306869312019,0.6975806451612904,164.12022097079074,0.0,0.8580326077644491,0.09,follow,1
1786427300.308675,12.1072542447994,0.655241935483871,162.0556996730795,0.0,0.7550110798873164,0.098,follow,1
1786427300.3893204,12.176744093593339,0.6491935483870968,161.68438626233282,0.0,0.7800430028010807,0.10600000000000001,follow,1
1786427300.494453,12.238954347959512,1.0,165.00380075066755,0.0,0.953067240056612,0.09693746821271451,follow,1
1786427300.5751,11.691985088547849,0.6008064516129032,161.365960195638,0.0,0.7102298080452794,0.10493746821271452,follow,1
1786427300.654839,11.813830431295585,0.594758064516129,161.93926337282045,0.0,0.7946326684369743,0.11092078437378727,follow,1
1786427300.7351224,11.967402804844646,0.5584677419354839,164.951621519435,0.0,0.9350837683652079,0.1024253696763896,follow,1
1786427300.817509,12.005903763911487,0.5463709677419355,164.5685475466788,0.0,0.8374259569105194,0.10606648503192367,follow,1
1786427300.8909993,12.09063716897146,0.5463709677419355,155.82709381624977,0.0,0.5174259569105193,0.09,follow,1
1786427300.964606,12.402781504668964,0.5040322580645161,153.62876148242034,0.0,0.48046789634508713,0.09,follow,1
1786427301.034616,12.64794829547708,0.49193548387096775,152.55720792365557,0.0,0.47779452652190113,0.09,follow,1
1786427301.1060164,12.976233844413223,0.467741935483871,147.83342647158543,0.0,0.2512480298112234,0.09,follow,1
1786427301.187672,13.18078734342109,0.7701612903225807,166.15668115317862,0.0,0.5712480298112235,0.09,follow,1
1786427301.272681,12.977910594844024,0.8004032258064516,166.22795057031777,0.0,0.8091145606725867,0.09,follow,1
1786427301.359546,12.751419887865882,0.8064516129032258,166.3113620201031,0.0,0.8344906525137606,0.09,follow,1
1786427301.455666,12.390816558513109,0.8548387096774193,166.76251708964418,0.0,0.8790186904889399,0.09,follow,1
1786427301.5427563,12.082254067154043,0.8911290322580645,167.05362755888694,0.0,0.8903226419382257,0.09,follow,1
1786427301.6335406,11.976104744844942,0.9274193548387096,167.13837219173158,0.0,0.8991184368145725,0.09,follow,1
1786427301.7127643,11.783662069794657,0.6673387096774193,167.79585986353695,0.0,0.9431346766686138,0.09,follow,1
1786427301.8049142,11.853372643269449,1.0,167.70915768991946,0.0,0.9308659808878543,0.09,follow,1
1786427301.8870983,11.698450315816135,0.655241935483871,166.3222299515958,0.0,0.8793163858547686,0.098,follow,1
1786427301.9677908,11.822889583169417,0.6491935483870968,165.50613595688776,0.0,0.8702528992881529,0.10600000000000001,follow,1
1786427302.054442,11.905108036872258,0.6491935483870968,165.73520279106327,0.0,0.8984526776129843,0.10936526303247368,follow,1
1786427302.152256,11.868770896200669,1.0,168.00784089497847,0.0,1.0,0.09,follow,1
1786427302.2305527,11.527315162236649,0.6068548387096775,166.89273169750308,0.0,0.9025431252919954,0.098,follow,1
1786427302.3073726,11.795451274731363,0.6008064516129032,164.7305515395733,0.0,0.8022965689861162,0.10600000000000001,follow,1
1786427302.3964646,11.983521115859475,1.0,169.79338892461456,0.0,1.0,0.09,follow,1
1786427302.4710577,11.853881013475842,0.5524193548387096,166.9870149598299,0.0,0.8436005411289192,0.098,follow,1
1786427302.5410066,12.19074573831595,0.5342741935483871,149.59566208536984,0.0,0.5236005411289193,0.09,follow,1
1786427302.615035,12.593609071767286,0.49193548387096775,167.88751957285368,0.0,0.8436005411289194,0.098,follow,1
1786427302.7043843,12.78218457294773,1.0,172.1556845796244,0.0,1.0,0.09,follow,1
1786427302.78963,12.462314299528634,0.7701612903225807,171.23760349514163,0.0,0.8765608906935678,0.09,follow,1
1786427302.8686814,12.32101353322422,0.782258064516129,171.48464455653732,0.0,0.916017292473935,0.09,follow,1
1786427302.9370315,12.351875619622582,0.4012096774193548,172.75018952062004,0.0,1.0,0.09,follow,1
1786427303.0207527,12.85372848774856,0.8245967741935484,172.27113199101325,0.0,0.9552326938164214,0.09,follow,1
1786427303.107019,12.646534366794954,0.872983870967742,172.9702558327956,0.0,1.0,0.09,follow,1
1786427303.1916804,12.452152798311733,0.625,173.86073561166916,0.0,1.0,0.09,follow,1
1786427303.289356,12.339940206861014,0.9516129032258064,173.97126648540143,0.0,1.0,0.09,follow,1
1786427303.370838,11.911970470161469,0.655241935483871,174.76068230734765,0.0,1.0,0.09,follow,1
1786427303.4451315,11.95263860756104,0.6491935483870968,173.24088576042033,0.0,1.0,0.098,follow,1
1786427303.5272872,12.307752605352183,0.655241935483871,172.78175449011806,0.0,1.0,0.10408514331927181,follow,1
1786427303.6157513,12.240381135925468,1.0,174.9039622326186,0.0,1.0,0.09,follow,1
1786427303.6901066,12.086063655419771,0.6008064516129032,170.48763419360773,0.0,0.8688855834374853,0.098,follow,1
1786427303.7675912,12.348878349611992,0.594758064516129,170.36803065125255,0.0,0.949756206940823,0.10384336988176074,follow,1
1786427303.8428447,12.419253252184546,0.5584677419354839,171.579161127441,0.0,1.0,0.09889896157786202,follow,1
1786427303.9193006,12.64492355760205,0.5524193548387096,169.5170283498018,0.0,0.8772359559526426,0.10465523699974077,follow,1
1786427303.9962442,12.731687147037963,0.5463709677419355,168.6274155193991,0.0,0.8794330860399329,0.10420097468174215,follow,1
1786427304.0744393,12.712805150066567,0.5040322580645161,162.9884383908774,0.0,0.6075526064479879,0.09,follow,1
1786427304.1493084,12.797050885386632,0.49798387096774194,158.72715089788352,0.0,0.5116287026957075,0.09,follow,1
1786427304.235022,12.853449597839623,0.7580645161290323,175.82089686266434,0.0,0.8316287026957074,0.09,follow,1
1786427304.3202434,12.663035664124706,0.7883064516129032,176.2468236916124,0.0,1.0,0.09,follow,1
1786427304.4011734,12.468883119174588,0.8004032258064516,176.4300357584014,0.0,1.0,0.09,follow,1
1786427304.4903038,12.464062871437578,0.8125,176.71709166947574,0.0,1.0,0.09,follow,1
1786427304.5825977,12.202821886885404,0.842741935483871,176.5307287980796,0.0,1.0,0.09,follow,1
1786427304.6779006,11.938811564779959,0.8487903225806451,176.3965460227908,0.0,1.0,0.09,follow,1
1786427304.7761319,11.604342161264336,0.8790322580645161,176.12255426625686,0.0,1.0,0.09,follow,1
1786427304.8791096,11.35464072537491,0.9032258064516129,176.12380575878458,0.0,1.0,0.09,follow,1
1786427304.9757497,10.999737279692297,0.939516129032258,175.96853174317755,0.0,1.0,0.09,follow,1
1786427305.062261,10.911461839555937,0.655241935483871,177.273783150849,0.0,1.0,0.09,follow,1
1786427305.1519673,11.000468407058811,0.655241935483871,173.69658579386774,0.0,0.9845743574987114,0.098,follow,1
1786427305.2526538,11.052290230295853,1.0,176.44840651204962,0.0,1.0,0.09,follow,1
1786427305.3530612,10.84100842367127,1.0,176.99002680218246,0.0,1.0,0.09,follow,1
1786427305.4401443,10.664650199731948,0.6008064516129032,172.4658863699282,0.0,0.9281077170590657,0.098,follow,1
1786427305.5273066,10.828460162435427,0.6008064516129032,170.7010827770768,0.0,0.9176518679903813,0.10565866125855046,follow,1
1786427305.6140976,10.898293141801076,0.5584677419354839,173.9929748387023,0.0,1.0,0.09457015080263152,follow,1
1786427305.7003255,11.085703303302859,0.5524193548387096,172.14966802105468,0.0,0.9540410424063066,0.10123270634100745,follow,1
1786427305.7773705,11.175362476095223,0.5100806451612904,165.52467385138934,0.0,0.6699785775391266,0.09,follow,1
1786427305.8597057,11.537031353474976,0.5040322580645161,168.96072220462457,0.0,0.9899785775391265,0.09691475398657044,follow,1
1786427305.9444976,11.670536029258951,0.4616935483870968,162.63655083655237,0.0,0.6699785775391265,0.09,follow,1
1786427306.029869,11.682575971776572,0.4495967741935484,149.3711202222863,0.0,0.3499785775391265,0.09,follow,1
1786427306.1219263,11.700416007324566,0.8004032258064516,177.24664435742332,0.0,0.6699785775391265,0.09,follow,1
1786427306.2199395,11.478686968826382,0.8125,176.83871654653285,0.0,0.9899785775391265,0.09,follow,1
1786427306.3283978,11.25283042929967,0.8487903225806451,176.7914123118603,0.0,1.0,0.09,follow,1
1786427306.423532,10.829407718504902,0.8850806451612904,177.46761735456008,0.0,1.0,0.09,follow,1
1786427306.5252187,10.799970900907308,0.9334677419354839,177.42843799089877,0.0,1.0,0.09,follow,1
1786427306.6117296,10.577080472854222,0.6189516129032258,177.40224102189177,0.0,1.0,0.09,follow,1
1786427306.7164059,10.811164946105247,1.0,178.15939103436972,0.0,1.0,0.098,follow,1
1786427306.8185003,10.561640107480647,1.0,178.63304973678737,0.0,1.0,0.10600000000000001,follow,1
1786427306.9023793,10.4009337464821,0.6068548387096775,174.9935173563543,0.0,1.0,0.10133045424894806,follow,1
1786427306.9995618,10.733397323852053,1.0,179.13372710454996,0.0,1.0,0.10810318908587109,follow,1
1786427307.0827649,10.634758460739523,0.5584677419354839,176.71307826468765,0.0,1.0,0.09592977979994455,follow,1
1786427307.1761286,10.915141967070427,1.0,180.2199042558093,0.0,1.0,0.10392977979994455,follow,1
1786427307.2659428,10.88240764681241,1.0,180.3844377051023,0.0,1.0,0.11192977979994456,follow,1
1786427307.3454769,10.921701393791786,0.49798387096774194,172.2149557759322,0.0,0.8978608095085172,0.10055415704467265,follow,1
1786427307.4190965,11.264505552520355,0.4737903225806452,144.2149557759322,0.0,0.5778608095085171,0.09,follow,1
1786427307.5036457,11.72409976601398,0.7762096774193549,172.2149557759322,0.0,0.8978608095085172,0.098,follow,1
1786427307.5886948,11.748836207175517,0.8004032258064516,183.0061638116573,0.0,1.0,0.10197979426440282,follow,1
1786427307.6817482,11.739964170908419,0.8185483870967742,183.10707246167394,0.0,1.0,0.10081091514185918,follow,1
1786427307.771493,11.548258211578254,0.8548387096774193,183.15304964650133,0.0,1.0,0.10326245852292777,follow,1
1786427307.8632417,11.46947160883218,0.8850806451612904,182.97865364019674,0.0,1.0,0.1060892415011465,follow,1
1786427307.9626248,11.353338624176589,0.9153225806451613,183.15910398662695,0.0,1.0,0.10670286690676108,follow,1
1786427308.0570357,11.095589509069418,0.9637096774193549,183.2480624628577,0.0,1.0,0.10981381130617948,follow,1
1786427308.1560516,10.989467172297841,1.0,183.01624907456377,0.0,1.0,0.1130812067563823,follow,1
1786427308.2548645,10.817533043273265,1.0,183.24820347805579,0.0,1.0,0.11191751596618962,follow,1
1786427308.3498247,10.674157750217429,1.0,183.39599612320973,0.0,1.0,0.11191754907402927,follow,1
1786427308.4471428,10.629411357663097,1.0,182.96037835557016,0.0,1.0,0.11326652987534716,follow,1
1786427308.5259562,10.564753405354297,0.5584677419354839,183.09388835360014,0.0,1.0,0.09032903803859363,follow,1
1786427308.6238754,10.990336202797156,1.0,182.94484299736325,0.0,1.0,0.09832903803859364,follow,1
1786427308.7243145,10.847600607107905,1.0,182.6962933315153,0.0,1.0,0.10632903803859364,follow,1
1786427308.8106046,10.667792678805224,0.5040322580645161,180.94155844155864,0.0,1.0,0.09203637514025416,follow,1
1786427308.9117494,10.836900633120415,1.0,181.95979109185822,0.0,1.0,0.10003637514025415,follow,1
1786427309.0053487,10.622482193895344,0.7762096774193549,181.22885342414784,0.0,1.0,0.10629843322436315,follow,1
1786427309.0960152,10.666354115740551,0.8064516129032258,181.41368365130333,0.0,1.0,0.10636848943054147,follow,1
1786427309.1872087,10.742800601767385,0.8245967741935484,181.0823225975896,0.0,1.0,0.10878082913283765,follow,1
1786427309.2806442,10.771303024497634,0.8608870967741936,180.726150731578,0.0,1.0,0.11145433930386485,follow,1
1786427309.375778,10.749598956429496,0.9032258064516129,180.4226364388214,0.0,1.0,0.114513077291967,follow,1
1786427309.4702911,10.720476291338485,0.9516129032258064,179.8106967702589,0.0,1.0,0.11883015979901171,follow,1
1786427309.5716987,10.705414037656972,1.0,179.29109696397936,0.0,1.0,0.12194961412521048,follow,1
1786427309.670488,10.521226234222324,1.0,178.48839529073155,0.0,1.0,0.12295229320845368,follow,1
1786427309.7754724,10.449060099451854,1.0,177.64566750258416,0.0,1.0,0.12407392711520909,follow,1
1786427309.8620791,10.266657504951063,0.6008064516129032,178.61741363929974,0.0,1.0,0.09883853177565673,follow,1
1786427309.947858,10.525280069976176,0.564516129032258,178.47381470730545,0.0,1.0,0.09767358954737372,follow,1
1786427310.0306675,10.72255093257056,0.5584677419354839,178.03139125025928,0.0,1.0,0.09799166807327604,follow,1
1786427310.1377754,11.031006537449368,1.0,174.98734907880157,0.0,0.8914049798181778,0.10599166807327604,follow,1
1786427310.2187378,10.685437837788085,0.49798387096774194,168.0276735459664,0.0,0.6477080318977615,0.09,follow,1
1786427310.3150792,10.999737604701778,0.7641129032258064,173.940486256821,0.0,0.9677080318977616,0.098,follow,1
1786427310.4089837,10.876619760074641,0.7701612903225807,173.42579480286687,0.0,0.9000792847068253,0.10600000000000001,follow,1
1786427310.5036278,10.781077113201624,0.8064516129032258,172.97843522869252,0.0,0.8873087343894193,0.11400000000000002,follow,1
1786427310.5986366,10.805752375286003,0.8548387096774193,171.8262800205591,0.0,0.8258039334488914,0.12200000000000003,follow,1
1786427310.698021,10.752581800400826,0.8971774193548387,170.9903988307761,0.0,0.8191608662346632,0.12807716559335733,follow,1
1786427310.8015885,10.617679454763113,1.0,170.58640538807515,0.0,0.8306683562988069,0.13364870571852658,follow,1
1786427310.896255,10.425637864774094,0.655241935483871,170.88207745989166,0.0,0.8554451591961978,0.1117462387035623,follow,1
1786427311.0020473,10.442327575563066,1.0,169.2737063663014,0.0,0.782462988255395,0.1197462387035623,follow,1
1786427311.0964534,10.24568782281404,0.6068548387096775,167.6408359047108,0.0,0.741429707805509,0.11378527049252452,follow,1
1786427311.188915,10.314888131981402,0.6008064516129032,164.96044172383006,0.0,0.6468087770211148,0.09038340526543712,follow,1
1786427311.274817,10.414252948656983,0.5524193548387096,167.65536429956617,0.0,0.8322316049947245,0.09838340526543712,follow,1
1786427311.3553882,10.659781003409192,0.5524193548387096,162.88453365961766,0.0,0.5486199591102718,0.09,follow,1
1786427311.4515176,11.021407132201993,0.5524193548387096,161.620814017915,0.0,0.5897148291178829,0.09,follow,1
1786427311.5351608,10.887852690515867,0.5040322580645161,158.79284130503683,0.0,0.4912962660567746,0.09,follow,1
1786427311.6239517,11.110495358545098,0.7278225806451613,164.44825009730073,0.0,0.8112962660567746,0.098,follow,1
1786427311.7225666,11.127040155785089,0.7641129032258064,163.6722555435059,0.0,0.6748922705195621,0.10600000000000001,follow,1
1786427311.8193216,10.919989121868861,0.8064516129032258,162.83509666827453,0.0,0.6544320329799552,0.11400000000000002,follow,1
1786427311.9146087,10.82524404973084,0.8487903225806451,161.673839057796,0.0,0.6223396400147988,0.12200000000000003,follow,1
1786427312.0131323,10.726211653931406,0.8971774193548387,160.737399717231,0.0,0.6162245947594318,0.13000000000000003,follow,1
1786427312.1070218,10.638492612820885,0.9516129032258064,159.3983177902574,0.0,0.5904583186995092,0.13800000000000004,follow,1
1786427312.1958978,10.54508337886971,0.655241935483871,157.42325430419515,0.0,0.5412526639032195,0.12540503800071748,follow,1
1786427312.281028,10.80335885012729,0.655241935483871,156.63865090515108,0.0,0.550817833145152,0.11957556463177615,follow,1
1786427312.37095,10.944038430180232,0.6129032258064516,155.3028350864364,0.0,0.5091298672747187,0.1132258809995732,follow,1
1786427312.463176,10.968707005165772,0.6008064516129032,155.0826386539111,0.0,0.5327262360254944,0.12122588099957321,follow,1
1786427312.5672097,10.99016313964209,1.0,154.4813719268053,0.0,0.5194265885512251,0.12922588099957322,follow,1
1786427312.6448066,10.699529531855049,0.5524193548387096,153.52255933142465,0.0,0.4933231206868651,0.12176287283022791,follow,1
1786427312.7261865,11.168934031214246,0.5524193548387096,152.29606750392426,0.0,0.4527960510883502,0.11832848422544905,follow,1
1786427312.8117795,11.40353132827361,0.5040322580645161,153.474184352234,0.0,0.5495090330331333,0.11600745698011336,follow,1
1786427312.888492,11.420325077040015,0.49193548387096775,153.28685109819637,0.0,0.520595037194925,0.11643906230508583,follow,1
1786427312.977435,11.72819532500694,0.7580645161290323,150.73771096196194,0.0,0.41467662813969,0.12443906230508583,follow,1
1786427313.0604074,11.685661994657556,0.41330645161290325,178.69719169719167,0.0,0.7346766281396899,0.09,follow,1
1786427313.1405427,11.758545186743742,0.3502073732718894,196.26418690003788,0.0,1.0,0.09,follow,1
1786427313.2320943,11.885740579700496,0.594758064516129,168.26418690003788,0.0,0.7346766281396899,0.098,follow,1
1786427313.3187256,11.695570753245496,0.6068548387096775,145.76589610241604,0.0,0.4146766281396899,0.10600000000000001,follow,1
1786427313.4076111,11.677551806763146,0.6310483870967742,147.60482169976171,0.0,0.46493860638240103,0.11400000000000002,follow,1
1786427313.488596,11.570283759408698,0.6370967741935484,144.8903890296532,0.0,0.3061077690917474,0.12200000000000003,follow,1
1786427313.5707302,11.703627057349362,0.6008064516129032,145.1723522716786,0.0,0.38558406584125826,0.13000000000000003,follow,1
1786427313.6509004,11.842050946583868,0.5826612903225806,143.41081620575156,0.0,0.2927823565172998,0.1300626530780125,follow,1
1786427313.7325943,11.956582913622292,0.5524193548387096,145.9997520546682,0.0,0.4723098620124452,0.1226992499033334,follow,1
1786427313.8125238,12.029867115798465,0.5282258064516129,140.44737967089958,0.0,0.15230986201244517,0.10887365135193205,follow,1
1786427313.8912704,12.09407529679758,0.49193548387096775,145.110298671163,0.0,0.4723098620124452,0.11687365135193206,follow,1
1786427313.9791684,12.17831249065106,0.7399193548387096,141.8989442900758,0.0,0.2422520964961197,0.12487365135193207,follow,1
1786427314.0676975,12.068784575153876,0.7701612903225807,141.10114058308312,0.0,0.2882231921428232,0.13287365135193208,follow,1
1786427314.142116,11.90882541355176,0.3951612903225806,169.10114058308312,0.0,0.6082231921428232,0.09787365135193207,follow,1
1786427314.2378175,12.222465188504657,0.8366935483870968,141.10114058308312,0.0,0.28822319214282316,0.10587365135193208,follow,1
1786427314.3292313,11.858249253688424,0.8548387096774193,139.46106470490992,0.0,0.24695602921742593,0.11387365135193209,follow,1
1786427314.4151514,11.679839661027568,0.594758064516129,138.01813343997054,0.0,0.22802425078154523,0.1218736513519321,follow,1
1786427314.4970171,11.639175794902375,0.6068548387096775,137.0505497847003,0.0,0.22269855140009112,0.11697065350625205,follow,1
1786427314.587832,11.8049440444664,0.9637096774193549,136.80194143475842,0.0,0.2352118582218699,0.12497065350625206,follow,1
1786427314.6743042,11.631743445890969,0.6491935483870968,136.30180845822306,0.0,0.21955194067482425,0.13297065350625206,follow,1
1786427314.754984,11.620663782285332,0.6068548387096775,136.84997758502206,0.0,0.26582725420505426,0.13594629457594737,follow,1
1786427314.8352914,11.788086055819061,0.5887096774193548,134.3772499430394,0.0,0.13886668687251108,0.1273457709523062,follow,1
1786427314.9148748,11.88488659470791,0.5524193548387096,135.48139855942367,0.0,0.2594933089839876,0.13218262152697277,follow,1
1786427314.9925678,11.949711275328095,0.5403225806451613,133.7444007343915,0.0,0.1581569007580717,0.13410061931902537,follow,1
1786427315.069036,12.235807136787102,0.5100806451612904,136.42413315555703,0.0,0.3484176908387695,0.11813793895119926,follow,1
1786427315.149318,12.410099601565802,0.49193548387096775,133.79181731298235,0.0,0.15439227657368002,0.12613793895119926,follow,1
1786427315.2367969,12.420529055122127,0.7580645161290323,130.54231445675742,0.0,0.03208539125964324,0.12177353244423333,follow,1
1786427315.3250496,12.199571202994138,0.782258064516129,129.8719308874496,0.0,0.08910919007260273,0.1266926249276559,follow,1
1786427315.3993924,12.022838264996171,0.38911290322580644,136.01501976284032,0.0,0.4091091900726027,0.0936717894301013,follow,1
1786427315.490537,12.35111134075967,0.8487903225806451,128.92424128042933,0.0,0.0891091900726027,0.1016717894301013,follow,1
1786427315.583801,12.012168511827573,0.6008064516129032,128.18374032685463,0.0,0.09418686816964547,0.10967178943010131,follow,1
1786427315.6659758,11.818101274280032,0.6310483870967742,127.70761322671667,0.0,0.09426775146965988,0.11767178943010131,follow,1
1786427315.7656932,11.887385704930686,0.9637096774193549,127.83713886129911,0.0,0.11361197332923215,0.12567178943010132,follow,1
1786427315.8505144,11.515283510261803,0.6431451612903225,126.65959450996769,0.0,0.06838720487872871,0.13367178943010133,follow,1
1786427315.9474998,11.564601809525712,1.0,126.9657962713532,0.0,0.10971390885373908,0.13779853818472573,follow,1
1786427316.0356386,11.325908449077,0.594758064516129,126.78205595813013,0.0,0.10534880882028053,0.13406167595028473,follow,1
1786427316.123883,11.304290029544575,0.5584677419354839,130.32499908526546,0.0,0.2900040618878078,0.09906167595028473,follow,1
1786427316.2070808,11.292600104131921,0.5403225806451613,128.08612844305193,0.0,0.11416817452731196,0.10706167595028473,follow,1
1786427316.2876866,11.48385036103042,0.49193548387096775,126.8083459704614,0.0,0.10541616839176765,0.11506167595028474,follow,1
1786427316.3690524,11.672262575811573,0.45564516129032256,140.66301566081032,0.0,0.42541616839176766,0.09,follow,1
1786427316.464545,11.778500817602227,0.7701612903225807,124.84680924057312,0.0,0.10541616839176765,0.09,follow,1
1786427316.5494065,11.528944534873851,0.38306451612903225,152.84680924057312,0.0,0.42541616839176766,0.09,follow,1
1786427316.6317575,11.57501918044779,0.594758064516129,125.16050410415815,0.0,0.10541616839176765,0.098,follow,1
1786427316.729311,11.663914488017175,0.8850806451612904,125.68612465433878,0.0,0.11275242836802524,0.09,follow,1
1786427316.815478,11.390323218488044,0.6189516129032258,124.53356329992673,0.0,0.08270129102400575,0.098,follow,1
1786427316.9061184,11.449649966283863,0.6431451612903225,124.93420115332421,0.0,0.12724196764671625,0.10600000000000001,follow,1
1786427317.0011096,11.29077942615783,0.6491935483870968,126.3539419316416,0.0,0.18456271747258418,0.11232456518742641,follow,1
1786427317.0885324,11.199321879305462,0.6129032258064516,127.1437851974082,0.0,0.2005163365057902,0.10521686472667004,follow,1
1786427317.1855505,11.247296079965151,0.594758064516129,127.55267282626636,0.0,0.20880615078093007,0.10706870961089049,follow,1
1786427317.263917,11.071398559403358,0.5524193548387096,128.66773016899091,0.0,0.2534818995964323,0.10775130840127875,follow,1
1786427317.3422308,11.314326031571774,0.5342741935483871,127.83790282995744,0.0,0.1937468685764423,0.1123245637146864,follow,1
1786427317.4232204,11.70603727657086,0.49798387096774194,127.93058161350874,0.0,0.21993855036833365,0.11575590817380513,follow,1
1786427317.4998243,11.771279510689547,0.467741935483871,137.93591241617753,0.0,0.5399385503683336,0.09,follow,1
1786427317.5714748,12.080672751444848,0.45564516129032256,133.05132734912135,0.0,0.25416382828444006,0.09,follow,1
1786427317.6523077,12.464698045445386,0.7641129032258064,129.84158630708646,0.0,0.15124503981817555,0.09,follow,1
1786427317.7261522,12.459454014178574,0.38911290322580644,115.12391304347621,0.0,-0.16875496018182445,0.09,follow,1
1786427317.7989557,12.67534751035419,0.3366820276497696,143.1239130434762,0.0,0.15124503981817555,0.09,follow,1
1786427317.8840063,12.881658440024863,0.594758064516129,130.35090062971574,0.0,-0.002169771910155577,0.09,follow,1
1786427317.9803016,12.647242848751068,0.7883064516129032,130.8932086123873,0.0,0.3178302280898444,0.09,follow,1
1786427318.0691483,12.16493313120269,0.6310483870967742,129.76729145722075,0.0,0.27940929263514963,0.098,follow,1
1786427318.1596491,11.991978893271433,0.655241935483871,130.2309910572689,0.0,0.3182808922216816,0.10600000000000001,follow,1
1786427318.245334,11.835116420200803,0.6491935483870968,131.82857693228647,0.0,0.3824591222684127,0.11400000000000002,follow,1
1786427318.3351083,11.749022579367042,0.6431451612903225,132.45950905437866,0.0,0.38022378764560977,0.1132099934261672,follow,1
1786427318.4175513,11.64287705124822,0.6068548387096775,132.9181966254998,0.0,0.3853545632457319,0.11572555265397416,follow,1
1786427318.5006173,11.769819655930664,0.594758064516129,131.53941166342355,0.0,0.3060592291399654,0.12372555265397417,follow,1
1786427318.589181,11.842093457492375,0.5826612903225806,131.2033758639023,0.0,0.31826036470400243,0.13172555265397418,follow,1
1786427318.667529,11.712398321026356,0.5524193548387096,133.2126766091059,0.0,0.4230061831314406,0.12095549521446068,follow,1
1786427318.7465868,11.924098396410525,0.5403225806451613,131.06621703260427,0.0,0.27402870057362066,0.12895549521446067,follow,1
1786427318.8263164,12.077134484059297,0.5161290322580645,136.30547231669584,0.0,0.5865442633246086,0.09822239057788279,follow,1
1786427318.9018621,12.182580890841058,0.49798387096774194,140.54442508710855,0.0,0.6796253123514174,0.09,follow,1
1786427318.9765573,12.36309318830358,0.467741935483871,136.0075357312213,0.0,0.3596253123514174,0.098,follow,1
1786427319.0468183,12.506130349193745,0.4375,148.39904186468982,0.0,0.6796253123514174,0.09,follow,1
1786427319.1333177,12.966909307939536,0.38911290322580644,129.84505928854057,0.0,0.3596253123514174,0.09,follow,0
1786427319.2031944,12.652043703919887,0.34596774193548385,127.98819207108244,0.0,0.1484709755186836,0.09,follow,0
1786427319.292748,13.021860547059399,0.7943548387096775,142.64415784508603,0.0,0.4684709755186836,0.09,follow,0
1786427319.37345,12.659610715778422,0.6008064516129032,143.28620865430682,0.0,0.6229328243441554,0.098,follow,0
1786427319.452034,12.582806259318893,0.6612903225806451,143.31812871157553,0.0,0.6002486432713029,0.10600000000000001,follow,0
1786427319.5311518,12.621614595976576,0.6491935483870968,144.97139482554326,0.0,0.6710806926236048,0.11400000000000002,follow,0
1786427319.6123512,12.633320499360769,0.6431451612903225,145.05818155724907,0.0,0.6298978393711023,0.1215907369545233,follow,0
1786427319.694126,12.568278995473008,0.6068548387096775,145.099522755112,0.0,0.6149492848553745,0.11991177431198562,follow,0
1786427319.7648785,12.504970342006402,0.5705645161290323,143.75393998035491,0.0,0.5316932471254736,0.12128055736226007,follow,0
1786427319.837706,12.750511714791093,0.5463709677419355,147.2643405021587,0.0,0.7367892382210086,0.11053569881097566,follow,0
1786427319.910605,13.026648794750795,0.5161290322580645,138.61701826148231,0.0,0.4167892382210086,0.09,follow,0
1786427319.9835868,13.094925708074607,0.49193548387096775,147.73503117550013,0.0,0.7367892382210086,0.098,follow,0
1786427320.0573664,13.276498628096514,0.467741935483871,123.96699519068461,0.0,0.4167892382210086,0.09,follow,0
1786427320.12719,13.304415830054891,0.4495967741935484,144.6483217920592,0.0,0.7367892382210086,0.098,follow,0
1786427320.1979837,13.516764181034006,0.4495967741935484,139.2646180906391,0.0,0.4167892382210086,0.09,follow,0
1786427320.269192,13.663190982086947,0.4495967741935484,142.27523010670654,0.0,0.5621152665738278,0.09,follow,0
1786427320.3403592,13.679927914551156,0.4495967741935484,140.02772523965584,0.0,0.3668802695234574,0.09,follow,0
1786427320.4079866,13.765534020247932,0.4495967741935484,142.52278888094943,0.0,0.5552769779638698,0.09,follow,0
1786427320.4786255,14.015424041905504,0.4495967741935484,141.83689377510603,0.0,0.45511889331335637,0.09,follow,0
1786427320.5472035,14.06447695567526,0.4495967741935484,144.30337428226497,0.0,0.6068035123485006,0.098,follow,0
1786427320.6141465,14.157287189158227,0.4495967741935484,139.14051603045857,0.0,0.2868035123485006,0.09,follow,0
1786427320.6837595,14.328145692833719,0.4495967741935484,141.87890750141804,0.0,0.5471914039085097,0.09,follow,0
1786427320.7516043,14.312082618786183,0.4495967741935484,140.53976348604007,0.0,0.40153361989052244,0.09,follow,0
1786427320.8199465,14.422639919717923,0.4495967741935484,139.2646180906391,0.0,0.3654115243884439,0.09,follow,0
1786427320.8933628,14.440613090700861,0.4495967741935484,139.10227888809504,0.0,0.3909448373709136,0.09,follow,0
1786427320.9596019,14.297429703605118,0.4495967741935484,139.926829456123,0.0,0.4384331748041942,0.09,follow,0
1786427321.031539,14.452897299255941,0.4495967741935484,138.5392444367774,0.0,0.3412893140829337,0.09,follow,0
1786427321.1019497,14.345516437639326,0.4495967741935484,142.4255480051268,0.0,0.5863950675773145,0.09,follow,0
1786427321.168052,14.301261653097908,0.4495967741935484,139.4260485719226,0.0,0.3282238586477084,0.09,follow,0
1786427321.2350953,14.459781284301322,0.4435483870967742,140.02317739779178,0.0,0.4372940111481331,0.09,follow,0
1786427321.3118339,14.431264875111074,0.4495967741935484,139.05438773749913,0.0,0.3688177638167672,0.09,follow,0
1786427321.3795037,14.27050309768369,0.4495967741935484,144.54177961507287,0.0,0.6845564143742426,0.098,follow,0
1786427321.446297,14.363806727188228,0.4495967741935484,139.7344516252248,0.0,0.36455641437424263,0.09,follow,0
1786427321.5173206,14.481020130954244,0.4495967741935484,145.68730131348696,0.0,0.6845564143742426,0.098,follow,0
1786427321.592915,14.409990938269955,0.4495967741935484,142.36314965869065,0.0,0.4049113870974916,0.09,follow,0
1786427321.6679854,14.091879783864115,0.4495967741935484,142.12820824810808,0.0,0.47739999604817657,0.09,follow,0
1786427321.7429245,14.028117408850687,0.4495967741935484,138.5392444367774,0.0,0.29037231320755974,0.09,follow,0
1786427321.8115056,13.89069626871985,0.4495967741935484,142.60970421893134,0.0,0.5929891004205913,0.09,follow,0
1786427321.879627,13.992965673525958,0.4495967741935484,140.15799428275764,0.0,0.3616049785171703,0.09,follow,0
1786427321.9478474,14.161240779410532,0.4495967741935484,142.43666058799013,0.0,0.5504908104153599,0.09,follow,0
1786427322.0198495,14.221632720271096,0.4495967741935484,141.96582283939944,0.0,0.46522281201294624,0.09,follow,0
1786427322.0903654,14.175044339199717,0.4495967741935484,139.8953322531364,0.0,0.3654130778437948,0.09,follow,0
1786427322.1630628,14.16616470924883,0.4495967741935484,142.94802730476306,0.0,0.5825519582852307,0.09,follow,0
1786427322.2331054,14.106647207737213,0.4495967741935484,139.61135377904884,0.0,0.32598865348374084,0.09,follow,0
1786427322.302254,14.150853901509304,0.4495967741935484,144.36562784938096,0.0,0.6459886534837409,0.098,follow,0
1786427322.375037,14.210360525972188,0.4495967741935484,136.01509709455493,0.0,0.3259886534837409,0.09,follow,0
1786427322.4481072,14.11443105495201,0.4495967741935484,141.76388649301452,0.0,0.6116474867736762,0.09,follow,0
1786427322.51998,14.014226177568423,0.4495967741935484,137.86974327854267,0.0,0.2916474867736762,0.09,follow,0
1786427322.5931568,13.993543020912266,0.4495967741935484,140.8934763054785,0.0,0.5210435180584839,0.09,follow,0
1786427322.6672158,13.942472437161193,0.4495967741935484,140.8215194435553,0.0,0.44228894205215763,0.09,follow,0
1786427322.740261,13.842042903667524,0.4495967741935484,138.4695100914269,0.0,0.3203766332018149,0.09,follow,0
1786427322.8145025,13.732048174227666,0.4495967741935484,142.71686247812886,0.0,0.5999037433740926,0.09,follow,0
1786427322.8847885,13.724965600654421,0.4495967741935484,140.39374584144434,0.0,0.37570410666439663,0.09,follow,0
1786427322.9535673,13.834412712894252,0.4495967741935484,139.57311663668486,0.0,0.3869832452591986,0.09,follow,0
1786427323.0202146,14.014113404454587,0.4495967741935484,140.29165485842483,0.0,0.4477642508200268,0.09,follow,0
1786427323.0867102,14.199838980252485,0.4495967741935484,140.85265777865425,0.0,0.46046162474064206,0.09,follow,0
1786427323.1555164,14.387724360135179,0.4495967741935484,141.48318095566748,0.0,0.48022834456940766,0.09,follow,0
1786427323.226463,14.410343796884689,0.4495967741935484,141.56990530816353,0.0,0.4688427747161416,0.09,follow,0
1786427323.294464,14.313801569831671,0.4495967741935484,138.8232229108654,0.0,0.31884101807867377,0.09,follow,0
1786427323.3613112,14.422321955940333,0.4495967741935484,140.8067981591466,0.0,0.4964274570833006,0.09,follow,0
1786427323.4398339,14.470242056717208,0.4495967741935484,140.67313758347973,0.0,0.436102614727223,0.09,follow,0
1786427323.508629,14.180056222901651,0.4495967741935484,140.67313758347973,0.0,0.43960211650644326,0.09,follow,0
1786427323.576839,14.250564410415766,0.4495967741935484,141.0379629857809,0.0,0.45970534114727946,0.09,follow,0
1786427323.646975,14.320373500417821,0.4495967741935484,139.748860247911,0.0,0.38062901150469886,0.09,follow,0
1786427323.716735,14.318118893608368,0.4495967741935484,140.8067981591466,0.0,0.4708370027926406,0.09,follow,0
1786427323.7956252,14.268382691208162,0.4495967741935484,138.6441077897431,0.0,0.3278684598265611,0.09,follow,0
1786427323.8681624,13.987612311312667,0.4495967741935484,139.82237117721047,0.0,0.44267118700617464,0.09,follow,0
1786427323.9370427,13.903538026509898,0.4495967741935484,143.8315816062502,0.0,0.6276016283996703,0.0951252492668677,follow,0
1786427324.0143974,14.064488242221802,0.4495967741935484,142.62124805934246,0.0,0.463638559545175,0.09,follow,0
1786427324.0865905,13.843569727328825,0.4495967741935484,142.2042281722073,0.0,0.4747610813622617,0.09,follow,0
1786427324.1557674,13.856804241307064,0.4495967741935484,139.80313246999677,0.0,0.3561420832843567,0.09,follow,0
1786427324.226681,13.897305429848615,0.4495967741935484,140.61657045516213,0.0,0.4589687582603332,0.09,follow,0
1786427324.298929,14.01300349450413,0.4495967741935484,142.05711390127897,0.0,0.5164814731904194,0.09,follow,0
1786427324.3681333,13.981076143587348,0.4495967741935484,144.79172878829,0.0,0.6252508250907679,0.098,follow,0
1786427324.434597,14.080323523755501,0.4495967741935484,138.4695100914269,0.0,0.3052508250907679,0.09,follow,0
1786427324.5029354,14.269123890851112,0.4495967741935484,138.63299520688042,0.0,0.3862813448746059,0.09,follow,0
1786427324.5688808,14.341359940300979,0.4495967741935484,138.49663465092786,0.0,0.3736795891013228,0.09,follow,0
1786427324.6397994,14.42650424860991,0.4495967741935484,143.72807825476255,0.0,0.6665783084392024,0.09660252932551476,follow,0
1786427324.7132566,14.294969521771968,0.4495967741935484,135.37121571502382,0.0,0.3465783084392024,0.09,follow,0
1786427324.780628,14.298719596714943,0.4495967741935484,141.49653915818533,0.0,0.6206910741838495,0.09,follow,0
1786427324.8508396,14.40745407319766,0.4495967741935484,139.926829456123,0.0,0.3766207592644626,0.09,follow,0
1786427324.9200685,14.37460556353991,0.4495967741935484,139.96561645185952,0.0,0.41977282077374223,0.09,follow,0
1786427324.9870517,14.367748321581185,0.4495967741935484,137.91230685822688,0.0,0.3077384487246311,0.09,follow,0
1786427325.0535777,14.50099785715275,0.4495967741935484,139.22561700633253,0.0,0.43319851422635086,0.09,follow,0
1786427325.1331992,14.459984644185457,0.4495967741935484,139.00355633455672,0.0,0.3868429542030546,0.09,follow,0
1786427325.2060654,14.146966191016226,0.4495967741935484,141.65758766849854,0.0,0.5294898713194361,0.09,follow,0
1786427325.2757978,14.019713354736759,0.4495967741935484,140.26285763572358,0.0,0.3945701363846654,0.09,follow,0
1786427325.3461046,14.183526418374008,0.4495967741935484,141.83689377510603,0.0,0.5152179612125662,0.09,follow,0
1786427325.4189298,14.129368314295514,0.4495967741935484,138.33584951575958,0.0,0.2856431848898572,0.09,follow,0
1786427325.4874573,14.092574011149063,0.4495967741935484,142.71686247812886,0.0,0.6056431848898571,0.09,follow,0
1786427325.5578551,14.19582300821531,0.4495967741935484,142.38456159589958,0.0,0.48110193094658316,0.09,follow,0
1786427325.6267095,14.199728392180972,0.4495967741935484,140.8869766381628,0.0,0.407341122396081,0.09,follow,0
1786427325.6945438,14.279085322158403,0.4495967741935484,139.926829456123,0.0,0.39319834109750074,0.09,follow,0
1786427325.763682,14.357319815539435,0.4495967741935484,139.4671042903961,0.0,0.39374413578940176,0.09,follow,0
1786427325.8318102,14.378548246179458,0.4495967741935484,142.28208864190822,0.0,0.5585850291623691,0.09,follow,0
1786427325.8992736,14.437370036810535,0.4495967741935484,141.84255711082182,0.0,0.4625261176769057,0.09,follow,0
1786427325.9692814,14.522039172087648,0.4495967741935484,141.29025327139723,0.0,0.44281748886787253,0.09,follow,0
1786427326.034193,14.466857051304991,0.4495967741935484,142.71571656521974,0.0,0.534391031565085,0.09,follow,0
1786427326.100679,14.657880926552386,0.4495967741935484,140.73214131693817,0.0,0.3868502955162757,0.09,follow,0
1786427326.168065,14.738165146267805,0.4495967741935484,140.61657045516213,0.0,0.43543876993588726,0.09,follow,0
1786427326.2361908,14.748430238171967,0.4495967741935484,143.08054196752084,0.0,0.5738365590209219,0.09,follow,0
1786427326.3066452,14.743339075964613,0.4495967741935484,143.30551670815044,0.0,0.5213151282194535,0.0919099926686289,follow,0
1786427326.375387,14.544970001661556,0.4495967741935484,140.3375144779325,0.0,0.3576649281123813,0.09,follow,0
1786427326.443985,14.634465871895086,0.4495967741935484,142.68462443628445,0.0,0.5608148226686247,0.09,follow,0
1786427326.5137916,14.63010816243077,0.4495967741935484,137.12025770718876,0.0,0.2408148226686247,0.09,follow,0
1786427326.582147,14.57492723442653,0.4495967741935484,142.71686247812886,0.0,0.5608148226686247,0.09,follow,0
1786427326.649179,14.60083588905458,0.4495967741935484,131.1584193794808,0.0,0.2408148226686247,0.09,follow,0
1786427326.7157645,14.661301883248296,0.4495967741935484,139.60024119618546,0.0,0.5608148226686247,0.09,follow,0
1786427326.7849832,14.734292310842198,0.4495967741935484,146.68401297469208,0.0,0.8024682225127506,0.098,follow,0
1786427326.8552551,14.615248950657824,0.4495967741935484,138.8232229108654,0.0,0.4824682225127506,0.09,follow,0
1786427326.9244456,14.49622373774002,0.4495967741935484,137.76528499962927,0.0,0.33109892116268647,0.09,follow,0
1786427326.9920225,14.548958054531786,0.4495967741935484,137.1091451243258,0.0,0.3203871155696843,0.09,follow,0
1786427327.0599728,14.628733899519982,0.4495967741935484,140.89292645210594,0.0,0.5470936471716807,0.09,follow,0
1786427327.1273956,14.648139849596994,0.4495967741935484,138.8232229108654,0.0,0.33272819360371914,0.09,follow,0
1786427327.1946256,14.677611267112695,0.4495967741935484,141.7174770201343,0.0,0.5456354231677614,0.09,follow,0
1786427327.2651002,14.74118310729629,0.4495967741935484,140.4419727568452,0.0,0.3990140178562588,0.09,follow,0
1786427327.3348958,14.63259572447119,0.4495967741935484,139.98224759111787,0.0,0.40907585050563205,0.09,follow,0
1786427327.4007084,14.56947596433278,0.4495967741935484,142.75395370758332,0.0,0.5697141253050326,0.09,follow,0
1786427327.4706855,14.573009203047793,0.4495967741935484,138.45839750856348,0.0,0.26462485620722664,0.09,follow,0
1786427327.5412312,14.612075809017806,0.4495967741935484,139.82237117721047,0.0,0.4515744446961692,0.09,follow,0
1786427327.6108046,14.54357694814784,0.4495967741935484,140.24904507257492,0.0,0.4383326850170566,0.09,follow,0
1786427327.681025,14.501769143871813,0.4495967741935484,142.6967412331499,0.0,0.5604527170318693,0.09115686950146519,follow,0
1786427327.7482083,14.444718960353493,0.4495967741935484,137.8950272924409,0.0,0.24045271703186927,0.09,follow,0
1786427327.813536,14.523494219822194,0.4495967741935484,140.90788492816458,0.0,0.527648629083405,0.09,follow,0
1786427327.8877153,14.700969861635143,0.4495967741935484,139.39359336109692,0.0,0.36274827315376545,0.09,follow,0
1786427327.9567347,14.457610134911643,0.4495967741935484,143.10630344513186,0.0,0.5992716604221833,0.09005615102639396,follow,0
1786427328.0265875,14.439132692286236,0.4495967741935484,143.38120086744385,0.0,0.5250060050201456,0.09480662023460514,follow,0
1786427328.097014,14.409988002713362,0.4495967741935484,139.33836621158719,0.0,0.29890826425003403,0.09,follow,0
1786427328.1685407,14.306569105243804,0.4495967741935484,139.60024119618546,0.0,0.4148105104748522,0.09,follow,0
1786427328.2362509,14.31487738999877,0.4495967741935484,141.7143457823013,0.0,0.5237824463256455,0.09,follow,0
1786427328.3079462,14.368242440654226,0.4495967741935484,143.2186706794152,0.0,0.5528337969127131,0.09318450879765217,follow,0
1786427328.3771403,14.316498836833247,0.4495967741935484,141.48318095566748,0.0,0.4194558576753697,0.09,follow,0
1786427328.4446065,14.321125863980681,0.4495967741935484,139.59634601641295,0.0,0.3597119827862503,0.09,follow,0
1786427328.5131397,14.47277545671046,0.4495967741935484,140.02772523965584,0.0,0.4336679453918499,0.09,follow,0
1786427328.5817802,14.493117452696923,0.4495967741935484,140.98139585746318,0.0,0.4740023775014117,0.09,follow,0
1786427328.649353,14.50825196986014,0.4495967741935484,138.74856606865654,0.0,0.32673635662934936,0.09,follow,0
1786427328.7176213,14.550483127291669,0.4495967741935484,139.926829456123,0.0,0.44919501986577315,0.09,follow,0
1786427328.7854338,14.568160741366276,0.4495967741935484,143.1159574533626,0.0,0.5940813261457942,0.09170722873900353,follow,0
1786427328.8557,14.49214447759971,0.4495967741935484,141.73243549619252,0.0,0.4358356289061805,0.09,follow,0
1786427328.9266036,14.456837373814418,0.4495967741935484,143.64116291678016,0.0,0.5738219696319022,0.09582043988270326,follow,0
1786427328.9934528,14.451479156747936,0.4495967741935484,141.55669188496645,0.0,0.4108368161995888,0.09,follow,0
1786427329.0605717,14.578195502772022,0.4495967741935484,139.926829456123,0.0,0.37432017482719016,0.09,follow,0
1786427329.131225,14.646896035242959,0.4495967741935484,143.06942938465784,0.0,0.5921922167063632,0.09072237536657522,follow,0
1786427329.1982172,14.543845835265639,0.4495967741935484,139.93794203898642,0.0,0.3395101429042075,0.09,follow,0
1786427329.2714567,14.624727960342902,0.4495967741935484,142.4255480051268,0.0,0.5562229224633753,0.09,follow,0
1786427329.3522208,14.439385075981914,0.4495967741935484,140.16910686562056,0.0,0.3697723840755753,0.09,follow,0
1786427329.422418,13.935557179634728,0.4495967741935484,141.96582283939944,0.0,0.5156283770552971,0.09,follow,0
1786427329.4912982,14.1277076083425,0.4495967741935484,142.60970421893134,0.0,0.5131451800375205,0.09,follow,0
1786427329.5576181,14.216359695783275,0.4495967741935484,140.2206529239257,0.0,0.3655984314281225,0.09,follow,0
1786427329.6271787,14.30839314164637,0.4495967741935484,143.93895395401566,0.0,0.6317480022571005,0.09796394428152487,follow,0
1786427329.694737,14.386019295126031,0.4495967741935484,141.96582283939944,0.0,0.42560076228353594,0.09,follow,0
1786427329.7637956,14.479372198324407,0.4495967741935484,139.98224759111787,0.0,0.3681217018420285,0.09,follow,0
1786427329.8300803,14.484924385848295,0.4495967741935484,140.45308533970854,0.0,0.4456750324362171,0.09,follow,0
1786427329.8987195,14.590743902715067,0.4495967741935484,137.98911382734906,0.0,0.29719987142803306,0.09,follow,0
1786427329.9690766,14.599251417925997,0.4495967741935484,140.08825993740666,0.0,0.47769457671474314,0.09,follow,0
1786427330.0370803,14.500574196157709,0.4495967741935484,140.8067981591466,0.0,0.4619039019287843,0.09,follow,0
1786427330.1064777,14.543474476221409,0.4495967741935484,141.58381644446706,0.0,0.48538284912850316,0.09,follow,0
1786427330.1749995,14.515642143519464,0.4495967741935484,141.364314054068,0.0,0.45303170908989093,0.09,follow,0
1786427330.242865,14.519876107095484,0.4495967741935484,138.27928238744198,0.0,0.29148518729700834,0.09,follow,0
1786427330.310216,14.59771687723046,0.4495967741935484,138.8232229108654,0.0,0.4016346541924171,0.09,follow,0
1786427330.3837574,14.541387149018735,0.4495967741935484,139.4575457749089,0.0,0.42118414876196564,0.09,follow,0
1786427330.451472,14.429089910499517,0.4495967741935484,139.7797613913612,0.0,0.42224755376803097,0.09,follow,0
1786427330.520792,14.517795785969234,0.4495967741935484,142.91578926291916,0.0,0.5876979836789029,0.09,follow,0
1786427330.590845,14.497725470379471,0.4495967741935484,140.1530224993225,0.0,0.35414233542630286,0.09,follow,0
1786427330.6646326,14.43958630961623,0.4495967741935484,140.73214131693817,0.0,0.45616852577267714,0.09,follow,0
1786427330.7330358,14.26062831148181,0.4495967741935484,140.77037845930164,0.0,0.44312587217825344,0.09,follow,0
1786427330.807771,14.285678335219846,0.4495967741935484,140.61657045516213,0.0,0.43459547219240785,0.09,follow,0
1786427330.8793104,14.083545095029857,0.4495967741935484,137.4004595973282,0.0,0.2707106419932971,0.09,follow,0
1786427330.9476953,14.147000664693289,0.4495967741935484,140.52281968505912,0.0,0.5155873582031507,0.09,follow,0
1786427331.0167847,14.220163229034451,0.4495967741935484,138.92430967988287,0.0,0.34973741354786264,0.09,follow,0
1786427331.0834868,14.281524183523814,0.4495967741935484,139.82237117721047,0.0,0.43890030308866995,0.09,follow,0
1786427331.1510239,14.409709815375688,0.4495967741935484,142.4255480051268,0.0,0.5591879406767766,0.09,follow,0
1786427331.2223666,14.373688836436118,0.4495967741935484,138.90990105719683,0.0,0.2999476751239276,0.09,follow,0
1786427331.2917058,14.398327149554795,0.4495967741935484,143.53668153478458,0.0,0.6199476751239277,0.09272104838710178,follow,0
1786427331.3577673,14.44476051944978,0.4495967741935484,146.68401297469208,0.0,0.6946190431776613,0.10072104838710177,follow,0
1786427331.4274619,14.564021046607502,0.4495967741935484,138.99782060918156,0.0,0.3746190431776613,0.09,follow,0
1786427331.4984262,14.517730696822152,0.4495967741935484,137.91230685822688,0.0,0.33253650987759487,0.09,follow,0
1786427331.5663717,14.408565498898252,0.4495967741935484,142.20171917740714,0.0,0.5911651602685067,0.09,follow,0
