timestamp,fps,lane_confidence,target_x,risk,steering,throttle,state,armed
1786356759.1523771,0.6403864335601103,0.30039170506912444,223.0,0.0,0.16,0.008,follow,0
1786356759.5988858,0.5168895066850439,0.29858294930875573,223.0,0.0,0.32,0.016,follow,0
1786356759.659939,1.7784532564918871,0.45564516129032256,202.64056531703503,0.0,0.48,0.024,follow,0
1786356759.7227137,4.706946862179151,0.4616935483870968,218.08777348777377,0.0,0.64,0.032,follow,0
1786356759.7881272,6.933110696449331,0.45564516129032256,216.90804048892267,0.0,0.8,0.04,follow,0
1786356759.852851,8.600367300010841,0.45564516129032256,223.0,0.0,0.82,0.048,follow,0
1786356759.912974,9.91121981744569,0.3100115207373272,223.0,0.0,0.82,0.056,follow,0
1786356759.9774003,11.329974550420308,0.45564516129032256,222.96052330022857,0.0,0.82,0.064,follow,0
1786356760.042516,12.178848432300537,0.45564516129032256,205.42983193277317,0.0,0.6599999999999999,0.07200000000000001,follow,0
1786356760.107573,12.818010733270318,0.4616935483870968,212.08491868491774,0.0,0.82,0.08000000000000002,follow,0
1786356760.1670341,13.257271050312047,0.30286866359447007,223.0,0.0,0.82,0.08800000000000002,follow,0
1786356760.223846,14.03253140068075,0.45564516129032256,223.0,0.0,0.82,0.09,follow,0
1786356760.2748966,14.779511441518931,0.2857718894009217,223.0,0.0,0.82,0.09,follow,0
1786356760.3346286,15.715327840560088,0.4616935483870968,223.0,0.0,0.82,0.09,follow,0
1786356760.388913,15.932111423264239,0.45564516129032256,209.29629488158898,0.0,0.6599999999999999,0.09,follow,0
1786356760.4422352,16.440636979177754,0.3092972350230415,223.0,0.0,0.82,0.09,follow,0
1786356760.4966755,16.90148627671156,0.4616935483870968,223.0,0.0,0.82,0.09,follow,0
1786356760.5554242,17.164054443954235,0.4616935483870968,215.37739557739584,0.0,0.82,0.09,follow,0
1786356760.6084273,17.134569288416994,0.2829147465437788,223.0,0.0,0.82,0.09,follow,0
1786356760.661741,17.520712091702364,0.2946774193548387,223.0,0.0,0.82,0.09,follow,0
1786356760.7216613,17.340704571415856,0.28220046082949307,223.0,0.0,0.82,0.09,follow,0
1786356760.7784996,17.601726841282638,0.30682027649769583,223.0,0.0,0.82,0.09,follow,0
1786356760.8337717,17.621968183360586,0.4616935483870968,215.1282789282788,0.0,0.82,0.09,follow,0
1786356760.8900833,17.72550265657684,0.4616935483870968,219.378600678603,0.0,0.82,0.09,follow,0
1786356760.9442523,17.731259627954856,0.2968202764976958,223.0,0.0,0.82,0.09,follow,0
1786356761.0035055,17.877720525083443,0.30039170506912444,195.0,0.0,0.6599999999999999,0.09,follow,0
1786356761.0591826,17.678183666614885,0.303963133640553,223.0,0.0,0.82,0.09,follow,0
1786356761.1147482,17.73632424322675,0.45564516129032256,207.752396867838,0.0,0.6599999999999999,0.09,follow,0
1786356761.1664865,17.763400926691254,0.29324884792626726,223.0,0.0,0.82,0.09,follow,0
1786356761.2249334,18.067359081270997,0.45564516129032256,213.5968964858672,0.0,0.7602179392986408,0.09,follow,0
1786356761.2832804,17.905378131308737,0.45564516129032256,213.71692131398015,0.0,0.82,0.09,follow,0
1786356761.3389688,17.73057775992951,0.45564516129032256,213.0184396485858,0.0,0.82,0.09,follow,0
1786356761.3921883,17.801219926844738,0.29824884792626727,205.0391483518838,0.0,0.82,0.09,follow,0
1786356761.4502358,17.968140975701402,0.31034562211981565,223.0,0.0,0.82,0.09,follow,0
1786356761.5070245,17.74394650764289,0.4616935483870968,213.7501813501827,0.0,0.7852230755570301,0.09,follow,0
1786356761.5645735,17.72180366509493,0.4616935483870968,223.0,0.0,0.82,0.09,follow,0
1786356761.6154163,17.687131259976812,0.2872004608294931,223.0,0.0,0.82,0.09,follow,0
1786356761.671808,18.133425692688604,0.30539170506912444,195.0,0.0,0.6599999999999999,0.09,follow,0
1786356761.726974,18.049685869803298,0.4616935483870968,219.21558441558574,0.0,0.82,0.09,follow,0
1786356761.7860277,18.086603205478607,0.45564516129032256,218.20784950343813,0.0,0.82,0.09,follow,0
1786356761.8410442,17.831037744736317,0.29253456221198154,223.0,0.0,0.82,0.09,follow,0
1786356761.8997028,17.866900680384965,0.4616935483870968,221.27530127530292,0.0,0.82,0.09,follow,0
1786356761.9557638,17.76352894931826,0.45564516129032256,212.21716959511062,0.0,0.7618538581771777,0.09,follow,0
1786356762.016769,17.68815017015507,0.4616935483870968,223.0,0.0,0.82,0.09,follow,0
1786356762.075591,17.487887122459686,0.3061059907834101,195.0,0.0,0.6946148409937606,0.09,follow,0
1786356762.135238,17.420228928048292,0.45564516129032256,213.5826680672268,0.0,0.82,0.09,follow,0
1786356762.1919267,17.289600595843403,0.4495967741935484,212.89062846546284,0.0,0.82,0.09,follow,0
1786356762.2471666,17.250760987128324,0.3139170506912442,194.34926470593757,0.0,0.82,0.09,follow,0
1786356762.299298,17.524459352525387,0.3032488479262673,166.34926470593757,0.0,0.6599999999999999,0.09,follow,0
1786356762.3684254,17.7836297362478,0.4616935483870968,194.34926470593757,0.0,0.82,0.09,follow,0
1786356762.427056,17.148591784357478,0.30753456221198155,182.27829670349308,0.0,0.82,0.09,follow,0
1786356762.4851916,17.107665242501614,0.45564516129032256,210.27829670349308,0.0,0.82,0.09,follow,0
1786356762.5441465,17.1609826338499,0.30039170506912444,223.0,0.0,0.82,0.09,follow,0
1786356762.6019204,17.11461972508212,0.29324884792626726,223.0,0.0,0.82,0.09,follow,0
1786356762.6657717,16.894151371715857,0.45564516129032256,216.28531321619562,0.0,0.82,0.09,follow,0
1786356762.720103,16.924315005105726,0.2946774193548387,223.0,0.0,0.82,0.09,follow,0
1786356762.771586,17.222679283162815,0.28648617511520735,223.0,0.0,0.82,0.09,follow,0
1786356762.8282866,17.585476098008513,0.2996774193548387,223.0,0.0,0.82,0.09,follow,0
1786356762.8841505,17.59395557354825,0.45564516129032256,209.28489304812845,0.0,0.6599999999999999,0.09,follow,0
1786356762.9393513,17.651113732554258,0.29077188940092163,223.0,0.0,0.82,0.09,follow,0
1786356762.9972777,17.75622423679662,0.4616935483870968,221.99028899029025,0.0,0.82,0.09,follow,0
1786356763.0570698,17.71194314097057,0.45564516129032256,210.72489495798246,0.0,0.7041503395786013,0.09,follow,0
1786356763.1105273,17.512980255337354,0.2946774193548387,223.0,0.0,0.82,0.09,follow,0
1786356763.1674924,17.66910153927808,0.4616935483870968,200.01689481689232,0.0,0.6599999999999999,0.09,follow,0
1786356763.2208705,17.727317184758345,0.31144009216589863,223.0,0.0,0.82,0.09,follow,0
1786356763.283597,17.88800680694586,0.45564516129032256,214.24169213139794,0.0,0.788085148778941,0.09,follow,0
1786356763.3368878,17.466809445974793,0.30963133640553,223.0,0.0,0.82,0.09,follow,0
1786356763.3901043,17.76889589190801,0.2886290322580645,223.0,0.0,0.82,0.09,follow,0
1786356763.4458258,17.901636048743132,0.2829147465437788,223.0,0.0,0.82,0.09,follow,0
1786356763.5001285,18.018113620425016,0.29539170506912443,223.0,0.0,0.82,0.09,follow,0
1786356763.5551775,18.062880353983793,0.45564516129032256,207.35909090909064,0.0,0.6599999999999999,0.09,follow,0
1786356763.6098938,18.120162111476773,0.45564516129032256,209.63848357524884,0.0,0.82,0.09,follow,0
1786356763.6651533,18.081280489297423,0.45564516129032256,204.5361726508774,0.0,0.710499490792872,0.09,follow,0
1786356763.7242258,18.141216832396566,0.45564516129032256,223.0,0.0,0.82,0.09,follow,0
1786356763.782666,17.899126612117968,0.29039170506912443,195.0,0.0,0.6885165710106249,0.09,follow,0
1786356763.8407238,17.65898162981005,0.3007258064516129,223.0,0.0,0.82,0.09,follow,0
1786356763.8954468,17.640155171045052,0.3267741935483871,221.01838235295838,0.0,0.82,0.09,follow,0
1786356763.952506,17.80276427301306,0.3121543778801843,223.0,0.0,0.82,0.09,follow,0
1786356764.0073948,17.746026372182076,0.45564516129032256,219.84372612681358,0.0,0.82,0.09,follow,0
1786356764.0661948,17.806707138815618,0.4616935483870968,223.0,0.0,0.82,0.09,follow,0
1786356764.1236975,17.64119417349718,0.45564516129032256,223.0,0.0,0.82,0.09,follow,0
1786356764.1805623,17.594267230196074,0.30715437788018435,223.0,0.0,0.82,0.09,follow,0
1786356764.2356431,17.61646086716123,0.45564516129032256,212.94723071046624,0.0,0.755272024228611,0.09,follow,0
1786356764.292568,17.69560750876636,0.4616935483870968,207.0009945009924,0.0,0.7327996544218842,0.09,follow,0
1786356764.3464706,17.67338116248358,0.29324884792626726,223.0,0.0,0.82,0.09,follow,0
1786356764.4048653,17.881834462603592,0.3014400921658986,223.0,0.0,0.82,0.09,follow,0
1786356764.4591277,17.73442815626053,0.4616935483870968,212.002854802855,0.0,0.732236451169228,0.09,follow,0
1786356764.5143938,17.81406588694416,0.45564516129032256,208.87334797555351,0.0,0.8044872429427573,0.09,follow,0
1786356764.569783,17.9110650296632,0.45564516129032256,206.01517379679134,0.0,0.7690028585621695,0.09,follow,0
1786356764.6257193,17.917658428824847,0.30358294930875573,223.0,0.0,0.82,0.09,follow,0
1786356764.679492,17.916200598408356,0.293963133640553,223.0,0.0,0.82,0.09,follow,0
1786356764.7345974,17.98531985533224,0.4616935483870968,201.75937755937412,0.0,0.6599999999999999,0.09,follow,0
1786356764.7912037,18.101878536582706,0.4616935483870968,217.3835380835394,0.0,0.82,0.09,follow,0
1786356764.8505611,18.020966880021515,0.45564516129032256,204.32091291061874,0.0,0.6599999999999999,0.09,follow,0
1786356764.9043992,17.772054513329337,0.2836290322580645,223.0,0.0,0.82,0.09,follow,0
1786356764.959772,17.957554010302296,0.4616935483870968,211.97197847197756,0.0,0.7164208139668212,0.09,follow,0
1786356765.0154474,17.98140135088444,0.4616935483870968,210.4606177606175,0.0,0.82,0.09,follow,0
1786356765.0724611,17.94642467518812,0.45564516129032256,210.18035714285733,0.0,0.82,0.09,follow,0
1786356765.1260006,17.866860156530667,0.3060599078341014,223.0,0.0,0.82,0.09,follow,0
1786356765.1825182,18.05383116024892,0.45564516129032256,214.49766997708116,0.0,0.7947532132439542,0.09,follow,0
1786356765.243413,17.921362093047,0.4495967741935484,220.23065501860498,0.0,0.82,0.09,follow,0
1786356765.299794,17.65651478260178,0.29039170506912443,223.0,0.0,0.82,0.09,follow,0
1786356765.354028,17.701783955216836,0.45564516129032256,195.0,0.0,0.6599999999999999,0.09,follow,0
1786356765.4079962,17.846039866010592,0.30358294930875573,223.0,0.0,0.82,0.09,follow,0
1786356765.4618926,17.985028557408658,0.2836290322580645,204.76373626378972,0.0,0.82,0.09,follow,0
1786356765.5233293,17.735660467433334,0.2946774193548387,223.0,0.0,0.82,0.09,follow,0
1786356765.5767293,17.7664534991246,0.3210599078341014,223.0,0.0,0.82,0.09,follow,0
1786356765.6326125,17.976966856431165,0.45564516129032256,206.75897631779998,0.0,0.6599999999999999,0.09,follow,0
1786356765.6929002,17.932785639885132,0.45564516129032256,212.1392857142851,0.0,0.82,0.09,follow,0
1786356765.7510219,17.681018870791647,0.45564516129032256,220.68549465240596,0.0,0.82,0.09,follow,0
1786356765.8075068,17.565244827398363,0.45564516129032256,221.33355614973237,0.0,0.82,0.09,follow,0
1786356765.8621857,17.593180877918652,0.45564516129032256,207.9407467532461,0.0,0.6599999999999999,0.09,follow,0
1786356765.9173536,17.764571322353813,0.45564516129032256,211.09491978609594,0.0,0.82,0.09,follow,0
1786356765.9748244,17.812562123836127,0.31644009216589863,223.0,0.0,0.82,0.09,follow,0
1786356766.0300977,17.740599001888945,0.4616935483870968,215.40480870480772,0.0,0.82,0.09,follow,0
1786356766.0865178,17.798446435424726,0.45564516129032256,223.0,0.0,0.82,0.09,follow,0
1786356766.1419892,17.80178245185151,0.3174884792626728,223.0,0.0,0.82,0.09,follow,0
1786356766.2044802,17.78851460064149,0.45564516129032256,223.0,0.0,0.82,0.09,follow,0
1786356766.2584243,17.481750088261617,0.29753456221198155,195.0,0.0,0.7054184133171614,0.09,follow,0
1786356766.3138711,17.65744779894341,0.28434331797235024,223.0,0.0,0.82,0.09,follow,0
1786356766.3689497,17.74517370364718,0.4616935483870968,215.91564291564256,0.0,0.82,0.09,follow,0
1786356766.4271145,17.810125843823542,0.45564516129032256,207.11843009931198,0.0,0.6879643869224586,0.09,follow,0
1786356766.4826107,17.69355251412612,0.45564516129032256,204.24160618792996,0.0,0.7444841880009574,0.09,follow,0
1786356766.5348773,17.773801675767018,0.29753456221198155,223.0,0.0,0.82,0.09,follow,0
1786356766.5962489,18.03750121908543,0.45564516129032256,223.0,0.0,0.82,0.09,follow,0
1786356766.660141,17.706109966819064,0.4616935483870968,213.64880074880077,0.0,0.7865657532856845,0.09,follow,0
1786356766.7158756,17.282326091459115,0.4616935483870968,217.22029952030027,0.0,0.82,0.09,follow,0
1786356766.7691972,17.413114936262982,0.45564516129032256,210.75472689075556,0.0,0.7785571897290048,0.09,follow,0
1786356766.8231614,17.69824018606898,0.29858294930875573,223.0,0.0,0.82,0.09,follow,0
1786356766.8840199,17.8401385338121,0.4616935483870968,223.0,0.0,0.82,0.09,follow,0
1786356766.9416893,17.45847583585957,0.45564516129032256,212.91204163483502,0.0,0.768453129888787,0.09,follow,0
1786356766.9948766,17.556570051226302,0.2872004608294931,217.39360639366203,0.0,0.82,0.09,follow,0
1786356767.0500035,17.8238155271965,0.4616935483870968,223.0,0.0,0.82,0.09,follow,0
1786356767.1079419,17.89801334989563,0.45564516129032256,213.85075439266592,0.0,0.7790301477452652,0.09,follow,0
1786356767.1603491,17.74199676069793,0.2918202764976959,223.0,0.0,0.82,0.09,follow,0
1786356767.2149527,18.026357527151397,0.45564516129032256,223.0,0.0,0.82,0.09,follow,0
1786356767.2670913,18.105727030487216,0.2886290322580645,223.0,0.0,0.82,0.09,follow,0
1786356767.3268495,18.277814042572494,0.4616935483870968,213.33064233064306,0.0,0.7534105589576041,0.09,follow,0
1786356767.3816965,17.93375546259237,0.45564516129032256,219.24668640183376,0.0,0.82,0.09,follow,0
1786356767.4351144,18.065355899929074,0.4616935483870968,210.73388323388335,0.0,0.742181864950179,0.09,follow,0
1786356767.4886127,18.121935626238944,0.298963133640553,213.5586538463757,0.0,0.82,0.09,follow,0
1786356767.5474803,18.323404342537174,0.29824884792626727,185.5586538463757,0.0,0.6599999999999999,0.09,follow,0
1786356767.6005688,18.057314109131475,0.2829147465437788,213.5586538463757,0.0,0.82,0.09,follow,0
1786356767.6554058,18.18055287583099,0.4495967741935484,208.43863051085492,0.0,0.7644426188726108,0.09,follow,0
1786356767.712801,18.18952776500555,0.4616935483870968,206.68243828243743,0.0,0.795878077871323,0.09,follow,0
1786356767.770914,18.06640565469709,0.45564516129032256,223.0,0.0,0.82,0.09,follow,0
1786356767.8259866,17.864335228952843,0.45564516129032256,216.18759549274154,0.0,0.82,0.09,follow,0
1786356767.8811083,17.953315279294035,0.45564516129032256,223.0,0.0,0.82,0.09,follow,0
1786356767.9352045,17.994907844790635,0.467741935483871,223.0,0.0,0.82,0.09,follow,0
1786356767.9951205,17.986937658246276,0.38306451612903225,223.0,0.0,0.82,0.09,follow,0
1786356768.054203,17.74911708656804,0.45564516129032256,222.4948338426275,0.0,0.82,0.09,follow,0
1786356768.107262,17.579437601856178,0.2968202764976958,223.0,0.0,0.82,0.09,follow,0
1786356768.1624167,17.925121772355638,0.308536866359447,217.40944272446086,0.0,0.82,0.09,follow,0
1786356768.22014,17.929242586678463,0.4616935483870968,213.6507195507199,0.0,0.82,0.09,follow,0
1786356768.277053,17.755420154515075,0.4616935483870968,223.0,0.0,0.82,0.09,follow,0
1786356768.3302882,17.73835364868938,0.288963133640553,195.0,0.0,0.6599999999999999,0.09,follow,0
1786356768.3869636,17.95113278606439,0.4616935483870968,215.02633672633613,0.0,0.82,0.09,follow,0
1786356768.4430318,17.960872828364295,0.2996774193548387,223.0,0.0,0.82,0.09,follow,0
1786356768.4982247,17.90746759511226,0.4616935483870968,210.77156897156775,0.0,0.6916386748822163,0.09,follow,0
1786356768.5584912,17.976184287085776,0.45564516129032256,216.7706837280364,0.0,0.82,0.09,follow,0
1786356768.6111534,17.664235949127825,0.33496543778801846,188.7706837280364,0.0,0.6599999999999999,0.09,follow,0
1786356768.670498,17.98033820117457,0.45564516129032256,206.2608479755539,0.0,0.82,0.09,follow,0
1786356768.7269027,17.74190454631051,0.4616935483870968,220.96812916813087,0.0,0.82,0.09,follow,0
1786356768.7793183,17.727476094125468,0.31144009216589863,223.0,0.0,0.82,0.09,follow,0
1786356768.8323958,18.024667362076965,0.2929147465437788,223.0,0.0,0.82,0.09,follow,0
1786356768.8879652,18.160766587493633,0.29253456221198154,223.0,0.0,0.82,0.09,follow,0
1786356768.9416125,18.14513587424838,0.30110599078341016,195.0,0.0,0.6599999999999999,0.09,follow,0
1786356768.9994228,18.24513428234028,0.45564516129032256,218.07522918258275,0.0,0.82,0.09,follow,0
1786356769.0560114,18.040286021732946,0.45564516129032256,219.3734052711991,0.0,0.82,0.09,follow,0
1786356769.1148326,17.980517163091292,0.4616935483870968,212.63601263601316,0.0,0.8040067026915397,0.09,follow,0
1786356769.1706338,17.76604309988915,0.45564516129032256,220.88348930481249,0.0,0.82,0.09,follow,0
1786356769.2248344,17.78463917509518,0.3167741935483871,223.0,0.0,0.82,0.09,follow,0
1786356769.2769349,17.90316847514522,0.3139170506912442,223.0,0.0,0.82,0.09,follow,0
1786356769.3348656,18.20032122173302,0.29610599078341016,223.0,0.0,0.82,0.09,follow,0
1786356769.3917768,18.035214401323806,0.2946774193548387,223.0,0.0,0.82,0.09,follow,0
1786356769.4469614,17.938751892449012,0.2918202764976959,223.0,0.0,0.82,0.09,follow,0
1786356769.500264,17.97909770857545,0.298963133640553,207.57101648384025,0.0,0.82,0.09,follow,0
1786356769.555145,18.035383972896394,0.29753456221198155,223.0,0.0,0.82,0.09,follow,0
1786356769.608812,18.138295189572936,0.31429723502304147,223.0,0.0,0.82,0.09,follow,0
1786356769.6653788,18.266301008659138,0.2922004608294931,223.0,0.0,0.82,0.09,follow,0
1786356769.7231534,18.037548929401844,0.45564516129032256,223.0,0.0,0.82,0.09,follow,0
1786356769.7810454,17.965481832758112,0.45564516129032256,219.7907658517949,0.0,0.82,0.09,follow,0
1786356769.8372624,17.82637553800334,0.4616935483870968,209.5904644904636,0.0,0.7085755717305512,0.09,follow,0
1786356769.8939016,17.77483214669419,0.45564516129032256,216.7805767761642,0.0,0.82,0.09,follow,0
1786356769.9501457,17.842427328045147,0.45564516129032256,220.7420072574486,0.0,0.82,0.09,follow,0
1786356770.0096102,17.72782629695331,0.45564516129032256,211.01238540870847,0.0,0.7366857940925857,0.09,follow,0
1786356770.0644178,17.611350258607096,0.4616935483870968,223.0,0.0,0.82,0.09,follow,0
1786356770.121464,17.739196818928946,0.45564516129032256,222.00323720397265,0.0,0.82,0.09,follow,0
1786356770.1764953,17.722008582266287,0.45564516129032256,198.6492838044307,0.0,0.6599999999999999,0.09,follow,0
1786356770.2346816,17.797811881594576,0.45564516129032256,215.83202826585176,0.0,0.82,0.09,follow,0
1786356770.292823,17.55685993404873,0.45564516129032256,223.0,0.0,0.82,0.09,follow,0
1786356770.3487327,17.62159707081905,0.4495967741935484,217.34430986470733,0.0,0.82,0.09,follow,0
1786356770.4024622,17.653815006192282,0.45564516129032256,222.00232047364426,0.0,0.82,0.09,follow,0
1786356770.4601154,17.84152949518221,0.4616935483870968,216.77676377676437,0.0,0.82,0.09,follow,0
1786356770.5152907,17.776268232408192,0.4495967741935484,212.68242348258872,0.0,0.82,0.09,follow,0
1786356770.5705256,17.819233762474376,0.45564516129032256,223.0,0.0,0.82,0.09,follow,0
1786356770.6254086,17.807289000169877,0.45564516129032256,195.0,0.0,0.6599999999999999,0.09,follow,0
1786356770.6843808,17.98762574867906,0.4616935483870968,213.70807300807266,0.0,0.82,0.09,follow,0
1786356770.739529,17.781969620698575,0.3032488479262673,223.0,0.0,0.82,0.09,follow,0
1786356770.799554,17.742822030325677,0.4616935483870968,221.25511875512103,0.0,0.82,0.09,follow,0
1786356770.8560991,17.599974068292553,0.45564516129032256,220.62079831932652,0.0,0.82,0.09,follow,0
1786356770.9119947,17.59511011781675,0.2872004608294931,223.0,0.0,0.82,0.09,follow,0
1786356770.9632452,17.701461049932952,0.29610599078341016,223.0,0.0,0.82,0.09,follow,0
1786356771.0235205,17.956343347723255,0.2872004608294931,223.0,0.0,0.82,0.09,follow,0
1786356771.0755577,17.76785756251699,0.3057258064516129,223.0,0.0,0.82,0.09,follow,0
1786356771.1339161,17.97398115223594,0.4616935483870968,212.26790686790704,0.0,0.7235599971601191,0.09,follow,0
1786356771.1888158,17.873883027890493,0.45564516129032256,211.6877196333087,0.0,0.82,0.09,follow,0
1786356771.2429163,17.94552116893253,0.4616935483870968,215.4718614718625,0.0,0.82,0.09,follow,0
1786356771.299691,18.01137320112271,0.467741935483871,223.0,0.0,0.82,0.09,follow,0
1786356771.3590028,17.965095755510543,0.45564516129032256,212.0822001527883,0.0,0.7275458832154992,0.09,follow,0
1786356771.4132524,17.680282788472105,0.29610599078341016,223.0,0.0,0.82,0.09,follow,0
1786356771.464193,17.894305005903615,0.2857718894009217,223.0,0.0,0.82,0.09,follow,0
1786356771.5232055,18.239098785516163,0.4616935483870968,217.2694863694886,0.0,0.82,0.09,follow,0
1786356771.5811963,17.973942132431436,0.3092972350230415,223.0,0.0,0.82,0.09,follow,0
1786356771.634309,17.789967482954182,0.29324884792626726,195.0,0.0,0.6854339921595856,0.09,follow,0
1786356771.6903734,17.965680580948053,0.3032488479262673,223.0,0.0,0.82,0.09,follow,0
1786356771.7466202,17.997866096499322,0.4616935483870968,201.38150228150124,0.0,0.6599999999999999,0.09,follow,0
1786356771.799899,17.994163544668936,0.29753456221198155,223.0,0.0,0.82,0.09,follow,0
1786356771.8557272,18.116395580448632,0.45564516129032256,220.92624140565377,0.0,0.82,0.09,follow,0
1786356771.91192,18.10385110623732,0.4616935483870968,216.36288756288792,0.0,0.82,0.09,follow,0
1786356771.9662666,17.998401672452722,0.3050115207373272,223.0,0.0,0.82,0.09,follow,0
1786356772.02707,18.11676685143592,0.45564516129032256,209.55129870129866,0.0,0.6599999999999999,0.09,follow,0
1786356772.0804365,17.78221642260319,0.0,19.464835165031275,0.0,0.6599999999999999,0.05499999999999999,slow:lane_dropout,0
1786356772.1435084,17.941868436802704,0.45564516129032256,223.0,0.0,0.82,0.063,follow,0
1786356772.1979,17.54897072239654,0.313536866359447,206.47097523220236,0.0,0.82,0.07100000000000001,follow,0
1786356772.256633,17.671542102605528,0.3117741935483871,223.0,0.0,0.82,0.07900000000000001,follow,0
1786356772.3090045,17.544101416354334,0.2857718894009217,223.0,0.0,0.82,0.08700000000000002,follow,0
1786356772.362374,17.912135791287387,0.2968202764976958,195.0,0.0,0.6599999999999999,0.09,follow,0
1786356772.4212582,18.072717814800512,0.45564516129032256,194.18677425515688,0.0,0.6303546564252729,0.09,follow,0
1786356772.4794538,17.853777516099303,0.4616935483870968,214.9457119457121,0.0,0.7903546564252729,0.09,follow,0
1786356772.5338378,17.727574491912705,0.45564516129032256,205.33914247517217,0.0,0.6582727733672749,0.09,follow,0
1786356772.5873504,17.852819046874693,0.30539170506912444,184.02390109902456,0.0,0.6723252421446021,0.09,follow,0
1786356772.6426275,17.909491165415556,0.45564516129032256,212.02390109902456,0.0,0.82,0.09,follow,0
1786356772.7019413,18.06003659044551,0.45564516129032256,207.76314935064957,0.0,0.7684808648327568,0.09,follow,0
1786356772.7541761,17.814535541290475,0.3178686635944701,223.0,0.0,0.82,0.09,follow,0
1786356772.805219,18.08491276423634,0.3061059907834101,223.0,0.0,0.82,0.09,follow,0
1786356772.8597429,18.381479822158536,0.3100115207373272,223.0,0.0,0.82,0.09,follow,0
1786356772.9217849,18.335334524239656,0.45564516129032256,203.82648968678336,0.0,0.6599999999999999,0.09,follow,0
1786356772.973197,17.913850612175118,0.3117741935483871,220.3988970588524,0.0,0.82,0.09,follow,0
1786356773.0277166,18.163221008722026,0.3046774193548387,223.0,0.0,0.82,0.09,follow,0
1786356773.0841093,18.208480560694444,0.45564516129032256,204.66503055767743,0.0,0.6599999999999999,0.09,follow,0
1786356773.1443527,18.152949725842277,0.45564516129032256,214.2153838808249,0.0,0.82,0.09,follow,0
1786356773.1991038,17.83266503067545,0.45564516129032256,211.4706264323913,0.0,0.82,0.09,follow,0
1786356773.2527144,17.936537133350758,0.4616935483870968,208.56161226161174,0.0,0.8007106995864522,0.09,follow,0
1786356773.305286,18.095466939172354,0.29824884792626727,223.0,0.0,0.82,0.09,follow,0
1786356773.3666544,18.279610935475617,0.45564516129032256,214.7136554621848,0.0,0.798174027545562,0.09,follow,0
1786356773.4224079,17.8749767502095,0.467741935483871,213.51496985707615,0.0,0.82,0.09,follow,0
1786356773.478749,17.875224820120206,0.30110599078341016,185.51496985707615,0.0,0.6599999999999999,0.09,follow,0
1786356773.5392694,17.850370930970954,0.45564516129032256,207.7040488922839,0.0,0.82,0.09,follow,0
1786356773.5989423,17.59483378046542,0.45564516129032256,209.68797746371322,0.0,0.82,0.09,follow,0
1786356773.6515937,17.424450532616724,0.28220046082949307,194.70079920084447,0.0,0.82,0.09,follow,0
1786356773.7059624,17.753010927383194,0.45564516129032256,206.5930672268904,0.0,0.82,0.09,follow,0
1786356773.7621698,17.876244770946066,0.4616935483870968,220.01221481221611,0.0,0.82,0.09,follow,0
1786356773.817997,17.778820415934586,0.29324884792626726,223.0,0.0,0.82,0.09,follow,0
1786356773.8713577,17.881031352024078,0.2896774193548387,195.0,0.0,0.6599999999999999,0.09,follow,0
1786356773.9260082,18.01632637459679,0.293963133640553,223.0,0.0,0.82,0.09,follow,0
1786356773.9815695,18.08896509866664,0.4495967741935484,223.0,0.0,0.82,0.09,follow,0
1786356774.039442,18.071260180392294,0.45564516129032256,210.85853705118353,0.0,0.6885485232323257,0.09,follow,0
1786356774.0942342,17.94258296220268,0.3042972350230415,223.0,0.0,0.82,0.09,follow,0
1786356774.14815,17.988037333586423,0.29253456221198154,195.0,0.0,0.6599999999999999,0.09,follow,0
1786356774.201129,18.05818804605716,0.3150115207373272,223.0,0.0,0.82,0.09,follow,0
1786356774.259837,18.16674279090614,0.4616935483870968,215.7912951912963,0.0,0.82,0.09,follow,0
1786356774.314325,18.008034044199928,0.30286866359447007,223.0,0.0,0.82,0.09,follow,0
1786356774.368414,18.100817040254906,0.4616935483870968,223.0,0.0,0.82,0.09,follow,0
1786356774.4201126,18.153716509400404,0.30286866359447007,223.0,0.0,0.82,0.09,follow,0
1786356774.4789314,18.42842281916,0.45564516129032256,208.94245607333787,0.0,0.6599999999999999,0.09,follow,0
1786356774.5328083,18.110360550461394,0.30682027649769583,223.0,0.0,0.82,0.09,follow,0
1786356774.5885818,18.206351925012292,0.4616935483870968,220.84774774775042,0.0,0.82,0.09,follow,0
1786356774.6412969,18.18209474750146,0.3157258064516129,223.0,0.0,0.82,0.09,follow,0
1786356774.7016442,18.32661648814886,0.45564516129032256,219.87311879297135,0.0,0.82,0.09,follow,0
1786356774.7527986,17.976559922492115,0.30286866359447007,223.0,0.0,0.82,0.09,follow,0
1786356774.8082016,18.065797035656153,0.29610599078341016,195.0,0.0,0.6599999999999999,0.09,follow,0
1786356774.8620083,18.256941353560862,0.3014400921658986,223.0,0.0,0.82,0.09,follow,0
1786356774.9253922,18.282752486637744,0.4495967741935484,202.2499014268467,0.0,0.6599999999999999,0.09,follow,0
1786356774.9785426,17.834780135822403,0.45564516129032256,212.5136554621847,0.0,0.82,0.09,follow,0
1786356775.0315146,18.02785424757259,0.29824884792626727,223.0,0.0,0.82,0.09,follow,0
1786356775.0877655,18.161789549109837,0.4495967741935484,212.20695587619207,0.0,0.7211447379798878,0.09,follow,0
1786356775.1454782,18.082773257735006,0.2996774193548387,223.0,0.0,0.82,0.09,follow,0
1786356775.198287,17.904386846453804,0.3100115207373272,223.0,0.0,0.82,0.09,follow,0
1786356775.2508895,18.187124858745378,0.31820276497695854,223.0,0.0,0.82,0.09,follow,0
1786356775.3072927,18.30997300006775,0.4616935483870968,214.83210483210442,0.0,0.8041157372333709,0.09,follow,0
1786356775.3658981,18.15651550411107,0.45564516129032256,199.9530366692133,0.0,0.6441157372333709,0.09,follow,0
1786356775.4191694,18.00128975217551,0.45564516129032256,215.1152024446136,0.0,0.8041157372333709,0.09,follow,0
1786356775.4741082,18.12883374311329,0.45564516129032256,213.5066176470582,0.0,0.82,0.09,follow,0
1786356775.5270545,18.150015068793905,0.29610599078341016,185.5066176470582,0.0,0.6599999999999999,0.09,follow,0
1786356775.5867527,18.29295427908277,0.4616935483870968,213.5066176470582,0.0,0.82,0.09,follow,0
1786356775.6434448,17.879562398854915,0.45564516129032256,208.89803284950335,0.0,0.7900749923773063,0.09,follow,0
1786356775.7005706,17.95736124396954,0.45564516129032256,220.7617074102364,0.0,0.82,0.09,follow,0
1786356775.757785,17.763400066841747,0.45564516129032256,216.76324484339227,0.0,0.82,0.09,follow,0
1786356775.8175204,17.81082506860813,0.4616935483870968,217.39128349128544,0.0,0.82,0.09,follow,0
1786356775.8724282,17.55423198306481,0.45564516129032256,218.76790488922802,0.0,0.82,0.09,follow,0
1786356775.9251802,17.764666761819917,0.28505760368663596,223.0,0.0,0.82,0.09,follow,0
1786356775.9821105,17.97850224036118,0.4616935483870968,219.74565344565409,0.0,0.82,0.09,follow,0
1786356776.0384436,17.89377054136491,0.2964400921658986,223.0,0.0,0.82,0.09,follow,0
1786356776.0898235,17.84433388200267,0.29110599078341015,223.0,0.0,0.82,0.09,follow,0
1786356776.141423,18.226343801155178,0.2996774193548387,223.0,0.0,0.82,0.09,follow,0
1786356776.1972942,18.412011229798605,0.4616935483870968,223.0,0.0,0.82,0.09,follow,0
1786356776.2573876,18.33487542732425,0.30215437788018434,223.0,0.0,0.82,0.09,follow,0
1786356776.3168561,17.987139025935985,0.4616935483870968,216.80524160524175,0.0,0.82,0.09,follow,0
1786356776.372402,17.775738933164583,0.2879147465437788,223.0,0.0,0.82,0.09,follow,0
1786356776.4302692,17.76252019267287,0.29253456221198154,195.0,0.0,0.6690445835180641,0.09,follow,0
1786356776.4925082,17.646934955007616,0.4616935483870968,209.9742716742716,0.0,0.82,0.09,follow,0
1786356776.5546231,17.392592384279624,0.45564516129032256,207.06313025210096,0.0,0.7860021937072317,0.09,follow,0
1786356776.608224,17.13138380685979,0.3042972350230415,223.0,0.0,0.82,0.09,follow,0
1786356776.6628728,17.371600995858635,0.3160599078341014,223.0,0.0,0.82,0.09,follow,0
1786356776.71841,17.6335413057782,0.293963133640553,223.0,0.0,0.82,0.09,follow,0
1786356776.7717218,17.693209376402347,0.29110599078341015,195.0,0.0,0.663488672813241,0.09,follow,0
1786356776.8256311,17.921595007048484,0.30039170506912444,223.0,0.0,0.82,0.09,follow,0
1786356776.8800344,17.976947574047866,0.30039170506912444,195.0,0.0,0.6599999999999999,0.09,follow,0
1786356776.9400306,18.04635827982143,0.4616935483870968,216.5822861822877,0.0,0.82,0.09,follow,0
1786356776.9950647,17.811201306682353,0.45564516129032256,208.4250095492746,0.0,0.7246703720163844,0.09,follow,0
1786356777.0516422,17.915899615525763,0.4616935483870968,223.0,0.0,0.82,0.09,follow,0
1786356777.1080594,17.867859673217847,0.4616935483870968,215.88844038844135,0.0,0.82,0.09,follow,0
1786356777.165267,17.840174339051774,0.4616935483870968,212.4664443664437,0.0,0.82,0.09,follow,0
1786356777.2192585,17.76485410506516,0.45564516129032256,216.68505538579024,0.0,0.82,0.09,follow,0
1786356777.2748597,17.751693261375323,0.3107258064516129,223.0,0.0,0.82,0.09,follow,0
1786356777.3303692,17.93777147272847,0.45564516129032256,220.28631588999167,0.0,0.82,0.09,follow,0
1786356777.3899283,17.897276439105525,0.467741935483871,222.62638860665413,0.0,0.82,0.09,follow,0
1786356777.4429479,17.702276055406458,0.28934331797235024,223.0,0.0,0.82,0.09,follow,0
1786356777.4962242,17.952821391949488,0.2992972350230415,223.0,0.0,0.82,0.09,follow,0
1786356777.5545878,18.02678457570994,0.29039170506912443,223.0,0.0,0.82,0.09,follow,0
1786356777.6114025,17.914250320419622,0.45564516129032256,204.5081741787625,0.0,0.6599999999999999,0.09,follow,0
1786356777.6753566,17.881811218989778,0.4616935483870968,219.16838656838817,0.0,0.82,0.09,follow,0
1786356777.7309031,17.393017847166867,0.2836290322580645,223.0,0.0,0.82,0.09,follow,0
1786356777.786135,17.571250211313355,0.4616935483870968,203.59701649701333,0.0,0.6599999999999999,0.09,follow,0
1786356777.8403323,17.695916339767813,0.298963133640553,223.0,0.0,0.82,0.09,follow,0
1786356777.8996055,17.7864994427823,0.4616935483870968,213.04241254241293,0.0,0.7526830652380293,0.09,follow,0
1786356777.9558084,17.654431635974735,0.45564516129032256,217.88149350649365,0.0,0.82,0.09,follow,0
1786356778.0134072,17.602236386554537,0.45564516129032256,223.0,0.0,0.82,0.09,follow,0
1786356778.066475,17.63780931810279,0.2918202764976959,223.0,0.0,0.82,0.09,follow,0
1786356778.1191237,17.76773474237426,0.29824884792626727,223.0,0.0,0.82,0.09,follow,0
1786356778.172427,18.089403146911717,0.45564516129032256,210.84000190985512,0.0,0.6735850254399101,0.09,follow,0
1786356778.2251298,18.265088565064936,0.29077188940092163,223.0,0.0,0.82,0.09,follow,0
1786356778.2795115,18.40265595980498,0.28505760368663596,223.0,0.0,0.82,0.09,follow,0
1786356778.3306708,18.3997291939729,0.3111059907834101,223.0,0.0,0.82,0.09,follow,0
1786356778.3843071,18.598725451188443,0.3018202764976958,212.7271978023599,0.0,0.82,0.09,follow,0
1786356778.4395463,18.597890066687192,0.4616935483870968,208.34489294489111,0.0,0.7782905346636199,0.09,follow,0
1786356778.4995973,18.538229052288415,0.45564516129032256,203.42139992360543,0.0,0.6978876196189386,0.09,follow,0
1786356778.555589,18.132391896604368,0.45564516129032256,221.70882352941123,0.0,0.82,0.09,follow,0
1786356778.610478,18.064989109327065,0.467741935483871,207.20317686107143,0.0,0.6599999999999999,0.09,follow,0
1786356778.6621606,18.094818756941475,0.29039170506912443,223.0,0.0,0.82,0.09,follow,0
1786356778.7179615,18.39597687746836,0.293963133640553,223.0,0.0,0.82,0.09,follow,0
1786356778.7695477,18.299055920959635,0.30786866359447007,223.0,0.0,0.82,0.09,follow,0
1786356778.8233824,18.43209884410421,0.2872004608294931,223.0,0.0,0.82,0.09,follow,0
1786356778.879207,18.548483293465683,0.45564516129032256,223.0,0.0,0.82,0.09,follow,0
1786356778.9354053,18.35794124376204,0.2922004608294931,223.0,0.0,0.82,0.09,follow,0
1786356778.9911313,18.30805361674311,0.29077188940092163,223.0,0.0,0.82,0.09,follow,0
1786356779.0507479,18.235242601215766,0.2996774193548387,223.0,0.0,0.82,0.09,follow,0
1786356779.1070573,17.934580160517186,0.30820276497695853,223.0,0.0,0.82,0.09,follow,0
1786356779.1668828,17.888975804445323,0.45564516129032256,211.15820282658478,0.0,0.7008776484728078,0.09,follow,0
1786356779.2242084,17.61492672813614,0.45564516129032256,222.06571810542283,0.0,0.82,0.09,follow,0
1786356779.2793858,17.63771664986878,0.45564516129032256,222.88018525592005,0.0,0.82,0.09,follow,0
1786356779.3350003,17.721498913572155,0.29753456221198155,223.0,0.0,0.82,0.09,follow,0
1786356779.395017,17.759730863780646,0.4616935483870968,206.17674037673916,0.0,0.6599999999999999,0.09,follow,0
1786356779.4488146,17.551862714271863,0.4616935483870968,223.0,0.0,0.82,0.09,follow,0
1786356779.5041597,17.74113372185967,0.45564516129032256,203.6137223071053,0.0,0.6599999999999999,0.09,follow,0
1786356779.5610812,17.749292735689586,0.45564516129032256,223.0,0.0,0.82,0.09,follow,0
1786356779.6182244,17.718488857861562,0.45564516129032256,220.31553666921292,0.0,0.82,0.09,follow,0
1786356779.6700134,17.71565535989587,0.3092972350230415,223.0,0.0,0.82,0.09,follow,0
1786356779.7271104,18.08830876434312,0.45564516129032256,216.48058632543908,0.0,0.82,0.09,follow,0
1786356779.7789526,17.90242395494559,0.2968202764976958,223.0,0.0,0.82,0.09,follow,0
1786356779.836328,18.273080066803885,0.45564516129032256,213.94981856378845,0.0,0.7693610630234793,0.09,follow,0
1786356779.892727,18.005686515495775,0.45564516129032256,214.8134358288775,0.0,0.82,0.09,follow,0
1786356779.9470954,17.98399190030368,0.45564516129032256,221.42396867838053,0.0,0.82,0.09,follow,0
1786356779.9990947,18.148188530496782,0.2896774193548387,223.0,0.0,0.82,0.09,follow,0
1786356780.055042,18.3617604025468,0.30039170506912444,205.10879120900802,0.0,0.82,0.09,follow,0
1786356780.1121395,18.199895648407015,0.4616935483870968,221.33996723996978,0.0,0.82,0.09,follow,0
1786356780.169151,18.127825029808754,0.45564516129032256,216.43404316271986,0.0,0.82,0.09,follow,0
1786356780.2199247,18.00064512564099,0.29039170506912443,223.0,0.0,0.82,0.09,follow,0
1786356780.2792313,18.245565234477922,0.28934331797235024,223.0,0.0,0.82,0.09,follow,0
1786356780.3385084,17.936344624263135,0.30786866359447007,223.0,0.0,0.82,0.09,follow,0
1786356780.403796,17.82421873113845,0.4616935483870968,222.07430677430852,0.0,0.82,0.09,follow,0
1786356780.4699512,17.310167507548563,0.4495967741935484,211.9818332758318,0.0,0.762170247819392,0.09,follow,0
1786356780.5264926,16.89181220349519,0.45564516129032256,216.8975362872413,0.0,0.82,0.09,follow,0
1786356780.5811834,16.96361339971771,0.2968202764976958,188.8975362872413,0.0,0.6599999999999999,0.09,follow,0
1786356780.6357768,17.318363728569825,0.45564516129032256,215.81463903743332,0.0,0.82,0.09,follow,0
1786356780.6972039,17.430307303251553,0.4616935483870968,213.8499707499708,0.0,0.82,0.09,follow,0
1786356780.7556677,17.216658309330526,0.3128686635944701,223.0,0.0,0.82,0.09,follow,0
1786356780.8121521,17.25105678515045,0.45564516129032256,206.72751145912912,0.0,0.6599999999999999,0.09,follow,0
1786356780.8659093,17.35749149874607,0.3046774193548387,213.91579670354747,0.0,0.82,0.09,follow,0
1786356780.921438,17.540709491545858,0.45564516129032256,216.41678762413954,0.0,0.82,0.09,follow,0
1786356780.9804645,17.62560856278427,0.45564516129032256,218.42081741787646,0.0,0.82,0.09,follow,0
1786356781.0390313,17.51913517347017,0.45564516129032256,219.48777692895288,0.0,0.82,0.09,follow,0
1786356781.0937161,17.444529061788554,0.3239170506912442,223.0,0.0,0.82,0.09,follow,0
1786356781.1463964,17.542146986841825,0.29824884792626727,223.0,0.0,0.82,0.09,follow,0
1786356781.2006652,17.88147143529835,0.30039170506912444,195.0,0.0,0.6599999999999999,0.09,follow,0
1786356781.2526855,17.976041907584655,0.3007258064516129,223.0,0.0,0.82,0.09,follow,0
1786356781.3049293,18.25683910007001,0.2996774193548387,195.0,0.0,0.6599999999999999,0.09,follow,0
1786356781.3591235,18.464303318791657,0.33034562211981566,223.0,0.0,0.82,0.09,follow,0
1786356781.4141057,18.445303249015097,0.2918202764976959,195.0,0.0,0.6599999999999999,0.09,follow,0
1786356781.4651065,18.404739610924384,0.2929147465437788,223.0,0.0,0.82,0.09,follow,0
1786356781.5206738,18.62328429454638,0.45564516129032256,215.19520626432399,0.0,0.8099051527886949,0.09,follow,0
1786356781.574883,18.525918228485484,0.4616935483870968,219.36075816075765,0.0,0.82,0.09,follow,0
1786356781.6370044,18.430152405653033,0.45564516129032256,213.94724025974062,0.0,0.82,0.09,follow,0
1786356781.6909912,18.019996150993016,0.4495967741935484,195.85329234333184,0.0,0.6599999999999999,0.09,follow,0
1786356781.745537,18.098659052436147,0.2918202764976959,167.85329234333184,0.0,0.4999999999999999,0.09,follow,0
1786356781.8053653,18.15115761907672,0.45564516129032256,195.85329234333184,0.0,0.6599999999999999,0.09,follow,0
1786356781.864177,17.8255166507953,0.45564516129032256,213.74909281894554,0.0,0.82,0.09,follow,0
1786356781.91962,17.721548433461344,0.31144009216589863,223.0,0.0,0.82,0.09,follow,0
1786356781.975788,17.78434755013713,0.45564516129032256,205.44966577540077,0.0,0.6599999999999999,0.09,follow,0
1786356782.0350332,17.72938862131371,0.45564516129032256,206.78156035141373,0.0,0.82,0.09,follow,0
1786356782.091398,17.611693941802507,0.45564516129032256,213.58177043544705,0.0,0.82,0.09,follow,0
1786356782.1433518,17.610969112010117,0.3018202764976958,223.0,0.0,0.82,0.09,follow,0
1786356782.195837,17.92063284359022,0.3107258064516129,223.0,0.0,0.82,0.09,follow,0
1786356782.251842,18.157721109414283,0.45564516129032256,214.0393812070287,0.0,0.7774966156655303,0.09,follow,0
1786356782.313475,17.990000180219738,0.45564516129032256,211.66519289534054,0.0,0.82,0.09,follow,0
1786356782.3662364,17.6888252060015,0.3128686635944701,223.0,0.0,0.82,0.09,follow,0
1786356782.4221437,17.99396978226765,0.2968202764976958,223.0,0.0,0.82,0.09,follow,0
1786356782.4754083,17.938523305273023,0.2872004608294931,223.0,0.0,0.82,0.09,follow,0
1786356782.5308864,18.154293407420376,0.31144009216589863,223.0,0.0,0.82,0.09,follow,0
1786356782.5843372,18.13430867783746,0.29324884792626726,195.0,0.0,0.6604264702980696,0.09,follow,0
1786356782.6407511,18.26243607902984,0.4616935483870968,218.11145431145428,0.0,0.82,0.09,follow,0
1786356782.693863,18.14868231794248,0.30539170506912444,223.0,0.0,0.82,0.09,follow,0
1786356782.7518635,18.305225226032285,0.45564516129032256,219.66480137509575,0.0,0.82,0.09,follow,0
1786356782.8053591,18.087929472004127,0.2968202764976958,223.0,0.0,0.82,0.09,follow,0
1786356782.8603284,18.21807261766182,0.45564516129032256,212.36281512605032,0.0,0.7262041831501223,0.09,follow,0
1786356782.9122846,18.193840771563718,0.3067741935483871,223.0,0.0,0.82,0.09,follow,0
1786356782.970584,18.389164557594718,0.3018202764976958,223.0,0.0,0.82,0.09,follow,0
1786356783.0246766,18.136768525927014,0.4616935483870968,210.85721305721492,0.0,0.6956543962694661,0.09,follow,0
1786356783.0774848,18.22757549053264,0.29753456221198155,223.0,0.0,0.82,0.09,follow,0
1786356783.1345017,18.246346622712764,0.31144009216589863,223.0,0.0,0.82,0.09,follow,0
1786356783.1975539,18.143425650699065,0.29039170506912443,223.0,0.0,0.82,0.09,follow,0
1786356783.251022,17.70611334627668,0.2996774193548387,223.0,0.0,0.82,0.09,follow,0
1786356783.30632,17.97987187164186,0.45564516129032256,208.15238731856385,0.0,0.6599999999999999,0.09,follow,0
1786356783.3623629,17.91564948396872,0.45564516129032256,216.71550802139006,0.0,0.82,0.09,follow,0
1786356783.4229672,17.983430976985215,0.3042972350230415,223.0,0.0,0.82,0.09,follow,0
1786356783.4799774,17.68900211223493,0.4616935483870968,221.74434304434376,0.0,0.82,0.09,follow,0
1786356783.5321877,17.630529472531926,0.3042972350230415,223.0,0.0,0.82,0.09,follow,0
1786356783.586067,17.960980635122848,0.3042972350230415,223.0,0.0,0.82,0.09,follow,0
1786356783.6418767,18.05238984709665,0.30253456221198155,223.0,0.0,0.82,0.09,follow,0
1786356783.697124,18.05333939498055,0.45564516129032256,223.0,0.0,0.82,0.09,follow,0
1786356783.7542088,18.064887960337096,0.4616935483870968,208.87842517842432,0.0,0.6599999999999999,0.09,follow,0
1786356783.8112397,17.948587965177214,0.45564516129032256,216.6208269671507,0.0,0.82,0.09,follow,0
1786356783.8680253,17.850870348608833,0.28434331797235024,223.0,0.0,0.82,0.09,follow,0
1786356783.9216216,17.82706758384972,0.29753456221198155,223.0,0.0,0.82,0.09,follow,0
1786356783.975101,17.9646369920534,0.29824884792626727,223.0,0.0,0.82,0.09,follow,0
1786356784.0305393,18.147723901357804,0.45564516129032256,220.2854851031321,0.0,0.82,0.09,follow,0
1786356784.0879414,18.048132442909047,0.45564516129032256,205.3319041252866,0.0,0.6599999999999999,0.09,follow,0
1786356784.142971,17.955629881178783,0.2872004608294931,223.0,0.0,0.82,0.09,follow,0
1786356784.1960955,18.04323928221271,0.45564516129032256,220.1654602750187,0.0,0.82,0.09,follow,0
1786356784.2539284,18.146049740569474,0.45564516129032256,205.63992551566085,0.0,0.6599999999999999,0.09,follow,0
1786356784.3102467,18.01010096844357,0.2896774193548387,223.0,0.0,0.82,0.09,follow,0
1786356784.364763,17.956801966517403,0.4495967741935484,223.0,0.0,0.82,0.09,follow,0
1786356784.4224718,17.93028619483396,0.4616935483870968,215.0244296244301,0.0,0.81828777232807,0.09,follow,0
1786356784.4788969,17.8594789364128,0.45564516129032256,216.82534377387304,0.0,0.82,0.09,follow,0
1786356784.5390365,17.861469022359135,0.30286866359447007,223.0,0.0,0.82,0.09,follow,0
1786356784.59485,17.641281182698492,0.3132488479262673,223.0,0.0,0.82,0.09,follow,0
1786356784.6469302,17.672809905888073,0.29110599078341015,204.66538461573896,0.0,0.82,0.09,follow,0
1786356784.7008007,17.97926625550864,0.2886290322580645,223.0,0.0,0.82,0.09,follow,0
1786356784.75952,17.989641097325247,0.4616935483870968,208.80885690885506,0.0,0.6599999999999999,0.09,follow,0
1786356784.8193257,17.9157701899681,0.4616935483870968,210.14200304200253,0.0,0.82,0.09,follow,0
1786356784.8750613,17.67786822814311,0.45564516129032256,222.1386650114589,0.0,0.82,0.09,follow,0
1786356784.9279609,17.694873550538553,0.31034562211981565,223.0,0.0,0.82,0.09,follow,0
1786356784.9866974,17.948633046388316,0.467741935483871,215.57991261938898,0.0,0.82,0.09,follow,0
1786356785.0396166,17.756673091957857,0.3057258064516129,223.0,0.0,0.82,0.09,follow,0
1786356785.0943766,18.02352505752066,0.28934331797235024,223.0,0.0,0.82,0.09,follow,0
1786356785.1505141,17.99235668504467,0.4616935483870968,201.88574938574567,0.0,0.6599999999999999,0.09,follow,0
1786356785.206215,18.02635055660458,0.45564516129032256,213.32951680672292,0.0,0.82,0.09,follow,0
1786356785.2585976,18.018729971309515,0.3107258064516129,223.0,0.0,0.82,0.09,follow,0
1786356785.3116803,18.22192037506549,0.2857718894009217,223.0,0.0,0.82,0.09,follow,0
1786356785.3676043,18.3028717851331,0.4616935483870968,212.3825318825337,0.0,0.7286709442730298,0.09,follow,0
1786356785.4275844,18.23494171891931,0.4616935483870968,217.35702585702793,0.0,0.82,0.09,follow,0
1786356785.4807644,17.930139491082127,0.31820276497695854,223.0,0.0,0.82,0.09,follow,0
1786356785.533007,18.104863464916786,0.2872004608294931,223.0,0.0,0.82,0.09,follow,0
1786356785.5841584,18.30282924683069,0.28505760368663596,223.0,0.0,0.82,0.09,follow,0
1786356785.6413887,18.54728407854862,0.293963133640553,223.0,0.0,0.82,0.09,follow,0
1786356785.6955454,18.361179628322514,0.2918202764976959,223.0,0.0,0.82,0.09,follow,0
1786356785.755088,18.30653971140749,0.29858294930875573,223.0,0.0,0.82,0.09,follow,0
1786356785.8070612,18.07483556722088,0.29039170506912443,214.33173076939534,0.0,0.82,0.09,follow,0
1786356785.8633113,18.276499047594548,0.30534562211981564,223.0,0.0,0.82,0.09,follow,0
1786356785.921289,18.20432941688245,0.45564516129032256,218.95412528647813,0.0,0.82,0.09,follow,0
1786356785.9780943,17.94342010038415,0.4616935483870968,210.55440505440498,0.0,0.7543822287472537,0.09,follow,0
1786356786.0293362,17.914247154384288,0.3260599078341014,182.55440505440498,0.0,0.5943822287472537,0.09,follow,0
1786356786.0871985,18.268465118548455,0.29110599078341015,210.55440505440498,0.0,0.7543822287472537,0.09,follow,0
1786356786.1429508,18.04868195811696,0.4616935483870968,218.37695097695297,0.0,0.82,0.09,follow,0
1786356786.1992218,18.021042903115877,0.2879147465437788,223.0,0.0,0.82,0.09,follow,0
1786356786.2551134,17.987692449363234,0.45564516129032256,214.38895148968646,0.0,0.7987293912573155,0.09,follow,0
1786356786.3144991,17.95792321020861,0.45564516129032256,223.0,0.0,0.82,0.09,follow,0
1786356786.3670092,17.748697789074214,0.303963133640553,223.0,0.0,0.82,0.09,follow,0
1786356786.4241505,18.022273284349655,0.45564516129032256,211.90978800611134,0.0,0.7093706272311866,0.09,follow,0
1786356786.480536,17.886263135524523,0.45564516129032256,208.55955882352876,0.0,0.7988622825227487,0.09,follow,0
1786356786.5388985,17.797863109799128,0.45564516129032256,221.94335370511791,0.0,0.82,0.09,follow,0
1786356786.5950377,17.754982749020627,0.45564516129032256,223.0,0.0,0.82,0.09,follow,0
1786356786.6505816,17.768433736507237,0.45564516129032256,223.0,0.0,0.82,0.09,follow,0
1786356786.711008,17.62093476186881,0.4616935483870968,214.5486018486023,0.0,0.8071376617226116,0.09,follow,0
1786356786.7704706,17.458903389661334,0.467741935483871,210.6759296890887,0.0,0.82,0.09,follow,0
1786356786.8266013,17.449956572342167,0.45564516129032256,214.42367265087879,0.0,0.82,0.09,follow,0
1786356786.880469,17.516864973835574,0.45564516129032256,207.88262032085572,0.0,0.7368821342227297,0.09,follow,0
1786356786.9389179,17.743079016705238,0.45564516129032256,215.3532563025209,0.0,0.82,0.09,follow,0
1786356786.9970365,17.587663054260755,0.4616935483870968,212.60856440856398,0.0,0.82,0.09,follow,0
1786356787.0548084,17.535429227357877,0.4616935483870968,209.87785187785087,0.0,0.82,0.09,follow,0
1786356787.1074393,17.463798539893308,0.3260599078341014,223.0,0.0,0.82,0.09,follow,0
1786356787.1604877,17.7685817191122,0.3057258064516129,223.0,0.0,0.82,0.09,follow,0
1786356787.2165174,18.00022653955851,0.29786866359447006,223.0,0.0,0.82,0.09,follow,0
1786356787.27206,17.98399694211225,0.45564516129032256,218.0673987776919,0.0,0.82,0.09,follow,0
1786356787.3303692,17.883827405695172,0.29253456221198154,192.60549450567294,0.0,0.694657389839257,0.09,follow,0
1786356787.3847466,17.839567707133778,0.45564516129032256,220.60549450567294,0.0,0.82,0.09,follow,0
1786356787.4414616,17.954164477046678,0.4495967741935484,205.38535942236132,0.0,0.6599999999999999,0.09,follow,0
1786356787.4934947,17.861369322334518,0.2836290322580645,223.0,0.0,0.82,0.09,follow,0
1786356787.5550222,18.091071367635763,0.4616935483870968,221.4567333567347,0.0,0.82,0.09,follow,0
1786356787.6120727,17.67259348699635,0.4616935483870968,219.6184392184408,0.0,0.82,0.09,follow,0
1786356787.6705606,17.70501226831083,0.4616935483870968,207.15618345618094,0.0,0.6599999999999999,0.09,follow,0
1786356787.7208853,17.62522914502703,0.29039170506912443,223.0,0.0,0.82,0.09,follow,0
1786356787.7746634,18.015277146034624,0.2996774193548387,223.0,0.0,0.82,0.09,follow,0
1786356787.827124,18.17912733014088,0.29110599078341015,223.0,0.0,0.82,0.09,follow,0
1786356787.8819008,18.38937930658425,0.0,40.81428571441285,0.0,0.82,0.05499999999999999,slow:lane_dropout,0
1786356787.9365094,18.326051640209663,0.4616935483870968,221.29816309816513,0.0,0.82,0.063,follow,0
1786356787.9915922,18.312106758653957,0.45564516129032256,205.37208747135116,0.0,0.6599999999999999,0.07100000000000001,follow,0
1786356788.0446699,18.297160046885296,0.288963133640553,223.0,0.0,0.82,0.07900000000000001,follow,0
1786356788.1023607,18.413768366787625,0.45564516129032256,222.15651260504137,0.0,0.82,0.08700000000000002,follow,0
1786356788.1575463,18.18722768906639,0.3189170506912442,223.0,0.0,0.82,0.09,follow,0
1786356788.2113514,18.196657474731285,0.45564516129032256,214.9995989304806,0.0,0.8121683298421157,0.09,follow,0
1786356788.2643332,18.25084876148323,0.4616935483870968,205.09577629577583,0.0,0.6521683298421157,0.09,follow,0
1786356788.3174982,18.37756976329934,0.2872004608294931,223.0,0.0,0.8121683298421157,0.09,follow,0
1786356788.3716621,18.490139355807678,0.45564516129032256,220.32118029029704,0.0,0.82,0.09,follow,0
1786356788.426905,18.425913885026393,0.4616935483870968,208.02826722826708,0.0,0.6599999999999999,0.09,follow,0
1786356788.486674,18.387668808163045,0.4616935483870968,217.22075582075723,0.0,0.82,0.09,follow,0
1786356788.5475562,18.053706395349312,0.4495967741935484,205.98393103575754,0.0,0.6599999999999999,0.09,follow,0
1786356788.6051493,17.72847581527551,0.4616935483870968,216.2172926172945,0.0,0.82,0.09,follow,0
1786356788.6663148,17.583574570995516,0.4616935483870968,207.47408447408344,0.0,0.7021548896567498,0.09,follow,0
1786356788.7236624,17.384051094277556,0.45564516129032256,219.7095588235295,0.0,0.82,0.09,follow,0
1786356788.7803872,17.42508978120562,0.45564516129032256,212.78150305576793,0.0,0.8012787668374456,0.09,follow,0
1786356788.8360121,17.471807596385055,0.4616935483870968,218.15383175383266,0.0,0.82,0.09,follow,0
1786356788.8910487,17.56668187286707,0.2872004608294931,223.0,0.0,0.82,0.09,follow,0
1786356788.9508934,17.719587406320827,0.45564516129032256,222.1045359052709,0.0,0.82,0.09,follow,0
1786356789.0077896,17.5128339890549,0.45564516129032256,223.0,0.0,0.82,0.09,follow,0
1786356789.062705,17.502518078582504,0.45564516129032256,221.95247326203145,0.0,0.82,0.09,follow,0
1786356789.1169481,17.639727558503946,0.4616935483870968,220.90211770211886,0.0,0.82,0.09,follow,0
1786356789.1738446,17.70213872220603,0.4616935483870968,223.0,0.0,0.82,0.09,follow,0
1786356789.2337382,17.802642195463722,0.45564516129032256,211.00712375859413,0.0,0.6918821555303564,0.09,follow,0
1786356789.289947,17.578831244165833,0.45564516129032256,216.29313407180982,0.0,0.82,0.09,follow,0
1786356789.3421445,17.608650427720054,0.2918202764976959,188.29313407180982,0.0,0.6599999999999999,0.09,follow,0
1786356789.3978686,17.871669615416717,0.4616935483870968,211.67394407394391,0.0,0.82,0.09,follow,0
1786356789.4535797,17.936793397181287,0.3092972350230415,223.0,0.0,0.82,0.09,follow,0
1786356789.507736,17.84314086724698,0.2879147465437788,223.0,0.0,0.82,0.09,follow,0
1786356789.5657165,18.057039993617906,0.45564516129032256,217.34686783804432,0.0,0.82,0.09,follow,0
1786356789.6227577,17.908917977261666,0.45564516129032256,219.21707410236723,0.0,0.82,0.09,follow,0
1786356789.6825943,17.840046432482954,0.4616935483870968,222.3302913302936,0.0,0.82,0.09,follow,0
1786356789.735592,17.603471450781438,0.2857718894009217,223.0,0.0,0.82,0.09,follow,0
1786356789.7894654,17.87542520332192,0.29715437788018434,223.0,0.0,0.82,0.09,follow,0
1786356789.8429344,17.97302370108536,0.30539170506912444,223.0,0.0,0.82,0.09,follow,0
1786356789.903821,18.120257333247046,0.31144009216589863,223.0,0.0,0.82,0.09,follow,0
1786356789.961444,17.81213686242072,0.4616935483870968,197.00009360008895,0.0,0.6599999999999999,0.09,follow,0
1786356790.021983,17.618336319597592,0.4616935483870968,208.7603369603355,0.0,0.82,0.09,follow,0
1786356790.0784383,17.483517774421877,0.3089170506912442,223.0,0.0,0.82,0.09,follow,0
1786356790.134589,17.53770456804908,0.45564516129032256,215.9678380443084,0.0,0.82,0.09,follow,0
1786356790.1891942,17.50731751921221,0.4616935483870968,200.79970749970653,0.0,0.6599999999999999,0.09,follow,0
1786356790.242715,17.741140604724293,0.31429723502304147,223.0,0.0,0.82,0.09,follow,0
1786356790.2982259,17.90487310018671,0.303963133640553,223.0,0.0,0.82,0.09,follow,0
1786356790.3546987,17.860158441046053,0.3139170506912442,223.0,0.0,0.82,0.09,follow,0
1786356790.408624,17.912387664152213,0.2968202764976958,223.0,0.0,0.82,0.09,follow,0
1786356790.4621668,18.074667821543635,0.4616935483870968,216.46340236340325,0.0,0.82,0.09,follow,0
1786356790.5149918,18.187405992805846,0.28934331797235024,223.0,0.0,0.82,0.09,follow,0
1786356790.5701108,18.30610032246059,0.2992972350230415,223.0,0.0,0.82,0.09,follow,0
1786356790.6260226,18.308953212903255,0.45564516129032256,203.57675706646265,0.0,0.6599999999999999,0.09,follow,0
1786356790.6794834,18.142137504054666,0.3157258064516129,223.0,0.0,0.82,0.09,follow,0
1786356790.7342074,18.305635235064756,0.45564516129032256,220.18126432391125,0.0,0.82,0.09,follow,0
1786356790.7898238,18.32699375080867,0.30682027649769583,223.0,0.0,0.82,0.09,follow,0
1786356790.8425446,18.183712853004238,0.30786866359447007,223.0,0.0,0.82,0.09,follow,0
1786356790.8987334,18.383494747265207,0.4616935483870968,208.4175266175247,0.0,0.6599999999999999,0.09,follow,0
1786356790.9534101,18.263972350751644,0.45564516129032256,216.34207410236706,0.0,0.82,0.09,follow,0
1786356791.0130036,18.20110496170919,0.4495967741935484,223.0,0.0,0.82,0.09,follow,0
1786356791.0686345,17.984830272558856,0.45564516129032256,220.3115641711231,0.0,0.82,0.09,follow,0
1786356791.124707,17.90315287635759,0.4616935483870968,210.58847548847507,0.0,0.7263439950864411,0.09,follow,0
1786356791.176266,17.98137571193614,0.29324884792626726,194.10769230787753,0.0,0.82,0.09,follow,0
1786356791.2322001,18.289251783271794,0.29824884792626727,222.10769230787753,0.0,0.82,0.09,follow,0
1786356791.2873626,18.10664197971093,0.4495967741935484,211.6962776312871,0.0,0.733881494311206,0.09,follow,0
1786356791.3410425,18.105119372834647,0.30215437788018434,223.0,0.0,0.82,0.09,follow,0
1786356791.3974192,18.331247976451394,0.30215437788018434,223.0,0.0,0.82,0.09,follow,0
1786356791.4587097,18.219172137156445,0.45564516129032256,220.54198815889998,0.0,0.82,0.09,follow,0
1786356791.5166528,17.836004369309673,0.45564516129032256,203.46783804430908,0.0,0.6599999999999999,0.09,follow,0
1786356791.5731995,17.646981865154512,0.45564516129032256,210.3113827349122,0.0,0.82,0.09,follow,0
1786356791.6271496,17.713422541166896,0.33320276497695855,223.0,0.0,0.82,0.09,follow,0
1786356791.6887012,17.9081696344958,0.45564516129032256,214.62325248281132,0.0,0.7985448889427403,0.09,follow,0
1786356791.7420673,17.575999566369493,0.29324884792626726,186.62325248281132,0.0,0.6385448889427403,0.09,follow,0
1786356791.7962332,17.80253595825462,0.298963133640553,187.9892857145046,0.0,0.7985448889427403,0.09,follow,0
1786356791.8476565,17.934656433669154,0.28434331797235024,215.9892857145046,0.0,0.82,0.09,follow,0
1786356791.9023566,18.210726507763734,0.293963133640553,223.0,0.0,0.82,0.09,follow,0
1786356791.9584703,18.173607398583933,0.45564516129032256,204.32425515660722,0.0,0.6599999999999999,0.09,follow,0
1786356792.0104675,18.149352466386123,0.3014400921658986,223.0,0.0,0.82,0.09,follow,0
1786356792.0665991,18.35427847944719,0.4495967741935484,216.01735195544438,0.0,0.82,0.09,follow,0
1786356792.1233711,18.272638546971244,0.3064400921658986,223.0,0.0,0.82,0.09,follow,0
1786356792.1780357,18.131154628611522,0.45564516129032256,213.04751718869338,0.0,0.7590637349229169,0.09,follow,0
1786356792.2296648,18.181334549404824,0.28648617511520735,223.0,0.0,0.82,0.09,follow,0
1786356792.2816963,18.414429546426096,0.30215437788018434,223.0,0.0,0.82,0.09,follow,0
1786356792.3393886,18.580118977221204,0.4495967741935484,202.67122464821767,0.0,0.6599999999999999,0.09,follow,0
1786356792.3927388,18.339087262272383,0.2964400921658986,223.0,0.0,0.82,0.09,follow,0
1786356792.4478288,18.420257536301445,0.4616935483870968,220.18043758043922,0.0,0.82,0.09,follow,0
1786356792.5016332,18.333518548813302,0.30858294930875574,223.0,0.0,0.82,0.09,follow,0
1786356792.5576239,18.296855736216216,0.298963133640553,223.0,0.0,0.82,0.09,follow,0
1786356792.6109788,18.295630488765635,0.30715437788018435,223.0,0.0,0.82,0.09,follow,0
1786356792.6661675,18.386121812848927,0.45564516129032256,205.21124904507178,0.0,0.6599999999999999,0.09,follow,0
1786356792.7193465,18.330826973187484,0.3074884792626728,223.0,0.0,0.82,0.09,follow,0
1786356792.7848716,18.345057674545004,0.45564516129032256,207.48455882352883,0.0,0.6599999999999999,0.09,follow,0
1786356792.843217,17.803452385551857,0.45564516129032256,216.1434873949575,0.0,0.82,0.09,follow,0
1786356792.896379,17.673281872334563,0.45564516129032256,211.254201680672,0.0,0.8146684865153571,0.09,follow,0
1786356792.9498055,17.78577448317861,0.2829147465437788,223.0,0.0,0.82,0.09,follow,0
1786356793.0070367,18.02263166797803,0.45564516129032256,209.4929430863252,0.0,0.6599999999999999,0.09,follow,0
1786356793.0640326,17.973279459318025,0.4616935483870968,211.91956241956095,0.0,0.82,0.09,follow,0
1786356793.1200898,17.85955997550689,0.28505760368663596,223.0,0.0,0.82,0.09,follow,0
1786356793.174923,17.847997380320756,0.45564516129032256,210.23852177234497,0.0,0.6726745005491784,0.09,follow,0
1786356793.2353764,17.93444349648239,0.45564516129032256,216.4287910618786,0.0,0.82,0.09,follow,0
1786356793.2894871,17.67977255948005,0.2972004608294931,223.0,0.0,0.82,0.09,follow,0
1786356793.3411772,17.837237834254413,0.2896774193548387,195.0,0.0,0.6599999999999999,0.09,follow,0
1786356793.3937967,18.14521302040617,0.2886290322580645,223.0,0.0,0.82,0.09,follow,0
1786356793.4527614,18.232977931425456,0.3064400921658986,223.0,0.0,0.82,0.09,follow,0
1786356793.5087628,18.01938041865795,0.45564516129032256,223.0,0.0,0.82,0.09,follow,0
1786356793.565856,17.930477664357404,0.45564516129032256,219.84470015278814,0.0,0.82,0.09,follow,0
1786356793.6222873,17.830232272785498,0.45564516129032256,215.3894003055775,0.0,0.82,0.09,follow,0
1786356793.6773877,17.87931935284689,0.29786866359447006,223.0,0.0,0.82,0.09,follow,0
1786356793.733169,17.95142569969063,0.4616935483870968,209.46653796653743,0.0,0.6599999999999999,0.09,follow,0
1786356793.7918882,17.90257959307906,0.4616935483870968,215.2229554229565,0.0,0.82,0.09,follow,0
1786356793.8436604,17.754095257669984,0.3107258064516129,223.0,0.0,0.82,0.09,follow,0
1786356793.9013028,18.065908412647943,0.4616935483870968,209.33050193050158,0.0,0.6599999999999999,0.09,follow,0
1786356793.9552655,17.951019370882868,0.45564516129032256,217.44209320091608,0.0,0.82,0.09,follow,0
1786356794.0107296,17.985415132452058,0.45564516129032256,214.8476126814358,0.0,0.82,0.09,follow,0
1786356794.0617585,18.047356412556738,0.45564516129032256,211.81115355232936,0.0,0.82,0.09,follow,0
1786356794.1176903,18.370746699539684,0.2836290322580645,223.0,0.0,0.82,0.09,follow,0
1786356794.1774383,18.23890543871854,0.4495967741935484,221.11877910988323,0.0,0.82,0.09,follow,0
1786356794.2323043,17.98071195815163,0.29824884792626727,223.0,0.0,0.82,0.09,follow,0
1786356794.2894638,17.919010029182203,0.4616935483870968,210.99760149760235,0.0,0.6945891380535496,0.09,follow,0
1786356794.3438027,17.937947748286383,0.30286866359447007,223.0,0.0,0.82,0.09,follow,0
1786356794.3959076,18.041970641076503,0.29324884792626726,223.0,0.0,0.82,0.09,follow,0
1786356794.4515965,18.269744518625505,0.32034562211981565,223.0,0.0,0.82,0.09,follow,0
1786356794.505392,18.204484691310345,0.45564516129032256,223.0,0.0,0.82,0.09,follow,0
1786356794.5623271,18.270027083558134,0.45564516129032256,217.25400114591298,0.0,0.82,0.09,follow,0
1786356794.61648,18.112778861728163,0.45564516129032256,201.242943086325,0.0,0.6599999999999999,0.09,follow,0
1786356794.6712658,18.088897611098936,0.29324884792626726,223.0,0.0,0.82,0.09,follow,0
1786356794.725011,18.25343307716079,0.3121543778801843,223.0,0.0,0.82,0.09,follow,0
1786356794.7820501,18.22188012644216,0.28648617511520735,223.0,0.0,0.82,0.09,follow,0
1786356794.8363595,18.14799038310183,0.4616935483870968,209.8931905931894,0.0,0.6607862844951633,0.09,follow,0
1786356794.8910475,18.22277919514233,0.2946774193548387,223.0,0.0,0.82,0.09,follow,0
1786356794.948458,18.21495463289003,0.45564516129032256,209.7159854851029,0.0,0.6599999999999999,0.09,follow,0
1786356795.0056183,18.057880315691524,0.4616935483870968,215.71497601497686,0.0,0.82,0.09,follow,0
1786356795.0604615,17.95976918528876,0.4616935483870968,215.24215514215567,0.0,0.82,0.09,follow,0
1786356795.1186075,17.952631479528378,0.3128686635944701,223.0,0.0,0.82,0.09,follow,0
1786356795.1735518,17.84522024339558,0.45564516129032256,212.55807868602014,0.0,0.7461428669764721,0.09,follow,0
1786356795.2297428,17.930774282166823,0.29005760368663597,223.0,0.0,0.82,0.09,follow,0
1786356795.2832158,17.91101689302326,0.30039170506912444,223.0,0.0,0.82,0.09,follow,0
1786356795.3374312,18.069944671903116,0.4616935483870968,221.909769509772,0.0,0.82,0.09,follow,0
1786356795.3948395,17.88743827904143,0.4495967741935484,222.29952222824465,0.0,0.82,0.09,follow,0
1786356795.4486327,18.04093278122493,0.29005760368663597,223.0,0.0,0.82,0.09,follow,0
1786356795.5048313,18.14204272346343,0.4616935483870968,219.75124605124705,0.0,0.82,0.09,follow,0
1786356795.5665052,18.063841701724034,0.45564516129032256,217.88558059587467,0.0,0.82,0.09,follow,0
1786356795.622254,17.690394731918033,0.4616935483870968,215.20477360477406,0.0,0.82,0.09,follow,0
1786356795.6793666,17.752457998442754,0.45564516129032256,210.60455500382005,0.0,0.8049457550180266,0.09,follow,0
1786356795.7321599,17.710718322453733,0.3018202764976958,223.0,0.0,0.82,0.09,follow,0
1786356795.7899902,17.94829097667347,0.45564516129032256,209.54561688311753,0.0,0.6599999999999999,0.09,follow,0
1786356795.8446672,17.844036789437784,0.45564516129032256,223.0,0.0,0.82,0.09,follow,0
1786356795.90169,17.936336426588927,0.29610599078341016,223.0,0.0,0.82,0.09,follow,0
1786356795.9530573,17.852449430307317,0.29253456221198154,223.0,0.0,0.82,0.09,follow,0
1786356796.007414,18.07963013656079,0.45564516129032256,211.03599121466704,0.0,0.6826698034612421,0.09,follow,0
1786356796.0629835,18.199532198794557,0.4616935483870968,223.0,0.0,0.82,0.09,follow,0
1786356796.1215706,18.134120416995376,0.29786866359447006,223.0,0.0,0.82,0.09,follow,0
1786356796.1734152,17.974848196901565,0.28648617511520735,223.0,0.0,0.82,0.09,follow,0
1786356796.2269745,18.238543829054276,0.30110599078341016,195.0,0.0,0.6599999999999999,0.09,follow,0
1786356796.2823389,18.308761833466882,0.45564516129032256,222.45035332314723,0.0,0.82,0.09,follow,0
1786356796.3392885,18.258049796480293,0.3050115207373272,223.0,0.0,0.82,0.09,follow,0
1786356796.39315,18.10095359914997,0.30215437788018434,223.0,0.0,0.82,0.09,follow,0
1786356796.4490085,18.194417940724588,0.4616935483870968,207.59802269802182,0.0,0.6599999999999999,0.09,follow,0
1786356796.5062778,17.949691030084708,0.45564516129032256,212.77217341482043,0.0,0.82,0.09,follow,0
1786356796.564091,18.06931798421926,0.45564516129032256,213.47582123758528,0.0,0.82,0.09,follow,0
1786356796.619246,17.91876225958344,0.45564516129032256,198.35839381207035,0.0,0.6599999999999999,0.09,follow,0
1786356796.6754644,17.94092639558172,0.45564516129032256,212.5000859434679,0.0,0.82,0.09,follow,0
1786356796.7281017,17.939516088935306,0.293963133640553,223.0,0.0,0.82,0.09,follow,0
1786356796.7878838,18.14955390097274,0.30039170506912444,223.0,0.0,0.82,0.09,follow,0
1786356796.8480334,17.85097920712536,0.45564516129032256,219.98593391902216,0.0,0.82,0.09,follow,0
1786356796.9033742,17.62260006782272,0.30858294930875574,223.0,0.0,0.82,0.09,follow,0
1786356796.96076,17.690247168605726,0.3082488479262673,223.0,0.0,0.82,0.09,follow,0
1786356797.0193355,17.590858626734704,0.2935829493087557,223.0,0.0,0.82,0.09,follow,0
1786356797.074074,17.551715274871288,0.3132488479262673,211.97925824191725,0.0,0.82,0.09,follow,0
1786356797.1253211,17.659486286316532,0.298963133640553,223.0,0.0,0.82,0.09,follow,0
1786356797.1824138,18.07208577855352,0.4616935483870968,218.42177372177662,0.0,0.82,0.09,follow,0
1786356797.2391467,17.928865998180562,0.45564516129032256,212.02211611917417,0.0,0.8009317931243861,0.09,follow,0
1786356797.2923448,17.90252804354062,0.3046774193548387,223.0,0.0,0.82,0.09,follow,0
1786356797.344638,18.00004252434585,0.2964400921658986,223.0,0.0,0.82,0.09,follow,0
1786356797.4010363,18.313137070408736,0.45564516129032256,211.56260504201643,0.0,0.6947887769351428,0.09,follow,0
1786356797.4589686,18.15926484264013,0.3092972350230415,223.0,0.0,0.82,0.09,follow,0
1786356797.5160477,17.996125817416257,0.4616935483870968,216.21999531999626,0.0,0.82,0.09,follow,0
1786356797.5717819,17.88607347144464,0.467741935483871,218.70236401815632,0.0,0.82,0.09,follow,0
1786356797.626725,17.871160223483265,0.45564516129032256,223.0,0.0,0.82,0.09,follow,0
1786356797.6864505,17.986220958243262,0.4616935483870968,217.95110565110713,0.0,0.82,0.09,follow,0
1786356797.7423062,17.738290569220812,0.45564516129032256,223.0,0.0,0.82,0.09,follow,0
1786356797.7970128,17.706877145495852,0.45564516129032256,209.45845110771572,0.0,0.6599999999999999,0.09,follow,0
1786356797.8502996,17.891017972833403,0.467741935483871,207.4186987739625,0.0,0.7988849852295151,0.09,follow,0
1786356797.9073803,17.955956378383966,0.28648617511520735,223.0,0.0,0.82,0.09,follow,0
1786356797.9607084,17.94943403286273,0.45564516129032256,213.97154316271957,0.0,0.7831210657542177,0.09,follow,0
1786356798.0182347,18.11656806513203,0.45564516129032256,218.91684491978555,0.0,0.82,0.09,follow,0
1786356798.074275,17.932060080540648,0.45564516129032256,215.45944423223722,0.0,0.82,0.09,follow,0
1786356798.1316826,17.97223659407114,0.29753456221198155,210.59395604427425,0.0,0.82,0.09,follow,0
1786356798.186912,17.874005250864787,0.45564516129032256,216.89268525592047,0.0,0.82,0.09,follow,0
1786356798.2431586,17.91939905945951,0.45564516129032256,205.4981474407943,0.0,0.6599999999999999,0.09,follow,0
1786356798.3028843,17.859825639857597,0.45564516129032256,207.28800611153548,0.0,0.82,0.09,follow,0
1786356798.3623,17.58509892136822,0.45564516129032256,223.0,0.0,0.82,0.09,follow,0
1786356798.4142828,17.50758396535938,0.3014400921658986,223.0,0.0,0.82,0.09,follow,0
1786356798.467124,17.86811669439775,0.3050115207373272,223.0,0.0,0.82,0.09,follow,0
1786356798.5196893,18.076927515602804,0.3207258064516129,223.0,0.0,0.82,0.09,follow,0
1786356798.5792167,18.126426311644067,0.298963133640553,219.85164835187163,0.0,0.82,0.09,follow,0
1786356798.6352293,17.97543825926723,0.45564516129032256,222.85921504965566,0.0,0.82,0.09,follow,0
1786356798.6881063,17.932472823725142,0.30358294930875573,223.0,0.0,0.82,0.09,follow,0
1786356798.740751,18.073027717438446,0.29253456221198154,223.0,0.0,0.82,0.09,follow,0
1786356798.8009274,18.219446677041113,0.4616935483870968,207.81343161342932,0.0,0.6599999999999999,0.09,follow,0
1786356798.8532727,17.99042974606416,0.28934331797235024,223.0,0.0,0.82,0.09,follow,0
1786356798.9051802,18.18592862488694,0.3121543778801843,223.0,0.0,0.82,0.09,follow,0
1786356798.9603226,18.435352767180042,0.45564516129032256,217.93655462184898,0.0,0.82,0.09,follow,0
1786356799.0170283,18.37454538849468,0.3178686635944701,223.0,0.0,0.82,0.09,follow,0
1786356799.0719583,18.15293690385772,0.4616935483870968,213.0800397800392,0.0,0.7638539532887301,0.09,follow,0
1786356799.1265998,18.232542009929603,0.3160599078341014,223.0,0.0,0.82,0.09,follow,0
1786356799.182986,18.19081613781287,0.45564516129032256,223.0,0.0,0.82,0.09,follow,0
1786356799.2434723,18.164083883788248,0.4616935483870968,212.1671463671455,0.0,0.7291938283803585,0.09,follow,0
1786356799.299465,17.81628030516548,0.4616935483870968,212.91618111617998,0.0,0.82,0.09,follow,0
1786356799.3525448,17.846983280633964,0.3042972350230415,223.0,0.0,0.82,0.09,follow,0
1786356799.4077375,18.021420623469808,0.4616935483870968,212.2855153855154,0.0,0.7253311997238189,0.09,follow,0
1786356799.4627395,18.04047069125673,0.3103917050691244,223.0,0.0,0.82,0.09,follow,0
1786356799.517052,18.09169723714351,0.29539170506912443,223.0,0.0,0.82,0.09,follow,0
1786356799.5699728,18.151811294325018,0.3064400921658986,223.0,0.0,0.82,0.09,follow,0
1786356799.6237547,18.306508025976623,0.45564516129032256,215.79804239877768,0.0,0.82,0.09,follow,0
1786356799.6891298,18.34868578967873,0.4616935483870968,219.46829296829452,0.0,0.82,0.09,follow,0
1786356799.7459633,17.69333837886616,0.45564516129032256,221.87135217723414,0.0,0.82,0.09,follow,0
1786356799.8036857,17.73155613264159,0.4616935483870968,218.11494091494205,0.0,0.82,0.09,follow,0
1786356799.8587472,17.598584356112706,0.3057258064516129,223.0,0.0,0.82,0.09,follow,0
1786356799.9179702,17.77673684104486,0.4616935483870968,221.37380367380587,0.0,0.82,0.09,follow,0
1786356799.9764657,17.49248064682663,0.45564516129032256,220.2171600458363,0.0,0.82,0.09,follow,0
1786356800.0334215,17.517527634607568,0.4616935483870968,204.38574938574567,0.0,0.6599999999999999,0.09,follow,0
1786356800.0880072,17.474829793055754,0.45564516129032256,223.0,0.0,0.82,0.09,follow,0
1786356800.1457293,17.701090934328487,0.29148617511520736,223.0,0.0,0.82,0.09,follow,0
1786356800.1981478,17.64365608687563,0.32996543778801846,223.0,0.0,0.82,0.09,follow,0
1786356800.2541814,17.934459789192392,0.45564516129032256,205.90250190985432,0.0,0.6599999999999999,0.09,follow,0
1786356800.308651,17.9152675832494,0.4616935483870968,216.0983385983397,0.0,0.82,0.09,follow,0
1786356800.3637025,17.97026496476792,0.2968202764976958,223.0,0.0,0.82,0.09,follow,0
1786356800.4181302,18.03197909063246,0.45564516129032256,220.4921886936587,0.0,0.82,0.09,follow,0
1786356800.470364,18.11545746441591,0.2918202764976959,223.0,0.0,0.82,0.09,follow,0
1786356800.5225894,18.31926287254243,0.3103917050691244,195.0,0.0,0.6599999999999999,0.09,follow,0
1786356800.5803785,18.391863599793222,0.4616935483870968,212.72840762840656,0.0,0.82,0.09,follow,0
1786356800.6336353,18.224568910287694,0.45564516129032256,213.03950534759292,0.0,0.82,0.09,follow,0
1786356800.6891363,18.366546885696753,0.4616935483870968,217.40217620217834,0.0,0.82,0.09,follow,0
1786356800.7445555,18.161293608051984,0.4495967741935484,223.0,0.0,0.82,0.09,follow,0
1786356800.8043551,18.163724781071846,0.45564516129032256,215.5413961038963,0.0,0.82,0.09,follow,0
1786356800.860916,17.91502024018645,0.4616935483870968,200.94747864747677,0.0,0.6599999999999999,0.09,follow,0
1786356800.9154606,17.910064792408154,0.29324884792626726,223.0,0.0,0.82,0.09,follow,0
1786356800.9750996,17.966743902420223,0.45564516129032256,207.11363636363626,0.0,0.6599999999999999,0.09,follow,0
1786356801.035755,17.75273901086502,0.45564516129032256,223.0,0.0,0.82,0.09,follow,0
1786356801.095187,17.505724142208738,0.30039170506912444,202.6340659342793,0.0,0.82,0.09,follow,0
1786356801.1484249,17.385729378516967,0.4495967741935484,223.0,0.0,0.82,0.09,follow,0
1786356801.19864,17.66840384811993,0.2996774193548387,223.0,0.0,0.82,0.09,follow,0
1786356801.2540116,18.077895341625393,0.30253456221198155,223.0,0.0,0.82,0.09,follow,0
1786356801.3070197,18.100680811672202,0.2936290322580645,223.0,0.0,0.82,0.09,follow,0
1786356801.3659863,18.100200349899243,0.4616935483870968,206.00259740259565,0.0,0.6599999999999999,0.09,follow,0
1786356801.4210446,18.00154494467257,0.4616935483870968,221.8523341523347,0.0,0.82,0.09,follow,0
1786356801.4797504,17.94429908019746,0.2996774193548387,223.0,0.0,0.82,0.09,follow,0
1786356801.5316336,17.82482393922393,0.29610599078341016,223.0,0.0,0.82,0.09,follow,0
1786356801.5855138,18.114159431773178,0.2996774193548387,197.80000000017776,0.0,0.7011769327459043,0.09,follow,0
1786356801.6366193,18.234577576675047,0.29253456221198154,223.0,0.0,0.82,0.09,follow,0
1786356801.6951945,18.399174609225526,0.45564516129032256,214.5150114591286,0.0,0.7901977035956891,0.09,follow,0
1786356801.7516234,18.103997578077454,0.4616935483870968,220.5928629928652,0.0,0.82,0.09,follow,0
1786356801.8049817,18.138933908271937,0.45564516129032256,214.60348548510254,0.0,0.82,0.09,follow,0
1786356801.8588624,18.276180150599377,0.45564516129032256,217.26807677616495,0.0,0.82,0.09,follow,0
1786356801.919037,18.307336185593627,0.29039170506912443,223.0,0.0,0.82,0.09,follow,0
1786356801.970741,17.983502934534354,0.30215437788018434,223.0,0.0,0.82,0.09,follow,0
1786356802.0277424,18.24211270411184,0.45564516129032256,222.6439075630248,0.0,0.82,0.09,follow,0
1786356802.086636,18.079040417124094,0.45564516129032256,212.6145148968677,0.0,0.7540807947939032,0.09,follow,0
1786356802.1473513,17.891458334207,0.45564516129032256,203.09309587471307,0.0,0.6268057598636969,0.09,follow,0
1786356802.2008848,17.511485221798207,0.29786866359447006,223.0,0.0,0.7868057598636969,0.09,follow,0
1786356802.2549067,17.77028644970264,0.2896774193548387,223.0,0.0,0.82,0.09,follow,0
1786356802.3089874,18.02988806507874,0.30253456221198155,223.0,0.0,0.82,0.09,follow,0
1786356802.3645866,18.093456256581263,0.30715437788018435,223.0,0.0,0.82,0.09,follow,0
1786356802.4161134,18.085931041303695,0.31358294930875574,223.0,0.0,0.82,0.09,follow,0
1786356802.4736147,18.327891014264726,0.45564516129032256,209.99372612681398,0.0,0.6599999999999999,0.09,follow,0
1786356802.5285983,18.165868929598858,0.45564516129032256,223.0,0.0,0.82,0.09,follow,0
1786356802.5841763,18.145797952646447,0.2918202764976959,223.0,0.0,0.82,0.09,follow,0
1786356802.6418436,18.143497517298506,0.45564516129032256,223.0,0.0,0.82,0.09,follow,0
1786356802.7008417,17.956251076569853,0.31320276497695854,223.0,0.0,0.82,0.09,follow,0
1786356802.7605891,17.772013744165164,0.45564516129032256,212.06820091673,0.0,0.7343183884034576,0.09,follow,0
1786356802.8148618,17.562280360825287,0.30110599078341016,223.0,0.0,0.82,0.09,follow,0
1786356802.86631,17.739904149160665,0.29786866359447006,223.0,0.0,0.82,0.09,follow,0
1786356802.9205248,18.09059246373007,0.4616935483870968,208.84128934128816,0.0,0.6599999999999999,0.09,follow,0
1786356802.9760752,18.13029578670934,0.4495967741935484,209.42363352965754,0.0,0.82,0.09,follow,0
1786356803.0367565,18.015439790197856,0.45564516129032256,208.55270244461423,0.0,0.82,0.09,follow,0
1786356803.0893958,17.781300852372855,0.29110599078341015,186.64052197822718,0.0,0.7135604532452616,0.09,follow,0
1786356803.1434116,18.05881887079029,0.30358294930875573,214.64052197822718,0.0,0.82,0.09,follow,0
1786356803.1954098,18.090003527946607,0.298963133640553,204.90961538489717,0.0,0.82,0.09,follow,0
1786356803.2538047,18.38857827681472,0.4616935483870968,211.93790803790827,0.0,0.82,0.09,follow,0
1786356803.3073242,18.12959316577122,0.2996774193548387,203.2112637364529,0.0,0.82,0.09,follow,0
1786356803.361319,18.2264746150781,0.45564516129032256,211.35947288006122,0.0,0.82,0.09,follow,0
1786356803.4162366,18.30919530446572,0.45564516129032256,223.0,0.0,0.82,0.09,follow,0
1786356803.4750252,18.284531829782825,0.4616935483870968,212.458593658593,0.0,0.7365870929994228,0.09,follow,0
1786356803.5296435,17.97427998811174,0.4616935483870968,223.0,0.0,0.82,0.09,follow,0
1786356803.5842595,18.072733626625272,0.45564516129032256,209.21223262031998,0.0,0.6599999999999999,0.09,follow,0
1786356803.6400437,18.093558147366817,0.45564516129032256,211.94251336898412,0.0,0.82,0.09,follow,0
1786356803.7080677,18.033542836538203,0.45564516129032256,211.47987967914463,0.0,0.82,0.09,follow,0
1786356803.7649977,17.312017313604287,0.2942972350230415,223.0,0.0,0.82,0.09,follow,0
1786356803.8178308,17.507341543050266,0.2896774193548387,223.0,0.0,0.82,0.09,follow,0
1786356803.878031,17.815774768501893,0.29253456221198154,223.0,0.0,0.82,0.09,follow,0
1786356803.9405034,17.491842814659968,0.45564516129032256,208.1901546982432,0.0,0.6599999999999999,0.09,follow,0
1786356803.9945183,17.256606994587663,0.4616935483870968,223.0,0.0,0.82,0.09,follow,0
1786356804.0504982,17.479135729207446,0.45564516129032256,207.50449770817468,0.0,0.6599999999999999,0.09,follow,0
1786356804.1101117,17.508647130474788,0.45564516129032256,212.5184587471351,0.0,0.82,0.09,follow,0
1786356804.1685793,17.44505213684313,0.4616935483870968,215.0152919152929,0.0,0.82,0.09,follow,0
1786356804.2235346,17.37774556334857,0.4616935483870968,223.0,0.0,0.82,0.09,follow,0
1786356804.2789478,17.529120719829887,0.2992972350230415,223.0,0.0,0.82,0.09,follow,0
1786356804.3292723,17.631439288112606,0.2896774193548387,223.0,0.0,0.82,0.09,follow,0
1786356804.3872476,18.082179875529075,0.31105990783410137,223.0,0.0,0.82,0.09,follow,0
1786356804.4405527,17.876067040640937,0.45564516129032256,219.14881588999162,0.0,0.82,0.09,follow,0
1786356804.4971867,18.01761086296729,0.4616935483870968,223.0,0.0,0.82,0.09,follow,0
1786356804.551915,17.92455358809103,0.29324884792626726,195.0,0.0,0.672977602071065,0.09,follow,0
1786356804.610852,18.121562985280068,0.308963133640553,206.60673076939452,0.0,0.82,0.09,follow,0
1786356804.6667106,17.878826240780615,0.4616935483870968,223.0,0.0,0.82,0.09,follow,0
1786356804.7228436,17.86432508046246,0.45564516129032256,205.10302711993936,0.0,0.6599999999999999,0.09,follow,0
1786356804.7749832,17.87489127464299,0.2996774193548387,223.0,0.0,0.82,0.09,follow,0
1786356804.8338792,18.11316291912241,0.4616935483870968,210.4438984438979,0.0,0.6645358240737425,0.09,follow,0
1786356804.889717,17.880707503707853,0.45564516129032256,203.84314362108447,0.0,0.6807812659009116,0.09,follow,0
1786356804.942926,17.91836246607966,0.2918202764976959,223.0,0.0,0.82,0.09,follow,0
1786356804.9985335,18.101676894321315,0.45564516129032256,202.95233002291826,0.0,0.6599999999999999,0.09,follow,0
1786356805.0570369,17.966381788380954,0.3210599078341014,223.0,0.0,0.82,0.09,follow,0
1786356805.1121395,17.89209242415734,0.2922004608294931,223.0,0.0,0.82,0.09,follow,0
1786356805.168358,17.914437351585686,0.4616935483870968,213.7731484731485,0.0,0.7757801066863484,0.09,follow,0
1786356805.2251816,17.896745408587588,0.45564516129032256,223.0,0.0,0.82,0.09,follow,0
1786356805.286071,17.84858978635664,0.30110599078341016,223.0,0.0,0.82,0.09,follow,0
1786356805.3391473,17.574169138299816,0.3007258064516129,223.0,0.0,0.82,0.09,follow,0
1786356805.3917418,17.798867052462512,0.3007258064516129,223.0,0.0,0.82,0.09,follow,0
1786356805.443996,18.006102771262128,0.29753456221198155,195.0,0.0,0.6599999999999999,0.09,follow,0
1786356805.5036764,18.303899691862348,0.298963133640553,223.0,0.0,0.82,0.09,follow,0
1786356805.5600865,17.89044022699573,0.45564516129032256,217.58852177234485,0.0,0.82,0.09,follow,0
1786356805.6119528,17.981000523709145,0.28434331797235024,223.0,0.0,0.82,0.09,follow,0
1786356805.664279,18.2075446616214,0.30286866359447007,223.0,0.0,0.82,0.09,follow,0
1786356805.7233024,18.324531197503227,0.2946774193548387,195.0,0.0,0.6599999999999999,0.09,follow,0
1786356805.776871,18.127662234650746,0.2857718894009217,223.0,0.0,0.82,0.09,follow,0
1786356805.8338883,18.13897130500825,0.45564516129032256,213.50499427043553,0.0,0.7673820670194993,0.09,follow,0
1786356805.8882742,18.10810539669494,0.2872004608294931,223.0,0.0,0.82,0.09,follow,0
1786356805.9477818,18.15714918234359,0.45564516129032256,202.02527692895282,0.0,0.6599999999999999,0.09,follow,0
1786356806.0053508,17.885930221909952,0.45564516129032256,223.0,0.0,0.82,0.09,follow,0
1786356806.0579672,17.77866179617179,0.29253456221198154,223.0,0.0,0.82,0.09,follow,0
1786356806.114227,18.02475487584229,0.45564516129032256,219.04952253628625,0.0,0.82,0.09,follow,0
1786356806.1716537,17.96856457315134,0.4495967741935484,221.42822642253225,0.0,0.82,0.09,follow,0
1786356806.2272396,17.850073310810295,0.293963133640553,223.0,0.0,0.82,0.09,follow,0
1786356806.2816393,17.871291845001732,0.4616935483870968,219.5510822510841,0.0,0.82,0.09,follow,0
1786356806.334543,17.968442311809106,0.3024884792626728,223.0,0.0,0.82,0.09,follow,0
1786356806.389875,18.15182677499247,0.29110599078341015,223.0,0.0,0.82,0.09,follow,0
1786356806.4426928,18.16705231212925,0.30715437788018435,223.0,0.0,0.82,0.09,follow,0
1786356806.4982004,18.248442971332352,0.4616935483870968,222.05874575874708,0.0,0.82,0.09,follow,0
1786356806.5519795,18.133735025594472,0.2872004608294931,223.0,0.0,0.82,0.09,follow,0
1786356806.6149807,18.387882514669634,0.4616935483870968,210.68432198432149,0.0,0.6660402220552006,0.09,follow,0
1786356806.6699624,17.862393524990196,0.29715437788018434,223.0,0.0,0.82,0.09,follow,0
1786356806.7266095,17.83678083759977,0.45564516129032256,218.02533422459908,0.0,0.82,0.09,follow,0
1786356806.7821116,17.873625272123537,0.45564516129032256,223.0,0.0,0.82,0.09,follow,0
1786356806.8394802,17.946659054784387,0.3100115207373272,223.0,0.0,0.82,0.09,follow,0
1786356806.9066648,17.84583759950968,0.3207258064516129,223.0,0.0,0.82,0.09,follow,0
1786356806.9671812,17.202608092858938,0.4616935483870968,208.29565929565814,0.0,0.6599999999999999,0.09,follow,0
1786356807.0264094,17.107399820762232,0.3210599078341014,223.0,0.0,0.82,0.09,follow,0
1786356807.0845494,17.060924256745576,0.29501152073732717,223.0,0.0,0.82,0.09,follow,0
1786356807.141358,17.112428384908437,0.31358294930875574,223.0,0.0,0.82,0.09,follow,0
1786356807.1999774,17.144423890201256,0.45564516129032256,216.78657372039692,0.0,0.82,0.09,follow,0
1786356807.2549486,17.127368227349844,0.45564516129032256,217.18703208556184,0.0,0.82,0.09,follow,0
1786356807.3116653,17.41802592344877,0.45564516129032256,212.9850553857903,0.0,0.82,0.09,follow,0
1786356807.3652163,17.372900017683172,0.4616935483870968,217.06871416871473,0.0,0.82,0.09,follow,0
1786356807.421981,17.6962873686201,0.4616935483870968,223.0,0.0,0.82,0.09,follow,0
1786356807.4747522,17.618732927107352,0.2857718894009217,223.0,0.0,0.82,0.09,follow,0
1786356807.5335443,17.99605972395222,0.45564516129032256,217.90850840336083,0.0,0.82,0.09,follow,0
1786356807.586771,17.747953309717495,0.45564516129032256,215.13685064935015,0.0,0.82,0.09,follow,0
1786356807.641233,18.001931734430325,0.45564516129032256,206.9495129870133,0.0,0.6888812046247983,0.09,follow,0
1786356807.6972601,18.03769118574839,0.4495967741935484,223.0,0.0,0.82,0.09,follow,0
1786356807.753821,18.04586521428898,0.29539170506912443,195.0,0.0,0.6599999999999999,0.09,follow,0
1786356807.8079796,17.971122890138258,0.45564516129032256,213.96600458365134,0.0,0.82,0.09,follow,0
1786356807.8589473,18.042653775800407,0.29110599078341015,223.0,0.0,0.82,0.09,follow,0
1786356807.9168704,18.38456082783253,0.4616935483870968,213.21423891423782,0.0,0.7438952705128551,0.09,follow,0
1786356807.976345,18.143251415103464,0.45564516129032256,210.46664438502674,0.0,0.82,0.09,follow,0
1786356808.0347173,17.880151533189675,0.2996774193548387,223.0,0.0,0.82,0.09,follow,0
1786356808.0939965,17.64876145062803,0.4616935483870968,215.93690183690376,0.0,0.82,0.09,follow,0
1786356808.1504977,17.56591166959646,0.4616935483870968,203.42160992160947,0.0,0.6599999999999999,0.09,follow,0
1786356808.2052321,17.60314042455607,0.29824884792626727,223.0,0.0,0.82,0.09,follow,0
1786356808.2621891,17.763850618028933,0.4495967741935484,220.96900182360264,0.0,0.82,0.09,follow,0
1786356808.315396,17.72191131094709,0.29824884792626727,223.0,0.0,0.82,0.09,follow,0
1786356808.3705516,17.881072814176893,0.4616935483870968,223.0,0.0,0.82,0.09,follow,0
1786356808.4268844,17.967973485097456,0.2918202764976959,223.0,0.0,0.82,0.09,follow,0
1786356808.4819076,17.911668158601174,0.31358294930875574,223.0,0.0,0.82,0.09,follow,0
1786356808.5384119,17.884377081911957,0.45564516129032256,208.0748185637887,0.0,0.6599999999999999,0.09,follow,0
1786356808.5921574,17.954051507875775,0.45564516129032256,219.91651069518718,0.0,0.82,0.09,follow,0
1786356808.6502275,17.983637512664437,0.29253456221198154,223.0,0.0,0.82,0.09,follow,0
1786356808.706872,17.915536717602716,0.4616935483870968,213.1739908739902,0.0,0.7618986054346287,0.09,follow,0
1786356808.7610877,17.875312744418782,0.30539170506912444,223.0,0.0,0.82,0.09,follow,0
1786356808.8151262,17.916725257448256,0.30253456221198155,195.0,0.0,0.6599999999999999,0.09,follow,0
1786356808.8728397,18.067606088963412,0.45564516129032256,221.61987203972427,0.0,0.82,0.09,follow,0
1786356808.9277267,17.95319691899944,0.4616935483870968,214.90002340002303,0.0,0.82,0.09,follow,0
1786356808.9836016,18.000973833815955,0.4616935483870968,223.0,0.0,0.82,0.09,follow,0
1786356809.0365036,17.988160595949125,0.29753456221198155,195.0,0.0,0.6599999999999999,0.09,follow,0
1786356809.0942957,18.171338939285782,0.45564516129032256,208.6788197097022,0.0,0.82,0.09,follow,0
1786356809.147577,17.97507018238405,0.30286866359447007,223.0,0.0,0.82,0.09,follow,0
1786356809.202369,18.157099326515745,0.3107258064516129,223.0,0.0,0.82,0.09,follow,0
1786356809.2562943,18.177014434005404,0.29253456221198154,223.0,0.0,0.82,0.09,follow,0
1786356809.3114057,18.176463217491637,0.2946774193548387,195.0,0.0,0.6599999999999999,0.09,follow,0
1786356809.3671892,18.156664919521347,0.4616935483870968,222.2240552240567,0.0,0.82,0.09,follow,0
1786356809.4230168,18.06081706065085,0.2886290322580645,223.0,0.0,0.82,0.09,follow,0
1786356809.4751673,18.16065381009979,0.2946774193548387,195.0,0.0,0.6599999999999999,0.09,follow,0
1786356809.5316534,18.345950532235005,0.28934331797235024,214.3216783217232,0.0,0.82,0.09,follow,0
1786356809.5869164,18.241045914529515,0.45564516129032256,218.0106474407947,0.0,0.82,0.09,follow,0
1786356809.6407268,18.200962454351714,0.29824884792626727,223.0,0.0,0.82,0.09,follow,0
1786356809.693282,18.290255601414678,0.30215437788018434,223.0,0.0,0.82,0.09,follow,0
1786356809.7500343,18.385912581771144,0.45564516129032256,215.49809014514796,0.0,0.82,0.09,follow,0
1786356809.8048635,18.266542760507143,0.45564516129032256,207.47874331550747,0.0,0.7065025436896755,0.09,follow,0
1786356809.8584414,18.201715370484806,0.29324884792626726,179.47874331550747,0.0,0.5465025436896754,0.09,follow,0
1786356809.912094,18.301046122064573,0.3057258064516129,207.47874331550747,0.0,0.7065025436896755,0.09,follow,0
1786356809.971175,18.441217425982003,0.4616935483870968,218.22652392652418,0.0,0.82,0.09,follow,0
1786356810.0246804,18.112996662569543,0.3042972350230415,223.0,0.0,0.82,0.09,follow,0
1786356810.082978,18.220205407952836,0.45564516129032256,218.89473834988462,0.0,0.82,0.09,follow,0
1786356810.135831,18.018077041357976,0.28434331797235024,223.0,0.0,0.82,0.09,follow,0
1786356810.1929908,18.186103218188748,0.2879147465437788,223.0,0.0,0.82,0.09,follow,0
1786356810.2481692,17.80193623636694,0.2918202764976959,223.0,0.0,0.82,0.09,follow,0
1786356810.3019192,18.211562760377937,0.3200115207373272,223.0,0.0,0.82,0.09,follow,0
1786356810.3559601,18.293852240214346,0.3014400921658986,223.0,0.0,0.82,0.09,follow,0
1786356810.4178874,18.297819671865938,0.45564516129032256,218.62003437738696,0.0,0.82,0.09,follow,0
1786356810.4707654,17.88987146943301,0.2829147465437788,223.0,0.0,0.82,0.09,follow,0
1786356810.5238614,18.074406885386665,0.4616935483870968,214.51110331110448,0.0,0.7920882187368299,0.09,follow,0
1786356810.5772896,18.223111984976157,0.313963133640553,223.0,0.0,0.82,0.09,follow,0
1786356810.6350954,18.351450460089595,0.4616935483870968,209.9815139815135,0.0,0.6599999999999999,0.09,follow,0
1786356810.6879678,18.110822448768623,0.29610599078341016,223.0,0.0,0.82,0.09,follow,0
1786356810.7412164,18.28116374764627,0.293963133640553,223.0,0.0,0.82,0.09,follow,0
1786356810.8002038,18.40801365395264,0.4616935483870968,211.3846144846133,0.0,0.6958639165654784,0.09,follow,0
1786356810.8551867,18.02833606936052,0.29253456221198154,223.0,0.0,0.82,0.09,follow,0
1786356810.9101326,18.170515038619218,0.4616935483870968,217.11240201240312,0.0,0.82,0.09,follow,0
1786356810.9639776,18.151429906853664,0.4616935483870968,204.45764595764302,0.0,0.6599999999999999,0.09,follow,0
1786356811.0215237,18.19979127212152,0.4616935483870968,215.80568620568442,0.0,0.82,0.09,follow,0
1786356811.0798137,18.06108585347022,0.4616935483870968,210.5116064116041,0.0,0.7969632084414721,0.09,follow,0
1786356811.1298118,17.884413068905296,0.29753456221198155,223.0,0.0,0.82,0.09,follow,0
1786356811.1824696,18.30174762761341,0.31034562211981565,223.0,0.0,0.82,0.09,follow,0
1786356811.237846,18.43816001844736,0.45564516129032256,218.07489495798308,0.0,0.82,0.09,follow,0
1786356811.2950265,18.377719473209382,0.45564516129032256,223.0,0.0,0.82,0.09,follow,0
1786356811.3508859,18.169455061410456,0.45564516129032256,223.0,0.0,0.82,0.09,follow,0
1786356811.406175,18.151000618361984,0.4616935483870968,208.46092196092047,0.0,0.6599999999999999,0.09,follow,0
1786356811.4567826,18.137479925846428,0.303963133640553,223.0,0.0,0.82,0.09,follow,0
1786356811.5116313,18.447337960822427,0.3107258064516129,223.0,0.0,0.82,0.09,follow,0
1786356811.56443,18.40160016911453,0.29753456221198155,223.0,0.0,0.82,0.09,follow,0
1786356811.6209357,18.53349275284634,0.45564516129032256,200.73386172650848,0.0,0.6599999999999999,0.09,follow,0
1786356811.675689,18.341342878628243,0.4616935483870968,211.6471510471504,0.0,0.82,0.09,follow,0
1786356811.7326384,18.335165997770716,0.4616935483870968,216.60417690417808,0.0,0.82,0.09,follow,0
1786356811.7886171,18.18134703336276,0.45564516129032256,215.5527024446143,0.0,0.82,0.09,follow,0
1786356811.8455021,18.107078408907352,0.45564516129032256,206.57892475171923,0.0,0.6809120902732196,0.09,follow,0
1786356811.9007506,18.032823650482626,0.45564516129032256,221.6665584415578,0.0,0.82,0.09,follow,0
1786356811.9582217,18.039541955903346,0.45564516129032256,220.7338235294109,0.0,0.82,0.09,follow,0
1786356812.0110152,17.879000213469038,0.29539170506912443,223.0,0.0,0.82,0.09,follow,0
1786356812.063548,18.123175870445287,0.3007258064516129,223.0,0.0,0.82,0.09,follow,0
1786356812.115878,18.23908516101177,0.29824884792626727,223.0,0.0,0.82,0.09,follow,0
1786356812.1799734,18.300550318138555,0.45564516129032256,207.64484339190162,0.0,0.6599999999999999,0.09,follow,0
1786356812.2364967,17.843553116522678,0.45564516129032256,205.82049274255084,0.0,0.7852740104634385,0.09,follow,0
1786356812.2898593,17.874218742910408,0.4616935483870968,217.70200070200303,0.0,0.82,0.09,follow,0
1786356812.3429875,18.044129038557656,0.2918202764976959,189.70200070200303,0.0,0.6599999999999999,0.09,follow,0
1786356812.4085093,18.21371787719778,0.4495967741935484,213.6477534562209,0.0,0.82,0.09,follow,0
1786356812.4614685,17.6221595980162,0.30039170506912444,223.0,0.0,0.82,0.09,follow,0
1786356812.5166552,17.86469622363202,0.4616935483870968,211.50585000584897,0.0,0.7013446565593942,0.09,follow,0
1786356812.5708933,17.854098081854083,0.30858294930875574,223.0,0.0,0.82,0.09,follow,0
1786356812.627881,18.048621674195843,0.4616935483870968,209.30023400023464,0.0,0.6599999999999999,0.09,follow,0
1786356812.6812625,17.922821494301385,0.29824884792626727,223.0,0.0,0.82,0.09,follow,0
1786356812.735155,17.99645535277761,0.0,30.586813186978418,0.0,0.82,0.05499999999999999,slow:lane_dropout,0
1786356812.791464,18.230261273248928,0.4616935483870968,214.59762489762628,0.0,0.7928429300699522,0.063,follow,0
1786356812.8474083,18.101858198985234,0.29110599078341015,223.0,0.0,0.82,0.07100000000000001,follow,0
1786356812.902657,18.060966019108548,0.4616935483870968,213.04241254241205,0.0,0.7584479069791784,0.07900000000000001,follow,0
1786356812.958352,18.086482536469408,0.45564516129032256,220.69651451489568,0.0,0.82,0.08700000000000002,follow,0
1786356813.0150895,17.984603516598224,0.45564516129032256,206.89561688311667,0.0,0.6599999999999999,0.09,follow,0
1786356813.07095,18.001016832435504,0.30039170506912444,223.0,0.0,0.82,0.09,follow,0
1786356813.125778,17.968818218233586,0.45564516129032256,223.0,0.0,0.82,0.09,follow,0
1786356813.1774387,18.007289680393338,0.2968202764976958,223.0,0.0,0.82,0.09,follow,0
1786356813.2312129,18.21843424853518,0.29610599078341016,223.0,0.0,0.82,0.09,follow,0
1786356813.29006,18.359489295165346,0.45564516129032256,210.9027119938882,0.0,0.6796496624053066,0.09,follow,0
1786356813.345472,18.06196115448948,0.4616935483870968,216.44892944892862,0.0,0.82,0.09,follow,0
1786356813.3995047,18.07683241533522,0.4616935483870968,204.58288288288026,0.0,0.6599999999999999,0.09,follow,0
1786356813.4550188,18.17069074843931,0.4616935483870968,214.43801333801346,0.0,0.82,0.09,follow,0
1786356813.5159972,18.161627948186407,0.45564516129032256,212.86773300229245,0.0,0.82,0.09,follow,0
1786356813.572671,17.78568302076303,0.29324884792626726,223.0,0.0,0.82,0.09,follow,0
1786356813.6264498,17.76554908834591,0.3157258064516129,223.0,0.0,0.82,0.09,follow,0
1786356813.682639,17.804438387185098,0.4616935483870968,223.0,0.0,0.82,0.09,follow,0
1786356813.7389452,17.93342496976412,0.28505760368663596,223.0,0.0,0.82,0.09,follow,0
1786356813.7946506,17.898816264780212,0.29858294930875573,223.0,0.0,0.82,0.09,follow,0
1786356813.8507147,17.914546671678423,0.4616935483870968,207.28464958465023,0.0,0.6599999999999999,0.09,follow,0
1786356813.9069648,17.88541644561233,0.45564516129032256,208.0163101604285,0.0,0.82,0.09,follow,0
1786356813.9615405,17.869864803825514,0.28505760368663596,223.0,0.0,0.82,0.09,follow,0
1786356814.012306,17.972017591831534,0.29753456221198155,223.0,0.0,0.82,0.09,follow,0
1786356814.0699599,18.246820128471427,0.467741935483871,223.0,0.0,0.82,0.09,follow,0
1786356814.1236393,18.117598029208438,0.4616935483870968,207.08003978003796,0.0,0.6599999999999999,0.09,follow,0
1786356814.1854825,18.202740814778725,0.45564516129032256,211.95680863254415,0.0,0.82,0.09,follow,0
1786356814.2381656,17.80783057931985,0.29753456221198155,223.0,0.0,0.82,0.09,follow,0
1786356814.2890623,18.02503976661067,0.2836290322580645,223.0,0.0,0.82,0.09,follow,0
1786356814.3434796,18.33893758258684,0.4616935483870968,219.17289107289366,0.0,0.82,0.09,follow,0
1786356814.4020967,18.35962426478205,0.4616935483870968,204.9567099567081,0.0,0.6599999999999999,0.09,follow,0
1786356814.4582045,18.11865468773656,0.45564516129032256,199.12610771581336,0.0,0.6253640899682875,0.09,follow,0
1786356814.5138493,18.05931513101563,0.4495967741935484,205.8653013258098,0.0,0.7853640899682875,0.09,follow,0
1786356814.566197,18.01089081024619,0.3007258064516129,223.0,0.0,0.82,0.09,follow,0
1786356814.628221,18.171933997333277,0.4495967741935484,211.11536755464613,0.0,0.6873035656227274,0.09,follow,0
1786356814.68134,17.823119804956647,0.2996774193548387,183.11536755464613,0.0,0.6034653718840541,0.09,follow,0
1786356814.7368581,18.029641103342364,0.45564516129032256,211.11536755464613,0.0,0.7634653718840542,0.09,follow,0
1786356814.7891505,18.034634425431666,0.31534562211981565,223.0,0.0,0.82,0.09,follow,0
1786356814.848325,18.247721253008635,0.4616935483870968,214.94731484731602,0.0,0.8050805986257897,0.09,follow,0
1786356814.9063091,17.962344500814115,0.2968202764976958,223.0,0.0,0.82,0.09,follow,0
1786356814.965202,17.787291840548658,0.4616935483870968,211.32702702702676,0.0,0.7127567052421673,0.09,follow,0
1786356815.0206897,17.67174002708623,0.45564516129032256,210.96986249045074,0.0,0.82,0.09,follow,0
1786356815.0770702,17.715413993000343,0.45564516129032256,210.4179717341471,0.0,0.82,0.09,follow,0
1786356815.1333718,17.71995741128378,0.4616935483870968,206.97431847431844,0.0,0.7739439688463552,0.09,follow,0
1786356815.1903424,17.7189441323144,0.45564516129032256,214.22222116119096,0.0,0.82,0.09,follow,0
1786356815.24605,17.654795323235003,0.3046774193548387,186.22222116119096,0.0,0.6599999999999999,0.09,follow,0
1786356815.305753,17.780877738338923,0.45564516129032256,214.22222116119096,0.0,0.82,0.09,follow,0
1786356815.3627698,17.50673920007805,0.45564516129032256,207.74351604278075,0.0,0.7441916671910879,0.09,follow,0
1786356815.4164474,17.559029088459553,0.28934331797235024,223.0,0.0,0.82,0.09,follow,0
1786356815.4693449,17.739261637322933,0.28505760368663596,223.0,0.0,0.82,0.09,follow,0
1786356815.5263894,18.049923460844155,0.38306451612903225,223.0,0.0,0.82,0.09,follow,0
1786356815.5789232,17.918151003785688,0.30358294930875573,223.0,0.0,0.82,0.09,follow,0
1786356815.6350248,18.035284044726637,0.45564516129032256,223.0,0.0,0.82,0.09,follow,0
1786356815.6920266,18.10256252186548,0.4616935483870968,218.3310869310877,0.0,0.82,0.09,follow,0
1786356815.7493713,18.009901994334403,0.4616935483870968,217.15564525564554,0.0,0.82,0.09,follow,0
1786356815.805035,17.801862281238193,0.45564516129032256,214.74493888464448,0.0,0.82,0.09,follow,0
1786356815.856861,17.929400869136646,0.28648617511520735,223.0,0.0,0.82,0.09,follow,0
1786356815.916379,18.214876097275432,0.45564516129032256,215.75039152024382,0.0,0.82,0.09,follow,0
1786356815.9745355,17.92270233010424,0.4616935483870968,202.20310050309985,0.0,0.6599999999999999,0.09,follow,0
1786356816.0248952,17.77809198117322,0.28434331797235024,223.0,0.0,0.82,0.09,follow,0
1786356816.0810914,18.206855763030767,0.4616935483870968,218.54696384696547,0.0,0.82,0.09,follow,0
1786356816.1365821,18.111688966976605,0.45564516129032256,223.0,0.0,0.82,0.09,follow,0
1786356816.1952298,18.09040840793935,0.4616935483870968,218.73545103545297,0.0,0.82,0.09,follow,0
1786356816.2522647,17.86906256848571,0.4616935483870968,220.45653445653593,0.0,0.82,0.09,follow,0
1786356816.3103244,17.82800293098238,0.45564516129032256,223.0,0.0,0.82,0.09,follow,0
1786356816.3640554,17.702480382276388,0.45564516129032256,211.51481092436978,0.0,0.717418690574829,0.09,follow,0
1786356816.4199626,17.89293389060214,0.4616935483870968,216.54756054756064,0.0,0.82,0.09,follow,0
1786356816.4735904,17.865960156566207,0.45564516129032256,215.34404125286449,0.0,0.82,0.09,follow,0
1786356816.5260499,18.0530634377988,0.30358294930875573,223.0,0.0,0.82,0.09,follow,0
1786356816.5792465,18.11971715574396,0.29005760368663597,223.0,0.0,0.82,0.09,follow,0
1786356816.633923,18.392373855289566,0.2872004608294931,223.0,0.0,0.82,0.09,follow,0
1786356816.6890962,18.367134223943697,0.4616935483870968,222.90260910261037,0.0,0.82,0.09,follow,0
1786356816.7449145,18.314496290769515,0.4616935483870968,218.97121797121795,0.0,0.82,0.09,follow,0
1786356816.7971125,18.203114780829466,0.30039170506912444,190.97121797121795,0.0,0.6599999999999999,0.09,follow,0
1786356816.8547475,18.4392331599329,0.4616935483870968,218.97121797121795,0.0,0.82,0.09,follow,0
1786356816.9058714,18.215813068750737,0.30539170506912444,190.97121797121795,0.0,0.6599999999999999,0.09,follow,0
1786356816.9589381,18.408910512640652,0.45564516129032256,208.73517952635547,0.0,0.82,0.09,follow,0
1786356817.0141506,18.550519769308767,0.4616935483870968,214.76413946413945,0.0,0.82,0.09,follow,0
1786356817.0736072,18.43965707380807,0.45564516129032256,218.53138846447627,0.0,0.82,0.09,follow,0
1786356817.1249413,18.147950741234272,0.31144009216589863,223.0,0.0,0.82,0.09,follow,0
1786356817.181822,18.425030178574453,0.45564516129032256,216.0317895339948,0.0,0.82,0.09,follow,0
1786356817.2369447,18.232681686085716,0.3014400921658986,223.0,0.0,0.82,0.09,follow,0
1786356817.2999775,18.230307359426693,0.4616935483870968,211.24420264420323,0.0,0.6993675577865969,0.09,follow,0
1786356817.3586886,17.74557444279489,0.4616935483870968,212.57129987130136,0.0,0.82,0.09,follow,0
1786356817.4158227,17.615975635216323,0.45564516129032256,201.2465909090899,0.0,0.6599999999999999,0.09,follow,0
1786356817.4711983,17.607586558441135,0.45564516129032256,216.76141138273508,0.0,0.82,0.09,follow,0
1786356817.528517,17.626884686589193,0.4495967741935484,217.99232669607363,0.0,0.82,0.09,follow,0
1786356817.5834713,17.65452723848616,0.4616935483870968,215.67385047385042,0.0,0.82,0.09,follow,0
1786356817.6397293,17.731381468515675,0.29324884792626726,187.67385047385042,0.0,0.6599999999999999,0.09,follow,0
1786356817.697721,17.744118192852593,0.29753456221198155,215.67385047385042,0.0,0.82,0.09,follow,0
1786356817.7527366,17.609717589375357,0.3174884792626728,223.0,0.0,0.82,0.09,follow,0
1786356817.8089676,17.71478404478378,0.45564516129032256,219.23559969442294,0.0,0.82,0.09,follow,0
1786356817.8601954,17.79796029821798,0.32463133640553,223.0,0.0,0.82,0.09,follow,0
1786356817.917705,18.147615073218592,0.4616935483870968,219.128770328773,0.0,0.82,0.09,follow,0
1786356817.9718392,17.97527905857208,0.29610599078341016,191.128770328773,0.0,0.6599999999999999,0.09,follow,0
1786356818.0282998,18.0611486344434,0.45564516129032256,219.128770328773,0.0,0.82,0.09,follow,0
1786356818.083178,17.948668789254082,0.4616935483870968,217.124546624549,0.0,0.82,0.09,follow,0
1786356818.1347418,18.076732215729987,0.29324884792626726,223.0,0.0,0.82,0.09,follow,0
1786356818.1917534,18.335365821382958,0.4616935483870968,211.486954486954,0.0,0.6915750519816927,0.09,follow,0
1786356818.2503562,18.005674345738175,0.4616935483870968,209.02928512928474,0.0,0.82,0.09,follow,0
1786356818.3040109,18.004624337751302,0.45564516129032256,207.26134453781478,0.0,0.803627334006849,0.09,follow,0
1786356818.3586097,18.096298843780865,0.45564516129032256,217.72343391902228,0.0,0.82,0.09,follow,0
1786356818.4158652,18.09655838982221,0.4616935483870968,218.97592137592235,0.0,0.82,0.09,follow,0
1786356818.4672744,18.012126457313556,0.30110599078341016,223.0,0.0,0.82,0.09,follow,0
1786356818.5225267,18.34716828175128,0.4616935483870968,213.1628758628748,0.0,0.743693583170107,0.09,follow,0
1786356818.5830746,18.28311967900425,0.4616935483870968,218.07080847081005,0.0,0.82,0.09,follow,0
1786356818.6430216,17.912774116237365,0.45564516129032256,210.54946524064144,0.0,0.7697235112686505,0.09,follow,0
1786356818.6961544,17.687947416526047,0.2968202764976958,223.0,0.0,0.82,0.09,follow,0
1786356818.7529035,17.92415680626616,0.45564516129032256,202.93579067990805,0.0,0.6599999999999999,0.09,follow,0
1786356818.8109932,17.794932018887607,0.4495967741935484,204.9747036644577,0.0,0.82,0.09,follow,0
1786356818.8689182,17.746689782426976,0.45564516129032256,223.0,0.0,0.82,0.09,follow,0
1786356818.923513,17.647791470614255,0.45564516129032256,195.18282085561464,0.0,0.6599999999999999,0.09,follow,0
1786356818.9785898,17.757287397297084,0.45564516129032256,222.29298128342228,0.0,0.82,0.09,follow,0
1786356819.0362082,17.840932768316634,0.45564516129032256,207.06200343773904,0.0,0.6599999999999999,0.09,follow,0
1786356819.0953333,17.76546731397554,0.3064400921658986,223.0,0.0,0.82,0.09,follow,0
1786356819.1527185,17.562324671454917,0.45564516129032256,222.20690412528614,0.0,0.82,0.09,follow,0
1786356819.2092862,17.547986743744108,0.45564516129032256,223.0,0.0,0.82,0.09,follow,0
1786356819.2671783,17.573093464138346,0.45564516129032256,220.7220206264319,0.0,0.82,0.09,follow,0
1786356819.3301654,17.534331979827886,0.45564516129032256,212.6631875477462,0.0,0.7854929466984669,0.09,follow,0
1786356819.4160154,17.146233116829517,0.4616935483870968,215.46312156312032,0.0,0.82,0.09,follow,0
1786356819.4723885,16.03609151838711,0.45564516129032256,221.72016806722655,0.0,0.82,0.09,follow,0
1786356819.5300488,16.4413200882462,0.45564516129032256,217.4966577540102,0.0,0.82,0.09,follow,0
1786356819.5862284,16.566890230700864,0.4495967741935484,223.0,0.0,0.82,0.09,follow,0
1786356819.6445398,16.87738328301998,0.45564516129032256,217.87148586707414,0.0,0.82,0.09,follow,0
1786356819.7028315,16.81569721110388,0.45564516129032256,212.12870511841055,0.0,0.817731310834749,0.09,follow,0
1786356819.7581837,17.0081039694085,0.3200115207373272,223.0,0.0,0.82,0.09,follow,0
1786356819.8145182,17.188670783539507,0.3157258064516129,223.0,0.0,0.82,0.09,follow,0
1786356819.8713968,17.358784424511974,0.30358294930875573,223.0,0.0,0.82,0.09,follow,0
1786356819.923857,17.375620346974316,0.29539170506912443,223.0,0.0,0.82,0.09,follow,0
1786356819.97856,17.65814584229529,0.45564516129032256,212.25962566844828,0.0,0.7225855789664175,0.09,follow,0
1786356820.039252,17.77236375506117,0.4616935483870968,212.08539838539878,0.0,0.82,0.09,follow,0
1786356820.0963857,17.56382814798541,0.29753456221198155,223.0,0.0,0.82,0.09,follow,0
1786356820.1516063,17.556192126627465,0.45564516129032256,215.53855042016752,0.0,0.82,0.09,follow,0
1786356820.2072165,17.668311919114913,0.4616935483870968,206.7084942084931,0.0,0.6807391378657798,0.09,follow,0
1786356820.265662,17.72677639073089,0.3100115207373272,223.0,0.0,0.82,0.09,follow,0
1786356820.3232174,17.628667080229917,0.30110599078341016,223.0,0.0,0.82,0.09,follow,0
1786356820.3793325,17.552685127649934,0.45564516129032256,218.89834797555432,0.0,0.82,0.09,follow,0
1786356820.4367728,17.634298441841924,0.45564516129032256,223.0,0.0,0.82,0.09,follow,0
1786356820.49189,17.556542638295575,0.28505760368663596,223.0,0.0,0.82,0.09,follow,0
1786356820.5525014,17.516588434057805,0.45564516129032256,207.2715336134449,0.0,0.6599999999999999,0.09,follow,0
1786356820.6054409,17.462637917648056,0.3064400921658986,223.0,0.0,0.82,0.09,follow,0
1786356820.6593745,17.768554912932494,0.30286866359447007,223.0,0.0,0.82,0.09,follow,0
1786356820.7194004,17.931263017819738,0.4616935483870968,222.50959400959613,0.0,0.82,0.09,follow,0
1786356820.7753577,17.678081490393808,0.29148617511520736,223.0,0.0,0.82,0.09,follow,0
1786356820.8312428,17.682908436762233,0.45564516129032256,207.67019671505,0.0,0.6599999999999999,0.09,follow,0
1786356820.8872774,17.761109867587283,0.45564516129032256,218.69090909090954,0.0,0.82,0.09,follow,0
1786356820.9471755,17.747041082532153,0.4495967741935484,208.5411758545052,0.0,0.6912285075789838,0.09,follow,0
1786356821.0030744,17.53695616618963,0.4616935483870968,220.5454194454211,0.0,0.82,0.09,follow,0
1786356821.056625,17.605158048706695,0.29324884792626726,192.5454194454211,0.0,0.6599999999999999,0.09,follow,0
