timestamp,fps,lane_confidence,target_x,risk,white_front,steering,throttle,throttle_max,state,armed
1786523859.8824444,0.304638898329047,0.8064516129032258,219.79933651440015,0.0,0.0,0.15,0.08,1.0,follow,0
1786523860.1818752,0.2487318706716652,0.8850806451612904,216.29933651440015,0.0,0.0,0.3,0.16,1.0,follow,0
1786523860.3057086,1.591783514872092,0.8487903225806451,217.46321932666524,0.0,0.0,0.44999999999999996,0.19054800392019866,1.0,follow,0
1786523860.4150388,2.870971921838829,0.8185483870967742,218.33714180735646,0.0,0.0,0.6,0.18366935483870972,1.0,follow,0
1786523860.518339,4.145393079710441,0.8850806451612904,214.83714180735646,0.0,0.0,0.75,0.18965725806451614,1.0,follow,0
1786523860.6152592,5.2440696222849965,0.8125,216.0068341278862,0.0,0.0,0.82,0.183125,1.0,follow,0
1786523860.72013,6.239588025640016,0.8669354838709677,217.3459271244913,0.0,0.0,0.82,0.18802419354838712,1.0,follow,0
1786523860.808082,6.903637875074564,0.594758064516129,213.8459271244913,0.0,0.0,0.82,0.16352822580645163,1.0,follow,0
1786523860.9077802,7.833465323218966,0.8306451612903225,215.58787650843917,0.0,0.0,0.82,0.18475806451612906,1.0,follow,0
1786523861.0019774,8.262310972363018,0.8790322580645161,212.08787650843917,0.0,0.0,0.82,0.18911290322580646,1.0,follow,0
1786523861.103808,8.712391223730908,0.8790322580645161,208.58787650843917,0.0,0.0,0.82,0.18911290322580646,1.0,follow,0
1786523861.1999578,8.9587635226071,0.8790322580645161,205.08787650843917,0.0,0.0,0.82,0.18911290322580646,1.0,follow,0
1786523861.2971408,9.24560830522274,0.8911290322580645,201.58787650843917,0.0,0.0,0.82,0.1902016129032258,1.0,follow,0
1786523861.399405,9.454013003071465,0.872983870967742,198.08787650843917,0.0,0.0,0.82,0.1885685483870968,1.0,follow,0
1786523861.4973233,9.497105329208965,0.8306451612903225,201.58787650843917,0.0,0.0,0.82,0.20303326054453155,1.0,follow,0
1786523861.5923066,9.634155155831076,0.8850806451612904,198.08787650843917,0.0,0.0,0.82,0.18965725806451614,1.0,follow,0
1786523861.6926734,9.810797182709415,0.752016129032258,201.58787650843917,0.0,0.0,0.82,0.18809194657442221,1.0,follow,0
1786523861.791953,9.861962168789853,0.872983870967742,198.08787650843917,0.0,0.0,0.82,0.22766346121153722,1.0,follow,0
1786523861.8922648,9.919584312575337,0.8790322580645161,194.58787650843917,0.0,0.0,0.82,0.18911290322580646,1.0,follow,0
1786523861.98781,9.919760047179052,0.7278225806451613,198.08787650843917,0.0,0.0,0.82,0.21965712729551382,1.0,follow,0
1786523862.0810406,9.943647748284612,0.8245967741935484,201.58787650843917,0.0,0.0,0.82,0.1899192155726822,1.0,follow,0
1786523862.166803,10.200176496575004,0.5221774193548387,198.08787650843917,0.0,0.0,0.82,0.1569959677419355,1.0,follow,0
1786523862.2657351,10.457684469841464,0.8850806451612904,194.58787650843917,0.0,0.0,0.82,0.18965725806451614,1.0,follow,0
1786523862.3504508,10.414819723897718,0.564516129032258,191.08787650843917,0.0,0.0,0.82,0.16080645161290322,1.0,follow,0
1786523862.4459145,10.674371767318979,0.8850806451612904,187.58787650843917,0.0,0.0,0.82,0.18965725806451614,1.0,follow,0
1786523862.5431485,10.64599719799644,0.7157258064516129,191.08787650843917,0.0,0.0,0.82,0.2513710075643749,1.0,follow,0
1786523862.6413407,10.55597876579753,0.8790322580645161,187.58787650843917,0.0,0.0,0.8182819148533277,0.2872171229793766,1.0,follow,0
1786523862.7345104,10.485682953587084,0.6068548387096775,184.08787650843917,0.0,0.0,0.7463112397694662,0.164616935483871,1.0,follow,0
1786523862.8346324,10.53600781647806,0.8850806451612904,180.58787650843917,0.0,0.0,0.7646099723442444,0.22515352848374076,1.0,follow,0
1786523862.9274023,10.446149982597863,0.7701612903225807,184.08787650843917,0.0,0.0,0.7436773409436527,0.2895947033338351,1.0,follow,0
1786523863.0227377,10.511146002886967,0.872983870967742,180.58787650843917,0.0,0.0,0.7396481726718813,0.34994120318373717,1.0,follow,0
1786523863.119754,10.498836255554366,0.842741935483871,184.08787650843917,0.0,0.0,0.7421263714438149,0.3529070090164001,1.0,follow,0
1786523863.2169256,10.473534129022644,0.872983870967742,180.58787650843917,0.0,0.0,0.732288378472093,0.3506114587803894,1.0,follow,0
1786523863.3126385,10.43713341383003,0.8487903225806451,184.08787650843917,0.0,0.0,0.7449741974204034,0.33899687264852657,1.0,follow,0
1786523863.4060483,10.43913147753165,0.7762096774193549,187.58787650843917,0.0,0.0,0.7404954634230726,0.3353940505537967,1.0,follow,0
1786523863.503977,10.478250578008009,0.8911290322580645,184.08787650843917,0.0,0.0,0.7393828874228299,0.3634876354579911,1.0,follow,0
1786523863.600458,10.438001262846,0.8850806451612904,180.58787650843917,0.0,0.0,0.7447898532585331,0.36201616368572076,1.0,follow,0
1786523863.6942518,10.394710477597325,0.8245967741935484,184.08787650843917,0.0,0.0,0.7366517869225343,0.34446678737780173,1.0,follow,0
1786523863.7893653,10.44564894615356,0.7943548387096775,180.58787650843917,0.0,0.0,0.7317136453420326,0.3521032793063018,1.0,follow,0
1786523863.8765223,10.449268992532607,0.7459677419354839,184.08787650843917,0.0,0.0,0.7509438617493431,0.3113773390010565,1.0,follow,0
1786523863.9744065,10.686883679170688,0.872983870967742,180.58787650843917,0.0,0.0,0.7252979945744387,0.3166364941722266,1.0,follow,0
1786523864.0598354,10.594964182753166,0.5584677419354839,177.08787650843917,0.0,0.0,0.7534598913471959,0.16026209677419356,1.0,follow,0
1786523864.1722674,10.7891890769416,1.0,173.58787650843917,0.0,0.0,0.6731230132659988,0.21646087057421337,1.0,follow,0
1786523864.2561567,10.429409732403508,0.48369815668202765,177.08787650843917,0.0,0.0,0.5513015566530335,0.15353283410138252,1.0,follow,0
1786523864.3483477,10.724059832921796,0.8971774193548387,173.58787650843917,0.0,0.0,0.6488786568702458,0.1907459677419355,1.0,follow,0
1786523864.446923,10.761366720330935,0.8790322580645161,170.08787650843917,0.0,0.0,0.6297572423361226,0.246777168573073,1.0,follow,0
1786523864.546911,10.618394491407011,0.8971774193548387,166.58787650843917,0.0,0.0,0.6041463932119795,0.31147628162303304,1.0,follow,0
1786523864.6470573,10.504957090073072,0.8548387096774193,170.08787650843917,0.0,0.0,0.6060363083984561,0.37614512872294825,1.0,follow,0
1786523864.7334316,10.397516296558953,0.5584677419354839,166.58787650843917,0.0,0.0,0.5941286988196471,0.2794752221129381,1.0,follow,0
1786523864.8245063,10.641493223010485,0.8971774193548387,163.08787650843917,0.0,0.0,0.5642628325102179,0.33542577456290085,1.0,follow,0
1786523864.9081492,10.70479226682557,0.4634562211981567,159.58787650843917,0.0,0.0,0.5181191016119725,0.15171105990783412,1.0,follow,0
1786523865.0036843,10.964959883957988,0.8911290322580645,156.08787650843917,0.0,0.0,0.5051279973061374,0.20585232370789067,1.0,follow,0
1786523865.0999303,10.860725526451523,0.8850806451612904,152.58787650843917,0.0,0.0,0.477794459270938,0.26809027740808683,1.0,follow,0
1786523865.1969852,10.770736121939448,1.0,149.08787650843917,0.0,0.0,0.44215967154438873,0.33052556980788717,1.0,follow,0
1786523865.2888834,10.641562430384974,0.7217741935483871,152.58787650843917,0.0,0.0,0.42265324434930196,0.17495967741935484,1.0,follow,0
1786523865.3815148,10.721792429832636,0.8790322580645161,149.08787650843917,0.0,0.0,0.4157821187217898,0.23382202706943073,1.0,follow,0
1786523865.4789903,10.749725418980661,0.872983870967742,145.58787650843917,0.0,0.0,0.3976510468432059,0.29366666646946554,1.0,follow,0
1786523865.5828364,10.6314371236646,0.752016129032258,142.08787650843917,0.0,0.0,0.360720898815281,0.35765385206947825,1.0,follow,0
1786523865.6824422,10.428370845102375,0.872983870967742,138.58787650843917,0.0,0.0,0.33717512984271436,0.42524878271946703,1.0,follow,0
1786523865.7753987,10.366103814074465,0.7459677419354839,142.08787650843917,0.0,0.0,0.32144406576162177,0.48949685101924273,1.0,follow,0
1786523865.8788803,10.420315103655996,0.8669354838709677,138.58787650843917,0.0,0.0,0.3084328989477975,0.4875197681546023,1.0,follow,0
1786523865.9606488,10.294267091562098,0.5584677419354839,135.08787650843917,0.0,0.0,0.25915081464446427,0.2891377782593353,1.0,follow,0
1786523866.051472,10.683824464277254,0.8185483870967742,138.58787650843917,0.0,0.0,0.26897726428295277,0.342233443609446,1.0,follow,0
1786523866.1463192,10.714564058053838,0.7580645161290323,142.08787650843917,0.0,0.0,0.286007428256124,0.4022102514092766,1.0,follow,0
1786523866.2411559,10.711816603956368,0.8911290322580645,138.58787650843917,0.0,0.0,0.2850947279898041,0.4629532213595284,1.0,follow,0
1786523866.3349035,10.671331664616169,0.872983870967742,135.08787650843917,0.0,0.0,0.26136194698838494,0.2928726662461305,1.0,follow,0
1786523866.4320784,10.655005812486477,0.7399193548387096,138.58787650843917,0.0,0.0,0.2674307721738161,0.3542530502460114,1.0,follow,0
1786523866.5161912,10.594524635097955,0.5040322580645161,135.08787650843917,0.0,0.0,0.2264479743441017,0.15536290322580648,1.0,follow,0
1786523866.602289,10.847143840744106,0.7580645161290323,138.58787650843917,0.0,0.0,0.27233342470179217,0.21017997137592978,1.0,follow,0
1786523866.6987588,11.004180957812702,0.8608870967741936,142.08787650843917,0.0,0.0,0.2921660308783973,0.2660587189758977,1.0,follow,0
1786523866.7901733,10.879668560224133,0.872983870967742,138.58787650843917,0.0,0.0,0.28191531894335603,0.32866937747593206,1.0,follow,0
1786523866.879943,10.900441516991256,0.7762096774193549,142.08787650843917,0.0,0.0,0.2910751143331392,0.3878488764257433,1.0,follow,0
1786523866.995183,10.94847830859927,0.8850806451612904,138.58787650843917,0.0,0.0,0.29436043650296106,0.44619389497580564,1.0,follow,0
1786523867.095853,10.491219653110953,0.8850806451612904,135.08787650843917,0.0,0.0,0.2659400678420105,0.5212326984257394,1.0,follow,0
1786523867.1923068,10.384602128425506,0.8669354838709677,138.58787650843917,0.0,0.0,0.28477270141828154,0.586505984425809,1.0,follow,0
1786523867.2914722,10.371357194229915,0.9758064516129032,142.08787650843917,0.0,0.0,0.32456112876534227,0.5101545320743717,1.0,follow,0
1786523867.3912709,10.312406180946933,1.0,138.58787650843917,0.0,0.0,0.29694691060274014,0.5746604033745562,1.0,follow,0
1786523867.4974146,10.259578355110435,0.8911290322580645,135.08787650843917,0.0,0.0,0.27194765205259885,0.6393481745744529,1.0,follow,0
1786523867.5958645,10.086976655181898,0.8971774193548387,131.58787650843917,0.0,0.0,0.23552393288332713,0.3893481745744529,1.0,follow,0
1786523867.686896,10.108891224934316,0.8669354838709677,128.08787650843917,0.0,0.0,0.21685121869394425,0.45309522937456764,1.0,follow,0
1786523867.7847497,10.261798485898181,0.782258064516129,131.58787650843917,0.0,0.0,0.20809223046346348,0.512873988024622,1.0,follow,0
1786523867.8853452,10.266442707590231,0.8850806451612904,128.08787650843917,0.0,0.0,0.19442504422002332,0.5760727008745752,1.0,follow,0
1786523867.9780896,10.210625726620815,0.8366935483870968,131.58787650843917,0.0,0.0,0.2098543490804713,0.44198833507229734,1.0,follow,0
1786523868.0743418,10.320348436534372,0.872983870967742,128.08787650843917,0.0,0.0,0.19597347291623618,0.5024015281721592,1.0,follow,0
1786523868.1703892,10.317773891458994,0.8971774193548387,124.58787650843917,0.0,0.0,0.17513343400354708,0.5654625547721441,1.0,follow,0
1786523868.2520611,10.356653368314577,0.5403225806451613,121.08787650843917,0.0,0.0,0.2935071254852455,0.31546255477214413,1.0,follow,0
1786523868.3553374,10.718045265414302,0.8608870967741936,124.58787650843917,0.0,0.0,0.14409402497236798,0.36890062517211003,1.0,follow,0
1786523868.4589846,10.517853406934638,0.872983870967742,121.08787650843917,0.0,0.0,0.1305343923568273,0.4357931073221114,1.0,follow,0
1786523868.553036,10.348200036149748,0.8125,124.58787650843917,0.0,0.0,0.12693888669647238,0.5030141820223168,1.0,follow,0
1786523868.6557965,10.405385254381825,0.8850806451612904,121.08787650843917,0.0,0.0,0.10177349217355255,0.3645425278664696,1.0,follow,0
1786523868.7556024,10.238004133923221,0.8366935483870968,124.58787650843917,0.0,0.0,0.11419932455632913,0.4324739050166635,1.0,follow,0
1786523868.8424497,10.21062536631845,0.5040322580645161,121.08787650843917,0.0,0.0,0.1270810912096454,0.1824739050166635,1.0,follow,0
1786523868.9455721,10.485114774116536,0.872983870967742,117.58787650843917,0.0,0.0,0.1005426897827415,0.23859027701672847,1.0,follow,0
1786523869.0428529,10.323400001734385,0.7641129032258064,121.08787650843917,0.0,0.0,0.09024404532725955,0.3057630411167701,1.0,follow,0
1786523869.1449733,10.322633968206018,0.8911290322580645,117.58787650843917,0.0,0.0,0.08266763548392128,0.36875016271680117,1.0,follow,0
1786523869.2301505,10.197418783721815,0.5342741935483871,114.08787650843917,0.0,0.0,0.23266763548392128,0.15808467741935486,1.0,follow,0
1786523869.3162317,10.528978844043497,0.5887096774193548,110.58787650843917,0.0,0.0,0.16166114780716986,0.16298387096774195,1.0,follow,0
1786523869.4103196,10.757932461310133,0.8185483870967742,114.08787650843917,0.0,0.0,0.03649094978461041,0.18366935483870972,1.0,follow,0
1786523869.5098672,10.730831923109623,1.0,110.58787650843917,0.0,0.0,0.018763407200166567,0.24486062783887744,1.0,follow,0
1786523869.5957143,10.593410630331324,0.5524193548387096,107.08787650843917,0.0,0.0,0.11263878992328587,0.15971774193548388,1.0,follow,0
1786523869.679403,10.754139658063384,0.5887096774193548,103.58787650843917,0.0,0.0,0.01179180906568017,0.16298387096774195,1.0,follow,0
1786523869.7934513,11.012300927458341,0.8850806451612904,100.08787650843917,0.0,0.0,-0.06824562420071814,0.2169484134180043,1.0,follow,0
1786523869.8917542,10.57923332895534,0.8850806451612904,96.58787650843917,0.0,0.0,-0.10821762516741659,0.29041995441798507,1.0,follow,0
1786523869.9909782,10.501527576198438,0.872983870967742,93.08787650843917,0.0,0.0,-0.12998198452184842,0.3542035717177673,1.0,follow,0
1786523870.094547,10.410039645209507,0.9455645161290323,89.58787650843917,0.0,0.0,-0.1660857568644411,0.4189182581179698,1.0,follow,0
1786523870.1972473,10.26570809922065,0.8790322580645161,86.08787650843917,0.0,0.0,-0.2146691212614309,0.4860089246177954,1.0,follow,0
1786523870.2955573,10.162035691547805,1.0,82.58787650843917,0.0,0.0,-0.2468853281899352,0.5526937428177239,1.0,follow,0
1786523870.3822005,10.158809617654478,0.594758064516129,79.08787650843917,0.0,0.0,-0.3062100280761218,0.5171205286044003,1.0,follow,0
1786523870.4808018,10.413172175895912,0.7399193548387096,82.58787650843917,0.0,0.0,-0.27111353159988305,0.35239263293015555,1.0,follow,0
1786523870.5675716,10.37197908158791,0.5584677419354839,79.08787650843917,0.0,0.0,-0.1862211291773056,0.16026209677419356,1.0,follow,0
1786523870.664758,10.580061883215587,0.7580645161290323,82.58787650843917,0.0,0.0,-0.30586719282796754,0.21721772342406293,1.0,follow,0
1786523870.7618709,10.538449651765479,0.842741935483871,86.08787650843917,0.0,0.0,-0.29840740015819733,0.27988644252401484,1.0,follow,0
1786523870.8487272,10.466509420085533,0.5766129032258065,82.58787650843917,0.0,0.0,-0.1955876184391086,0.1618951612903226,1.0,follow,0
1786523870.9438841,10.720763061124401,0.8850806451612904,79.08787650843917,0.0,0.0,-0.3032183159682216,0.2172719132403751,1.0,follow,0
1786523871.040238,10.678133404716826,0.872983870967742,75.58787650843917,0.0,0.0,-0.34565795163466306,0.2791318132905468,1.0,follow,0
1786523871.1505253,10.618361336772047,0.872983870967742,72.08787650843917,0.0,0.0,-0.37739028323456136,0.34175662294049347,1.0,follow,0
1786523871.2344139,10.279331056179634,0.5039400921658985,68.58787650843917,0.0,0.0,-0.41274091298675214,0.4146003646905507,1.0,follow,0
1786523871.3302333,10.645802636371414,0.8790322580645161,65.08787650843917,0.0,0.0,-0.41458553175810087,0.4682675288903789,1.0,follow,0
1786523871.4332244,10.605631533621947,0.8790322580645161,61.587876508439166,0.0,0.0,-0.46491763950553056,0.4935318313175153,1.0,follow,0
1786523871.5278156,10.42752119298319,0.9213709677419355,65.08787650843917,0.0,0.0,-0.4812176069360377,0.560438126617752,1.0,follow,0
1786523871.6237621,10.451525509353438,0.8971774193548387,61.587876508439166,0.0,0.0,-0.5061201780288258,0.3632743557582638,1.0,follow,0
1786523871.7252505,10.456803735110027,0.9637096774193549,65.08787650843917,0.0,0.0,-0.488847737073319,0.42530958875813335,1.0,follow,0
1786523871.8229878,10.328255079133731,0.8911290322580645,61.587876508439166,0.0,0.0,-0.5117756482108081,0.4915410943582141,1.0,follow,0
1786523871.923437,10.314994763415237,1.0,65.08787650843917,0.0,0.0,-0.4892037668529347,0.548390700945818,1.0,follow,0
1786523872.0270202,10.20433741459843,0.872983870967742,61.587876508439166,0.0,0.0,-0.5262502803322787,0.3842955308294691,1.0,follow,0
1786523872.1317415,10.133796304229243,1.0,58.087876508439166,0.0,0.0,-0.545250934354936,0.4502744477292723,1.0,follow,0
1786523872.2372491,10.013708034253039,0.8911290322580645,54.587876508439166,0.0,0.0,-0.5450686917447229,0.5184561112792622,1.0,follow,0
1786523872.3289483,9.883750841505131,0.6673387096774193,58.087876508439166,0.0,0.0,-0.695068691744723,0.26845611127926217,1.0,follow,0
1786523872.4237392,10.123593955299013,0.6733870967741936,61.587876508439166,0.0,0.0,-0.7913371783511072,0.17060483870967744,1.0,follow,0
1786523872.5260258,10.208498447125448,0.6673387096774193,65.08787650843917,0.0,0.0,-0.791081759133494,0.17006048387096775,1.0,follow,0
1786523872.6246822,10.119377626726195,0.8790322580645161,61.587876508439166,0.0,0.0,-0.641081759133494,0.18911290322580646,1.0,follow,0
1786523872.70811,10.126071655934348,0.685483870967742,65.08787650843917,0.0,0.0,-0.791081759133494,0.1716935483870968,1.0,follow,0
1786523872.8010178,10.499231466921884,0.872983870967742,61.587876508439166,0.0,0.0,-0.641081759133494,0.1885685483870968,1.0,follow,0
1786523872.8950355,10.539531431342025,0.8971774193548387,58.087876508439166,0.0,0.0,-0.5490210410720238,0.2493120604372318,1.0,follow,0
1786523872.9855146,10.56898750334823,0.7157258064516129,61.587876508439166,0.0,0.0,-0.4964918951245063,0.31013469048717,1.0,follow,0
1786523873.0848854,10.667227341387537,1.0,65.08787650843917,0.0,0.0,-0.49228444246390896,0.3689040420370286,1.0,follow,0
1786523873.1639411,10.535686465116997,0.467741935483871,68.58787650843917,0.0,0.0,-0.342284442463909,0.1520967741935484,1.0,follow,0
1786523873.2526925,10.976853231143187,0.7762096774193549,72.08787650843917,0.0,0.0,-0.4739527187755274,0.20311109469362426,1.0,follow,0
1786523873.3525493,10.990266443438067,0.7399193548387096,75.58787650843917,0.0,0.0,-0.4467101795655244,0.261967011943445,1.0,follow,0
1786523873.4474425,10.829900882074334,0.8850806451612904,72.08787650843917,0.0,0.0,-0.4407324675806959,0.32576481484366204,1.0,follow,0
1786523873.542996,10.76047884382416,0.8971774193548387,68.58787650843917,0.0,0.0,-0.4552032933087463,0.3877712040935213,1.0,follow,0
1786523873.6296582,10.714939481194516,0.6129032258064516,65.08787650843917,0.0,0.0,-0.3551415562060075,0.16516129032258065,1.0,follow,0
1786523873.7286522,10.84710582675676,0.8911290322580645,61.587876508439166,0.0,0.0,-0.48683791802353743,0.22230027352271933,1.0,follow,0
1786523873.8214486,10.71403029499852,0.8850806451612904,58.087876508439166,0.0,0.0,-0.49982948656285947,0.28614012362253577,1.0,follow,0
1786523873.929605,10.699363705916753,0.8487903225806451,61.587876508439166,0.0,0.0,-0.5166268295617117,0.3472263455725535,1.0,follow,0
1786523874.0217345,10.436668937012113,0.872983870967742,58.087876508439166,0.0,0.0,-0.5402456753056901,0.41647923577251295,1.0,follow,0
1786523874.1228545,10.5066521876036,0.8911290322580645,54.587876508439166,0.0,0.0,-0.5682019655115196,0.46604064730707506,1.0,follow,0
1786523874.2247796,10.394602965786014,0.872983870967742,51.087876508439166,0.0,0.0,-0.5874178393484399,0.4657554915702467,1.0,follow,0
1786523874.3210878,10.250340194631145,0.8669354838709677,47.587876508439166,0.0,0.0,-0.6402673523906197,0.2157554915702467,1.0,follow,0
1786523874.4234793,10.299220858414678,0.9758064516129032,44.087876508439166,0.0,0.0,-0.6457926496095865,0.2776912596203038,1.0,follow,0
1786523874.5254965,10.197374730846601,0.8911290322580645,40.587876508439166,0.0,0.0,-0.6907306147023382,0.1902016129032258,1.0,follow,0
1786523874.6287694,10.091828782975428,0.8850806451612904,37.087876508439166,0.0,0.0,-0.7315270384799177,0.18965725806451614,1.0,follow,0
1786523874.7271032,10.040537349523344,0.8790322580645161,33.587876508439166,0.0,0.0,-0.7764041829032582,0.255745254064731,1.0,follow,0
1786523874.828463,10.060955966866192,0.872983870967742,30.087876508439166,0.0,0.0,-0.8037428293875198,0.29817473551839424,1.0,follow,0
1786523874.9188564,10.027078948522153,0.8185483870967742,33.587876508439166,0.0,0.0,-0.79861617503087,0.325859941339047,1.0,follow,0
1786523875.0185962,10.21591202376858,0.8971774193548387,30.087876508439166,0.0,0.0,-0.82,0.27664861170959854,1.0,follow,0
1786523875.1198545,10.189449314318406,1.0,26.587876508439166,0.0,0.0,-0.82,0.2435868080377745,1.0,follow,0
1786523875.2185912,10.12992763738017,0.9939516129032258,23.087876508439166,0.0,0.0,-0.82,0.23056592444648977,1.0,follow,0
1786523875.3271127,10.129332176995007,0.9758064516129032,19.587876508439166,0.0,0.0,-0.82,0.2125732871850753,1.0,follow,0
1786523875.4203408,9.942153170303415,0.8850806451612904,16.087876508439166,0.0,0.0,-0.82,0.2019798145964032,1.0,follow,0
1786523875.52087,10.083055086524958,0.939516129032258,12.587876508439166,0.0,0.0,-0.82,0.19455645161290325,1.0,follow,0
1786523875.6237843,10.074871874140413,0.8185483870967742,16.087876508439166,0.0,0.0,-0.82,0.18366935483870972,1.0,follow,0
1786523875.7133734,10.001342659058242,0.7338709677419355,19.587876508439166,0.0,0.0,-0.82,0.17849810037548677,1.0,follow,0
1786523875.8219738,10.23547432709551,0.8790322580645161,16.087876508439166,0.0,0.0,-0.82,0.18911290322580646,1.0,follow,0
1786523875.9248884,10.028220964483669,0.7762096774193549,19.587876508439166,0.0,0.0,-0.82,0.17985887096774195,1.0,follow,0
1786523876.0169098,9.968243048509773,0.8790322580645161,16.087876508439166,0.0,0.0,-0.82,0.1915793110263471,1.0,follow,0
1786523876.1029444,10.137912959030858,0.5887096774193548,15.38741777673764,0.0,0.0,-0.82,0.16298387096774195,1.0,follow,0
1786523876.1879494,10.428835926244078,0.5524193548387096,16.70883836160319,0.0,0.0,-0.82,0.15971774193548388,1.0,follow,0
1786523876.2791805,10.714758403264605,0.8245967741935484,20.20883836160319,0.0,0.0,-0.82,0.18421370967741937,1.0,follow,0
1786523876.371456,10.762702926679646,0.7943548387096775,23.70883836160319,0.0,0.0,-0.82,0.181491935483871,1.0,follow,0
1786523876.4715095,10.766478718145272,0.6975806451612904,20.20883836160319,0.0,0.0,-0.82,0.17278225806451616,1.0,follow,0
1786523876.560485,10.599236607999252,0.7762096774193549,23.70883836160319,0.0,0.0,-0.82,0.19815490322609663,1.0,follow,0
1786523876.6577861,10.74879533494694,1.0,20.20883836160319,0.0,0.0,-0.82,0.21317522391108695,1.0,follow,0
1786523876.765513,10.615855511876367,0.9334677419354839,16.70883836160319,0.0,0.0,-0.82,0.19401209677419357,1.0,follow,0
1786523876.8595943,10.383569826521851,0.842741935483871,20.20883836160319,0.0,0.0,-0.82,0.1912041160638227,1.0,follow,0
1786523876.958679,10.427220703919627,0.782258064516129,23.70883836160319,0.0,0.0,-0.82,0.18040322580645163,1.0,follow,0
1786523877.054298,10.36691882582906,0.8306451612903225,27.20883836160319,0.0,0.0,-0.82,0.18475806451612906,1.0,follow,0
1786523877.1460323,10.387389510957163,0.7883064516129032,30.70883836160319,0.0,0.0,-0.82,0.1809475806451613,1.0,follow,0
1786523877.2475364,10.443538961643775,0.872983870967742,27.20883836160319,0.0,0.0,-0.82,0.24187668329499534,1.0,follow,0
1786523877.352382,10.241819530697667,0.872983870967742,23.70883836160319,0.0,0.0,-0.82,0.24342801018767438,1.0,follow,0
1786523877.443819,10.203320443059479,0.8669354838709677,20.20883836160319,0.0,0.0,-0.82,0.18819751966310222,1.0,follow,0
1786523877.5414202,10.337064808533745,0.752016129032258,23.70883836160319,0.0,0.0,-0.82,0.1970388349192495,1.0,follow,0
1786523877.633903,10.334019618399742,0.6491935483870968,22.36690461573672,0.0,0.0,-0.7939162684740289,0.16842741935483874,1.0,follow,0
1786523877.7296004,10.436373119903466,0.8669354838709677,18.86690461573672,0.0,0.0,-0.82,0.18802419354838712,1.0,follow,0
1786523877.8201087,10.442199678385082,0.5524193548387096,17.2583100752135,0.0,0.0,-0.82,0.15971774193548388,1.0,follow,0
1786523877.9207273,10.579028704292071,0.7459677419354839,20.7583100752135,0.0,0.0,-0.82,0.17713709677419356,1.0,follow,0
1786523878.009471,10.421719330975739,0.43983870967741934,23.394600312429766,0.0,0.0,-0.7940782681114243,0.14958548387096776,1.0,follow,0
1786523878.1169617,10.62117900300524,0.7217741935483871,26.894600312429766,0.0,0.0,-0.82,0.17495967741935484,1.0,follow,0
1786523878.208944,10.276164015243108,0.49798387096774194,30.394600312429766,0.0,0.0,-0.7695179303688855,0.1548185483870968,1.0,follow,0
1786523878.2896452,10.51234467528322,0.49798387096774194,32.88655586912025,0.0,0.0,-0.6195179303688856,0.1548185483870968,1.0,follow,0
1786523878.387788,10.877651463154622,0.7762096774193549,36.38655586912025,0.0,0.0,-0.7695179303688855,0.17985887096774195,1.0,follow,0
1786523878.4746666,10.750141009773804,0.5100806451612904,33.11090783686838,0.0,0.0,-0.657531362506919,0.15590725806451614,1.0,follow,0
1786523878.5630577,10.902414055759543,0.8790322580645161,29.61090783686838,0.0,0.0,-0.807531362506919,0.18911290322580646,1.0,follow,0
1786523878.6578295,10.948999294704807,0.872983870967742,26.11090783686838,0.0,0.0,-0.82,0.1885685483870968,1.0,follow,0
1786523878.7606783,10.870400134504408,0.7762096774193549,29.61090783686838,0.0,0.0,-0.82,0.2501448826870767,1.0,follow,0
1786523878.8523238,10.674563955455403,0.8790322580645161,26.11090783686838,0.0,0.0,-0.82,0.23718874864747388,1.0,follow,0
1786523878.9487338,10.71081876641189,1.0,22.61090783686838,0.0,0.0,-0.82,0.2610949582327682,1.0,follow,0
1786523879.0445666,10.653153820142322,0.872983870967742,19.11090783686838,0.0,0.0,-0.82,0.1885685483870968,1.0,follow,0
1786523879.1275885,10.599041084239172,0.5100806451612904,22.61090783686838,0.0,0.0,-0.82,0.17042009634249106,1.0,follow,0
1786523879.2121453,10.894362874382466,0.34868663594470045,19.11090783686838,0.0,0.0,-0.82,0.14138179723502306,1.0,follow,0
1786523879.3116722,11.053524882636717,0.8790322580645161,15.610907836868378,0.0,0.0,-0.82,0.18911290322580646,1.0,follow,0
1786523879.4074001,10.866342199360215,0.872983870967742,12.110907836868378,0.0,0.0,-0.82,0.1885685483870968,1.0,follow,0
1786523879.5056827,10.785603477572176,0.872983870967742,9.361812640715021,0.0,0.0,-0.82,0.1885685483870968,1.0,follow,0
1786523879.6060753,10.667450513867486,0.8971774193548387,7.502760125855513,0.0,0.0,-0.82,0.1907459677419355,1.0,follow,0
1786523879.6888645,10.530883492098411,0.49193548387096775,4.876794081806084,0.0,0.0,-0.82,0.15427419354838712,1.0,follow,0
1786523879.7853992,10.839730472439179,0.7580645161290323,8.376794081806084,0.0,0.0,-0.82,0.1782258064516129,1.0,follow,0
1786523879.8855445,10.741089268330352,0.8669354838709677,7.1601919171482376,0.0,0.0,-0.82,0.18802419354838712,1.0,follow,0
1786523879.9807675,10.589687531304904,0.8850806451612904,6.019765534302594,0.0,0.0,-0.82,0.18965725806451614,1.0,follow,0
1786523880.0758908,10.546685962954927,0.8669354838709677,5.61997965229039,0.0,0.0,-0.82,0.18802419354838712,1.0,follow,0
1786523880.1724014,10.561854719159419,0.8790322580645161,5.028194828436596,0.0,0.0,-0.82,0.18911290322580646,1.0,follow,0
1786523880.2682366,10.52903470877726,0.7399193548387096,8.528194828436597,0.0,0.0,-0.82,0.17659274193548388,1.0,follow,0
1786523880.3591416,10.495957275285507,0.752016129032258,12.028194828436597,0.0,0.0,-0.82,0.17768145161290325,1.0,follow,0
1786523880.451381,10.612034339179067,0.7157258064516129,15.528194828436597,0.0,0.0,-0.82,0.17441532258064518,1.0,follow,0
1786523880.5464463,10.657007160775386,0.8790322580645161,12.028194828436597,0.0,0.0,-0.82,0.18911290322580646,1.0,follow,0
1786523880.6400733,10.631070612221423,0.872983870967742,9.150135325327085,0.0,0.0,-0.82,0.1885685483870968,1.0,follow,0
1786523880.7330165,10.6289652323267,0.8790322580645161,7.381671593643761,0.0,0.0,-0.82,0.18911290322580646,1.0,follow,0
1786523880.8271317,10.654297956560159,0.8790322580645161,6.114635636154491,0.0,0.0,-0.82,0.18911290322580646,1.0,follow,0
1786523880.9371006,10.655187132778307,0.5524193548387096,8.819698683863127,0.0,0.0,-0.82,0.15971774193548388,1.0,follow,0
1786523881.0360584,10.343927635082615,0.8185483870967742,12.319698683863127,0.0,0.0,-0.82,0.18366935483870972,1.0,follow,0
1786523881.1358488,10.29701507352435,0.8790322580645161,9.687489570483667,0.0,0.0,-0.82,0.18911290322580646,1.0,follow,0
1786523881.2371514,10.22040968336297,0.872983870967742,7.777970473123261,0.0,0.0,-0.82,0.1885685483870968,1.0,follow,0
1786523881.3294384,10.149868271773716,0.7278225806451613,11.277970473123261,0.0,0.0,-0.82,0.17550403225806452,1.0,follow,0
1786523881.4203548,10.289843894745575,0.7096774193548387,14.777970473123261,0.0,0.0,-0.82,0.1738709677419355,1.0,follow,0
1786523881.5075097,10.446732175407261,0.3977880184331797,18.27797047312326,0.0,0.0,-0.82,0.14580092165898617,1.0,follow,0
1786523881.5972116,10.626713997714369,0.5403225806451613,19.94061122083975,0.0,0.0,-0.82,0.15862903225806455,1.0,follow,0
1786523881.6813211,10.752155624676021,0.5403225806451613,21.34686276037724,0.0,0.0,-0.82,0.15862903225806455,1.0,follow,0
1786523881.775367,10.950526424035473,0.782258064516129,24.84686276037724,0.0,0.0,-0.82,0.18040322580645163,1.0,follow,0
1786523881.8698297,10.902261290482995,0.8366935483870968,28.34686276037724,0.0,0.0,-0.82,0.1853024193548387,1.0,follow,0
1786523881.9594555,10.859643790590276,0.8064516129032258,31.84686276037724,0.0,0.0,-0.82,0.18258064516129033,1.0,follow,0
1786523882.0580058,10.91590479250084,0.9032258064516129,28.34686276037724,0.0,0.0,-0.82,0.24092397046152436,1.0,follow,0
1786523882.1483343,10.759391332960035,0.7036290322580645,31.84686276037724,0.0,0.0,-0.82,0.17332661290322582,1.0,follow,0
1786523882.240236,10.829305667954081,0.7701612903225807,35.346862760377235,0.0,0.0,-0.82,0.22861059336215012,1.0,follow,0
1786523882.3502855,10.841511079717527,0.7641129032258064,38.846862760377235,0.0,0.0,-0.8176179246360769,0.23143749091218632,1.0,follow,0
1786523882.4570558,10.490041303990731,1.0,35.346862760377235,0.0,0.0,-0.82,0.30299059461199357,1.0,follow,0
1786523882.539486,10.25712294047719,0.594758064516129,31.846862760377235,0.0,0.0,-0.82,0.2368166323012103,1.0,follow,0
1786523882.6329165,10.64139599549381,0.6431451612903225,28.346862760377235,0.0,0.0,-0.7132881427427931,0.16788306451612903,1.0,follow,0
1786523882.7161298,10.64730032015529,0.5282258064516129,31.846862760377235,0.0,0.0,-0.5632881427427932,0.15754032258064518,1.0,follow,0
1786523882.8055723,10.92016206170768,0.7278225806451613,35.346862760377235,0.0,0.0,-0.7132881427427931,0.17550403225806452,1.0,follow,0
1786523882.9001496,10.972880412789914,0.8911290322580645,31.846862760377235,0.0,0.0,-0.82,0.1902016129032258,1.0,follow,0
1786523882.99986,10.90283025156992,0.8911290322580645,28.346862760377235,0.0,0.0,-0.82,0.2513917347531528,1.0,follow,0
1786523883.0903015,10.717524002688707,0.8850806451612904,24.846862760377235,0.0,0.0,-0.82,0.22524071701218443,1.0,follow,0
1786523883.1840465,10.749450057925252,0.8790322580645161,21.346862760377235,0.0,0.0,-0.82,0.19499306452253176,1.0,follow,0
1786523883.2702508,10.775746684457534,0.47441244239631336,17.846862760377235,0.0,0.0,-0.82,0.15269711981566822,1.0,follow,0
1786523883.3648052,10.933507117124405,0.872983870967742,14.346862760377235,0.0,0.0,-0.82,0.1885685483870968,1.0,follow,0
1786523883.4556901,10.859457149542486,0.782258064516129,17.846862760377235,0.0,0.0,-0.82,0.1873685240718398,1.0,follow,0
1786523883.5475574,10.902324426488635,0.6008064516129032,14.346862760377235,0.0,0.0,-0.82,0.16407258064516128,1.0,follow,0
1786523883.6398647,10.858957814801354,0.842741935483871,17.846862760377235,0.0,0.0,-0.82,0.1858467741935484,1.0,follow,0
1786523883.7449205,10.863916618441232,0.872983870967742,14.346862760377235,0.0,0.0,-0.82,0.1885685483870968,1.0,follow,0
1786523883.8437696,10.61642089229174,0.8669354838709677,10.846862760377235,0.0,0.0,-0.82,0.18802419354838712,1.0,follow,0
1786523883.9391272,10.475626197047728,0.842741935483871,14.346862760377235,0.0,0.0,-0.82,0.1858467741935484,1.0,follow,0
1786523884.0420053,10.520671078694258,0.7580645161290323,10.846862760377235,0.0,0.0,-0.82,0.1782258064516129,1.0,follow,0
1786523884.1450233,10.353861298374227,0.8850806451612904,8.10675701340406,0.0,0.0,-0.82,0.18965725806451614,1.0,follow,0
1786523884.2365499,10.216209003274749,0.8850806451612904,6.5998722358227315,0.0,0.0,-0.82,0.18965725806451614,1.0,follow,0
1786523884.3358233,10.370909851372586,0.7399193548387096,10.09987223582273,0.0,0.0,-0.82,0.17659274193548388,1.0,follow,0
1786523884.4352365,10.309545746803058,0.8850806451612904,7.9886494660533085,0.0,0.0,-0.82,0.18965725806451614,1.0,follow,0
1786523884.5205455,10.240510578303606,0.5342741935483871,11.488649466053309,0.0,0.0,-0.82,0.15808467741935486,1.0,follow,0
1786523884.6056616,10.568672813500937,0.5887096774193548,13.220079290095956,0.0,0.0,-0.82,0.16298387096774195,1.0,follow,0
1786523884.7066445,10.80957326859757,0.8850806451612904,10.226705107504312,0.0,0.0,-0.82,0.18965725806451614,1.0,follow,0
1786523884.7977395,10.61860594460174,0.8245967741935484,13.726705107504312,0.0,0.0,-0.82,0.18421370967741937,1.0,follow,0
1786523884.8936841,10.674462022961706,0.8004032258064516,17.226705107504312,0.0,0.0,-0.82,0.18203629032258065,1.0,follow,0
1786523884.9881299,10.604471359151015,0.8125,20.726705107504312,0.0,0.0,-0.82,0.183125,1.0,follow,0
1786523885.0792725,10.643721767759182,0.8790322580645161,17.226705107504312,0.0,0.0,-0.82,0.18911290322580646,1.0,follow,0
1786523885.1878502,10.67580525933394,0.872983870967742,13.726705107504312,0.0,0.0,-0.82,0.1885685483870968,1.0,follow,0
1786523885.283484,10.414342426350201,0.8790322580645161,10.232834535935973,0.0,0.0,-0.82,0.18911290322580646,1.0,follow,0
1786523885.367851,10.418678408193447,0.48588709677419356,13.732834535935972,0.0,0.0,-0.82,0.15372983870967744,1.0,follow,0
1786523885.4639497,10.711227659566287,0.7762096774193549,17.23283453593597,0.0,0.0,-0.82,0.17985887096774195,1.0,follow,0
1786523885.5662942,10.634914820080937,1.0,13.732834535935972,0.0,0.0,-0.82,0.2,1.0,follow,0
1786523885.6590571,10.47346968814398,0.8245967741935484,17.23283453593597,0.0,0.0,-0.82,0.18421370967741937,1.0,follow,0
1786523885.7477686,10.510646404548675,0.594758064516129,16.091041454787156,0.0,0.0,-0.82,0.16352822580645163,1.0,follow,0
1786523885.8451233,10.684674721062542,0.7701612903225807,19.591041454787156,0.0,0.0,-0.82,0.17931451612903226,1.0,follow,0
1786523885.93874,10.587357307767004,0.8971774193548387,16.091041454787156,0.0,0.0,-0.82,0.1907459677419355,1.0,follow,0
1786523886.0354025,10.596436628061971,0.7278225806451613,19.591041454787156,0.0,0.0,-0.82,0.17550403225806452,1.0,follow,0
1786523886.1199355,10.575411002782914,0.49193548387096775,16.091041454787156,0.0,0.0,-0.82,0.15427419354838712,1.0,follow,0
1786523886.2212498,10.829643391982305,1.0,12.591041454787156,0.0,0.0,-0.82,0.2,1.0,follow,0
1786523886.3092418,10.629263594882772,0.6370967741935484,12.543360284114545,0.0,0.0,-0.82,0.16733870967741937,1.0,follow,0
1786523886.3993266,10.760618767068207,0.6068548387096775,16.043360284114545,0.0,0.0,-0.82,0.164616935483871,1.0,follow,0
1786523886.4806874,10.841125810265385,0.5342741935483871,12.543360284114545,0.0,0.0,-0.82,0.15808467741935486,1.0,follow,0
1786523886.5818884,11.132104152782972,0.872983870967742,9.740722819979366,0.0,0.0,-0.82,0.1885685483870968,1.0,follow,0
1786523886.6841466,10.891255322131764,0.655241935483871,13.240722819979366,0.0,0.0,-0.82,0.16897177419354842,1.0,follow,0
1786523886.7873743,10.666410536760575,0.7943548387096775,16.740722819979368,0.0,0.0,-0.82,0.181491935483871,1.0,follow,0
1786523886.8736508,10.441250901298792,0.5524193548387096,16.10938822342064,0.0,0.0,-0.82,0.15971774193548388,1.0,follow,0
1786523886.958009,10.703972640450571,0.5584677419354839,18.1951529727315,0.0,0.0,-0.82,0.16026209677419356,1.0,follow,0
1786523887.053586,10.939724828386188,0.752016129032258,21.6951529727315,0.0,0.0,-0.82,0.17768145161290325,1.0,follow,0
1786523887.1527615,10.841004548498454,0.9032258064516129,18.1951529727315,0.0,0.0,-0.82,0.19129032258064516,1.0,follow,0
1786523887.2455206,10.698086910616718,0.752016129032258,21.6951529727315,0.0,0.0,-0.82,0.17768145161290325,1.0,follow,0
1786523887.3281958,10.704866255863267,0.5705645161290323,21.43228184053801,0.0,0.0,-0.82,0.16135080645161293,1.0,follow,0
1786523887.4234712,10.997489761884742,0.8669354838709677,17.93228184053801,0.0,0.0,-0.82,0.18802419354838712,1.0,follow,0
1786523887.523873,10.89129037790594,0.8669354838709677,14.43228184053801,0.0,0.0,-0.82,0.18802419354838712,1.0,follow,0
1786523887.6212444,10.703193997684181,1.0,10.93228184053801,0.0,0.0,-0.82,0.2,1.0,follow,0
1786523887.7154317,10.622921011355857,0.872983870967742,14.43228184053801,0.0,0.0,-0.82,0.1885685483870968,1.0,follow,0
1786523887.8100162,10.613752403108888,0.7580645161290323,17.93228184053801,0.0,0.0,-0.82,0.1782258064516129,1.0,follow,0
1786523887.8996165,10.609463519827624,0.655241935483871,15.323801796995399,0.0,0.0,-0.82,0.16897177419354842,1.0,follow,0
1786523887.9971988,10.722423581636924,0.7278225806451613,18.823801796995397,0.0,0.0,-0.82,0.17550403225806452,1.0,follow,0
1786523888.090792,10.59962872671635,0.7580645161290323,22.323801796995397,0.0,0.0,-0.82,0.1782258064516129,1.0,follow,0
1786523888.1847155,10.646468736045158,0.8245967741935484,25.823801796995397,0.0,0.0,-0.82,0.18421370967741937,1.0,follow,0
1786523888.2815902,10.619903959909298,0.6975806451612904,29.323801796995397,0.0,0.0,-0.82,0.17278225806451616,1.0,follow,0
1786523888.376943,10.5888840121403,0.7399193548387096,32.8238017969954,0.0,0.0,-0.82,0.17659274193548388,1.0,follow,0
1786523888.4696727,10.561146106279192,0.872983870967742,29.323801796995397,0.0,0.0,-0.82,0.23879254128540742,1.0,follow,0
1786523888.5609677,10.607005020063882,0.8064516129032258,32.8238017969954,0.0,0.0,-0.82,0.18258064516129033,1.0,follow,0
1786523888.6570046,10.622856923029337,0.842741935483871,36.3238017969954,0.0,0.0,-0.82,0.21536887824764714,1.0,follow,0
1786523888.746426,10.575101175287159,0.752016129032258,39.8238017969954,0.0,0.0,-0.8077209441125459,0.260131114768094,1.0,follow,0
1786523888.827391,10.76950896073241,0.4391705069124424,41.03931777781734,0.0,0.0,-0.6577209441125459,0.1495253456221198,1.0,follow,0
1786523888.914218,11.070157698471244,0.564516129032258,37.53931777781734,0.0,0.0,-0.6185981234441673,0.16080645161290322,1.0,follow,0
1786523889.0116117,11.173804674633582,0.8850806451612904,34.03931777781734,0.0,0.0,-0.7685981234441673,0.18965725806451614,1.0,follow,0
1786523889.106189,10.986563436792668,0.6915322580645161,37.53931777781734,0.0,0.0,-0.7751424599197982,0.25314871076459355,1.0,follow,0
1786523889.1994293,10.872516875734348,0.7943548387096775,41.03931777781734,0.0,0.0,-0.7679347763074206,0.31555072381458926,1.0,follow,0
1786523889.2953362,10.855785122358501,0.8790322580645161,37.53931777781734,0.0,0.0,-0.7561309392271414,0.3207875481771433,1.0,follow,0
1786523889.3995626,10.794391625682769,0.8971774193548387,34.03931777781734,0.0,0.0,-0.772282999674201,0.3066048285279329,1.0,follow,0
1786523889.4925108,10.553022146681402,0.4533179723502304,30.539317777817338,0.0,0.0,-0.7238574399003785,0.15079861751152077,1.0,follow,0
1786523889.5987844,10.590503831148979,0.7399193548387096,34.03931777781734,0.0,0.0,-0.8051173048924838,0.17659274193548388,1.0,follow,0
1786523889.685326,10.353879123150385,0.4641244239631337,37.53931777781734,0.0,0.0,-0.82,0.15177119815668205,1.0,follow,0
1786523889.7678218,10.57244300876804,0.5100806451612904,35.206871978670584,0.0,0.0,-0.6731775472835118,0.15590725806451614,1.0,follow,0
1786523889.87162,10.906583784884324,0.8971774193548387,31.706871978670584,0.0,0.0,-0.8079918035153673,0.1907459677419355,1.0,follow,0
1786523889.9623182,10.650540132233461,0.782258064516129,35.206871978670584,0.0,0.0,-0.8113709494934064,0.2582688556417851,1.0,follow,0
1786523890.0644548,10.730712380155612,0.7399193548387096,38.706871978670584,0.0,0.0,-0.7952054098229981,0.2764804802359344,1.0,follow,0
1786523890.157489,10.547432157706849,0.4829838709677419,35.206871978670584,0.0,0.0,-0.705454545097735,0.15346854838709678,1.0,follow,0
1786523890.2553022,10.559660211504506,0.8669354838709677,31.706871978670584,0.0,0.0,-0.82,0.18802419354838712,1.0,follow,0
1786523890.3567777,10.515577746462581,0.7883064516129032,35.206871978670584,0.0,0.0,-0.8119146977273173,0.25089143564842453,1.0,follow,0
1786523890.4547465,10.3856883206615,1.0,31.706871978670584,0.0,0.0,-0.82,0.30100062455280663,1.0,follow,0
1786523890.5456812,10.341753282376242,0.8004032258064516,35.206871978670584,0.0,0.0,-0.82,0.295523364282904,1.0,follow,0
1786523890.6422915,10.464766428284824,0.872983870967742,38.706871978670584,0.0,0.0,-0.7954719008314743,0.2709733410790295,1.0,follow,0
1786523890.752125,10.431493768762499,0.872983870967742,35.206871978670584,0.0,0.0,-0.8123701616694516,0.2935777178243437,1.0,follow,0
1786523890.8470407,10.066541337806022,0.43669354838709684,38.706871978670584,0.0,0.0,-0.6623701616694516,0.14930241935483873,1.0,follow,0
1786523890.9392366,10.283035008645008,0.7036290322580645,42.206871978670584,0.0,0.0,-0.7642976825315553,0.17332661290322582,1.0,follow,0
1786523891.0382054,10.449282977153535,0.8850806451612904,38.706871978670584,0.0,0.0,-0.761332028229502,0.23180996055325656,1.0,follow,0
1786523891.1358051,10.378645613253411,0.8306451612903225,42.206871978670584,0.0,0.0,-0.7506896297634367,0.29619128080319246,1.0,follow,0
1786523891.2279923,10.34520580788688,0.8669354838709677,38.706871978670584,0.0,0.0,-0.7686823944981669,0.28799811175492473,1.0,follow,0
1786523891.3227248,10.458756052798025,0.8790322580645161,35.206871978670584,0.0,0.0,-0.7848141705719726,0.31507944458395515,1.0,follow,0
1786523891.416777,10.462741421386896,0.8306451612903225,38.706871978670584,0.0,0.0,-0.7665687136989978,0.306155602314426,1.0,follow,0
1786523891.507459,10.505524274869071,0.8306451612903225,42.206871978670584,0.0,0.0,-0.7386015951279281,0.2755895228133626,1.0,follow,0
1786523891.6032448,10.608182190555523,0.8185483870967742,45.706871978670584,0.0,0.0,-0.7328294763026633,0.3345795383135568,1.0,follow,0
1786523891.702163,10.569286459268174,0.8366935483870968,49.206871978670584,0.0,0.0,-0.699771849495781,0.3158471138530965,1.0,follow,0
1786523891.792168,10.488921435797527,0.872983870967742,45.706871978670584,0.0,0.0,-0.7025545518331364,0.37977654305293046,1.0,follow,0
1786523891.8897762,10.58940820626244,0.8850806451612904,42.206871978670584,0.0,0.0,-0.7211470403933702,0.35409142143534944,1.0,follow,0
1786523891.9883587,10.536662607905404,0.8790322580645161,38.706871978670584,0.0,0.0,-0.7296338476012598,0.3669800969630053,1.0,follow,0
1786523892.0854619,10.462511195393702,0.872983870967742,35.206871978670584,0.0,0.0,-0.7532341969846595,0.31815732030875127,1.0,follow,0
1786523892.1836076,10.43089668906435,1.0,31.706871978670584,0.0,0.0,-0.7804604035827557,0.3081147810349648,1.0,follow,0
1786523892.2788193,10.380895616892094,0.7943548387096775,35.206871978670584,0.0,0.0,-0.7627653530453271,0.181491935483871,1.0,follow,0
1786523892.3777766,10.404836104789439,0.872983870967742,31.706871978670584,0.0,0.0,-0.8098446020166568,0.22737178730884072,1.0,follow,0
1786523892.4702728,10.346956194373856,0.8790322580645161,28.206871978670584,0.0,0.0,-0.82,0.2708393837015334,1.0,follow,0
1786523892.5639997,10.426343456563476,0.49193548387096775,24.706871978670584,0.0,0.0,-0.8012878721582366,0.15427419354838712,1.0,follow,0
1786523892.6613097,10.465199953587739,0.5100806451612904,21.206871978670584,0.0,0.0,-0.817109344588401,0.15590725806451614,1.0,follow,0
1786523892.744525,10.442722347801466,0.44921658986175117,24.706871978670584,0.0,0.0,-0.6671093445884011,0.1504294930875576,1.0,follow,0
1786523892.8361516,10.764473542951379,0.7580645161290323,28.206871978670584,0.0,0.0,-0.817109344588401,0.1782258064516129,1.0,follow,0
1786523892.9285858,10.784866136453033,0.8911290322580645,24.706871978670584,0.0,0.0,-0.82,0.1902016129032258,1.0,follow,0
1786523893.0171103,10.791113950480378,0.5826612903225806,21.206871978670584,0.0,0.0,-0.82,0.1624395161290323,1.0,follow,0
1786523893.1094854,10.89465394686698,0.872983870967742,17.706871978670584,0.0,0.0,-0.82,0.1885685483870968,1.0,follow,0
1786523893.2097707,10.84199133825992,0.8669354838709677,14.206871978670584,0.0,0.0,-0.82,0.18802419354838712,1.0,follow,0
1786523893.3165965,10.70171097840272,0.782258064516129,17.706871978670584,0.0,0.0,-0.82,0.19377009021171085,1.0,follow,0
1786523893.4144108,10.440554928252267,0.8850806451612904,14.206871978670584,0.0,0.0,-0.82,0.18965725806451614,1.0,follow,0
1786523893.5244608,10.37223245700044,0.872983870967742,17.706871978670584,0.0,0.0,-0.82,0.1885685483870968,1.0,follow,0
1786523893.616019,10.13374286758459,0.8790322580645161,14.206871978670584,0.0,0.0,-0.82,0.18911290322580646,1.0,follow,0
1786523893.7177944,10.293617512805781,0.8790322580645161,17.706871978670584,0.0,0.0,-0.82,0.18911290322580646,1.0,follow,0
1786523893.813715,10.198269112921455,0.8487903225806451,21.206871978670584,0.0,0.0,-0.82,0.18639112903225807,1.0,follow,0
1786523893.9064267,10.235533154188037,0.8245967741935484,24.706871978670584,0.0,0.0,-0.82,0.18421370967741937,1.0,follow,0
1786523893.992093,10.349087785085299,0.7762096774193549,28.206871978670584,0.0,0.0,-0.82,0.17985887096774195,1.0,follow,0
1786523894.089849,10.60719589872306,0.8487903225806451,31.706871978670584,0.0,0.0,-0.82,0.18639112903225807,1.0,follow,0
1786523894.1839218,10.54227591258621,0.8306451612903225,35.206871978670584,0.0,0.0,-0.82,0.18475806451612906,1.0,follow,0
1786523894.2778642,10.54955219317303,0.969758064516129,38.706871978670584,0.0,0.0,-0.8197325511819308,0.21453096506217542,1.0,follow,0
1786523894.3730814,10.560799551608564,0.8125,42.206871978670584,0.0,0.0,-0.7883913129072366,0.2421205863245291,1.0,follow,0
1786523894.4720645,10.543155354021366,0.8790322580645161,38.706871978670584,0.0,0.0,-0.7659764333102537,0.2811607850386996,1.0,follow,0
1786523894.5690525,10.477204722391072,0.7701612903225807,42.206871978670584,0.0,0.0,-0.7654247522464914,0.32718457937732687,1.0,follow,0
1786523894.6634977,10.396654870834176,0.8245967741935484,45.706871978670584,0.0,0.0,-0.714984327613185,0.2508834464914076,1.0,follow,0
1786523894.744579,10.481534923258355,0.4331682027649769,49.206871978670584,0.0,0.0,-0.564984327613185,0.14898513824884793,1.0,follow,0
1786523894.8402927,10.857557349693161,0.7641129032258064,52.706871978670584,0.0,0.0,-0.6719348387177682,0.17877016129032258,1.0,follow,0
1786523894.9478886,10.77407543080918,0.872983870967742,49.206871978670584,0.0,0.0,-0.6510698939752502,0.24102981654009514,1.0,follow,0
1786523895.0432346,10.477895595613209,0.8850806451612904,45.706871978670584,0.0,0.0,-0.6620229354179742,0.31097360994035683,1.0,follow,0
1786523895.1378284,10.4789913891093,0.8366935483870968,49.206871978670584,0.0,0.0,-0.6681787801022877,0.37297654574008504,1.0,follow,0
1786523895.2246344,10.490197985940306,0.5100806451612904,45.706871978670584,0.0,0.0,-0.5181787801022877,0.15590725806451614,1.0,follow,0
1786523895.322149,10.663510847974425,0.8487903225806451,49.206871978670584,0.0,0.0,-0.6681787801022877,0.18639112903225807,1.0,follow,0
1786523895.4123611,10.603390515036722,0.752016129032258,52.706871978670584,0.0,0.0,-0.6449100202329607,0.24911482838189342,1.0,follow,0
1786523895.5037415,10.70768868516039,0.5100806451612904,49.206871978670584,0.0,0.0,-0.4982906097341516,0.15590725806451614,1.0,follow,0
1786523895.5952306,10.763496194698362,0.8850806451612904,45.706871978670584,0.0,0.0,-0.6482906097341516,0.18965725806451614,1.0,follow,0
1786523895.6832252,10.791234389456754,0.6431451612903225,42.206871978670584,0.0,0.0,-0.616762878651476,0.16788306451612903,1.0,follow,0
1786523895.7758782,10.87114105995039,0.8125,45.706871978670584,0.0,0.0,-0.6902752187728247,0.2259666576162565,1.0,follow,0
1786523895.8744063,10.890924757574663,0.8971774193548387,42.206871978670584,0.0,0.0,-0.6962456315675881,0.2852188428164957,1.0,follow,0
1786523895.965516,10.72477193931017,0.8850806451612904,38.706871978670584,0.0,0.0,-0.7329511189333204,0.31729670279606087,1.0,follow,0
1786523896.0597644,10.798462529096229,0.8850806451612904,35.206871978670584,0.0,0.0,-0.746590312577109,0.3453576788824036,1.0,follow,0
1786523896.1510384,10.76358632229478,0.8850806451612904,31.706871978670584,0.0,0.0,-0.7765384392017561,0.2888985614699304,1.0,follow,0
1786523896.2407954,10.769476425385689,0.7943548387096775,35.206871978670584,0.0,0.0,-0.7851599171242682,0.1970480467976737,1.0,follow,0
1786523896.3460956,10.82613116714661,0.8850806451612904,31.706871978670584,0.0,0.0,-0.82,0.2493261573131731,1.0,follow,0
1786523896.4436104,10.594868023463228,0.872983870967742,28.206871978670584,0.0,0.0,-0.82,0.3019371179254481,1.0,follow,0
1786523896.5410075,10.52169818524373,0.8971774193548387,24.706871978670584,0.0,0.0,-0.82,0.22322123772204577,1.0,follow,0
1786523896.6446846,10.457353152400826,0.8911290322580645,21.206871978670584,0.0,0.0,-0.82,0.20884130575603302,1.0,follow,0
1786523896.7375634,10.309957945754135,0.8850806451612904,17.706871978670584,0.0,0.0,-0.82,0.18965725806451614,1.0,follow,0
1786523896.8358028,10.351105322003011,0.8790322580645161,14.206871978670584,0.0,0.0,-0.82,0.18911290322580646,1.0,follow,0
1786523896.9281602,10.36848360020036,0.8911290322580645,10.749644659165106,0.0,0.0,-0.82,0.1902016129032258,1.0,follow,0
1786523897.0032444,10.462182494343928,0.4616935483870968,14.249644659165106,0.0,0.0,-0.82,0.15155241935483874,1.0,follow,0
1786523897.1029167,11.026159931514872,0.8850806451612904,10.749644659165106,0.0,0.0,-0.82,0.18965725806451614,1.0,follow,0
1786523897.20069,10.799040329484287,0.872983870967742,8.497388613044604,0.0,0.0,-0.82,0.1885685483870968,1.0,follow,0
1786523897.2971056,10.633464127408173,0.872983870967742,7.062235986776749,0.0,0.0,-0.82,0.1885685483870968,1.0,follow,0
1786523897.3913968,10.660230184337088,0.8850806451612904,5.875565554896957,0.0,0.0,-0.82,0.18965725806451614,1.0,follow,0
1786523897.491447,10.661538848495725,0.872983870967742,9.375565554896957,0.0,0.0,-0.82,0.1885685483870968,1.0,follow,0
1786523897.5897853,10.506286305052125,0.8971774193548387,7.651215506319943,0.0,0.0,-0.82,0.1907459677419355,1.0,follow,0
1786523897.688478,10.463297640023605,0.8245967741935484,11.151215506319943,0.0,0.0,-0.82,0.18421370967741937,1.0,follow,0
1786523897.7939582,10.396844703362312,1.0,8.626890051377119,0.0,0.0,-0.82,0.2,1.0,follow,0
1786523897.8890843,10.21406560500035,0.8245967741935484,12.126890051377117,0.0,0.0,-0.82,0.18421370967741937,1.0,follow,0
1786523897.999833,10.262006010498672,1.0,9.402908410476547,0.0,0.0,-0.82,0.2,1.0,follow,0
1786523898.0989637,9.98246270851955,0.9092741935483871,7.479458425397607,0.0,0.0,-0.82,0.19183467741935487,1.0,follow,0
1786523898.1943927,10.027491839081048,1.0,6.443111655552956,0.0,0.0,-0.82,0.2,1.0,follow,0
1786523898.2904563,10.129792910954919,0.9032258064516129,5.78975015931163,0.0,0.0,-0.82,0.19129032258064516,1.0,follow,0
1786523898.3826258,10.197785828408987,0.8850806451612904,5.55452619897581,0.0,0.0,-0.82,0.18965725806451614,1.0,follow,0
1786523898.4797063,10.25633328641657,0.8850806451612904,5.174682650452239,0.0,0.0,-0.82,0.18965725806451614,1.0,follow,0
1786523898.5724158,10.32066289363781,0.8185483870967742,8.67468265045224,0.0,0.0,-0.82,0.18366935483870972,1.0,follow,0
1786523898.6713817,10.398293995621952,0.8911290322580645,7.20466318347787,0.0,0.0,-0.82,0.1902016129032258,1.0,follow,0
1786523898.7688353,10.362050455315972,0.8971774193548387,6.260429558920707,0.0,0.0,-0.82,0.1907459677419355,1.0,follow,0
1786523898.869418,10.351948168765796,0.939516129032258,5.572898697513036,0.0,0.0,-0.82,0.19455645161290325,1.0,follow,0
1786523898.969619,10.260054147489086,0.9334677419354839,5.206075505703573,0.0,0.0,-0.82,0.19401209677419357,1.0,follow,0
1786523899.064378,10.192947151743418,0.8850806451612904,4.916836313448125,0.0,0.0,-0.82,0.18965725806451614,1.0,follow,0
1786523899.1702678,10.287394841282813,0.9092741935483871,4.578830598013426,0.0,0.0,-0.82,0.19183467741935487,1.0,follow,0
1786523899.259603,10.118324982207026,0.8004032258064516,8.078830598013425,0.0,0.0,-0.82,0.18203629032258065,1.0,follow,0
1786523899.361401,10.335961863000449,0.8971774193548387,7.032919279050815,0.0,0.0,-0.82,0.1907459677419355,1.0,follow,0
1786523899.4592028,10.220280624986211,0.8911290322580645,6.088282696121307,0.0,0.0,-0.82,0.1902016129032258,1.0,follow,0
1786523899.5569553,10.204834185237889,0.872983870967742,5.395959255846967,0.0,0.0,-0.82,0.1885685483870968,1.0,follow,0
1786523899.656428,10.214399283351256,0.8850806451612904,5.068897216798945,0.0,0.0,-0.82,0.18965725806451614,1.0,follow,0
1786523899.7492948,10.198864233149223,0.872983870967742,4.907411020169753,0.0,0.0,-0.82,0.1885685483870968,1.0,follow,0
1786523899.8448043,10.312933153160944,0.7641129032258064,8.407411020169754,0.0,0.0,-0.82,0.17877016129032258,1.0,follow,0
1786523899.9255605,10.34240314359048,0.5100806451612904,6.960266552064359,0.0,0.0,-0.82,0.15590725806451614,1.0,follow,0
1786523900.0211754,10.751503227670517,0.8850806451612904,5.917797542091031,0.0,0.0,-0.82,0.18965725806451614,1.0,follow,0
1786523900.1197054,10.692141684666428,0.7580645161290323,9.41779754209103,0.0,0.0,-0.82,0.1782258064516129,1.0,follow,0
1786523900.2173212,10.58162452348336,0.8850806451612904,7.603238991585252,0.0,0.0,-0.82,0.18965725806451614,1.0,follow,0
1786523900.3117435,10.520048231174219,0.8790322580645161,6.367994446155102,0.0,0.0,-0.82,0.18911290322580646,1.0,follow,0
1786523900.402167,10.537182299267169,0.782258064516129,9.867994446155102,0.0,0.0,-0.82,0.18040322580645163,1.0,follow,0
1786523900.4998736,10.641439197114705,0.8790322580645161,7.965512935014694,0.0,0.0,-0.82,0.18911290322580646,1.0,follow,0
1786523900.6009104,10.539934383332785,0.842741935483871,11.465512935014694,0.0,0.0,-0.82,0.1858467741935484,1.0,follow,0
1786523900.6930785,10.42479563309629,0.872983870967742,8.890826351732816,0.0,0.0,-0.82,0.1885685483870968,1.0,follow,0
1786523900.7917073,10.522673581066407,0.8004032258064516,12.390826351732816,0.0,0.0,-0.82,0.18203629032258065,1.0,follow,0
1786523900.8804648,10.437002460070847,0.6794354838709677,11.68462021519409,0.0,0.0,-0.82,0.1711491935483871,1.0,follow,0
1786523900.973537,10.61289247670847,0.8245967741935484,15.18462021519409,0.0,0.0,-0.82,0.18421370967741937,1.0,follow,0
1786523901.06103,10.631210766223907,0.6370967741935484,14.74433808752265,0.0,0.0,-0.82,0.16733870967741937,1.0,follow,0
1786523901.1559842,10.788803394003136,0.872983870967742,11.24433808752265,0.0,0.0,-0.82,0.1885685483870968,1.0,follow,0
1786523901.2431104,10.74728836380315,0.7399193548387096,14.74433808752265,0.0,0.0,-0.82,0.17659274193548388,1.0,follow,0
1786523901.3365893,10.894168992463458,0.8004032258064516,18.24433808752265,0.0,0.0,-0.82,0.18203629032258065,1.0,follow,0
1786523901.4139688,10.854298872903515,0.5463709677419355,19.52876973901124,0.0,0.0,-0.82,0.1591733870967742,1.0,follow,0
1786523901.5064328,11.176210808208268,0.8245967741935484,23.02876973901124,0.0,0.0,-0.82,0.18421370967741937,1.0,follow,0
1786523901.5967894,11.168088379319656,0.8245967741935484,26.52876973901124,0.0,0.0,-0.82,0.18421370967741937,1.0,follow,0
1786523901.6881485,11.134536503022131,0.8669354838709677,23.02876973901124,0.0,0.0,-0.82,0.19837442171738723,1.0,follow,0
1786523901.7681904,11.11458376205103,0.49798387096774194,26.52876973901124,0.0,0.0,-0.7866369394556185,0.1548185483870968,1.0,follow,0
1786523901.8567348,11.390635716477593,0.6370967741935484,23.02876973901124,0.0,0.0,-0.82,0.16733870967741937,1.0,follow,0
1786523901.9678354,11.361077451853928,0.8125,26.52876973901124,0.0,0.0,-0.82,0.183125,1.0,follow,0
1786523902.0631251,10.862922255050119,0.8306451612903225,30.02876973901124,0.0,0.0,-0.82,0.18475806451612906,1.0,follow,0
1786523902.1626892,10.821709116299923,0.9032258064516129,26.52876973901124,0.0,0.0,-0.82,0.24575166016613575,1.0,follow,0
1786523902.2523289,10.678451690094763,0.5100806451612904,29.202199531098533,0.0,0.0,-0.7346663342474284,0.15590725806451614,1.0,follow,0
1786523902.3550522,10.7725102154686,1.0,25.702199531098533,0.0,0.0,-0.82,0.2,1.0,follow,0
1786523902.453627,10.564675578525373,0.8850806451612904,22.202199531098533,0.0,0.0,-0.82,0.20457064560240307,1.0,follow,0
1786523902.5415072,10.465944590036132,0.6068548387096775,18.702199531098533,0.0,0.0,-0.82,0.17139921059886196,1.0,follow,0
1786523902.6378918,10.667902618236806,1.0,15.202199531098533,0.0,0.0,-0.82,0.2,1.0,follow,0
1786523902.7254431,10.603839994700142,0.7399193548387096,18.702199531098533,0.0,0.0,-0.82,0.19299929451909154,1.0,follow,0
1786523902.8246136,10.757000212664106,0.8608870967741936,15.202199531098533,0.0,0.0,-0.82,0.18747983870967744,1.0,follow,0
1786523902.920738,10.607363864080247,0.6431451612903225,16.81771136596912,0.0,0.0,-0.82,0.16788306451612903,1.0,follow,0
1786523903.0137813,10.590841231983958,0.8669354838709677,13.31771136596912,0.0,0.0,-0.82,0.18802419354838712,1.0,follow,0
1786523903.1118612,10.614544194521446,1.0,9.916702186799073,0.0,0.0,-0.82,0.2,1.0,follow,0
1786523903.2075229,10.543733215790922,0.8790322580645161,8.048975362265141,0.0,0.0,-0.82,0.18911290322580646,1.0,follow,0
1786523903.308243,10.523499919426994,0.8548387096774193,11.54897536226514,0.0,0.0,-0.82,0.18693548387096773,1.0,follow,0
1786523903.4035537,10.386536513390896,0.8790322580645161,9.017467017374491,0.0,0.0,-0.82,0.18911290322580646,1.0,follow,0
1786523903.5026658,10.4207967758682,0.872983870967742,7.4021182445578635,0.0,0.0,-0.82,0.1885685483870968,1.0,follow,0
1786523903.595139,10.363849499313854,0.6431451612903225,8.381494898572543,0.0,0.0,-0.82,0.16788306451612903,1.0,follow,0
1786523903.6917415,10.451368895872394,0.8669354838709677,6.900612947599951,0.0,0.0,-0.82,0.18802419354838712,1.0,follow,0
1786523903.7849145,10.423497089452976,0.625,8.00981175544298,0.0,0.0,-0.82,0.16625,1.0,follow,0
1786523903.8771768,10.48615223381736,0.8850806451612904,6.625791721084882,0.0,0.0,-0.82,0.18965725806451614,1.0,follow,0
1786523903.9637334,10.55221351491874,0.6370967741935484,9.157757996966758,0.0,0.0,-0.82,0.16733870967741937,1.0,follow,0
1786523904.0601141,10.768349470868255,0.8245967741935484,12.657757996966758,0.0,0.0,-0.82,0.18421370967741937,1.0,follow,0
1786523904.1430752,10.683645536268706,0.4737903225806452,16.157757996966758,0.0,0.0,-0.82,0.15264112903225807,1.0,follow,0
1786523904.2389266,10.919404675702967,0.7036290322580645,12.657757996966758,0.0,0.0,-0.82,0.17332661290322582,1.0,follow,0
1786523904.3217766,10.856437837989485,0.5100806451612904,16.157757996966758,0.0,0.0,-0.82,0.15590725806451614,1.0,follow,0
1786523904.4205186,11.093183217866637,0.8548387096774193,19.657757996966758,0.0,0.0,-0.82,0.18693548387096773,1.0,follow,0
1786523904.5197423,10.906891547797358,1.0,16.157757996966758,0.0,0.0,-0.82,0.2,1.0,follow,0
1786523904.599633,10.732615147558047,0.36297235023041474,12.657757996966758,0.0,0.0,-0.82,0.14266751152073734,1.0,follow,0
1786523904.6940086,11.09078215013834,0.625,15.188093497869792,0.0,0.0,-0.82,0.16625,1.0,follow,0
1786523904.785893,10.990822049651547,0.5826612903225806,15.663310897495647,0.0,0.0,-0.82,0.1624395161290323,1.0,follow,0
1786523904.8849475,10.971000959975981,0.8125,19.16331089749565,0.0,0.0,-0.82,0.183125,1.0,follow,0
1786523904.9748957,10.803350597295573,0.49193548387096775,22.66331089749565,0.0,0.0,-0.82,0.15427419354838712,1.0,follow,0
1786523905.0745032,10.853803305688766,0.8245967741935484,26.16331089749565,0.0,0.0,-0.82,0.18421370967741937,1.0,follow,0
1786523905.1631618,10.700165943711335,0.7762096774193549,29.66331089749565,0.0,0.0,-0.82,0.18073591536641417,1.0,follow,0
1786523905.2542691,10.815130975440711,0.872983870967742,26.16331089749565,0.0,0.0,-0.82,0.21537410672485874,1.0,follow,0
1786523905.346746,10.847294437119741,0.872983870967742,22.66331089749565,0.0,0.0,-0.82,0.20031405465034877,1.0,follow,0
1786523905.437759,10.839861749614196,0.7580645161290323,26.16331089749565,0.0,0.0,-0.82,0.1827260745750399,1.0,follow,0
1786523905.5338626,10.833754930528189,0.872983870967742,22.66331089749565,0.0,0.0,-0.82,0.22715642788622917,1.0,follow,0
1786523905.6324513,10.776547254674611,1.0,19.16331089749565,0.0,0.0,-0.82,0.2,1.0,follow,0
1786523905.7318175,10.613485212027445,0.8306451612903225,22.66331089749565,0.0,0.0,-0.82,0.2189227024979653,1.0,follow,0
1786523905.8263724,10.498432617148652,0.872983870967742,19.16331089749565,0.0,0.0,-0.82,0.20458818103975684,1.0,follow,0
1786523905.9199667,10.566295847257665,0.655241935483871,15.663310897495649,0.0,0.0,-0.82,0.16897177419354842,1.0,follow,0
1786523906.0128489,10.585419957605566,0.8790322580645161,12.163310897495649,0.0,0.0,-0.82,0.18911290322580646,1.0,follow,0
1786523906.1155887,10.626814713448246,0.872983870967742,9.2792285443043,0.0,0.0,-0.82,0.1885685483870968,1.0,follow,0
1786523906.2120526,10.446997767127316,0.7278225806451613,12.7792285443043,0.0,0.0,-0.82,0.17550403225806452,1.0,follow,0
1786523906.306636,10.423622054951249,1.0,9.359004105125656,0.0,0.0,-0.82,0.2,1.0,follow,0
1786523906.4046323,10.459870310581657,0.872983870967742,7.658244526449532,0.0,0.0,-0.82,0.1885685483870968,1.0,follow,0
1786523906.5034761,10.410895123196084,0.8850806451612904,6.741933229253881,0.0,0.0,-0.82,0.18965725806451614,1.0,follow,0
1786523906.6002662,10.34243854979625,0.8911290322580645,5.952182877110056,0.0,0.0,-0.82,0.1902016129032258,1.0,follow,0
1786523906.6986284,10.339072446537008,0.8245967741935484,9.452182877110056,0.0,0.0,-0.82,0.18421370967741937,1.0,follow,0
1786523906.8015957,10.316693419695415,1.0,7.2530562899923,0.0,0.0,-0.82,0.2,1.0,follow,0
1786523906.900721,10.191441864118033,0.7580645161290323,10.753056289992301,0.0,0.0,-0.82,0.1782258064516129,1.0,follow,0
1786523907.0005665,10.166157051419464,0.8911290322580645,8.468594080955512,0.0,0.0,-0.82,0.1902016129032258,1.0,follow,0
1786523907.0993524,10.136221343038773,0.8911290322580645,6.919190030198864,0.0,0.0,-0.82,0.1902016129032258,1.0,follow,0
1786523907.1843958,10.134943131765876,0.6008064516129032,8.997776512646496,0.0,0.0,-0.82,0.16407258064516128,1.0,follow,0
1786523907.2784665,10.4703627968883,0.8004032258064516,12.497776512646496,0.0,0.0,-0.82,0.18203629032258065,1.0,follow,0
1786523907.3725,10.487593077190246,0.8306451612903225,15.997776512646496,0.0,0.0,-0.82,0.18475806451612906,1.0,follow,0
1786523907.4668632,10.530600098221463,0.6068548387096775,15.340191119916195,0.0,0.0,-0.82,0.164616935483871,1.0,follow,0
1786523907.5663614,10.531849185874389,0.939516129032258,11.840191119916195,0.0,0.0,-0.82,0.19455645161290325,1.0,follow,0
1786523907.6580186,10.44815426265611,0.6491935483870968,10.126302262981179,0.0,0.0,-0.82,0.16842741935483874,1.0,follow,0
1786523907.7688448,10.521213245233888,0.8971774193548387,8.171672592885168,0.0,0.0,-0.82,0.1907459677419355,1.0,follow,0
1786523907.862554,10.234675944217948,0.8911290322580645,6.584073948891045,0.0,0.0,-0.82,0.1902016129032258,1.0,follow,0
1786523907.9590683,10.301122413298357,0.842741935483871,10.084073948891046,0.0,0.0,-0.82,0.1858467741935484,1.0,follow,0
1786523908.0521457,10.330030543760031,0.8850806451612904,7.927479471635112,0.0,0.0,-0.82,0.18965725806451614,1.0,follow,0
1786523908.144257,10.404473694758247,0.6189516129032258,10.183474774902233,0.0,0.0,-0.82,0.16570564516129035,1.0,follow,0
1786523908.2449608,10.48186239099116,0.8911290322580645,8.034145183632106,0.0,0.0,-0.82,0.1902016129032258,1.0,follow,0
1786523908.3376436,10.363328214840724,0.782258064516129,11.534145183632106,0.0,0.0,-0.82,0.18040322580645163,1.0,follow,0
1786523908.4411223,10.47342767688144,0.9455645161290323,8.834894502580424,0.0,0.0,-0.82,0.19510080645161293,1.0,follow,0
1786523908.542145,10.318861125700437,0.9032258064516129,6.9996529664420954,0.0,0.0,-0.82,0.19129032258064516,1.0,follow,0
1786523908.6446025,10.231911056149329,0.8850806451612904,5.920161915118563,0.0,0.0,-0.82,0.18965725806451614,1.0,follow,0
1786523908.737576,10.140356167347269,0.8004032258064516,9.420161915118562,0.0,0.0,-0.82,0.18203629032258065,1.0,follow,0
1786523908.8322039,10.22268037354646,0.7883064516129032,12.920161915118562,0.0,0.0,-0.82,0.1809475806451613,1.0,follow,0
1786523908.929745,10.332254304653336,0.782258064516129,16.420161915118562,0.0,0.0,-0.82,0.18040322580645163,1.0,follow,0
1786523909.018552,10.311141930156204,0.5100806451612904,19.920161915118562,0.0,0.0,-0.82,0.15590725806451614,1.0,follow,0
1786523909.1153514,10.505873336675851,0.7157258064516129,23.420161915118562,0.0,0.0,-0.82,0.17441532258064518,1.0,follow,0
1786523909.2166996,10.45208298386008,0.8971774193548387,19.920161915118562,0.0,0.0,-0.82,0.1907459677419355,1.0,follow,0
1786523909.3104005,10.323038804881866,0.8245967741935484,23.420161915118562,0.0,0.0,-0.82,0.18421370967741937,1.0,follow,0
1786523909.4055362,10.393927230543493,0.872983870967742,19.920161915118562,0.0,0.0,-0.82,0.1885685483870968,1.0,follow,0
1786523909.499763,10.392441643617374,0.782258064516129,23.420161915118562,0.0,0.0,-0.82,0.1874763030449529,1.0,follow,0
1786523909.588806,10.499364423834784,0.7580645161290323,26.920161915118562,0.0,0.0,-0.82,0.1782258064516129,1.0,follow,0
1786523909.6825745,10.59072029140481,0.8850806451612904,23.420161915118562,0.0,0.0,-0.82,0.1987255480146127,1.0,follow,0
1786523909.7660894,10.65738181481344,0.594758064516129,19.920161915118562,0.0,0.0,-0.82,0.16352822580645163,1.0,follow,0
1786523909.8619072,10.916470608350515,0.8306451612903225,16.420161915118562,0.0,0.0,-0.82,0.18475806451612906,1.0,follow,0
1786523909.9484582,10.816630247971284,0.655241935483871,13.694526243761574,0.0,0.0,-0.82,0.16897177419354842,1.0,follow,0
1786523910.0312304,10.963132324188079,0.594758064516129,10.586484941674467,0.0,0.0,-0.82,0.16352822580645163,1.0,follow,0
1786523910.1206045,11.170180933747666,0.6431451612903225,10.86999303408017,0.0,0.0,-0.82,0.16788306451612903,1.0,follow,0
1786523910.217952,11.160715003120284,0.872983870967742,8.48587966236352,0.0,0.0,-0.82,0.1885685483870968,1.0,follow,0
1786523910.3201404,11.011695721501791,0.8790322580645161,7.094639576131423,0.0,0.0,-0.82,0.18911290322580646,1.0,follow,0
1786523910.406175,10.768720371394569,0.6310483870967742,9.78533462796204,0.0,0.0,-0.82,0.1667943548387097,1.0,follow,0
1786523910.5054336,10.925427034156954,0.8790322580645161,7.938260108961607,0.0,0.0,-0.82,0.18911290322580646,1.0,follow,0
1786523910.6091602,10.761926125454817,0.9455645161290323,6.665200993556311,0.0,0.0,-0.82,0.19510080645161293,1.0,follow,0
1786523910.7015452,10.506025840430615,0.8245967741935484,10.165200993556311,0.0,0.0,-0.82,0.18421370967741937,1.0,follow,0
1786523910.7903948,10.579522186961682,0.8971774193548387,8.217607377447475,0.0,0.0,-0.82,0.1907459677419355,1.0,follow,0
1786523910.8838599,10.75044202058343,0.6491935483870968,6.865820052436714,0.0,0.0,-0.82,0.16842741935483874,1.0,follow,0
1786523910.980552,10.7327202996421,0.8850806451612904,5.968793375009726,0.0,0.0,-0.82,0.18965725806451614,1.0,follow,0
1786523911.072501,10.66431591235891,0.8790322580645161,5.254613084444952,0.0,0.0,-0.82,0.18911290322580646,1.0,follow,0
1786523911.1732345,10.705983056337713,1.0,5.01482199162356,0.0,0.0,-0.82,0.2,1.0,follow,0
1786523911.2692144,10.546914704541198,0.8004032258064516,8.51482199162356,0.0,0.0,-0.82,0.18203629032258065,1.0,follow,0
1786523911.3664238,10.52450253485398,0.872983870967742,7.413885934245049,0.0,0.0,-0.82,0.1885685483870968,1.0,follow,0
1786523911.4610484,10.43879685738802,0.8850806451612904,6.472821481499002,0.0,0.0,-0.82,0.18965725806451614,1.0,follow,0
1786523911.5575504,10.485279106948727,1.0,5.899791724385914,0.0,0.0,-0.82,0.2,1.0,follow,0
1786523911.6699855,10.467106617524088,0.8911290322580645,5.624424188421354,0.0,0.0,-0.82,0.1902016129032258,1.0,follow,0
1786523911.7829034,10.154499431131878,0.8669354838709677,5.44658511419129,0.0,0.0,-0.82,0.18802419354838712,1.0,follow,0
1786523911.868143,9.900600560008286,0.5100806451612904,8.94658511419129,0.0,0.0,-0.82,0.15590725806451614,1.0,follow,0
1786523911.9629304,10.271427910399723,0.6915322580645161,7.730130523159529,0.0,0.0,-0.82,0.17223790322580645,1.0,follow,0
1786523912.0719004,10.319783780055158,1.0,6.847208900752004,0.0,0.0,-0.82,0.2,1.0,follow,0
1786523912.1784906,10.096530180010749,0.9939516129032258,5.68912098991943,0.0,0.0,-0.82,0.19945564516129033,1.0,follow,0
1786523912.2619498,9.953066033563912,0.4901267281105991,9.18912098991943,0.0,0.0,-0.82,0.15411140552995395,1.0,follow,0
1786523912.3484123,10.357022154335823,0.3408294930875576,12.68912098991943,0.0,0.0,-0.8038935795947297,0.1406746543778802,1.0,follow,0
1786523912.4357936,10.601507068069889,0.5524193548387096,16.155413452757177,0.0,0.0,-0.82,0.15971774193548388,1.0,follow,0
1786523912.5369134,10.754057107507139,0.8790322580645161,12.655413452757177,0.0,0.0,-0.82,0.18911290322580646,1.0,follow,0
1786523912.6303184,10.564020176645851,0.7883064516129032,16.155413452757177,0.0,0.0,-0.82,0.1809475806451613,1.0,follow,0
1786523912.7210114,10.619057132851875,0.7036290322580645,19.655413452757177,0.0,0.0,-0.82,0.17332661290322582,1.0,follow,0
1786523912.8168306,10.673164012556498,0.7641129032258064,23.155413452757177,0.0,0.0,-0.82,0.17877016129032258,1.0,follow,0
1786523912.9111009,10.634504594708439,0.8790322580645161,19.655413452757177,0.0,0.0,-0.82,0.18911290322580646,1.0,follow,0
1786523913.004204,10.644455783397557,0.7399193548387096,23.155413452757177,0.0,0.0,-0.82,0.17659274193548388,1.0,follow,0
1786523913.111096,10.659928499192574,0.7278225806451613,26.655413452757177,0.0,0.0,-0.82,0.18468312840906892,1.0,follow,0
1786523913.1952548,10.372427523043344,0.4362672811059908,23.909893484417,0.0,0.0,-0.803099364354875,0.1492640552995392,1.0,follow,0
1786523913.2841322,10.687508987453354,0.43289170506912444,20.409893484417,0.0,0.0,-0.82,0.1489602534562212,1.0,follow,0
1786523913.3675969,10.823806145479828,0.30192396313364056,16.909893484417,0.0,0.0,-0.82,0.13717315668202765,1.0,follow,0
1786523913.4569476,11.033450552177786,0.467741935483871,13.409893484417001,0.0,0.0,-0.82,0.1520967741935484,1.0,follow,0
1786523913.5406415,11.064394893383563,0.32578341013824885,9.909893484417001,0.0,0.0,-0.82,0.1393205069124424,1.0,follow,0
1786523913.6100738,11.285751362307057,0.3700691244239631,13.409893484417001,0.0,0.0,-0.82,0.1433062211981567,1.0,follow,0
1786523913.6951327,11.858804774503694,0.5040322580645161,16.909893484417,0.0,0.0,-0.8144434987438889,0.15536290322580648,1.0,follow,0
1786523913.775904,11.869739851836394,0.47655529953917053,15.652734704833259,0.0,0.0,-0.82,0.15288997695852535,1.0,follow,0
1786523913.8722806,11.97561098958404,0.872983870967742,12.152734704833259,0.0,0.0,-0.82,0.1885685483870968,1.0,follow,0
1786523913.9711232,11.655262171949527,0.8245967741935484,15.652734704833257,0.0,0.0,-0.82,0.18421370967741937,1.0,follow,0
1786523914.0780892,11.33550205782601,0.8850806451612904,12.152734704833257,0.0,0.0,-0.82,0.18965725806451614,1.0,follow,0
1786523914.1713006,10.925727950209373,0.6915322580645161,15.652734704833257,0.0,0.0,-0.82,0.17223790322580645,1.0,follow,0
1786523914.2687051,10.914311345506082,0.8125,19.152734704833257,0.0,0.0,-0.82,0.183125,1.0,follow,0
1786523914.364577,10.78800682052878,0.8850806451612904,15.652734704833257,0.0,0.0,-0.82,0.18965725806451614,1.0,follow,0
1786523914.457118,10.709239262258127,0.594758064516129,15.497199287508627,0.0,0.0,-0.82,0.16352822580645163,1.0,follow,0
1786523914.5426333,10.71162954924011,0.3301152073732719,18.99719928750863,0.0,0.0,-0.7648430588457542,0.1397103686635945,1.0,follow,0
1786523914.6362216,10.929697774233272,0.8790322580645161,15.497199287508629,0.0,0.0,-0.82,0.18911290322580646,1.0,follow,0
1786523914.7246163,10.885929362529934,0.37783410138248846,11.997199287508629,0.0,0.0,-0.82,0.14400506912442398,1.0,follow,0
1786523914.8126988,10.950197135473442,0.6068548387096775,11.1484074359393,0.0,0.0,-0.82,0.164616935483871,1.0,follow,0
1786523914.9027555,11.01618267969432,0.8125,14.648407435939298,0.0,0.0,-0.82,0.183125,1.0,follow,0
1786523914.9910238,11.050023954588246,0.6008064516129032,14.179574126171767,0.0,0.0,-0.82,0.16407258064516128,1.0,follow,0
1786523915.0781887,11.11779292182823,0.7278225806451613,17.679574126171765,0.0,0.0,-0.82,0.17550403225806452,1.0,follow,0
1786523915.158944,11.185672426006086,0.4371198156682028,14.179574126171765,0.0,0.0,-0.82,0.14934078341013826,1.0,follow,0
1786523915.2402942,11.417173555049938,0.6008064516129032,13.727254111907932,0.0,0.0,-0.82,0.16407258064516128,1.0,follow,0
1786523915.332576,11.613670062648232,0.7157258064516129,17.227254111907932,0.0,0.0,-0.82,0.17441532258064518,1.0,follow,0
1786523915.427864,11.45821667306215,0.8548387096774193,20.727254111907932,0.0,0.0,-0.82,0.18693548387096773,1.0,follow,0
1786523915.5022914,11.265525477515633,0.3940207373271889,24.227254111907932,0.0,0.0,-0.82,0.145461866359447,1.0,follow,0
1786523915.5903733,11.65481203078611,0.6975806451612904,27.727254111907932,0.0,0.0,-0.82,0.17278225806451616,1.0,follow,0
1786523915.6857858,11.580255060442628,0.7096774193548387,31.227254111907932,0.0,0.0,-0.82,0.21173700785148195,1.0,follow,0
1786523915.7686582,11.33696378086228,0.5887096774193548,27.727254111907932,0.0,0.0,-0.82,0.16298387096774195,1.0,follow,0
1786523915.8603287,11.498781641055627,0.49798387096774194,31.227254111907932,0.0,0.0,-0.6797959583367015,0.1548185483870968,1.0,follow,0
1786523915.949661,11.409961003160921,0.7399193548387096,34.72725411190793,0.0,0.0,-0.82,0.17659274193548388,1.0,follow,0
1786523916.0354066,11.35890814756614,0.5887096774193548,31.227254111907932,0.0,0.0,-0.8096224466876378,0.16298387096774195,1.0,follow,0
1786523916.1213229,11.455394848548908,0.46617511520737326,27.727254111907932,0.0,0.0,-0.7484223683255564,0.15195576036866362,1.0,follow,0
1786523916.2069752,11.493465748444935,0.6491935483870968,31.227254111907932,0.0,0.0,-0.82,0.16842741935483874,1.0,follow,0
1786523916.2875586,11.516442008151154,0.4708410138248848,27.727254111907932,0.0,0.0,-0.82,0.18207621468136562,1.0,follow,0
1786523916.3814113,11.709344450497877,0.872983870967742,24.227254111907932,0.0,0.0,-0.82,0.22009622635495488,1.0,follow,0
1786523916.4615934,11.490716354539495,0.3609792626728111,20.727254111907932,0.0,0.0,-0.82,0.14248813364055302,1.0,follow,0
1786523916.5445056,11.698197929537434,0.6129032258064516,17.227254111907932,0.0,0.0,-0.82,0.16516129032258065,1.0,follow,0
1786523916.6400473,11.764721760076124,0.6794354838709677,13.727254111907932,0.0,0.0,-0.82,0.1711491935483871,1.0,follow,0
1786523916.7299154,11.506232582001315,0.594758064516129,10.758765434346047,0.0,0.0,-0.82,0.16352822580645163,1.0,follow,0
1786523916.8109777,11.422573972611069,0.3610714285714286,14.258765434346046,0.0,0.0,-0.82,0.14249642857142858,1.0,follow,0
1786523916.9077678,11.62024592007899,0.8850806451612904,10.758765434346046,0.0,0.0,-0.82,0.18965725806451614,1.0,follow,0
1786523916.9874187,11.347184286567783,0.5040322580645161,14.258765434346046,0.0,0.0,-0.82,0.15536290322580648,1.0,follow,0
1786523917.0680637,11.562150347732423,0.4480299539170507,14.874385505871842,0.0,0.0,-0.82,0.15032269585253458,1.0,follow,0
1786523917.148002,11.77535196707323,0.5100806451612904,18.374385505871842,0.0,0.0,-0.8150076732776681,0.15590725806451614,1.0,follow,0
1786523917.2424362,11.920669196246145,0.24877880184331796,21.874385505871842,0.0,0.0,-0.6650076732776682,0.13239009216589864,1.0,follow,0
1786523917.3280559,11.656248240616717,0.5100806451612904,19.470076717113347,0.0,0.0,-0.8150076732776681,0.15590725806451614,1.0,follow,0
1786523917.4058547,11.666360494810668,0.4077880184331797,21.875245721738814,0.0,0.0,-0.82,0.14670092165898618,1.0,follow,0
1786523917.49663,11.859050710149598,0.6370967741935484,18.375245721738814,0.0,0.0,-0.82,0.16733870967741937,1.0,follow,0
1786523917.5744185,11.724281921649366,0.44936635944700465,15.506556034810782,0.0,0.0,-0.82,0.15044297235023044,1.0,follow,0
1786523917.656512,11.950779947218376,0.49193548387096775,19.00655603481078,0.0,0.0,-0.7711764676896617,0.15427419354838712,1.0,follow,0
1786523917.7365954,11.978806445999417,0.48084101382488476,19.665471553958657,0.0,0.0,-0.82,0.15327569124423965,1.0,follow,0
1786523917.8311033,12.082758908331462,0.8911290322580645,16.165471553958657,0.0,0.0,-0.82,0.1902016129032258,1.0,follow,0
1786523917.926031,11.764237226420956,0.8911290322580645,12.665471553958657,0.0,0.0,-0.82,0.1902016129032258,1.0,follow,0
1786523918.0101287,11.540069581994484,0.7036290322580645,9.81441233345238,0.0,0.0,-0.82,0.17332661290322582,1.0,follow,0
1786523918.1032002,11.619527806641194,0.8850806451612904,8.02857165608201,0.0,0.0,-0.82,0.18965725806451614,1.0,follow,0
1786523918.1833243,11.439720323230192,0.3429723502304147,5.218571576453306,0.0,0.0,-0.82,0.14086751152073734,1.0,follow,0
1786523918.2800212,11.642492890678254,0.872983870967742,4.979219740076305,0.0,0.0,-0.82,0.1885685483870968,1.0,follow,0
1786523918.35836,11.391903437273124,0.4485023041474654,3.236492831049598,0.0,0.0,-0.82,0.1503652073732719,1.0,follow,0
1786523918.4381516,11.662764021683968,0.4097350230414747,6.736492831049598,0.0,0.0,-0.82,0.14687615207373272,1.0,follow,0
1786523918.5243974,11.82086162704098,0.594758064516129,10.236492831049599,0.0,0.0,-0.82,0.16352822580645163,1.0,follow,0
1786523918.6231472,11.778563635600467,0.8850806451612904,8.250682603411336,0.0,0.0,-0.82,0.18965725806451614,1.0,follow,0
1786523918.7073917,11.445474683558638,0.34140552995391704,6.310460053050413,0.0,0.0,-0.82,0.14072649769585252,1.0,follow,0
1786523918.7925398,11.544713158468348,0.508847926267281,9.810460053050413,0.0,0.0,-0.82,0.1557963133640553,1.0,follow,0
1786523918.8804734,11.566580172083743,0.6491935483870968,9.011724488199382,0.0,0.0,-0.82,0.16842741935483874,1.0,follow,0
1786523918.9739604,11.537203502310026,0.8790322580645161,7.481042481225492,0.0,0.0,-0.82,0.18911290322580646,1.0,follow,0
1786523919.064102,11.370097529654043,0.7641129032258064,6.231014127874291,0.0,0.0,-0.82,0.17877016129032258,1.0,follow,0
1786523919.1528296,11.324329845860234,0.872983870967742,5.55493914673825,0.0,0.0,-0.82,0.1885685483870968,1.0,follow,0
1786523919.2327435,11.313561976378306,0.4616935483870968,4.703138782808802,0.0,0.0,-0.82,0.15155241935483874,1.0,follow,0
1786523919.3091273,11.552426293642604,0.4005529953917051,3.0570402088257214,0.0,0.0,-0.82,0.14604976958525348,1.0,follow,0
1786523919.3891098,11.806157575145868,0.43512672811059905,1.987076135736719,0.0,0.0,-0.82,0.1491614055299539,1.0,follow,0
1786523919.484403,11.944968560846775,0.6673387096774193,5.487076135736719,0.0,0.0,-0.82,0.17006048387096775,1.0,follow,0
1786523919.5786386,11.672307988288509,0.872983870967742,5.151023360040993,0.0,0.0,-0.82,0.1885685483870968,1.0,follow,0
1786523919.6554742,11.48026731362441,0.5100806451612904,8.651023360040993,0.0,0.0,-0.82,0.15590725806451614,1.0,follow,0
1786523919.7457247,11.775075733378168,0.6975806451612904,6.978058680262606,0.0,0.0,-0.82,0.17278225806451616,1.0,follow,0
1786523919.834772,11.614916491932343,0.8790322580645161,6.263522508495887,0.0,0.0,-0.82,0.18911290322580646,1.0,follow,0
1786523919.9183273,11.56700655813522,0.5887096774193548,9.763522508495887,0.0,0.0,-0.82,0.16298387096774195,1.0,follow,0
1786523920.0203943,11.63560953755308,0.8790322580645161,7.945900004005779,0.0,0.0,-0.82,0.18911290322580646,1.0,follow,0
1786523920.0972724,11.277059459532856,0.3425921658986175,11.445900004005779,0.0,0.0,-0.82,0.14083329493087557,1.0,follow,0
1786523920.180799,11.607618828681547,0.5463709677419355,14.945900004005779,0.0,0.0,-0.82,0.1591733870967742,1.0,follow,0
1786523920.2728922,11.647954091177391,0.5887096774193548,12.699205018552798,0.0,0.0,-0.82,0.16298387096774195,1.0,follow,0
1786523920.3574476,11.500942270039246,0.482315668202765,16.199205018552796,0.0,0.0,-0.82,0.15340841013824888,1.0,follow,0
1786523920.4372153,11.556404323152776,0.43097926267281106,19.699205018552796,0.0,0.0,-0.6958346504161174,0.148788133640553,1.0,follow,0
1786523920.5249195,11.799057827634105,0.625,16.199205018552796,0.0,0.0,-0.82,0.16625,1.0,follow,0
1786523920.6056738,11.708404200964473,0.4155529953917051,19.699205018552796,0.0,0.0,-0.7882608513489736,0.14739976958525347,1.0,follow,0
1786523920.6847696,11.84603173487582,0.6189516129032258,23.199205018552796,0.0,0.0,-0.82,0.16570564516129035,1.0,follow,0
1786523920.7823267,12.01560186648593,0.8911290322580645,19.699205018552796,0.0,0.0,-0.82,0.19244318590645323,1.0,follow,0
1786523920.8690174,11.653894620596269,0.6008064516129032,16.199205018552796,0.0,0.0,-0.82,0.16407258064516128,1.0,follow,0
1786523920.9607055,11.611441759878469,0.872983870967742,12.699205018552796,0.0,0.0,-0.82,0.1885685483870968,1.0,follow,0
1786523921.0519536,11.488550095785298,0.5074654377880183,16.199205018552796,0.0,0.0,-0.82,0.15567188940092166,1.0,follow,0
1786523921.1331415,11.37981917322633,0.6733870967741936,16.98098356824436,0.0,0.0,-0.82,0.17060483870967744,1.0,follow,0
1786523921.210579,11.573140212692495,0.4265092165898618,13.480983568244358,0.0,0.0,-0.82,0.14838582949308757,1.0,follow,0
1786523921.2921817,11.851378934399294,0.3809792626728111,9.980983568244358,0.0,0.0,-0.82,0.144288133640553,1.0,follow,0
1786523921.3732462,11.932649588528838,0.31797235023041476,13.480983568244358,0.0,0.0,-0.82,0.13861751152073734,1.0,follow,0
1786523921.4663525,12.013625822559765,0.7459677419354839,10.535972217346444,0.0,0.0,-0.82,0.17713709677419356,1.0,follow,0
1786523921.5515587,11.75517831594356,0.6975806451612904,8.497667512895832,0.0,0.0,-0.82,0.17278225806451616,1.0,follow,0
1786523921.6526341,11.754707297747988,0.9092741935483871,6.914676115226584,0.0,0.0,-0.82,0.19183467741935487,1.0,follow,0
1786523921.7290115,11.382850828437272,0.35111751152073734,10.414676115226584,0.0,0.0,-0.82,0.14160057603686638,1.0,follow,0
1786523921.8082118,11.670329414702884,0.43017281105990784,6.914676115226584,0.0,0.0,-0.82,0.14871555299539171,1.0,follow,0
1786523921.889561,11.917234195081535,0.5040322580645161,10.414676115226584,0.0,0.0,-0.82,0.15536290322580648,1.0,follow,0
1786523921.9702513,11.980846964964236,0.4495967741935484,13.914676115226584,0.0,0.0,-0.725,0.15046370967741937,1.0,follow,0
1786523922.0529525,12.074830511175865,0.42745391705069125,11.032537038291988,0.0,0.0,-0.82,0.14847085253456224,1.0,follow,0
1786523922.134894,12.03845736727536,0.6431451612903225,11.14781562196244,0.0,0.0,-0.82,0.16788306451612903,1.0,follow,0
1786523922.2183242,12.054752080671182,0.34388248847926267,7.64781562196244,0.0,0.0,-0.82,0.14094942396313367,1.0,follow,0
1786523922.303425,12.055285526891305,0.3613594470046083,4.971080154275587,0.0,0.0,-0.82,0.14252235023041476,1.0,follow,0
1786523922.3823164,12.017215166194907,0.3771658986175115,8.471080154275587,0.0,0.0,-0.82,0.14394493087557603,1.0,follow,0
1786523922.4808085,12.152525118325917,0.8971774193548387,7.286975293866838,0.0,0.0,-0.82,0.1907459677419355,1.0,follow,0
1786523922.5686033,11.73782611026526,0.7399193548387096,6.517200034773405,0.0,0.0,-0.82,0.17659274193548388,1.0,follow,0
1786523922.6439548,11.6486941263415,0.4993663594470047,7.041520867237094,0.0,0.0,-0.82,0.15494297235023044,1.0,follow,0
1786523922.741875,12.040004308982999,0.8911290322580645,6.0164858485858135,0.0,0.0,-0.82,0.1902016129032258,1.0,follow,0
1786523922.8456247,11.666494458139907,0.8850806451612904,5.684230470897267,0.0,0.0,-0.82,0.18965725806451614,1.0,follow,0
1786523922.9416664,11.25789738207953,0.872983870967742,5.6093639336647705,0.0,0.0,-0.82,0.1885685483870968,1.0,follow,0
1786523923.0426393,11.071964975125484,1.0,5.621761468207901,0.0,0.0,-0.82,0.2,1.0,follow,0
1786523923.1515944,10.867972404733782,1.0,5.425331545505136,0.0,0.0,-0.82,0.2,1.0,follow,0
1786523923.2399135,10.518532721259843,0.6068548387096775,5.994480087173131,0.0,0.0,-0.82,0.164616935483871,1.0,follow,0
1786523923.3284373,10.684233538879388,0.3966935483870968,5.25955388833378,0.0,0.0,-0.82,0.1457024193548387,1.0,follow,0
1786523923.4179351,10.808746045464089,0.49798387096774194,5.7680740921667155,0.0,0.0,-0.82,0.1548185483870968,1.0,follow,0
1786523923.5108416,10.880141792405787,0.7701612903225807,5.188656429595188,0.0,0.0,-0.82,0.17931451612903226,1.0,follow,0
1786523923.6229641,10.84099882921317,1.0,5.854603493672398,0.0,0.0,-0.82,0.2,1.0,follow,0
1786523923.7105162,10.469954602867572,0.5826152073732719,7.3028295117628526,0.0,0.0,-0.82,0.16243536866359448,1.0,follow,0
1786523923.7985282,10.645214128097614,0.43974654377880185,5.008369116127101,0.0,0.0,-0.82,0.14957718894009217,1.0,follow,0
1786523923.9015555,10.799131659641574,1.0,5.175341235281281,0.0,0.0,-0.82,0.2,1.0,follow,0
1786523924.0037727,10.551409859562742,0.8971774193548387,5.074692225218292,0.0,0.0,-0.82,0.1907459677419355,1.0,follow,0
1786523924.0961308,10.43830751052403,0.8850806451612904,4.8246016076945155,0.0,0.0,-0.82,0.18965725806451614,1.0,follow,0
1786523924.1960223,10.50984206544657,0.8971774193548387,4.5162402778690485,0.0,0.0,-0.82,0.1907459677419355,1.0,follow,0
1786523924.2870398,10.383517012236126,0.7217741935483871,8.016240277869048,0.0,0.0,-0.82,0.17495967741935484,1.0,follow,0
1786523924.3843079,10.541505087669426,1.0,6.57374610593508,0.0,0.0,-0.82,0.2,1.0,follow,0
1786523924.4831073,10.484791018794793,1.0,5.771216167991051,0.0,0.0,-0.82,0.2,1.0,follow,0
1786523924.5731342,10.40729204142136,0.8850806451612904,5.247690839530686,0.0,0.0,-0.82,0.18965725806451614,1.0,follow,0
1786523924.6560023,10.548382397153418,0.5524193548387096,8.747690839530687,0.0,0.0,-0.82,0.15971774193548388,1.0,follow,0
1786523924.7518902,10.860423473909385,0.8790322580645161,7.402771304279924,0.0,0.0,-0.82,0.18911290322580646,1.0,follow,0
1786523924.848213,10.778726954809215,1.0,6.333921595166866,0.0,0.0,-0.82,0.2,1.0,follow,0
1786523924.94166,10.684260925753172,1.0,5.562700984466516,0.0,0.0,-0.82,0.2,1.0,follow,0
1786523925.0432017,10.694514768573427,0.8911290322580645,4.948438452593985,0.0,0.0,-0.82,0.1902016129032258,1.0,follow,0
1786523925.137258,10.519956136754924,0.8790322580645161,4.433575552121461,0.0,0.0,-0.82,0.18911290322580646,1.0,follow,0
1786523925.233867,10.529922463186875,1.0,4.325535530761807,0.0,0.0,-0.82,0.2,1.0,follow,0
1786523925.324981,10.506739690437936,0.8911290322580645,4.112236294742881,0.0,0.0,-0.82,0.1902016129032258,1.0,follow,0
1786523925.4221005,10.60577398295727,0.8850806451612904,4.154412251979062,0.0,0.0,-0.82,0.18965725806451614,1.0,follow,0
1786523925.5209363,10.529205145219967,0.9213709677419355,4.008894502385189,0.0,0.0,-0.82,0.1929233870967742,1.0,follow,0
1786523925.6218843,10.46927689495375,0.8004032258064516,7.508894502385189,0.0,0.0,-0.82,0.18203629032258065,1.0,follow,0
1786523925.718932,10.358129054584552,0.9032258064516129,6.6379235382809565,0.0,0.0,-0.82,0.19129032258064516,1.0,follow,0
1786523925.8123665,10.345859110521697,0.8004032258064516,10.137923538280956,0.0,0.0,-0.82,0.18203629032258065,1.0,follow,0
1786523925.9132862,10.404112257691375,0.8911290322580645,8.187630351336487,0.0,0.0,-0.82,0.1902016129032258,1.0,follow,0
1786523926.0032985,10.31577602109651,0.8790322580645161,6.989494568505685,0.0,0.0,-0.82,0.18911290322580646,1.0,follow,0
1786523926.0987303,10.447760286383478,0.752016129032258,10.489494568505684,0.0,0.0,-0.82,0.17768145161290325,1.0,follow,0
1786523926.1911912,10.449911578743977,0.8125,13.989494568505684,0.0,0.0,-0.82,0.183125,1.0,follow,0
1786523926.2865655,10.544844232063763,0.8004032258064516,17.489494568505684,0.0,0.0,-0.82,0.18203629032258065,1.0,follow,0
1786523926.3690906,10.536956772325738,0.45564516129032256,17.780584571133033,0.0,0.0,-0.82,0.15100806451612905,1.0,follow,0
1786523926.4651232,10.849558363810484,0.8185483870967742,21.280584571133033,0.0,0.0,-0.82,0.18366935483870972,1.0,follow,0
1786523926.5570495,10.761126336676664,0.872983870967742,17.780584571133033,0.0,0.0,-0.82,0.1885685483870968,1.0,follow,0
1786523926.6467803,10.780870625009543,0.655241935483871,15.396061687847745,0.0,0.0,-0.82,0.16897177419354842,1.0,follow,0
1786523926.740971,10.867974201508844,0.8850806451612904,11.896061687847745,0.0,0.0,-0.82,0.18965725806451614,1.0,follow,0
1786523926.8321948,10.808278732605729,0.8064516129032258,15.396061687847745,0.0,0.0,-0.82,0.18258064516129033,1.0,follow,0
1786523926.9359133,10.837840478999727,0.8850806451612904,11.896061687847745,0.0,0.0,-0.82,0.18965725806451614,1.0,follow,0
1786523927.0298111,10.606373870551584,0.5100806451612904,8.396061687847745,0.0,0.0,-0.82,0.15590725806451614,1.0,follow,0
1786523927.1241107,10.586655418669327,0.8306451612903225,11.896061687847745,0.0,0.0,-0.82,0.18475806451612906,1.0,follow,0
1786523927.212984,10.60849414496791,0.6008064516129032,13.515008770391423,0.0,0.0,-0.82,0.16407258064516128,1.0,follow,0
1786523927.3041558,10.678754545350762,0.6491935483870968,14.115687506273341,0.0,0.0,-0.82,0.16842741935483874,1.0,follow,0
1786523927.4011338,10.807153562949429,0.655241935483871,11.212453740817205,0.0,0.0,-0.82,0.16897177419354842,1.0,follow,0
1786523927.4943333,10.70666590513666,0.7943548387096775,14.712453740817203,0.0,0.0,-0.82,0.181491935483871,1.0,follow,0
1786523927.5794964,10.710897147802491,0.4093087557603687,18.212453740817203,0.0,0.0,-0.82,0.1468377880184332,1.0,follow,0
1786523927.673788,10.914417608779093,0.685483870967742,21.712453740817203,0.0,0.0,-0.82,0.1716935483870968,1.0,follow,0
1786523927.7638958,10.830298079782791,0.6068548387096775,18.212453740817203,0.0,0.0,-0.82,0.164616935483871,1.0,follow,0
1786523927.8599713,10.909255264573183,0.9939516129032258,14.712453740817203,0.0,0.0,-0.82,0.19945564516129033,1.0,follow,0
1786523927.9521935,10.813559787521484,0.872983870967742,11.212453740817203,0.0,0.0,-0.82,0.1885685483870968,1.0,follow,0
1786523928.0487595,10.809310806664651,0.8850806451612904,8.502347093487725,0.0,0.0,-0.82,0.18965725806451614,1.0,follow,0
1786523928.1411135,10.717777724139673,0.7580645161290323,12.002347093487725,0.0,0.0,-0.82,0.1782258064516129,1.0,follow,0
1786523928.2293084,10.75023490950112,0.5100806451612904,15.502347093487725,0.0,0.0,-0.82,0.15590725806451614,1.0,follow,0
1786523928.3250499,10.868313817267452,0.7701612903225807,19.002347093487725,0.0,0.0,-0.82,0.17931451612903226,1.0,follow,0
1786523928.4246786,10.781685351154831,0.8790322580645161,15.502347093487725,0.0,0.0,-0.82,0.18911290322580646,1.0,follow,0
1786523928.5137825,10.633422123340083,0.7157258064516129,19.002347093487725,0.0,0.0,-0.82,0.17441532258064518,1.0,follow,0
1786523928.605388,10.753310927504275,0.8245967741935484,22.502347093487725,0.0,0.0,-0.82,0.18421370967741937,1.0,follow,0
1786523928.7094603,10.74222619535762,0.7883064516129032,26.002347093487725,0.0,0.0,-0.82,0.1809475806451613,1.0,follow,0
1786523928.7950943,10.512302442324351,0.5887096774193548,27.234230953669815,0.0,0.0,-0.7895623248932816,0.16298387096774195,1.0,follow,0
1786523928.8853583,10.79674719124658,0.7883064516129032,30.734230953669815,0.0,0.0,-0.82,0.1809475806451613,1.0,follow,0
1786523928.9845722,10.845819571809647,0.8245967741935484,34.234230953669815,0.0,0.0,-0.82,0.18421370967741937,1.0,follow,0
1786523929.080291,10.702947770231345,0.8790322580645161,30.734230953669815,0.0,0.0,-0.82,0.2368153849315775,1.0,follow,0
1786523929.1722717,10.651436274794005,0.8185483870967742,34.234230953669815,0.0,0.0,-0.82,0.24678644220586066,1.0,follow,0
1786523929.2717242,10.659870859992864,0.8850806451612904,30.734230953669815,0.0,0.0,-0.82,0.28765211334916735,1.0,follow,0
1786523929.3620677,10.570532565393039,0.8004032258064516,34.234230953669815,0.0,0.0,-0.82,0.27633465256853446,1.0,follow,0
1786523929.4580402,10.643665804947354,0.8850806451612904,30.734230953669815,0.0,0.0,-0.82,0.29129401169496166,1.0,follow,0
1786523929.5497143,10.584685916432653,0.6008064516129032,27.34814202674188,0.0,0.0,-0.7154502758121285,0.16407258064516128,1.0,follow,0
1786523929.6444416,10.679163134345284,0.8306451612903225,30.84814202674188,0.0,0.0,-0.82,0.18475806451612906,1.0,follow,0
1786523929.7347417,10.632254017724142,0.655241935483871,27.34814202674188,0.0,0.0,-0.8045566557184742,0.16897177419354842,1.0,follow,0
1786523929.8408065,10.759225368086996,0.8064516129032258,23.84814202674188,0.0,0.0,-0.82,0.18258064516129033,1.0,follow,0
1786523929.9277136,10.482930821307797,0.6068548387096775,20.661860914023563,0.0,0.0,-0.82,0.164616935483871,1.0,follow,0
1786523930.016909,10.672387479764316,0.4392626728110599,24.161860914023563,0.0,0.0,-0.6746557815823591,0.14953364055299542,1.0,follow,0
1786523930.1080897,10.808984378917046,0.4798387096774194,27.661860914023563,0.0,0.0,-0.648169207993839,0.15318548387096775,1.0,follow,0
1786523930.2004375,10.828080661102762,0.7580645161290323,31.161860914023563,0.0,0.0,-0.7981692079938391,0.1782258064516129,1.0,follow,0
1786523930.293619,10.828884326596413,0.6794354838709677,34.66186091402356,0.0,0.0,-0.82,0.1711491935483871,1.0,follow,0
1786523930.3834023,10.821305981033857,0.625,31.161860914023563,0.0,0.0,-0.7110815059085451,0.16625,1.0,follow,0
1786523930.4640307,10.881875373721172,0.48046082949308755,34.66186091402356,0.0,0.0,-0.8047153496633301,0.1532414746543779,1.0,follow,0
1786523930.5585473,11.185953767526922,0.752016129032258,31.161860914023563,0.0,0.0,-0.82,0.17768145161290325,1.0,follow,0
1786523930.6584115,11.063985172204902,0.8125,34.66186091402356,0.0,0.0,-0.82,0.2391407170130204,1.0,follow,0
1786523930.7548923,10.853400662704942,0.8911290322580645,31.161860914023563,0.0,0.0,-0.82,0.27225313553559694,1.0,follow,0
1786523930.8517618,10.684095074200878,0.872983870967742,27.661860914023563,0.0,0.0,-0.82,0.2563226323350296,1.0,follow,0
1786523930.9477556,10.681457191879705,0.6310483870967742,24.959422066487782,0.0,0.0,-0.7377056801391895,0.1667943548387097,1.0,follow,0
1786523931.0359905,10.611053973502521,0.5826612903225806,21.459422066487782,0.0,0.0,-0.82,0.1624395161290323,1.0,follow,0
1786523931.1191876,10.749892133685375,0.48293778801843323,22.034032737999066,0.0,0.0,-0.7770576174537219,0.153464400921659,1.0,follow,0
1786523931.212996,11.043421427269944,0.6057603686635945,18.534032737999066,0.0,0.0,-0.82,0.1645184331797235,1.0,follow,0
1786523931.3018432,10.953537740495008,0.3602649769585254,15.034032737999066,0.0,0.0,-0.82,0.1424238479262673,1.0,follow,0
1786523931.3961213,11.033164713138046,0.6673387096774193,18.534032737999066,0.0,0.0,-0.82,0.17006048387096775,1.0,follow,0
1786523931.4988506,10.905863127409894,0.872983870967742,15.034032737999066,0.0,0.0,-0.82,0.1885685483870968,1.0,follow,0
1786523931.5903382,10.704407078179534,0.752016129032258,18.534032737999066,0.0,0.0,-0.82,0.1794333399951316,1.0,follow,0
1786523931.6839323,10.753697086510503,0.8850806451612904,15.034032737999066,0.0,0.0,-0.82,0.18965725806451614,1.0,follow,0
1786523931.781781,10.732344538862721,0.8790322580645161,11.534032737999066,0.0,0.0,-0.82,0.18911290322580646,1.0,follow,0
1786523931.8696756,10.613513758110502,0.752016129032258,15.034032737999066,0.0,0.0,-0.82,0.17768145161290325,1.0,follow,0
1786523931.9618714,10.746694163665747,0.8004032258064516,18.534032737999066,0.0,0.0,-0.82,0.18203629032258065,1.0,follow,0
1786523932.054015,10.782964208930963,0.872983870967742,15.034032737999066,0.0,0.0,-0.82,0.1885685483870968,1.0,follow,0
1786523932.1443083,10.82501753098039,0.7278225806451613,18.534032737999066,0.0,0.0,-0.82,0.17550403225806452,1.0,follow,0
1786523932.2387528,10.8764269057177,0.8850806451612904,15.034032737999066,0.0,0.0,-0.82,0.18965725806451614,1.0,follow,0
1786523932.3216753,10.806201289377588,0.594758064516129,11.831911925086981,0.0,0.0,-0.82,0.16352822580645163,1.0,follow,0
1786523932.4160798,11.036359896781043,0.7338709677419355,15.331911925086981,0.0,0.0,-0.82,0.1760483870967742,1.0,follow,0
1786523932.5041633,10.976109907200335,0.7883064516129032,18.83191192508698,0.0,0.0,-0.82,0.1809475806451613,1.0,follow,0
1786523932.6189322,11.051468132692143,0.8911290322580645,15.331911925086981,0.0,0.0,-0.82,0.1902016129032258,1.0,follow,0
1786523932.71122,10.57808444505962,0.8064516129032258,18.83191192508698,0.0,0.0,-0.82,0.18258064516129033,1.0,follow,0
1786523932.8018696,10.633275541862654,0.6008064516129032,18.509633673820186,0.0,0.0,-0.82,0.16407258064516128,1.0,follow,0
1786523932.9073694,10.674815169710243,0.8548387096774193,22.009633673820186,0.0,0.0,-0.82,0.18693548387096773,1.0,follow,0
1786523933.003446,10.46713225294847,0.872983870967742,18.509633673820186,0.0,0.0,-0.82,0.19321587083628658,1.0,follow,0
1786523933.1003294,10.427985015400642,1.0,15.009633673820186,0.0,0.0,-0.82,0.2,1.0,follow,0
1786523933.1963694,10.435451540131387,0.8850806451612904,11.509633673820186,0.0,0.0,-0.82,0.18965725806451614,1.0,follow,0
1786523933.2919652,10.424239395003582,0.872983870967742,9.015098188902236,0.0,0.0,-0.82,0.1885685483870968,1.0,follow,0
1786523933.3877287,10.42335974327983,0.8850806451612904,7.226209653861815,0.0,0.0,-0.82,0.18965725806451614,1.0,follow,0
1786523933.4856546,10.412162705097256,0.7459677419354839,10.726209653861815,0.0,0.0,-0.82,0.17713709677419356,1.0,follow,0
1786523933.5787187,10.37512094448508,0.842741935483871,14.226209653861815,0.0,0.0,-0.82,0.1858467741935484,1.0,follow,0
1786523933.6664383,10.453269456634679,0.782258064516129,17.726209653861815,0.0,0.0,-0.82,0.18040322580645163,1.0,follow,0
1786523933.7654283,10.668820229062963,0.8306451612903225,21.226209653861815,0.0,0.0,-0.82,0.18475806451612906,1.0,follow,0
1786523933.8606582,10.556276755710519,0.6370967741935484,18.308594927211555,0.0,0.0,-0.82,0.16733870967741937,1.0,follow,0
1786523933.97134,10.534616710866032,0.8790322580645161,14.808594927211555,0.0,0.0,-0.82,0.18911290322580646,1.0,follow,0
1786523934.0674603,10.226848742610484,0.782258064516129,18.308594927211555,0.0,0.0,-0.82,0.18040322580645163,1.0,follow,0
1786523934.159338,10.279703976526129,0.6794354838709677,21.808594927211555,0.0,0.0,-0.82,0.1711491935483871,1.0,follow,0
1786523934.263372,10.403378833682822,0.7036290322580645,25.308594927211555,0.0,0.0,-0.82,0.17332661290322582,1.0,follow,0
1786523934.3573198,10.21780277876021,0.7762096774193549,28.808594927211555,0.0,0.0,-0.82,0.17985887096774195,1.0,follow,0
1786523934.4523323,10.330414515237278,0.872983870967742,25.308594927211555,0.0,0.0,-0.82,0.1885685483870968,1.0,follow,0
1786523934.5376456,10.376842438927476,0.4662672811059908,28.808594927211555,0.0,0.0,-0.7558237659825242,0.15196405529953919,1.0,follow,0
1786523934.6361465,10.632761878512408,0.8971774193548387,25.308594927211555,0.0,0.0,-0.82,0.1907459677419355,1.0,follow,0
1786523934.723407,10.548115477868668,0.8004032258064516,28.808594927211555,0.0,0.0,-0.82,0.21265328878954146,1.0,follow,0
1786523934.8039818,10.724837385691592,0.47793778801843323,25.308594927211555,0.0,0.0,-0.82,0.153014400921659,1.0,follow,0
1786523934.905313,11.055382202820939,0.752016129032258,28.808594927211555,0.0,0.0,-0.82,0.17768145161290325,1.0,follow,0
1786523934.998763,10.818746371877289,0.8245967741935484,32.30859492721156,0.0,0.0,-0.82,0.22058420038030568,1.0,follow,0
1786523935.0951934,10.773028686215769,0.7399193548387096,35.80859492721156,0.0,0.0,-0.82,0.2295891572462827,1.0,follow,0
1786523935.1884396,10.719407794025413,0.7701612903225807,39.30859492721156,0.0,0.0,-0.82,0.2534848131737488,1.0,follow,0
1786523935.2735574,10.673777611276973,0.38597926267281113,42.80859492721156,0.0,0.0,-0.7559796925502682,0.14473813364055302,1.0,follow,0
1786523935.3765452,10.949287457428893,0.7096774193548387,46.30859492721156,0.0,0.0,-0.7389327802923775,0.19867410339059888,1.0,follow,0
1786523935.4748182,10.657274948727316,0.8185483870967742,49.80859492721156,0.0,0.0,-0.7147023227133757,0.2671728486407434,1.0,follow,0
1786523935.5673497,10.5989243361858,0.7883064516129032,53.30859492721156,0.0,0.0,-0.6716167640411043,0.3000455188960402,1.0,follow,0
1786523935.678424,10.63110188759763,0.8850806451612904,49.80859492721156,0.0,0.0,-0.6613645746776573,0.36045549579592234,1.0,follow,0
1786523935.7737715,10.3056855366507,0.7217741935483871,53.30859492721156,0.0,0.0,-0.6524643212944653,0.3863908006784779,1.0,follow,0
1786523935.8699055,10.35762422901642,0.7641129032258064,56.80859492721156,0.0,0.0,-0.6251341150690366,0.37111066948418064,1.0,follow,0
1786523935.965631,10.362820673915714,0.7883064516129032,60.30859492721156,0.0,0.0,-0.5880381080330228,0.3767794414071982,1.0,follow,0
1786523936.0645633,10.378941431262513,0.8911290322580645,56.80859492721156,0.0,0.0,-0.5762034095054561,0.43901956220753213,1.0,follow,0
1786523936.1450772,10.331508868388623,0.3458294930875576,60.30859492721156,0.0,0.0,-0.42620340950545615,0.18901956220753213,1.0,follow,0
1786523936.241033,10.743560167631115,0.872983870967742,56.80859492721156,0.0,0.0,-0.574979333578066,0.1885685483870968,1.0,follow,0
1786523936.3387635,10.683725042125962,0.9758064516129032,53.30859492721156,0.0,0.0,-0.5707396171626353,0.25080294788704505,1.0,follow,0
1786523936.4323213,10.567404076052648,0.8790322580645161,49.80859492721156,0.0,0.0,-0.61166495949074,0.31514587653714826,1.0,follow,0
1786523936.5384686,10.608538492986357,1.0,46.30859492721156,0.0,0.0,-0.6325905739144534,0.37548147523735154,1.0,follow,0
1786523936.6355915,10.359490987419589,0.872983870967742,42.80859492721156,0.0,0.0,-0.6606873805128234,0.38533036659333797,1.0,follow,0
1786523936.743849,10.347581706574701,1.0,39.30859492721156,0.0,0.0,-0.7071075445824581,0.33694401892673137,1.0,follow,0
1786523936.84025,10.119291009513365,0.8850806451612904,35.80859492721156,0.0,0.0,-0.7300806134678545,0.35217711295130816,1.0,follow,0
1786523936.9235618,10.196927013058328,0.6068548387096775,32.30859492721156,0.0,0.0,-0.7101279381316112,0.164616935483871,1.0,follow,0
1786523937.0282934,10.523173567444001,1.0,28.80859492721156,0.0,0.0,-0.8142386927997582,0.2,1.0,follow,0
1786523937.126946,10.359637590956767,1.0,25.30859492721156,0.0,0.0,-0.82,0.25649904913111543,1.0,follow,0
1786523937.215049,10.299957293524898,0.6370967741935484,24.90514326591605,0.0,0.0,-0.7148356856995284,0.16733870967741937,1.0,follow,0
1786523937.3072631,10.523361938517834,0.8245967741935484,28.40514326591605,0.0,0.0,-0.82,0.18421370967741937,1.0,follow,0
1786523937.405291,10.563741020035238,0.8790322580645161,24.90514326591605,0.0,0.0,-0.82,0.22986706449536776,1.0,follow,0
1786523937.5016036,10.503167426455526,0.8971774193548387,21.40514326591605,0.0,0.0,-0.82,0.1907459677419355,1.0,follow,0
1786523937.5867221,10.492016687512413,0.5282258064516129,22.46021339237738,0.0,0.0,-0.785770587187688,0.15754032258064518,1.0,follow,0
1786523937.6801257,10.740848893933784,0.782258064516129,25.96021339237738,0.0,0.0,-0.82,0.18040322580645163,1.0,follow,0
1786523937.7659874,10.72731700255685,0.6189516129032258,23.96413458203644,0.0,0.0,-0.7938884360933753,0.16570564516129035,1.0,follow,0
1786523937.8599195,10.893415642394917,0.8064516129032258,27.46413458203644,0.0,0.0,-0.82,0.18258064516129033,1.0,follow,0
1786523937.9424784,10.858581592781574,0.42059907834101384,30.96413458203644,0.0,0.0,-0.82,0.19889926371507524,1.0,follow,0
1786523938.0289676,11.12228177311752,0.6431451612903225,27.46413458203644,0.0,0.0,-0.767020412549607,0.16788306451612903,1.0,follow,0
1786523938.1277232,11.211479362783889,0.872983870967742,23.96413458203644,0.0,0.0,-0.82,0.1885685483870968,1.0,follow,0
1786523938.2279131,10.96375822701303,0.8185483870967742,27.46413458203644,0.0,0.0,-0.82,0.23369251986460243,1.0,follow,0
1786523938.3200862,10.777989960550737,0.7459677419354839,30.96413458203644,0.0,0.0,-0.82,0.22230796801435318,1.0,follow,0
1786523938.4230597,10.802819489438706,0.8850806451612904,27.46413458203644,0.0,0.0,-0.82,0.24249071031446112,1.0,follow,0
1786523938.511791,10.587191632086498,0.6915322580645161,30.96413458203644,0.0,0.0,-0.82,0.24992331115956776,1.0,follow,0
1786523938.6078022,10.727777479638439,0.8608870967741936,27.46413458203644,0.0,0.0,-0.82,0.27070866727796283,1.0,follow,0
1786523938.6970737,10.670502497086856,0.7459677419354839,30.96413458203644,0.0,0.0,-0.82,0.25444866519306303,1.0,follow,0
1786523938.7791047,10.775334617893103,0.45012672811059906,28.04073532072489,0.0,0.0,-0.724234074362602,0.15051140552995393,1.0,follow,0
1786523938.8636088,11.053904546791365,0.4836520737327189,25.344109320301868,0.0,0.0,-0.7470136146833266,0.1535286866359447,1.0,follow,0
1786523938.9626725,11.202341666108143,0.782258064516129,21.844109320301868,0.0,0.0,-0.82,0.18040322580645163,1.0,follow,0
1786523939.05908,10.9762264448434,0.8850806451612904,18.344109320301868,0.0,0.0,-0.82,0.18965725806451614,1.0,follow,0
1786523939.1441116,10.869461570944921,0.625,19.23918203122637,0.0,0.0,-0.8169568749378717,0.16625,1.0,follow,0
1786523939.243049,11.032852450664272,0.8306451612903225,22.73918203122637,0.0,0.0,-0.82,0.18475806451612906,1.0,follow,0
1786523939.3433232,10.858432265033265,1.0,19.23918203122637,0.0,0.0,-0.82,0.22539749736107859,1.0,follow,0
1786523939.428424,10.679425364929173,0.7459677419354839,22.73918203122637,0.0,0.0,-0.82,0.20737924901903212,1.0,follow,0
1786523939.5298667,10.895933720525326,0.6068548387096775,21.261434216752566,0.0,0.0,-0.82,0.164616935483871,1.0,follow,0
1786523939.622869,10.679996592729417,0.7459677419354839,24.761434216752566,0.0,0.0,-0.82,0.17713709677419356,1.0,follow,0
1786523939.7133677,10.694170303993985,0.7580645161290323,28.261434216752566,0.0,0.0,-0.82,0.19623252808636724,1.0,follow,0
1786523939.8109462,10.767113666012298,0.7459677419354839,31.761434216752566,0.0,0.0,-0.82,0.19400273785952737,1.0,follow,0
1786523939.9052327,10.642229899836881,0.8245967741935484,35.26143421675256,0.0,0.0,-0.82,0.18421901097289714,1.0,follow,0
1786523939.9960155,10.662503506465555,0.7157258064516129,38.76143421675256,0.0,0.0,-0.82,0.17441532258064518,1.0,follow,0
1786523940.0940938,10.739167879932028,1.0,35.26143421675256,0.0,0.0,-0.8069346450801179,0.2332610835811659,1.0,follow,0
1786523940.1854208,10.630605216877354,0.7580645161290323,38.76143421675256,0.0,0.0,-0.8048905099084047,0.29700935713110205,1.0,follow,0
1786523940.2860441,10.694285894631305,0.7943548387096775,42.26143421675256,0.0,0.0,-0.7549529050019268,0.21565889217535716,1.0,follow,0
1786523940.379407,10.530573123198575,0.7943548387096775,45.76143421675256,0.0,0.0,-0.7488910286974615,0.2814768645255261,1.0,follow,0
1786523940.4630055,10.57077725496326,0.48117511520737327,42.26143421675256,0.0,0.0,-0.7625306950522593,0.1533057603686636,1.0,follow,0
1786523940.5529456,10.859490810351172,0.7217741935483871,45.76143421675256,0.0,0.0,-0.7200479323012858,0.2074077524684405,1.0,follow,0
1786523940.6410406,10.907263605372023,0.7338709677419355,49.26143421675256,0.0,0.0,-0.6833516005058689,0.2659749917183369,1.0,follow,0
1786523940.7307916,11.00163933535201,0.8790322580645161,45.76143421675256,0.0,0.0,-0.7006487924373767,0.32309704761836355,1.0,follow,0
1786523940.823852,11.011680805958331,0.8669354838709677,42.26143421675256,0.0,0.0,-0.7237235880658267,0.18802419354838712,1.0,follow,0
1786523940.9280207,10.958653544696631,0.8185483870967742,45.76143421675256,0.0,0.0,-0.700120272626727,0.2485087520984569,1.0,follow,0
1786523941.0219262,10.700556749257977,0.8790322580645161,42.26143421675256,0.0,0.0,-0.7003425254445012,0.31573967884851917,1.0,follow,0
1786523941.1264532,10.683415040336625,1.0,38.76143421675256,0.0,0.0,-0.7272755327090838,0.34512034095676875,1.0,follow,0
1786523941.2269409,10.466109852910277,0.872983870967742,35.26143421675256,0.0,0.0,-0.7620158823888268,0.2995028753778679,1.0,follow,0
1786523941.3188465,10.362933039622247,0.8366935483870968,38.76143421675256,0.0,0.0,-0.7580833925469389,0.351869736052326,1.0,follow,0
1786523941.4041965,10.443750965352452,0.594758064516129,35.26143421675256,0.0,0.0,-0.7272450840046613,0.16352822580645163,1.0,follow,0
1786523941.506494,10.725647921841787,0.8790322580645161,31.761434216752562,0.0,0.0,-0.7986583213097025,0.18911290322580646,1.0,follow,0
1786523941.5871532,10.504349402338931,0.49798387096774194,35.26143421675256,0.0,0.0,-0.6486583213097025,0.1548185483870968,1.0,follow,0
1786523941.6867552,10.929254072422578,1.0,31.761434216752562,0.0,0.0,-0.7986583213097025,0.2,1.0,follow,0
1786523941.774244,10.748504476037278,0.6370967741935484,28.261434216752562,0.0,0.0,-0.7302764461888694,0.16733870967741937,1.0,follow,0
1786523941.8743498,10.883505286755764,0.8850806451612904,24.761434216752562,0.0,0.0,-0.82,0.18965725806451614,1.0,follow,0
1786523941.9715564,10.712529632738667,0.7883064516129032,28.261434216752562,0.0,0.0,-0.82,0.2472636990519921,1.0,follow,0
1786523942.0727239,10.624478784317734,0.8971774193548387,24.761434216752562,0.0,0.0,-0.82,0.2343123562238854,1.0,follow,0
1786523942.171881,10.480202272033146,0.842741935483871,28.261434216752562,0.0,0.0,-0.82,0.2570592770573019,1.0,follow,0
1786523942.2653081,10.399924476893704,0.872983870967742,24.761434216752562,0.0,0.0,-0.82,0.24630719044350669,1.0,follow,0
1786523942.36148,10.458812698889833,0.5463709677419355,27.29160777280551,0.0,0.0,-0.7483823219126183,0.1591733870967742,1.0,follow,0
1786523942.4581997,10.436753225732707,0.7701612903225807,30.79160777280551,0.0,0.0,-0.82,0.17931451612903226,1.0,follow,0
1786523942.549493,10.4278076906692,0.7883064516129032,34.291607772805506,0.0,0.0,-0.82,0.23640246073596918,1.0,follow,0
1786523942.6496978,10.533061095149655,0.7943548387096775,37.791607772805506,0.0,0.0,-0.82,0.21418281358377,1.0,follow,0
1786523942.7417338,10.420716990601909,0.7217741935483871,41.291607772805506,0.0,0.0,-0.7932448162315374,0.24411946672725468,1.0,follow,0
1786523942.8355746,10.491916877607608,0.7701612903225807,44.791607772805506,0.0,0.0,-0.7448063873616827,0.17931451612903226,1.0,follow,0
1786523942.9305198,10.537825528582927,0.7338709677419355,48.291607772805506,0.0,0.0,-0.7341418256660162,0.23994058682910516,1.0,follow,0
1786523943.0295186,10.50298546309193,0.8185483870967742,51.791607772805506,0.0,0.0,-0.7008927463290692,0.3026599526287537,1.0,follow,0
1786523943.1248822,10.432665919862716,0.8245967741935484,55.291607772805506,0.0,0.0,-0.6618419020623878,0.3310669614344395,1.0,follow,0
1786523943.2336192,10.464602501198195,0.8971774193548387,51.791607772805506,0.0,0.0,-0.6345735852867356,0.3767574986117155,1.0,follow,0
1786523943.3261354,10.217955491309256,0.6370967741935484,48.291607772805506,0.0,0.0,-0.6625557452519668,0.33621655312503534,1.0,follow,0
1786523943.4220219,10.325419066989902,0.7762096774193549,51.791607772805506,0.0,0.0,-0.6290580046448193,0.20188050127902804,1.0,follow,0
1786523943.5186782,10.345157736547598,0.8850806451612904,48.291607772805506,0.0,0.0,-0.6394901360898496,0.2642359301286333,1.0,follow,0
1786523943.605123,10.345908463962923,0.8004032258064516,51.791607772805506,0.0,0.0,-0.6297661911751057,0.18203629032258065,1.0,follow,0
1786523943.7014313,10.60359584505055,0.8971774193548387,48.291607772805506,0.0,0.0,-0.6417216560672665,0.23790535552237557,1.0,follow,0
1786523943.7931998,10.558340822212296,0.7157258064516129,51.791607772805506,0.0,0.0,-0.6275422409290021,0.17441532258064518,1.0,follow,0
1786523943.889616,10.579374529353734,0.7580645161290323,55.291607772805506,0.0,0.0,-0.6228124671010034,0.23537086528078482,1.0,follow,0
1786523943.9938405,10.570128808429837,0.8669354838709677,51.791607772805506,0.0,0.0,-0.6322869895980145,0.29708082398112434,1.0,follow,0
1786523944.0850847,10.38100844486188,0.6068548387096775,48.291607772805506,0.0,0.0,-0.6050162169316178,0.27124174775556353,1.0,follow,0
1786523944.1875722,10.42763085324267,0.7459677419354839,51.791607772805506,0.0,0.0,-0.6308569595938145,0.3324809244551733,1.0,follow,0
1786523944.2735374,10.353693081273889,0.6431451612903225,48.291607772805506,0.0,0.0,-0.5979455770884796,0.16788306451612903,1.0,follow,0
1786523944.370236,10.6067833421029,0.8790322580645161,44.791607772805506,0.0,0.0,-0.6677591360509204,0.22382522156649634,1.0,follow,0
1786523944.460973,10.558245697298334,0.7157258064516129,48.291607772805506,0.0,0.0,-0.6772804221133149,0.28654174361636453,1.0,follow,0
1786523944.5442033,10.613381890307314,0.625,44.791607772805506,0.0,0.0,-0.69211505591668,0.3465384576664312,1.0,follow,0
1786523944.6429102,10.887181695326266,0.8790322580645161,41.291607772805506,0.0,0.0,-0.7005253198424449,0.39311493548478166,1.0,follow,0
1786523944.7370908,10.75172298463972,0.872983870967742,37.791607772805506,0.0,0.0,-0.7363300951628222,0.31817107781480447,1.0,follow,0
1786523944.8278267,10.749654395680594,0.782258064516129,41.291607772805506,0.0,0.0,-0.7388232893396076,0.36802027810005833,1.0,follow,0
1786523944.9249823,10.781660110069835,0.7883064516129032,44.791607772805506,0.0,0.0,-0.7182690648456453,0.1809475806451613,1.0,follow,0
1786523945.0261652,10.6932578220752,0.872983870967742,41.291607772805506,0.0,0.0,-0.7254719371371914,0.24381238589525342,1.0,follow,0
1786523945.1232417,10.522679678624268,0.7701612903225807,44.791607772805506,0.0,0.0,-0.7278777355935815,0.30986683214468064,1.0,follow,0
1786523945.2242393,10.496853765288687,0.7701612903225807,48.291607772805506,0.0,0.0,-0.7125974594558884,0.35331734627885497,1.0,follow,0
1786523945.3157666,10.36835445857091,0.8064516129032258,51.791607772805506,0.0,0.0,-0.6883103146551581,0.35853590396123325,1.0,follow,0
1786523945.417287,10.47831753163533,0.8608870967741936,55.291607772805506,0.0,0.0,-0.6460136700532937,0.34050871861582926,1.0,follow,0
1786523945.5090005,10.361297458270407,0.7762096774193549,58.791607772805506,0.0,0.0,-0.5984747774178091,0.2521591445049966,1.0,follow,0
1786523945.599704,10.426463369524498,0.8306451612903225,62.291607772805506,0.0,0.0,-0.595777742442626,0.31297998055528514,1.0,follow,0
1786523945.6915905,10.595090162969841,0.7883064516129032,65.7916077728055,0.0,0.0,-0.5493648043438849,0.37065728530514425,1.0,follow,0
1786523945.7880316,10.648293556417832,0.8850806451612904,62.291607772805506,0.0,0.0,-0.5311387498965616,0.43050385455516554,1.0,follow,0
1786523945.8824487,10.593927392639504,1.0,58.791607772805506,0.0,0.0,-0.5451284632474775,0.49314562530516237,1.0,follow,0
1786523945.967154,10.56189153915225,0.5040322580645161,62.291607772805506,0.0,0.0,-0.4738541969933074,0.24314562530516237,1.0,follow,0
1786523946.0530617,10.80987254506228,0.5100806451612904,58.791607772805506,0.0,0.0,-0.41668887391508347,0.15590725806451614,1.0,follow,0
1786523946.1377847,11.020150322940257,0.6370967741935484,55.291607772805506,0.0,0.0,-0.42999318289421334,0.16733870967741937,1.0,follow,0
1786523946.2329397,11.163658561600744,0.872983870967742,51.791607772805506,0.0,0.0,-0.5799931828942133,0.1885685483870968,1.0,follow,0
1786523946.3209908,11.034335376538271,0.49798387096774194,48.291607772805506,0.0,0.0,-0.42999318289421334,0.1548185483870968,1.0,follow,0
1786523946.4154835,11.109976771189103,0.8004032258064516,51.791607772805506,0.0,0.0,-0.5799931828942133,0.18203629032258065,1.0,follow,0
1786523946.5248542,10.97400665720037,0.7278225806451613,55.291607772805506,0.0,0.0,-0.6007457597565165,0.24435576637286902,1.0,follow,0
1786523946.6213453,10.611920088847508,0.8971774193548387,51.791607772805506,0.0,0.0,-0.6116408841260573,0.3152887902226986,1.0,follow,0
1786523946.7218535,10.552195051153989,1.0,48.291607772805506,0.0,0.0,-0.6378548319471036,0.37831423517298857,1.0,follow,0
1786523946.8165555,10.450023132663324,0.7701612903225807,51.791607772805506,0.0,0.0,-0.6483004954025773,0.4186466127275753,1.0,follow,0
1786523946.9096568,10.487360970781069,0.8125,55.291607772805506,0.0,0.0,-0.6229289823100858,0.4010261875211503,1.0,follow,0
1786523946.9988158,10.524202778866961,0.7701612903225807,58.791607772805506,0.0,0.0,-0.6065259505949832,0.4243392690517202,1.0,follow,0
1786523947.0809867,10.665705454301111,0.32125576036866355,55.291607772805506,0.0,0.0,-0.6318845147674558,0.1743392690517202,1.0,follow,0
1786523947.1721265,10.980243178826996,0.6370967741935484,51.791607772805506,0.0,0.0,-0.6144077689679018,0.22745081260180533,1.0,follow,0
1786523947.264721,10.97897016938829,0.7459677419354839,48.291607772805506,0.0,0.0,-0.6212149092012781,0.28668237980194583,1.0,follow,0
1786523947.3521378,10.934242886083974,0.8245967741935484,51.791607772805506,0.0,0.0,-0.6402948427652002,0.34711751040184474,1.0,follow,0
1786523947.4469156,11.035288133758497,0.752016129032258,55.291607772805506,0.0,0.0,-0.6294997101833273,0.403938329001753,1.0,follow,0
1786523947.5339108,10.933659617033198,0.5887096774193548,51.791607772805506,0.0,0.0,-0.5941529761406764,0.16298387096774195,1.0,follow,0
1786523947.6166134,11.060782419407277,0.6370967741935484,48.291607772805506,0.0,0.0,-0.5487229731669532,0.16733870967741937,1.0,follow,0
1786523947.7116337,11.235364993753496,0.8366935483870968,51.791607772805506,0.0,0.0,-0.6276656742006931,0.22180633132707486,1.0,follow,0
1786523947.8039832,11.111813413581416,0.8185483870967742,55.291607772805506,0.0,0.0,-0.6238762992337037,0.28302539832712215,1.0,follow,0
1786523947.8991091,11.05817446632437,0.45436635944700465,58.791607772805506,0.0,0.0,-0.6177844585859326,0.34296848737736113,1.0,follow,0
1786523947.9965818,10.95260955529071,0.872983870967742,55.291607772805506,0.0,0.0,-0.5926092156403422,0.40469483127704264,1.0,follow,0
1786523948.08391,10.779358244231682,0.6310483870967742,51.791607772805506,0.0,0.0,-0.590912183197021,0.1667943548387097,1.0,follow,0
1786523948.187762,10.944475401590633,1.0,48.291607772805506,0.0,0.0,-0.6316811956808176,0.22280496533904393,1.0,follow,0
1786523948.2818544,10.687912334322007,0.7943548387096775,51.791607772805506,0.0,0.0,-0.6218560754989493,0.2900811886392216,1.0,follow,0
1786523948.3660614,10.672158071150545,0.49193548387096775,54.142077144749294,0.0,0.0,-0.47185607549894926,0.15427419354838712,1.0,follow,0
1786523948.4565315,10.907481182553566,0.6129032258064516,50.642077144749294,0.0,0.0,-0.5705626302781135,0.16516129032258065,1.0,follow,0
1786523948.5516026,10.940518847889082,0.8911290322580645,47.142077144749294,0.0,0.0,-0.6570938053792724,0.22386438802256195,1.0,follow,0
1786523948.640312,10.85502545017251,0.8245967741935484,50.642077144749294,0.0,0.0,-0.6471172417605299,0.18421370967741937,1.0,follow,0
1786523948.7345233,10.917956499530005,0.8911290322580645,47.142077144749294,0.0,0.0,-0.6714958140301859,0.24240695777777987,1.0,follow,0
1786523948.829702,10.871355259172324,0.7701612903225807,50.642077144749294,0.0,0.0,-0.658765697923145,0.30324018412768494,1.0,follow,0
1786523948.9151502,10.764743370390267,0.5766129032258065,47.142077144749294,0.0,0.0,-0.6339267547777548,0.1618951612903226,1.0,follow,0
1786523949.0058942,10.954033467402809,0.872983870967742,43.642077144749294,0.0,0.0,-0.6707461039972484,0.21739761543997763,1.0,follow,0
1786523949.104434,10.984209810980428,0.7036290322580645,47.142077144749294,0.0,0.0,-0.6736771566316802,0.27593025519043357,1.0,follow,0
1786523949.19791,10.84252003619925,0.8245967741935484,50.642077144749294,0.0,0.0,-0.6573306433548742,0.18421370967741937,1.0,follow,0
1786523949.2878952,10.780258146015052,0.4420276497695853,47.142077144749294,0.0,0.0,-0.7087544315533334,0.14978248847926268,1.0,follow,0
1786523949.385799,10.886960879692083,0.8790322580645161,43.642077144749294,0.0,0.0,-0.7000622442120774,0.20723459292887497,1.0,follow,0
1786523949.4831567,10.745486798323334,0.8911290322580645,40.142077144749294,0.0,0.0,-0.7126718169278318,0.27108784927879614,1.0,follow,0
1786523949.5812175,10.646978306774656,0.7157258064516129,43.642077144749294,0.0,0.0,-0.7203057924725563,0.33448427262885533,1.0,follow,0
1786523949.6817937,10.561858387138546,0.8306451612903225,47.142077144749294,0.0,0.0,-0.7014108707645275,0.3611275444557392,1.0,follow,0
1786523949.786967,10.423295042909254,0.8790322580645161,43.642077144749294,0.0,0.0,-0.7150023539821342,0.3784281786472531,1.0,follow,0
1786523949.8804274,10.26039608980238,0.6129032258064516,40.142077144749294,0.0,0.0,-0.6821872960757503,0.16516129032258065,1.0,follow,0
1786523949.9761229,10.333387183781955,0.8064516129032258,43.642077144749294,0.0,0.0,-0.7205754111959124,0.22633573677245764,1.0,follow,0
1786523950.0667205,10.36140029613304,0.8125,47.142077144749294,0.0,0.0,-0.7087212129789315,0.2883974098226328,1.0,follow,0
1786523950.1616483,10.506315043827115,0.7943548387096775,50.642077144749294,0.0,0.0,-0.689671543190321,0.3470300566221933,1.0,follow,0
1786523950.2504792,10.464460936307358,0.5887096774193548,47.142077144749294,0.0,0.0,-0.6256521165643586,0.16298387096774195,1.0,follow,0
1786523950.3454955,10.65434316047803,0.8850806451612904,43.642077144749294,0.0,0.0,-0.6932534747084741,0.2199321175176242,1.0,follow,0
1786523950.444195,10.62095569994149,0.9032258064516129,40.142077144749294,0.0,0.0,-0.7146638497399163,0.28191121976785827,1.0,follow,0
1786523950.536759,10.516709251452392,0.782258064516129,43.642077144749294,0.0,0.0,-0.688202864481014,0.18040322580645163,1.0,follow,0
1786523950.6253273,10.593778852862531,0.6310483870967742,40.142077144749294,0.0,0.0,-0.56194404054229,0.1667943548387097,1.0,follow,0
1786523950.7304416,10.752881956908118,0.8669354838709677,36.642077144749294,0.0,0.0,-0.71194404054229,0.18802419354838712,1.0,follow,0
1786523950.8326983,10.490100081056909,1.0,33.142077144749294,0.0,0.0,-0.7773936844685387,0.24173213417012576,1.0,follow,0
1786523950.9466603,10.36052374733089,1.0,29.642077144749294,0.0,0.0,-0.8042124371223904,0.29895605922216073,1.0,follow,0
1786523951.0411842,10.04227329875899,0.7278225806451613,33.142077144749294,0.0,0.0,-0.8155451651426839,0.2880640301247162,1.0,follow,0
1786523951.1268845,10.124012249058158,0.3745506912442397,29.642077144749294,0.0,0.0,-0.82,0.1456013487677793,1.0,follow,0
1786523951.2262118,10.460705702983946,0.7943548387096775,33.142077144749294,0.0,0.0,-0.82,0.20065120076805407,1.0,follow,0
1786523951.3197114,10.373762094549102,0.8185483870967742,36.642077144749294,0.0,0.0,-0.82,0.26548271881796803,1.0,follow,0
1786523951.4144254,10.457876753155261,0.7036290322580645,40.142077144749294,0.0,0.0,-0.7749200418646376,0.17332661290322582,1.0,follow,0
1786523951.4998071,10.474306786954871,0.5463709677419355,36.642077144749294,0.0,0.0,-0.6855469272027379,0.1591733870967742,1.0,follow,0
1786523951.593864,10.71843563017828,0.7943548387096775,40.142077144749294,0.0,0.0,-0.7838649165527236,0.181491935483871,1.0,follow,0
1786523951.685966,10.697597251677603,0.7217741935483871,43.642077144749294,0.0,0.0,-0.7682751453159576,0.24273040108390684,1.0,follow,0
1786523951.779541,10.733412544315692,0.8911290322580645,40.142077144749294,0.0,0.0,-0.7611620090757186,0.3024913185334642,1.0,follow,0
1786523951.8821015,10.703657037742106,0.8850806451612904,36.642077144749294,0.0,0.0,-0.7626465835951091,0.3546868748050208,1.0,follow,0
1786523951.9792895,10.533381423897413,0.8790322580645161,33.142077144749294,0.0,0.0,-0.7887237567106286,0.29028628086887803,1.0,follow,0
1786523952.0818915,10.46502778589437,0.6370967741935484,29.642077144749294,0.0,0.0,-0.7058159900026549,0.16733870967741937,1.0,follow,0
1786523952.182675,10.332905855430823,0.8185483870967742,33.142077144749294,0.0,0.0,-0.8106969935376057,0.18366935483870972,1.0,follow,0
1786523952.2662203,10.245761640024375,0.5032718894009216,29.642077144749294,0.0,0.0,-0.82,0.17003980491521856,1.0,follow,0
1786523952.3579547,10.607246944835946,0.5705645161290323,26.313545772358104,0.0,0.0,-0.7318601139932668,0.16135080645161293,1.0,follow,0
1786523952.455634,10.65634417592241,0.8366935483870968,29.813545772358104,0.0,0.0,-0.82,0.1853024193548387,1.0,follow,0
1786523952.5457041,10.580928428478785,0.8850806451612904,26.313545772358104,0.0,0.0,-0.82,0.19375345037429315,1.0,follow,0
1786523952.6398509,10.688461453575467,0.8366935483870968,29.813545772358104,0.0,0.0,-0.82,0.25221408182424554,1.0,follow,0
1786523952.736793,10.671874229328735,1.0,26.313545772358104,0.0,0.0,-0.82,0.25808724920073195,1.0,follow,0
1786523952.8296347,10.592350236493255,0.8064516129032258,29.813545772358104,0.0,0.0,-0.82,0.18258064516129033,1.0,follow,0
1786523952.919813,10.62061411116884,0.8790322580645161,26.313545772358104,0.0,0.0,-0.82,0.2180326748517447,1.0,follow,0
1786523953.0130203,10.735848249520032,0.7459677419354839,29.813545772358104,0.0,0.0,-0.82,0.24509107461839313,1.0,follow,0
1786523953.1078486,10.691223366314127,0.7096774193548387,33.313545772358104,0.0,0.0,-0.82,0.22209484284992764,1.0,follow,0
1786523953.200274,10.701977251667099,0.8306451612903225,36.813545772358104,0.0,0.0,-0.82,0.22862848194485177,1.0,follow,0
1786523953.2918966,10.71803865473796,0.8306451612903225,40.313545772358104,0.0,0.0,-0.7914751417667245,0.18475806451612906,1.0,follow,0
1786523953.3855581,10.747935986186768,0.5887096774193548,36.813545772358104,0.0,0.0,-0.77827330264574,0.16298387096774195,1.0,follow,0
1786523953.4794438,10.754087734654972,0.48588709677419356,40.313545772358104,0.0,0.0,-0.62827330264574,0.15372983870967744,1.0,follow,0
1786523953.563586,10.730782375403965,0.467741935483871,43.813545772358104,0.0,0.0,-0.47827330264574003,0.1520967741935484,1.0,follow,0
1786523953.6533756,10.950308867898368,0.5584677419354839,47.313545772358104,0.0,0.0,-0.62827330264574,0.16026209677419356,1.0,follow,0
1786523953.7510002,10.9514883546011,0.8790322580645161,43.813545772358104,0.0,0.0,-0.7282227985064792,0.18911290322580646,1.0,follow,0
1786523953.8457022,10.846806919513575,0.7701612903225807,47.313545772358104,0.0,0.0,-0.6736683325933234,0.17931451612903226,1.0,follow,0
1786523953.9355447,10.787275142066987,0.8790322580645161,43.813545772358104,0.0,0.0,-0.6949788383993482,0.24093086637940184,1.0,follow,0
1786523954.0281804,10.860737410405436,0.7096774193548387,47.313545772358104,0.0,0.0,-0.6843064420278382,0.2992028606793593,1.0,follow,0
1786523954.1206937,10.807358967589284,0.5744239631336405,43.813545772358104,0.0,0.0,-0.7079237845499444,0.2991689403182863,1.0,follow,0
1786523954.2118852,10.838052880222907,0.7399193548387096,47.313545772358104,0.0,0.0,-0.6787998336712763,0.3193151442584175,1.0,follow,0
1786523954.2968042,10.879153740387581,0.5887096774193548,43.813545772358104,0.0,0.0,-0.6823473547968993,0.3432005266771842,1.0,follow,0
1786523954.3833697,11.057130979340453,0.38473502304147467,40.313545772358104,0.0,0.0,-0.7503841256009204,0.17349771636675176,1.0,follow,0
1786523954.464934,11.1554967898206,0.3733064516129032,43.813545772358104,0.0,0.0,-0.6003841256009204,0.14359758064516132,1.0,follow,0
1786523954.5609136,11.378941665820905,0.8850806451612904,40.313545772358104,0.0,0.0,-0.7196840084006473,0.18965725806451614,1.0,follow,0
1786523954.6528325,11.176629360955982,0.8004032258064516,43.813545772358104,0.0,0.0,-0.7375864637837543,0.252353907664382,1.0,follow,0
1786523954.7421014,11.126228387475438,0.8790322580645161,40.313545772358104,0.0,0.0,-0.7320591677590865,0.31185252021473303,1.0,follow,0
1786523954.8449574,11.132827132670887,0.7883064516129032,43.813545772358104,0.0,0.0,-0.7250165436872569,0.35690768205012835,1.0,follow,0
1786523954.9380894,10.849999609953024,0.594758064516129,40.313545772358104,0.0,0.0,-0.6621030534794687,0.16352822580645163,1.0,follow,0
1786523955.0324485,10.815858141360106,0.8790322580645161,36.813545772358104,0.0,0.0,-0.7525336710644452,0.18911290322580646,1.0,follow,0
1786523955.1318874,10.794168327502804,0.8487903225806451,40.313545772358104,0.0,0.0,-0.7535287927090581,0.24981853197546264,1.0,follow,0
1786523955.2238624,10.646411047296597,0.6491935483870968,36.813545772358104,0.0,0.0,-0.7500029714984496,0.3144605321255327,1.0,follow,0
1786523955.30651,10.667322325680715,0.5826612903225806,33.313545772358104,0.0,0.0,-0.7029875831899055,0.1624395161290323,1.0,follow,0
1786523955.4025018,10.981890892928165,1.0,29.813545772358104,0.0,0.0,-0.82,0.2,1.0,follow,0
1786523955.4933639,10.866093504304592,0.8850806451612904,26.313545772358104,0.0,0.0,-0.82,0.2624825532501291,1.0,follow,0
1786523955.5917335,10.85829284136009,0.8790322580645161,22.813545772358104,0.0,0.0,-0.82,0.24643424421290666,1.0,follow,0
1786523955.6886413,10.755901246842658,0.8125,26.313545772358104,0.0,0.0,-0.82,0.25984527990674283,1.0,follow,0
1786523955.7906759,10.625842648443436,0.8911290322580645,22.813545772358104,0.0,0.0,-0.82,0.1902016129032258,1.0,follow,0
1786523955.882183,10.472139522797082,0.8125,26.313545772358104,0.0,0.0,-0.82,0.2307766435610535,1.0,follow,0
1786523955.9783432,10.575181346108014,0.8366935483870968,29.813545772358104,0.0,0.0,-0.82,0.21423146203557425,1.0,follow,0
1786523956.0735414,10.552309983122477,0.8245967741935484,33.313545772358104,0.0,0.0,-0.82,0.25898242303375185,1.0,follow,0
1786523956.1669278,10.53981160021713,0.7762096774193549,36.813545772358104,0.0,0.0,-0.82,0.20116229359582213,1.0,follow,0
1786523956.2715807,10.585407198516354,0.7701612903225807,40.313545772358104,0.0,0.0,-0.8152860707212572,0.2550337665571672,1.0,follow,0
1786523956.3663452,10.371896535894798,0.752016129032258,43.813545772358104,0.0,0.0,-0.7744830242441298,0.24363526436492047,1.0,follow,0
1786523956.4552865,10.410794199821016,0.6491935483870968,40.313545772358104,0.0,0.0,-0.6319571791502693,0.16842741935483874,1.0,follow,0
1786523956.5530598,10.5738660828554,0.8790322580645161,36.813545772358104,0.0,0.0,-0.7690387245496865,0.18911290322580646,1.0,follow,0
1786523956.6563632,10.48019217291345,0.8608870967741936,33.313545772358104,0.0,0.0,-0.7776919407884719,0.2534343344259483,1.0,follow,0
1786523956.7514138,10.351505206263367,0.8971774193548387,29.813545772358104,0.0,0.0,-0.8050145878212354,0.2692099223679548,1.0,follow,0
1786523956.8531961,10.37678977620041,1.0,26.313545772358104,0.0,0.0,-0.82,0.22524727183336346,1.0,follow,0
1786523956.9476306,10.264094441298726,1.0,22.813545772358104,0.0,0.0,-0.82,0.21457771477478904,1.0,follow,0
1786523957.041727,10.33994826249421,0.8911290322580645,19.313545772358104,0.0,0.0,-0.82,0.20102997001684858,1.0,follow,0
1786523957.1338987,10.394700559168628,0.8850806451612904,15.813545772358104,0.0,0.0,-0.82,0.18965725806451614,1.0,follow,0
1786523957.233415,10.474952844605177,1.0,12.313545772358104,0.0,0.0,-0.82,0.2,1.0,follow,0
1786523957.3292773,10.394697971979085,0.8790322580645161,9.457885750947757,0.0,0.0,-0.82,0.18911290322580646,1.0,follow,0
1786523957.4309993,10.408705554757052,1.0,7.7086470786120955,0.0,0.0,-0.82,0.2,1.0,follow,0
1786523957.5281196,10.293209791940788,0.8911290322580645,6.585870523103211,0.0,0.0,-0.82,0.1902016129032258,1.0,follow,0
1786523957.6311266,10.295061899439842,0.939516129032258,6.941768433119693,0.0,0.0,-0.82,0.19455645161290325,1.0,follow,0
1786523957.7354076,10.169567588943313,0.8790322580645161,6.31529664852091,0.0,0.0,-0.82,0.18911290322580646,1.0,follow,0
1786523957.8346832,10.057088149605015,0.8790322580645161,5.780399178014134,0.0,0.0,-0.82,0.18911290322580646,1.0,follow,0
1786523957.9362373,10.043754257480039,0.8850806451612904,5.324074294346797,0.0,0.0,-0.82,0.18965725806451614,1.0,follow,0
1786523958.0309768,10.024279457503319,0.8850806451612904,5.2630386592850416,0.0,0.0,-0.82,0.18965725806451614,1.0,follow,0
1786523958.1210647,10.11397586691565,0.8185483870967742,8.76303865928504,0.0,0.0,-0.82,0.18366935483870972,1.0,follow,0
1786523958.2138968,10.328760394857335,0.8911290322580645,7.558268668769215,0.0,0.0,-0.82,0.1902016129032258,1.0,follow,0
1786523958.305967,10.408829320372611,0.8850806451612904,6.682574446472448,0.0,0.0,-0.82,0.18965725806451614,1.0,follow,0
1786523958.3923488,10.470054696825494,0.6370967741935484,7.320302148713404,0.0,0.0,-0.82,0.16733870967741937,1.0,follow,0
1786523958.4830055,10.738299447066126,0.872983870967742,6.228543522862516,0.0,0.0,-0.82,0.1885685483870968,1.0,follow,0
1786523958.5815794,10.784482255135371,0.7883064516129032,9.728543522862516,0.0,0.0,-0.82,0.1809475806451613,1.0,follow,0
1786523958.6861198,10.658751482155186,0.8245967741935484,13.228543522862516,0.0,0.0,-0.82,0.18421370967741937,1.0,follow,0
1786523958.7593257,10.42319018525938,0.347684331797235,16.728543522862516,0.0,0.0,-0.82,0.14129158986175114,1.0,follow,0
1786523958.85624,11.115630642181184,0.8971774193548387,20.228543522862516,0.0,0.0,-0.82,0.1881033743619382,1.0,follow,0
1786523958.9478474,10.959050924643886,0.9879032258064516,16.728543522862516,0.0,0.0,-0.82,0.19891129032258067,1.0,follow,0
1786523959.0582783,10.950075312793015,0.9939516129032258,13.228543522862516,0.0,0.0,-0.82,0.19945564516129033,1.0,follow,0
1786523959.1533039,10.572129185659298,0.8790322580645161,10.213906816852052,0.0,0.0,-0.82,0.18911290322580646,1.0,follow,0
1786523959.247115,10.555085999552336,0.6491935483870968,13.713906816852052,0.0,0.0,-0.82,0.16842741935483874,1.0,follow,0
1786523959.3555179,10.581828584071594,0.8064516129032258,17.213906816852052,0.0,0.0,-0.82,0.18258064516129033,1.0,follow,0
1786523959.462452,10.296474400158777,0.0,207.41108565974542,0.0,0.0,-0.82,0.0,1.0,slow:lane_dropout,0
1786523959.5576904,10.121781301170838,0.9879032258064516,20.713906816852052,0.0,0.0,-0.82,0.06898008975031189,1.0,follow,0
1786523959.6487315,10.196151175044385,0.8850806451612904,17.213906816852052,0.0,0.0,-0.82,0.13092242605007415,1.0,follow,0
1786523959.7485573,10.346843819366491,0.8850806451612904,13.713906816852052,0.0,0.0,-0.82,0.18965725806451614,1.0,follow,0
1786523959.8320198,10.24267990487401,0.6129032258064516,15.410297067329065,0.0,0.0,-0.82,0.16516129032258065,1.0,follow,0
1786523959.9252043,10.650072771900042,0.8850806451612904,11.910297067329065,0.0,0.0,-0.82,0.18965725806451614,1.0,follow,0
1786523960.0217555,10.672265478776012,0.6068548387096775,10.895285561726459,0.0,0.0,-0.82,0.164616935483871,1.0,follow,0
1786523960.112266,10.60839824079018,0.8911290322580645,8.653869407832753,0.0,0.0,-0.82,0.1902016129032258,1.0,follow,0
1786523960.2025187,10.66789666610982,0.8850806451612904,7.074036188331992,0.0,0.0,-0.82,0.18965725806451614,1.0,follow,0
1786523960.3009906,10.768256067345565,0.8608870967741936,5.953713579993797,0.0,0.0,-0.82,0.18747983870967744,1.0,follow,0
1786523960.4060307,10.649075376216416,0.872983870967742,5.077462962230636,0.0,0.0,-0.82,0.1885685483870968,1.0,follow,0
1786523960.5052674,10.428209932157987,0.9032258064516129,4.623534089333603,0.0,0.0,-0.82,0.19129032258064516,1.0,follow,0
1786523960.5991251,10.352791561099627,0.8790322580645161,4.3008427813847225,0.0,0.0,-0.82,0.18911290322580646,1.0,follow,0
1786523960.6969469,10.374565725990678,0.8669354838709677,4.186593233253796,0.0,0.0,-0.82,0.18802419354838712,1.0,follow,0
1786523960.7841594,10.377079443322375,0.5766129032258065,7.686593233253796,0.0,0.0,-0.82,0.1618951612903226,1.0,follow,0
1786523960.8754659,10.572611694353455,0.8669354838709677,6.616161367307345,0.0,0.0,-0.82,0.18802419354838712,1.0,follow,0
1786523960.9702349,10.657709043434197,0.7580645161290323,10.116161367307345,0.0,0.0,-0.82,0.1782258064516129,1.0,follow,0
1786523961.075421,10.65090477522706,0.8790322580645161,7.943474517239072,0.0,0.0,-0.82,0.18911290322580646,1.0,follow,0
1786523961.171028,10.425205639151306,1.0,6.706290013251994,0.0,0.0,-0.82,0.2,1.0,follow,0
1786523961.2727275,10.431832531635576,0.8971774193548387,5.840433476690915,0.0,0.0,-0.82,0.1907459677419355,1.0,follow,0
1786523961.3656764,10.31049188587648,0.8971774193548387,5.526145651483683,0.0,0.0,-0.82,0.1907459677419355,1.0,follow,0
1786523961.4566412,10.371214091078281,0.8245967741935484,9.026145651483683,0.0,0.0,-0.82,0.18421370967741937,1.0,follow,0
1786523961.5514743,10.525179129853955,0.8306451612903225,12.52614565148368,0.0,0.0,-0.82,0.18475806451612906,1.0,follow,0
1786523961.6468377,10.500138050642693,0.782258064516129,16.02614565148368,0.0,0.0,-0.82,0.18040322580645163,1.0,follow,0
1786523961.7461162,10.517831325590608,0.8850806451612904,12.52614565148368,0.0,0.0,-0.82,0.18965725806451614,1.0,follow,0
1786523961.8382077,10.444681098809221,0.5342741935483871,13.3467373059478,0.0,0.0,-0.82,0.15808467741935486,1.0,follow,0
1786523961.936291,10.51659338546286,0.8850806451612904,10.007874319630169,0.0,0.0,-0.82,0.18965725806451614,1.0,follow,0
1786523962.0313034,10.44652361443461,0.8850806451612904,8.068117638829507,0.0,0.0,-0.82,0.18965725806451614,1.0,follow,0
1786523962.1321707,10.451829455426884,0.8790322580645161,6.331235580039016,0.0,0.0,-0.82,0.18911290322580646,1.0,follow,0
1786523962.2202933,10.362815157132186,0.5100806451612904,8.788199275119371,0.0,0.0,-0.82,0.15590725806451614,1.0,follow,0
1786523962.3002667,10.556148262297638,0.43883640552995395,12.288199275119371,0.0,0.0,-0.82,0.14949527649769587,1.0,follow,0
1786523962.3943257,10.871945967065752,0.8850806451612904,9.342158736663958,0.0,0.0,-0.82,0.18965725806451614,1.0,follow,0
1786523962.4755118,10.883326142955752,0.40673963133640556,12.842158736663958,0.0,0.0,-0.82,0.1466065668202765,1.0,follow,0
1786523962.5677943,11.171718173089543,0.872983870967742,9.895094395862166,0.0,0.0,-0.82,0.1885685483870968,1.0,follow,0
1786523962.6518538,11.0883906698799,0.503847926267281,13.395094395862166,0.0,0.0,-0.82,0.15534631336405533,1.0,follow,0
1786523962.7417686,11.15935500233924,0.39211981566820275,16.895094395862166,0.0,0.0,-0.82,0.14529078341013826,1.0,follow,0
1786523962.8360195,11.244007628217451,0.872983870967742,13.395094395862166,0.0,0.0,-0.82,0.1885685483870968,1.0,follow,0
1786523962.9326334,11.092837393347796,0.8790322580645161,10.225809139730405,0.0,0.0,-0.82,0.18911290322580646,1.0,follow,0
1786523963.0280275,10.979725555548622,0.8669354838709677,7.990808893053572,0.0,0.0,-0.82,0.18802419354838712,1.0,follow,0
1786523963.1231956,10.882764722840207,0.7157258064516129,11.490808893053572,0.0,0.0,-0.82,0.17441532258064518,1.0,follow,0
1786523963.2261822,10.804254489057806,0.8971774193548387,8.967055426280059,0.0,0.0,-0.82,0.1907459677419355,1.0,follow,0
1786523963.3274136,10.586804073346668,0.872983870967742,7.3826825709784,0.0,0.0,-0.82,0.1885685483870968,1.0,follow,0
1786523963.4259586,10.441477661322327,0.8850806451612904,6.19793911066432,0.0,0.0,-0.82,0.18965725806451614,1.0,follow,0
1786523963.523902,10.386615163987011,0.8669354838709677,5.442774253305732,0.0,0.0,-0.82,0.18802419354838712,1.0,follow,0
1786523963.6213784,10.329794838931177,0.8185483870967742,8.942774253305732,0.0,0.0,-0.82,0.18366935483870972,1.0,follow,0
1786523963.7154021,10.339055506432267,0.8850806451612904,7.287129365802226,0.0,0.0,-0.82,0.18965725806451614,1.0,follow,0
1786523963.8087435,10.391483975670258,0.7883064516129032,10.787129365802226,0.0,0.0,-0.82,0.1809475806451613,1.0,follow,0
1786523963.8948104,10.454581796763797,0.5887096774193548,10.236379901168673,0.0,0.0,-0.82,0.16298387096774195,1.0,follow,0
1786523963.9899588,10.673995244259729,0.8487903225806451,13.736379901168673,0.0,0.0,-0.82,0.18639112903225807,1.0,follow,0
1786523964.0889702,10.65295709487768,0.8790322580645161,10.39795494159333,0.0,0.0,-0.82,0.18911290322580646,1.0,follow,0
1786523964.1810973,10.541615711487923,0.655241935483871,9.307798641593498,0.0,0.0,-0.82,0.16897177419354842,1.0,follow,0
1786523964.2756128,10.578854599119206,1.0,7.247118719775322,0.0,0.0,-0.82,0.2,1.0,follow,0
1786523964.3789642,10.604923830560411,0.7641129032258064,10.747118719775322,0.0,0.0,-0.82,0.17877016129032258,1.0,follow,0
1786523964.4756925,10.401678696838818,0.7459677419354839,14.247118719775322,0.0,0.0,-0.82,0.17713709677419356,1.0,follow,0
1786523964.5792115,10.395905601819901,0.8850806451612904,10.78310718324613,0.0,0.0,-0.82,0.18965725806451614,1.0,follow,0
1786523964.6883063,10.242709271182136,0.9455645161290323,8.51437133412875,0.0,0.0,-0.82,0.19510080645161293,1.0,follow,0
1786523964.764297,10.039299128252416,0.397258064516129,12.01437133412875,0.0,0.0,-0.82,0.14575322580645161,1.0,follow,0
1786523964.8725739,10.644258107828618,0.8911290322580645,9.224712644351825,0.0,0.0,-0.82,0.1902016129032258,1.0,follow,0
1786523964.9656918,10.377360975600915,0.7399193548387096,12.724712644351825,0.0,0.0,-0.82,0.17659274193548388,1.0,follow,0
1786523965.0600803,10.45618369053116,0.8306451612903225,16.224712644351825,0.0,0.0,-0.82,0.18475806451612906,1.0,follow,0
1786523965.1496398,10.47191482474664,0.7641129032258064,19.724712644351825,0.0,0.0,-0.82,0.17877016129032258,1.0,follow,0
1786523965.2474616,10.558349466647797,0.8669354838709677,16.224712644351825,0.0,0.0,-0.82,0.18802419354838712,1.0,follow,0
1786523965.3453348,10.522546510620021,0.752016129032258,19.724712644351825,0.0,0.0,-0.82,0.17768145161290325,1.0,follow,0
1786523965.4409277,10.451163401166623,0.8790322580645161,16.224712644351825,0.0,0.0,-0.82,0.18911290322580646,1.0,follow,0
1786523965.5392947,10.472188294681281,0.872983870967742,12.724712644351825,0.0,0.0,-0.82,0.1885685483870968,1.0,follow,0
1786523965.6434057,10.40673333475382,0.8487903225806451,16.224712644351825,0.0,0.0,-0.82,0.18639112903225807,1.0,follow,0
1786523965.7348547,10.263088469766629,0.7338709677419355,19.724712644351825,0.0,0.0,-0.82,0.1760483870967742,1.0,follow,0
1786523965.8280935,10.400292493225788,0.6491935483870968,16.224712644351825,0.0,0.0,-0.82,0.16842741935483874,1.0,follow,0
1786523965.9291458,10.463274260235949,0.872983870967742,12.724712644351825,0.0,0.0,-0.82,0.1885685483870968,1.0,follow,0
1786523966.023094,10.350415607756338,0.7883064516129032,16.224712644351825,0.0,0.0,-0.82,0.1809475806451613,1.0,follow,0
1786523966.1230159,10.406359317308747,0.872983870967742,12.724712644351825,0.0,0.0,-0.82,0.1885685483870968,1.0,follow,0
1786523966.2221289,10.330638980916929,0.8850806451612904,9.62018288205507,0.0,0.0,-0.82,0.18965725806451614,1.0,follow,0
1786523966.3220448,10.247181850045784,0.7943548387096775,13.120182882055069,0.0,0.0,-0.82,0.181491935483871,1.0,follow,0
1786523966.408368,10.233445552201616,0.6975806451612904,11.20177023053297,0.0,0.0,-0.82,0.17278225806451616,1.0,follow,0
1786523966.4959905,10.493860349236938,0.8245967741935484,14.70177023053297,0.0,0.0,-0.82,0.18421370967741937,1.0,follow,0
1786523966.5856845,10.688298479569934,0.8790322580645161,11.527155201257655,0.0,0.0,-0.82,0.18911290322580646,1.0,follow,0
1786523966.6807356,10.741065069956257,0.8850806451612904,9.03290239300512,0.0,0.0,-0.82,0.18965725806451614,1.0,follow,0
1786523966.7736554,10.727476911324755,0.8790322580645161,7.203106298432452,0.0,0.0,-0.82,0.18911290322580646,1.0,follow,0
1786523966.8623753,10.731235088478392,0.6431451612903225,9.793203828090384,0.0,0.0,-0.82,0.16788306451612903,1.0,follow,0
1786523966.9609263,10.81982130796242,0.752016129032258,13.293203828090384,0.0,0.0,-0.82,0.17768145161290325,1.0,follow,0
1786523967.0509288,10.684608203462783,0.8850806451612904,10.184099274196772,0.0,0.0,-0.82,0.18965725806451614,1.0,follow,0
1786523967.1394627,10.802209485193675,0.6431451612903225,11.144432591321932,0.0,0.0,-0.82,0.16788306451612903,1.0,follow,0
1786523967.2352865,10.890527399943654,0.8790322580645161,8.8385634398442,0.0,0.0,-0.82,0.18911290322580646,1.0,follow,0
1786523967.3327718,10.805217370117981,0.8911290322580645,7.467716788191323,0.0,0.0,-0.82,0.1902016129032258,1.0,follow,0
1786523967.4239633,10.685489365915194,0.564516129032258,9.736638674781997,0.0,0.0,-0.82,0.16080645161290322,1.0,follow,0
1786523967.5243697,10.753526126657533,0.969758064516129,13.236638674781997,0.0,0.0,-0.82,0.1972782258064516,1.0,follow,0
1786523967.6252444,10.597644314629695,0.8971774193548387,10.043996446264561,0.0,0.0,-0.82,0.1907459677419355,1.0,follow,0
1786523967.7245781,10.456629403517464,0.8245967741935484,13.543996446264561,0.0,0.0,-0.82,0.18421370967741937,1.0,follow,0
1786523967.8178422,10.374866470207875,0.9032258064516129,10.324473362530718,0.0,0.0,-0.82,0.19129032258064516,1.0,follow,0
1786523967.9066389,10.443367693271474,0.6431451612903225,13.47089069237725,0.0,0.0,-0.82,0.16788306451612903,1.0,follow,0
1786523968.0010102,10.598507973944866,0.872983870967742,10.271686596508145,0.0,0.0,-0.82,0.1885685483870968,1.0,follow,0
1786523968.106115,10.60694467153216,0.8971774193548387,8.268713742973642,0.0,0.0,-0.82,0.1907459677419355,1.0,follow,0
1786523968.1923351,10.395146159596855,0.594758064516129,8.221559722630111,0.0,0.0,-0.82,0.16352822580645163,1.0,follow,0
1786523968.2918203,10.583146151251684,0.872983870967742,11.721559722630111,0.0,0.0,-0.82,0.1885685483870968,1.0,follow,0
1786523968.3901186,10.507822619326102,0.8245967741935484,15.221559722630111,0.0,0.0,-0.82,0.18421370967741937,1.0,follow,0
1786523968.483619,10.450426085720885,0.8790322580645161,11.721559722630111,0.0,0.0,-0.82,0.18911290322580646,1.0,follow,0
1786523968.5752707,10.490746104775768,0.8366935483870968,15.221559722630111,0.0,0.0,-0.82,0.1853024193548387,1.0,follow,0
1786523968.6611066,10.578264232481494,0.6431451612903225,11.721559722630111,0.0,0.0,-0.82,0.16788306451612903,1.0,follow,0
1786523968.7582476,10.799382545897792,0.8850806451612904,8.898921653994533,0.0,0.0,-0.82,0.18965725806451614,1.0,follow,0
1786523968.8684108,10.657840119302001,0.842741935483871,12.398921653994533,0.0,0.0,-0.82,0.1858467741935484,1.0,follow,0
1786523968.9643729,10.372730237899477,0.8850806451612904,9.743274776452443,0.0,0.0,-0.82,0.18965725806451614,1.0,follow,0
1786523969.0796216,10.375685220833347,1.0,7.71697235751554,0.0,0.0,-0.82,0.2,1.0,follow,0
1786523969.172498,10.03410282137376,0.7701612903225807,11.216972357515541,0.0,0.0,-0.82,0.17931451612903226,1.0,follow,0
1786523969.2656527,10.182116352651654,0.8790322580645161,8.799875878820767,0.0,0.0,-0.82,0.18911290322580646,1.0,follow,0
1786523969.3610187,10.292932372256102,0.8850806451612904,7.365807426854263,0.0,0.0,-0.82,0.18965725806451614,1.0,follow,0
1786523969.4445305,10.30521983963881,0.5524193548387096,4.787774827455271,0.0,0.0,-0.82,0.15971774193548388,1.0,follow,0
1786523969.5407324,10.673686210583007,0.939516129032258,4.528289715487128,0.0,0.0,-0.82,0.19455645161290325,1.0,follow,0
1786523969.6375008,10.62512835029315,0.8850806451612904,4.594696632780185,0.0,0.0,-0.82,0.18965725806451614,1.0,follow,0
1786523969.7291446,10.56382697822525,0.7399193548387096,8.094696632780185,0.0,0.0,-0.82,0.17659274193548388,1.0,follow,0
1786523969.8251092,10.638742438852445,0.8669354838709677,7.0252196589533185,0.0,0.0,-0.82,0.18802419354838712,1.0,follow,0
1786523969.91093,10.565246789078437,0.5463709677419355,8.186840033817932,0.0,0.0,-0.82,0.1591733870967742,1.0,follow,0
1786523970.0069406,10.809677394571516,0.8790322580645161,6.775027448912483,0.0,0.0,-0.82,0.18911290322580646,1.0,follow,0
1786523970.1046863,10.739946720398926,0.8911290322580645,5.796775903501583,0.0,0.0,-0.82,0.1902016129032258,1.0,follow,0
1786523970.2072778,10.633881801074065,0.8911290322580645,4.935897930410693,0.0,0.0,-0.82,0.1902016129032258,1.0,follow,0
1786523970.293193,10.459466903549425,0.49798387096774194,8.435897930410693,0.0,0.0,-0.82,0.1548185483870968,1.0,follow,0
1786523970.3838122,10.69953252780286,0.8790322580645161,6.923918248662705,0.0,0.0,-0.82,0.18911290322580646,1.0,follow,0
1786523970.4798,10.75907688973127,0.872983870967742,6.245710701203664,0.0,0.0,-0.82,0.1885685483870968,1.0,follow,0
1786523970.5711474,10.68538654425845,0.872983870967742,5.538074151598678,0.0,0.0,-0.82,0.1885685483870968,1.0,follow,0
1786523970.669408,10.737506708344458,0.8669354838709677,5.540612762167888,0.0,0.0,-0.82,0.18802419354838712,1.0,follow,0
1786523970.7674384,10.634419319363417,0.8004032258064516,9.04061276216789,0.0,0.0,-0.82,0.18203629032258065,1.0,follow,0
1786523970.8603187,10.538874136133751,0.872983870967742,7.541059561759811,0.0,0.0,-0.82,0.1885685483870968,1.0,follow,0
1786523970.9504998,10.548972035776545,0.7459677419354839,11.041059561759809,0.0,0.0,-0.82,0.17713709677419356,1.0,follow,0
1786523971.0487447,10.681277812827728,0.8911290322580645,8.647340343536646,0.0,0.0,-0.82,0.1902016129032258,1.0,follow,0
1786523971.1402216,10.592097677025281,0.7883064516129032,12.147340343536646,0.0,0.0,-0.82,0.1809475806451613,1.0,follow,0
1786523971.2419004,10.649228570569342,1.0,9.203303365925636,0.0,0.0,-0.82,0.2,1.0,follow,0
1786523971.3296545,10.494306832006231,0.6612903225806451,9.292015727622074,0.0,0.0,-0.82,0.1695161290322581,1.0,follow,0
1786523971.4265802,10.684985821837088,1.0,7.151092639665089,0.0,0.0,-0.82,0.2,1.0,follow,0
1786523971.5259612,10.57823506542438,0.8366935483870968,10.651092639665087,0.0,0.0,-0.82,0.1853024193548387,1.0,follow,0
1786523971.6347477,10.510201641114193,0.8850806451612904,8.373624785197155,0.0,0.0,-0.82,0.18965725806451614,1.0,follow,0
1786523971.7424443,10.246118278152249,1.0,6.685852151961517,0.0,0.0,-0.82,0.2,1.0,follow,0
1786523971.835214,10.048701688079648,0.6008064516129032,8.606853915693332,0.0,0.0,-0.82,0.16407258064516128,1.0,follow,0
1786523971.9291124,10.201245652469416,0.8125,12.106853915693332,0.0,0.0,-0.82,0.183125,1.0,follow,0
1786523972.0178497,10.293950701379664,0.3136866359447005,15.606853915693332,0.0,0.0,-0.82,0.13823179723502307,1.0,follow,0
1786523972.1189728,10.486380446507532,0.872983870967742,12.106853915693332,0.0,0.0,-0.82,0.1885685483870968,1.0,follow,0
1786523972.2088766,10.366855057372378,0.4495967741935484,15.606853915693332,0.0,0.0,-0.82,0.15046370967741937,1.0,follow,0
1786523972.2898614,10.471193618294183,0.4976036866359447,19.106853915693332,0.0,0.0,-0.82,0.15478433179723505,1.0,follow,0
1786523972.3764253,10.892866431225501,0.5342741935483871,22.606853915693332,0.0,0.0,-0.82,0.15808467741935486,1.0,follow,0
1786523972.4670324,11.039042145034525,0.8064516129032258,26.106853915693332,0.0,0.0,-0.82,0.18258064516129033,1.0,follow,0
1786523972.5449593,11.037977737605793,0.39535714285714285,22.606853915693332,0.0,0.0,-0.82,0.14558214285714285,1.0,follow,0
1786523972.632852,11.399177053183314,0.6975806451612904,19.106853915693332,0.0,0.0,-0.82,0.17278225806451616,1.0,follow,0
1786523972.727793,11.387278645744274,0.8366935483870968,22.606853915693332,0.0,0.0,-0.82,0.1853024193548387,1.0,follow,0
1786523972.8177018,11.223337167377501,0.6370967741935484,26.106853915693332,0.0,0.0,-0.82,0.17939271122082678,1.0,follow,0
1786523972.8998454,11.203306997625631,0.4280760368663595,22.606853915693332,0.0,0.0,-0.82,0.14852684331797236,1.0,follow,0
1786523972.9867995,11.397047711863463,0.3927880184331797,26.106853915693332,0.0,0.0,-0.8040939956135212,0.1453509216589862,1.0,follow,0
1786523973.0868192,11.400165603454983,0.7641129032258064,29.606853915693332,0.0,0.0,-0.82,0.17877016129032258,1.0,follow,0
1786523973.1671398,11.126724679912638,0.40883640552995393,33.106853915693335,0.0,0.0,-0.82,0.14679527649769586,1.0,follow,0
1786523973.2633646,11.401423869699311,0.8366935483870968,36.606853915693335,0.0,0.0,-0.82,0.1853024193548387,1.0,follow,0
1786523973.366006,11.191767356049253,0.8366935483870968,40.106853915693335,0.0,0.0,-0.7831040395779889,0.19707890453712995,1.0,follow,0
1786523973.4677377,10.907438461272706,0.842741935483871,43.606853915693335,0.0,0.0,-0.7595305795263534,0.2636082622370674,1.0,follow,0
1786523973.5675826,10.675035054628193,0.9032258064516129,47.106853915693335,0.0,0.0,-0.7413488155882658,0.3260994111904817,1.0,follow,0
1786523973.6486862,10.558491555162128,0.7036290322580645,50.606853915693335,0.0,0.0,-0.6993915799017947,0.2716014007728667,1.0,follow,0
1786523973.7207348,10.874039981993294,0.39812211981566825,54.106853915693335,0.0,0.0,-0.82,0.14583099078341016,1.0,follow,0
1786523973.799063,11.46653394960169,0.5584677419354839,57.606853915693335,0.0,0.0,-0.6993915799017947,0.16026209677419356,1.0,follow,0
1786523973.8763967,11.766109689360574,0.5526612903225806,61.106853915693335,0.0,0.0,-0.5860671073771125,0.15973951612903226,1.0,follow,0
1786523973.956616,11.996984766254057,0.5826612903225806,64.60685391569334,0.0,0.0,-0.5258557381965405,0.21004722487881086,1.0,follow,0
1786523974.0375283,12.092307769410384,0.6068548387096775,68.10685391569334,0.0,0.0,-0.4734055930834207,0.164616935483871,1.0,follow,0
1786523974.118671,12.152991336852727,0.8125,71.60685391569334,0.0,0.0,-0.47691387779894767,0.2170543659843295,1.0,follow,0
1786523974.2037687,12.182617544050478,0.7399193548387096,75.10685391569334,0.0,0.0,-0.44121266375279694,0.2698950727343961,1.0,follow,0
1786523974.2855773,12.093892125229198,0.7641129032258064,78.60685391569334,0.0,0.0,-0.40094700989837356,0.325266103384063,1.0,follow,0
1786523974.3748186,12.134339278977585,0.8004032258064516,82.10685391569334,0.0,0.0,-0.3470599579602169,0.37812827313415964,1.0,follow,0
1786523974.4708483,11.910427594290699,0.6915322580645161,85.60685391569334,0.0,0.0,-0.32107727222762444,0.43713988748442517,1.0,follow,0
1786523974.558636,11.635974900381365,0.842741935483871,89.10685391569334,0.0,0.0,-0.2932704011008059,0.49882046033427996,1.0,follow,0
1786523974.642996,11.553408246948377,0.7701612903225807,92.60685391569334,0.0,0.0,-0.2598543703442952,0.5037561012039851,1.0,follow,0
1786523974.726106,11.646191201413258,0.541705069124424,96.10685391569334,0.0,0.0,-0.2509088424961664,0.25375610120398506,1.0,follow,0
1786523974.7985947,11.712121207377079,0.30297235023041474,99.60685391569334,0.0,0.0,-0.17271378936001575,0.13726751152073732,1.0,follow,0
1786523974.884051,12.162791882243711,1.0,103.10685391569334,0.0,0.0,-0.14688866047077276,0.1838108635706037,1.0,follow,0
1786523974.9720008,12.066637832326395,0.8850806451612904,106.60685391569334,0.0,0.0,-0.10543073822491929,0.23945191787090764,1.0,follow,0
1786523975.065863,11.923707878455506,1.0,110.10685391569334,0.0,0.0,-0.07526929489091895,0.2967106109204694,1.0,follow,0
1786523975.1542983,11.67325062765681,0.8911290322580645,113.60685391569334,0.0,0.0,-0.041746347567730505,0.35762095847060366,1.0,follow,0
1786523975.250943,11.5738747639559,1.0,117.10685391569334,0.0,0.0,-0.012843951921567209,0.4157793698207813,1.0,follow,0
1786523975.3450465,11.337323809157688,0.9213709677419355,120.60685391569334,0.0,0.0,0.023170101682526718,0.47833278087057507,1.0,follow,0
1786523975.4362957,11.215494205325745,0.8911290322580645,124.10685391569334,0.0,0.0,0.055031104941981074,0.43914642242106544,1.0,follow,0
1786523975.5280151,11.164508522538254,0.782258064516129,127.60685391569334,0.0,0.0,0.11211506756014318,0.2488823787338301,1.0,follow,0
1786523975.6164093,11.105999244135704,0.7036290322580645,131.10685391569334,0.0,0.0,0.15910697219923792,0.308669194783803,1.0,follow,0
1786523975.7167501,11.124464602985897,0.9274193548387096,134.60685391569334,0.0,0.0,0.1839124345703242,0.3667135844338158,1.0,follow,0
1786523975.8216805,10.91627547522106,1.0,138.10685391569334,0.0,0.0,0.19725774428873646,0.4311752076340294,1.0,follow,0
1786523975.9203098,10.63448724207168,1.0,141.60685391569334,0.0,0.0,0.2421224367549692,0.49954347773391095,1.0,follow,0
1786523976.0104713,10.53126243288776,1.0,145.10685391569334,0.0,0.0,0.2770563055614531,0.5637831168335619,1.0,follow,0
1786523976.0986686,10.650410460814738,0.9637096774193549,148.60685391569334,0.0,0.0,0.3051151393724983,0.5916133035342545,1.0,follow,0
1786523976.1960201,10.74614810911342,0.9213709677419355,152.10685391569334,0.0,0.0,0.3665945094138253,0.5480231295118057,1.0,follow,0
1786523976.2912672,10.655108753949756,1.0,155.60685391569334,0.0,0.0,0.40080679029881966,0.6111854144112595,1.0,follow,0
1786523976.3715847,10.652442323389531,0.42169354838709683,159.10685391569334,0.0,0.0,0.45637386971199834,0.3611854144112595,1.0,follow,0
1786523976.4605052,11.020501421790728,0.6975806451612904,162.60685391569334,0.0,0.0,0.4380152599034936,0.19716267152721642,1.0,follow,0
1786523976.5381744,11.055590969876294,0.3577880184331797,166.10685391569334,0.0,0.0,0.5206320537390248,0.25521938387756066,1.0,follow,0
1786523976.627382,11.399139449394697,0.7641129032258064,169.60685391569334,0.0,0.0,0.5521902446556678,0.30610664887727085,1.0,follow,0
1786523976.714282,11.360805775417337,0.47046082949308754,173.10685391569334,0.0,0.0,0.5876756496617491,0.1523414746543779,1.0,follow,0
1786523976.794967,11.387284037284468,0.4549423963133641,169.60685391569334,0.0,0.0,0.5815599679153707,0.20889666945411708,1.0,follow,0
1786523976.8561425,11.61369407657788,0.1600115207373272,166.10685391569334,0.0,0.0,0.5808593827814457,0.12440103686635946,1.0,follow,0
1786523976.924104,12.57226442223392,0.2091589861751152,169.60685391569334,0.0,0.0,0.604773734834093,0.14350068794924928,1.0,follow,0
1786523976.9898016,13.00683227343112,0.21487327188940092,173.10685391569334,0.0,0.0,0.6287588627631012,0.12933859447004611,1.0,follow,0
1786523977.0526748,13.451045569356705,0.31002304147465437,169.60685391569334,0.0,0.0,0.6114063828271012,0.1379020737327189,1.0,follow,0
1786523977.1146467,13.891325768529084,0.11258064516129032,166.10685391569334,0.0,0.0,0.5923190201893836,0.12013225806451613,1.0,follow,0
1786523977.166377,14.392136554174058,0.0,112.0,0.0,0.0,0.5923190201893836,0.0,1.0,slow:lane_dropout,0
1786523977.2181864,15.377418595960062,0.0,112.0,0.0,0.0,0.5923190201893836,0.0,1.0,slow:lane_dropout,0
1786523977.278011,16.158852861775124,0.10191244239631336,162.60685391569334,0.0,0.0,0.5665148334948606,0.03370566875037184,1.0,follow,0
1786523977.3434553,16.272101782865473,0.14324884792626727,159.10685391569334,0.0,0.0,0.5361945792739704,0.07256941835025828,1.0,follow,0
1786523977.406949,16.069268397234367,0.06343317972350229,155.60685391569334,0.0,0.0,0.5032257166855457,0.11517020320020493,1.0,follow,0
1786523977.478685,15.938195790147653,0.564516129032258,159.10685391569334,0.4514030612244898,0.0,0.4698609957627378,0.15733991845036144,1.0,follow,0
1786523977.5498717,15.57162205232961,0.33649769585253453,155.60685391569334,0.0,0.0,0.4777395842616866,0.1402847926267281,1.0,follow,0
1786523977.603501,15.23859012349562,0.0,112.0,0.4405612244897959,0.0,0.4777395842616866,0.0,1.0,slow:lane_dropout,0
1786523977.6599352,16.00588858738197,0.1401036866359447,152.10685391569334,0.0,0.0,0.4502910748426533,0.03407586845009974,1.0,follow,0
1786523977.7138965,16.364932436062176,0.1068663594470046,148.60685391569334,0.0,0.0,0.4191899537604287,0.07059044979969259,1.0,follow,0
1786523977.771617,16.76134390737727,0.0,112.0,0.0,0.0,0.4191899537604287,0.0,1.0,slow:lane_dropout,0
1786523977.833695,16.89791689415652,0.23482718894009214,145.10685391569334,0.0,0.0,0.38551382871496687,0.03726164974946187,1.0,follow,0
1786523977.906584,16.682014107769206,0.30569124423963134,141.60685391569334,0.0,0.0,0.3621564346127009,0.07835302929975115,1.0,follow,0
1786523977.9832275,16.121625716499477,0.41155529953917047,138.10685391569334,0.0,0.0,0.3303333247997474,0.12518275704965162,1.0,follow,0
1786523978.0497963,15.489757705098018,0.3737442396313364,134.60685391569334,0.0,0.0,0.2914751249428953,0.17532823424980962,1.0,follow,0
1786523978.1230295,15.420133394416148,0.43836405529953915,131.10685391569334,0.0,0.0,0.2613544227225344,0.14945276497695856,1.0,follow,0
1786523978.195373,15.059367238316101,0.5584677419354839,134.60685391569334,0.0,0.0,0.41135442272253436,0.16026209677419356,1.0,follow,0
1786523978.2632072,14.831342988873182,0.3560714285714286,138.10685391569334,0.4181122448979593,0.0,0.2613544227225344,0.14204642857142857,1.0,follow,0
1786523978.3209443,14.811662443959655,0.11577188940092166,134.60685391569334,0.0,0.0,0.240142736686083,0.1861652526716523,1.0,follow,0
1786523978.3820524,15.290350544006925,0.27906682027649765,131.10685391569334,0.0,0.0,0.22682885115452786,0.2239447418213683,1.0,follow,0
1786523978.4538722,15.45745053994235,0.28368663594470045,127.60685391569334,0.0,0.0,0.08730132690423027,0.13553179723502304,1.0,follow,0
1786523978.5191627,15.132323427591164,0.2801152073732719,124.10685391569334,0.0,0.0,0.0927302835699103,0.18252490703479177,1.0,follow,0
1786523978.5789084,15.23379553257724,0.27506912442396314,127.60685391569334,0.0,0.0,0.1477352471095952,0.1347562211981567,1.0,follow,0
1786523978.6395178,15.54114853984207,0.26554147465437783,124.10685391569334,0.0,0.0,0.1481450972815582,0.13389873271889402,1.0,follow,0
1786523978.7004893,15.751111583497725,0.18358294930875577,120.60685391569334,0.0,0.0,0.012529105781441032,0.12652246543778803,1.0,follow,0
1786523978.7592576,15.866676646355097,0.1068663594470046,117.10685391569334,0.0,0.0,0.09532416676397376,0.1663290985375943,1.0,follow,0
1786523978.8166544,16.113335069078495,0.3023502304147465,113.60685391569334,0.0,0.0,0.05616453950762841,0.1372115207373272,1.0,follow,0
1786523978.873048,16.382355403903535,0.19182027649769584,110.10685391569334,0.0,0.0,0.031216240436177302,0.12726382488479265,1.0,follow,0
1786523978.9347773,16.616780838133078,0.0933410138248848,106.60685391569334,0.0,0.0,-0.008057956637788017,0.11840069124423964,1.0,follow,0
1786523979.0083048,16.555843725201942,0.49798387096774194,103.10685391569334,0.0,0.0,-0.025631422022879147,0.1548185483870968,1.0,follow,0
1786523979.075408,15.956906190912388,0.48764976958525347,99.60685391569334,0.0,0.0,-0.06214095715995977,0.15388847926267282,1.0,follow,0
1786523979.144968,15.751038271814558,0.5221774193548387,96.10685391569334,0.0,0.0,-0.08920766314680137,0.1569959677419355,1.0,follow,0
1786523979.2090364,15.40124637279772,0.1246774193548387,92.60685391569334,0.0,0.0,-0.14945234425186826,0.20341764629156742,1.0,follow,0
1786523979.2763972,15.545639090017023,0.4550345622119816,89.10685391569334,0.0,0.0,-0.19215172817208914,0.2437321991415992,1.0,follow,0
1786523979.3472366,15.3562363507004,0.43798387096774194,85.60685391569334,0.0,0.0,-0.20199665386914908,0.2882569391415963,1.0,follow,0
1786523979.4291599,15.145342111885345,0.7762096774193549,82.10685391569334,0.0,0.0,-0.24031547138871917,0.3337058744919922,1.0,follow,0
1786523979.4984407,14.554417909711331,0.5638018433179723,78.60685391569334,0.0,0.0,-0.29085781750153383,0.3870251157914971,1.0,follow,0
1786523979.5934544,14.542427667959377,1.0,75.10685391569334,0.0,0.0,-0.3284603119748653,0.43186981504195854,1.0,follow,0
1786523979.6741083,13.733415276843894,0.655241935483871,71.60685391569334,0.0,0.0,-0.3676355742403025,0.49379011179158067,1.0,follow,0
1786523979.7474787,13.472479660290896,0.6310483870967742,68.10685391569334,0.0,0.0,-0.42959766676483524,0.24379011179158067,1.0,follow,0
1786523979.8144395,13.50229140571614,0.5381336405529953,64.60685391569334,0.0,0.0,-0.45962818650798437,0.1584320276497696,1.0,follow,0
1786523979.881188,13.794221371643586,0.5403225806451613,61.106853915693335,0.0,0.0,-0.5022290958471342,0.15862903225806455,1.0,follow,0
1786523979.9473972,13.995982321975855,0.46474654377880187,57.606853915693335,0.0,0.0,-0.5391522943505593,0.20253897300840087,1.0,follow,0
1786523980.0155382,14.25073907175549,0.5134677419354838,54.106853915693335,0.0,0.0,-0.5491950365749388,0.24510675020832984,1.0,follow,0
1786523980.1023417,14.332618036628975,0.6915322580645161,50.606853915693335,0.0,0.0,-0.5633449738412523,0.17223790322580645,1.0,follow,0
1786523980.189063,13.764788877739043,0.872983870967742,47.106853915693335,0.0,0.0,-0.6289039769124128,0.22879174407597166,1.0,follow,0
1786523980.2700992,13.31873957562047,0.8487903225806451,43.606853915693335,0.0,0.0,-0.6626977368257725,0.2851442181759754,1.0,follow,0
1786523980.3487415,13.12951015166491,0.5342741935483871,40.106853915693335,0.0,0.0,-0.5841575725308492,0.15808467741935486,1.0,follow,0
1786523980.4434822,13.041322522512994,0.8245967741935484,36.606853915693335,0.0,0.0,-0.7337888732120045,0.18421370967741937,1.0,follow,0
1786523980.5303342,12.518077458789655,0.842741935483871,33.106853915693335,0.0,0.0,-0.7582574095914982,0.24656324822724388,1.0,follow,0
1786523980.617259,12.340088117162674,0.8125,29.606853915693335,0.0,0.0,-0.7915105278399887,0.26630908637047446,1.0,follow,0
1786523980.6995173,12.177606353917211,0.842741935483871,26.106853915693335,0.0,0.0,-0.82,0.24604771785813875,1.0,follow,0
1786523980.7849004,12.159599228545666,0.6733870967741936,25.506081652671714,0.0,0.0,-0.6963084057762808,0.17060483870967744,1.0,follow,0
1786523980.8741534,12.085317084533816,0.8487903225806451,22.006081652671714,0.0,0.0,-0.82,0.18639112903225807,1.0,follow,0
1786523980.9564211,11.919567264084675,0.5766129032258065,18.506081652671714,0.0,0.0,-0.82,0.1618951612903226,1.0,follow,0
1786523981.0408034,11.939553243860217,0.6491935483870968,15.006081652671714,0.0,0.0,-0.82,0.16842741935483874,1.0,follow,0
1786523981.1359222,11.943345309582707,0.6915322580645161,11.506081652671714,0.0,0.0,-0.82,0.17223790322580645,1.0,follow,0
1786523981.223997,11.658706001177169,0.9092741935483871,9.449311969529058,0.0,0.0,-0.82,0.19183467741935487,1.0,follow,0
1786523981.3140113,11.587710251232155,0.9637096774193549,7.94051330599933,0.0,0.0,-0.82,0.19673387096774195,1.0,follow,0
1786523981.4042513,11.48506359846726,0.7338709677419355,7.534822505331457,0.0,0.0,-0.82,0.1760483870967742,1.0,follow,0
1786523981.5076315,11.39392526784852,1.0,6.435681070533782,0.0,0.0,-0.82,0.2,1.0,follow,0
1786523981.5997894,11.071352782517382,1.0,5.180775527230537,0.0,0.0,-0.82,0.2,1.0,follow,0
1786523981.6736684,11.010489194160431,0.3648847926267281,3.367504092699849,0.0,0.0,-0.82,0.14283963133640554,1.0,follow,0
1786523981.763934,11.493522667603605,0.6975806451612904,3.9730668997828165,0.0,0.0,-0.82,0.17278225806451616,1.0,follow,0
1786523981.8488004,11.444349922142296,0.6491935483870968,4.347809496903182,0.0,0.0,-0.82,0.16842741935483874,1.0,follow,0
1786523981.9280527,11.458322423724104,0.17777649769585255,2.8260761729870687,0.0,0.0,-0.82,0.12599988479262675,1.0,follow,0
1786523981.9980638,11.756375331399575,0.27330645161290323,1.8369495124415947,0.0,0.0,-0.82,0.1345975806451613,1.0,follow,0
1786523982.0774217,12.218623266476278,0.6427649769585253,2.5964607064206042,0.0,0.0,-0.82,0.1678488479262673,1.0,follow,0
1786523982.153671,12.317627422694136,0.43108294930875574,6.096460706420604,0.0,0.0,-0.82,0.14879746543778802,1.0,follow,0
1786523982.2201552,12.466586544919043,0.18134792626728113,3.962699459173393,0.0,0.0,-0.82,0.12632131336405533,1.0,follow,0
1786523982.2926736,13.003907656860392,0.38231566820276497,2.894852330869102,0.0,0.0,-0.82,0.14440841013824887,1.0,follow,0
1786523982.3731844,13.166920638493961,0.411221198156682,3.192672147285663,0.0,0.0,-0.82,0.1470099078341014,1.0,follow,0
1786523982.4494398,12.999939569122718,0.43622119815668203,2.075236895735681,0.0,0.0,-0.82,0.1492599078341014,1.0,follow,0
1786523982.5233755,13.02415892818628,0.39055299539170507,2.993988236522978,0.0,0.0,-0.82,0.14514976958525347,1.0,follow,0
1786523982.6160197,13.128684062481119,0.6733870967741936,3.0369185127399727,0.0,0.0,-0.82,0.17060483870967744,1.0,follow,0
1786523982.703733,12.669005342779812,0.5705645161290323,2.896582596071865,0.0,0.0,-0.82,0.16135080645161293,1.0,follow,0
1786523982.7846727,12.413802510662258,0.5552304147465438,6.396582596071865,0.0,0.0,-0.82,0.15997073732718894,1.0,follow,0
1786523982.875202,12.379872801408865,0.5403225806451613,5.411134954791769,0.0,0.0,-0.82,0.15862903225806455,1.0,follow,0
1786523982.9622912,12.120476193882102,0.6794354838709677,8.91113495479177,0.0,0.0,-0.82,0.1711491935483871,1.0,follow,0
1786523983.042067,12.009456519125862,0.5524193548387096,12.41113495479177,0.0,0.0,-0.82,0.15971774193548388,1.0,follow,0
1786523983.1310058,12.073569162326923,0.7217741935483871,9.67692392049074,0.0,0.0,-0.82,0.17495967741935484,1.0,follow,0
1786523983.215075,11.939167958887198,0.6975806451612904,8.00642470733741,0.0,0.0,-0.82,0.17278225806451616,1.0,follow,0
1786523983.305708,11.875316565461347,0.8185483870967742,6.945574534190123,0.0,0.0,-0.82,0.18366935483870972,1.0,follow,0
1786523983.392193,11.756276900367613,0.7278225806451613,6.470416504377383,0.0,0.0,-0.82,0.17550403225806452,1.0,follow,0
1786523983.4882169,11.70926519055537,1.0,5.536549441521116,0.0,0.0,-0.82,0.2,1.0,follow,0
1786523983.5857685,11.434958883474742,1.0,5.153276536970658,0.0,0.0,-0.82,0.2,1.0,follow,0
1786523983.6670432,11.174798257005683,0.6370967741935484,5.469160893289892,0.0,0.0,-0.82,0.16733870967741937,1.0,follow,0
1786523983.7536874,11.467536838483323,0.6491935483870968,5.056752979506896,0.0,0.0,-0.82,0.16842741935483874,1.0,follow,0
1786523983.835447,11.471266223482308,0.5887096774193548,5.183084371508756,0.0,0.0,-0.82,0.16298387096774195,1.0,follow,0
1786523983.9106684,11.630846674335917,0.5074193548387096,5.321265345682646,0.0,0.0,-0.82,0.15566774193548388,1.0,follow,0
1786523983.978677,11.970196766559262,0.24658986175115205,8.821265345682647,0.0,0.0,-0.82,0.1321930875576037,1.0,follow,0
1786523984.0521598,12.52100775788035,0.5040322580645161,7.434280758610606,0.0,0.0,-0.82,0.15536290322580648,1.0,follow,0
1786523984.1275554,12.682518086063109,0.14644009216589862,4.832282493096894,0.0,0.0,-0.82,0.1231796082949309,1.0,follow,0
1786523984.2013745,12.845759454975438,0.3567396313364055,3.1409836205129813,0.0,0.0,-0.82,0.14210656682027653,1.0,follow,0
1786523984.269939,12.991584825647204,0.1500115207373272,2.041639353333438,0.0,0.0,-0.82,0.12350103686635945,1.0,follow,0
1786523984.3422132,13.304790854770953,0.2876382488479262,5.541639353333438,0.0,0.0,-0.82,0.13588744239631337,1.0,follow,0
1786523984.418756,13.399380652406336,0.6008064516129032,4.608150048583019,0.0,0.0,-0.82,0.16407258064516128,1.0,follow,0
1786523984.4894185,13.342215187294055,0.22134792626728111,2.995297531578962,0.0,0.0,-0.82,0.1299213133640553,1.0,follow,0
1786523984.5579042,13.49503658414266,0.4968433179723502,3.2030688436373516,0.0,0.0,-0.82,0.15471589861751153,1.0,follow,0
1786523984.6355293,13.687065476558267,0.4250806451612904,2.081994748364279,0.0,0.0,-0.82,0.14825725806451615,1.0,follow,0
1786523984.7030463,13.54038317394038,0.31673963133640554,1.3532965864367812,0.0,0.0,-0.82,0.1385065668202765,1.0,follow,0
1786523984.7668152,13.738754377407023,0.08338709677419355,0.8796427811839078,0.0,0.0,-0.82,0.11750483870967743,1.0,follow,0
1786523984.8350353,14.225674255706354,0.4610829493087557,1.158939828625646,0.0,0.0,-0.82,0.15149746543778803,1.0,follow,0
1786523984.9072294,14.285648138495738,0.37564516129032255,4.6589398286256465,0.0,0.0,-0.82,0.14380806451612904,1.0,follow,0
1786523984.9976301,14.191567243321064,0.9455645161290323,4.3341137683104565,0.0,0.0,-0.82,0.1908575423156845,1.0,follow,0
1786523985.0777977,13.540615642229946,0.6008064516129032,4.743884437266667,0.0,0.0,-0.82,0.16407258064516128,1.0,follow,0
1786523985.146918,13.372207626338707,0.542373271889401,4.197876566115237,0.0,0.0,-0.82,0.1588135944700461,1.0,follow,0
1786523985.2178335,13.59087597618705,0.33535714285714285,4.111117998332563,0.0,0.0,-0.82,0.14018214285714287,1.0,follow,0
1786523985.289883,13.703655607367635,0.5584677419354839,6.4047427067707705,0.0,0.0,-0.82,0.16026209677419356,1.0,follow,0
1786523985.3735871,13.729502732275805,0.9455645161290323,5.153682453910811,0.0,0.0,-0.82,0.19510080645161293,1.0,follow,0
1786523985.4429817,13.337314964707828,0.41059907834101383,8.653682453910811,0.0,0.0,-0.82,0.14695391705069125,1.0,follow,0
1786523985.5119052,13.624313700906892,0.0,3.208879362419424,0.0,0.0,-0.82,0.0,1.0,slow:lane_dropout,0
1786523985.5791018,13.75156932242937,0.0,27.950096066346333,0.0,0.0,-0.82,0.0,1.0,slow:lane_dropout,0
1786523985.640171,14.005078558774068,0.0,27.097069597069066,0.0,0.0,-0.82,0.0,1.0,slow:lane_dropout,0
1786523985.712113,14.479463513697207,0.5342741935483871,12.153682453910811,0.0,0.0,-0.82,0.03968980079980611,1.0,follow,0
1786523985.8009584,14.379777611034989,0.5584677419354839,15.653682453910811,0.0,0.0,-0.6515820124344174,0.12,1.0,avoid:white,0
1786523985.8775563,13.756182850076366,0.0,223.0,0.0,0.0,-0.55,0.12,1.0,avoid:white,0
1786523985.9579399,13.587765808800796,0.0,0.0,0.0,0.0,-0.55,0.12,1.0,avoid:white,0
1786523986.032851,13.38857446375008,0.0,223.0,0.0,0.0,-0.55,0.0,1.0,slow:lane_dropout,0
1786523986.117669,13.319921864490345,0.0,223.0,0.0,0.0,-0.55,0.0,1.0,slow:lane_dropout,0
1786523986.197533,13.05162873548205,0.44584101382488484,19.15368245391081,0.0,0.0,-0.7000000000000001,0.05426408779994745,1.0,follow,0
1786523986.2753835,12.94873907217588,0.0,43.40074106267889,0.0,0.0,-0.7000000000000001,0.0,1.0,slow:lane_dropout,0
1786523986.3520837,12.933433242934768,0.0,26.1359155742185,0.0,0.0,-0.7000000000000001,0.0,1.0,slow:lane_dropout,0
1786523986.4297748,12.936621166356565,0.5334677419354839,22.65368245391081,0.0,0.0,-0.82,0.050195481049559024,1.0,follow,0
1786523986.5198102,12.93241011734241,0.0,20.129619269342996,0.0,0.0,-0.65,0.12,1.0,avoid:white,0
1786523986.613081,12.56764613422284,0.0,21.879902477718673,0.0,0.0,-0.55,0.12,1.0,avoid:white,0
1786523986.7057297,12.207220810128206,0.0,17.75528581345644,0.0,0.0,-0.55,0.12,1.0,avoid:white,0
1786523986.7915914,11.896255140261355,0.2911635944700461,26.15368245391081,0.0,0.0,-0.42943476593694635,0.13620472350230414,1.0,follow,0
1786523986.8703334,11.848249593736085,0.0,0.0,0.0,0.0,-0.42943476593694635,0.0,1.0,slow:lane_dropout,0
1786523986.9668486,12.018739826964712,0.0,7.564282234649866,0.0,0.0,-0.42943476593694635,0.0,1.0,slow:lane_dropout,0
1786523987.0561342,11.711702272854883,0.0,7.258118757972213,0.0,0.0,-0.42943476593694635,0.0,1.0,slow:lane_dropout,0
1786523987.159955,11.597636902177285,0.0,9.051270628733445,0.0,0.0,-0.22943476593694637,0.1,1.0,reacquire:road,0
1786523987.25364,11.201741098097534,0.0,20.638346116328478,0.0,0.0,-0.029434765936946355,0.1,1.0,reacquire:road,0
1786523987.3489928,11.1108882618568,0.0,12.458586511611472,0.0,0.0,0.17056523406305366,0.1,1.0,reacquire:road,0
1786523987.4399142,10.986390015987983,0.0,12.088496670083089,0.0,0.0,0.37056523406305364,0.1,1.0,reacquire:road,0
1786523987.5331268,10.989266078579375,0.0,18.64042340272116,0.0,0.0,0.5705652340630536,0.1,1.0,reacquire:road,0
1786523987.6075747,10.926154009597735,0.3324078341013825,63.63618813620087,0.0,0.0,0.42056523406305363,0.13991670506912443,1.0,follow,0
1786523987.69273,11.443291985236021,0.0,14.780852059333043,0.0,0.0,0.42056523406305363,0.0,1.0,slow:lane_dropout,0
1786523987.7886806,11.498004465563135,0.0,14.97176335844238,0.0,0.0,0.42056523406305363,0.0,1.0,slow:lane_dropout,0
1786523987.8770776,11.279998297153323,0.0,16.49600093998832,0.0,0.0,0.42056523406305363,0.0,1.0,slow:lane_dropout,0
1786523987.9760199,11.256548960218055,0.0,10.056279163874194,0.0,0.0,0.6205652340630536,0.1,1.0,reacquire:road,0
1786523988.069208,11.058672522602144,0.0,11.792373873057102,0.0,0.0,0.55,0.12,1.0,avoid:white,0
1786523988.157863,10.993022849539454,0.0,15.7165498346805,0.0,0.0,0.55,0.12,1.0,avoid:white,0
1786523988.2505038,11.019483517158251,0.0,10.539410161507092,0.0,0.0,0.55,0.12,1.0,avoid:white,0
1786523988.3461182,10.988099507461646,0.0,11.484682656053678,0.0,0.0,0.725,0.1,1.0,reacquire:road,0
1786523988.4255233,10.894275333131022,0.4353110599078341,92.41322174031802,0.0,0.0,0.575,0.14917799539170506,1.0,follow,0
1786523988.5450425,11.221244616685889,0.0,13.57303601707273,0.0,0.0,0.575,0.0,1.0,slow:lane_dropout,0
1786523988.6429684,10.655511309480154,0.0,18.753671423018844,0.0,0.0,0.575,0.0,1.0,slow:lane_dropout,0
1786523988.7343137,10.56161787226324,0.0,13.828215529687498,0.0,0.0,0.575,0.0,1.0,slow:lane_dropout,0
1786523988.854031,10.637952737618495,0.0,11.590393796398601,0.0,0.0,0.725,0.1,1.0,reacquire:road,0
1786523988.9504218,10.183866166442446,0.0,13.099997292050602,0.0,0.0,0.725,0.1,1.0,reacquire:road,0
1786523989.0516918,10.214484908457726,0.0,12.097389632165687,0.0,0.0,0.725,0.1,1.0,reacquire:road,0
1786523989.1498647,10.121651156108019,0.0,13.324153221660673,0.0,0.0,0.725,0.1,1.0,reacquire:road,0
1786523989.2449481,10.166882318802479,0.0,14.305871033716699,0.0,0.0,0.725,0.1,1.0,reacquire:road,0
1786523989.3482933,10.24197886346824,0.0,14.861616686044528,0.0,0.0,0.725,0.1,1.0,reacquire:road,0
1786523989.443403,10.118746168688261,0.0,14.080851489818897,0.0,0.0,0.725,0.1,1.0,reacquire:road,0
1786523989.5400934,10.157401098247977,0.0,12.817874953244612,0.0,0.0,0.725,0.1,1.0,reacquire:road,0
1786523989.633627,10.237202834658333,0.0,12.48458083126205,0.0,0.0,0.725,0.1,1.0,reacquire:road,0
1786523989.7314875,10.313789935648856,0.0,13.877735092138316,0.0,0.0,0.725,0.1,1.0,reacquire:road,0
1786523989.8308084,10.31671125489568,0.0,11.531503094614806,0.0,0.0,0.725,0.1,1.0,reacquire:road,0
1786523989.943989,10.254644456797978,0.0,13.998700556643783,0.0,0.0,0.725,0.1,1.0,reacquire:road,0
1786523990.039514,9.926886411400433,0.0,13.590596817494273,0.0,0.0,0.725,0.1,1.0,reacquire:road,0
1786523990.1310308,10.109871612460498,0.0,12.262194572313788,0.0,0.0,0.725,0.1,1.0,reacquire:road,0
1786523990.2341554,10.266269010462832,0.0,13.678877099851391,0.0,0.0,0.725,0.1,1.0,reacquire:road,0
1786523990.333757,10.156149178974289,0.0,13.830923765056234,0.0,0.0,0.725,0.1,1.0,reacquire:road,0
1786523990.427879,10.134451801554707,0.0,15.118173283681976,0.0,0.0,0.725,0.1,1.0,reacquire:road,0
1786523990.5311413,10.24001338385498,0.0,14.844354398332882,0.0,0.0,0.725,0.1,1.0,reacquire:road,0
1786523990.6206765,10.099355065279596,0.0,13.349927639595819,0.0,0.0,0.725,0.1,1.0,reacquire:road,0
1786523990.7201684,10.344042573422728,0.0,13.191670951303983,0.0,0.0,0.725,0.1,1.0,reacquire:road,0
1786523990.8122225,10.284203000127427,0.0,13.251437548393412,0.0,0.0,0.725,0.1,1.0,reacquire:road,0
1786523990.9004874,10.401128289076588,0.0,13.913514766668008,0.0,0.0,0.725,0.1,1.0,reacquire:road,0
1786523990.9868107,10.582863944903062,0.0,11.665209883749199,0.0,0.0,0.725,0.1,1.0,reacquire:road,0
1786523991.0818944,10.779171690531614,0.0,12.220743683420125,0.0,0.0,0.725,0.1,1.0,reacquire:road,0
1786523991.1831582,10.732772884980868,0.0,10.899714494273127,0.0,0.0,0.725,0.1,1.0,reacquire:road,0
1786523991.2464716,10.566654705670022,0.0,223.0,0.0,0.0,0.725,0.1,1.0,reacquire:road,0
1786523991.3247037,11.616626466998568,0.0,223.0,0.0,0.0,0.5511310877483083,0.12,1.0,avoid:white,0
1786523991.4018705,11.838895536989469,0.0,12.85806830822105,0.0,0.0,0.55,0.12,1.0,avoid:white,0
1786523991.4778247,12.024796052106723,0.183963133640553,107.02403846170988,0.0,0.0,0.55,0.12,1.0,avoid:white,0
1786523991.5517728,12.289023006557542,0.0,8.414667832170096,0.0,0.0,0.725,0.1,1.0,reacquire:road,0
1786523991.6298048,12.556152445472735,0.0,0.0,0.0,0.0,0.725,0.1,1.0,reacquire:road,0
1786523991.6999896,12.575290234527504,0.0,223.0,0.0,0.0,0.725,0.1,1.0,reacquire:road,0
1786523991.7774396,12.924637047674699,0.2769700460829493,110.52403846170988,0.0,0.0,0.575,0.13492730414746545,1.0,follow,0
1786523991.8576105,12.940355646398618,0.0,43.98781144514936,0.0,0.0,0.575,0.0,1.0,slow:lane_dropout,0
1786523991.9315784,12.792534418726683,0.0,223.0,0.0,0.0,0.575,0.0,1.0,slow:lane_dropout,0
1786523992.0056148,12.997396416541969,0.4125460829493087,114.02403846170988,0.0,0.0,0.55,0.12,1.0,avoid:white,0
1786523992.0672855,13.051568277913754,0.0,0.0,0.0,0.0,0.55,0.12,1.0,avoid:white,0
1786523992.1226156,13.760023758572444,0.0,32.54220779221396,0.0,0.0,0.55,0.12,1.0,avoid:white,0
1786523992.181685,14.634066472263246,0.0,0.0,0.0,0.0,0.55,0.12,1.0,avoid:white,0
1786523992.2475915,15.087682997413104,0.1524884792626728,110.52403846170988,0.0,0.0,0.41688083349918087,0.12372396313364056,1.0,follow,0
1786523992.3167493,15.022182366957793,0.0,8.910892557378261,0.0,0.0,0.41688083349918087,0.0,1.0,slow:lane_dropout,0
1786523992.3866868,14.96582477061597,0.0,16.71111111111972,0.0,0.0,0.41688083349918087,0.0,1.0,slow:lane_dropout,0
1786523992.4575446,14.813170186873526,0.3969354838709678,107.02403846170988,0.0,0.0,0.2668808334991809,0.04576642330039249,1.0,follow,0
1786523992.5256732,14.66630173363919,0.2625921658986175,103.52403846170988,0.0,0.0,0.1168808334991809,0.0919350393003242,1.0,follow,0
1786523992.5976136,14.70382084473703,0.11796082949308756,100.02403846170988,0.0,0.0,-0.0331191665008191,0.12061647465437789,1.0,follow,0
1786523992.6577337,14.548446614779294,0.23016129032258065,96.52403846170988,0.0,0.0,-0.10609684778904493,0.13071451612903226,1.0,follow,0
1786523992.7306314,14.870482491755693,0.1831566820276498,93.02403846170988,0.0,0.0,-0.1340758352489209,0.1264841013824885,1.0,follow,0
1786523992.8062274,14.71478456695373,0.23158986175115204,89.52403846170988,0.0,0.0,-0.16581770711298977,0.1726095859821676,1.0,follow,0
1786523992.885793,14.423300145501635,0.3726958525345622,86.02403846170988,0.0,0.0,-0.13737327728303733,0.1435426267281106,1.0,follow,0
1786523992.9627678,14.039895809292958,0.5758064516129032,82.52403846170988,0.0,0.0,-0.24270124685719638,0.1955165214280602,1.0,follow,0
1786523993.0360253,13.844196893263256,0.2612096774193548,79.02403846170988,0.0,0.0,-0.28648401594425377,0.13350887096774194,1.0,follow,0
1786523993.1123562,13.790810922337219,0.3823617511520737,75.52403846170988,0.0,0.0,-0.3286264966401381,0.14794191177187657,1.0,follow,0
1786523993.179089,13.60212427296793,0.2597811059907834,72.02403846170988,0.0,0.0,-0.3673747963410945,0.13338029953917052,1.0,follow,0
1786523993.2523208,13.966883050752882,0.42550691244239636,68.52403846170988,0.0,0.0,-0.3715421680696507,0.17551717548900692,1.0,follow,0
1786523993.3201177,13.881115330623004,0.2701152073732719,65.02403846170988,0.0,0.0,-0.22154216806965069,0.13431036866359447,1.0,follow,0
1786523993.3986697,14.083053911443743,0.47927419354838713,61.52403846170988,0.0,0.0,-0.3715421680696507,0.15313467741935485,1.0,follow,0
1786523993.4704769,13.810479152498305,0.3003571428571429,58.02403846170988,0.0,0.0,-0.5215421680696507,0.13703214285714288,1.0,follow,0
1786523993.5450613,13.818488140266496,0.4078917050691244,54.52403846170988,0.0,0.0,-0.5471641371232413,0.18396177495723398,1.0,follow,0
1786523993.6155534,13.720037952388823,0.11262672811059908,51.02403846170988,0.0,0.0,-0.5879379527678388,0.12013640552995393,1.0,follow,0
1786523993.688806,13.842045090464948,0.5593778801843318,47.52403846170988,0.0,0.0,-0.6143135717161162,0.16549555833011917,1.0,follow,0
1786523993.7529588,13.81163262362967,0.10476958525345623,44.02403846170988,0.0,0.0,-0.6651100699379908,0.11942926267281107,1.0,follow,0
1786523993.8266015,14.090686204207918,0.26368663594470043,40.52403846170988,0.0,0.0,-0.5883384605298663,0.13373179723502304,1.0,follow,0
1786523993.8993335,14.046970846658152,0.277926267281106,37.02403846170988,0.0,0.0,-0.7383384605298662,0.13501336405529957,1.0,follow,0
1786523993.973801,13.960381479933513,0.47998847926267285,33.52403846170988,0.0,0.0,-0.7337621633194695,0.15319896313364056,1.0,follow,0
1786523994.0529437,13.875576186957812,0.28154377880184334,30.02403846170988,0.0,0.0,-0.82,0.1353389400921659,1.0,follow,0
1786523994.1379056,13.630212407812387,0.4190783410138249,26.52403846170988,0.0,0.0,-0.82,0.1867273875921145,1.0,follow,0
1786523994.2194674,13.254326001870917,0.45822580645161287,23.02403846170988,0.0,0.0,-0.82,0.17794488823752772,1.0,follow,0
1786523994.2891252,13.041433236367604,0.28330645161290324,19.52403846170988,0.0,0.0,-0.82,0.13549758064516132,1.0,follow,0
1786523994.3627052,13.313649543343324,0.4857027649769585,16.180489708714756,0.0,0.0,-0.82,0.15371324884792628,1.0,follow,0
1786523994.434256,13.373127990267806,0.22911290322580644,12.680489708714756,0.0,0.0,-0.82,0.13062016129032258,1.0,follow,0
1786523994.502459,13.462068149267871,0.18029953917050692,9.180489708714756,0.0,0.0,-0.82,0.12622695852534563,1.0,follow,0
1786523994.569545,13.730972086613324,0.19453917050691244,5.9673183106645915,0.0,0.0,-0.82,0.12750852534562213,1.0,follow,0
1786523994.6326635,13.920931848126196,0.07519585253456221,3.8787569019319847,0.0,0.0,-0.82,0.11676762672811061,1.0,follow,0
1786523994.7010686,14.307555257354235,0.0983410138248848,2.52119198625579,0.0,0.0,-0.82,0.11885069124423964,1.0,follow,0
1786523994.7702258,14.411070563620529,0.2871658986175115,1.6387747910662633,0.0,0.0,-0.82,0.13584493087557603,1.0,follow,0
1786523994.838982,14.426925004129615,0.22130184331797237,1.0652036141930712,0.0,0.0,-0.82,0.12991716589861754,1.0,follow,0
1786523994.9019027,14.442619039355815,0.0,112.0,0.0,0.0,-0.82,0.0,1.0,slow:lane_dropout,0
1786523994.9725773,14.745088614356623,0.10153225806451613,4.565203614193071,0.0,0.0,-0.82,0.04073966455016489,1.0,follow,0
1786523995.043892,14.57834072119508,0.28183179723502305,8.06520361419307,0.0,0.0,-0.82,0.08746410465005283,1.0,follow,0
1786523995.115198,14.514672341461191,0.593663594470046,5.761329410039432,0.0,0.0,-0.82,0.13304615609968096,1.0,follow,0
1786523995.187021,14.426735589850459,0.0,220.78375642849366,0.0,0.0,-0.82,0.0,1.0,slow:lane_dropout,0
1786523995.2642643,14.316445961013669,0.362741935483871,9.261329410039432,0.0,0.0,-0.82,0.04684587634997115,1.0,follow,0
1786523995.3397703,14.037222499580574,0.3192626728110599,12.76132941003943,0.0,0.0,-0.82,0.09715419415010729,1.0,follow,0
1786523995.4163704,13.815669183422902,0.3927880184331797,16.26132941003943,0.0,0.0,-0.82,0.1453509216589862,1.0,follow,0
1786523995.4878266,13.729083472197635,0.0701958525345622,12.76132941003943,0.0,0.0,-0.82,0.11631762672811062,1.0,follow,0
1786523995.570972,13.763447674423634,0.5117050691244239,9.26132941003943,0.0,0.0,-0.82,0.15605345622119815,1.0,follow,0
1786523995.6490726,13.443477632865282,0.46570276497695856,6.697558656413738,0.0,0.0,-0.82,0.15191324884792629,1.0,follow,0
1786523995.7238183,13.316490852100685,0.3513594470046083,10.197558656413738,0.0,0.0,-0.82,0.14162235023041478,1.0,follow,0
1786523995.7962556,13.252386427368391,0.3150230414746544,6.697558656413738,0.0,0.0,-0.82,0.1383520737327189,1.0,follow,0
1786523995.8769336,13.428914466458233,0.4679377880184332,5.052060404896482,0.0,0.0,-0.82,0.152114400921659,1.0,follow,0
1786523995.9501135,13.220504487659483,0.27654377880184333,3.2838392631827134,0.0,0.0,-0.82,0.1348889400921659,1.0,follow,0
1786523996.0229428,13.330327111840953,0.2302073732718894,6.783839263182713,0.0,0.0,-0.82,0.13071866359447007,1.0,follow,0
1786523996.0878487,13.404972645811618,0.17320276497695852,4.409495521068764,0.0,0.0,-0.82,0.12558824884792627,1.0,follow,0
1786523996.1625664,13.78242642480406,0.3157373271889401,7.909495521068764,0.0,0.0,-0.82,0.13841635944700462,1.0,follow,0
1786523996.2357602,13.720145557243423,0.25982718894009216,5.141172088694697,0.0,0.0,-0.82,0.1333844470046083,1.0,follow,0
1786523996.3074782,13.694647686450711,0.23554147465437786,3.3417618576515533,0.0,0.0,-0.82,0.131198732718894,1.0,follow,0
1786523996.3868506,13.757825967522166,0.268352534562212,6.841761857651553,0.0,0.0,-0.82,0.13415172811059908,1.0,follow,0
1786523996.4603987,13.501773530135637,0.2776382488479262,4.447145207473509,0.0,0.0,-0.82,0.13498744239631338,1.0,follow,0
1786523996.5311165,13.548729989464503,0.25668202764976955,2.890644384857781,0.0,0.0,-0.82,0.13310138248847928,1.0,follow,0
1786523996.601838,13.675585195869001,0.2601612903225806,6.390644384857781,0.0,0.0,-0.82,0.13341451612903227,1.0,follow,0
1786523996.6717565,13.755802296357738,0.25982718894009216,4.153918850157558,0.0,0.0,-0.82,0.1333844470046083,1.0,follow,0
1786523996.749381,13.85648694380917,0.3706912442396313,2.7000472526024124,0.0,0.0,-0.82,0.14336221198156682,1.0,follow,0
1786523996.8296168,13.679058158055764,0.17043778801843318,1.7550307141915682,0.0,0.0,-0.82,0.125339400921659,1.0,follow,0
1786523996.9064732,13.413975613657502,0.3349769585253456,1.1407699642245195,0.0,0.0,-0.82,0.14014792626728112,1.0,follow,0
1786523996.9885597,13.310776239388026,0.3086405529953917,0.7415004767459377,0.0,0.0,-0.82,0.13777764976958526,1.0,follow,0
1786523997.0680695,13.125966748403918,0.28683179723502306,1.1823015983535534,0.0,0.0,-0.82,0.1358148617511521,1.0,follow,0
1786523997.1341283,13.009316776246814,0.12972350230414745,0.7684960389298097,0.0,0.0,-0.82,0.12167511520737329,1.0,follow,0
1786523997.2105021,13.432760157231094,0.26544930875576034,4.268496038929809,0.0,0.0,-0.82,0.13389043778801843,1.0,follow,0
1786523997.2672486,13.373034522053645,0.0,112.0,0.0,0.0,-0.82,0.0,1.0,slow:lane_dropout,0
1786523997.3444633,14.221438754985979,0.327073732718894,3.6644238290477036,0.0,0.0,-0.82,0.03690025235005123,1.0,follow,0
1786523997.399777,13.968390523306216,0.0,112.0,0.0,0.0,-0.82,0.0,1.0,slow:lane_dropout,0
1786523997.4565563,14.770826062620563,0.0,112.0,0.0,0.0,-0.82,0.0,1.0,slow:lane_dropout,0
1786523997.525033,15.356272923125356,0.0755299539170507,7.164423829047704,0.0,0.0,-0.82,0.03672718855000312,1.0,follow,0
1786523997.5996182,15.20036105696518,0.1984447004608295,4.656875488881008,0.0,0.0,-0.82,0.08131885839952702,1.0,follow,0
1786523997.6675208,14.792104067587942,0.11258064516129032,3.0269690677726553,0.0,0.0,-0.82,0.12013225806451613,1.0,follow,0
1786523997.7459419,14.824659031500067,0.36417050691244246,4.148714697277171,0.0,0.0,-0.82,0.14277534562211983,1.0,follow,0
1786523997.8310308,14.417473887246311,0.7641129032258064,3.4563987842719746,0.0,0.0,-0.82,0.17877016129032258,1.0,follow,0
1786523997.9090204,13.888328270144717,0.2786405529953917,2.2466592097767837,0.0,0.0,-0.82,0.13507764976958528,1.0,follow,0
1786523997.9724643,13.678464592769839,0.16710829493087556,5.746659209776784,0.0,0.0,-0.82,0.1250397465437788,1.0,follow,0
1786523998.0501635,14.073332479604094,0.2013479262672811,9.246659209776784,0.0,0.0,-0.82,0.1281213133640553,1.0,follow,0
1786523998.1159873,13.820396943233757,0.1258179723502304,6.01032848635491,0.0,0.0,-0.82,0.12132361751152075,1.0,follow,0
1786523998.1946652,14.110467526721134,0.6129032258064516,5.393537047092345,0.0,0.0,-0.82,0.1638886523611882,1.0,follow,0
1786523998.270132,13.835123199831814,0.4340783410138249,8.893537047092344,0.0,0.0,-0.82,0.14906705069124424,1.0,follow,0
1786523998.3589187,13.618787638724509,0.5280414746543779,6.559698305075285,0.0,0.0,-0.82,0.15752373271889403,1.0,follow,0
1786523998.4393134,13.230401409976025,0.5105645161290322,4.801479014525664,0.0,0.0,-0.82,0.1559508064516129,1.0,follow,0
1786523998.5315537,13.07525102945587,0.9153225806451613,4.166917026326242,0.0,0.0,-0.82,0.19237903225806452,1.0,follow,0
1786523998.6059337,12.61527676984004,0.3263594470046083,2.7084960671120575,0.0,0.0,-0.82,0.13937235023041475,1.0,follow,0
1786523998.6832674,12.717271862802974,0.27225806451612905,6.2084960671120575,0.0,0.0,-0.82,0.13450322580645163,1.0,follow,0
1786523998.7607434,12.818056042802196,0.3299769585253456,9.708496067112058,0.0,0.0,-0.82,0.13969792626728111,1.0,follow,0
1786523998.8404913,12.807092327268755,0.6189516129032258,7.182763328934476,0.0,0.0,-0.82,0.16570564516129035,1.0,follow,0
1786523998.9269176,12.792967001776233,0.7217741935483871,5.7693182079691105,0.0,0.0,-0.82,0.17495967741935484,1.0,follow,0
1786523999.0092194,12.559737791522192,0.7096774193548387,9.26931820796911,0.0,0.0,-0.82,0.1738709677419355,1.0,follow,0
1786523999.0934336,12.46745687721241,0.8608870967741936,12.76931820796911,0.0,0.0,-0.82,0.18747983870967744,1.0,follow,0
1786523999.1831076,12.359847427207503,0.9153225806451613,9.287523666585972,0.0,0.0,-0.82,0.19237903225806452,1.0,follow,0
1786523999.2671764,12.090110183817348,0.8306451612903225,12.787523666585972,0.0,0.0,-0.82,0.18475806451612906,1.0,follow,0
1786523999.3488052,12.078587813880084,0.8911290322580645,9.287523666585972,0.0,0.0,-0.82,0.1902016129032258,1.0,follow,0
1786523999.4269636,12.118769273271845,0.5879953917050691,6.963411687521109,0.0,0.0,-0.82,0.16291958525345623,1.0,follow,0
1786523999.5092556,12.251430482116078,0.6214285714285714,5.355982492005943,0.0,0.0,-0.82,0.16592857142857143,1.0,follow,0
1786523999.5913212,12.231965052640914,0.6431451612903225,4.3688225058804715,0.0,0.0,-0.82,0.16788306451612903,1.0,follow,0
1786523999.6581085,12.221252688355891,0.15115207373271888,2.8397346288223067,0.0,0.0,-0.82,0.1236036866359447,1.0,follow,0
1786523999.716796,12.763578981125836,0.0,112.0,0.0,0.0,-0.82,0.0,1.0,slow:lane_dropout,0
1786523999.7922678,13.635942050797814,0.3916013824884793,2.631804486255111,0.0,0.0,-0.82,0.037955330399654486,1.0,follow,0
1786523999.8585913,13.5068605612089,0.12362903225806451,1.7106729160658223,0.0,0.0,-0.82,0.08799176229963451,1.0,follow,0
1786523999.922619,13.827350228886742,0.0,112.0,0.0,0.0,-0.82,0.0,1.0,slow:lane_dropout,0
1786523999.9972732,14.167720400393513,0.1998732718894009,5.210672916065822,0.0,0.0,-0.82,0.041856628450022984,1.0,follow,0
1786524000.0583339,14.075345103694396,0.18244239631336406,3.7794232055562773,0.0,0.0,-0.82,0.08928165415009062,1.0,follow,0
1786524000.1206791,14.513775111373763,0.0755299539170507,2.4566250836115806,0.0,0.0,-0.82,0.11679769585253458,1.0,follow,0
1786524000.1939137,14.8311327063891,0.3478341013824885,5.956625083611581,0.0,0.0,-0.82,0.14130506912442398,1.0,follow,0
1786524000.254262,14.574253505559248,0.0,112.0,0.0,0.0,-0.82,0.0,1.0,slow:lane_dropout,0
1786524000.3242383,15.01310771521507,0.08514976958525347,3.8718063043475275,0.0,0.0,-0.82,0.03876310034988819,1.0,follow,0
1786524000.4032667,14.849555836290733,0.5524193548387096,2.5166740978258932,0.0,0.0,-0.82,0.08455274815000849,1.0,follow,0
1786524000.4809864,14.405681764831476,0.5403225806451613,1.6358381635868307,0.0,0.0,-0.82,0.13601675879981487,1.0,follow,0
1786524000.5562267,14.106619876304853,0.4622695852534562,1.0632948063314398,0.0,0.0,-0.82,0.15160426267281107,1.0,follow,0
1786524000.6343582,13.948216371194647,0.4755069124423963,0.6911416241154359,0.0,0.0,-0.82,0.15279562211981568,1.0,follow,0
1786524000.7173226,13.717243472638765,0.8850806451612904,1.8353967528891748,0.0,0.0,-0.82,0.18965725806451614,1.0,follow,0
1786524000.8020096,13.368773293715943,0.8669354838709677,5.335396752889174,0.0,0.0,-0.82,0.18802419354838712,1.0,follow,0
1786524000.8831785,13.073521724053297,0.6129032258064516,8.835396752889174,0.0,0.0,-0.82,0.16516129032258065,1.0,follow,0
1786524000.964654,12.927332365436742,0.8366935483870968,6.708066337102245,0.0,0.0,-0.82,0.1853024193548387,1.0,follow,0
1786524001.046087,12.800608045344179,0.8185483870967742,10.208066337102245,0.0,0.0,-0.82,0.18366935483870972,1.0,follow,0
1786524001.1291983,12.68120784224538,0.8608870967741936,7.880580642588967,0.0,0.0,-0.82,0.18747983870967744,1.0,follow,0
1786524001.2226422,12.462042034285092,0.6491935483870968,11.380580642588967,0.0,0.0,-0.82,0.16842741935483874,1.0,follow,0
1786524001.3064127,12.197784612827185,0.0,212.11057239131816,0.0,0.0,-0.82,0.0,1.0,slow:lane_dropout,0
1786524001.3901353,12.145944786411082,0.7762096774193549,14.880580642588967,0.0,0.0,-0.82,0.05444531105031274,1.0,follow,0
1786524001.4773698,12.080817775510791,0.685483870967742,18.380580642588967,0.0,0.0,-0.82,0.10943540984994798,1.0,follow,0
1786524001.5652237,11.973179799283677,0.655241935483871,21.880580642588967,0.0,0.0,-0.82,0.16574840945004327,1.0,follow,0
1786524001.642686,11.860776898119207,0.6068548387096775,18.380580642588967,0.0,0.0,-0.82,0.164616935483871,1.0,follow,0
1786524001.7101142,12.070095382855692,0.43097926267281106,14.880580642588967,0.0,0.0,-0.82,0.148788133640553,1.0,follow,0
1786524001.797132,12.607892206617247,0.7943548387096775,11.380580642588967,0.0,0.0,-0.82,0.181491935483871,1.0,follow,0
1786524001.8802557,12.39508918170124,0.4191705069124424,14.880580642588967,0.0,0.0,-0.82,0.14772534562211984,1.0,follow,0
1786524001.9559388,12.297332638268815,0.6310483870967742,11.380580642588967,0.0,0.0,-0.82,0.1667943548387097,1.0,follow,0
1786524002.0283418,12.482026355123214,0.564516129032258,7.880580642588967,0.0,0.0,-0.82,0.16080645161290322,1.0,follow,0
1786524002.1160357,12.780578221194073,0.0,215.31165972197385,0.0,0.0,-0.82,0.0,1.0,slow:lane_dropout,0
1786524002.2062538,12.501118141250522,0.0,195.40306512145997,0.0,0.0,-0.82,0.0,1.0,slow:lane_dropout,0
1786524002.2844117,12.219935665762844,0.3883064516129032,11.380580642588967,0.0,0.0,-0.82,0.058583861699980845,1.0,follow,0
1786524002.373357,12.294779501839102,0.0,163.76405653170463,0.0,0.0,-0.6749999999999999,0.12,1.0,avoid:white,0
1786524002.4519763,12.11683517126459,0.0,7.130382096632758,0.0,0.0,-0.55,0.12,1.0,avoid:white,0
1786524002.5279045,12.237438470028817,0.0,22.417976760082254,0.0,0.0,-0.55,0.12,1.0,avoid:white,0
1786524002.626942,12.41096077647448,0.0,2.010817688704009,0.0,0.0,-0.55,0.0,1.0,slow:lane_dropout,0
1786524002.7117748,11.95198492711624,0.0,4.226211805165718,0.0,0.0,-0.55,0.0,1.0,slow:lane_dropout,0
1786524002.7908514,11.911275215956152,0.0,4.648213665897586,0.0,0.0,-0.55,0.0,1.0,slow:lane_dropout,0
1786524002.8798678,12.072862370893558,0.0,7.572422498473853,0.0,0.0,-0.725,0.1,1.0,reacquire:road,0
1786524002.9736032,11.901492921458248,0.7701612903225807,1.8529744113145483,0.0,0.0,-0.82,0.15795284624978195,1.0,follow,0
1786524003.056096,11.65692568103356,0.5463709677419355,5.352974411314548,0.0,0.0,-0.6749999999999999,0.12,1.0,avoid:white,0
1786524003.1520014,11.724220311500567,0.7701612903225807,4.083219727345749,0.0,0.0,-0.55,0.12,1.0,avoid:white,0
1786524003.231041,11.484657601151664,0.0,0.0,0.0,0.0,-0.55,0.12,1.0,avoid:white,0
1786524003.3081741,11.68060458142544,0.0,13.403477178102577,0.0,0.0,-0.55,0.0,1.0,slow:lane_dropout,0
1786524003.3884516,11.96748636004655,0.0,16.173705743024783,0.0,0.0,-0.55,0.0,1.0,slow:lane_dropout,0
1786524003.4679508,12.060399642253014,0.0,2.9759117287207277,0.0,0.0,-0.55,0.0,1.0,slow:lane_dropout,0
1786524003.5585063,12.176880119659648,0.0,8.99338471163371,0.0,0.0,-0.725,0.1,1.0,reacquire:road,0
1786524003.640893,11.945447764196038,0.0,6.189656394736996,0.0,0.0,-0.725,0.1,1.0,reacquire:road,0
1786524003.7103162,11.979304315386935,0.5040322580645161,30.32150776053726,0.0,0.0,-0.55,0.12,1.0,avoid:white,0
1786524003.7799816,12.483201484881207,0.0,9.77710787781831,0.0,0.0,-0.55,0.12,1.0,avoid:white,0
1786524003.8592012,12.859931857450242,0.842741935483871,26.82150776053726,0.0,0.0,-0.55,0.12,1.0,avoid:white,0
1786524003.9342637,12.799304141422589,0.0,5.640359417334363,0.0,0.0,-0.55,0.12,1.0,avoid:white,0
1786524004.015335,12.915323713894665,0.0,3.118367250580704,0.0,0.0,-0.725,0.1,1.0,reacquire:road,0
1786524004.0923398,12.782428855479294,0.0,10.100687210861253,0.0,0.0,-0.725,0.1,1.0,reacquire:road,0
1786524004.16779,12.806561673624412,0.0,7.866021717062878,0.0,0.0,-0.725,0.1,1.0,reacquire:road,0
1786524004.2403047,12.931682458085731,0.0,8.123853528181897,0.0,0.0,-0.5249999999999999,0.1,1.0,reacquire:road,0
1786524004.3158164,13.09108165704632,0.6370967741935484,23.32150776053726,0.0,0.0,-0.6749999999999999,0.14734614494982454,1.0,follow,0
1786524004.38657,13.094950977400986,0.6491935483870968,19.82150776053726,0.0,0.0,-0.82,0.16842741935483874,1.0,follow,0
1786524004.4552581,13.327909669737128,0.6008064516129032,19.26458157008046,0.0,0.0,-0.82,0.16407258064516128,1.0,follow,0
1786524004.5276318,13.597494409457822,0.655241935483871,15.764581570080459,0.0,0.0,-0.82,0.16897177419354842,1.0,follow,0
1786524004.5934014,13.628386289343702,0.0,4.882792760274244,0.0,0.0,-0.82,0.0,1.0,slow:lane_dropout,0
1786524004.6600058,13.916601554002687,0.0,0.0,0.0,0.0,-0.82,0.0,1.0,slow:lane_dropout,0
1786524004.7363045,14.181104268542814,0.0,1.9875790090068188,0.0,0.0,-0.82,0.0,1.0,slow:lane_dropout,0
1786524004.8064191,13.953444147708412,0.0,9.879820670090666,0.0,0.0,-0.7945659406877013,0.1,1.0,reacquire:road,0
1786524004.878736,14.01705728855619,0.6673387096774193,12.264581570080459,0.0,0.0,-0.82,0.1455452861500362,1.0,follow,0
1786524004.9511037,13.97058459772058,0.6068548387096775,10.5655320653593,0.0,0.0,-0.82,0.164616935483871,1.0,follow,0
1786524005.0238407,13.903466540397766,0.5384677419354839,9.426498770853806,0.0,0.0,-0.82,0.15846209677419357,1.0,follow,0
1786524005.0953488,13.905087418799262,0.6673387096774193,6.662849366714724,0.0,0.0,-0.82,0.17006048387096775,1.0,follow,0
1786524005.175477,13.894918321297247,0.8306451612903225,5.198840866087971,0.0,0.0,-0.82,0.18475806451612906,1.0,follow,0
1786524005.2494938,13.648457345043813,0.8306451612903225,4.367443187322031,0.0,0.0,-0.82,0.18475806451612906,1.0,follow,0
1786524005.3251348,13.500149512904892,0.655241935483871,4.182805358623632,0.0,0.0,-0.82,0.16897177419354842,1.0,follow,0
1786524005.4000301,13.560244891848672,0.4772235023041475,4.891687403076018,0.0,0.0,-0.82,0.1529501152073733,1.0,follow,0
1786524005.477227,13.519621528979862,0.8366935483870968,3.907611333424813,0.0,0.0,-0.82,0.1853024193548387,1.0,follow,0
1786524005.554463,13.42177766231913,0.6975806451612904,3.280161458972667,0.0,0.0,-0.82,0.17278225806451616,1.0,follow,0
1786524005.6237342,13.308337553883353,0.30116359447004604,6.7801614589726675,0.0,0.0,-0.82,0.13710472350230415,1.0,follow,0
1786524005.7039075,13.538810234238575,0.8608870967741936,5.3879061646617465,0.0,0.0,-0.82,0.18205413515206315,1.0,follow,0
1786524005.7729044,13.339183575329809,0.594758064516129,5.61956477583811,0.0,0.0,-0.82,0.16352822580645163,1.0,follow,0
1786524005.851884,13.549401580784242,0.6370967741935484,5.03785711717169,0.0,0.0,-0.82,0.16733870967741937,1.0,follow,0
1786524005.9205234,13.385503842239187,0.6370967741935484,4.178345042311315,0.0,0.0,-0.82,0.16733870967741937,1.0,follow,0
1786524005.9915326,13.624790806197728,0.6189516129032258,2.735884347055742,0.0,0.0,-0.82,0.16570564516129035,1.0,follow,0
1786524006.0668578,13.708392196400396,0.6310483870967742,1.7783248255862323,0.0,0.0,-0.82,0.1667943548387097,1.0,follow,0
1786524006.1380289,13.605522763418762,0.6491935483870968,1.2034906751785488,0.0,0.0,-0.82,0.16842741935483874,1.0,follow,0
1786524006.2071912,13.717206694975925,0.6491935483870968,2.1222252018743517,0.0,0.0,-0.82,0.16842741935483874,1.0,follow,0
1786524006.2799563,13.858670063236428,0.685483870967742,1.9103473266602005,0.0,0.0,-0.82,0.1716935483870968,1.0,follow,0
1786524006.3541875,13.8453720201429,0.6370967741935484,1.2417257623291302,0.0,0.0,-0.82,0.16733870967741937,1.0,follow,0
1786524006.4326346,13.747219667042177,0.842741935483871,1.6216890124394467,0.0,0.0,-0.82,0.1858467741935484,1.0,follow,0
1786524006.5152063,13.566149668219431,0.8548387096774193,1.9913876252976523,0.0,0.0,-0.82,0.18693548387096773,1.0,follow,0
1786524006.5846877,13.23880166001312,0.6068548387096775,3.217999749539068,0.0,0.0,-0.82,0.164616935483871,1.0,follow,0
1786524006.6607628,13.522575637385918,0.7399193548387096,2.547580240223055,0.0,0.0,-0.82,0.17659274193548388,1.0,follow,0
1786524006.738053,13.432971737851515,0.752016129032258,2.888011159302523,0.0,0.0,-0.82,0.17768145161290325,1.0,follow,0
1786524006.8258588,13.348239274832398,0.0,2.707947373685767,0.0,0.0,-0.82,0.0,1.0,slow:lane_dropout,0
1786524006.9083595,12.943634841666107,0.0,2.9304197242832397,0.0,0.0,-0.82,0.0,1.0,slow:lane_dropout,0
1786524006.9825141,12.779965616672584,0.6975806451612904,3.7005411844494396,0.0,0.0,-0.82,0.05360697095029537,1.0,follow,0
1786524007.054218,12.929172241641357,0.6189516129032258,2.405351769892136,0.0,0.0,-0.82,0.10166257205019065,1.0,follow,0
1786524007.1225739,13.144074218950353,0.4174078341013825,5.905351769892135,0.0,0.0,-0.82,0.14756670506912445,1.0,follow,0
1786524007.2035942,13.441104546151237,0.8971774193548387,4.826411281907417,0.0,0.0,-0.82,0.1907459677419355,1.0,follow,0
1786524007.2830436,13.186616113315447,0.9092741935483871,4.156140081408316,0.0,0.0,-0.82,0.19183467741935487,1.0,follow,0
1786524007.3647768,13.056869785005485,0.9153225806451613,3.714744655767633,0.0,0.0,-0.82,0.19237903225806452,1.0,follow,0
1786524007.4500039,12.933701174801412,0.9153225806451613,3.5636314822746287,0.0,0.0,-0.82,0.19237903225806452,1.0,follow,0
1786524007.5313962,12.686873291656553,0.9213709677419355,3.482821246641309,0.0,0.0,-0.82,0.1929233870967742,1.0,follow,0
1786524007.6082423,12.595718011040018,0.7943548387096775,3.0439880470587792,0.0,0.0,-0.82,0.181491935483871,1.0,follow,0
1786524007.6943169,12.6877603717688,0.9516129032258064,3.1723178185593293,0.0,0.0,-0.82,0.1956451612903226,1.0,follow,0
1786524007.776036,12.484287832094932,0.9213709677419355,3.228404720839818,0.0,0.0,-0.82,0.1929233870967742,1.0,follow,0
1786524007.849095,12.409713048469063,0.6431451612903225,3.3911134638595852,0.0,0.0,-0.82,0.16788306451612903,1.0,follow,0
1786524007.9242885,12.69839688334642,0.6915322580645161,3.1334275979366906,0.0,0.0,-0.82,0.17223790322580645,1.0,follow,0
1786524008.000149,12.80361354037585,0.594758064516129,2.0367279386588493,0.0,0.0,-0.82,0.16352822580645163,1.0,follow,0
1786524008.0798986,12.87625103995951,0.8487903225806451,2.021798364725296,0.0,0.0,-0.82,0.18639112903225807,1.0,follow,0
1786524008.1476169,12.79305584908724,0.33778801843317974,1.3141689370714427,0.0,0.0,-0.82,0.14040092165898618,1.0,follow,0
1786524008.2198143,13.220691697765691,0.3649308755760369,4.814168937071443,0.0,0.0,-0.82,0.14284377880184335,1.0,follow,0
1786524008.285043,13.351725172569454,0.32402073732718895,8.314168937071443,0.0,0.0,-0.82,0.13916186635944702,1.0,follow,0
1786524008.3497398,13.757559915295609,0.0,2.0558259176886002,0.0,0.0,-0.82,0.0,1.0,slow:lane_dropout,0
1786524008.4141681,14.09504117899319,0.0,0.0,0.0,0.0,-0.82,0.0,1.0,slow:lane_dropout,0
1786524008.4700978,14.169504660473144,0.0,112.0,0.0,0.0,-0.82,0.0,1.0,slow:lane_dropout,0
1786524008.527199,15.220389452631766,0.0,0.0,0.0,0.0,-0.6569727387265812,0.1,1.0,reacquire:road,0
1786524008.5671449,15.687224101500139,0.0,112.0,0.0,0.0,-0.45697273872658123,0.1,1.0,reacquire:road,0
1786524008.6145885,17.54754115846792,0.0,112.0,0.0,0.0,-0.2569727387265812,0.1,1.0,reacquire:road,0
1786524008.6650748,18.269537796496998,0.0,112.0,0.0,0.0,-0.05697273872658122,0.1,1.0,reacquire:road,0
1786524008.7077117,18.43890077983252,0.0,112.0,0.0,0.0,0.14302726127341878,0.1,1.0,reacquire:road,0
1786524008.7488942,19.65036628942519,0.0,112.0,0.0,0.0,0.34302726127341876,0.1,1.0,reacquire:road,0
1786524008.79609,20.446758306714198,0.0,112.0,0.0,0.0,0.5430272612734188,0.1,1.0,reacquire:road,0
1786524008.8536768,20.685345664320245,0.0,0.0,0.0,0.0,0.725,0.1,1.0,reacquire:road,0
1786524008.907389,19.952401711621455,0.0,0.0,0.0,0.0,0.725,0.1,1.0,reacquire:road,0
1786524008.950972,19.778951495815875,0.0,112.0,0.0,0.0,0.725,0.1,1.0,reacquire:road,0
1786524009.0096922,20.28033215179135,0.0,0.0,0.0,0.0,0.725,0.1,1.0,reacquire:road,0
1786524009.0629544,19.709181325221373,0.0,0.0,0.0,0.0,0.725,0.1,1.0,reacquire:road,0
1786524009.106474,19.49047231879845,0.0,112.0,0.0,0.0,0.725,0.1,1.0,reacquire:road,0
1786524009.1500437,20.191088077753914,0.0,112.0,0.0,0.0,0.725,0.1,1.0,reacquire:road,0
1786524009.2020204,20.662734493204866,0.0,0.0,0.0,0.0,0.725,0.1,1.0,reacquire:road,0
1786524009.2522857,20.466778329455217,0.0,0.0,0.0,0.0,0.725,0.1,1.0,reacquire:road,0
1786524009.3072577,20.31976744951001,0.0,0.0,0.0,0.0,0.725,0.1,1.0,reacquire:road,0
1786524009.3701348,19.838266120156,0.0,0.0,0.0,0.0,0.725,0.1,1.0,reacquire:road,0
1786524009.420253,19.114267662759147,0.0,0.0,0.0,0.0,0.725,0.1,1.0,reacquire:road,0
1786524009.4719427,19.289864011098786,0.0,0.0,0.0,0.0,0.725,0.1,1.0,reacquire:road,0
1786524009.5146434,19.270318743330467,0.0,112.0,0.0,0.0,0.725,0.1,1.0,reacquire:road,0
1786524009.5544991,20.14635915372641,0.0,112.0,0.0,0.0,0.725,0.1,1.0,reacquire:road,0
1786524009.6151204,20.929459315348208,0.0,17.782578977088633,0.0,0.0,0.725,0.1,1.0,reacquire:road,0
1786524009.677166,20.039408995090042,0.0,0.0,0.0,0.0,0.725,0.1,1.0,reacquire:road,0
1786524009.7235618,19.347785557258938,0.0,112.0,0.0,0.0,0.725,0.1,1.0,reacquire:road,0
1786524009.7760017,19.757679052528765,0.0,0.0,0.0,0.0,0.725,0.1,1.0,reacquire:road,0
1786524009.8396208,19.60938207260746,0.0,0.0,0.0,0.0,0.725,0.1,1.0,reacquire:road,0
1786524009.8959923,18.852163969291013,0.0,0.0,0.0,0.0,0.725,0.1,1.0,reacquire:road,0
1786524009.9518876,18.52113675121234,0.0,0.0,0.0,0.0,0.725,0.1,1.0,reacquire:road,0
1786524010.009062,18.48509804187917,0.0,0.0,0.0,0.0,0.725,0.1,1.0,reacquire:road,0
1786524010.0643535,18.270282551038825,0.0,0.0,0.0,0.0,0.725,0.1,1.0,reacquire:road,0
1786524010.1165192,18.279197501897023,0.0,0.0,0.0,0.0,0.725,0.1,1.0,reacquire:road,0
1786524010.1766403,18.437878033027975,0.0,0.0,0.0,0.0,0.725,0.1,1.0,reacquire:road,0
1786524010.2244554,18.093478460038327,0.0,112.0,0.0,0.0,0.725,0.1,1.0,reacquire:road,0
1786524010.2826037,18.602160411006352,0.0,0.0,0.0,0.0,0.725,0.1,1.0,reacquire:road,0
1786524010.3396766,18.356162667875026,0.08300691244239632,213.69696969696156,0.0,0.0,0.595482514249943,0.11747062211981568,1.0,follow,0
1786524010.4000075,18.19531955302253,0.0,0.0,0.0,0.0,0.595482514249943,0.0,1.0,slow:lane_dropout,0
1786524010.4540715,17.845769904521248,0.0,0.0,0.0,0.0,0.595482514249943,0.0,1.0,slow:lane_dropout,0
1786524010.5001888,18.004941419839916,0.0,112.0,0.0,0.0,0.595482514249943,0.0,1.0,slow:lane_dropout,0
1786524010.5526297,18.710457934795084,0.0,0.0,0.0,0.0,0.725,0.1,1.0,reacquire:road,0
1786524010.5968122,18.79351827089291,0.0,112.0,0.0,0.0,0.725,0.1,1.0,reacquire:road,0
1786524010.6360404,19.572781825754507,0.0,112.0,0.0,0.0,0.725,0.1,1.0,reacquire:road,0
1786524010.6901653,20.704530226946694,0.0,0.0,0.0,0.0,0.725,0.1,1.0,reacquire:road,0
1786524010.7494287,20.212249188072906,0.0,0.0,0.0,0.0,0.725,0.1,1.0,reacquire:road,0
1786524010.8032732,19.58554926400475,0.0,16.020104895094818,0.0,0.0,0.725,0.1,1.0,reacquire:road,0
1786524010.8446925,19.405105701430216,0.0,112.0,0.0,0.0,0.725,0.1,1.0,reacquire:road,0
1786524010.890768,20.318904276241355,0.0,112.0,0.0,0.0,0.725,0.1,1.0,reacquire:road,0
1786524010.9433799,20.52477178243244,0.0,0.0,0.0,0.0,0.725,0.1,1.0,reacquire:road,0
1786524010.9951506,19.934251787715628,0.0,112.0,0.0,0.0,0.725,0.1,1.0,reacquire:road,0
1786524011.057934,20.270930412175943,0.0,0.0,0.0,0.0,0.725,0.1,1.0,reacquire:road,0
1786524011.1233683,19.3819582739854,0.062004608294930874,223.0,0.0,0.0,0.82,0.11558041474654379,1.0,follow,0
1786524011.173111,18.541654040050528,0.0,112.0,0.0,0.0,0.82,0.0,1.0,slow:lane_dropout,0
1786524011.22374,18.853924066964233,0.0,112.0,0.0,0.0,0.82,0.0,1.0,slow:lane_dropout,0
1786524011.267002,19.101228530803947,0.0,112.0,0.0,0.0,0.82,0.0,1.0,slow:lane_dropout,0
1786524011.323954,19.876523013695344,0.10048387096774195,223.0,0.0,0.0,0.7608631694362122,0.028288295750235195,1.0,follow,0
1786524011.3787487,19.334479851215256,0.12472350230414746,219.5,0.0,0.0,0.82,0.06615316630031885,1.0,follow,0
1786524011.4423387,19.21814086215415,0.08372119815668204,220.725,0.0,0.0,0.82,0.1008146847500484,1.0,follow,0
1786524011.5051353,18.504302931479902,0.17496543778801843,221.52125,0.0,0.0,0.82,0.12574688940092169,1.0,follow,0
1786524011.5697095,17.94426596178879,0.0,223.0,0.0,0.0,0.82,0.0,1.0,slow:lane_dropout,0
1786524011.6351216,17.482445291731093,0.0,223.0,0.0,0.0,0.82,0.0,1.0,slow:lane_dropout,0
1786524011.702578,16.988569708126484,0.0,223.0,0.0,0.0,0.82,0.0,1.0,slow:lane_dropout,0
1786524011.7570062,16.63005739498752,0.0,223.0,0.0,0.0,0.82,0.1,1.0,reacquire:road,0
1786524011.813927,16.957461437518607,0.16963133640552996,222.0388125,0.0,0.0,0.82,0.12526682027649771,1.0,follow,0
1786524011.8693411,17.106149059132118,0.07338709677419356,222.375228125,0.0,0.0,0.82,0.11660483870967744,1.0,follow,0
1786524011.9295492,17.29716914530453,0.16067972350230414,222.59389828125,0.0,0.0,0.82,0.12446117511520738,1.0,follow,0
1786524011.9818425,17.134748369116803,0.0,112.0,0.0,0.0,0.82,0.0,1.0,slow:lane_dropout,0
1786524012.0462413,17.53177356081724,0.28654377880184334,220.94223901101785,0.0,0.0,0.82,0.0339960393495403,1.0,follow,0
1786524012.1141741,17.144516395144247,0.4445506912442396,221.38623263711543,0.0,0.0,0.82,0.07567476149988579,1.0,follow,0
1786524012.1841815,16.644113615349198,0.21887096774193548,217.88623263711543,0.0,0.0,0.82,0.12006608055003198,1.0,follow,0
1786524012.2560241,16.16291475308513,0.18563364055299542,219.67605121412504,0.0,0.0,0.82,0.1267070276497696,1.0,follow,0
1786524012.3205323,15.744776597021199,0.5221774193548387,216.17605121412504,0.0,0.0,0.82,0.1569959677419355,1.0,follow,0
1786524012.3907177,15.698644912258324,0.3921658986175115,218.56443328918127,0.0,0.0,0.82,0.14529493087557604,1.0,follow,0
1786524012.4656525,15.374365676497828,0.2793548387096774,220.11688163796782,0.0,0.0,0.82,0.13514193548387096,1.0,follow,0
1786524012.5365875,14.878230767163878,0.3153571428571429,221.12597306467907,0.0,0.0,0.82,0.13838214285714287,1.0,follow,0
1786524012.601598,14.863404425674196,0.25225806451612903,221.7818824920414,0.0,0.0,0.82,0.13270322580645164,1.0,follow,0
1786524012.6679592,14.938662685615915,0.5095161290322581,221.1894070271522,0.0,0.0,0.82,0.15585645161290324,1.0,follow,0
1786524012.735308,14.975414803551647,0.30464285714285716,221.82311456764893,0.0,0.0,0.82,0.13741785714285715,1.0,follow,0
1786524012.7966769,14.95970430655828,0.188536866359447,222.2350244689718,0.0,0.0,0.82,0.12696831797235025,1.0,follow,0
1786524012.8568945,15.223474813525542,0.204205069124424,222.50276590483168,0.0,0.0,0.82,0.12837845622119817,1.0,follow,0
1786524012.9225416,15.349393236268494,0.2583064516129032,222.6767978381406,0.0,0.0,0.82,0.1332475806451613,1.0,follow,0
1786524012.9797566,15.478458988537277,0.11010368663594469,222.7899185947914,0.0,0.0,0.82,0.11990933179723502,1.0,follow,0
1786524013.0486467,15.87977451313112,0.17958525345622123,222.8634470866144,0.0,0.0,0.82,0.12,1.0,avoid:white,0
1786524013.0928493,15.591303613303795,0.0,112.0,0.0,0.0,0.6772454169987667,0.12,1.0,avoid:white,0
1786524013.1484187,17.027577314537027,0.0,223.0,0.0,0.0,0.5564866414992138,0.12,1.0,avoid:white,0
1786524013.2009888,17.198264973564985,0.0,112.0,0.0,0.0,0.55,0.12,1.0,avoid:white,0
1786524013.2652152,17.394947053438646,0.24516129032258063,219.3634470866144,0.0,0.0,0.6172001928824484,0.13206451612903228,1.0,follow,0
1786524013.3288178,17.150369560255598,0.0701958525345622,220.63624060629937,0.0,0.0,0.7563290396334122,0.11631762672811062,1.0,follow,0
1786524013.3906956,16.88768963300384,0.23516129032258062,221.46355639409458,0.0,0.0,0.82,0.13116451612903227,1.0,follow,0
1786524013.4582412,16.68007155086705,0.4888940092165898,222.00131165616148,0.0,0.0,0.82,0.15400046082949312,1.0,follow,0
1786524013.5201998,16.288130896241718,0.21206221198156683,222.35085257650496,0.0,0.0,0.82,0.12908559907834102,1.0,follow,0
1786524013.586421,16.338897237031652,0.22630184331797235,222.57805417472824,0.0,0.0,0.82,0.13036716589861752,1.0,follow,0
1786524013.646554,16.089046625822274,0.10296082949308755,222.72573521357336,0.0,0.0,0.82,0.1192664746543779,1.0,follow,0
1786524013.693222,16.20160616163431,0.0,112.0,0.0,0.0,0.82,0.12,1.0,avoid:white,0
1786524013.736629,17.22934359771989,0.0,112.0,0.0,0.0,0.7309889199995268,0.12,1.0,avoid:white,0
1786524013.7922304,18.360462475645154,0.11405529953917051,221.44824304033781,0.0,0.0,0.6108225467491137,0.12,1.0,avoid:white,0
1786524013.8442101,18.27632183914395,0.0,112.0,0.0,0.0,0.55,0.12,1.0,avoid:white,0
1786524013.909195,18.511026053361103,0.08229262672811061,221.99135797621958,0.0,0.0,0.55,0.12,1.0,avoid:white,0
1786524013.9691336,17.892624407243684,0.1400115207373272,222.34438268454272,0.0,0.0,0.6959236914997746,0.12260103686635947,1.0,follow,0
1786524014.023204,17.63619068116111,0.0,112.0,0.0,0.0,0.6959236914997746,0.0,1.0,slow:lane_dropout,0
1786524014.0806067,17.81776417514911,0.18849078341013825,222.57384874495276,0.0,0.0,0.8172563567484759,0.0350516588496248,1.0,follow,0
1786524014.1408193,17.634275182769684,0.26520737327188937,222.7230016842193,0.0,0.0,0.82,0.07351247084957321,1.0,follow,0
1786524014.2000031,17.3024545004788,0.2413479262672811,222.81995109474255,0.0,0.0,0.82,0.1142006092498832,1.0,follow,0
1786524014.264823,17.485575573412856,0.18710829493087555,219.31995109474255,0.0,0.0,0.82,0.1268397465437788,1.0,follow,0
1786524014.3282673,17.07394156849226,0.10224654377880184,220.60796821158266,0.0,0.0,0.82,0.11920218894009219,1.0,follow,0
1786524014.386197,16.80181738419141,0.11400921658986174,221.4451793375287,0.0,0.0,0.82,0.12,1.0,avoid:white,0
1786524014.4419663,16.905310554922305,0.13182027649769584,221.98936656939367,0.0,0.0,0.6912066994981614,0.12,1.0,avoid:white,0
1786524014.500135,17.078340913926734,0.14644009216589862,222.34308827010588,0.0,0.0,0.55,0.12,1.0,avoid:white,0
1786524014.5545096,17.101530037380545,0.18282258064516127,222.57300737556884,0.0,0.0,0.55,0.12,1.0,avoid:white,0
1786524014.6142828,17.277101873767993,0.10762672811059909,222.72245479411976,0.0,0.0,0.6751432944998215,0.11968640552995394,1.0,follow,0
1786524014.6717062,17.268830678200754,0.14934331797235023,219.22245479411976,0.0,0.0,0.6037733887054124,0.12344089861751154,1.0,follow,0
1786524014.7285275,17.29715813736191,0.0,0.0,0.0,0.0,0.6037733887054124,0.0,1.0,slow:lane_dropout,0
1786524014.7858372,17.249870590018055,0.08443548387096775,220.54459561617784,0.0,0.0,0.7356552757044661,0.03809921179972662,1.0,follow,0
1786524014.8430467,17.375919786416688,0.07091013824884793,221.4039871505156,0.0,0.0,0.82,0.0744524423495477,1.0,follow,0
1786524014.8829215,17.418776314332476,0.0,112.0,0.0,0.0,0.82,0.0,1.0,slow:lane_dropout,0
1786524014.9496646,18.898095159719055,0.11543778801843317,221.21748675273028,0.0,0.0,0.82,0.02619344324998565,1.0,follow,0
1786524015.0038373,18.135797862802363,0.12414746543778801,221.8413663892747,0.0,0.0,0.82,0.06927801009974247,1.0,follow,0
1786524015.0591693,18.192242950800146,0.09343317972350229,218.3413663892747,0.0,0.0,0.82,0.12,1.0,avoid:white,0
1786524015.1137803,18.06642192301205,0.09662442396313364,219.97188815302854,0.0,0.0,0.7191117882479374,0.12,1.0,avoid:white,0
1786524015.1638021,18.18281012356902,0.0,112.0,0.0,0.0,0.5716457607503798,0.12,1.0,avoid:white,0
1786524015.2160265,18.493375848956603,0.0,0.0,0.0,0.0,0.55,0.12,1.0,avoid:white,0
1786524015.271891,18.702491279809927,0.10510368663594469,220.81291611065728,0.0,0.0,0.55,0.12,1.0,avoid:white,0
1786524015.3308084,18.49223975423029,0.0,0.0,0.0,0.0,0.55,0.0,1.0,slow:lane_dropout,0
1786524015.3883507,18.185364257958256,0.07091013824884793,217.31291611065728,0.0,0.0,0.5936063760242708,0.03833030305004286,1.0,follow,0
1786524015.4378028,18.09847365848501,0.0,0.0,0.0,0.0,0.5936063760242708,0.0,1.0,slow:lane_dropout,0
1786524015.4987764,18.372340782105987,0.1062442396313364,213.81291611065728,0.0,0.0,0.7091817840238567,0.03338845119988037,1.0,follow,0
1786524015.5581107,18.08408258697958,0.07876728110599078,217.02839547192724,0.0,0.0,0.82,0.0717794551499992,1.0,follow,0
1786524015.6174092,17.83586061550517,0.084147465437788,219.1184570567527,0.0,0.0,0.82,0.11037121744961952,1.0,follow,0
1786524015.671423,17.621579349874548,0.062004608294930874,215.6184570567527,0.0,0.0,0.82,0.11558041474654379,1.0,follow,0
1786524015.713601,17.784939859148224,0.0,112.0,0.0,0.0,0.82,0.0,1.0,slow:lane_dropout,0
1786524015.7649324,18.873742847117892,0.0,112.0,0.0,0.0,0.82,0.0,1.0,slow:lane_dropout,0
1786524015.8206701,19.00307011922065,0.0,0.0,0.0,0.0,0.82,0.0,1.0,slow:lane_dropout,0
1786524015.8666918,18.85582990666235,0.0,112.0,0.0,0.0,0.82,0.1,1.0,reacquire:road,0
1786524015.9189734,19.460197699353905,0.0,112.0,0.0,0.0,0.725,0.1,1.0,reacquire:road,0
1786524015.9656417,19.365349415076196,0.0,112.0,0.0,0.0,0.725,0.1,1.0,reacquire:road,0
1786524016.0264697,19.811281258808418,0.08200460829493086,223.0,0.0,0.0,0.82,0.1173804147465438,1.0,follow,0
1786524016.077424,19.141145165982195,0.0,112.0,0.0,0.0,0.82,0.0,1.0,slow:lane_dropout,0
1786524016.1296186,19.172400340506762,0.0,112.0,0.0,0.0,0.82,0.0,1.0,slow:lane_dropout,0
1786524016.1966279,18.858082892657897,0.0,11.687500000000018,0.0,0.0,0.82,0.0,1.0,slow:lane_dropout,0
1786524016.2679727,18.312698628402355,0.0,19.202048878519236,0.0,0.0,0.725,0.1,1.0,reacquire:road,0
1786524016.3417063,17.4439346162784,0.0,13.493508965072227,0.0,0.0,0.725,0.1,1.0,reacquire:road,0
1786524016.4169395,16.671144650297002,0.0,14.423736694918485,0.0,0.0,0.725,0.1,1.0,reacquire:road,0
1786524016.498591,15.996858972493131,0.0,5.336895117555521,0.0,0.0,0.725,0.1,1.0,reacquire:road,0
1786524016.5910776,15.264278432421152,0.0,4.306466573614287,0.0,0.0,0.55,0.12,1.0,avoid:white,0
1786524016.6766272,14.362618438044333,0.4403110599078341,82.9701816210316,0.0,0.0,0.55,0.12,1.0,avoid:white,0
1786524016.7728772,13.803320828724528,0.0,40.16172114150322,0.0,0.0,0.55,0.12,1.0,avoid:white,0
1786524016.8535898,13.140959617457522,0.16796082949308755,86.4701816210316,0.0,0.0,0.7000000000000001,0.1251164746543779,1.0,follow,0
1786524016.9422555,12.995689505973,0.0,0.0,0.0,0.0,0.7000000000000001,0.0,1.0,slow:lane_dropout,0
1786524017.0411177,12.65896870853993,0.0,16.328513233788897,0.0,0.0,0.7000000000000001,0.0,1.0,slow:lane_dropout,0
1786524017.1477685,12.132373544395836,0.0,2.513830679709727,0.0,0.0,0.7000000000000001,0.0,1.0,slow:lane_dropout,0
1786524017.2288826,11.565879993359939,0.0,0.0,0.0,0.0,0.725,0.1,1.0,reacquire:road,0
1786524017.3247714,11.774606878842667,0.8487903225806451,82.9701816210316,0.0,0.0,0.575,0.1515483767502701,1.0,follow,0
1786524017.3908248,11.47929433103785,0.31587557603686633,86.4701816210316,0.0,0.0,0.55,0.12,1.0,avoid:white,0
1786524017.479359,12.26554103116224,0.0,0.0,0.0,0.0,0.55,0.12,1.0,avoid:white,0
1786524017.5719543,12.06793569367895,0.0,1.9265609263525256,0.0,0.0,0.55,0.12,1.0,avoid:white,0
1786524017.6548252,11.803688729543195,0.0,13.18945529285594,0.0,0.0,0.55,0.0,1.0,slow:lane_dropout,0
1786524017.7324774,11.83125912620656,0.0,3.255810952672668,0.0,0.0,0.55,0.0,1.0,slow:lane_dropout,0
1786524017.812138,12.071193864040259,0.0,14.43656633222065,0.0,0.0,0.55,0.0,1.0,slow:lane_dropout,0
1786524017.8849342,12.18683822896529,0.0,0.0,0.0,0.0,0.725,0.1,1.0,reacquire:road,0
1786524017.9394214,12.497253561944905,0.0,112.0,0.3654017857142858,0.008361640972040762,0.725,0.1,1.0,reacquire:road,0
1786524017.9985845,13.569737997936281,0.1765322580645161,165.0944055945115,0.0,0.056310425921087016,0.82,0.12588790322580645,1.0,follow,0
1786524018.0697727,14.292191834526408,0.1456336405529954,162.7819776715214,0.0,0.03971779461719362,0.6909309810008379,0.12,1.0,avoid:white,0
1786524018.166487,14.243311719647563,0.0,0.0,0.0,0.043376012542461456,0.55,0.12,1.0,avoid:white,0
1786524018.2368836,13.473376271895592,0.0,0.0,0.0,0.075385419388555,0.55,0.12,1.0,avoid:white,0
1786524018.3175242,13.620737638035427,0.2624884792626728,159.2819776715214,0.0,0.07264175594460413,0.7000000000000001,0.13362396313364056,1.0,follow,0
1786524018.397732,13.366430884733909,0.0,0.0,0.0,0.04167755422001568,0.7000000000000001,0.0,1.0,slow:lane_dropout,0
1786524018.4851737,13.168132052532101,0.0,42.929588613384965,0.0,0.04063234909851058,0.7000000000000001,0.0,1.0,slow:lane_dropout,0
1786524018.5698197,12.819783870549264,0.0,0.0,0.0,0.026914031878756205,0.7000000000000001,0.0,1.0,slow:lane_dropout,0
1786524018.6372418,12.624630140385971,0.0,0.0,0.0,0.024562320355369743,0.725,0.1,1.0,reacquire:road,0
1786524018.7155938,13.035966057613853,0.0,52.96035418397942,0.0,0.008361640972040762,0.55,0.12,1.0,avoid:white,0
1786524018.7880135,13.028911701307651,0.0,112.0,0.5109374999999999,0.008622942252417037,0.55,0.12,1.0,avoid:white,0
1786524018.8479848,13.163947886226957,0.16986175115207372,223.0,0.0,0.006532532009406846,0.55,0.12,1.0,avoid:white,0
1786524018.9077704,13.901926267701063,0.17164493087557606,219.5,0.0,0.008622942252417037,0.55,0.12,1.0,avoid:white,0
1786524018.97236,14.440597040730136,0.0,62.89252961950325,0.0,0.005356676247713614,0.725,0.1,1.0,reacquire:road,0
1786524019.0341911,14.64533970283038,0.17940898617511522,216.0,0.0,0.006924483929971257,0.8132580212090268,0.09,1.0,avoid,0
1786524019.0899158,14.978566081350289,0.2068663594470046,218.45,0.0,0.004180820486020381,0.82,0.12861797235023043,1.0,follow,0
1786524019.1473513,15.388481507595227,0.14372119815668205,220.0425,0.0,0.002221060883198328,0.82,0.1229349078341014,1.0,follow,0
1786524019.2028081,15.911964275320637,0.13372119815668204,221.07762499999998,0.0,0.002221060883198328,0.82,0.12203490783410138,1.0,follow,0
1786524019.2610908,16.394752576745766,0.0,30.06105604919999,0.0,0.0023517115233864646,0.82,0.0,1.0,slow:lane_dropout,0
1786524019.3254662,16.469556798641506,0.18811059907834102,217.57762499999998,0.0,0.0,0.82,0.03876252444947568,1.0,follow,0
1786524019.37999,16.241629744200484,0.0,112.0,0.6125,0.0024823621635746015,0.82,0.0,1.0,neutral:obstacle,0
1786524019.4413,16.799913192165025,0.0,0.0,0.0,0.003919519205644107,0.82,0.0,1.0,neutral:obstacle,0
1786524019.5174253,16.65107074405004,0.0,59.61051537367328,0.0,0.0028743140841390124,0.82,0.0,1.0,neutral:obstacle,0
1786524019.5887434,15.973495822719388,0.0,55.223481665393365,0.0,0.0007839038411288215,0.82,0.0,1.0,neutral:obstacle,0
1786524019.6620579,15.545339046220851,0.0,59.20359668794195,0.0,0.0009145544813169584,0.82,-0.11,1.0,reverse:obstacle,0
1786524019.734138,15.157046505595346,0.3645967741935484,214.07762499999998,0.0,0.0026130128037627383,0.82,-0.11,1.0,reverse:obstacle,0
1786524019.8086214,14.955872168715413,0.0,53.679967193237786,0.0,0.0024823621635746015,0.82,-0.11,1.0,reverse:obstacle,0
1786524019.8771763,14.660568590895867,0.0,58.18210258873491,0.0,0.0026130128037627383,0.82,-0.11,1.0,reverse:obstacle,0
1786524019.9589925,14.62833332141926,0.0,52.23523995260156,0.0,0.009145544813169584,0.82,-0.11,1.0,reverse:obstacle,0
1786524020.0407062,14.139684430712661,0.0,45.808689839574555,0.0,0.009929448654298406,0.82,0.18,1.0,avoid:obstacle,0
1786524020.1099896,13.764653287395241,0.0,41.29169116478795,0.0,0.006401881369218709,0.82,0.18,1.0,avoid:obstacle,0
1786524020.1847732,13.892350920270381,0.0,42.08073458073255,0.0,0.005748628168278025,0.82,0.18,1.0,avoid:obstacle,0
1786524020.2568374,13.798499556335598,0.0,13.876127320954538,0.0,0.005879278808466161,0.82,0.18,1.0,avoid:obstacle,0
1786524020.3373184,13.807929622224412,0.0,24.79257655573133,0.0,0.00679383328978312,0.82,0.18,1.0,avoid:obstacle,0
1786524020.4113438,13.537900714233542,0.0,32.84691979428794,0.0,0.004572772406584792,0.82,0.18,1.0,avoid:obstacle,0
1786524020.4788585,13.539920267176406,0.0,34.85387931033972,0.0,0.007969689051476353,0.82,0.18,1.0,avoid:obstacle,0
1786524020.5521624,13.78521182020087,0.0,0.0,0.0,0.009014894172981448,0.82,0.18,1.0,avoid:obstacle,0
1786524020.6197882,13.754492617470953,0.0,37.117791880946584,0.0,0.007969689051476353,0.82,0.18,1.0,avoid:obstacle,0
1786524020.6886349,13.959568258153762,0.0,0.0,0.0,0.0077083877711000785,0.82,0.18,1.0,avoid:obstacle,0
1786524020.7527938,14.084418960508795,0.0,24.889751552782343,0.0,0.010060099294486542,0.82,0.18,1.0,avoid:obstacle,0
1786524020.8208427,14.391448827407782,0.0,2.684022257559036,0.0,0.010582701855239091,0.82,0.18,1.0,avoid:obstacle,0
1786524020.8961825,14.2988379536108,0.0,0.0,0.0,0.008230990331852626,0.82,0.18,1.0,avoid:obstacle,0
1786524020.9773755,14.22491296151889,0.0,38.213331280784246,0.0,0.01149725633655605,0.82,0.18,1.0,avoid:obstacle,0
1786524021.047727,13.85099811958056,0.0,5.621804073549129,0.0,0.010844003135615364,0.82,0.18,1.0,avoid:obstacle,0
1786524021.1372786,13.925799902852791,0.3864976958525346,70.31135531135266,0.0,0.010321400574862817,0.82,0.18,1.0,avoid:obstacle,0
1786524021.2136755,13.3731486766575,0.0,29.49127933802984,0.0,0.007969689051476353,0.82,0.18,1.0,avoid:obstacle,0
1786524021.280211,13.308322477791773,0.0,55.26737967914411,0.0,0.009014894172981448,0.82,0.18,1.0,avoid:obstacle,0
1786524021.35939,13.665251066721488,0.48588709677419356,67.01505601956663,0.6442283163265307,0.007839038411288215,0.82,0.18,1.0,avoid:obstacle,0
1786524021.430132,13.449707405107342,0.0,49.202807564651735,0.6390625,0.009406846093545859,0.82,0.18,1.0,avoid:obstacle,0
1786524021.4984713,13.495493853777056,0.0,0.0,0.0,0.008361640972040762,0.82,0.18,1.0,avoid:obstacle,0
1786524021.576861,13.837214048537543,0.0,25.083955921953134,0.0,0.003919519205644107,0.82,0.18,1.0,avoid:obstacle,0
1786524021.6476123,13.602187047524318,0.0,53.815833317600806,0.0,0.005356676247713614,0.82,0.18,1.0,avoid:obstacle,0
1786524021.718184,13.723264730451453,0.0,6.122943786334872,0.0,0.006663182649594983,0.82,0.18,1.0,avoid:obstacle,0
1786524021.7940407,13.749702074556856,0.0,35.78952272911317,0.0,0.008230990331852626,0.82,0.18,1.0,avoid:obstacle,0
1786524021.8631794,13.654427326128907,0.0,41.328003610899145,0.0,0.004311471126208518,0.82,0.18,1.0,avoid:obstacle,0
1786524021.9382203,13.843606649542537,0.0,49.98115350333172,0.0,0.007055134570159394,0.82,0.18,1.0,avoid:obstacle,0
1786524022.010564,13.763099456336482,0.0,33.45339114417527,0.0,0.006009929448654298,0.82,0.18,1.0,avoid:obstacle,0
1786524022.0834553,13.745882045276282,0.5342741935483871,59.472468173208256,0.0,0.004050169845832245,0.82,0.18,1.0,avoid:obstacle,0
1786524022.161308,13.700200755270583,0.0,44.00708551232955,0.0,0.00339691664489156,0.82,0.18,1.0,avoid:obstacle,0
1786524022.2563126,13.568967686472961,0.0,49.1426201894146,0.0,0.0073164358505356675,0.82,0.18,1.0,avoid:obstacle,0
1786524022.33916,12.966372507902465,0.0,0.0,0.0,0.0056179775280898875,0.82,0.18,1.0,avoid:obstacle,0
1786524022.413771,12.727643514701256,0.0,16.9529033234885,0.0,0.00509537496733734,0.82,0.18,1.0,avoid:obstacle,0
1786524022.4831455,12.916839365109686,0.0,34.344040154325654,0.0,0.00810033969166449,0.82,0.18,1.0,avoid:obstacle,0
1786524022.559896,13.200025368481684,0.4737903225806452,62.10818758208937,0.0,0.00718578521034753,0.82,0.18,1.0,avoid:obstacle,0
1786524022.6314201,13.2157875509684,0.0,19.624945289416644,0.0,0.007577737130911941,0.82,0.18,1.0,avoid:obstacle,0
1786524022.7061396,13.364281200430057,0.0,43.24002860320873,0.0,0.006532532009406846,0.82,0.18,1.0,avoid:obstacle,0
1786524022.77442,13.343036624484892,0.0,0.0,0.0,0.00509537496733734,0.82,0.18,1.0,avoid:obstacle,0
1786524022.8625858,13.624075244752856,0.0,40.35054934583212,0.0,0.005879278808466161,0.82,0.18,1.0,avoid:obstacle,0
1786524022.947728,13.155672250386887,0.0,47.26896326166823,0.0,0.003266266004703423,0.82,0.18,1.0,avoid:obstacle,0
1786524023.0267644,12.796046124879446,0.6612903225806451,59.60158201365584,0.0,0.0,0.82,0.18,1.0,avoid:obstacle,0
1786524023.099621,12.888595028807181,0.2961520737327189,63.10158201365584,0.0,0.0,0.82,0.18,1.0,avoid:obstacle,0
1786524023.1696446,12.99993729958445,0.0,0.0,0.0,0.020512150509537495,0.82,0.18,1.0,avoid:obstacle,0
1786524023.2558959,13.269009541233995,0.5161290322580645,66.60158201365584,0.0,0.010452051215050953,0.82,0.15645161290322582,1.0,follow,0
1786524023.3410769,12.970176243494418,0.0,11.852992401605434,0.0,0.0,0.82,0.0,1.0,slow:lane_dropout,0
1786524023.4183524,12.723211540344742,0.0,15.451377890404444,0.0,0.0,0.82,0.0,1.0,slow:lane_dropout,0
1786524023.495921,12.763652631525007,0.467741935483871,63.10158201365584,0.0,0.0,0.82,0.05028851295001004,1.0,follow,0
1786524023.597863,12.793885834746632,0.9334677419354839,59.60158201365584,0.0,0.0,0.6742505427970926,0.10061829439987377,1.0,follow,0
1786524023.7004042,12.193965715838045,0.7641129032258064,56.10158201365584,0.0,0.0,0.5242505427970927,0.16698352515013537,1.0,follow,0
1786524023.8082445,11.707255133904583,0.6673387096774193,52.60158201365584,0.0,0.0,0.3742505427970927,0.23357906909977827,1.0,follow,0
1786524023.8888555,11.221830506044055,0.34949308755760367,56.10158201365584,0.0,0.0,0.2242505427970927,0.14145437788018433,1.0,follow,0
1786524023.9804318,11.444929307094323,0.4435483870967742,59.60158201365584,0.0,0.0,0.0742505427970927,0.1499193548387097,1.0,follow,0
1786524024.0647414,11.337769688361314,0.471889400921659,56.10158201365584,0.0,0.0,-0.0757494572029073,0.15247004608294934,1.0,follow,0
1786524024.1599295,11.447792510413022,1.0,52.60158201365584,0.0,0.0,-0.2257494572029073,0.2,1.0,follow,0
1786524024.256341,11.257759957411707,0.6129032258064516,49.10158201365584,0.0,0.0,-0.3757494572029073,0.16516129032258065,1.0,follow,0
1786524024.3361077,11.076252454600484,0.6491935483870968,52.60158201365584,0.0,0.0,-0.17574945720290727,0.12,1.0,avoid:white,0
1786524024.4221373,11.368641078776252,0.5887096774193548,56.10158201365584,0.0,0.0,0.024250542797092725,0.12,1.0,avoid:white,0
1786524024.510386,11.427485221814958,0.0,65.01956504517005,0.0,0.0,0.22425054279709272,0.12,1.0,avoid:white,0
1786524024.5927527,11.414577338749055,0.467741935483871,59.60158201365584,0.0,0.0,0.07425054279709273,0.1520967741935484,1.0,follow,0
1786524024.686429,11.561987178534382,0.4616935483870968,63.10158201365584,0.0,0.0,-0.057100903354638174,0.15155241935483874,1.0,follow,0
1786524024.7633498,11.365547373783762,0.0,4.171693295583708,0.0,0.0,-0.057100903354638174,0.0,1.0,slow:lane_dropout,0
1786524024.8569076,11.715992566358942,0.0,0.0,0.0,0.0,-0.057100903354638174,0.0,1.0,slow:lane_dropout,0
1786524024.9434628,11.506138081596287,0.49798387096774194,66.60158201365584,0.0,0.0,-0.20710090335463816,0.06093719449968376,1.0,follow,0
1786524025.0380518,11.521251035385115,0.0,2.0175580650783544,0.0,0.0,-0.20710090335463816,0.0,1.0,slow:lane_dropout,0
1786524025.1457467,11.314163551702926,0.0,1.9422394646026433,0.0,0.0,-0.20710090335463816,0.0,1.0,slow:lane_dropout,0
1786524025.2377133,10.884813925947633,0.0,3.3395323454095056,0.0,0.0,-0.20710090335463816,0.0,1.0,slow:lane_dropout,0
1786524025.3419044,10.888746771998893,0.0,12.707409527893972,0.0,0.0,-0.007100903354638165,0.1,1.0,reacquire:road,0
1786524025.4332628,10.657396449472946,0.5342741935483871,63.10158201365584,0.0,0.0,-0.15710090335463817,0.15808467741935486,1.0,follow,0
1786524025.5511556,10.699404979068504,0.842741935483871,66.60158201365584,0.2252232142857143,0.0,-0.30710090335463813,0.1858467741935484,1.0,follow,0
1786524025.6395643,10.241170306932043,0.8125,70.10158201365584,0.0,0.0,-0.45710090335463816,0.183125,1.0,follow,0
1786524025.7262242,10.511444599806653,0.8064516129032258,73.60158201365584,0.0,0.0,-0.5132410223759005,0.18258064516129033,1.0,follow,0
1786524025.8173125,10.71064966590026,0.782258064516129,77.10158201365584,0.0,0.0,-0.45540375413065437,0.18040322580645163,1.0,follow,0
1786524025.914128,10.759299686318998,0.8064516129032258,80.60158201365584,0.0,0.0,-0.4372130107983192,0.18258064516129033,1.0,follow,0
1786524026.0042303,10.628344390843358,0.7943548387096775,84.10158201365584,0.0,0.0,-0.40394414517611,0.181491935483871,1.0,follow,0
1786524026.0833323,10.791041111862823,0.5584677419354839,87.60158201365584,0.0,0.0,-0.25394414517610997,0.16026209677419356,1.0,follow,0
1786524026.1705368,11.158979677065924,0.8185483870967742,91.10158201365584,0.0,0.0,-0.30701552288597467,0.18366935483870972,1.0,follow,0
1786524026.2548108,11.21939601692589,0.8064516129032258,94.60158201365584,0.0,0.0,-0.2394128059294885,0.18258064516129033,1.0,follow,0
1786524026.3467376,11.352020888127129,0.8064516129032258,98.10158201365584,0.0,0.0,-0.2589667293713026,0.18258064516129033,1.0,follow,0
1786524026.438019,11.258583043913577,0.8004032258064516,101.60158201365584,0.0,0.0,-0.1920847279965388,0.18203629032258065,1.0,follow,0
1786524026.528859,11.158070549576443,0.6915322580645161,105.10158201365584,0.0,0.0,-0.10727864778551922,0.2424675618727953,1.0,follow,0
1786524026.6085846,11.117870280807274,0.5584677419354839,108.60158201365584,0.0,0.0,-0.0442815390005702,0.16026209677419356,1.0,follow,0
1786524026.6966574,11.453369029580214,0.5524193548387096,112.10158201365584,0.0,0.0,-0.019119247183546725,0.15971774193548388,1.0,follow,0
1786524026.7720406,11.447286821899873,0.4375,114.182074547117,0.0,0.0,-0.16911924718354673,0.149375,1.0,follow,0
1786524026.8682003,11.810303794992253,0.8064516129032258,117.682074547117,0.0,0.0,-0.019119247183546732,0.18258064516129033,1.0,follow,0
1786524026.9567416,11.528055290515798,0.8064516129032258,121.182074547117,0.0,0.0,0.013795626828739166,0.18258064516129033,1.0,follow,0
1786524027.0403605,11.465649848602371,0.5584677419354839,124.682074547117,0.0,0.0,0.16379562682873916,0.16026209677419356,1.0,follow,0
1786524027.129256,11.58275500986607,0.7883064516129032,128.182074547117,0.0,0.0,0.09485117583226702,0.1809475806451613,1.0,follow,0
1786524027.2161634,11.511592300306122,0.8125,131.682074547117,0.0,0.0,0.1189848227129425,0.183125,1.0,follow,0
1786524027.2937136,11.514401409803758,0.5161290322580645,135.182074547117,0.0,0.0,0.2666999043007875,0.15645161290322582,1.0,follow,0
1786524027.38323,11.745563002954343,0.7762096774193549,138.682074547117,0.0,0.0,0.1933681480232402,0.17985887096774195,1.0,follow,0
1786524027.4719536,11.663203929500591,0.7762096774193549,142.182074547117,0.0,0.0,0.22046033620993502,0.17985887096774195,1.0,follow,0
1786524027.5519326,11.576455726115011,0.5403225806451613,145.682074547117,0.0,0.0,0.3458630643431897,0.15862903225806455,1.0,follow,0
1786524027.6397033,11.73328866251713,0.7701612903225807,149.182074547117,0.0,0.0,0.29105907697395794,0.17931451612903226,1.0,follow,0
1786524027.7124274,11.695214812811173,0.29029953917050694,152.682074547117,0.0,0.0,0.40422960532853247,0.13612695852534565,1.0,follow,0
1786524027.7848074,12.115285679176033,0.5282258064516129,149.182074547117,0.0,0.0,0.2542296053285325,0.15754032258064518,1.0,follow,0
1786524027.8654113,12.445261601147983,0.7399193548387096,152.682074547117,0.0,0.0,0.3900756090429798,0.2047609687807847,1.0,follow,0
1786524027.9535732,12.440814758557323,0.752016129032258,156.182074547117,0.0,0.0,0.42807617973138157,0.2570831588306658,1.0,follow,0
1786524028.029044,12.224080828819925,0.7701612903225807,159.682074547117,0.0,0.0,0.43757273553871845,0.17931451612903226,1.0,follow,0
1786524028.115392,12.413714259226166,0.7701612903225807,163.182074547117,0.0,0.0,0.4607414990345157,0.22866068702901254,1.0,follow,0
1786524028.201709,12.258132403845554,0.7701612903225807,166.682074547117,0.0,0.0,0.4768332701428063,0.17931451612903226,1.0,follow,0
1786524028.279014,12.103368919285467,0.5161290322580645,170.182074547117,0.0,0.0,0.44431934835245623,0.15645161290322582,1.0,follow,0
1786524028.3629148,12.29427716483665,0.7459677419354839,173.682074547117,0.0,0.0,0.5747661951365334,0.17713709677419356,1.0,follow,0
1786524028.4404998,12.217582662458248,0.7459677419354839,177.182074547117,0.0,0.0,0.6064346080419841,0.17713709677419356,1.0,follow,0
1786524028.5265276,12.281649563784368,0.7641129032258064,180.682074547117,0.0,0.0,0.6372215387646711,0.17877016129032258,1.0,follow,0
1786524028.6166477,12.182267083556987,0.7580645161290323,184.182074547117,0.0,0.0,0.6771851489086553,0.1782258064516129,1.0,follow,0
1786524028.6959252,11.991754849676635,0.7278225806451613,187.682074547117,0.0,0.0,0.7171625285883974,0.2361079990013452,1.0,follow,0
1786524028.7793436,12.106101861816299,0.7641129032258064,191.182074547117,0.0,0.0,0.7620233964981591,0.24815451097189567,1.0,follow,0
1786524028.8639674,12.04209226793438,0.7641129032258064,194.682074547117,0.0,0.0,0.7778430824186967,0.17877016129032258,1.0,follow,0
1786524028.9490533,12.04524095401292,0.7580645161290323,198.182074547117,0.0,0.0,0.82,0.18677525664709527,1.0,follow,0
1786524029.0244887,11.95544610279493,0.5221774193548387,194.682074547117,0.0,0.0,0.6779382425994782,0.1569959677419355,1.0,follow,0
1786524029.1117887,12.243685807309593,0.7701612903225807,198.182074547117,0.0,0.0,0.82,0.17931451612903226,1.0,follow,0
1786524029.1974301,12.09957817180786,0.7701612903225807,201.682074547117,0.0,0.0,0.82,0.17931451612903226,1.0,follow,0
1786524029.2869718,12.012884039480074,0.7580645161290323,205.182074547117,0.0,0.0,0.82,0.1782258064516129,1.0,follow,0
1786524029.3799357,11.804838275877866,0.7701612903225807,207.66941966288715,0.0,0.0,0.82,0.17931451612903226,1.0,follow,0
1786524029.4665966,11.631217516669748,0.7459677419354839,209.53430861635948,0.0,0.0,0.82,0.17713709677419356,1.0,follow,0
1786524029.5594244,11.612875221602605,0.7580645161290323,211.20872337206376,0.0,0.0,0.82,0.1782258064516129,1.0,follow,0
1786524029.647881,11.44198283076544,0.7641129032258064,211.64719039028225,0.0,0.0,0.82,0.17877016129032258,1.0,follow,0
1786524029.7283316,11.420537859897713,0.7338709677419355,212.0191850416698,0.0,0.0,0.82,0.1760483870967742,1.0,follow,0
1786524029.8156166,11.60510237624889,0.7399193548387096,211.773017626684,0.0,0.0,0.82,0.17659274193548388,1.0,follow,0
1786524029.896724,11.58899641437232,0.7399193548387096,212.75636318652127,0.0,0.0,0.82,0.17659274193548388,1.0,follow,0
1786524029.9767253,11.705309097881624,0.7641129032258064,213.56777356237984,0.0,0.0,0.82,0.17877016129032258,1.0,follow,0
1786524030.0726392,11.883027016670363,0.7701612903225807,213.72975030770988,0.0,0.0,0.82,0.17931451612903226,1.0,follow,0
1786524030.1608574,11.603651915579785,0.7580645161290323,214.7336704254613,0.0,0.0,0.82,0.1782258064516129,1.0,follow,0
1786524030.2446492,11.533177063048477,0.7641129032258064,214.31126564898068,0.0,0.0,0.82,0.17877016129032258,1.0,follow,0
1786524030.3328226,11.615536268920426,0.7701612903225807,214.16812514322334,0.0,0.0,0.82,0.17931451612903226,1.0,follow,0
1786524030.4194107,11.564995323031209,0.7580645161290323,214.3293715316831,0.0,0.0,0.82,0.1782258064516129,1.0,follow,0
1786524030.5088205,11.551717687417405,0.7701612903225807,213.9608218302154,0.0,0.0,0.82,0.17931451612903226,1.0,follow,0
1786524030.5907288,11.49838302296768,0.7641129032258064,215.00030669141182,0.0,0.0,0.82,0.17877016129032258,1.0,follow,0
1786524030.6858382,11.624565435071931,0.7459677419354839,214.320573256972,0.0,0.0,0.82,0.17713709677419356,1.0,follow,0
1786524030.77519,11.403595624825106,0.752016129032258,215.20906054329447,0.0,0.0,0.82,0.17768145161290325,1.0,follow,0
1786524030.8642519,11.373852235941234,0.7701612903225807,214.65070035408914,0.0,0.0,0.82,0.17931451612903226,1.0,follow,0
1786524030.9547665,11.29573694634102,0.752016129032258,214.21230632175525,0.0,0.0,0.82,0.17768145161290325,1.0,follow,0
1786524031.0394032,11.291062160171194,0.7459677419354839,214.51178871199676,0.0,0.0,0.82,0.17713709677419356,1.0,follow,0
1786524031.1139522,11.394482156476442,0.5040322580645161,217.4826626627979,0.0,0.0,0.82,0.15536290322580648,1.0,follow,0
1786524031.2005465,11.802428611573001,0.7641129032258064,217.28951386334873,0.0,0.0,0.82,0.17877016129032258,1.0,follow,0
1786524031.2850716,11.737206468272248,0.7459677419354839,217.4761139830968,0.0,0.0,0.82,0.17713709677419356,1.0,follow,0
1786524031.3727322,11.769624435223005,0.7580645161290323,217.57079308090596,0.0,0.0,0.82,0.1782258064516129,1.0,follow,0
1786524031.45701,11.68792292954319,0.752016129032258,217.2641209228352,0.0,0.0,0.82,0.17768145161290325,1.0,follow,0
1786524031.545803,11.724407816703444,0.7036290322580645,217.5500271434445,0.0,0.0,0.82,0.17332661290322582,1.0,follow,0
1786524031.6293912,11.633936646592712,0.7399193548387096,217.09052039022217,0.0,0.0,0.82,0.17659274193548388,1.0,follow,0
1786524031.7177198,11.693096479781671,0.7459677419354839,217.14913405745585,0.0,0.0,0.82,0.17713709677419356,1.0,follow,0
1786524031.802963,11.595567167540622,0.7580645161290323,217.19512539251906,0.0,0.0,0.82,0.1782258064516129,1.0,follow,0
1786524031.889461,11.631935144780407,0.7036290322580645,216.3652087285298,0.0,0.0,0.82,0.17332661290322582,1.0,follow,0
1786524031.9766161,11.607817613660693,0.7641129032258064,217.13698170472793,0.0,0.0,0.82,0.17877016129032258,1.0,follow,0
1786524032.0601358,11.564934805443118,0.7641129032258064,217.55475036888106,0.0,0.0,0.82,0.17877016129032258,1.0,follow,0
1786524032.1486173,11.711208047241627,0.7641129032258064,217.6840214747124,0.0,0.0,0.82,0.17877016129032258,1.0,follow,0
1786524032.2337222,11.623263017168227,0.7762096774193549,217.73434926200432,0.0,0.0,0.82,0.17985887096774195,1.0,follow,0
1786524032.322972,11.656067201605424,0.7338709677419355,217.60780930793157,0.0,0.0,0.82,0.1760483870967742,1.0,follow,0
1786524032.4105275,11.501994131399792,0.7762096774193549,217.17307604892682,0.0,0.0,0.82,0.17985887096774195,1.0,follow,0
1786524032.4919045,11.551616207384654,0.7459677419354839,216.49029503154554,0.0,0.0,0.82,0.17713709677419356,1.0,follow,0
1786524032.5773783,11.703481445187743,0.7459677419354839,216.7621123362363,0.0,0.0,0.82,0.17713709677419356,1.0,follow,0
1786524032.6657495,11.618413866139706,0.752016129032258,217.0028660226119,0.0,0.0,0.82,0.17768145161290325,1.0,follow,0
1786524032.753647,11.56594251267437,0.7762096774193549,216.96785897633862,0.0,0.0,0.82,0.17985887096774195,1.0,follow,0
1786524032.8377383,11.600234918410052,0.7580645161290323,216.86583946286336,0.0,0.0,0.82,0.1782258064516129,1.0,follow,0
1786524032.9255676,11.651802872395132,0.7278225806451613,217.13927385795637,0.0,0.0,0.82,0.17550403225806452,1.0,follow,0
1786524033.0150185,11.609541986397302,0.7580645161290323,217.12468757276125,0.0,0.0,0.82,0.1782258064516129,1.0,follow,0
1786524033.094568,11.522763437855657,0.7399193548387096,217.53644863445717,0.0,0.0,0.82,0.17659274193548388,1.0,follow,0
1786524033.1764517,11.687208227949277,0.7641129032258064,217.64507361097967,0.0,0.0,0.82,0.17877016129032258,1.0,follow,0
1786524033.2660062,11.833746865660387,0.7641129032258064,217.72244455160163,0.0,0.0,0.82,0.17877016129032258,1.0,follow,0
1786524033.3555822,11.688048603859274,0.752016129032258,217.47556532695106,0.0,0.0,0.82,0.17768145161290325,1.0,follow,0
1786524033.4426658,11.577243473287313,0.6915322580645161,217.06000945087925,0.0,0.0,0.82,0.17223790322580645,1.0,follow,0
1786524033.5397172,11.581076115899792,0.7641129032258064,216.64486369090994,0.0,0.0,0.82,0.17877016129032258,1.0,follow,0
1786524033.623393,11.316894051280999,0.752016129032258,216.46764783647174,0.0,0.0,0.82,0.17768145161290325,1.0,follow,0
1786524033.715781,11.408962003195205,0.7580645161290323,216.72837449641355,0.0,0.0,0.82,0.1782258064516129,1.0,follow,0
1786524033.8061998,11.290469824353751,0.7338709677419355,216.65662406684334,0.0,0.0,0.82,0.1760483870967742,1.0,follow,0
1786524033.898662,11.245500712315764,0.7701612903225807,216.98904273975208,0.0,0.0,0.82,0.17931451612903226,1.0,follow,0
1786524033.9867675,11.155476420621778,0.7338709677419355,217.28755135302796,0.0,0.0,0.82,0.1760483870967742,1.0,follow,0
1786524034.0774508,11.240242538394838,0.7641129032258064,217.4704909450245,0.0,0.0,0.82,0.17877016129032258,1.0,follow,0
1786524034.1714497,11.16783569243784,0.5100806451612904,213.9704909450245,0.0,0.0,0.82,0.15590725806451614,1.0,follow,0
1786524034.2691333,11.091491049730813,0.782258064516129,215.17590459981943,0.0,0.0,0.82,0.18040322580645163,1.0,follow,0
1786524034.3661313,10.90449067051493,0.7701612903225807,216.5053978972968,0.0,0.0,0.82,0.17931451612903226,1.0,follow,0
1786524034.4641726,10.80086993532565,0.7580645161290323,217.06335710172226,0.0,0.0,0.82,0.1782258064516129,1.0,follow,0
1786524034.5879056,10.653521187619745,0.7580645161290323,217.4743783659682,0.0,0.0,0.82,0.1782258064516129,1.0,follow,0
1786524034.681806,10.157476946780148,0.7641129032258064,218.14244586700758,0.0,0.0,0.82,0.17877016129032258,1.0,follow,0
1786524034.7720644,10.235161039774148,0.7580645161290323,218.73480926524977,0.0,0.0,0.82,0.1782258064516129,1.0,follow,0
1786524034.8689046,10.423542303449368,0.7459677419354839,219.2628584153989,0.0,0.0,0.82,0.17713709677419356,1.0,follow,0
1786524034.960785,10.365073566140154,0.7580645161290323,219.64696328798138,0.0,0.0,0.82,0.1782258064516129,1.0,follow,0
1786524035.0466747,10.48916396477891,0.7641129032258064,219.29043046036293,0.0,0.0,0.82,0.17877016129032258,1.0,follow,0
1786524035.150551,10.668417408643418,0.7459677419354839,219.14148581299276,0.0,0.0,0.82,0.17713709677419356,1.0,follow,0
1786524035.2365458,10.519022351014897,0.7036290322580645,219.18123801148326,0.0,0.0,0.82,0.17332661290322582,1.0,follow,0
1786524035.3267822,10.71348720471731,0.7278225806451613,218.09352922380558,0.0,0.0,0.82,0.17550403225806452,1.0,follow,0
1786524035.4099855,10.813236915860914,0.752016129032258,219.00541019340744,0.0,0.0,0.82,0.17768145161290325,1.0,follow,0
1786524035.492794,11.051841756909193,0.7459677419354839,219.26986331327805,0.0,0.0,0.82,0.17713709677419356,1.0,follow,0
1786524035.5852945,11.254352834741711,0.6612903225806451,220.426059215345,0.0,0.0,0.82,0.1695161290322581,1.0,follow,0
1786524035.6837542,11.16229959339378,0.7641129032258064,220.03203771038528,0.0,0.0,0.82,0.17877016129032258,1.0,follow,0
1786524035.786699,10.930628145424144,0.7580645161290323,220.38006590342908,0.0,0.0,0.82,0.1782258064516129,1.0,follow,0
1786524035.8747768,10.718836549037487,0.6975806451612904,221.2970428372289,0.0,0.0,0.82,0.17278225806451616,1.0,follow,0
1786524035.9664102,10.829721858661141,0.7278225806451613,221.89307784419879,0.0,0.0,0.82,0.17550403225806452,1.0,follow,0
1786524036.0441465,10.860046930009728,0.5040322580645161,220.84103274950516,0.0,0.0,0.82,0.15536290322580648,1.0,follow,0
1786524036.131758,11.262479529201846,0.655241935483871,221.59667128717837,0.0,0.0,0.82,0.16897177419354842,1.0,follow,0
1786524036.2118783,11.282937339099092,0.4737903225806452,218.09667128717837,0.0,0.0,0.82,0.15264112903225807,1.0,follow,0
1786524036.29783,11.515974857064533,0.6310483870967742,219.81283633666595,0.0,0.0,0.82,0.1667943548387097,1.0,follow,0
1786524036.3857365,11.560196238231702,0.7641129032258064,220.15937480239063,0.0,0.0,0.82,0.17877016129032258,1.0,follow,0
1786524036.4782517,11.51432057800025,0.7278225806451613,220.20940602996126,0.0,0.0,0.82,0.17550403225806452,1.0,follow,0
1786524036.5632021,11.372544528745644,0.7641129032258064,219.7833357479652,0.0,0.0,0.82,0.17877016129032258,1.0,follow,0
1786524036.6493542,11.4521221040855,0.7762096774193549,218.25646827312,0.0,0.0,0.82,0.17985887096774195,1.0,follow,0
1786524036.7413251,11.457972813876058,0.7641129032258064,216.36531174818705,0.0,0.0,0.82,0.17877016129032258,1.0,follow,0
1786524036.816881,11.337862654481226,0.7641129032258064,213.57002882342292,0.0,0.0,0.82,0.17877016129032258,1.0,follow,0
1786524036.896197,11.731055425686066,0.8064516129032258,211.75527866193096,0.0,0.0,0.82,0.18258064516129033,1.0,follow,0
1786524036.9707456,11.925023142463651,0.6008064516129032,215.25527866193096,0.0,0.0,0.82,0.16407258064516128,1.0,follow,0
1786524037.0488505,12.141015080591224,0.6975806451612904,216.5702111435056,0.0,0.0,0.82,0.17278225806451616,1.0,follow,0
1786524037.1251683,12.32810438216044,0.0,3.1017056856094314,0.0,0.0,0.82,0.0,1.0,slow:lane_dropout,0
1786524037.205636,12.527240855990234,0.41330645161290325,218.82063724327864,0.0,0.0,0.82,0.048784929699968414,1.0,follow,0
1786524037.279007,12.492466130712005,0.5584677419354839,220.28341420813112,0.0,0.0,0.82,0.10140216254985716,1.0,follow,0
1786524037.352719,12.73269003360821,0.782258064516129,220.73946975532806,0.0,0.0,0.82,0.14886964234965488,1.0,follow,0
1786524037.43919,12.88593498726758,0.4435483870967742,217.23946975532806,0.0,0.0,0.82,0.1499193548387097,1.0,follow,0
1786524037.5061948,12.596482358060245,0.0,0.0,0.0,0.0,0.82,0.0,1.0,slow:lane_dropout,0
1786524037.5766702,13.104796820139924,0.45564516129032256,213.73946975532806,0.0,0.0,0.82,0.04293814590023431,1.0,follow,0
1786524037.6542683,13.320960519126722,0.4616935483870968,216.98065534096324,0.0,0.0,0.82,0.0887592108003446,1.0,follow,0
1786524037.7275558,13.248438171894394,0.5100806451612904,213.48065534096324,0.0,0.0,0.82,0.1389199227001882,1.0,follow,0
1786524037.796014,13.31925016055307,0.49798387096774194,216.8124259716261,0.0,0.0,0.82,0.1548185483870968,1.0,follow,0
1786524037.8610814,13.540166103366069,0.4087903225806452,217.61677641104617,0.0,0.0,0.82,0.14679112903225808,1.0,follow,0
1786524037.928867,13.931442943756483,0.5705645161290323,219.50090466718,0.0,0.0,0.82,0.16135080645161293,1.0,follow,0
1786524037.9879746,14.099966195892662,0.0,0.0,0.0,0.0,0.82,0.0,1.0,slow:lane_dropout,0
1786524038.0489304,14.639799022543027,0.35569124423963133,220.725588033667,0.0,0.0,0.82,0.038692479150086,1.0,follow,0
1786524038.1080916,14.955504926833749,0.1806336405529954,221.52163222188355,0.0,0.0,0.82,0.07877059189991087,1.0,follow,0
1786524038.1630538,15.369301815578314,0.07448156682027648,222.0390609442243,0.0,0.0,0.82,0.1167033410138249,1.0,follow,0
1786524038.2184694,16.014915519519562,0.13077188940092166,222.3753896137458,0.0,0.0,0.82,0.12176947004608296,1.0,follow,0
1786524038.279625,16.41719586954839,0.18996543778801844,222.59400324893477,0.0,0.0,0.82,0.12709688940092168,1.0,follow,0
1786524038.3378663,16.39531668348732,0.12577188940092165,222.7361021118076,0.0,0.0,0.82,0.12131947004608297,1.0,follow,0
1786524038.4032984,16.524151839919252,0.5267511520737327,221.0202834319453,0.0,0.0,0.82,0.15740760368663598,1.0,follow,0
1786524038.464972,16.304336543410916,0.15786866359447005,221.71318423076445,0.0,0.0,0.82,0.12420817972350232,1.0,follow,0
1786524038.528308,16.265965299304984,0.2515437788018433,222.1635697499969,0.0,0.0,0.82,0.1326389400921659,1.0,follow,0
1786524038.5920496,16.167594727101694,0.3792165898617511,222.45632033749797,0.0,0.0,0.82,0.1441294930875576,1.0,follow,0
1786524038.6523054,15.98870192056058,0.24263824884792623,222.6466082193737,0.0,0.0,0.82,0.13183744239631337,1.0,follow,0
1786524038.7124767,16.212640510852026,0.16996543778801843,222.7702953425929,0.0,0.0,0.82,0.12529688940092168,1.0,follow,0
1786524038.7808719,16.321750770828178,0.13753456221198157,222.85069197268538,0.0,0.0,0.82,0.12237811059907835,1.0,follow,0
1786524038.8447127,15.962267574536181,0.38769585253456224,222.90294978224549,0.0,0.0,0.82,0.14489262672811062,1.0,follow,0
1786524038.908938,15.852916907922868,0.2462557603686636,222.93691735845957,0.0,0.0,0.82,0.13216301843317974,1.0,follow,0
1786524038.9686317,15.867089044369,0.15358294930875577,222.95899628299873,0.0,0.0,0.82,0.12382246543778803,1.0,follow,0
1786524039.0295782,16.047341054901704,0.24911290322580643,222.91903928355197,0.0,0.0,0.82,0.1324201612903226,1.0,follow,0
1786524039.1002424,15.840338423618277,0.0701958525345622,222.94737553430878,0.0,0.0,0.82,0.11631762672811062,1.0,follow,0
1786524039.159438,15.673023492731092,0.15182027649769586,222.96579409730072,0.0,0.0,0.82,0.12366382488479265,1.0,follow,0
1786524039.2120867,15.988367703053544,0.10581797235023041,222.97776616324546,0.0,0.0,0.82,0.11952361751152074,1.0,follow,0
1786524039.2682638,16.616162377747518,0.19067972350230414,220.1489767986799,0.0,0.0,0.82,0.1271611751152074,1.0,follow,0
1786524039.3326278,16.830461592284113,0.23054147465437785,221.14683491914195,0.0,0.0,0.82,0.13074873271889403,1.0,follow,0
1786524039.3968217,16.518307938512464,0.31616359447004605,217.64683491914195,0.0,0.0,0.82,0.13845472350230414,1.0,follow,0
1786524039.45341,16.40403624570186,0.0,0.0,0.0,0.0,0.82,0.0,1.0,slow:lane_dropout,0
1786524039.5150974,16.63543888692475,0.2943548387096774,219.52044269744226,0.0,0.0,0.82,0.03701373325002351,1.0,follow,0
1786524039.5720587,16.541823393798282,0.17172811059907836,220.73828775333746,0.0,0.0,0.82,0.07721819105004216,1.0,follow,0
1786524039.6188207,16.711137270014298,0.0,112.0,0.0,0.0,0.82,0.0,1.0,slow:lane_dropout,0
1786524039.6639838,17.7378522363851,0.0,112.0,0.0,0.0,0.82,0.0,1.0,slow:lane_dropout,0
1786524039.7111406,18.59070595482298,0.0,112.0,0.0,0.0,0.82,0.0,1.0,slow:lane_dropout,0
1786524039.7557614,19.098486066491525,0.0,112.0,0.0,0.0,0.82,0.1,1.0,reacquire:road,0
1786524039.7986495,19.795905064755082,0.0,112.0,0.0,0.0,0.725,0.1,1.0,reacquire:road,0
1786524039.8590884,20.4297522438233,0.12577188940092165,221.52988703966935,0.0,0.0,0.82,0.12131947004608297,1.0,follow,0
1786524039.913012,19.65051629708473,0.12434331797235024,222.04442657578508,0.0,0.0,0.82,0.12119089861751153,1.0,follow,0
1786524039.969351,19.46365781435764,0.06876728110599079,222.3788772742603,0.0,0.0,0.82,0.11618905529953918,1.0,follow,0
1786524040.033541,19.12911562624525,0.2946889400921659,222.5962702282692,0.0,0.0,0.82,0.13652200460829494,1.0,follow,0
1786524040.0922832,18.41668727333983,0.07481566820276497,222.73757564837499,0.0,0.0,0.82,0.11673341013824885,1.0,follow,0
1786524040.162158,18.110019328530935,0.2594470046082949,222.82942417144375,0.0,0.0,0.82,0.13335023041474656,1.0,follow,0
1786524040.2242534,17.377057095337786,0.23130184331797235,222.88912571143842,0.0,0.0,0.82,0.13081716589861753,1.0,follow,0
1786524040.285636,17.129649044472778,0.2848271889400922,222.92793171243497,0.0,0.0,0.82,0.1356344470046083,1.0,follow,0
1786524040.3441274,16.830308715520314,0.14324884792626727,222.95315561308274,0.0,0.0,0.82,0.12289239631336407,1.0,follow,0
1786524040.4029112,17.034793746326745,0.11972350230414747,222.9695511485038,0.0,0.0,0.82,0.12077511520737327,1.0,follow,0
1786524040.476135,16.985924614764514,0.32283410138248847,222.98020824652747,0.0,0.0,0.82,0.13905506912442397,1.0,follow,0
1786524040.5442247,16.308227773232275,0.26868663594470044,222.98713536024286,0.0,0.0,0.82,0.13418179723502305,1.0,follow,0
1786524040.6090853,15.98011424979115,0.22911290322580644,222.99163798415785,0.0,0.0,0.82,0.13062016129032258,1.0,follow,0
1786524040.676662,15.901221620151077,0.19139400921658983,222.9945646897026,0.0,0.0,0.82,0.1272254608294931,1.0,follow,0
1786524040.7448642,15.710409265460523,0.27701612903225803,219.4945646897026,0.0,0.0,0.82,0.13493145161290324,1.0,follow,0
1786524040.808571,15.418026489130936,0.2078225806451613,220.7214670483067,0.0,0.0,0.82,0.12870403225806454,1.0,follow,0
1786524040.8693137,15.570525815170699,0.21520737327188938,221.51895358139936,0.0,0.0,0.82,0.12936866359447005,1.0,follow,0
1786524040.9304483,15.638866687141244,0.32683179723502304,221.32378997993038,0.0,0.0,0.82,0.13941486175115209,1.0,follow,0
1786524040.9875872,15.89090426554522,0.14963133640552995,221.91046348695474,0.0,0.0,0.82,0.12346682027649769,1.0,follow,0
1786524041.04624,16.209329484217044,0.28877880184331794,220.79446925071045,0.0,0.0,0.82,0.1359900921658986,1.0,follow,0
1786524041.1054864,16.390939319014052,0.1272004608294931,221.56640501296178,0.0,0.0,0.82,0.12144804147465438,1.0,follow,0
1786524041.1678908,16.470432903668467,0.2048732718894009,222.06816325842516,0.0,0.0,0.82,0.1284385944700461,1.0,follow,0
1786524041.231068,16.303549437501914,0.36140552995391706,221.59296585038103,0.0,0.0,0.82,0.14252649769585254,1.0,follow,0
1786524041.2922058,16.305449824178133,0.12686635944700458,222.08542780274766,0.0,0.0,0.82,0.12141797235023043,1.0,follow,0
1786524041.3472052,16.306773379500896,0.0,223.0,0.0,0.0,0.82,0.0,1.0,slow:lane_dropout,0
1786524041.4094641,16.6867675451554,0.0,223.0,0.0,0.0,0.82,0.0,1.0,slow:lane_dropout,0
1786524041.4692445,16.54493233450428,0.10514976958525346,218.58542780274766,0.0,0.0,0.82,0.04068197639985556,1.0,follow,0
1786524041.5390809,16.58819280158476,0.17429723502304148,215.08542780274766,0.0,0.0,0.749939452999024,0.07946193580028194,1.0,follow,0
1786524041.597332,16.111125489814466,0.0,223.0,0.0,0.0,0.749939452999024,0.0,1.0,slow:lane_dropout,0
1786524041.6471777,16.287770685574905,0.0,112.0,0.0,0.0,0.749939452999024,0.0,1.0,slow:lane_dropout,0
1786524041.6935403,17.144350016300166,0.0,112.0,0.0,0.0,0.749939452999024,0.0,1.0,slow:lane_dropout,0
1786524041.7517738,18.042614401817914,0.10796082949308755,217.85552807178598,0.0,0.0,0.82,0.030042977250059267,1.0,follow,0
1786524041.7999494,17.86199253091846,0.0,112.0,0.0,0.0,0.82,0.0,1.0,slow:lane_dropout,0
1786524041.8622737,18.457609652301294,0.25835253456221197,219.6560932466609,0.0,0.0,0.82,0.031189902249934676,1.0,follow,0
1786524041.9277456,17.976044133515487,0.0,223.0,0.0,0.0,0.82,0.0,1.0,slow:lane_dropout,0
1786524041.9959376,17.348604693215478,0.15501152073732719,220.82646061032958,0.0,0.0,0.82,0.04380394264985626,1.0,follow,0
1786524042.0522718,16.896084590258702,0.17496543778801843,221.58719939671423,0.0,0.0,0.82,0.08689023589968202,1.0,follow,0
1786524042.1133888,17.02058515145397,0.2562557603686636,222.08167960786426,0.0,0.0,0.82,0.12399368410005993,1.0,follow,0
1786524042.1745298,16.92421093684554,0.26868663594470044,222.40309174511177,0.0,0.0,0.82,0.13418179723502305,1.0,follow,0
1786524042.2312448,16.814397885333207,0.0,0.0,0.0,0.0,0.82,0.0,1.0,slow:lane_dropout,0
1786524042.2822187,16.95662703054048,0.0,112.0,0.0,0.0,0.82,0.0,1.0,slow:lane_dropout,0
1786524042.3277233,17.43463673158395,0.0,112.0,0.0,0.0,0.82,0.0,1.0,slow:lane_dropout,0
1786524042.3785045,18.341849228604445,0.08014976958525347,222.61200963432265,0.0,0.0,0.82,0.029584857249619744,1.0,follow,0
1786524042.4373004,18.70046810013985,0.1510599078341014,222.74780626230972,0.0,0.0,0.82,0.06186704355000075,1.0,follow,0
1786524042.4776187,18.291887585772177,0.0,112.0,0.0,0.0,0.82,0.0,1.0,slow:lane_dropout,0
1786524042.5428753,19.708090414704763,0.1272004608294931,222.83607407050133,0.0,0.0,0.82,0.025617881900370777,1.0,follow,0
1786524042.5998988,18.844306589689165,0.19096774193548388,222.89344814582586,0.0,0.0,0.82,0.06785537395026041,1.0,follow,0
1786524042.662012,18.55898561329885,0.1916820276497696,222.55637725969913,0.0,0.0,0.82,0.10517373035036146,1.0,follow,0
1786524042.7180245,18.068187030474014,0.09191244239631337,222.71164521880445,0.0,0.0,0.82,0.11827211981566821,1.0,follow,0
1786524042.7752297,18.042421090377307,0.0,0.0,0.0,0.0,0.82,0.0,1.0,slow:lane_dropout,0
1786524042.830317,17.909544191267564,0.0,0.0,0.0,0.0,0.82,0.0,1.0,slow:lane_dropout,0
1786524042.8904848,17.953973943357585,0.0,1.5000000000000144,0.0,0.0,0.82,0.0,1.0,slow:lane_dropout,0
1786524042.9405434,17.67630732066986,0.0,112.0,0.0,0.0,0.82,0.1,1.0,reacquire:road,0
1786524042.9987326,18.15507343788683,0.0,0.0,0.0,0.0,0.725,0.1,1.0,reacquire:road,0
1786524043.0557642,17.990601499639506,0.0,0.0,0.0,0.0,0.725,0.1,1.0,reacquire:road,0
1786524043.121643,17.862466606668097,0.0,0.0,0.0,0.0,0.725,0.1,1.0,reacquire:road,0
1786524043.1734717,17.246020280773728,0.0,112.0,0.0,0.0,0.725,0.1,1.0,reacquire:road,0
1786524043.229991,17.83956383354282,0.0,0.0,0.0,0.0,0.725,0.1,1.0,reacquire:road,0
1786524043.27553,17.692567969015006,0.0,112.0,0.0,0.0,0.725,0.1,1.0,reacquire:road,0
1786524043.3412495,18.703548768321554,0.0,0.0,0.0,0.0,0.725,0.1,1.0,reacquire:road,0
1786524043.3982925,18.02408886909783,0.0,0.0,0.0,0.0,0.725,0.1,1.0,reacquire:road,0
1786524043.4555526,17.921818936141932,0.0,0.0,0.0,0.0,0.725,0.1,1.0,reacquire:road,0
1786524043.504128,17.82905679075722,0.0,112.0,0.0,0.0,0.725,0.1,1.0,reacquire:road,0
1786524043.5648477,18.29577414805314,0.0,0.0,0.0,0.0,0.725,0.1,1.0,reacquire:road,0
1786524043.6299074,17.973160569376148,0.0,1.500000000000019,0.0,0.0,0.725,0.1,1.0,reacquire:road,0
1786524043.6768115,17.46669693165321,0.0,112.0,0.0,0.0,0.725,0.1,1.0,reacquire:road,0
1786524043.7358358,18.15924730021479,0.0,0.0,0.0,0.0,0.725,0.1,1.0,reacquire:road,0
1786524043.7837925,17.947431184827344,0.0,112.0,0.0,0.0,0.725,0.1,1.0,reacquire:road,0
1786524043.8385534,18.557853364634322,0.14644009216589862,222.43859082094428,0.0,0.0,0.82,0.1231796082949309,1.0,follow,0
1786524043.8948634,18.4093915312427,0.0,0.0,0.0,0.0,0.82,0.0,1.0,slow:lane_dropout,0
1786524043.948664,18.297343086400467,0.1617741935483871,222.6350840336138,0.0,0.0,0.82,0.03641630134966363,1.0,follow,0
1786524044.0099297,18.33224564392676,0.0,0.0,0.0,0.0,0.82,0.0,1.0,slow:lane_dropout,0
1786524044.0753157,17.993513051177338,0.20058755760368663,222.76280462184897,0.0,0.0,0.82,0.03906582745021297,1.0,follow,0
1786524044.1413066,17.45892805182945,0.14963133640552995,222.84582300420183,0.0,0.0,0.82,0.08149239735016636,1.0,follow,0
1786524044.1924224,16.946096606902167,0.0,112.0,0.0,0.0,0.82,0.0,1.0,slow:lane_dropout,0
1786524044.2426789,17.423882245555397,0.0,112.0,0.0,0.0,0.82,0.0,1.0,slow:lane_dropout,0
1786524044.3013518,18.07560232242629,0.0,0.0,0.0,0.0,0.82,0.0,1.0,slow:lane_dropout,0
1786524044.3609025,17.793203581297487,0.17782258064516127,222.89978495273118,0.0,0.0,0.82,0.03900715714994476,1.0,follow,0
1786524044.4197176,17.58044218629919,0.22301843317972347,222.4402521697161,0.0,0.0,0.82,0.07786091949992624,1.0,follow,0
1786524044.4781668,17.558576654240575,0.14791474654377879,222.63616391031547,0.0,0.0,0.82,0.11506518594969747,1.0,follow,0
1786524044.5359175,17.459505706619858,0.0,0.0,0.0,0.0,0.82,0.0,1.0,slow:lane_dropout,0
1786524044.5955298,17.366658377443503,0.2776382488479262,222.76350654170506,0.0,0.0,0.82,0.038245937600459,1.0,follow,0
1786524044.6668653,17.31371952179965,0.32683179723502304,222.84627925210827,0.0,0.0,0.82,0.0762532679999822,1.0,follow,0
1786524044.7508652,16.648757222830927,0.5282258064516129,222.9000815138704,0.0,0.0,0.82,0.12271865319999051,1.0,follow,0
1786524044.838885,15.705271720081178,0.4661290322580645,222.93505298401575,0.0,0.0,0.82,0.1519516129032258,1.0,follow,0
1786524044.912028,14.819488415269005,0.5118433179723503,222.95778443961024,0.0,0.0,0.82,0.15606589861751152,1.0,follow,0
1786524044.9974966,14.616593195869216,0.41493087557603686,220.02867953815286,0.0,0.0,0.82,0.14734377880184332,1.0,follow,0
1786524045.074021,14.02233261284724,0.3578341013824885,221.06864169979934,0.0,0.0,0.82,0.14220506912442396,1.0,follow,0
1786524045.1555772,13.791918058261356,0.6431451612903225,218.18798115220264,0.0,0.0,0.82,0.16788306451612903,1.0,follow,0
1786524045.2468464,13.528935298056373,0.3891705069124424,219.79596225873564,0.0,0.0,0.82,0.14502534562211983,1.0,follow,0
1786524045.3223798,12.929925370748448,0.2444009216589862,220.91737546817816,0.0,0.0,0.82,0.13199608294930876,1.0,follow,0
1786524045.4034557,13.130625947271906,0.48275345622119814,221.23992691645918,0.0,0.0,0.82,0.15344781105990785,1.0,follow,0
1786524045.4821446,12.971396618846388,0.0,3.8364955602962354,0.0,0.0,0.82,0.0,1.0,slow:lane_dropout,0
1786524045.5590167,12.922451802557973,0.0,221.47516482332242,0.0,0.0,0.82,0.0,1.0,slow:lane_dropout,0
1786524045.6250906,12.935462036046136,0.0,0.0,0.0,0.0,0.82,0.0,1.0,slow:lane_dropout,0
1786524045.7057295,13.327494809356244,0.0,2.838781208640345,0.0,0.0,0.82,0.1,1.0,reacquire:road,0
1786524045.7912421,13.170780136138509,0.0,4.056753204027395,0.0,0.0,0.725,0.1,1.0,reacquire:road,0
1786524045.8842103,12.86294202733602,0.0,4.0352772287791066,0.0,0.0,0.725,0.1,1.0,reacquire:road,0
1786524045.9750762,12.45704358044466,0.0,2.780693428148762,0.0,0.0,0.725,0.1,1.0,reacquire:road,0
1786524046.057244,12.15521058557411,0.5766129032258065,35.604323663757896,0.0,0.0,0.6732187745327984,0.15937223304963483,1.0,follow,0
1786524046.1434295,12.15944286280176,0.0,2.792295476977941,0.0,0.0,0.6732187745327984,0.0,1.0,slow:lane_dropout,0
1786524046.2396312,11.99331137326125,0.0,2.555134135060154,0.0,0.0,0.6732187745327984,0.0,1.0,slow:lane_dropout,0
1786524046.3190656,11.72993035509156,0.0,3.8285744925785323,0.0,0.0,0.6732187745327984,0.0,1.0,slow:lane_dropout,0
1786524046.389937,11.817368297330223,0.21858294930875577,39.104323663757896,0.0,0.0,0.5232187745327985,0.05342266669999845,1.0,follow,0
1786524046.4706929,12.383890073520524,0.0,3.982019977802437,0.0,0.0,0.5232187745327985,0.0,1.0,slow:lane_dropout,0
1786524046.5596728,12.370045920164431,0.6975806451612904,35.604323663757896,0.0,0.0,0.3732187745327985,0.05278257854997719,1.0,follow,0
1786524046.643578,12.149834514969507,0.0,5.428492372898177,0.0,0.0,0.3732187745327985,0.0,1.0,slow:lane_dropout,0
1786524046.7310045,12.113083314521475,0.8245967741935484,32.104323663757896,0.0,0.0,0.22321877453279848,0.054320218550174104,1.0,follow,0
1786524046.811538,11.936991227552797,0.48588709677419356,30.450899847921363,0.0,0.0,0.07321877453279849,0.11218737985013832,1.0,follow,0
1786524046.8679545,12.073076965610786,0.0,0.0,0.0,0.0,0.07321877453279849,0.0,1.0,slow:lane_dropout,0
1786524046.9395626,13.224919456955988,0.0,0.0,0.0,0.0,0.07321877453279849,0.0,1.0,slow:lane_dropout,0
1786524047.0013423,13.345419958614785,0.3498271889400921,33.95089984792136,0.0,0.0,-0.07678122546720151,0.047008039650017965,1.0,follow,0
1786524047.0675352,13.947200101863789,0.3602073732718894,37.45089984792136,0.0,0.0,-0.21435954771807592,0.08675288830027057,1.0,follow,0
1786524047.125034,14.112401417503328,0.0,0.0,0.0,0.0,-0.21435954771807592,0.0,1.0,slow:lane_dropout,0
1786524047.1897693,14.845962144449931,0.0,0.0,0.0,0.0,-0.21435954771807592,0.0,1.0,slow:lane_dropout,0
1786524047.2584693,14.956126858515244,0.0,1.9507399577166424,0.0,0.0,-0.21435954771807592,0.0,1.0,slow:lane_dropout,0
1786524047.3202417,14.853358560986127,0.0,0.0,0.0,0.0,-0.014359547718075898,0.1,1.0,reacquire:road,0
1786524047.3884053,15.156476228089508,0.0,220.32780464216617,0.0,0.0,0.1856404522819241,0.1,1.0,reacquire:road,0
1786524047.4613752,15.013236179685354,0.0,214.0891203339204,0.0,0.0,0.3856404522819241,0.1,1.0,reacquire:road,0
1786524047.536267,14.74242822597213,0.407258064516129,91.39318681317127,0.0,0.0,0.23564045228192415,0.14665322580645163,1.0,follow,0
1786524047.6041431,14.52094921418983,0.45564516129032256,94.89318681317127,0.0,0.0037888685654559706,0.08564045228192416,0.15100806451612905,1.0,follow,0
1786524047.6720521,14.53772819300797,0.0,207.24840772193068,0.0,0.0,0.08564045228192416,0.0,1.0,slow:lane_dropout,0
1786524047.7386327,14.587196968168085,0.0,223.0,0.0,0.0,0.2716388692799422,0.12,1.0,avoid:white,0
1786524047.8162014,14.654159463726137,0.0,53.46055171711441,0.0,0.0,0.4559304025321774,0.12,1.0,avoid:white,0
1786524047.8995104,14.333975647400658,0.6431451612903225,98.39318681317127,0.0,0.0,0.55,0.12,1.0,avoid:white,0
1786524047.977446,13.828467315347348,0.594758064516129,101.89318681317127,0.0,0.0005226025607525476,0.4,0.16352822580645163,1.0,follow,0
1786524048.0486355,13.644315391403032,0.4375,105.39318681317127,0.0,0.0023517115233864646,0.25,0.149375,1.0,follow,0
1786524048.1138973,13.757674074439269,0.0,33.192536680960984,0.0,0.0013065064018813691,0.25,0.0,1.0,slow:lane_dropout,0
1786524048.1793063,14.067049912314985,0.0,0.0,0.0,0.0013065064018813691,0.25,0.0,1.0,slow:lane_dropout,0
1786524048.2413113,14.207294941313505,0.0,20.332823011908374,0.0,0.0,0.25,0.0,1.0,slow:lane_dropout,0
1786524048.3079798,14.716301557210125,0.0,0.0,0.0,0.020904102430101906,0.44999999999999996,0.1,1.0,reacquire:road,0
1786524048.3669183,14.77360644725475,0.0,0.0,0.0,0.058270185523909064,0.55,0.12,1.0,avoid:white,0
1786524048.4333477,15.214737606260416,0.0,0.0,0.0,0.10595766919257904,0.55,0.12,1.0,avoid:white,0
1786524048.4954462,15.090552009239097,0.0,0.0,0.0,0.08871178468774497,0.55,0.12,1.0,avoid:white,0
1786524048.5533679,15.40990794777107,0.0,0.0,0.0,0.10700287431408415,0.55,0.12,1.0,avoid:white,0
1786524048.6136703,15.695690760616479,0.0,0.0,0.0,0.021949307551607004,0.725,0.1,1.0,reacquire:road,0
1786524048.673468,15.75543571204777,0.0,0.0,0.0,0.04115495165926313,0.725,0.1,1.0,reacquire:road,0
1786524048.7378867,16.12423048183832,0.0,0.0,0.0,0.031486804285341,0.725,0.1,1.0,reacquire:road,0
1786524048.8029575,16.038421029226548,0.0,0.0,0.0,0.05957669192579044,0.725,0.1,1.0,reacquire:road,0
1786524048.874649,15.904439511080351,0.41330645161290325,223.0,0.0,0.02926574340214267,0.5785967705006442,0.1422942662998139,1.0,follow,0
1786524048.9535255,15.513381451568481,0.0,0.0,0.0,0.005487326887901751,0.5785967705006442,0.0,1.0,slow:lane_dropout,0
1786524049.0261009,14.949194659231779,0.0,0.0,0.0,0.013718317219754377,0.5785967705006442,0.0,1.0,slow:lane_dropout,0
1786524049.093636,14.688604840389388,0.3649193548387097,223.0,0.0,0.01985889730859681,0.55,0.12,1.0,avoid:white,0
1786524049.158561,14.737569883132794,0.0,43.47216117213816,0.0,0.025346224196498564,0.55,0.12,1.0,avoid:white,0
1786524049.218629,14.86170312219792,0.0,0.0,0.0,0.009276195453357722,0.55,0.12,1.0,avoid:white,0
1786524049.2654984,15.231351415295661,0.0,112.0,0.0,0.03527567285079697,0.55,0.12,1.0,avoid:white,0
1786524049.3276324,16.43563098333852,0.0,84.20192307700268,0.0,0.014763522341259471,0.55,0.0,1.0,slow:lane_dropout,0
1786524049.3839464,16.3682474761197,0.0,223.0,0.0,0.028220538280637576,0.725,0.1,1.0,reacquire:road,0
1786524049.4370584,16.655938863453013,0.0,0.0,0.0,0.0006532532009406846,0.725,0.1,1.0,reacquire:road,0
1786524049.4906883,17.05605455523867,0.0,18.500000000002622,0.0,0.00039195192056441075,0.725,0.1,1.0,reacquire:road,0
1786524049.5491326,17.38427554219709,0.0,0.0,0.0,0.0,0.725,0.1,1.0,reacquire:road,0
1786524049.6114042,17.170643474468875,0.0,0.0,0.0,0.0,0.725,0.1,1.0,reacquire:road,0
1786524049.6675763,17.115811104976398,0.0,0.0,0.0,0.0,0.725,0.1,1.0,reacquire:road,0
1786524049.7381556,17.163867104523387,0.0,29.261041116308945,0.0,0.0,0.5665541849990403,0.12,1.0,avoid:white,0
1786524049.8036342,16.619648501513552,0.0,2.1834440110591053,0.0,0.0,0.3761475509989849,0.12,1.0,avoid:white,0
1786524049.868348,16.33394414219579,0.0,13.13278258014887,0.0,0.0,0.19512082049923252,0.12,1.0,avoid:white,0
1786524049.9333038,16.148996250222858,0.5403225806451613,7.216037918407139,0.0,0.0,0.016656061500134323,0.12,1.0,avoid:white,0
1786524050.0036068,16.037380164545038,0.5705645161290323,6.883867786634164,0.0,0.0,-0.12765874500078112,0.16135080645161293,1.0,follow,0
1786524050.072968,15.65865257764701,0.5342741935483871,10.383867786634163,0.0,0.0,-0.27765874500078114,0.15808467741935486,1.0,follow,0
1786524050.1428237,15.426408564511794,0.4798387096774194,6.883867786634163,0.0,0.0,-0.42765874500078116,0.15318548387096775,1.0,follow,0
1786524050.2115755,15.1733010987546,0.5584677419354839,4.474514061312206,0.0,0.0,-0.5776587450007811,0.16026209677419356,1.0,follow,0
1786524050.2853532,15.069179623216687,0.6008064516129032,2.9617216909926185,0.0,0.0,-0.7276587450007811,0.16407258064516128,1.0,follow,0
1786524050.3601823,14.77402892718911,0.6189516129032258,1.925119099145202,0.0,0.0,-0.82,0.16570564516129035,1.0,follow,0
1786524050.4368799,14.476024890972985,0.6189516129032258,1.2513274144443813,0.0,0.0,-0.82,0.16570564516129035,1.0,follow,0
1786524050.5104675,14.19541421474782,0.655241935483871,0.8133628193888479,0.0,0.0,-0.82,0.16897177419354842,1.0,follow,0
1786524050.5813339,14.081394989083897,0.6491935483870968,0.5286858326027511,0.0,0.0,-0.82,0.16842741935483874,1.0,follow,0
1786524050.679574,14.00391907953095,0.7943548387096775,2.297765020765332,0.0,0.0,-0.82,0.181491935483871,1.0,follow,0
1786524050.7627594,13.148583683756936,0.5584677419354839,1.493547263497466,0.0,0.0,-0.82,0.16026209677419356,1.0,follow,0
1786524050.8311224,13.127230974019419,0.546705069124424,4.993547263497466,0.0,0.0,-0.82,0.15920345622119816,1.0,follow,0
1786524050.902313,13.43029865726464,0.4291705069124424,8.493547263497465,0.0,0.0,-0.82,0.14862534562211982,1.0,follow,0
1786524050.9829788,13.547829989554385,0.7036290322580645,7.2667270989661645,0.0,0.0,-0.82,0.17332661290322582,1.0,follow,0
1786524051.0534403,13.310709605151326,0.3022119815668203,4.723372614328007,0.0,0.0,-0.82,0.13719907834101383,1.0,follow,0
1786524051.1251092,13.505706990241674,0.685483870967742,4.524493178736573,0.0,0.0,-0.82,0.1716935483870968,1.0,follow,0
1786524051.2044885,13.601509662286219,0.8125,4.2772133563762464,0.0,0.0,-0.82,0.183125,1.0,follow,0
1786524051.2871606,13.34500918921859,0.8245967741935484,3.735457907873319,0.0,0.0,-0.82,0.18421370967741937,1.0,follow,0
1786524051.3737516,13.125870863982401,0.8306451612903225,3.557712623101825,0.0,0.0,-0.82,0.18475806451612906,1.0,follow,0
1786524051.4754217,12.82310047105216,0.842741935483871,3.6546413067254715,0.0,0.0,-0.82,0.1858467741935484,1.0,follow,0
1786524051.5611181,12.22892199883313,0.842741935483871,3.6235534562354803,0.0,0.0,-0.82,0.1858467741935484,1.0,follow,0
1786524051.650068,12.112245100672537,0.8366935483870968,3.4808214228854157,0.0,0.0,-0.82,0.1853024193548387,1.0,follow,0
1786524051.7414684,11.904192061461085,0.842741935483871,3.384205807546112,0.0,0.0,-0.82,0.1858467741935484,1.0,follow,0
1786524051.8311164,11.742193471968005,0.842741935483871,3.473417500972717,0.0,0.0,-0.82,0.1858467741935484,1.0,follow,0
1786524051.9160774,11.627824794367559,0.8366935483870968,3.337048757759095,0.0,0.0,-0.82,0.1853024193548387,1.0,follow,0
1786524052.0000768,11.620180395575312,0.8487903225806451,3.247968756212962,0.0,0.0,-0.82,0.18639112903225807,1.0,follow,0
1786524052.0853448,11.674368986975942,0.842741935483871,3.0930839513679427,0.0,0.0,-0.82,0.1858467741935484,1.0,follow,0
1786524052.1705935,11.724858391066768,0.8366935483870968,3.0504105658100817,0.0,0.0,-0.82,0.1853024193548387,1.0,follow,0
1786524052.2582095,11.727717821096931,0.8608870967741936,3.318172149881005,0.0,0.0,-0.82,0.18747983870967744,1.0,follow,0
1786524052.3420365,11.667814305013668,0.8669354838709677,3.2935795854981857,0.0,0.0,-0.82,0.18802419354838712,1.0,follow,0
1786524052.4283412,11.71091880688751,0.9334677419354839,6.793579585498186,0.0,0.0,-0.82,0.19401209677419357,1.0,follow,0
1786524052.5090094,11.684016963084021,0.6612903225806451,4.634071229423441,0.0,0.0,-0.82,0.1695161290322581,1.0,follow,0
1786524052.5933564,11.81710040147269,0.8669354838709677,4.461514375924351,0.0,0.0,-0.82,0.18802419354838712,1.0,follow,0
1786524052.6762536,11.83447505952961,0.872983870967742,4.063265553913159,0.0,0.013326365299189966,-0.82,0.1885685483870968,1.0,follow,0
1786524052.76187,11.882546016752192,0.872983870967742,3.5274589294484593,0.0,0.0,-0.82,0.1885685483870968,1.0,follow,0
1786524052.8422842,11.84027808099556,0.872983870967742,3.4483678842921943,0.0,0.0,-0.82,0.1885685483870968,1.0,follow,0
1786524052.9216871,11.946423659679745,0.7459677419354839,6.948367884292194,0.0,0.0,-0.82,0.17713709677419356,1.0,follow,0
1786524052.9949234,12.088586435619824,0.45865207373271893,6.377426336670242,0.0,0.0,-0.82,0.1512786866359447,1.0,follow,0
1786524053.0710762,12.339671319487888,0.4258410138248848,4.145327118835658,0.0,0.0,-0.82,0.14832569124423964,1.0,follow,0
1786524053.1576545,12.560207142993775,0.5220391705069125,7.645327118835658,0.0,0.0,-0.82,0.15698352534562213,1.0,follow,0
1786524053.249005,12.314837624626145,0.48922811059907834,5.7361222017112645,0.0,0.0,-0.82,0.15403052995391708,1.0,follow,0
1786524053.327157,12.087680559342681,0.6673387096774193,4.766029266138035,0.0,0.0,-0.82,0.17006048387096775,1.0,follow,0
1786524053.4103312,12.157503656907535,0.6310483870967742,8.266029266138034,0.0,0.0,-0.82,0.1667943548387097,1.0,follow,0
1786524053.493945,12.201526403717525,0.6189516129032258,11.766029266138034,0.0,0.0,-0.82,0.16570564516129035,1.0,follow,0
1786524053.5741985,12.138266575043762,0.8669354838709677,8.666726260981896,0.0,0.0,-0.82,0.18802419354838712,1.0,follow,0
1786524053.6643972,12.183097049765204,0.939516129032258,12.166726260981896,0.0,0.0,-0.82,0.19455645161290325,1.0,follow,0
1786524053.7516954,11.991764849307538,0.6068548387096775,15.666726260981896,0.0,0.0,-0.82,0.164616935483871,1.0,follow,0
1786524053.83301,11.875513376814146,0.6491935483870968,19.166726260981896,0.0,0.0,-0.82,0.16842741935483874,1.0,follow,0
1786524053.915512,11.940914959904529,0.872983870967742,22.666726260981896,0.0,0.0,-0.82,0.1885685483870968,1.0,follow,0
1786524054.0042,11.977284440993362,0.8185483870967742,26.166726260981896,0.0,0.0,-0.82,0.18366935483870972,1.0,follow,0
1786524054.0910218,11.84983286424033,0.7762096774193549,29.666726260981896,0.0,0.0,-0.82,0.17985887096774195,1.0,follow,0
1786524054.1855257,11.796085313984246,0.7217741935483871,33.166726260981896,0.0,0.0,-0.82,0.17495967741935484,1.0,follow,0
1786524054.2577202,11.537503687109886,0.49193548387096775,29.666726260981896,0.0,0.0,-0.82,0.15427419354838712,1.0,follow,0
1786524054.3261485,12.02845538309508,0.11577188940092166,26.166726260981896,0.0,0.0,-0.82,0.12041947004608296,1.0,follow,0
1786524054.4060104,12.52165764670459,0.38126728110599084,29.666726260981896,0.0,0.0,-0.82,0.1652641692959532,1.0,follow,0
1786524054.49591,12.538972338274352,0.6612903225806451,33.166726260981896,0.0,0.0,-0.82,0.17971461334534847,1.0,follow,0
1786524054.5777326,12.25257847080426,0.5220852534562213,29.666726260981896,0.0,0.0,-0.82,0.15698767281105994,1.0,follow,0
1786524054.6499922,12.237437549905227,0.41459677419354835,26.166726260981896,0.0,0.0,-0.82,0.14731370967741936,1.0,follow,0
1786524054.723215,12.555267145208736,0.23125576036866358,22.666726260981896,0.0,0.0,-0.82,0.13081301843317972,1.0,follow,0
1786524054.8077943,12.792118600122066,0.6189516129032258,26.166726260981896,0.0,0.0,-0.82,0.17812178838335724,1.0,follow,0
1786524054.8860183,12.59796790592854,0.23172811059907836,29.666726260981896,0.0,0.0,-0.82,0.13085552995391705,1.0,follow,0
1786524054.9601974,12.607849156684871,0.2709677419354839,33.166726260981896,0.0,0.0,-0.82,0.13438709677419355,1.0,follow,0
1786524055.0363953,12.787477132358074,0.2830645161290323,36.666726260981896,0.0,0.0,-0.82,0.13547580645161292,1.0,follow,0
1786524055.122533,12.856944699035084,0.4840322580645161,40.166726260981896,0.0,0.0,-0.82,0.15356290322580646,1.0,follow,0
1786524055.2078853,12.624202630777665,0.5705645161290323,36.666726260981896,0.0,0.0,-0.82,0.16135080645161293,1.0,follow,0
1786524055.2851756,12.441120969276414,0.5766129032258065,33.166726260981896,0.0,0.0,-0.82,0.1618951612903226,1.0,follow,0
1786524055.3501086,12.532048957040452,0.11115207373271888,36.666726260981896,0.0,0.0,-0.82,0.12000368663594473,1.0,follow,0
1786524055.4202514,13.124083944637984,0.1500115207373272,40.166726260981896,0.0,0.0,-0.7572822113539963,0.12350103686635945,1.0,follow,0
1786524055.4916224,13.340340738324233,0.3533064516129032,43.666726260981896,0.0,0.0,-0.82,0.1417975806451613,1.0,follow,0
1786524055.5618508,13.45942546036087,0.21420506912442397,47.166726260981896,0.0,0.0,-0.6913745647844922,0.12927845622119816,1.0,follow,0
1786524055.6364636,13.568889789486985,0.0,3.351938065144097,0.0,0.0,-0.6913745647844922,0.0,1.0,slow:lane_dropout,0
1786524055.7064922,13.602629367088344,0.3264516129032258,43.666726260981896,0.0,0.0,-0.6912272759812579,0.04731543959969713,1.0,follow,0
1786524055.7780569,13.733978286209476,0.49798387096774194,47.166726260981896,0.0,0.0,-0.7507346212904809,0.09289948849977919,1.0,follow,0
1786524055.8551536,13.780789604675203,0.49108294930875573,43.666726260981896,0.0,0.0,-0.6775756641365117,0.1394343092997133,1.0,follow,0
1786524055.927752,13.619653702295214,0.5403225806451613,47.166726260981896,0.0,0.0,-0.7215156391023554,0.18953022334994785,1.0,follow,0
1786524056.012699,13.652788400377707,0.5463709677419355,43.666726260981896,0.0,0.0,-0.6678137667183026,0.1591733870967742,1.0,follow,0
1786524056.0993977,13.27239256774331,0.7096774193548387,40.166726260981896,0.0,0.0,-0.7062080748065408,0.21448872639629696,1.0,follow,0
1786524056.172267,12.921831472928847,0.5221774193548387,36.666726260981896,0.0,0.0,-0.7145714779441293,0.1569959677419355,1.0,follow,0
1786524056.2498872,13.063871552830017,0.0,3.485662179765569,0.0,0.0,-0.7145714779441293,0.0,1.0,slow:lane_dropout,0
1786524056.3367448,13.055139979559069,0.3278341013824885,33.166726260981896,0.0,0.0,-0.696953745385142,0.049922375749883945,1.0,follow,0
1786524056.4150937,12.732574411959078,0.48193548387096774,29.666726260981896,0.0,0.0,-0.8018822176934053,0.10672907635012052,1.0,follow,0
1786524056.4954593,12.681483109878805,0.7096774193548387,26.166726260981896,0.0,0.0,-0.8076319135532974,0.15882444045009833,1.0,follow,0
1786524056.5765111,12.698015562433927,0.6794354838709677,22.666726260981896,0.0,0.0,-0.7879342685183119,0.1711491935483871,1.0,follow,0
1786524056.6484349,12.636037912535942,0.2997811059907834,26.166726260981896,0.0,0.0,-0.82,0.1369802995391705,1.0,follow,0
1786524056.732034,12.871010536557593,0.6008064516129032,22.666726260981896,0.0,0.0,-0.82,0.16407258064516128,1.0,follow,0
1786524056.8121877,12.689183174922466,0.5766129032258065,19.166726260981896,0.0,0.0,-0.82,0.1618951612903226,1.0,follow,0
1786524056.8727968,12.647084754984125,0.19849078341013826,22.666726260981896,0.0,0.0,-0.7586788718623282,0.12786417050691246,1.0,follow,0
1786524056.9462597,13.402474361577537,0.6189516129032258,19.166726260981896,0.0,0.0,-0.82,0.16570564516129035,1.0,follow,0
1786524057.0123296,13.45017958134035,0.40236175115207373,15.666726260981896,0.0,0.0,-0.82,0.14621255760368665,1.0,follow,0
1786524057.078261,13.722779509148825,0.5413709677419355,12.166726260981896,0.0,0.0,-0.82,0.15872338709677422,1.0,follow,0
1786524057.1437676,14.06116558297858,0.46269585253456225,9.020437804401219,0.0,0.0,-0.82,0.15164262672811063,1.0,follow,0
1786524057.2042518,14.347629755471166,0.43383640552995395,7.1295060884940895,0.0,0.0,-0.82,0.14904527649769586,1.0,follow,0
1786524057.2810621,14.764540939615937,0.5705645161290323,5.956059204540126,0.0,0.0,-0.82,0.16135080645161293,1.0,follow,0
1786524057.356349,14.39228427303792,0.45564516129032256,5.860654169225616,0.0,0.0,-0.82,0.15100806451612905,1.0,follow,0
1786524057.427769,14.070848509309737,0.0,2.466299019610119,0.0,0.0,-0.82,0.0,1.0,slow:lane_dropout,0
1786524057.4839919,14.221897533092317,0.0,112.0,0.0,0.0,-0.82,0.0,1.0,slow:lane_dropout,0
1786524057.5357869,14.872052548274906,0.0,112.0,0.0,0.0,-0.82,0.0,1.0,slow:lane_dropout,0
1786524057.594837,15.799896800420258,0.09619815668202765,9.360654169225615,0.0,0.0,-0.82,0.03331407300020146,1.0,follow,0
1786524057.6607537,16.018862876550457,0.14286866359447004,6.08442520999665,0.0,0.0,-0.82,0.07178761525001393,1.0,follow,0
1786524057.7311733,15.875696017758136,0.1582027649769585,6.910574915908943,0.0,0.0,-0.82,0.11426286755004186,1.0,follow,0
1786524057.7899592,15.50348275497602,0.19358294930875575,6.600397450997308,0.0,0.0,-0.82,0.127422465437788,1.0,follow,0
1786524057.8644419,15.8344276574138,0.3816013824884793,10.100397450997306,0.0,0.0,-0.82,0.14434412442396313,1.0,follow,0
1786524057.9222474,15.367573731156254,0.07662442396313364,6.600397450997306,0.0,0.0,-0.82,0.11689619815668205,1.0,follow,0
1786524057.9844625,15.69212317568934,0.07910138248847925,4.290258343148249,0.0,0.0,-0.82,0.11711912442396316,1.0,follow,0
1786524058.0488245,15.803926048368698,0.0,223.0,0.0,0.0,-0.82,0.0,1.0,slow:lane_dropout,0
1786524058.126946,15.775399799875647,0.43559907834101386,7.790258343148249,0.0,0.0,-0.82,0.04150359265026964,1.0,follow,0
1786524058.1970623,15.17826245187429,0.5919009216589861,11.290258343148249,0.0,0.0,-0.82,0.09232568670017827,1.0,follow,0
1786524058.253606,14.980487844124204,0.1517741935483871,7.790258343148249,0.0,0.0,-0.82,0.12365967741935485,1.0,follow,0
1786524058.325237,15.511624491535835,0.2954032258064516,5.063667923046362,0.0,0.0,-0.82,0.13658629032258066,1.0,follow,0
1786524058.3991084,15.207501211442091,0.0,15.7050734945459,0.0,0.0,-0.82,0.0,1.0,slow:lane_dropout,0
1786524058.464979,14.886261594063685,0.34440092165898617,8.563667923046362,0.0,0.0,-0.82,0.047789538549932335,1.0,follow,0
1786524058.5275736,14.941576806442288,0.27940092165898617,12.06366792304636,0.0,0.0,-0.82,0.09065750394984207,1.0,follow,0
1786524058.5995567,15.02188455750213,0.0,2.306585162447842,0.0,0.0,-0.82,0.0,1.0,slow:lane_dropout,0
1786524058.6648421,14.856657069174613,0.4540783410138249,8.56366792304636,0.0,0.0,-0.82,0.0457883614504226,1.0,follow,0
1786524058.7305846,14.93015436393743,0.0,3.910744964035736,0.0,0.0,-0.82,0.0,1.0,slow:lane_dropout,0
1786524058.8001752,15.056925199451566,0.32745391705069127,8.615315170334801,0.0,0.0,-0.82,0.041763020000053074,1.0,follow,0
1786524058.8705127,14.915322480973918,0.2704953917050691,9.805597001186303,0.0,0.0,-0.82,0.0870626230500875,1.0,follow,0
1786524058.9360168,14.78143689844369,0.5369930875576037,7.247049963805642,0.0,0.0,-0.82,0.132689803349831,1.0,follow,0
1786524059.004199,14.838841035746837,0.38711981566820275,6.351819727422399,0.0,0.0,-0.82,0.14484078341013826,1.0,follow,0
1786524059.0710747,14.77712690061511,0.2099193548387097,4.128682822824559,0.0,0.0,-0.82,0.1288927419354839,1.0,follow,0
1786524059.147771,14.883725214119535,0.5282258064516129,4.4208505808343315,0.0,0.0,-0.82,0.15754032258064518,1.0,follow,0
1786524059.212162,14.491679040883703,0.2868778801843318,7.9208505808343315,0.0,0.0,-0.82,0.13581900921658988,1.0,follow,0
1786524059.2834032,14.678226923185822,0.752016129032258,5.874658927759452,0.0,0.0,-0.82,0.17768145161290325,1.0,follow,0
1786524059.35491,14.587665143012677,0.655241935483871,4.581578354683014,0.0,0.0,-0.82,0.16897177419354842,1.0,follow,0
1786524059.428891,14.445632902205105,0.782258064516129,4.838703221005334,0.0,0.0,-0.82,0.18040322580645163,1.0,follow,0
1786524059.509631,14.269783913878774,0.7943548387096775,4.1751876631491065,0.0,0.0,-0.82,0.181491935483871,1.0,follow,0
1786524059.5959883,13.87917497847785,0.8004032258064516,4.603723709837211,0.0,0.0,-0.82,0.18203629032258065,1.0,follow,0
1786524059.6726332,13.43153380110354,0.7943548387096775,5.371176485152697,0.0,0.0,-0.82,0.181491935483871,1.0,follow,0
1786524059.748009,13.34853712362088,0.7943548387096775,4.787124236873159,0.0,0.0,-0.82,0.181491935483871,1.0,follow,0
1786524059.825986,13.348860354985776,0.8004032258064516,6.029978076180072,0.0,0.0,-0.82,0.18203629032258065,1.0,follow,0
1786524059.9038901,13.238799073533361,0.7036290322580645,4.54787185319299,0.0,0.0,-0.82,0.17332661290322582,1.0,follow,0
1786524059.9809365,13.130096078168902,0.6915322580645161,3.3927371007771656,0.0,0.0,-0.82,0.17223790322580645,1.0,follow,0
1786524060.0509953,13.124110459506873,0.457315668202765,4.5139918555979035,0.0,0.0,-0.82,0.15115841013824888,1.0,follow,0
1786524060.1266153,13.372615981391265,0.5524193548387096,8.013991855597904,0.0,0.0,-0.82,0.15971774193548388,1.0,follow,0
1786524060.2018225,13.286764431799448,0.5826612903225806,10.034523597836186,0.0,0.0,-0.82,0.1624395161290323,1.0,follow,0
1786524060.2859085,13.346067580923556,0.7278225806451613,8.601328219348584,0.0,0.0,-0.82,0.17550403225806452,1.0,follow,0
1786524060.3570776,13.047842283036976,0.7338709677419355,6.5080684954652925,0.0,0.0,-0.82,0.1760483870967742,1.0,follow,0
1786524060.428131,13.25921903996522,0.283352534562212,10.008068495465292,0.0,0.0,-0.82,0.1355017281105991,1.0,follow,0
1786524060.51101,13.352847872086315,0.3528341013824885,13.175941245573053,0.0,0.0,-0.82,0.14175506912442398,1.0,follow,0
1786524060.5803347,13.150193578929443,0.5173271889400921,9.675941245573053,0.0,0.0,-0.82,0.1565594470046083,1.0,follow,0
1786524060.6431563,13.364789536538446,0.1246774193548387,6.8143618096224925,0.0,0.0,-0.82,0.1212209677419355,1.0,follow,0
1786524060.7092488,13.907739930050461,0.24620967741935482,4.42933517625462,0.0,0.0,-0.82,0.12,1.0,avoid:white,0
1786524060.7631102,14.16598543991365,0.0,112.0,0.0,0.0,-0.6730418797493711,0.12,1.0,avoid:white,0
1786524060.8339314,15.032388171762793,0.31069124423963135,2.879067864565503,0.0,0.0,-0.55,0.12,1.0,avoid:white,0
1786524060.8953774,14.859750566079486,0.11081797235023041,1.8713941119675768,0.0,0.0,-0.55,0.12,1.0,avoid:white,0
1786524060.959275,15.138966365631637,0.316405529953917,5.371394111967577,0.0,0.0,-0.6884118842513544,0.13847649769585255,1.0,follow,0
1786524061.021136,15.201250104336145,0.31263824884792624,8.871394111967577,0.0,0.0,-0.82,0.13813744239631337,1.0,follow,0
1786524061.085835,15.328762500265926,0.33902073732718896,8.176235232607972,0.0,0.0,-0.82,0.140511866359447,1.0,follow,0
1786524061.1449084,15.44388748088828,0.2730184331797235,5.3145529011951815,0.0,0.0,-0.82,0.13457165898617515,1.0,follow,0
1786524061.208389,15.731877439706919,0.27516129032258063,8.814552901195182,0.0,0.0,-0.82,0.13476451612903226,1.0,follow,0
1786524061.2722688,15.760619394562145,0.37788018433179726,12.314552901195182,0.0,0.0,-0.7500094144999365,0.14400921658986177,1.0,follow,0
1786524061.342913,15.634572308764369,0.4409331797235023,15.814552901195182,0.0,0.0,-0.6684249222299008,0.14968398617511522,1.0,follow,0
1786524061.4140947,15.373231960075014,0.5455184331797235,12.314552901195182,0.0,0.0,-0.8184249222299007,0.15909665898617512,1.0,follow,0
1786524061.4891207,15.143717659412212,0.6794354838709677,8.832615397487393,0.0,0.0,-0.82,0.1711491935483871,1.0,follow,0
1786524061.5547638,14.770146411768607,0.0,223.0,0.0,0.0,-0.82,0.0,1.0,slow:lane_dropout,0
1786524061.6405385,14.87429994433959,0.8971774193548387,6.478357598416219,0.0,0.0,-0.82,0.04250890410003194,1.0,follow,0
1786524061.7063735,14.229478796409134,0.23672811059907836,9.978357598416217,0.0,0.0,-0.82,0.0983019654499003,1.0,follow,0
1786524061.777363,14.448478380222138,0.5100806451612904,13.478357598416217,0.0,0.0,-0.7481267546270367,0.1407177693999074,1.0,follow,0
1786524061.8507373,14.34275702880533,0.0,223.0,0.0,0.0,-0.7481267546270367,0.0,1.0,slow:lane_dropout,0
1786524061.9246962,14.185762695517033,0.20210829493087556,9.978357598416217,0.0,0.0,-0.82,0.04794293334989561,1.0,follow,0
1786524061.998371,14.052845904983911,0.4565552995391705,13.478357598416217,0.0,0.0,-0.82,0.09601566519982044,1.0,follow,0
1786524062.0623252,13.992228238899198,0.42455069124423966,16.978357598416217,0.0,0.0,-0.7130845746412801,0.14328922594991128,1.0,follow,0
1786524062.126859,14.307609111188778,0.4562672811059908,20.478357598416217,0.0,0.0,-0.6776951678683308,0.15106405529953917,1.0,follow,0
1786524062.192227,14.54869032481687,0.3874539170506912,23.978357598416217,0.0,0.0,-0.6866920904600913,0.14487085253456222,1.0,follow,0
1786524062.2629423,14.72176802054395,0.42512672811059904,20.478357598416217,0.0,0.0,-0.82,0.14826140552995393,1.0,follow,0
1786524062.3292296,14.58486511545002,0.37997695852534563,23.77032293728848,0.0,0.0,-0.7358254097540287,0.14419792626728112,1.0,follow,0
1786524062.3954988,14.689076227659916,0.0,0.8258976317800091,0.0,0.0,-0.7358254097540287,0.0,1.0,slow:lane_dropout,0
1786524062.4602137,14.78224391699394,0.4194585253456221,20.847008011180808,0.0,0.0,-0.82,0.04289037675025611,1.0,follow,0
1786524062.5244803,14.870879789173024,0.44745391705069126,24.347008011180808,0.0,0.0,-0.6949793255737736,0.08558212910002112,1.0,follow,0
1786524062.5919034,15.059287431247519,0.44517281105990786,20.847008011180808,0.0,0.0,-0.82,0.12668776185032585,1.0,follow,0
1786524062.6541739,14.978456357362173,0.41921658986175114,20.16289143721357,0.0,0.0,-0.82,0.14772949308755762,1.0,follow,0
1786524062.7206018,15.213272290200118,0.4221198156682028,23.66289143721357,0.0,0.0,-0.7007129089998054,0.14799078341013824,1.0,follow,0
1786524062.7855208,15.139213166032897,0.0,0.8961046066310097,0.0,0.0,-0.7007129089998054,0.0,1.0,slow:lane_dropout,0
1786524062.8519006,15.239934260213591,0.48588709677419356,27.16289143721357,0.0,0.0,-0.5568769384997561,0.041552613700014264,1.0,follow,0
1786524062.9252539,15.22882232780421,0.3297350230414746,27.721264049572955,0.0,0.0,-0.703833485818175,0.0843597768003292,1.0,follow,0
1786524062.997107,14.906281712669152,0.2512557603686636,24.221264049572955,0.0,0.0,-0.82,0.13209731405040656,1.0,follow,0
1786524063.0750685,14.698457372571946,0.3222119815668203,27.721264049572955,0.0,0.0,-0.703833485818175,0.13899907834101385,1.0,follow,0
1786524063.1451695,14.309783703158258,0.432073732718894,24.221264049572955,0.0,0.0,-0.82,0.14888663594470047,1.0,follow,0
1786524063.213219,14.256292018822325,0.0,0.0,0.0,0.0,-0.82,0.0,1.0,slow:lane_dropout,0
1786524063.283839,14.353821079548208,0.3652188940092166,20.721264049572955,0.0,0.0,-0.82,0.04408591720002732,1.0,follow,0
1786524063.3511875,14.383397476755514,0.0,0.0,0.0,0.0,-0.82,0.0,1.0,slow:lane_dropout,0
1786524063.421085,14.281687220513009,0.1772004608294931,24.221264049572955,0.0,0.0,-0.82,0.04684736615017755,1.0,follow,0
1786524063.4836314,14.467194903683609,0.3244470046082949,21.396527279839926,0.0,0.0,-0.82,0.08958458470033293,1.0,follow,0
1786524063.54103,14.772321941867,0.0,223.0,0.0,0.0,-0.82,0.0,1.0,slow:lane_dropout,0
1786524063.5946274,15.240521620330332,0.0,112.0,0.0,0.0,-0.82,0.0,1.0,slow:lane_dropout,0
1786524063.6594076,15.999638063525099,0.19782258064516128,17.896527279839926,0.0,0.0,-0.82,0.03414564270028677,1.0,follow,0
1786524063.7352238,15.904119487783488,0.0,3.038662230849795,0.0,0.0,-0.82,0.0,1.0,slow:lane_dropout,0
1786524063.8173954,15.347020554982599,0.6008064516129032,14.396527279839926,0.0,0.0,-0.7589591103442511,0.12,1.0,avoid:white,0
1786524063.8979342,14.719446019965606,0.872983870967742,10.896527279839926,0.0,0.0,-0.558959110344251,0.12,1.0,avoid:white,0
1786524063.97391,14.255931779219601,0.0,223.0,0.0,0.0,-0.55,0.12,1.0,avoid:white,0
1786524064.056263,14.046182805912066,0.34382488479262674,7.396527279839926,0.0,0.0,-0.7000000000000001,0.14094423963133643,1.0,follow,0
1786524064.1606376,13.66928975855933,0.9334677419354839,6.4204393826484845,0.0,0.0,-0.82,0.19401209677419357,1.0,follow,0
1786524064.2399113,12.844031323570547,0.41330645161290325,9.920439382648485,0.0,0.0,-0.82,0.1471975806451613,1.0,follow,0
1786524064.3351307,12.81274830322015,0.8971774193548387,8.706279247578976,0.0,0.0,-0.82,0.1907459677419355,1.0,follow,0
1786524064.4537618,12.33831452255377,0.8548387096774193,7.97675894778767,0.0,0.0,-0.82,0.18693548387096773,1.0,follow,0
1786524064.545808,11.56405896479707,0.0,53.56097560976019,0.0,0.0,-0.82,0.0,1.0,slow:lane_dropout,0
1786524064.6440825,11.420139959335756,0.8366935483870968,6.638711576274371,0.0,0.0018291089626339169,-0.82,0.059938416849990975,1.0,follow,0
1786524064.7595706,11.140865639364863,1.0,5.805186462100115,0.0,0.011105304415991639,-0.82,0.12478428885033283,1.0,follow,0
1786524064.8488715,10.659416120886991,0.3286290322580645,9.305186462100114,0.0,0.030833551084400314,-0.82,0.13957661290322582,1.0,follow,0
1786524064.9534929,10.784760683982702,0.0,0.0,0.5130102040816327,0.030441599163835903,-0.82,0.0,1.0,slow:lane_dropout,0
1786524065.0584378,10.518916526266525,0.4214516129032258,12.805186462100114,0.5200892857142858,0.04363731382283773,-0.82,0.06874276954995366,1.0,avoid,0
1786524065.150864,10.337354090423412,0.34723479262672813,16.305186462100114,0.5512117346938776,0.021426704990854455,-0.82,0.09,1.0,avoid,0
1786524065.2522898,10.423475024039508,0.8487903225806451,19.805186462100114,0.0,0.0,-0.82,0.15036427280023418,1.0,follow,0
1786524065.347737,10.288352152486743,0.8366935483870968,23.305186462100114,0.0,0.006401881369218709,-0.82,0.1853024193548387,1.0,follow,0
1786524065.4341629,10.35703349963513,0.0,0.0,0.0,0.011627906976744186,-0.7687804655503889,0.12,1.0,avoid:white,0
1786524065.5266435,10.567840873255456,0.3495391705069124,26.805186462100114,0.0,0.021426704990854455,-0.568780465550389,0.12,1.0,avoid:white,0
1786524065.6098247,10.655356228187516,0.0,0.0,0.6159119897959184,0.044813169584530965,-0.7937804655503888,0.0,1.0,neutral:obstacle,0
1786524065.676651,10.92901539508281,0.0,101.38103678933373,0.0,0.14711262085184218,-0.82,0.0,1.0,neutral:obstacle,0
1786524065.7259119,11.688132689912646,0.0,112.0,0.0,0.0,-0.82,0.0,1.0,neutral:obstacle,0
1786524065.8079584,13.46509362768369,0.0,42.558404229556174,0.0,0.0,-0.82,-0.11,1.0,reverse:obstacle,0
1786524065.9119976,13.222875028352062,1.0,30.305186462100114,0.0,0.0,-0.82,-0.11,1.0,reverse:obstacle,0
1786524066.019296,12.501044495840542,1.0,33.80518646210011,0.0,0.0,-0.82,-0.11,1.0,reverse:obstacle,0
1786524066.1456144,11.863401496707489,1.0,37.30518646210011,0.0,0.001567807682257643,-0.82,-0.11,1.0,reverse:obstacle,0
1786524066.2717953,11.074081236039108,1.0,40.80518646210011,0.0,0.0,-0.82,0.18,1.0,avoid:obstacle,0
1786524066.3901005,10.441759134756932,1.0,44.30518646210011,0.0,0.010844003135615364,-0.82,0.18,1.0,avoid:obstacle,0
1786524066.515968,10.027876750907629,1.0,47.80518646210011,0.0,0.0,-0.82,0.18,1.0,avoid:obstacle,0
1786524066.6306593,9.60909257020208,0.0,78.09119160814956,0.0,0.014240919780506924,-0.82,0.18,1.0,avoid:obstacle,0
1786524066.7530622,9.443367760582731,0.0,90.02069346270719,0.0,0.01646198066370525,-0.82,0.18,1.0,avoid:obstacle,0
1786524066.8759239,9.16367648718427,1.0,51.30518646210011,0.0,0.0,-0.82,0.18,1.0,avoid:obstacle,0
1786524066.9930296,8.977337209112273,1.0,54.80518646210011,0.0,0.0,-0.82,0.18,1.0,avoid:obstacle,0
1786524067.1079216,8.908471469637316,1.0,58.30518646210011,0.0,0.0,-0.82,0.18,1.0,avoid:obstacle,0
1786524067.2277377,8.85797621992887,1.0,59.881718758116136,0.0,0.0,-0.82,0.18,1.0,avoid:obstacle,0
1786524067.3418324,8.757104967973651,1.0,62.58596747846763,0.0,0.0,-0.82,0.18,1.0,avoid:obstacle,0
1786524067.4540455,8.72821865625733,1.0,66.08596747846764,0.0,0.0,-0.82,0.18,1.0,avoid:obstacle,0
1786524067.5756884,8.8059380283625,1.0,69.58596747846764,0.0,0.0,-0.82,0.18,1.0,avoid:obstacle,0
1786524067.6788003,8.683945424191988,0.9032258064516129,73.08596747846764,0.0,0.0,-0.82,0.18,1.0,avoid:obstacle,0
1786524067.7854097,8.89232784837127,1.0,69.78219420260919,0.0,0.0,-0.82,0.18,1.0,avoid:obstacle,0
1786524067.8908205,8.991692027292094,1.0,66.28219420260919,0.0,0.0,-0.82,0.18,1.0,avoid:obstacle,0
1786524068.0085914,9.09112262736913,1.0,62.78219420260919,0.0,0.0,-0.82,0.18,1.0,avoid:obstacle,0
1786524068.111831,8.965349362234932,1.0,60.05881650332908,0.0,0.0,-0.82,0.18,1.0,avoid:obstacle,0
1786524068.2201955,9.11683337481404,1.0,63.55881650332908,0.0,0.007577737130911941,-0.82,0.18,1.0,avoid:obstacle,0
1786524068.3201442,9.118371367293536,0.9455645161290323,60.9327239978873,0.0,0.0,-0.82,0.18,1.0,avoid:obstacle,0
1786524068.4199185,9.310747597661301,0.8487903225806451,57.4327239978873,0.0,0.0,-0.82,0.18639112903225807,1.0,follow,0
1786524068.529817,9.459785064393845,1.0,53.9327239978873,0.0,0.0,-0.82,0.2,1.0,follow,0
1786524068.6477807,9.384322709463797,1.0,50.4327239978873,0.0,0.0,-0.82,0.12,1.0,avoid:white,0
1786524068.7598484,9.19289468396365,1.0,46.9327239978873,0.0,0.0,-0.6249999999999999,0.12,1.0,avoid:white,0
1786524068.872392,9.1560509010021,1.0,43.4327239978873,0.0,0.0,-0.7749999999999999,0.19215266890007116,1.0,follow,0
1786524068.9803226,9.10194702093957,1.0,39.9327239978873,0.0,0.0,-0.82,0.2,1.0,follow,0
1786524069.0899615,9.11590603109804,1.0,36.4327239978873,0.0,0.0,-0.82,0.2,1.0,follow,0
1786524069.2055042,9.127732445172262,1.0,32.9327239978873,0.0,0.0,-0.82,0.2,1.0,follow,0
1786524069.3164005,9.030929154723609,1.0,29.4327239978873,0.0,0.0,-0.82,0.12,1.0,avoid:white,0
1786524069.4201975,9.005866383136967,0.0,4.294856090743664,0.0,0.0,-0.6249999999999999,0.12,1.0,avoid:white,0
1786524069.524054,9.169027376687344,0.0,35.977478188447776,0.0,0.0,-0.55,0.12,1.0,avoid:white,0
1786524069.641242,9.26124920194379,1.0,25.9327239978873,0.0,0.0,-0.7000000000000001,0.18749644719984643,1.0,follow,0
1786524069.7523081,9.115595325088037,0.0,0.0,0.0,0.0,-0.7000000000000001,0.0,1.0,slow:lane_dropout,0
1786524069.8555675,9.082222988986818,1.0,22.4327239978873,0.0,0.0,-0.82,0.07263597574988126,1.0,follow,0
1786524069.9625237,9.208965450570052,0.0,1.9289952627246691,0.0,0.0,-0.82,0.0,1.0,slow:lane_dropout,0
1786524070.0518696,9.241454984628005,0.0,136.44705177215275,0.0,0.0,-0.65,0.12,1.0,avoid:white,0
1786524070.1484609,9.6252393345361,0.0,0.0,0.0,0.0,-0.55,0.12,1.0,avoid:white,0
1786524070.2308843,9.738605024574655,0.0,72.15420143373285,0.0,0.0,-0.55,0.12,1.0,avoid:white,0
1786524070.3161323,10.221847808319623,0.0,172.1919374890415,0.0,0.0,-0.55,0.0,1.0,slow:lane_dropout,0
1786524070.399916,10.531336735632971,0.0,0.0,0.0,0.0,-0.55,0.0,1.0,slow:lane_dropout,0
1786524070.5004022,10.845202661126255,0.0,4.101438991360169,0.0,0.0,-0.35000000000000003,0.1,1.0,reacquire:road,0
1786524070.5736923,10.67076897129985,0.0,130.24666125003614,0.0,0.0,-0.15000000000000002,0.1,1.0,reacquire:road,0
1786524070.6635716,11.244264168998562,0.0,0.597714391966548,0.0,0.0,0.049999999999999975,0.1,1.0,reacquire:road,0
1786524070.7491174,11.195475900494168,0.0,0.0,0.0,0.0,-0.15000000000000002,0.12,1.0,avoid:white,0
1786524070.8363514,11.281364757071247,0.0,119.93164788689842,0.0,0.0,-0.35000000000000003,0.12,1.0,avoid:white,0
1786524070.9345381,11.376283971746336,0.0,17.37961563383186,0.0,0.0,-0.55,0.12,1.0,avoid:white,0
1786524071.034953,11.112177275099715,1.0,31.32153620026625,0.0,0.0,-0.7000000000000001,0.18463963090000107,1.0,follow,0
1786524071.1232128,10.902832992234742,0.0,5.326431022230793,0.0,0.0,-0.7000000000000001,0.0,1.0,slow:lane_dropout,0
1786524071.2227442,10.990270367847861,0.872983870967742,27.82153620026625,0.0,0.0,-0.82,0.057319123549541474,1.0,follow,0
1786524071.3157852,10.803831035936586,0.8487903225806451,24.32153620026625,0.0,0.0,-0.82,0.12194382394959577,1.0,follow,0
1786524071.408961,10.781410307026794,0.0,93.28545105765454,0.0,0.0,-0.82,0.0,1.0,slow:lane_dropout,0
1786524071.5025446,10.748020414046808,0.0,2.392514137968348,0.0,0.0,-0.8,0.12,1.0,avoid:white,0
1786524071.5948484,10.763457108204745,0.8487903225806451,21.855477191588246,0.0,0.0,-0.6,0.12,1.0,avoid:white,0
1786524071.6859834,10.75489486469146,0.0,0.0,0.0,0.0,-0.55,0.12,1.0,avoid:white,0
1786524071.7867033,10.785255043562286,0.0,1.0454431491434946,0.0,0.0,-0.55,0.0,1.0,slow:lane_dropout,0
1786524071.878408,10.632476361775725,0.8185483870967742,18.355477191588246,0.0,0.0,-0.7000000000000001,0.0648614453502887,1.0,follow,0
1786524071.9606278,10.709048473029164,0.7399193548387096,14.855477191588246,0.0,0.0,-0.82,0.12387008074983896,1.0,follow,0
1786524072.0538514,10.987289703783677,0.872983870967742,13.772880026793798,0.0,0.0,-0.82,0.1775879586001338,1.0,follow,0
1786524072.1478586,10.935133684288333,0.8850806451612904,15.095100332037493,0.0,0.0,-0.82,0.18965725806451614,1.0,follow,0
1786524072.2357166,10.885400303494519,0.7943548387096775,11.595100332037493,0.0,0.0,-0.82,0.181491935483871,1.0,follow,0
1786524072.3226051,10.971858911783725,0.0,199.20149754992053,0.0,0.0,-0.82,0.12,1.0,avoid:white,0
1786524072.4079962,11.090268757581576,0.0,193.77643656583552,0.0,0.0,-0.6249999999999999,0.12,1.0,avoid:white,0
1786524072.5011714,11.202245350525384,0.685483870967742,15.095100332037493,0.0,0.0,-0.55,0.12,1.0,avoid:white,0
1786524072.5949678,11.086843064639538,0.8306451612903225,18.595100332037493,0.0,0.0,-0.7000000000000001,0.1811751237503995,1.0,follow,0
1786524072.6936686,11.026429165562503,0.842741935483871,18.743322557280138,0.0,0.0,-0.82,0.1858467741935484,1.0,follow,0
1786524072.80578,10.855475888219672,0.969758064516129,21.41466813427298,0.0,0.0,-0.82,0.1972782258064516,1.0,follow,0
1786524072.8953614,10.45164952254462,0.8487903225806451,20.22968704054946,0.0,0.0,-0.82,0.18639112903225807,1.0,follow,0
1786524072.9936428,10.609618611226528,1.0,22.694889653964793,0.0,0.0,-0.82,0.2,1.0,follow,0
1786524073.1013105,10.521858255895557,1.0,26.194889653964793,0.0,0.0,-0.82,0.2,1.0,follow,0
1786524073.2043912,10.282740495759063,1.0,28.02925691652372,0.0,0.0,-0.82,0.2,1.0,follow,0
1786524073.3091376,10.15721840682542,1.0,28.506490154218927,0.0,0.0,-0.82,0.2,1.0,follow,0
1786524073.415841,10.036032970781987,1.0,29.8567223890493,0.0,0.0,-0.82,0.2,1.0,follow,0
1786524073.521217,9.908147711597213,1.0,33.356722389049295,0.0,0.0,-0.82,0.2,1.0,follow,0
1786524073.6188784,9.820424294320466,0.8850806451612904,34.723899008391825,0.0,0.0,-0.82,0.18965725806451614,1.0,follow,0
1786524073.7208238,9.90845374011826,1.0,33.83906969357743,0.0,0.0,-0.82,0.2,1.0,follow,0
1786524073.823466,9.883265614904786,0.8971774193548387,33.86637561431477,0.0,0.0,-0.82,0.12,1.0,avoid:white,0
1786524073.9191668,9.848902171000015,0.8971774193548387,32.01819482021633,0.0,0.0,-0.6249999999999999,0.12,1.0,avoid:white,0
1786524074.0184097,9.975678754090382,0.8971774193548387,28.51819482021633,0.0,0.0,-0.55,0.12,1.0,avoid:white,0
1786524074.1172793,10.00345020209038,0.9092741935483871,27.380710088591414,0.0,0.0,-0.7000000000000001,0.18426394650034128,1.0,follow,0
1786524074.223253,10.016268284295737,0.8790322580645161,30.700288109009897,0.0,0.0,-0.82,0.18911290322580646,1.0,follow,0
1786524074.3281953,9.889648577433231,0.9455645161290323,27.200288109009897,0.0,0.0,-0.82,0.19510080645161293,1.0,follow,0
1786524074.424239,9.810307947293467,0.8004032258064516,30.700288109009897,0.0,0.0,-0.82,0.18203629032258065,1.0,follow,0
1786524074.5247102,9.922109868719227,0.9576612903225807,34.1844319513767,0.0,0.0,-0.82,0.19618951612903227,1.0,follow,0
1786524074.620773,9.930167896870572,0.939516129032258,37.6844319513767,0.0,0.0,-0.82,0.19455645161290325,1.0,follow,0
1786524074.7093432,10.057755579319808,0.8790322580645161,41.1844319513767,0.0,0.0013065064018813691,-0.725,0.18911290322580646,1.0,follow,0
1786524074.816716,10.250039356534266,1.0,44.6844319513767,0.0,0.0,-0.7789662016787969,0.2,1.0,follow,0
1786524074.9212558,10.089446874413287,1.0,48.1844319513767,0.0,0.0,-0.7663482588457873,0.2,1.0,follow,0
1786524075.0264544,9.98138727401871,1.0,49.49805834446126,0.0,0.0,-0.7267063202536811,0.2,1.0,follow,0
1786524075.1444101,9.870114025461021,1.0,47.25376033751505,0.0,0.003919519205644107,-0.6610285773880842,0.2,1.0,follow,0
1786524075.244783,9.571400051408693,1.0,43.75376033751505,0.0,0.0001306506401881369,-0.7430301785979871,0.26559678825633076,1.0,follow,0
1786524075.3515172,9.70955244391763,1.0,40.25376033751505,0.0,0.0,-0.7260959462507944,0.32893626770678186,1.0,follow,0
1786524075.444132,9.633866709734448,1.0,36.75376033751505,0.0,0.0,-0.7819974757796794,0.28350805651242683,1.0,follow,0
1786524075.5591104,9.864054129844629,1.0,33.25376033751505,0.0,0.08544551868304155,-0.82,0.2,1.0,follow,0
1786524075.6808577,9.646360983511563,1.0,29.885790095227968,0.0,0.03932584269662921,-0.82,0.2,1.0,follow,0
1786524075.7964957,9.361495868492822,1.0,29.213770995698816,0.0,0.0,-0.82,0.2,1.0,follow,0
1786524075.9113925,9.213174444521385,0.0,38.13633087225938,0.0,0.0014371570420695062,-0.82,0.0,1.0,slow:lane_dropout,0
1786524076.0311046,9.105372372031237,1.0,32.713770995698816,0.0,0.0,-0.7189181025364931,0.0749351746001139,1.0,follow,0
1786524076.147048,8.963010164158991,1.0,35.423386566584846,0.0,0.0,-0.7244415763500018,0.15237548560016878,1.0,follow,0
1786524076.2621822,8.89775313150301,1.0,33.918289119591215,0.0,0.0,-0.7991557569485576,0.2,1.0,follow,0
1786524076.3681316,8.825612688449361,1.0,31.83665679825058,0.0,0.0,-0.82,0.2530905616446705,1.0,follow,0
1786524076.4777532,8.97369409524414,0.78,35.33665679825058,0.0,0.0,-0.7664506624443845,0.09,1.0,avoid,0
1786524076.5687664,9.012611704385284,0.6673387096774193,38.83665679825058,0.0,0.0,-0.6164506624443845,0.16089659654961908,1.0,follow,0
1786524076.6816926,9.40962336803444,1.0,42.33665679825058,0.0,0.0,-0.5114830201751459,0.2,1.0,follow,0
1786524076.781899,9.299855427328932,0.4798387096774194,45.83665679825058,0.0,0.0,-0.6089702135446063,0.15318548387096775,1.0,follow,0
1786524076.8851166,9.433179355901324,0.7641129032258064,49.33665679825058,0.0,0.0,-0.5593500609670307,0.17877016129032258,1.0,follow,0
1786524077.0040753,9.487053671436339,0.7943548387096775,52.83665679825058,0.0,0.0,-0.5420068921105268,0.181491935483871,1.0,follow,0
1786524077.1016247,9.263505819315075,0.48588709677419356,56.33665679825058,0.0,0.0,-0.6920068921105267,0.15372983870967744,1.0,follow,0
1786524077.205092,9.4706786418438,0.6008064516129032,59.83665679825058,0.0,0.0,-0.5420068921105268,0.16407258064516128,1.0,follow,0
1786524077.2989645,9.474583945320942,0.0,53.41983364630539,0.0,0.032662660047034234,-0.5420068921105268,0.0,1.0,slow:lane_dropout,0
1786524077.3777792,9.74412092508303,0.4435483870967742,56.33665679825058,0.0,0.0001306506401881369,-0.5629439383142811,0.06006134289968941,1.0,follow,0
1786524077.461744,10.344780043941368,0.5221774193548387,52.83665679825058,0.0,0.014240919780506924,-0.6355413793779452,0.11105206709953563,1.0,follow,0
1786524077.568189,10.623906393838652,0.45564516129032256,49.33665679825058,0.0,0.023909067154429055,-0.7855413793779452,0.15100806451612905,1.0,follow,0
1786524077.6608286,10.39349093865434,0.5524193548387096,46.46284162474536,0.0,0.030441599163835903,-0.6355413793779452,0.15971774193548388,1.0,follow,0
1786524077.7563856,10.418160951203685,0.49193548387096775,48.04790850073983,0.0,0.0399790958975699,-0.48554137937794517,0.15427419354838712,1.0,follow,0
1786524077.8518333,10.493240484968563,0.7157258064516129,51.54790850073983,0.0,0.04206950614058009,-0.536458524051676,0.17441532258064518,1.0,follow,0
1786524077.9363654,10.489992761008208,0.594758064516129,48.04790850073983,0.0,0.03932584269662921,-0.6864585240516761,0.16352822580645163,1.0,follow,0
1786524078.0293224,10.742452388896913,0.5705645161290323,44.54790850073983,0.0,0.04063234909851058,-0.6713053133650094,0.16135080645161293,1.0,follow,0
1786524078.1375704,10.757452292649546,0.5766129032258065,41.04790850073983,0.0,0.03736608309380716,-0.7421706170197501,0.1618951612903226,1.0,follow,0
1786524078.231002,10.434326513299851,0.4375,37.54790850073983,0.0,0.03344656388816305,-0.82,0.149375,1.0,follow,0
1786524078.323254,10.511782031302642,0.5342741935483871,34.50528263375898,0.0,0.035536974131173245,-0.7456847272444244,0.15808467741935486,1.0,follow,0
1786524078.4129465,10.57176958772018,0.467741935483871,31.00528263375898,0.0,0.043376012542461456,-0.82,0.1520967741935484,1.0,follow,0
1786524078.5127535,10.65809928834954,0.6491935483870968,27.50528263375898,0.0,0.0484713875097988,-0.82,0.16842741935483874,1.0,follow,0
1786524078.611558,10.56268360929585,0.5282258064516129,31.00528263375898,0.0,0.041938855500391954,-0.7707060241006416,0.15754032258064518,1.0,follow,0
1786524078.7203248,10.472120994347742,0.0,19.85194396798073,0.0,0.0389338907760648,-0.7707060241006416,0.0,1.0,slow:lane_dropout,0
1786524078.8190954,10.21826760138322,0.655241935483871,27.50528263375898,0.0,0.04638097726678861,-0.82,0.07063026295045348,1.0,follow,0
1786524078.9167318,10.16169957533429,0.842741935483871,31.00528263375898,0.5552933673469388,0.03527567285079697,-0.8016706054113337,0.13605271225001161,1.0,follow,0
1786524079.0201511,10.181069372013651,0.7580645161290323,34.50528263375898,0.49642857142857144,0.03253200940684609,-0.7107379820626567,0.1782258064516129,1.0,follow,0
1786524079.1149876,10.111338505591425,0.6068548387096775,38.00528263375898,0.558577806122449,0.026130128037627383,-0.7421186494728166,0.22258948656275113,1.0,follow,0
1786524079.2048304,10.19540763985768,0.5221774193548387,41.50528263375898,0.0,0.02874314084139012,-0.6810288127089931,0.1569959677419355,1.0,follow,0
1786524079.2895374,10.385652951036377,0.5161290322580645,38.00528263375898,0.0,0.023255813953488372,-0.7732904400557588,0.15645161290322582,1.0,follow,0
1786524079.3882143,10.591030804726794,0.7883064516129032,34.50528263375898,0.0,0.030441599163835903,-0.82,0.1809475806451613,1.0,follow,0
1786524079.4940076,10.547048870182191,0.7943548387096775,31.00528263375898,0.0,0.033707865168539325,-0.82,0.18963722800473076,1.0,follow,0
1786524079.5932791,10.334258902391657,0.7762096774193549,34.50528263375898,0.4769132653061225,0.03566762477136138,-0.7490709272855129,0.17985887096774195,1.0,follow,0
1786524079.6827657,10.265120798557517,0.40258064516129033,38.00528263375898,0.4869260204081633,0.03200940684609355,-0.599070927285513,0.09,1.0,avoid,0
1786524079.7792208,10.474835027242705,0.5463709677419355,41.50528263375898,0.5274553571428571,0.030310948523647765,-0.6941714422526504,0.1474525100500523,1.0,follow,0
1786524079.8827083,10.4518548959925,0.5342741935483871,38.00528263375898,0.0,0.0339691664489156,-0.7844397219399936,0.15808467741935486,1.0,follow,0
1786524079.9834223,10.288657622035856,0.5040322580645161,41.50528263375898,0.5042410714285714,0.035145022210608834,-0.6344397219399935,0.15536290322580648,1.0,follow,0
1786524080.0954757,10.221299259748337,0.4544758064516129,45.00528263375898,0.5528061224489796,0.042330807420956365,-0.48774424790726023,0.09,1.0,avoid,0
1786524080.200348,9.957799872291545,0.7762096774193549,48.50528263375898,0.5586734693877551,0.04311471126208519,-0.5768020286462862,0.16300251920014489,1.0,follow,0
1786524080.300026,9.86972572383359,0.4798387096774194,45.00528263375898,0.0,0.04716488110791743,-0.7268020286462862,0.15318548387096775,1.0,follow,0
1786524080.4103475,9.910180192392755,0.782258064516129,48.50528263375898,0.5663265306122449,0.04402926574340214,-0.6205041464627756,0.18040322580645163,1.0,follow,0
1786524080.5230515,9.744116511547121,0.49193548387096775,45.08460946735271,0.0,0.04533577214528351,-0.6212178519632625,0.15427419354838712,1.0,follow,0
1786524080.634849,9.569471534040494,0.5705645161290323,41.58460946735271,0.0,0.04455186830415469,-0.7101697029745203,0.16135080645161293,1.0,follow,0
1786524080.7363632,9.443420722801571,0.4314516129032258,38.08460946735271,0.0,0.04363731382283773,-0.82,0.14883064516129033,1.0,follow,0
1786524080.8290334,9.512392231958447,0.564516129032258,34.58460946735271,0.0,0.044421217663966554,-0.7831954904435896,0.16080645161290322,1.0,follow,0
1786524080.934784,9.786944313097367,0.6008064516129032,31.56148358802882,0.0,0.04455186830415469,-0.8087048057938271,0.16407258064516128,1.0,follow,0
1786524081.042947,9.681156238979714,0.3884274193548387,35.06148358802882,0.0,0.04220015678076822,-0.7351735115751661,0.09,1.0,avoid,0
1786524081.136377,9.629981022865799,0.5040322580645161,34.87300009254592,0.0,0.045466422785471645,-0.7649209417510823,0.15536290322580648,1.0,follow,0
1786524081.2486732,9.845032019252292,0.7217741935483871,31.373000092545922,0.0,0.04468251894434283,-0.82,0.17495967741935484,1.0,follow,0
1786524081.344321,9.638408345584244,0.6491935483870968,27.873000092545922,0.0,0.042984060621897045,-0.82,0.16842741935483874,1.0,follow,0
1786524081.4700158,9.829038680887601,0.7762096774193549,24.373000092545922,0.0,0.042330807420956365,-0.82,0.17985887096774195,1.0,follow,0
1786524081.5668507,9.45173471419142,0.5100806451612904,24.6276805556972,0.0,0.042592108701332634,-0.82,0.15590725806451614,1.0,follow,0
1786524081.6624484,9.633208085517524,0.6491935483870968,21.1276805556972,0.0,0.04220015678076822,-0.82,0.16842741935483874,1.0,follow,0
1786524081.7748833,9.790960019856374,0.752016129032258,24.6276805556972,0.5487882653061225,0.0364515286124902,-0.82,0.17768145161290325,1.0,follow,0
1786524081.8830607,9.589022358103964,0.782258064516129,28.1276805556972,0.5673469387755103,0.0414162529396394,-0.82,0.18040322580645163,1.0,follow,0
1786524081.9847803,9.548941130913992,0.6714919354838711,31.6276805556972,0.561702806122449,0.04180820486020381,-0.6991702943607269,0.09,1.0,avoid,0
1786524082.079953,9.588148147492126,0.5403225806451613,35.1276805556972,0.0,0.04167755422001568,-0.7456200719749444,0.15670103505016414,1.0,follow,0
1786524082.1799314,9.783567572121246,0.7943548387096775,38.6276805556972,0.49068877551020407,0.04180820486020381,-0.6889649565543006,0.181491935483871,1.0,follow,0
1786524082.2719269,9.83779563101449,0.5524193548387096,35.1276805556972,0.0,0.042592108701332634,-0.82,0.15971774193548388,1.0,follow,0
1786524082.365857,10.032306527732665,0.5705645161290323,32.70584349268373,0.0,0.04389861510321401,-0.8165539922404323,0.16135080645161293,1.0,follow,0
1786524082.4562683,10.155543869836652,0.4737903225806452,36.20584349268373,0.0,0.042330807420956365,-0.6665539922404323,0.15264112903225807,1.0,follow,0
1786524082.560449,10.348778550866594,0.594758064516129,32.70584349268373,0.0,0.041938855500391954,-0.8165539922404323,0.16352822580645163,1.0,follow,0
1786524082.6644475,10.19909745018612,0.5403225806451613,29.205843492683726,0.0,0.04402926574340214,-0.82,0.15862903225806455,1.0,follow,0
1786524082.7624087,10.073841207055747,0.5282258064516129,30.963606178187828,0.0,0.04324536190227332,-0.8165539922404323,0.15754032258064518,1.0,follow,0
1786524082.8695147,10.098772827069444,0.5524193548387096,29.255741559454062,0.0,0.044421217663966554,-0.82,0.15971774193548388,1.0,follow,0
1786524082.9632866,9.946186773431721,0.6129032258064516,25.755741559454062,0.0,0.03958714397700549,-0.82,0.16516129032258065,1.0,follow,0
1786524083.045913,10.088192973995898,0.49193548387096775,29.011753515573567,0.0,0.043376012542461456,-0.82,0.15427419354838712,1.0,follow,0
1786524083.1377525,10.47633035862826,0.5584677419354839,30.15770839021448,0.0,0.04220015678076822,-0.82,0.16026209677419356,1.0,follow,0
1786524083.2261336,10.583669179967576,0.5161290322580645,26.65770839021448,0.0,0.04285340998170891,-0.82,0.15645161290322582,1.0,follow,0
1786524083.3179972,10.69327773437568,0.4435483870967742,30.15770839021448,0.0,0.04389861510321401,-0.8156422776846873,0.1499193548387097,1.0,follow,0
1786524083.4243038,10.600136078419474,0.6794354838709677,33.65770839021448,0.492984693877551,0.04128560229945127,-0.7055587083011474,0.1711491935483871,1.0,follow,0
1786524083.5242417,10.49131479942051,0.8608870967741936,37.15770839021448,0.5588647959183674,0.0399790958975699,-0.8008396573323319,0.18747983870967744,1.0,follow,0
1786524083.6165264,10.398616981963968,0.49798387096774194,40.65770839021448,0.0,0.04115495165926313,-0.6629963143436245,0.1548185483870968,1.0,follow,0
1786524083.7129426,10.468416645107887,0.5282258064516129,37.15770839021448,0.0,0.03919519205644108,-0.7884424904041591,0.15754032258064518,1.0,follow,0
1786524083.8030474,10.455460668447401,0.4495967741935484,33.65770839021448,0.0,0.042722759341520776,-0.82,0.15046370967741937,1.0,follow,0
1786524083.8936126,10.604437460779117,0.4798387096774194,35.25213295063024,0.0,0.03501437157042069,-0.7212740272742626,0.15318548387096775,1.0,follow,0
1786524084.0075955,10.680511744045459,0.7217741935483871,38.75213295063024,0.49598214285714287,0.03671282989286648,-0.6849559372733689,0.17495967741935484,1.0,follow,0
1786524084.1000106,10.303251587412113,0.7762096774193549,42.25213295063024,0.6852678571428572,0.038411288215312256,-0.82,0.18,1.0,avoid:obstacle,0
1786524084.2023337,10.40722342571512,0.5524193548387096,45.75213295063024,0.521875,0.042984060621897045,-0.82,0.18,1.0,avoid:obstacle,0
1786524084.2999496,10.273467122239909,0.5342741935483871,49.25213295063024,0.4949298469387755,0.04429056702377842,-0.82,0.18,1.0,avoid:obstacle,0
1786524084.390073,10.269514795116912,0.5040322580645161,45.75213295063024,0.0,0.04716488110791743,-0.82,0.18,1.0,avoid:obstacle,0
1786524084.4801037,10.414973260311612,0.4387903225806452,49.25213295063024,0.47461734693877555,0.04455186830415469,-0.82,0.18,1.0,avoid:obstacle,0
1786524084.5665708,10.5767355211038,0.5100806451612904,52.75213295063024,0.48839285714285713,0.040893650378886856,-0.82,0.18,1.0,avoid:obstacle,0
1786524084.660039,10.768384224790735,0.467741935483871,56.25213295063024,0.49288903061224487,0.03566762477136138,-0.82,0.18,1.0,avoid:obstacle,0
1786524084.741905,10.75610917249978,0.5342741935483871,59.75213295063024,0.6795918367346939,0.03566762477136138,-0.82,0.18,1.0,avoid:obstacle,0
1786524084.8360631,10.993048440097063,0.41201612903225804,63.25213295063024,0.521875,0.04102430101907499,-0.82,0.18,1.0,avoid:obstacle,0
1786524084.9304962,10.947348290925927,0.5342741935483871,66.75213295063024,0.48086734693877553,0.04115495165926313,-0.82,0.18,1.0,avoid:obstacle,0
1786524085.0156136,10.89123215042598,0.45564516129032256,63.25213295063024,0.0,0.04102430101907499,-0.82,0.18,1.0,avoid:obstacle,0
1786524085.1245778,11.049818012155542,0.6148790322580645,66.75213295063024,0.5132015306122448,0.04063234909851058,-0.82,0.18,1.0,avoid:obstacle,0
1786524085.2213929,10.682043773668758,0.7157258064516129,70.25213295063024,0.0,0.03880324013587667,-0.82,0.18,1.0,avoid:obstacle,0
1786524085.303463,10.595107543622554,0.5040322580645161,73.75213295063024,0.49633290816326536,0.037627384374183434,-0.82,0.18,1.0,avoid:obstacle,0
1786524085.4103699,10.944353494785878,0.49193548387096775,77.25213295063024,0.5207908163265307,0.04024039717794617,-0.82,0.18,1.0,avoid:obstacle,0
1786524085.5175176,10.607458661467424,0.7943548387096775,80.75213295063024,0.4893176020408163,0.04703423046772929,-0.82,0.18,1.0,avoid:obstacle,0
1786524085.6111069,10.366643139104687,0.5040322580645161,77.25213295063024,0.0,0.0048340736869610665,-0.82,0.18,1.0,avoid:obstacle,0
1786524085.7493968,10.394157981021717,1.0,74.80053082530797,0.0,0.0,-0.82,0.18,1.0,avoid:obstacle,0
1786524085.8798382,9.78490246039709,1.0,78.30053082530797,0.0,0.0,-0.82,0.18,1.0,avoid:obstacle,0
1786524085.9922037,9.360167857042999,1.0,81.80053082530797,0.0,0.0,-0.82,0.18,1.0,avoid:obstacle,0
1786524086.076317,9.268553746931245,0.0,5.5985864659545825,0.0,0.09498301541677555,-0.82,0.18,1.0,avoid:obstacle,0
1786524086.1805108,9.757646257944096,1.0,78.30053082530797,0.0,0.0,-0.775,0.2,1.0,follow,0
1786524086.3055825,9.738257470292368,0.8548387096774193,74.80053082530797,0.0,0.017899137705774757,-0.625,0.18693548387096773,1.0,follow,0
1786524086.4320228,9.38062981053687,0.5403225806451613,75.46173061693413,0.0,0.0,-0.475,0.15862903225806455,1.0,follow,0
1786524086.5416489,9.096634025386379,0.0,201.57127647127925,0.0,0.0,-0.475,0.0,1.0,slow:lane_dropout,0
1786524086.6745827,9.068267644867642,0.872983870967742,71.96173061693413,0.0,0.0,-0.625,0.07258675189991663,1.0,follow,0
1786524086.7881825,8.785538665497805,0.22620967741935483,75.46173061693413,0.0,0.0,-0.475,0.13035887096774196,1.0,follow,0
1786524086.8811002,8.774587430214387,0.26430875576036866,78.96173061693413,0.0,0.0,-0.325,0.20480809711819667,1.0,follow,0
1786524087.0058613,9.189038161246355,0.0,10.655691226691438,0.0,0.0,-0.325,0.0,1.0,slow:lane_dropout,0
1786524087.117386,8.939898585172147,0.782258064516129,75.46173061693413,0.0,0.0,-0.31160266210492216,0.08,1.0,follow,0
1786524087.213262,8.949203106940827,0.11539170506912441,78.96173061693413,0.0,0.0,-0.16160266210492216,0.1203852534562212,1.0,follow,0
1786524087.307244,9.256976572246463,0.13534562211981566,82.46173061693413,0.0,0.0,-0.17107421508972376,0.12218110599078343,1.0,follow,0
1786524087.406897,9.548633487286839,0.14320276497695852,85.96173061693413,0.0,0.0,-0.021074215089723763,0.12288824884792629,1.0,follow,0
1786524087.5070474,9.644461454252518,0.11539170506912441,89.46173061693413,0.0,0.0,-0.17107421508972376,0.1203852534562212,1.0,follow,0
1786524087.6187704,9.714976239232254,0.8245967741935484,85.96173061693413,0.0,0.0,-0.29884288492143724,0.1854045292062675,1.0,follow,0
1786524087.7427878,9.538348272054833,0.8245967741935484,82.46173061693413,0.0,0.0,-0.342755365353187,0.18421370967741937,1.0,follow,0
1786524087.861995,9.257000983405858,0.7580645161290323,78.96173061693413,0.0,0.0,-0.31276203079225107,0.26414866152756517,1.0,follow,0
1786524087.980292,9.087294974555038,0.0,223.0,0.0,0.0,-0.31276203079225107,0.014148661527565165,1.0,slow:lane_dropout,0
1786524088.0935931,8.959765983330364,0.0,223.0,0.0,0.0,-0.31276203079225107,0.0,1.0,slow:lane_dropout,0
1786524088.2112942,8.936111102273486,0.37402073732718893,82.46173061693413,0.0,0.0,-0.4627620307922511,0.07351700719977998,1.0,follow,0
1786524088.3373697,8.840067019337244,0.782258064516129,78.96173061693413,0.0,0.0,-0.31276203079225107,0.1503864966497531,1.0,follow,0
1786524088.4727902,8.666453928504891,0.8366935483870968,75.46173061693413,0.0,0.0,-0.2502010865545605,0.1853024193548387,1.0,follow,0
1786524088.6048653,8.40470975529127,0.8185483870967742,71.96173061693413,0.0,0.0,-0.32032588702209885,0.18366935483870972,1.0,follow,0
1786524088.7346334,8.22770345719762,0.872983870967742,68.46173061693413,0.0,0.0,-0.3175901391241054,0.1885685483870968,1.0,follow,0
1786524088.8553963,8.132532924002836,0.8487903225806451,64.96173061693413,0.0,0.0,-0.3212342306704987,0.18639112903225807,1.0,follow,0
1786524088.980549,8.167853294919457,1.0,61.46173061693413,0.0,0.0,-0.31272092995666423,0.2,1.0,follow,0
1786524089.1089487,8.128896794723493,0.8548387096774193,57.96173061693413,0.0,0.0,-0.46272092995666425,0.23108625049866216,1.0,follow,0
1786524089.2227807,8.05091856101193,0.9939516129032258,61.46173061693413,0.0,0.0026130128037627383,-0.3330427920966731,0.23614750604964452,1.0,follow,0
1786524089.3292499,8.190624916343141,1.0,64.96173061693413,0.0,0.0056179775280898875,-0.44178692098878347,0.2,1.0,follow,0
1786524089.441757,8.447889623198078,0.0,211.10978991444898,0.0,0.0018291089626339169,-0.44178692098878347,0.0,1.0,slow:lane_dropout,0
1786524089.5650432,8.525152808393127,1.0,61.46173061693413,0.49167729591836734,0.030833551084400314,-0.4549178642488574,0.07357764049997968,1.0,follow,0
1786524089.6750817,8.440542510651088,0.0,22.7563273160781,0.46737882653061225,0.02887379148157826,-0.4549178642488574,0.0,1.0,slow:lane_dropout,0
1786524089.7891555,8.598165261720654,0.0,211.324599601634,0.0,0.00169845832244578,-0.4549178642488574,0.0,1.0,slow:lane_dropout,0
1786524089.908702,8.628594553171721,1.0,57.96173061693413,0.0,0.0,-0.44033804021633843,0.07428306794950004,1.0,follow,0
1786524090.017102,8.570917275921772,1.0,54.46173061693413,0.0,0.0,-0.5505868994046711,0.15221877254953142,1.0,follow,0
1786524090.1150823,8.710944468882918,1.0,50.96173061693413,0.0,0.0,-0.5864256306592998,0.20790765169474265,1.0,follow,0
1786524090.2177114,9.007696221896165,1.0,47.46173061693413,0.0,0.0,-0.6205939667916801,0.2716662511442538,1.0,follow,0
1786524090.3212664,9.125904246613738,1.0,43.96173061693413,0.0,0.0,-0.6386836515052112,0.3393834981447727,1.0,follow,0
1786524090.4382813,9.236124245812295,1.0,40.46173061693413,0.0,0.0,-0.6620851720601608,0.40655304604453896,1.0,follow,0
1786524090.551129,9.09790232409152,1.0,36.96173061693413,0.10532525510204084,0.0,-0.6884054970208697,0.3838622391193472,1.0,follow,0
1786524090.6437275,9.0705369732703,0.6370967741935484,40.46173061693413,0.0,0.0,-0.7684472955314637,0.21361930872774926,1.0,follow,0
1786524090.7529685,9.416368918008706,1.0,36.96173061693413,0.0,0.0,-0.720506632717856,0.27380618417794855,1.0,follow,0
1786524090.8696806,9.359068030346593,1.0,33.46173061693413,0.0,0.0,-0.7404103192230121,0.3450011073277269,1.0,follow,0
1786524090.9764552,9.178258300555749,1.0,29.961730616934133,0.0,0.0,-0.8133739362952309,0.22482676573868077,1.0,follow,0
1786524091.0823224,9.245496337344095,1.0,26.55704684577767,0.0,0.0,-0.82,0.25983455571257086,1.0,follow,0
1786524091.1954803,9.258462609835146,1.0,23.78762110510627,0.0,0.0,-0.82,0.2,1.0,follow,0
1786524091.3049223,9.20400048035108,1.0,22.249391274264458,0.0,0.0,-0.82,0.2563347177864694,1.0,follow,0
1786524091.4232678,9.18454234666524,1.0,20.922499626926648,0.0,0.0,-0.82,0.21609212811195538,1.0,follow,0
1786524091.5328722,9.041976730863016,1.0,20.77434514289655,0.0,0.0,-0.82,0.2,1.0,follow,0
1786524091.64455,9.029746658053831,1.0,20.5881359169628,0.0,0.0,-0.82,0.21528369540531278,1.0,follow,0
1786524091.7468474,9.045434774295643,1.0,19.707925318333686,0.0,0.0,-0.82,0.2,1.0,follow,0
1786524091.8522384,9.181045479723656,1.0,20.016550948088163,0.0,0.0,-0.82,0.2,1.0,follow,0
1786524091.970423,9.239694837901121,1.0,20.113920332661063,0.0,0.0,-0.82,0.2189990165496359,1.0,follow,0
1786524092.0507376,9.094091591542957,0.5524193548387096,23.613920332661063,0.0,0.0,-0.7720261269264554,0.15971774193548388,1.0,follow,0
1786524092.1518626,9.715164985477667,1.0,22.32435102091428,0.0,0.0,-0.82,0.2,1.0,follow,0
1786524092.270521,9.77018973637616,1.0,21.65550475811776,0.0,0.0,-0.82,0.20661821301452066,1.0,follow,0
1786524092.3763866,9.509641297400869,1.0,21.082173662290682,0.0,0.0,-0.82,0.2,1.0,follow,0
1786524092.4547434,9.487576261703522,0.3448271889400921,24.582173662290682,0.5078762755102041,0.0,-0.82,0.1410344470046083,1.0,follow,0
1786524092.5758724,10.161945899308568,1.0,22.56172430817593,0.0,0.0,-0.82,0.1915810327045391,1.0,follow,0
1786524092.65061,9.774498448777493,0.30244239631336406,26.06172430817593,0.0,0.0,-0.7348481132248934,0.1372198156682028,1.0,follow,0
1786524092.768663,10.504409051476507,1.0,23.975098715599852,0.0,0.0,-0.82,0.18564036901804531,1.0,follow,0
1786524092.8837907,10.092442666307162,1.0,21.33789205785382,0.0,0.0,-0.82,0.2,1.0,follow,0
1786524093.0016258,9.818747545182998,1.0,19.335153661623785,0.4297193877551021,0.0,-0.82,0.2,1.0,follow,0
1786524093.084496,9.552846943088603,0.3884274193548387,22.835153661623785,0.0,0.0,-0.82,0.09,1.0,avoid,0
1786524093.1999059,10.031850490461972,1.0,20.68763246637573,0.0,0.0,-0.82,0.14440302660026647,1.0,follow,0
1786524093.2972317,9.771235984800093,0.9939516129032258,18.559570052206528,0.0,0.0,-0.82,0.19945564516129033,1.0,follow,0
1786524093.4002123,9.83719066520706,1.0,15.078751560233385,0.0,0.0,-0.82,0.2,1.0,follow,0
1786524093.5154252,9.829604340723169,1.0,13.166980409651545,0.0,0.0,-0.82,0.2,1.0,follow,0
1786524093.6275134,9.583125193235903,1.0,16.666980409651543,0.0,0.0,-0.82,0.2,1.0,follow,0
1786524093.7582219,9.46060601806004,0.9758064516129032,20.166980409651543,0.0,0.04102430101907499,-0.82,0.1978225806451613,1.0,follow,0
1786524093.8608491,9.10944175487187,0.0,209.41154830512625,0.0,0.015416775542200157,-0.82,0.0,1.0,slow:lane_dropout,0
1786524093.9832044,9.236469525405617,0.0,213.1012622416471,0.45714285714285713,0.040109746537758034,-0.82,0.0,1.0,slow:lane_dropout,0
1786524094.0986876,9.00961367398974,0.0,213.4894812102809,0.46090561224489796,0.04533577214528351,-0.82,0.0,1.0,slow:lane_dropout,0
1786524094.2251537,8.931756920194221,0.0,214.55414802189705,0.4933673469387755,0.055918474000522606,-0.82,0.1,1.0,reacquire:road,0
1786524094.3366225,8.75121464696787,0.78,23.666980409651543,0.5709183673469388,0.09250065325320093,-0.82,0.09,1.0,avoid,0
1786524094.444209,8.78729072011217,0.0,216.19615619558613,0.5544642857142857,0.05787823360334465,-0.82,0.0,1.0,slow:lane_dropout,0
1786524094.5712197,8.885350450211181,0.9032258064516129,27.166980409651543,0.0,0.003266266004703423,-0.82,0.07006130299960205,1.0,follow,0
1786524094.687616,8.682183460263946,1.0,23.666980409651543,0.0,0.0,-0.82,0.15006130299960205,1.0,follow,0
1786524094.7739415,8.66077586921556,0.3997350230414747,27.166980409651543,0.6096938775510204,0.0,-0.7174519386297689,0.18,1.0,avoid:obstacle,0
1786524094.8753674,9.23266665538549,1.0,23.666980409651543,0.0,0.0,-0.5174519386297688,0.18,1.0,avoid:obstacle,0
1786524094.9684358,9.384280482408366,0.3096774193548387,20.166980409651543,0.0,0.0,-0.3174519386297687,0.18,1.0,avoid:obstacle,0
1786524095.0727499,9.624970111455651,0.5524193548387096,23.666980409651543,0.0,0.0,-0.11745193862976874,0.18,1.0,avoid:obstacle,0
1786524095.195135,9.636181059090227,1.0,27.166980409651543,0.0,0.0,0.08254806137023125,0.18,1.0,avoid:obstacle,0
1786524095.2995896,9.335624078403786,1.0,30.666980409651543,0.0,0.0,0.28254806137023125,0.18,1.0,avoid:obstacle,0
1786524095.4232178,9.392929078465603,1.0,34.16698040965154,0.0,0.004180820486020381,0.48254806137023126,0.18,1.0,avoid:obstacle,0
1786524095.5326931,9.138268039854017,1.0,37.66698040965154,0.0,0.0037888685654559706,0.6825480613702313,0.18,1.0,avoid:obstacle,0
1786524095.6450193,9.13824727176382,1.0,41.16698040965154,0.0,0.010974653775803502,0.82,0.18,1.0,avoid:obstacle,0
1786524095.7593381,9.088038908355966,1.0,44.66698040965154,0.0,0.018421740266527306,0.82,0.18,1.0,avoid:obstacle,0
1786524095.87403,9.019388695501458,1.0,48.16698040965154,0.0,0.006140580088842436,0.82,0.18,1.0,avoid:obstacle,0
1786524095.9403784,8.950364148354085,0.0,6.182637468435985,0.0,0.09655082309903318,0.82,0.18,1.0,avoid:obstacle,0
1786524096.015999,10.193618208226631,0.0,0.0,0.4845344387755102,0.08871178468774497,0.82,0.18,1.0,avoid:obstacle,0
1786524096.0874836,10.814008958357187,0.0,0.0,0.646843112244898,0.19545335772145284,0.82,0.18,1.0,avoid:obstacle,0
1786524096.1552489,11.401714126395607,0.0,0.0,0.0,0.0704206950614058,0.82,0.18,1.0,avoid:obstacle,0
1786524096.2355466,12.109735447847441,0.0,2.353116642523048,0.0,0.02338646459367651,0.82,0.18,1.0,avoid:obstacle,0
1786524096.313898,12.188322534901706,0.0,8.039488601286351,0.0,0.0254768748366867,0.82,0.18,1.0,avoid:obstacle,0
1786524096.395599,12.282669713610472,0.0,3.048385534023044,0.0,0.011105304415991639,0.82,0.18,1.0,avoid:obstacle,0
1786524096.475899,12.24453908490499,0.0,223.0,0.0,0.0027436634439508755,0.82,0.18,1.0,avoid:obstacle,0
1786524096.559315,12.328436285170573,0.0,211.66328465132653,0.770982142857143,0.03018029788345963,0.82,0.18,1.0,avoid:obstacle,0
1786524096.6279266,12.24878067394098,0.20467741935483869,0.0,0.7331632653061225,0.015024823621635746,0.82,0.18,1.0,avoid:obstacle,0
1786524096.6859589,12.742294886903462,0.0,223.0,0.7056760204081634,0.0009145544813169584,0.82,0.18,1.0,avoid:obstacle,0
1786524096.7560873,13.630794046184143,0.13179124423963134,3.5,0.5114795918367346,0.007969689051476353,0.82,0.18,1.0,avoid:obstacle,0
1786524096.8233242,13.743165566898108,0.0,223.0,0.6473214285714286,0.0435066631826496,0.82,0.18,1.0,avoid:obstacle,0
1786524096.8886714,13.92780676936712,0.0,0.0,0.6227040816326531,0.0364515286124902,0.82,0.18,1.0,avoid:obstacle,0
1786524096.9351442,14.254469347208605,0.0,112.0,0.0,0.006009929448654298,0.82,0.18,1.0,avoid:obstacle,0
1786524096.9827735,15.732915002617645,0.0,112.0,0.0,0.0002613012803762738,0.82,0.18,1.0,avoid:obstacle,0
1786524097.0498068,16.788474115461526,0.24359723502304148,7.0,0.7307397959183675,0.0,0.82,0.18,1.0,avoid:obstacle,0
1786524097.1168468,16.41771384325191,0.5524193548387096,10.5,0.0,0.0,0.82,0.18,1.0,avoid:obstacle,0
1786524097.1837459,16.106652318863723,0.4616935483870968,14.0,0.45255102040816325,0.0,0.82,0.18,1.0,avoid:obstacle,0
1786524097.2781594,15.884480890873965,1.0,17.5,0.0,0.011235955056179775,0.82,0.18,1.0,avoid:obstacle,0
1786524097.3654754,14.81180238450752,1.0,21.0,0.0,0.020642801149725633,0.82,0.18,1.0,avoid:obstacle,0
1786524097.441615,14.147751111630258,0.7459677419354839,24.5,0.0,0.0,0.82,0.18,1.0,avoid:obstacle,0
1786524097.5159652,13.909041828725705,0.37059907834101385,28.0,0.0,0.0,0.775,0.14335391705069125,1.0,follow,0
1786524097.6002092,13.873120320101686,0.8850806451612904,31.5,0.0,0.0,0.625,0.18965725806451614,1.0,follow,0
1786524097.6777818,13.471286492860646,0.6915322580645161,35.0,0.0,0.0,0.475,0.17223790322580645,1.0,follow,0
1786524097.7688973,13.354209793492222,0.8971774193548387,38.5,0.0,0.0,0.325,0.1907459677419355,1.0,follow,0
1786524097.8585489,12.878497281576676,0.7701612903225807,42.0,0.0,0.0,0.17500000000000002,0.17931451612903226,1.0,follow,0
1786524097.954425,12.43956311134114,1.0,45.5,0.0,0.0,0.025000000000000022,0.2,1.0,follow,0
1786524098.0212877,12.124482808266844,0.4411751152073733,49.0,0.0,0.0,-0.12499999999999997,0.14970576036866362,1.0,follow,0
1786524098.0974445,12.600575441851113,0.43789170506912445,52.5,0.0,0.0,-0.27499999999999997,0.14941025345622122,1.0,follow,0
1786524098.169699,12.787822976076942,0.5887096774193548,56.0,0.0,0.0,-0.42499999999999993,0.16298387096774195,1.0,follow,0
1786524098.257796,12.99591604802457,0.752016129032258,59.5,0.0,0.0,-0.575,0.17768145161290325,1.0,follow,0
1786524098.3491557,12.643774080570592,1.0,63.0,0.0,0.0,-0.5390820987240403,0.23553530741287962,1.0,follow,0
1786524098.434758,12.326499907457828,1.0,66.5,0.45156250000000003,0.0,-0.4000534696752825,0.2,1.0,follow,0
1786524098.4954584,12.197547373371473,0.13858294930875575,70.0,0.0,0.0,-0.48080593879927497,0.12247246543778803,1.0,follow,0
1786524098.557423,13.042175831015681,0.13358294930875575,73.5,0.0,0.0,-0.45201070238265056,0.16205667373814525,1.0,follow,0
1786524098.6061509,13.649662410373425,0.0,112.0,0.0,0.0,-0.45201070238265056,0.0,1.0,slow:lane_dropout,0
1786524098.6545186,14.99715010705125,0.0,112.0,0.0,0.0,-0.45201070238265056,0.0,1.0,slow:lane_dropout,0
1786524098.71313,16.155909935786195,0.143963133640553,70.0,0.0,0.0,-0.4170035893275847,0.03126360379997095,1.0,follow,0
1786524098.7671478,16.2853626300196,0.14253456221198157,66.5,0.0,0.0,-0.4262309230292641,0.06994677300008334,1.0,follow,0
1786524098.821126,16.767652785748513,0.14786866359447004,63.0,0.0,0.0,-0.45010236671432347,0.10471205549997649,1.0,follow,0
1786524098.8749955,17.101076304760227,0.1692511520737327,59.5,0.0,0.0,-0.47851494151199964,0.12523260368663597,1.0,follow,0
1786524098.9338777,17.410309058092054,0.12862903225806452,56.0,0.0,0.0,-0.5125606404359937,0.12157661290322581,1.0,follow,0
1786524098.9872773,17.32998094006266,0.14215437788018434,52.5,0.0,0.0,-0.5548342065869493,0.12279389400921659,1.0,follow,0
1786524099.0409725,17.613388198542264,0.15215437788018432,49.0,0.0,0.0,-0.587391359647106,0.1236938940092166,1.0,follow,0
1786524099.0978634,17.826460842908595,0.12648617511520738,45.5,0.0,0.0,-0.6289850364386369,0.12138375576036867,1.0,follow,0
1786524099.155627,17.8091531778147,0.1346774193548387,42.0,0.0,0.0,-0.6686008837089679,0.12212096774193548,1.0,follow,0
1786524099.2104728,17.686127520432095,0.15391705069124423,38.5,0.0,0.0,-0.7086206625540155,0.123852534562212,1.0,follow,0
1786524099.270474,17.823254178437814,0.11758064516129031,35.0,0.0,0.0,-0.7458826796546778,0.12058225806451615,1.0,follow,0
1786524099.3266435,17.57154288287533,0.18029953917050692,31.5,0.0,0.0,-0.7815776090646965,0.12622695852534563,1.0,follow,0
1786524099.3874238,17.631663100062944,0.19420506912442398,28.0,0.0,0.0,-0.8184940937337295,0.1274784562211982,1.0,follow,0
1786524099.4396908,17.40214255341972,0.11581797235023042,24.5,0.0,0.0,-0.82,0.12042361751152075,1.0,follow,0
1786524099.495744,17.754046801921042,0.11472350230414746,21.0,0.0,0.0,-0.82,0.12032511520737328,1.0,follow,0
1786524099.550998,17.738681443163934,0.12472350230414746,17.5,0.0,0.0,-0.82,0.1212251152073733,1.0,follow,0
1786524099.60693,17.823781504930817,0.1403917050691244,14.0,0.0,0.0,-0.82,0.12263525345622123,1.0,follow,0
1786524099.663015,17.844310519025463,0.09976958525345622,10.5,0.0,0.0,-0.82,0.11897926267281107,1.0,follow,0
1786524099.7199812,17.85063936433533,0.17996543778801843,7.876625386996922,0.0,0.0,-0.82,0.12619688940092166,1.0,follow,0
1786524099.7766798,17.765695876826502,0.08052995391705069,6.054181501548489,0.0,0.0,-0.82,0.11724769585253457,1.0,follow,0
1786524099.834403,17.71918263775174,0.11081797235023041,4.891395132183524,0.0,0.0,-0.82,0.11997361751152075,1.0,follow,0
1786524099.8901556,17.685174005577363,0.12362903225806451,3.9572040387164593,0.0,0.0,-0.82,0.12112661290322582,1.0,follow,0
1786524099.9460454,17.693964699714424,0.13610599078341012,3.4285768559349616,0.0,0.0,-0.82,0.12224953917050692,1.0,follow,0
1786524099.9992595,17.737172863286677,0.11081797235023041,3.184752112534731,0.0,0.0,-0.82,0.11997361751152075,1.0,follow,0
1786524100.055385,17.9150290887161,0.11224654377880183,3.077256705315495,0.0,0.0,-0.82,0.12010218894009217,1.0,follow,0
1786524100.1092765,17.92456050056881,0.10438940092165899,2.760181893420075,0.0,0.0,-0.82,0.11939504608294932,1.0,follow,0
1786524100.164622,18.093846556010647,0.0762442396313364,2.570159897389564,0.0,0.0,-0.82,0.11686198156682029,1.0,follow,0
1786524100.22175,18.05230315796384,0.1564400921658986,2.751531535113351,0.0,0.0,-0.82,0.12407960829493088,1.0,follow,0
1786524100.2791064,17.927707127558165,0.11758064516129031,2.6607420013200374,0.0,0.0,-0.82,0.12058225806451615,1.0,follow,0
1786524100.3334227,17.85362728821245,0.16639400921658987,2.6429497931180954,0.0,0.0,-0.82,0.1249754608294931,1.0,follow,0
1786524100.3884284,17.9540714253638,0.13253456221198157,2.4296000578344334,0.0,0.0,-0.82,0.12192811059907836,1.0,follow,0
1786524100.4359837,18.005030730683096,0.0,112.0,0.0,0.0,-0.82,0.0,1.0,slow:lane_dropout,0
1786524100.4845111,18.583822521774255,0.0,112.0,0.0,0.0,-0.82,0.0,1.0,slow:lane_dropout,0
1786524100.54147,19.024856187229144,0.0990552995391705,2.455035492137796,0.0,0.0,-0.82,0.03126654894986132,1.0,follow,0
1786524100.5976043,18.62051308663312,0.10796082949308755,2.421740435857079,0.0,0.0,-0.82,0.06949478054957581,1.0,follow,0
1786524100.65713,18.49561156900237,0.14715437788018432,2.420155038963286,0.0,0.0,-0.82,0.1056139070999052,1.0,follow,0
1786524100.7187576,18.015249529095552,0.1567741935483871,2.3622306772868593,0.0,0.0,-0.82,0.12410967741935486,1.0,follow,0
1786524100.7766712,17.900470921451642,0.19525345622119816,2.332411662724447,0.0,0.0,-0.82,0.12757281105990784,1.0,follow,0
1786524100.8340757,17.69017147424173,0.12900921658986175,2.6987161821694134,0.0,0.0,-0.82,0.12161082949308757,1.0,follow,0
1786524100.8916085,17.686208034447674,0.1403917050691244,2.63474244148706,0.0,0.0,-0.82,0.12263525345622123,1.0,follow,0
1786524100.9492874,17.658974003202395,0.07838709677419355,2.5500825869664183,0.0,0.0,-0.82,0.11705483870967744,1.0,follow,0
1786524101.0035725,17.588091871191427,0.09619815668202765,2.437099136073554,0.0,0.0,-0.82,0.11865783410138249,1.0,follow,0
1786524101.0588,17.727580710865812,0.10224654377880184,2.1874361167694847,0.0,0.0,-0.82,0.11920218894009219,1.0,follow,0
1786524101.1160538,17.837090167660836,0.10367511520737327,2.130889419956124,0.0,0.0,-0.82,0.11933076036866362,1.0,follow,0
1786524101.159178,17.749985722899787,0.0,112.0,0.0,0.0,-0.82,0.0,1.0,slow:lane_dropout,0
1786524101.1998792,18.852844251035975,0.0,112.0,0.0,0.0,-0.82,0.0,1.0,slow:lane_dropout,0
1786524101.2479303,19.993388670661407,0.0,112.0,0.0,0.0,-0.82,0.0,1.0,slow:lane_dropout,0
1786524101.2878926,20.109139785951186,0.0,112.0,0.0,0.0,-0.82,0.0,1.0,stop:lane_lost,0
1786524101.3306866,21.175967144955507,0.0,112.0,0.0,0.0,-0.725,0.0,1.0,stop:lane_lost,0
1786524101.372761,21.49520546039732,0.0,112.0,0.0,0.0,-0.5249999999999999,0.1,1.0,reacquire:road,0
1786524101.414354,22.02953126541072,0.0,112.0,0.0,0.0,-0.3749999999999999,0.0,1.0,stop:lane_lost,0
1786524101.4594517,22.478422274131958,0.0,112.0,0.0,0.0,-0.1749999999999999,0.1,1.0,reacquire:road,0
1786524101.501139,22.41619055214401,0.0,112.0,0.0,0.0,0.02500000000000009,0.1,1.0,reacquire:road,0
1786524101.5561929,22.704689595332145,0.0933410138248848,0.0,0.0,0.0,-0.06930527824838455,0.11840069124423964,1.0,follow,0
1786524101.6123977,21.729543876357422,0.1222004608294931,0.3622377622375154,0.0,0.0,-0.19550444374895043,0.12099804147465439,1.0,follow,0
1786524101.6575634,20.93309870436969,0.0,112.0,0.0,0.0,-0.19550444374895043,0.0,1.0,slow:lane_dropout,0
1786524101.7120874,21.20074427105119,0.1008179723502304,0.23545454545438502,0.0,0.0,-0.29653120549946826,0.029185508950149597,1.0,follow,0
1786524101.753638,20.71142714033546,0.0,112.0,0.0,0.0,-0.29653120549946826,0.0,1.0,slow:lane_dropout,0
1786524101.7932653,21.321496955758057,0.0,112.0,0.0,0.0,-0.29653120549946826,0.0,1.0,slow:lane_dropout,0
1786524101.8348737,22.17252727684624,0.0,112.0,0.0,0.0,-0.29653120549946826,0.0,1.0,slow:lane_dropout,0
1786524101.8879545,22.477326531820573,0.11934331797235023,0.543430069929756,0.0,0.0,-0.39148184224959537,0.027430183950036737,1.0,follow,0
1786524101.9403298,21.752226879087743,0.07767281105990784,0.3532295454543414,0.0,0.0,-0.5108336614999642,0.061909598400143304,1.0,follow,0
1786524101.9806733,21.210040680591327,0.0,112.0,0.0,0.0,-0.5108336614999642,0.0,1.0,slow:lane_dropout,0
1786524102.0345466,21.957391364660566,0.1524884792626728,0.901719302584528,0.0,0.0,-0.6010256112509522,0.02605545215028542,1.0,follow,0
1786524102.098796,21.14999031970111,0.23444700460829493,1.0388107284980814,0.0,0.0,-0.7265809415010607,0.06232699200031676,1.0,follow,0
1786524102.16004,20.12980915979657,0.25011520737327186,1.6336885119852878,0.0,0.0,-0.82,0.10282774450010948,1.0,follow,0
1786524102.2169323,19.313114252989422,0.20735023041474654,1.89712480551769,0.0,0.0,-0.82,0.1286615207373272,1.0,follow,0
1786524102.2722769,19.062173916761207,0.07695852534562211,1.2331311235864986,0.0,0.0,-0.82,0.116926267281106,1.0,follow,0
1786524102.330247,18.864335146820935,0.208110599078341,0.8015352303312241,0.0,0.0,-0.82,0.1287299539170507,1.0,follow,0
1786524102.3961823,18.426438810236014,0.26616359447004606,1.3563427273014892,0.0,0.0,-0.82,0.13395472350230417,1.0,follow,0
1786524102.4582603,17.8478104475297,0.11720046082949309,3.2368675279904027,0.0,0.0,-0.82,0.1205480414746544,1.0,follow,0
1786524102.5138907,17.51848725176625,0.1507258064516129,2.1145068796188213,0.0,0.0,-0.82,0.12356532258064518,1.0,follow,0
1786524102.5638077,17.586126984909882,0.0,112.0,0.0,0.0,-0.82,0.0,1.0,slow:lane_dropout,0
1786524102.615219,18.080903491628327,0.0,112.0,0.0,0.0,-0.82,0.0,1.0,slow:lane_dropout,0
1786524102.6699948,18.376948641824033,0.1799193548387097,1.8840785945591962,0.0,0.0,-0.82,0.033229165450438816,1.0,follow,0
1786524102.7130935,18.361043104445116,0.0,112.0,0.0,0.0,-0.82,0.0,1.0,slow:lane_dropout,0
1786524102.757083,19.311326856512515,0.0,112.0,0.0,0.0,-0.82,0.0,1.0,slow:lane_dropout,0
1786524102.8121347,20.00152237145665,0.10796082949308755,1.2246510864634776,0.0,0.0,-0.82,0.028555983949854636,1.0,follow,0
1786524102.8577392,19.630678958489053,0.0,112.0,0.0,0.0,-0.82,0.0,1.0,slow:lane_dropout,0
1786524102.9009116,20.073212269030048,0.0,112.0,0.0,0.0,-0.82,0.0,1.0,slow:lane_dropout,0
1786524102.9408014,20.710760307201046,0.0,112.0,0.0,0.0,-0.82,0.0,1.0,slow:lane_dropout,0
1786524102.996082,21.397264816002924,0.0755299539170507,0.7960232062012604,0.0,0.0,-0.82,0.026922602199783797,1.0,follow,0
1786524103.045976,20.713107279297517,0.0,112.0,0.0,0.0,-0.82,0.0,1.0,slow:lane_dropout,0
1786524103.0891209,20.75164001519125,0.0,112.0,0.0,0.0,-0.82,0.0,1.0,slow:lane_dropout,0
1786524103.1313767,21.14942699812946,0.0,112.0,0.0,0.0,-0.82,0.0,1.0,slow:lane_dropout,0
1786524103.1845076,21.72884571676373,0.08014976958525347,1.0424150840308195,0.0,0.0,-0.82,0.027030937699782955,1.0,follow,0
1786524103.2392702,21.12345552386923,0.10262672811059909,0.6775698046200327,0.0,0.0,-0.82,0.0617867744002524,1.0,follow,0
1786524103.2979069,20.500642755465403,0.10153225806451613,0.4404203730030213,0.0,0.0,-0.82,0.09787905399984995,1.0,follow,0
1786524103.3542922,19.869932161098124,0.09619815668202765,0.28627324245196384,0.0,0.0,-0.82,0.11865783410138249,1.0,follow,0
1786524103.3945193,19.39611822613502,0.0,112.0,0.0,0.0,-0.82,0.0,1.0,slow:lane_dropout,0
1786524103.4343946,20.59614008031709,0.0,112.0,0.0,0.0,-0.82,0.0,1.0,slow:lane_dropout,0
1786524103.4924307,21.501499127369126,0.07481566820276497,0.1860776075937765,0.0,0.0,-0.82,0.02587277289994745,1.0,follow,0
1786524103.5348098,20.64575723875271,0.0,112.0,0.0,0.0,-0.82,0.0,1.0,slow:lane_dropout,0
1786524103.5788212,21.05566737771478,0.0,112.0,0.0,0.0,-0.82,0.0,1.0,slow:lane_dropout,0
1786524103.6204464,21.48726915664366,0.0,112.0,0.0,0.0,-0.82,0.0,1.0,slow:lane_dropout,0
1786524103.6736908,22.07540376042918,0.10224654377880184,0.699796598782096,0.4474808673469388,0.0,-0.82,0.02660887254965019,1.0,follow,0
1786524103.7279205,21.425708609251007,0.13358294930875575,0.9798677892083627,0.0,0.0,-0.82,0.0611338890495972,1.0,follow,0
1786524103.7888114,20.779820951633262,0.13039170506912443,1.268067909139279,0.0,0.0,-0.82,0.09685549510004421,1.0,follow,0
1786524103.8450675,19.93373787685054,0.18101382488479265,1.7129244814978588,0.0,0.0,-0.82,0.12629124423963134,1.0,follow,0
1786524103.8982027,19.519988950619663,0.10548387096774194,2.142984246306841,0.0,0.0,-0.82,0.11949354838709679,1.0,follow,0
1786524103.9419873,19.352043124151386,0.0,112.0,0.0,0.0,-0.82,0.0,1.0,slow:lane_dropout,0
1786524103.987164,20.090052710739297,0.0,112.0,0.0,0.0,-0.82,0.0,1.0,slow:lane_dropout,0
1786524104.0428193,20.333488642888852,0.08872119815668203,2.2149094570691124,0.0,0.0,-0.82,0.030506073649894463,1.0,follow,0
1786524104.095888,19.968352168060015,0.09229262672811062,2.3587820561859285,0.0,0.0,-0.82,0.06562638939999488,1.0,follow,0
1786524104.1494498,19.724513577885556,0.10367511520737327,2.2168097351222102,0.0,0.0,-0.82,0.1002946106503714,1.0,follow,0
1786524104.201697,19.54362714147061,0.08729262672811061,2.2155475399508253,0.0,0.0,-0.82,0.11785633640552998,1.0,follow,0
1786524104.2576377,19.44387100936289,0.11400921658986174,2.0708751317371803,0.0,0.0,-0.82,0.12026082949308757,1.0,follow,0
1786524104.312485,19.14359522508962,0.08372119815668204,5.57087513173718,0.0,0.0,-0.82,0.1175349078341014,1.0,follow,0
1786524104.3576193,18.93365190843035,0.0,112.0,0.0,0.0,-0.82,0.0,1.0,slow:lane_dropout,0
1786524104.410016,19.62244079437764,0.0762442396313364,4.361693835629452,0.0,0.0,-0.82,0.029046908800091843,1.0,follow,0
1786524104.4732974,19.506219354300114,0.1353917050691244,3.448562531620708,0.0,0.0,-0.82,0.06318317330024001,1.0,follow,0
1786524104.5271566,18.765731636197675,0.15144009216589863,2.9748009396709745,0.0,0.0,-0.82,0.10431257200016261,1.0,follow,0
1786524104.5837731,18.722873468680003,0.11115207373271888,2.5959457856112866,0.0,0.0,-0.82,0.12000368663594473,1.0,follow,0
1786524104.6280625,18.49756125577777,0.0,112.0,0.0,0.0,-0.82,0.0,1.0,slow:lane_dropout,0
1786524104.6834128,19.332918648984624,0.11329493087557603,2.2657301452627205,0.0,0.0,-0.82,0.02866675565010155,1.0,follow,0
1786524104.731723,19.043344263918836,0.0,112.0,0.0,0.0,-0.82,0.0,1.0,slow:lane_dropout,0
1786524104.7854962,19.42720113979376,0.14215437788018434,2.1028716532442804,0.0,0.0,-0.82,0.031007561649857962,1.0,follow,0
1786524104.8408747,19.255098801918344,0.15034562211981567,1.9381717216676249,0.0,0.0,-0.82,0.06601649534995886,1.0,follow,0
1786524104.8991485,19.025585021643778,0.13824884792626727,2.0315904652378323,0.0,0.0,-0.82,0.10191316394971181,1.0,follow,0
1786524104.9546452,18.652922336289464,0.11400921658986174,1.9032261100969146,0.0,0.0,-0.82,0.12026082949308757,1.0,follow,0
1786524105.0093865,18.52558166764235,0.10438940092165899,1.746187880653918,0.0,0.0,-0.82,0.11939504608294932,1.0,follow,0
1786524105.0633297,18.474381453399747,0.14786866359447004,1.9297280047779415,0.0,0.0,-0.82,0.12330817972350233,1.0,follow,0
1786524105.118082,18.43604478693369,0.07481566820276497,1.254323203105662,0.0,0.0,-0.82,0.11673341013824885,1.0,follow,0
1786524105.171536,18.45271073457218,0.08300691244239632,1.4209161426246477,0.0,0.0,-0.82,0.11747062211981568,1.0,follow,0
1786524105.21648,18.487491929452872,0.0,112.0,0.0,0.0,-0.82,0.0,1.0,slow:lane_dropout,0
1786524105.2735333,19.270024265828564,0.15786866359447005,2.1316101985883993,0.0,0.0,-0.82,0.029017658149950876,1.0,follow,0
1786524105.3317719,18.92030284721823,0.19058755760368662,1.996862418556151,0.0,0.0,-0.82,0.06611511400014934,1.0,follow,0
1786524105.3855217,18.49526305067955,0.11615207373271888,2.2215182643691627,0.0,0.0,-0.82,0.10481686929997523,1.0,follow,0
1786524105.4417155,18.589736768901354,0.21449308755760368,2.4429740259902166,0.0,0.0,-0.82,0.12930437788018434,1.0,follow,0
1786524105.4976664,18.4376213496503,0.19311059907834102,2.557341011630509,0.0,0.0,-0.82,0.1273799539170507,1.0,follow,0
1786524105.556051,18.336396947993418,0.16067972350230414,1.9372329578693999,0.0,0.0,-0.82,0.12446117511520738,1.0,follow,0
1786524105.6103911,18.0751691276885,0.12291474654377879,1.25920142261511,0.0,0.0,-0.82,0.12106232718894011,1.0,follow,0
1786524105.668271,18.12552986308686,0.2504493087557604,1.3311540753040192,0.0,0.0,-0.82,0.13254043778801847,1.0,follow,0
1786524105.712785,17.977085374807945,0.0,112.0,0.0,0.0,-0.82,0.0,1.0,slow:lane_dropout,0
1786524105.772274,18.89591697282039,0.18701612903225806,1.3902501489476118,0.0,0.0,-0.82,0.028797704649787193,1.0,follow,0
1786524105.814507,18.475748427571617,0.0,112.0,0.0,0.0,-0.82,0.0,1.0,slow:lane_dropout,0
1786524105.8726032,19.407480196868093,0.08657834101382489,0.9036625968159477,0.0,0.0,-0.82,0.02809667835012988,1.0,follow,0
1786524105.9313715,18.998994982313608,0.1638709677419355,0.587380687930366,0.0,0.0,-0.82,0.06552817699994194,1.0,follow,0
1786524105.9804668,18.624974641352875,0.0,112.0,0.0,0.0,-0.82,0.0,1.0,slow:lane_dropout,0
1786524106.0384133,18.89955815751996,0.16463133640552996,1.331043770684092,0.0,0.0,-0.82,0.032503425499953664,1.0,follow,0
1786524106.0926096,18.626352513855863,0.11615207373271888,0.8651784509446598,0.0,0.0,-0.82,0.06957525314983287,1.0,follow,0
1786524106.148323,18.591912984845994,0.18029953917050692,0.6195254358384781,0.0,0.0,-0.82,0.10479767350020666,1.0,follow,0
1786524106.20894,18.421583750195605,0.11258064516129032,0.40269153329501073,0.0,0.0,-0.82,0.12013225806451613,1.0,follow,0
1786524106.2654552,18.06912692947685,0.21277649769585255,1.5116720972608748,0.0,0.0,-0.82,0.12914988479262676,1.0,follow,0
1786524106.3205583,17.978309453943684,0.15182027649769586,1.8345580170653613,0.0,0.0,-0.82,0.12366382488479265,1.0,follow,0
1786524106.3895469,18.043799461106012,0.3112096774193548,2.711981663155031,0.0,0.0,-0.82,0.13800887096774192,1.0,follow,0
1786524106.4521618,17.322095918016224,0.26587557603686635,2.5330820533827887,0.0,0.0,-0.82,0.13392880184331798,1.0,follow,0
1786524106.5110793,16.990945234146732,0.3278341013824885,2.752405902837474,0.0,0.0,-0.82,0.13950506912442398,1.0,follow,0
1786524106.567582,17.07358718144112,0.24587557603686633,2.7173356139802505,0.0,0.0,-0.82,0.13212880184331796,1.0,follow,0
1786524106.6242108,17.19426162518214,0.11043778801843318,1.7662681490871628,0.44744897959183677,0.0,-0.82,0.119939400921659,1.0,follow,0
1786524106.6877835,17.184253076883078,0.28683179723502306,2.0182467106997546,0.0,0.0,-0.82,0.1358148617511521,1.0,follow,0
1786524106.745599,16.962791002405147,0.13253456221198157,1.8955622850318345,0.0,0.0,-0.82,0.12192811059907836,1.0,follow,0
1786524106.7913768,17.057629741719737,0.0,112.0,0.0,0.0,-0.82,0.0,1.0,slow:lane_dropout,0
1786524106.8515615,17.917205389668364,0.1118663594470046,1.2321154852706924,0.0,0.0,-0.82,0.030437112550271195,1.0,follow,0
1786524106.911857,17.70269284558603,0.1510599078341014,0.80087506542595,0.0,0.0,-0.82,0.06902504895015227,1.0,follow,0
1786524106.964843,17.41814724901319,0.09867511520737327,1.0737972307548498,0.0,0.0,-0.82,0.10895142504991781,1.0,follow,0
1786524107.0119176,17.808635023491227,0.0,112.0,0.0,0.0,-0.82,0.0,1.0,slow:lane_dropout,0
1786524107.0719106,18.47883729458156,0.13182027649769584,0.6979681999906524,0.0,0.0,-0.82,0.03071884985029101,1.0,follow,0
1786524107.1169653,18.110100165478045,0.0,112.0,0.0,0.0,-0.82,0.0,1.0,slow:lane_dropout,0
1786524107.1773963,18.926047018993582,0.0890552995391705,0.9786793299939159,0.0,0.0,-0.82,0.0292926926499149,1.0,follow,0
1786524107.2380083,18.444394394579824,0.3003110599078341,1.1674697299264334,0.0,0.0,-0.82,0.06864421849963946,1.0,follow,0
1786524107.2979138,18.06287937287513,0.2059216589861751,0.7588553244521817,0.0,0.0,-0.82,0.1079504471495511,1.0,follow,0
1786524107.3635957,17.773004023798077,0.5705645161290323,1.826405996208214,0.0,0.0,-0.82,0.1470752490997711,1.0,follow,0
1786524107.4231136,17.287381937668442,0.3813133640552996,2.2289220140108803,0.0,0.0,-0.82,0.14431820276497698,1.0,follow,0
1786524107.4829352,17.120541727322856,0.3133064516129032,2.8615977175950897,0.45223214285714286,0.0,-0.82,0.1381975806451613,1.0,follow,0
1786524107.5391963,17.078473904578807,0.15972350230414745,2.47350005489885,0.0,0.0,-0.82,0.12437511520737328,1.0,follow,0
1786524107.5995367,17.25312297283446,0.3660253456221198,2.7857054307161926,0.45102040816326533,0.0,-0.82,0.1429422811059908,1.0,follow,0
1786524107.6590526,17.083238387223687,0.14182027649769585,1.8107085299655252,0.45089285714285715,0.0,-0.82,0.12276382488479264,1.0,follow,0
1786524107.7201772,17.049885724476916,0.36388248847926263,2.3825852210344154,0.0,0.0,-0.82,0.14274942396313364,1.0,follow,0
1786524107.7732775,16.85725030888207,0.0,112.0,0.0,0.0,-0.82,0.0,1.0,slow:lane_dropout,0
1786524107.8402007,17.34104929303989,0.24049539170506912,1.8402963357012911,0.0,0.0,-0.82,0.03372025994976866,1.0,follow,0
1786524107.9009182,16.826210460851726,0.3595046082949309,1.952787978748584,0.0,0.0,-0.82,0.07773775684977409,1.0,follow,0
1786524107.9500587,16.678504196355874,0.0,112.0,0.0,0.0,-0.82,0.0,1.0,slow:lane_dropout,0
1786524108.0092409,17.59455338804607,0.24044930875576037,1.7943121861865798,0.0,0.0,-0.82,0.030575645099861506,1.0,follow,0
1786524108.0569685,17.4610018480071,0.0,112.0,0.0,0.0,-0.82,0.0,1.0,slow:lane_dropout,0
1786524108.0985377,18.160279160594754,0.0,112.0,0.0,0.0,-0.82,0.0,1.0,slow:lane_dropout,0
1786524108.1579037,19.30185280633496,0.07481566820276497,1.166302921021277,0.0,0.0,-0.82,0.0272329472999445,1.0,follow,0
1786524108.2070253,18.81359117804578,0.0,112.0,0.0,0.0,-0.82,0.0,1.0,slow:lane_dropout,0
1786524108.2528737,19.125787807226143,0.0,112.0,0.0,0.0,-0.82,0.0,1.0,slow:lane_dropout,0
1786524108.3103993,19.205726411900592,0.0,112.0,0.0,0.0,-0.82,0.0,1.0,slow:lane_dropout,0
1786524108.3670242,19.226130154789683,0.14215437788018434,0.7580968986638301,0.0,0.0,-0.82,0.033665246549844596,1.0,follow,0
1786524108.424149,18.8713283630665,0.2041589861751152,0.4927629841314896,0.0,0.0,-0.82,0.07091000280001936,1.0,follow,0
1786524108.4830267,18.483508532402862,0.1246774193548387,0.8452959396854716,0.0,0.0,-0.82,0.10929833265004163,1.0,follow,0
1786524108.542007,18.33663797111179,0.13429723502304147,0.5494423607955565,0.0,0.0,-0.82,0.12208675115207375,1.0,follow,0
1786524108.602109,18.06389001737732,0.178110599078341,0.8821375345171166,0.0,0.0,-0.82,0.1260299539170507,1.0,follow,0
1786524108.655225,17.712890888613245,0.0,112.0,0.0,0.0,-0.82,0.0,1.0,slow:lane_dropout,0
1786524108.7100239,17.8879970419139,0.08872119815668203,1.2755863671331902,0.0,0.0,-0.82,0.034968003849917294,1.0,follow,0
1786524108.7709665,18.08621682673253,0.07338709677419356,1.484339471969763,0.0,0.0,-0.82,0.06939761855023789,1.0,follow,0
1786524108.8266485,17.678235030825117,0.07481566820276497,4.984339471969763,0.0,0.0,-0.82,0.10990537935040265,1.0,follow,0
1786524108.8790317,17.82715409222229,0.09191244239631337,8.484339471969763,0.0,0.0,-0.82,0.11827211981566821,1.0,follow,0
1786524108.9384098,18.05795737161071,0.11258064516129032,5.514820656780346,0.0,0.0,-0.82,0.12013225806451613,1.0,follow,0
1786524109.0031104,17.824740566281847,0.26078341013824885,9.014820656780346,0.0,0.0,-0.82,0.13347050691244242,1.0,follow,0
1786524109.0579362,17.356620511423106,0.1008179723502304,6.496241818515613,0.0,0.0,-0.82,0.11907361751152075,1.0,follow,0
1786524109.1139705,17.50870924334888,0.13358294930875575,4.747557182035148,0.0,0.0,-0.82,0.12202246543778804,1.0,follow,0
1786524109.1545122,17.499267675748932,0.0,112.0,0.0,0.0,-0.82,0.0,1.0,slow:lane_dropout,0
1786524109.1976607,18.956952207395684,0.0,112.0,0.0,0.0,-0.82,0.0,1.0,slow:lane_dropout,0
1786524109.2444537,19.87130283593423,0.0,112.0,0.0,0.0,-0.82,0.0,1.0,slow:lane_dropout,0
1786524109.2857234,20.14707934502355,0.0,112.0,0.0,0.0,-0.82,0.0,1.0,stop:lane_lost,0
1786524109.3257003,20.907035055851292,0.0,112.0,0.0,0.0,-0.725,0.0,1.0,stop:lane_lost,0
1786524109.3660023,21.90182327143414,0.0,112.0,0.0,0.0,-0.575,0.0,1.0,stop:lane_lost,0
1786524109.4077318,22.50174514897845,0.0,112.0,0.0,0.0,-0.42499999999999993,0.0,1.0,stop:lane_lost,0
1786524109.4648504,22.802756632737854,0.08014976958525347,1.50000000000003,0.0,0.0,-0.5187234349992196,0.027075658999774533,1.0,follow,0
1786524109.5106366,21.70811914404699,0.0,112.0,0.0,0.0,-0.5187234349992196,0.0,1.0,slow:lane_dropout,0
1786524109.5550845,21.64342926939386,0.0,112.0,0.0,0.0,-0.5187234349992196,0.0,1.0,slow:lane_dropout,0
1786524109.594893,21.958163572976083,0.0,112.0,0.0,0.0,-0.5187234349992196,0.0,1.0,slow:lane_dropout,0
1786524109.6415637,22.415749143860467,0.0,112.0,0.0,0.0,-0.3187234349992195,0.1,1.0,reacquire:road,0
1786524109.6914775,22.36588822535149,0.0,112.0,0.0,0.0,-0.11872343499921947,0.1,1.0,reacquire:road,0
1786524109.746905,21.884157229476322,0.22339861751152074,1.511413043478255,0.0,0.0,-0.23146451349784908,0.1301058755760369,1.0,follow,0
1786524109.7878845,21.13321232188124,0.0,112.0,0.0,0.0,-0.23146451349784908,0.0,1.0,slow:lane_dropout,0
1786524109.844127,21.76432117579179,0.17777649769585255,1.443207951944976,0.0,0.0,-0.32409996774722455,0.026761353449819583,1.0,follow,0
1786524109.8840737,20.92951679532421,0.0,112.0,0.0,0.0,-0.32409996774722455,0.0,1.0,slow:lane_dropout,0
1786524109.9404166,21.78525372990253,0.06771889400921659,0.9380851687642345,0.0,0.0,-0.41335663299710174,0.02578525884996452,1.0,follow,0
1786524110.0008216,20.94136402294893,0.0890552995391705,1.1347553596967583,0.0,0.0,-0.541446405996703,0.06278897104984935,1.0,follow,0
1786524110.0622375,20.043809205281807,0.15534562211981567,0.7375909838028929,0.0,0.0,-0.6781946784978117,0.10229402755016963,1.0,follow,0
1786524110.1252954,19.302171287780173,0.22125576036866357,0.4794341394718804,0.0,0.0,-0.8159305007467537,0.12991301843317973,1.0,follow,0
1786524110.1913283,18.67568860615926,0.5761866359447004,1.1303642760372803,0.0,0.0,-0.82,0.16185679723502305,1.0,follow,0
1786524110.256132,17.946895037696375,0.5231336405529954,1.6971179203421367,0.0,0.0,-0.82,0.1570820276497696,1.0,follow,0
1786524110.3057272,17.445086046046907,0.0,112.0,0.0,0.0,-0.82,0.0,1.0,slow:lane_dropout,0
1786524110.373652,18.008065106471378,0.34278801843317974,1.8992095359228793,0.0,0.0,-0.82,0.032082951550137295,1.0,follow,0
1786524110.4319575,17.35536863775114,0.07981566820276498,1.2344861983498716,0.0,0.0,-0.82,0.07616693890017814,1.0,follow,0
1786524110.4968174,17.292989016323936,0.6189516129032258,1.6504614686702412,0.0,0.0,-0.82,0.11430471130001935,1.0,follow,0
1786524110.5622199,16.92371994100192,0.45213133640552994,1.7766183436934009,0.0,0.0,-0.82,0.15069182027649772,1.0,follow,0
1786524110.6275563,16.587103834564836,0.491036866359447,1.954574166363576,0.0,0.0,-0.82,0.15419331797235025,1.0,follow,0
1786524110.7015846,16.190827404310703,0.5009447004608295,2.201488995438182,0.0,0.0,-0.82,0.15508502304147467,1.0,follow,0
1786524110.764791,15.707253159047594,0.09476958525345622,1.4309678470348184,0.0,0.0,-0.82,0.11852926267281108,1.0,follow,0
1786524110.8223019,15.82349150801802,0.16958525345622122,0.930129100572632,0.0,0.0,-0.82,0.12526267281105993,1.0,follow,0
1786524110.87458,16.141638469488704,0.0,112.0,0.0,0.0,-0.82,0.0,1.0,slow:lane_dropout,0
1786524110.9395423,16.760799404377835,0.2287327188940092,0.7494308673332002,0.0,0.0,-0.82,0.03378827399965303,1.0,follow,0
1786524110.9884987,16.453253392229716,0.0,112.0,0.0,0.0,-0.82,0.0,1.0,slow:lane_dropout,0
1786524111.050793,17.301480095496117,0.31107142857142855,1.0415685181097682,0.0,0.0,-0.82,0.03140948329960338,1.0,follow,0
1786524111.1136355,17.059715090552043,0.37802995391705074,1.357466608954595,0.0,0.0,-0.82,0.07180058079975424,1.0,follow,0
1786524111.1759858,16.810290561100587,0.07481566820276497,0.8823532958204868,0.0,0.0,-0.82,0.11290705984997657,1.0,follow,0
1786524111.237799,16.672503523428837,0.45650921658986177,1.4484892497017952,0.0,0.0,-0.82,0.15108582949308758,1.0,follow,0
1786524111.3035686,16.577233110897804,0.4654147465437788,1.2395345656045473,0.0,0.0,-0.82,0.1518873271889401,1.0,follow,0
1786524111.3653288,16.297672236921606,0.23949308755760368,0.8056974676429558,0.0,0.0,-0.82,0.13155437788018434,1.0,follow,0
1786524111.4368124,16.274452450423663,0.6068548387096775,1.3575424119034465,0.0,0.0,-0.82,0.164616935483871,1.0,follow,0
1786524111.4938471,15.825359248221165,0.1667741935483871,1.184277567736906,0.0,0.0,-0.82,0.12500967741935484,1.0,follow,0
1786524111.5538924,16.168258772379215,0.30149769585253455,1.7469079610271303,0.0,0.0,-0.82,0.13713479262672812,1.0,follow,0
1786524111.622641,16.266975908139194,0.46536866359447004,2.02956771580517,0.0,0.0,-0.82,0.15188317972350232,1.0,follow,0
1786524111.692621,15.902983225967944,0.5084677419354839,2.311567163240822,0.0,0.0,-0.82,0.15576209677419356,1.0,follow,0
1786524111.7529433,15.599354541917918,0.10581797235023041,1.5025186561065342,0.47614795918367353,0.0,-0.82,0.11952361751152074,1.0,follow,0
1786524111.808709,15.785392469533901,0.12577188940092165,1.1357280355602504,0.4885204081632653,0.0,-0.82,0.12131947004608297,1.0,follow,0
1786524111.8717124,16.17223162066747,0.13824884792626727,1.0201463000371163,0.4874362244897959,0.0,-0.82,0.12244239631336407,1.0,follow,0
1786524111.9298415,16.140438271796867,0.19558755760368662,1.2483405703726376,0.4798469387755102,0.0,-0.82,0.12760288018433183,1.0,follow,0
1786524111.9949725,16.368065023918955,0.3797926267281106,1.5350455314018356,0.0,0.0,-0.82,0.14418133640552996,1.0,follow,0
1786524112.0765646,16.16405875922537,0.48741935483870963,1.832383991015587,0.0,0.0,-0.82,0.1538677419354839,1.0,follow,0
1786524112.1362758,15.296157776282731,0.08014976958525347,5.332383991015587,0.0,0.0,-0.82,0.11721347926267284,1.0,follow,0
1786524112.1944535,15.722550426244679,0.2682603686635945,8.832383991015586,0.0,0.0,-0.82,0.13414343317972352,1.0,follow,0
1786524112.254492,16.058432784459004,0.14858294930875576,12.332383991015586,0.0,0.0,-0.82,0.12337246543778804,1.0,follow,0
1786524112.3181481,16.174085027342873,0.14215437788018434,15.832383991015586,0.0,0.0,-0.82,0.12279389400921659,1.0,follow,0
1786524112.3700278,16.08212761615315,0.0,112.0,0.0,0.0,-0.82,0.0,1.0,slow:lane_dropout,0
1786524112.42712,16.700522496095466,0.20058755760368663,19.332383991015586,0.0,0.0,-0.82,0.03389989265010627,1.0,follow,0
1786524112.490102,16.862033239454888,0.23440092165898618,22.832383991015586,0.0,0.0,-0.82,0.0710256163501981,1.0,follow,0
1786524112.5549896,16.61133587102103,0.2850230414746544,26.332383991015586,0.0,0.0,-0.82,0.11266946859982455,1.0,follow,0
1786524112.6173434,16.381041690642466,0.1984447004608295,29.832383991015586,0.0,0.0,-0.82,0.12786002304147467,1.0,follow,0
1786524112.675177,16.292171562252538,0.1799193548387097,33.33238399101559,0.0,0.0,-0.82,0.12619274193548388,1.0,follow,0
1786524112.7381146,16.58581448502595,0.2854032258064516,36.83238399101559,0.0,0.0,-0.82,0.13568629032258067,1.0,follow,0
1786524112.8011851,16.44766460873628,0.37445852534562213,40.33238399101559,0.0,0.0,-0.7851708236262371,0.143701267281106,1.0,follow,0
1786524112.861444,16.329761182039363,0.2992626728110599,43.83238399101559,0.0,0.0,-0.7475684086705335,0.1369336405529954,1.0,follow,0
1786524112.9231691,16.31981294374286,0.343836405529954,47.33238399101559,0.0,0.0,-0.7105339894738001,0.14094527649769586,1.0,follow,0
1786524112.9822495,16.357986700184668,0.2237327188940092,50.83238399101559,0.0,0.0,-0.667737763964289,0.13013594470046083,1.0,follow,0
1786524113.0456693,16.44359229444602,0.4172235023041475,54.33238399101559,0.0,0.0,-0.6373231014603138,0.1475501152073733,1.0,follow,0
1786524113.108523,16.272917723256764,0.2497811059907834,57.83238399101559,0.0,0.0,-0.6004683684332426,0.1324802995391705,1.0,follow,0
1786524113.171144,16.26691739022909,0.3531221198156682,61.33238399101559,0.0,0.0,-0.5656669628614087,0.14178099078341014,1.0,follow,0
1786524113.2325933,16.19982216677883,0.4589400921658986,64.83238399101559,0.0,0.0,-0.5234654392628805,0.1513046082949309,1.0,follow,0
1786524113.2959363,16.18993012077483,0.20773041474654377,68.33238399101559,0.0,0.0,-0.49159368998434116,0.12869573732718895,1.0,follow,0
1786524113.3664103,16.13806047976982,0.0,222.08702835614423,0.0,0.0,-0.49159368998434116,0.0,1.0,slow:lane_dropout,0
1786524113.4388652,15.742990290796627,0.49099078341013824,71.83238399101559,0.0,0.0,-0.4463158558583031,0.04589517269969292,1.0,follow,0
1786524113.5139847,15.358660264672844,0.6310483870967742,75.33238399101559,0.0,0.0,-0.416299739269104,0.09292389729998832,1.0,follow,0
1786524113.5793636,14.948995783995572,0.12148617511520737,78.83238399101559,0.0,0.0,-0.37346601760349873,0.12093375576036867,1.0,follow,0
1786524113.6428633,14.968516445527058,0.3505990783410139,82.33238399101559,0.0,0.0,-0.3424415661319795,0.16413288641046908,1.0,follow,0
1786524113.7129283,15.176964028370243,0.14644009216589862,85.83238399101559,0.0,0.0,-0.3004837558624598,0.1231796082949309,1.0,follow,0
1786524113.7747788,14.912527560237141,0.09405529953917051,89.33238399101559,0.0,0.0,-0.26608535739882566,0.11846497695852537,1.0,follow,0
1786524113.839726,15.250375290580685,0.07410138248847926,92.83238399101559,0.0,0.0,-0.22906060288019775,0.11666912442396314,1.0,follow,0
1786524113.9046834,15.309105011139378,0.37736175115207377,96.33238399101559,0.0,0.0,-0.20619954437063903,0.14396255760368665,1.0,follow,0
1786524113.972348,15.326576957029328,0.685483870967742,99.83238399101559,0.0,0.0,-0.16276951240585927,0.1861800413541238,1.0,follow,0
1786524114.04387,15.171701055963762,0.7157258064516129,103.33238399101559,0.0,0.0,-0.1317654384042446,0.2308468349540141,1.0,follow,0
1786524114.1112359,14.975452686094593,0.3933640552995392,106.83238399101559,0.0,0.0,-0.09309436869177497,0.14540276497695856,1.0,follow,0
1786524114.1733396,14.937039609757333,0.48313364055299535,110.33238399101559,0.0,0.0,-0.05687940776165322,0.18937103737730182,1.0,follow,0
1786524114.2371912,15.161526593733914,0.4101267281105991,113.83238399101559,0.0,0.0,-0.029044766441267657,0.14691140552995394,1.0,follow,0
1786524114.30145,15.1815407783497,0.0933410138248848,117.33238399101559,0.0,0.0,0.009009095467383061,0.11840069124423964,1.0,follow,0
1786524114.363392,15.277872298756202,0.21058755760368664,120.83238399101559,0.0,0.0,0.04415208318909667,0.1289528801843318,1.0,follow,0
1786524114.4260275,15.473320586346787,0.2059677419354839,124.33238399101559,0.0,0.0,0.09441187750366752,0.12853709677419356,1.0,follow,0
1786524114.5012062,15.635947528322767,0.7157258064516129,127.83238399101559,0.0,0.0,0.12086555313007669,0.1684475615240397,1.0,follow,0
1786524114.5817175,15.148405086020691,0.6491935483870968,131.3323839910156,0.0,0.0,0.1530967559310169,0.2176965697738022,1.0,follow,0
1786524114.6552095,14.611717479672382,0.3025,134.8323839910156,0.0,0.0,0.18719042353487436,0.137225,1.0,follow,0
1786524114.7246811,14.419946719852108,0.3022119815668203,138.3323839910156,0.0,0.0,0.22217270622708257,0.13719907834101383,1.0,follow,0
1786524114.7982392,14.418884598706711,0.5280875576036866,141.8323839910156,0.0,0.0,0.2677996368379044,0.1575278801843318,1.0,follow,0
1786524114.8734703,14.216863548977562,0.6008064516129032,145.3323839910156,0.0,0.0,0.3159941679179917,0.16407258064516128,1.0,follow,0
1786524114.9589465,14.066895907579248,0.6008064516129032,148.8323839910156,0.0,0.0,0.3562070705376242,0.16407258064516128,1.0,follow,0
1786524115.036435,13.592918737258575,0.6189516129032258,152.3323839910156,0.0,0.0,0.3850365337563779,0.21964233709483807,1.0,follow,0
1786524115.1128218,13.435455982217423,0.7217741935483871,155.8323839910156,0.0,0.0,0.4188320340544576,0.27040136034490414,1.0,follow,0
1786524115.191392,13.383716551254933,0.7096774193548387,159.3323839910156,0.0,0.0,0.4529335778535183,0.31973063839529486,1.0,follow,0
1786524115.2706902,13.24324953746933,0.7157258064516129,162.8323839910156,0.0,0.0,0.4799356973000068,0.370986883695214,1.0,follow,0
1786524115.3444989,13.121680715379242,0.6975806451612904,166.3323839910156,0.0,0.0,0.5157057182300648,0.4224296334949216,1.0,follow,0
1786524115.4168816,13.216711334020097,0.7217741935483871,169.8323839910156,0.0,0.0,0.5523120053218964,0.4100630081415587,1.0,follow,0
1786524115.4949045,13.338232207662944,0.7217741935483871,173.3323839910156,0.0,0.0,0.5946430413470781,0.3357904024146083,1.0,follow,0
1786524115.5713468,13.232487623696077,0.7217741935483871,176.8323839910156,0.0,0.0,0.6365201642206193,0.17495967741935484,1.0,follow,0
1786524115.6437507,13.189286085141577,0.7217741935483871,180.3323839910156,0.0,0.0,0.6906925429784576,0.17495967741935484,1.0,follow,0
1786524115.7262032,13.315842128372074,0.8064516129032258,183.8323839910156,0.0,0.0,0.7074606345506094,0.2219859313694712,1.0,follow,0
1786524115.8097794,13.086821189396687,0.7883064516129032,187.3323839910156,0.0,0.0,0.7423595924355197,0.27539271986949526,1.0,follow,0
1786524115.892413,12.853251979660767,0.7943548387096775,190.8323839910156,0.0,0.0,0.7768422894641964,0.28640261201761935,1.0,follow,0
1786524115.9713159,12.685426998853451,0.6129032258064516,194.3323839910156,0.0,0.0,0.8119865829866274,0.23403846435153786,1.0,follow,0
1786524116.0521262,12.708158176964515,0.752016129032258,197.8323839910156,0.0,0.0,0.82,0.20342743051597298,1.0,follow,0
1786524116.1278057,12.63302151965512,0.752016129032258,201.3323839910156,0.0,0.0,0.82,0.211190071681325,1.0,follow,0
1786524116.2089007,12.75421665209774,0.7883064516129032,204.8323839910156,0.0,0.0,0.82,0.1809475806451613,1.0,follow,0
1786524116.2937617,12.625558327306221,0.7459677419354839,208.3323839910156,0.0,0.0,0.82,0.17713709677419356,1.0,follow,0
1786524116.3796105,12.500486214506353,0.8790322580645161,204.8323839910156,0.0,0.0,0.82,0.22131557239998928,1.0,follow,0
1786524116.4644926,12.313574623684854,0.872983870967742,201.3323839910156,0.0,0.0,0.82,0.22718913297879176,1.0,follow,0
1786524116.5515575,12.231164495295737,0.8306451612903225,197.8323839910156,0.0,0.0,0.82,0.18760409489097124,1.0,follow,0
1786524116.6358707,12.050505550921885,0.782258064516129,194.3323839910156,0.0,0.0,0.82,0.18040322580645163,1.0,follow,0
1786524116.7157354,12.036553110960952,0.0,217.51026117176238,0.0,0.0,0.82,0.0,1.0,slow:lane_dropout,0
1786524116.7990196,12.093309553191755,0.8790322580645161,190.8323839910156,0.0,0.0,0.82,0.05275830429982307,1.0,follow,0
1786524116.8755808,12.11257671884649,0.0,218.0366991436278,0.0,0.0,0.82,0.0,1.0,slow:lane_dropout,0
1786524116.9644263,12.305157816871928,0.8790322580645161,187.3323839910156,0.0,0.0,0.82,0.04971135975038123,1.0,follow,0
1786524117.0513735,12.103562750495431,0.8790322580645161,183.8323839910156,0.0,0.0,0.82,0.10724782965016857,1.0,follow,0
1786524117.1345198,11.977821587597814,0.8487903225806451,180.3323839910156,0.0,0.0,0.6200180090363239,0.12,1.0,avoid:white,0
1786524117.2176383,11.980595432804927,0.8790322580645161,176.8323839910156,0.0,0.0,0.4200180090363238,0.12,1.0,avoid:white,0
1786524117.2920938,11.982687223352055,0.8306451612903225,173.3323839910156,0.0,0.0,0.22001800903632382,0.12,1.0,avoid:white,0
1786524117.3683777,12.22655368551949,0.7883064516129032,169.8323839910156,0.0,0.0,0.37001800903632376,0.16923489154948584,1.0,follow,0
1786524117.4457686,12.434122282820429,0.7883064516129032,166.3323839910156,0.0,0.0,0.5200180090363238,0.1809475806451613,1.0,follow,0
1786524117.5127065,12.556735999724653,0.49813364055299536,162.8323839910156,0.0,0.0,0.633335178827878,0.15483202764976958,1.0,follow,0
1786524117.576794,13.008216657819117,0.3933640552995392,159.3323839910156,0.0,0.0,0.5812207229938317,0.19870902834937332,1.0,follow,0
1786524117.6321013,13.577294129379545,0.10296082949308755,155.8323839910156,0.0,0.0,0.5064300579479085,0.1192664746543779,1.0,follow,0
1786524117.701235,14.445063060032963,0.1474884792626728,152.3323839910156,0.0,0.0,0.45950739664482887,0.12327396313364057,1.0,follow,0
1786524117.7593842,14.46052849673532,0.18739631336405532,148.8323839910156,0.0,0.0,0.44316414118567227,0.126865668202765,1.0,follow,0
1786524117.8021512,14.987122486416663,0.0,112.0,0.0,0.0,0.44316414118567227,0.0,1.0,slow:lane_dropout,0
1786524117.8420296,16.723796684207596,0.0,112.0,0.0,0.0,0.44316414118567227,0.0,1.0,slow:lane_dropout,0
1786524117.8826396,18.339098439464507,0.0,112.0,0.0,0.0,0.44316414118567227,0.0,1.0,slow:lane_dropout,0
1786524117.924371,19.575768233034132,0.0,112.0,0.0,0.0,0.24316414118567223,0.1,1.0,reacquire:road,0
1786524117.969759,20.530249232004174,0.0,112.0,0.0,0.0,0.04316414118567223,0.1,1.0,reacquire:road,0
1786524118.0113938,20.815871641954907,0.0,112.0,0.0,0.0,-0.15683585881432777,0.1,1.0,reacquire:road,0
1786524118.0525398,21.444423612341204,0.0,112.0,0.0,0.0,-0.3568358588143278,0.1,1.0,reacquire:road,0
1786524118.0924628,22.00676041534446,0.0,112.0,0.0,0.0,-0.5568358588143278,0.1,1.0,reacquire:road,0
1786524118.1343935,22.58734246896894,0.0,112.0,0.0,0.0,-0.725,0.1,1.0,reacquire:road,0
1786524118.1741805,22.869452111534006,0.0,112.0,0.0,0.0,-0.725,0.1,1.0,reacquire:road,0
1786524118.213226,23.340606625106034,0.0,112.0,0.0,0.0,-0.725,0.1,1.0,reacquire:road,0
1786524118.2534752,23.740863422964942,0.0,112.0,0.0,0.0,-0.725,0.1,1.0,reacquire:road,0
1786524118.2924829,24.027238433964975,0.0,112.0,0.0,0.0,-0.725,0.1,1.0,reacquire:road,0
1786524118.3349376,24.059931943023557,0.0,112.0,0.0,0.0,-0.725,0.1,1.0,reacquire:road,0
1786524118.375583,24.215873974624444,0.0,112.0,0.0,0.0,-0.725,0.1,1.0,reacquire:road,0
1786524118.4167495,24.06513378799722,0.0,112.0,0.0,0.0,-0.725,0.1,1.0,reacquire:road,0
1786524118.4565387,24.272955854060164,0.0,112.0,0.0,0.0,-0.725,0.1,1.0,reacquire:road,0
1786524118.4960418,24.500803492561054,0.0,112.0,0.0,0.0,-0.725,0.1,1.0,reacquire:road,0
1786524118.535573,24.708052905503287,0.0,112.0,0.0,0.0,-0.725,0.1,1.0,reacquire:road,0
1786524118.5776262,24.80751357020515,0.0,112.0,0.0,0.0,-0.725,0.1,1.0,reacquire:road,0
1786524118.6195068,24.59530950945988,0.0,112.0,0.0,0.0,-0.575,0.0,1.0,stop:lane_lost,0
1786524118.6590083,24.452436243856845,0.0,112.0,0.0,0.0,-0.725,0.1,1.0,reacquire:road,0
1786524118.6993544,24.498372793014962,0.0,112.0,0.0,0.0,-0.575,0.0,1.0,stop:lane_lost,0
1786524118.7388477,24.631741421132908,0.0,112.0,0.0,0.0,-0.42499999999999993,0.0,1.0,stop:lane_lost,0
1786524118.779128,24.85267594299244,0.0,112.0,0.0,0.0,-0.27499999999999997,0.0,1.0,stop:lane_lost,0
1786524118.8194528,24.82582233379477,0.0,112.0,0.0,0.0,-0.12499999999999997,0.0,1.0,stop:lane_lost,0
1786524118.8606415,24.801171977503074,0.0,112.0,0.0,0.0,0.0,0.0,1.0,stop:lane_lost,0
1786524118.9013426,24.7275394651823,0.0,112.0,0.0,0.0,0.0,0.0,1.0,stop:lane_lost,0
1786524118.9413943,24.57555234263849,0.0,112.0,0.0,0.0,0.0,0.0,1.0,stop:lane_lost,0
1786524118.979827,24.765543407242266,0.0,112.0,0.0,0.0,0.0,0.0,1.0,stop:lane_lost,0
1786524119.0188618,25.037148079702146,0.0,112.0,0.0,0.0,0.0,0.0,1.0,stop:lane_lost,0
1786524119.0606842,24.98430767183056,0.0,112.0,0.0,0.0,0.0,0.0,1.0,stop:lane_lost,0
1786524119.104251,24.79528707211299,0.0,112.0,0.0,0.0,0.0,0.0,1.0,stop:lane_lost,0
1786524119.1501338,24.55144136211209,0.0,112.0,0.0,0.0,0.0,0.0,1.0,stop:lane_lost,0
1786524119.1920364,23.999058538270457,0.0,112.0,0.0,0.0,-0.2,0.1,1.0,reacquire:road,0
1786524119.2365463,23.948087418953858,0.0,112.0,0.0,0.0,-0.4,0.1,1.0,reacquire:road,0
1786524119.2915726,23.58177012012233,0.0755299539170507,220.91666666666708,0.0,0.0,-0.2982660047513491,0.11679769585253458,1.0,follow,0
1786524119.337267,22.469945121900903,0.0,112.0,0.0,0.0,-0.2982660047513491,0.0,1.0,slow:lane_dropout,0
1786524119.3830588,22.345579671710265,0.0,112.0,0.0,0.0,-0.2982660047513491,0.0,1.0,slow:lane_dropout,0
1786524119.4273953,22.269407167900784,0.0,112.0,0.0,0.0,-0.2982660047513491,0.0,1.0,slow:lane_dropout,0
1786524119.4698958,22.194956842685265,0.0,112.0,0.0,0.0,-0.14826600475134913,0.0,1.0,stop:lane_lost,0
1786524119.510595,22.58897333262184,0.0,112.0,0.0,0.0,0.0,0.0,1.0,stop:lane_lost,0
1786524119.5543902,22.980992143509855,0.0,112.0,0.0,0.0,0.0,0.0,1.0,stop:lane_lost,0
1786524119.5953739,23.066598372591194,0.0,112.0,0.0,0.0,0.0,0.0,1.0,stop:lane_lost,0
1786524119.6382596,23.376020571770106,0.0,112.0,0.0,0.0,0.0,0.0,1.0,stop:lane_lost,0
1786524119.6812918,23.197625038576867,0.0,112.0,0.0,0.0,0.0,0.0,1.0,stop:lane_lost,0
1786524119.7203438,23.34611004943244,0.0,112.0,0.0,0.0,0.0,0.0,1.0,stop:lane_lost,0
1786524119.7644184,23.791727175077334,0.0,112.0,0.0,0.0,0.0,0.0,1.0,stop:lane_lost,0
1786524119.8059926,23.59236641945497,0.0,112.0,0.0,0.0,0.0,0.0,1.0,stop:lane_lost,0
1786524119.8492148,23.69681241969975,0.0,112.0,0.0,0.0,0.0,0.0,1.0,stop:lane_lost,0
1786524119.8879387,23.551945394866078,0.0,112.0,0.0,0.0,0.0,0.0,1.0,stop:lane_lost,0
1786524119.930445,23.995838012429118,0.0,112.0,0.0,0.0,0.0,0.0,1.0,stop:lane_lost,0
1786524119.9766994,23.939950119415414,0.0,112.0,0.0,0.0,0.0,0.0,1.0,stop:lane_lost,0
1786524120.0194547,23.447879983323762,0.0,112.0,0.0,0.0,0.0,0.0,1.0,stop:lane_lost,0
1786524120.0588648,23.468703335502486,0.0,112.0,0.0,0.0,0.0,0.0,1.0,stop:lane_lost,0
1786524120.0991323,23.817218791642816,0.0,112.0,0.0,0.0,0.0,0.0,1.0,stop:lane_lost,0
1786524120.1406226,23.995560674862695,0.0,112.0,0.0,0.0,0.0,0.0,1.0,stop:lane_lost,0
1786524120.1816838,24.034413014692696,0.0,112.0,0.0,0.0,0.0,0.0,1.0,stop:lane_lost,0
1786524120.2227142,23.87156277676435,0.0,112.0,0.0,0.0,0.0,0.0,1.0,stop:lane_lost,0
1786524120.264322,24.22723848099669,0.0,112.0,0.0,0.0,0.0,0.0,1.0,stop:lane_lost,0
1786524120.304066,24.209937256390365,0.0,112.0,0.0,0.0,0.0,0.0,1.0,stop:lane_lost,0
1786524120.343823,24.384620326668124,0.0,112.0,0.0,0.0,0.0,0.0,1.0,stop:lane_lost,0
1786524120.3842614,24.57482366499661,0.0,112.0,0.0,0.0,0.0,0.0,1.0,stop:lane_lost,0
1786524120.4246018,24.572266529036416,0.0,112.0,0.0,0.0,0.0,0.0,1.0,stop:lane_lost,0
1786524120.4639635,24.597952200747322,0.0,112.0,0.0,0.0,0.0,0.0,1.0,stop:lane_lost,0
1786524120.5055025,24.757392236641476,0.0,112.0,0.0,0.0,0.0,0.0,1.0,stop:lane_lost,0
1786524120.5503373,24.503635481144975,0.0,112.0,0.0,0.0,0.0,0.0,1.0,stop:lane_lost,0
1786524120.5952632,24.150910224911016,0.0,112.0,0.0,0.0,0.0,0.0,1.0,stop:lane_lost,0
1786524120.6386778,23.687425042235816,0.0,112.0,0.0,0.0,0.0,0.0,1.0,stop:lane_lost,0
1786524120.679719,23.72215755778673,0.0,112.0,0.0,0.0,0.0,0.0,1.0,stop:lane_lost,0
1786524120.7177055,23.85289395925792,0.0,112.0,0.0,0.0,0.0,0.0,1.0,stop:lane_lost,0
1786524120.7590475,24.351839757175,0.0,112.0,0.0,0.0,0.0,0.0,1.0,stop:lane_lost,0
1786524120.799236,24.309843005878395,0.0,112.0,0.0,0.0,0.0,0.0,1.0,stop:lane_lost,0
1786524120.8412695,24.31967136269077,0.0,112.0,0.0,0.0,0.0,0.0,1.0,stop:lane_lost,0
1786524120.882574,24.089368589959115,0.0,112.0,0.0,0.0,0.0,0.0,1.0,stop:lane_lost,0
1786524120.921768,24.371497638655903,0.0,112.0,0.0,0.0,0.0,0.0,1.0,stop:lane_lost,0
1786524120.961064,24.55312372655948,0.0,112.0,0.0,0.0,0.0,0.0,1.0,stop:lane_lost,0
1786524121.0053186,24.368789679847637,0.0,112.0,0.0,0.0,0.0,0.0,1.0,stop:lane_lost,0
1786524121.0466378,24.060406888717324,0.0,112.0,0.0,0.0,0.0,0.0,1.0,stop:lane_lost,0
1786524121.0874615,24.444623730447113,0.0,112.0,0.0,0.0,0.0,0.0,1.0,stop:lane_lost,0
1786524121.126539,24.449737184506684,0.0,112.0,0.0,0.0,0.0,0.0,1.0,stop:lane_lost,0
1786524121.167074,24.476461744738092,0.0,112.0,0.0,0.0,0.0,0.0,1.0,stop:lane_lost,0
1786524121.2082832,24.70067975768086,0.0,112.0,0.0,0.0,0.0,0.0,1.0,stop:lane_lost,0
1786524121.2480388,24.646262807959722,0.0,112.0,0.0,0.0,0.0,0.0,1.0,stop:lane_lost,0
1786524121.2899876,24.744616960479828,0.0,112.0,0.0,0.0,0.0,0.0,1.0,stop:lane_lost,0
1786524121.3315277,24.562484631663253,0.0,112.0,0.0,0.0,0.0,0.0,1.0,stop:lane_lost,0
1786524121.3704753,24.432547202944264,0.0,112.0,0.0,0.0,0.0,0.0,1.0,stop:lane_lost,0
1786524121.4132788,24.63387041664353,0.0,112.0,0.0,0.0,0.0,0.0,1.0,stop:lane_lost,0
1786524121.4539397,24.439666372483416,0.0,112.0,0.0,0.0,0.0,0.0,1.0,stop:lane_lost,0
1786524121.4979017,24.47165569976063,0.0,112.0,0.0,0.0,0.0,0.0,1.0,stop:lane_lost,0
1786524121.539951,24.051649640870824,0.0,112.0,0.0,0.0,0.0,0.0,1.0,stop:lane_lost,0
1786524121.5781455,24.098143344671584,0.0,112.0,0.0,0.0,0.0,0.0,1.0,stop:lane_lost,0
1786524121.6174293,24.453496062655077,0.0,112.0,0.0,0.0,0.0,0.0,1.0,stop:lane_lost,0
1786524121.6575367,24.69698291015064,0.0,112.0,0.0,0.0,0.0,0.0,1.0,stop:lane_lost,0
1786524121.6972015,24.69670233901271,0.0,112.0,0.0,0.0,0.0,0.0,1.0,stop:lane_lost,0
1786524121.7366881,24.86497585010184,0.0,112.0,0.0,0.0,0.0,0.0,1.0,stop:lane_lost,0
1786524121.7780457,24.859774102725513,0.0,112.0,0.0,0.0,0.0,0.0,1.0,stop:lane_lost,0
1786524121.8173385,24.802037427365043,0.0,112.0,0.0,0.0,0.0,0.0,1.0,stop:lane_lost,0
1786524121.859079,24.94050178330795,0.0,112.0,0.0,0.0,0.0,0.0,1.0,stop:lane_lost,0
1786524121.8994133,24.695265171592453,0.0,112.0,0.0,0.0,0.0,0.0,1.0,stop:lane_lost,0
1786524121.9408658,24.730466515800988,0.0,112.0,0.0,0.0,0.0,0.0,1.0,stop:lane_lost,0
1786524121.986376,24.638550569651585,0.0,112.0,0.0,0.0,0.0,0.0,1.0,stop:lane_lost,0
1786524122.0268526,24.06500526007798,0.0,112.0,0.0,0.0,0.0,0.0,1.0,stop:lane_lost,0
1786524122.066764,24.066276677235823,0.0,112.0,0.0,0.0,0.0,0.0,1.0,stop:lane_lost,0
1786524122.106542,24.29097082984452,0.0,112.0,0.0,0.0,0.0,0.0,1.0,stop:lane_lost,0
1786524122.1475935,24.623525793850995,0.0,112.0,0.0,0.0,0.0,0.0,1.0,stop:lane_lost,0
1786524122.1888156,24.436026395720194,0.0,112.0,0.0,0.0,0.0,0.0,1.0,stop:lane_lost,0
1786524122.2284255,24.549537719195907,0.0,112.0,0.0,0.0,0.0,0.0,1.0,stop:lane_lost,0
1786524122.2762957,24.47412277166728,0.0,112.0,0.0,0.0,0.0,0.0,1.0,stop:lane_lost,0
1786524122.3186026,23.762383581206326,0.0,112.0,0.0,0.0,0.0,0.0,1.0,stop:lane_lost,0
1786524122.358897,23.934997589418195,0.0,112.0,0.0,0.0,0.0,0.0,1.0,stop:lane_lost,0
1786524122.4025383,24.11064238684985,0.0,112.0,0.0,0.0,0.0,0.0,1.0,stop:lane_lost,0
1786524122.445128,23.85417670100562,0.0,112.0,0.0,0.0,0.0,0.0,1.0,stop:lane_lost,0
1786524122.4865139,23.797059799273182,0.0,112.0,0.0,0.0,0.0,0.0,1.0,stop:lane_lost,0
1786524122.5274427,23.843797904410376,0.0,112.0,0.0,0.0,0.0,0.0,1.0,stop:lane_lost,0
1786524122.5670075,23.881513183542747,0.0,112.0,0.0,0.0,0.0,0.0,1.0,stop:lane_lost,0
1786524122.608875,24.210413984531357,0.0,112.0,0.0,0.0,0.0,0.0,1.0,stop:lane_lost,0
1786524122.6515026,24.008715660205116,0.0,112.0,0.0,0.0,0.0,0.0,1.0,stop:lane_lost,0
1786524122.690422,24.03303158692591,0.0,112.0,0.0,0.0,0.0,0.0,1.0,stop:lane_lost,0
1786524122.7375455,24.38158567398296,0.0,112.0,0.0,0.0,0.0,0.0,1.0,stop:lane_lost,0
1786524122.7782803,23.67083358745122,0.0,112.0,0.0,0.0,0.0,0.0,1.0,stop:lane_lost,0
1786524122.8203013,23.965280814739593,0.0,112.0,0.0,0.0,0.0,0.0,1.0,stop:lane_lost,0
1786524122.8618484,23.92362723020192,0.0,112.0,0.0,0.0,0.0,0.0,1.0,stop:lane_lost,0
1786524122.9000416,23.87748133950151,0.0,112.0,0.0,0.0,0.0,0.0,1.0,stop:lane_lost,0
1786524122.9391372,24.41557381768061,0.0,112.0,0.0,0.0,0.0,0.0,1.0,stop:lane_lost,0
1786524122.9795153,24.68450706788798,0.0,112.0,0.0,0.0,0.0,0.0,1.0,stop:lane_lost,0
1786524123.0191603,24.55954947637331,0.0,112.0,0.0,0.0,0.0,0.0,1.0,stop:lane_lost,0
1786524123.063432,24.84154117184265,0.0,112.0,0.0,0.0,0.0,0.0,1.0,stop:lane_lost,0
1786524123.10414,24.25642826627799,0.0,112.0,0.0,0.0,0.0,0.0,1.0,stop:lane_lost,0
1786524123.1463196,24.481473883471946,0.0,112.0,0.0,0.0,0.0,0.0,1.0,stop:lane_lost,0
1786524123.1873572,24.330680478219364,0.0,112.0,0.0,0.0,0.0,0.0,1.0,stop:lane_lost,0
1786524123.2271683,24.32999567898888,0.0,112.0,0.0,0.0,0.0,0.0,1.0,stop:lane_lost,0
1786524123.2680507,24.343947433370662,0.0,112.0,0.0,0.0,0.0,0.0,1.0,stop:lane_lost,0
1786524123.307788,24.544419263985652,0.0,112.0,0.0,0.0,0.0,0.0,1.0,stop:lane_lost,0
1786524123.3478608,24.611807426591156,0.0,112.0,0.0,0.0,0.0,0.0,1.0,stop:lane_lost,0
1786524123.3896365,24.70661469278967,0.0,112.0,0.0,0.0,0.0,0.0,1.0,stop:lane_lost,0
1786524123.4333618,24.495506554643065,0.0,112.0,0.0,0.0,0.0,0.0,1.0,stop:lane_lost,0
1786524123.4783885,24.1530852740082,0.0,112.0,0.0,0.0,0.0,0.0,1.0,stop:lane_lost,0
1786524123.5181174,23.823203459280528,0.0,112.0,0.0,0.0,0.0,0.0,1.0,stop:lane_lost,0
1786524123.5590515,24.16275502685301,0.0,112.0,0.0,0.0,0.0,0.0,1.0,stop:lane_lost,0
1786524123.59875,24.20510575571338,0.0,112.0,0.0,0.0,0.0,0.0,1.0,stop:lane_lost,0
1786524123.641207,24.192892966130493,0.0,112.0,0.0,0.0,0.0,0.0,1.0,stop:lane_lost,0
1786524123.6836286,24.069867715602243,0.0,112.0,0.0,0.0,0.0,0.0,1.0,stop:lane_lost,0
1786524123.725592,24.10744061135417,0.0,112.0,0.0,0.0,0.0,0.0,1.0,stop:lane_lost,0
1786524123.765066,23.974920355834428,0.0,112.0,0.0,0.0,0.0,0.0,1.0,stop:lane_lost,0
1786524123.8079696,24.36477702362736,0.0,112.0,0.0,0.0,0.0,0.0,1.0,stop:lane_lost,0
1786524123.8483067,24.142975323560425,0.0,112.0,0.0,0.0,0.0,0.0,1.0,stop:lane_lost,0
1786524123.8918462,24.308677520534513,0.0,112.0,0.0,0.0,0.0,0.0,1.0,stop:lane_lost,0
1786524123.9325001,24.045834014603283,0.0,112.0,0.0,0.0,0.0,0.0,1.0,stop:lane_lost,0
1786524123.972703,24.13039968854177,0.0,112.0,0.0,0.0,0.0,0.0,1.0,stop:lane_lost,0
1786524124.015794,23.854293971857345,0.0,112.0,0.0,0.0,0.0,0.0,1.0,stop:lane_lost,0
1786524124.0581498,24.15745896894017,0.0,112.0,0.0,0.0,0.0,0.0,1.0,stop:lane_lost,0
1786524124.0984044,24.082767097959387,0.0,112.0,0.0,0.0,0.0,0.0,1.0,stop:lane_lost,0
1786524124.1408336,24.189334227779902,0.0,112.0,0.0,0.0,0.0,0.0,1.0,stop:lane_lost,0
1786524124.1810508,23.9789955570485,0.0,112.0,0.0,0.0,0.0,0.0,1.0,stop:lane_lost,0
1786524124.220182,24.30798150259233,0.0,112.0,0.0,0.0,0.0,0.0,1.0,stop:lane_lost,0
1786524124.2625716,24.36610605811191,0.0,112.0,0.0,0.0,0.0,0.0,1.0,stop:lane_lost,0
1786524124.3025482,24.38363801439927,0.0,112.0,0.0,0.0,0.0,0.0,1.0,stop:lane_lost,0
1786524124.342612,24.485253375086227,0.0,112.0,0.0,0.0,0.0,0.0,1.0,stop:lane_lost,0
1786524124.3826067,24.5922885360718,0.0,112.0,0.0,0.0,0.0,0.0,1.0,stop:lane_lost,0
1786524124.4227738,24.677949218320826,0.0,112.0,0.0,0.0,0.0,0.0,1.0,stop:lane_lost,0
1786524124.4624922,24.671869475307368,0.0,112.0,0.0,0.0,0.0,0.0,1.0,stop:lane_lost,0
1786524124.5056472,24.741744437640126,0.0,112.0,0.0,0.0,0.0,0.0,1.0,stop:lane_lost,0
1786524124.545685,24.37699375817855,0.0,112.0,0.0,0.0,0.0,0.0,1.0,stop:lane_lost,0
1786524124.5874794,24.63879642817685,0.0,112.0,0.0,0.0,0.0,0.0,1.0,stop:lane_lost,0
1786524124.630268,24.489716091541304,0.0,112.0,0.0,0.0,0.0,0.0,1.0,stop:lane_lost,0
1786524124.6693368,24.284723552200354,0.0,112.0,0.0,0.0,0.0,0.0,1.0,stop:lane_lost,0
1786524124.70849,24.54153498642803,0.0,112.0,0.0,0.0,0.0,0.0,1.0,stop:lane_lost,0
1786524124.7489908,24.502461319581577,0.0,112.0,0.0,0.0,0.0,0.0,1.0,stop:lane_lost,0
1786524124.7896447,24.749858922644275,0.0,112.0,0.0,0.0,0.0,0.0,1.0,stop:lane_lost,0
1786524124.8341773,24.598493699584864,0.0,112.0,0.0,0.0,0.0,0.0,1.0,stop:lane_lost,0
1786524124.8792264,24.170165039088225,0.0,112.0,0.0,0.0,0.0,0.0,1.0,stop:lane_lost,0
1786524124.921668,23.899602848345832,0.0,112.0,0.0,0.0,0.0,0.0,1.0,stop:lane_lost,0
1786524124.9626281,23.702454442058265,0.0,112.0,0.0,0.0,0.0,0.0,1.0,stop:lane_lost,0
1786524125.0013041,24.009369420492003,0.0,112.0,0.0,0.0,0.0,0.0,1.0,stop:lane_lost,0
1786524125.0454547,24.330400297157585,0.0,112.0,0.0,0.0,0.0,0.0,1.0,stop:lane_lost,0
1786524125.084783,23.978935039060765,0.0,112.0,0.0,0.0,0.0,0.0,1.0,stop:lane_lost,0
1786524125.1261373,24.30503472113784,0.0,112.0,0.0,0.0,0.0,0.0,1.0,stop:lane_lost,0
1786524125.1645458,24.311119546790213,0.0,112.0,0.0,0.0,0.0,0.0,1.0,stop:lane_lost,0
1786524125.2070735,24.615834524243034,0.0,112.0,0.0,0.0,0.0,0.0,1.0,stop:lane_lost,0
1786524125.2493765,24.190440052618218,0.0,112.0,0.0,0.0,0.0,0.0,1.0,stop:lane_lost,0
1786524125.2915974,24.2680862800013,0.0,112.0,0.0,0.0,0.0,0.0,1.0,stop:lane_lost,0
1786524125.3314261,24.178717001858956,0.0,112.0,0.0,0.0,0.0,0.0,1.0,stop:lane_lost,0
1786524125.3703291,24.39252319056507,0.0,112.0,0.0,0.0,0.0,0.0,1.0,stop:lane_lost,0
1786524125.411289,24.598853299735026,0.0,112.0,0.0,0.0,0.0,0.0,1.0,stop:lane_lost,0
1786524125.4499738,24.627433975268097,0.0,112.0,0.0,0.0,0.0,0.0,1.0,stop:lane_lost,0
1786524125.490635,24.69694593779164,0.0,112.0,0.0,0.0,0.0,0.0,1.0,stop:lane_lost,0
1786524125.5302489,24.860962076474753,0.0,112.0,0.0,0.0,0.0,0.0,1.0,stop:lane_lost,0
1786524125.5679052,24.91072174372148,0.0,112.0,0.0,0.0,0.0,0.0,1.0,stop:lane_lost,0
1786524125.6069927,25.206764928691584,0.0,112.0,0.0,0.0,0.0,0.0,1.0,stop:lane_lost,0
1786524125.6482024,25.317307733636078,0.0,112.0,0.0,0.0,0.0,0.0,1.0,stop:lane_lost,0
1786524125.6902866,25.105171854138376,0.0,112.0,0.0,0.0,0.0,0.0,1.0,stop:lane_lost,0
1786524125.741844,24.849810531020076,0.0,112.0,0.0,0.0,0.0,0.0,1.0,stop:lane_lost,0
1786524125.7811415,23.7293813465578,0.0,112.0,0.0,0.0,0.0,0.0,1.0,stop:lane_lost,0
1786524125.8202007,24.12973917886803,0.0,112.0,0.0,0.0,0.0,0.0,1.0,stop:lane_lost,0
1786524125.860085,24.363487664224163,0.0,112.0,0.0,0.0,0.0,0.0,1.0,stop:lane_lost,0
1786524125.8987982,24.401451210928705,0.0,112.0,0.0,0.0,0.0,0.0,1.0,stop:lane_lost,0
1786524125.9387817,24.823604387669786,0.0,112.0,0.0,0.0,0.0,0.0,1.0,stop:lane_lost,0
1786524125.979228,24.893906500713125,0.0,112.0,0.0,0.0,0.0,0.0,1.0,stop:lane_lost,0
1786524126.0194428,24.74691081230742,0.0,112.0,0.0,0.0,0.0,0.0,1.0,stop:lane_lost,0
1786524126.0632758,24.86287798793945,0.0,112.0,0.0,0.0,0.0,0.0,1.0,stop:lane_lost,0
1786524126.1034722,24.469462363125018,0.0,112.0,0.0,0.0,0.0,0.0,1.0,stop:lane_lost,0
1786524126.145056,24.375879990623496,0.0,112.0,0.0,0.0,0.0,0.0,1.0,stop:lane_lost,0
1786524126.1871998,24.477898363426316,0.0,112.0,0.0,0.0,0.0,0.0,1.0,stop:lane_lost,0
1786524126.2285771,24.321588362131425,0.0,112.0,0.0,0.0,0.0,0.0,1.0,stop:lane_lost,0
1786524126.2742138,24.299603369210267,0.0,112.0,0.0,0.0,0.0,0.0,1.0,stop:lane_lost,0
1786524126.3175876,23.83384754326499,0.0,112.0,0.0,0.0,0.0,0.0,1.0,stop:lane_lost,0
1786524126.3589733,23.639378739709045,0.0,112.0,0.0,0.0,0.0,0.0,1.0,stop:lane_lost,0
1786524126.4009826,23.602664920165665,0.0,112.0,0.0,0.0,0.0,0.0,1.0,stop:lane_lost,0
1786524126.440009,23.757497957245874,0.0,112.0,0.0,0.0,0.0,0.0,1.0,stop:lane_lost,0
1786524126.4795237,24.176534140091867,0.0,112.0,0.0,0.0,0.0,0.0,1.0,stop:lane_lost,0
1786524126.5212307,24.25529452721781,0.0,112.0,0.0,0.0,0.0,0.0,1.0,stop:lane_lost,0
1786524126.5625463,24.36858661727582,0.0,112.0,0.0,0.0,0.0,0.0,1.0,stop:lane_lost,0
1786524126.6044471,24.305306094523786,0.0,112.0,0.0,0.0,0.0,0.0,1.0,stop:lane_lost,0
1786524126.6448052,24.197464825634178,0.0,112.0,0.0,0.0,0.0,0.0,1.0,stop:lane_lost,0
1786524126.6840029,24.367887861996333,0.0,112.0,0.0,0.0,0.0,0.0,1.0,stop:lane_lost,0
1786524126.722927,24.4290022324512,0.0,112.0,0.0,0.0,0.0,0.0,1.0,stop:lane_lost,0
1786524126.7612333,24.86160374129732,0.0,112.0,0.0,0.0,0.0,0.0,1.0,stop:lane_lost,0
1786524126.801949,24.98245363687745,0.0,112.0,0.0,0.0,0.0,0.0,1.0,stop:lane_lost,0
1786524126.8453102,24.820656399293455,0.0,112.0,0.0,0.0,0.0,0.0,1.0,stop:lane_lost,0
1786524126.8839011,24.651518302586723,0.0,112.0,0.0,0.0,0.0,0.0,1.0,stop:lane_lost,0
1786524126.930279,24.86592518893596,0.0,112.0,0.0,0.0,0.0,0.0,1.0,stop:lane_lost,0
1786524126.9706743,24.22035720727872,0.0,112.0,0.0,0.0,0.0,0.0,1.0,stop:lane_lost,0
1786524127.009647,24.344824852074094,0.0,112.0,0.0,0.0,0.0,0.0,1.0,stop:lane_lost,0
1786524127.052786,24.60547131256026,0.0,112.0,0.0,0.0,0.0,0.0,1.0,stop:lane_lost,0
1786524127.0931754,24.283957683290932,0.0,112.0,0.0,0.0,0.0,0.0,1.0,stop:lane_lost,0
1786524127.1317983,24.400621695335296,0.0,112.0,0.0,0.0,0.0,0.0,1.0,stop:lane_lost,0
1786524127.1755793,24.6661867454209,0.0,112.0,0.0,0.0,0.0,0.0,1.0,stop:lane_lost,0
1786524127.215196,24.292275068384868,0.0,112.0,0.0,0.0,0.0,0.0,1.0,stop:lane_lost,0
1786524127.2580342,24.540048499403916,0.0,112.0,0.0,0.0,0.0,0.0,1.0,stop:lane_lost,0
1786524127.29802,24.29200339642068,0.0,112.0,0.0,0.0,0.0,0.0,1.0,stop:lane_lost,0
1786524127.3392034,24.4434663871442,0.0,112.0,0.0,0.0,0.0,0.0,1.0,stop:lane_lost,0
1786524127.3780355,24.40113930312593,0.0,112.0,0.0,0.0,0.0,0.0,1.0,stop:lane_lost,0
1786524127.419145,24.555736446006946,0.0,112.0,0.0,0.0,0.0,0.0,1.0,stop:lane_lost,0
1786524127.4614768,24.63195205202325,0.0,112.0,0.0,0.0,0.0,0.0,1.0,stop:lane_lost,0
1786524127.5024097,24.34234877472222,0.0,112.0,0.0,0.0,0.0,0.0,1.0,stop:lane_lost,0
1786524127.5445552,24.234559493321477,0.0,112.0,0.0,0.0,0.0,0.0,1.0,stop:lane_lost,0
1786524127.5869086,24.36577110648593,0.0,112.0,0.0,0.0,0.0,0.0,1.0,stop:lane_lost,0
1786524127.6291678,24.202299896829853,0.0,112.0,0.0,0.0,0.0,0.0,1.0,stop:lane_lost,0
1786524127.6750908,23.973435007826897,0.0,112.0,0.0,0.0,0.0,0.0,1.0,stop:lane_lost,0
1786524127.7175598,23.63403136310294,0.0,112.0,0.0,0.0,0.0,0.0,1.0,stop:lane_lost,0
1786524127.7630527,23.039306067191905,0.0,112.0,0.0,0.0,0.0,0.0,1.0,stop:lane_lost,0
1786524127.8085833,23.201652730300946,0.0,112.0,0.0,0.0,0.0,0.0,1.0,stop:lane_lost,0
1786524127.8469718,23.20928933539656,0.0,112.0,0.0,0.0,0.0,0.0,1.0,stop:lane_lost,0
1786524127.8909268,23.73351538352612,0.0,112.0,0.0,0.0,0.0,0.0,1.0,stop:lane_lost,0
1786524127.9317708,23.417589575651466,0.0,112.0,0.0,0.0,0.0,0.0,1.0,stop:lane_lost,0
1786524127.9749422,23.803868311576416,0.0,112.0,0.0,0.0,0.0,0.0,1.0,stop:lane_lost,0
1786524128.0164351,23.67625094738228,0.0,112.0,0.0,0.0,0.0,0.0,1.0,stop:lane_lost,0
1786524128.0583427,23.731382055437052,0.0,112.0,0.0,0.0,0.0,0.0,1.0,stop:lane_lost,0
1786524128.0987568,23.70250121741646,0.0,112.0,0.0,0.0,0.0,0.0,1.0,stop:lane_lost,0
1786524128.1384096,23.973420746759665,0.0,112.0,0.0,0.0,0.0,0.0,1.0,stop:lane_lost,0
1786524128.1784115,24.260650700358298,0.0,112.0,0.0,0.0,0.0,0.0,1.0,stop:lane_lost,0
1786524128.217625,24.419580596166256,0.0,112.0,0.0,0.0,0.0,0.0,1.0,stop:lane_lost,0
1786524128.2576203,24.62498743868382,0.0,112.0,0.0,0.0,0.0,0.0,1.0,stop:lane_lost,0
1786524128.2974696,24.69843480981849,0.0,112.0,0.0,0.0,0.0,0.0,1.0,stop:lane_lost,0
1786524128.3383875,24.79133586835247,0.0,112.0,0.0,0.0,0.0,0.0,1.0,stop:lane_lost,0
1786524128.378341,24.667926511077336,0.0,112.0,0.0,0.0,0.0,0.0,1.0,stop:lane_lost,0
1786524128.417603,24.661150622116143,0.0,112.0,0.0,0.0,0.0,0.0,1.0,stop:lane_lost,0
1786524128.4589896,24.71107442222962,0.0,112.0,0.0,0.0,0.0,0.0,1.0,stop:lane_lost,0
1786524128.5035286,24.847057179923635,0.0,112.0,0.0,0.0,0.0,0.0,1.0,stop:lane_lost,0
1786524128.5461206,24.339306746650813,0.0,112.0,0.0,0.0,0.0,0.0,1.0,stop:lane_lost,0
1786524128.5866401,24.184776143717926,0.0,112.0,0.0,0.0,0.0,0.0,1.0,stop:lane_lost,0
1786524128.6263995,24.263498487910084,0.0,112.0,0.0,0.0,0.0,0.0,1.0,stop:lane_lost,0
1786524128.665811,24.4676032655993,0.0,112.0,0.0,0.0,0.0,0.0,1.0,stop:lane_lost,0
1786524128.7060876,24.620957736298564,0.0,112.0,0.0,0.0,0.0,0.0,1.0,stop:lane_lost,0
1786524128.746253,24.666822840254053,0.0,112.0,0.0,0.0,0.0,0.0,1.0,stop:lane_lost,0
1786524128.7881186,24.64242431948474,0.0,112.0,0.0,0.0,0.0,0.0,1.0,stop:lane_lost,0
1786524128.8267326,24.584259750479116,0.0,112.0,0.0,0.0,0.0,0.0,1.0,stop:lane_lost,0
1786524128.8670352,24.696298399653504,0.0,112.0,0.0,0.0,0.0,0.0,1.0,stop:lane_lost,0
1786524128.907992,24.816854982118045,0.0,112.0,0.0,0.0,0.0,0.0,1.0,stop:lane_lost,0
1786524128.9477763,24.786679880240776,0.0,112.0,0.0,0.0,0.0,0.0,1.0,stop:lane_lost,0
1786524128.9862561,24.81453787813759,0.0,112.0,0.0,0.0,0.0,0.0,1.0,stop:lane_lost,0
1786524129.0269535,25.034434545813237,0.0,112.0,0.0,0.0,0.0,0.0,1.0,stop:lane_lost,0
1786524129.0687468,24.97912136925784,0.0,112.0,0.0,0.0,0.0,0.0,1.0,stop:lane_lost,0
1786524129.107446,24.71789192524078,0.0,112.0,0.0,0.0,0.0,0.0,1.0,stop:lane_lost,0
1786524129.1546159,24.7763329804642,0.0,112.0,0.0,0.0,0.0,0.0,1.0,stop:lane_lost,0
1786524129.198804,23.84352877979193,0.0,112.0,0.0,0.0,0.0,0.0,1.0,stop:lane_lost,0
1786524129.2430193,24.07865458279873,0.0,112.0,0.0,0.0,0.0,0.0,1.0,stop:lane_lost,0
1786524129.2826371,23.798859241650007,0.0,112.0,0.0,0.0,0.0,0.0,1.0,stop:lane_lost,0
1786524129.3218646,24.087913454117118,0.0,112.0,0.0,0.0,0.0,0.0,1.0,stop:lane_lost,0
1786524129.36239,24.311170258693334,0.0,112.0,0.0,0.0,0.0,0.0,1.0,stop:lane_lost,0
1786524129.4017549,24.437653350049942,0.0,112.0,0.0,0.0,0.0,0.0,1.0,stop:lane_lost,0
1786524129.445649,24.544302961761513,0.0,112.0,0.0,0.0,0.0,0.0,1.0,stop:lane_lost,0
1786524129.4958591,24.26918004347316,0.0,112.0,0.0,0.0,0.0,0.0,1.0,stop:lane_lost,0
1786524129.5354114,23.366777128652203,0.0,112.0,0.0,0.0,0.0,0.0,1.0,stop:lane_lost,0
1786524129.5762477,23.776156425661803,0.0,112.0,0.0,0.0,0.0,0.0,1.0,stop:lane_lost,0
1786524129.6175785,23.9456115420968,0.0,112.0,0.0,0.0,0.0,0.0,1.0,stop:lane_lost,0
1786524129.658729,23.984781520069852,0.0,112.0,0.0,0.0,0.0,0.0,1.0,stop:lane_lost,0
1786524129.6999881,24.043303837079755,0.0,112.0,0.0,0.0,0.0,0.0,1.0,stop:lane_lost,0
1786524129.743063,24.097167824760707,0.0,112.0,0.0,0.0,0.0,0.0,1.0,stop:lane_lost,0
1786524129.7837849,23.803880471231114,0.0,112.0,0.0,0.0,0.0,0.0,1.0,stop:lane_lost,0
1786524129.8265185,24.091445779787414,0.0,112.0,0.0,0.0,0.0,0.0,1.0,stop:lane_lost,0
1786524129.866098,23.953226574035128,0.0,112.0,0.0,0.0,0.0,0.0,1.0,stop:lane_lost,0
1786524129.912431,24.20343409486272,0.0,112.0,0.0,0.0,0.0,0.0,1.0,stop:lane_lost,0
1786524129.9521189,23.685599774109946,0.0,112.0,0.0,0.0,0.0,0.0,1.0,stop:lane_lost,0
1786524129.9930878,23.96218314791854,0.0,112.0,0.0,0.0,0.0,0.0,1.0,stop:lane_lost,0
1786524130.034198,23.984858149077585,0.0,112.0,0.0,0.0,0.0,0.0,1.0,stop:lane_lost,0
1786524130.0743923,24.071778698053656,0.0,112.0,0.0,0.0,0.0,0.0,1.0,stop:lane_lost,0
1786524130.1180484,24.317899319821244,0.0,112.0,0.0,0.0,0.0,0.0,1.0,stop:lane_lost,0
1786524130.1581311,23.973567396009177,0.0,112.0,0.0,0.0,0.2,0.1,1.0,reacquire:road,0
1786524130.1974173,24.242052764889426,0.0,112.0,0.0,0.0,0.4,0.1,1.0,reacquire:road,0
1786524130.237762,24.37910149673565,0.0,112.0,0.0,0.0,0.25,0.0,1.0,stop:lane_lost,0
1786524130.2778757,24.502331127884936,0.0,112.0,0.0,0.0,0.10000000000000002,0.0,1.0,stop:lane_lost,0
1786524130.3188596,24.63484881401238,0.0,112.0,0.0,0.0,0.0,0.0,1.0,stop:lane_lost,0
1786524130.3590558,24.550755203474093,0.0,112.0,0.0,0.0,0.0,0.0,1.0,stop:lane_lost,0
1786524130.3981447,24.612565655969775,0.0,112.0,0.0,0.0,0.2,0.1,1.0,reacquire:road,0
1786524130.4398427,24.80968581165076,0.0,112.0,0.0,0.0,0.4,0.1,1.0,reacquire:road,0
1786524130.4828074,24.67668444386454,0.0,112.0,0.0,0.0,0.6,0.1,1.0,reacquire:road,0
1786524130.5240083,24.389939242101388,0.0,112.0,0.0,0.0,0.725,0.1,1.0,reacquire:road,0
1786524130.5637932,24.35000118449708,0.0,112.0,0.0,0.0,0.725,0.1,1.0,reacquire:road,0
1786524130.6059487,24.551411350736256,0.0,112.0,0.0,0.0,0.575,0.0,1.0,stop:lane_lost,0
1786524130.647188,24.331941453781297,0.0,112.0,0.0,0.0,0.42499999999999993,0.0,1.0,stop:lane_lost,0
1786524130.6892946,24.32135101969891,0.0,112.0,0.0,0.0,0.27499999999999997,0.0,1.0,stop:lane_lost,0
1786524130.7298768,24.225665570137735,0.0,112.0,0.0,0.0,0.12499999999999997,0.0,1.0,stop:lane_lost,0
1786524130.7721388,24.339888795113406,0.0,112.0,0.0,0.0,0.325,0.1,1.0,reacquire:road,0
1786524130.812064,24.169931665983455,0.0,112.0,0.0,0.0,0.525,0.1,1.0,reacquire:road,0
1786524130.8530726,24.283659007984838,0.0,112.0,0.0,0.0,0.725,0.1,1.0,reacquire:road,0
1786524130.893281,24.397614442348942,0.0,112.0,0.0,0.0,0.725,0.1,1.0,reacquire:road,0
1786524130.9339888,24.45840857204092,0.0,112.0,0.0,0.0,0.725,0.1,1.0,reacquire:road,0
1786524130.9761837,24.450022679990585,0.0,112.0,0.0,0.0,0.725,0.1,1.0,reacquire:road,0
1786524131.0159996,24.18817661913409,0.0,112.0,0.0,0.0,0.725,0.1,1.0,reacquire:road,0
1786524131.0574558,24.38929066368733,0.0,112.0,0.0,0.0,0.725,0.1,1.0,reacquire:road,0
1786524131.0970416,24.48361936084244,0.0,112.0,0.0,0.0,0.575,0.0,1.0,stop:lane_lost,0
1786524131.1382856,24.664106025478684,0.0,112.0,0.0,0.0,0.42499999999999993,0.0,1.0,stop:lane_lost,0
1786524131.1790578,24.569852774566794,0.0,112.0,0.0,0.0,0.625,0.1,1.0,reacquire:road,0
1786524131.2217116,24.54535878022515,0.0,112.0,0.0,0.0,0.725,0.1,1.0,reacquire:road,0
1786524131.2607648,24.349895480415142,0.0,112.0,0.0,0.0,0.725,0.1,1.0,reacquire:road,0
1786524131.301103,24.60308779961595,0.0,112.0,0.0,0.0,0.725,0.1,1.0,reacquire:road,0
1786524131.33903,24.62424318224951,0.0,112.0,0.0,0.0,0.725,0.1,1.0,reacquire:road,0
1786524131.3775795,24.930542221969276,0.0,112.0,0.0,0.0,0.725,0.1,1.0,reacquire:road,0
1786524131.4177148,25.121759513811924,0.0,112.0,0.0,0.0,0.725,0.1,1.0,reacquire:road,0
1786524131.4656107,24.879490714174356,0.0,112.0,0.0,0.0,0.725,0.1,1.0,reacquire:road,0
1786524131.5044167,24.26415538838594,0.0,112.0,0.0,0.0,0.725,0.1,1.0,reacquire:road,0
1786524131.5439231,24.53074595528894,0.0,112.0,0.0,0.0,0.725,0.1,1.0,reacquire:road,0
1786524131.5865984,24.682160564550358,0.0,112.0,0.0,0.0,0.725,0.1,1.0,reacquire:road,0
1786524131.6257684,24.47508096752653,0.0,112.0,0.0,0.0,0.725,0.1,1.0,reacquire:road,0
1786524131.6651087,24.545654848689235,0.0,112.0,0.0,0.0,0.725,0.1,1.0,reacquire:road,0
1786524131.7061841,24.6733432806249,0.0,112.0,0.0,0.0,0.725,0.1,1.0,reacquire:road,0
1786524131.7466822,24.78177167100683,0.0,112.0,0.0,0.0,0.725,0.1,1.0,reacquire:road,0
1786524131.7851744,24.761949088653065,0.0,112.0,0.0,0.0,0.725,0.1,1.0,reacquire:road,0
1786524131.8247886,24.894966265742053,0.0,112.0,0.0,0.0,0.725,0.1,1.0,reacquire:road,0
1786524131.8640013,25.068338905622447,0.0,112.0,0.0,0.0,0.725,0.1,1.0,reacquire:road,0
1786524131.9061382,25.142025320254078,0.0,112.0,0.0,0.0,0.725,0.1,1.0,reacquire:road,0
1786524131.9453876,24.852474666166632,0.0,112.0,0.0,0.0,0.725,0.1,1.0,reacquire:road,0
1786524131.9879234,24.99245544150551,0.0,112.0,0.0,0.0,0.725,0.1,1.0,reacquire:road,0
1786524132.0300007,24.68966388841453,0.0,112.0,0.0,0.0,0.725,0.1,1.0,reacquire:road,0
1786524132.079726,24.54332596332169,0.0,112.0,0.0,0.0,0.725,0.1,1.0,reacquire:road,0
1786524132.1234803,23.65124113409074,0.0,112.0,0.0,0.0,0.725,0.1,1.0,reacquire:road,0
1786524132.1665277,23.312861029652883,0.0,112.0,0.0,0.0,0.725,0.1,1.0,reacquire:road,0
1786524132.208755,23.127425819935752,0.0,112.0,0.0,0.0,0.725,0.1,1.0,reacquire:road,0
1786524132.2480705,23.664010417733657,0.0,112.0,0.0,0.0,0.725,0.1,1.0,reacquire:road,0
1786524132.2902138,23.879610601577063,0.0,112.0,0.0,0.0,0.5249999999999999,0.1,1.0,reacquire:road,0
1786524132.3311677,23.953133343465193,0.0,112.0,0.0,0.0,0.32499999999999984,0.1,1.0,reacquire:road,0
1786524132.3733747,24.005621008409854,0.0,112.0,0.0,0.0,0.12499999999999986,0.1,1.0,reacquire:road,0
1786524132.4194338,23.995463917402816,0.0,112.0,0.0,0.0,-0.07500000000000014,0.1,1.0,reacquire:road,0
1786524132.4594758,23.534436009010143,0.0,112.0,0.0,0.0,0.12499999999999986,0.1,1.0,reacquire:road,0
1786524132.4992354,23.734664348060495,0.0,112.0,0.0,0.0,-0.07500000000000014,0.1,1.0,reacquire:road,0
1786524132.5397673,23.981820724067486,0.0,112.0,0.0,0.0,-0.27500000000000013,0.1,1.0,reacquire:road,0
1786524132.5832763,24.25990289309361,0.0,112.0,0.0,0.0,-0.47500000000000014,0.1,1.0,reacquire:road,0
1786524132.6227682,23.98003790512744,0.0,112.0,0.0,0.0,-0.6750000000000002,0.1,1.0,reacquire:road,0
1786524132.6619875,24.249252787730846,0.0,112.0,0.0,0.0,-0.47500000000000014,0.1,1.0,reacquire:road,0
1786524132.702289,24.47091975604669,0.0,112.0,0.0,0.0,-0.6750000000000002,0.1,1.0,reacquire:road,0
1786524132.7405834,24.58725313120263,0.0,112.0,0.0,0.0,-0.47500000000000014,0.1,1.0,reacquire:road,0
1786524132.7809126,24.850551050598117,0.0,112.0,0.0,0.0,-0.6750000000000002,0.1,1.0,reacquire:road,0
1786524132.8215196,24.858770916474953,0.0,112.0,0.0,0.0,-0.47500000000000014,0.1,1.0,reacquire:road,0
1786524132.860169,24.810206723001258,0.0,112.0,0.0,0.0,-0.27500000000000013,0.1,1.0,reacquire:road,0
1786524132.903692,24.925510222473065,0.0,112.0,0.0,0.0,-0.07500000000000014,0.1,1.0,reacquire:road,0
1786524132.9425032,24.6361307551345,0.0,112.0,0.0,0.0,0.12499999999999986,0.1,1.0,reacquire:road,0
1786524132.9821115,24.83611189883553,0.0,112.0,0.0,0.0,0.32499999999999984,0.1,1.0,reacquire:road,0
1786524133.0225348,24.937280999956833,0.0,112.0,0.0,0.0,0.5249999999999999,0.1,1.0,reacquire:road,0
1786524133.0624113,24.867743628118934,0.0,112.0,0.0,0.0,0.725,0.1,1.0,reacquire:road,0
1786524133.1010485,24.903444230944512,0.0,112.0,0.0,0.0,0.725,0.1,1.0,reacquire:road,0
1786524133.1399696,25.129163838402125,0.0,112.0,0.0,0.0,0.725,0.1,1.0,reacquire:road,0
1786524133.1790311,25.26131668849551,0.0,112.0,0.0,0.0,0.725,0.1,1.0,reacquire:road,0
1786524133.2159271,25.31875389501192,0.0,112.0,0.0,0.0,0.725,0.1,1.0,reacquire:road,0
1786524133.2548587,25.62910250427324,0.0,112.0,0.0,0.0,0.725,0.1,1.0,reacquire:road,0
1786524133.294006,25.621652772840722,0.0,112.0,0.0,0.0,0.725,0.1,1.0,reacquire:road,0
1786524133.333524,25.678455277695175,0.0,112.0,0.0,0.0,0.725,0.1,1.0,reacquire:road,0
1786524133.3721735,25.60208040397012,0.0,112.0,0.0,0.0,0.725,0.1,1.0,reacquire:road,0
1786524133.414588,25.388930367229097,0.0,112.0,0.0,0.0,0.725,0.1,1.0,reacquire:road,0
1786524133.4571033,25.211703013778294,0.0,112.0,0.0,0.0,0.725,0.1,1.0,reacquire:road,0
1786524133.4990995,24.906398635087125,0.0,112.0,0.0,0.0,0.575,0.0,1.0,stop:lane_lost,0
1786524133.542373,24.70088567414676,0.0,112.0,0.0,0.0,0.725,0.1,1.0,reacquire:road,0
1786524133.5881958,24.2035278004604,0.0,112.0,0.0,0.0,0.725,0.1,1.0,reacquire:road,0
1786524133.6283886,23.888642952664053,0.0,112.0,0.0,0.0,0.725,0.1,1.0,reacquire:road,0
1786524133.670124,24.10781765621243,0.0,112.0,0.0,0.0,0.725,0.1,1.0,reacquire:road,0
1786524133.712883,23.98102941290024,0.0,112.0,0.0,0.0,0.725,0.1,1.0,reacquire:road,0
1786524133.7545702,23.961214061190844,0.0,112.0,0.0,0.0,0.725,0.1,1.0,reacquire:road,0
1786524133.7954972,23.905989970243343,0.0,112.0,0.0,0.0,0.725,0.1,1.0,reacquire:road,0
1786524133.8383384,23.93736904956494,0.0,112.0,0.0,0.0,0.725,0.1,1.0,reacquire:road,0
1786524133.8766282,23.91039270782511,0.0,112.0,0.0,0.0,0.725,0.1,1.0,reacquire:road,0
1786524133.9185576,24.356192822461153,0.0,112.0,0.0,0.0,0.725,0.1,1.0,reacquire:road,0
1786524133.9590585,24.110280728038788,0.0,112.0,0.0,0.0,0.725,0.1,1.0,reacquire:road,0
1786524134.0002894,24.427241015252772,0.0,112.0,0.0,0.0,0.725,0.1,1.0,reacquire:road,0
1786524134.0404558,24.190272025041466,0.0,112.0,0.0,0.0,0.725,0.1,1.0,reacquire:road,0
1786524134.0801857,24.56700452376623,0.0,112.0,0.0,0.0,0.725,0.1,1.0,reacquire:road,0
1786524134.124588,24.48972791994703,0.0,112.0,0.0,0.0,0.725,0.1,1.0,reacquire:road,0
1786524134.1629732,24.26306761137706,0.0,112.0,0.0,0.0,0.725,0.1,1.0,reacquire:road,0
1786524134.20275,24.548239606458406,0.0,112.0,0.0,0.0,0.725,0.1,1.0,reacquire:road,0
1786524134.2419682,24.571914375716347,0.0,112.0,0.0,0.0001306506401881369,0.725,0.1,1.0,reacquire:road,0
1786524134.284944,24.938128706450453,0.0,112.0,0.0,0.0,0.725,0.1,1.0,reacquire:road,0
1786524134.3258877,24.572333362987912,0.0,112.0,0.0,0.0,0.725,0.1,1.0,reacquire:road,0
1786524134.3728547,24.54321895336753,0.0,112.0,0.0,0.001567807682257643,0.725,0.1,1.0,reacquire:road,0
1786524134.4140294,23.863479674288882,0.0,112.0,0.0,0.0013065064018813691,0.725,0.1,1.0,reacquire:road,0
1786524134.4564872,23.998081089319314,0.0,112.0,0.0,0.0,0.725,0.1,1.0,reacquire:road,0
1786524134.4971461,23.91773306782868,0.0,112.0,0.0,0.0005226025607525476,0.725,0.1,1.0,reacquire:road,0
1786524134.5374591,24.0022530859562,0.0,112.0,0.0,0.0,0.725,0.1,1.0,reacquire:road,0
1786524134.5806088,24.21475970997643,0.0,112.0,0.0,0.0,0.725,0.1,1.0,reacquire:road,0
1786524134.6214797,23.958608885480608,0.0,112.0,0.0,0.0,0.725,0.1,1.0,reacquire:road,0
1786524134.6619427,24.094992822151475,0.0,112.0,0.0,0.0,0.725,0.1,1.0,reacquire:road,0
1786524134.7054584,24.250487048480878,0.0,112.0,0.0,0.0,0.575,0.0,1.0,stop:lane_lost,0
1786524134.7452123,23.90460390552053,0.0,112.0,0.0,0.0,0.42499999999999993,0.0,1.0,stop:lane_lost,0
1786524134.7883172,24.26755966599068,0.0,112.0,0.0,0.0,0.27499999999999997,0.0,1.0,stop:lane_lost,0
1786524134.8353846,23.98181238271521,0.0,112.0,0.0,0.0,0.12499999999999997,0.0,1.0,stop:lane_lost,0
1786524134.874325,23.432196770722598,0.0,112.0,0.0,0.0,0.0,0.0,1.0,stop:lane_lost,0
1786524134.9182906,23.969390417201488,0.0,112.0,0.0,0.0,0.0,0.0,1.0,stop:lane_lost,0
1786524134.9671028,23.513361650225637,0.0,112.0,0.0,0.0,0.0,0.0,1.0,stop:lane_lost,0
1786524135.0157874,22.933666345394307,0.0,112.0,0.0,0.0,-0.2,0.1,1.0,reacquire:road,0
1786524135.0591314,22.624958070492966,0.0,112.0,0.0,0.0,-0.4,0.1,1.0,reacquire:road,0
1786524135.0985682,22.683542919854517,0.0,112.0,0.0,0.0,-0.6,0.1,1.0,reacquire:road,0
1786524135.1405897,23.09887407853492,0.0,112.0,0.0,0.0,-0.725,0.1,1.0,reacquire:road,0
1786524135.1827512,23.388485855366433,0.0,112.0,0.0,0.0,-0.5249999999999999,0.1,1.0,reacquire:road,0
1786524135.2277405,23.43931433330761,0.0,112.0,0.0,0.0,-0.32499999999999984,0.1,1.0,reacquire:road,0
1786524135.2748454,23.06431671777148,0.0,112.0,0.0,0.0,-0.12499999999999986,0.1,1.0,reacquire:road,0
1786524135.3280406,22.738079394720177,0.0694815668202765,2.3928571428614305,0.0,0.0,-0.04269207823061158,0.1162533410138249,1.0,follow,0
1786524135.3711586,22.027544804559092,0.0,112.0,0.0,0.0,-0.04269207823061158,0.0,1.0,slow:lane_dropout,0
1786524135.4231086,22.239375760455342,0.0701958525345622,2.430357142860885,0.0,0.0,-0.14015078997975258,0.028154738949751845,1.0,follow,0
1786524135.4659727,21.65575036452051,0.0,112.0,0.0,0.0,-0.14015078997975258,0.0,1.0,slow:lane_dropout,0
1786524135.5058458,21.978448460922984,0.0,112.0,0.0,0.0,-0.14015078997975258,0.0,1.0,slow:lane_dropout,0
1786524135.5557833,22.60879931313874,0.0,3.2821428571369324,0.0,0.0,-0.14015078997975258,0.0,1.0,slow:lane_dropout,0
1786524135.6072598,22.056395781449957,0.0,3.0952380952403473,0.0,0.0,0.05984921002024742,0.1,1.0,reacquire:road,0
1786524135.6598415,21.534923681377517,0.0,3.0178571428573377,0.0,0.0,0.2598492100202474,0.1,1.0,reacquire:road,0
1786524135.7025673,21.041724023830675,0.0,112.0,0.0,0.0,0.45984921002024737,0.1,1.0,reacquire:road,0
1786524135.74243,21.487842240565442,0.0,112.0,0.0,0.0,0.6598492100202474,0.1,1.0,reacquire:road,0
1786524135.78942,22.199732276178157,0.0,112.0,0.0,0.0,0.725,0.1,1.0,reacquire:road,0
1786524135.8400154,22.07185677803779,0.0,1.8214285714302605,0.0,0.0,0.725,0.1,1.0,reacquire:road,0
1786524135.891472,21.547808727548325,0.0,3.6785714285722406,0.0,0.0,0.725,0.1,1.0,reacquire:road,0
1786524135.938957,21.166232320079416,0.0,112.0,0.0,0.0,0.725,0.1,1.0,reacquire:road,0
1786524135.9815667,21.151094555250182,0.0,112.0,0.0,0.0,0.725,0.1,1.0,reacquire:road,0
1786524136.0235336,21.261191192583755,0.0,112.0,0.0,0.0,0.5249999999999999,0.1,1.0,reacquire:road,0
1786524136.0629556,22.195208236517654,0.0,112.0,0.0,0.0,0.32499999999999984,0.1,1.0,reacquire:road,0
1786524136.1033647,22.6678327294952,0.0,112.0,0.0,0.0,0.12499999999999986,0.1,1.0,reacquire:road,0
1786524136.1441667,23.252589142596623,0.0,112.0,0.0,0.0,-0.07500000000000014,0.1,1.0,reacquire:road,0
1786524136.183539,23.52286389927061,0.0,112.0,0.0,0.0,0.12499999999999986,0.1,1.0,reacquire:road,0
1786524136.2243085,23.740168618753977,0.0,112.0,0.0,0.0,0.32499999999999984,0.1,1.0,reacquire:road,0
1786524136.264526,24.065709592177097,0.0,112.0,0.0,0.0,0.5249999999999999,0.1,1.0,reacquire:road,0
1786524136.304103,24.21851727463335,0.0,112.0,0.0,0.0,0.32499999999999984,0.1,1.0,reacquire:road,0
1786524136.3447409,24.26807227965821,0.0,112.0,0.0,0.0,0.12499999999999986,0.1,1.0,reacquire:road,0
1786524136.3901181,24.431357752858293,0.0,112.0,0.0,0.0,-0.07500000000000014,0.1,1.0,reacquire:road,0
1786524136.4311054,23.980669337335442,0.0,112.0,0.0,0.0,-0.27500000000000013,0.1,1.0,reacquire:road,0
1786524136.4777646,23.969293947048435,0.0,112.0,0.0,0.0,-0.47500000000000014,0.1,1.0,reacquire:road,0
1786524136.51957,23.561779835083833,0.0,112.0,0.0,0.0,-0.6750000000000002,0.1,1.0,reacquire:road,0
1786524136.558305,23.607673840795616,0.0,112.0,0.0,0.0,-0.725,0.1,1.0,reacquire:road,0
1786524136.6008012,24.035561537904115,0.0,112.0,0.0,0.0,-0.725,0.1,1.0,reacquire:road,0
1786524136.6394653,23.97115484233706,0.0,112.0,0.0,0.0,-0.725,0.1,1.0,reacquire:road,0
1786524136.6783667,24.28146891236226,0.0,112.0,0.0,0.0,-0.725,0.1,1.0,reacquire:road,0
1786524136.7218573,24.33551598852422,0.0,112.0,0.0,0.0,-0.725,0.1,1.0,reacquire:road,0
1786524136.7613213,24.227435284730092,0.0,112.0,0.0,0.0,-0.725,0.1,1.0,reacquire:road,0
1786524136.8027086,24.56543820058228,0.0,112.0,0.0,0.0,-0.725,0.1,1.0,reacquire:road,0
1786524136.8439538,24.45857269563625,0.0,112.0,0.0,0.0,-0.725,0.1,1.0,reacquire:road,0
1786524136.885459,24.415598783457455,0.0,112.0,0.0,0.0,-0.725,0.1,1.0,reacquire:road,0
1786524136.925509,24.32077562537649,0.0,112.0,0.0,0.0,-0.725,0.1,1.0,reacquire:road,0
1786524136.9649496,24.47031729321763,0.0,112.0,0.0,0.0,-0.725,0.1,1.0,reacquire:road,0
1786524137.0050068,24.613436681291805,0.0,112.0,0.0,0.0,-0.725,0.1,1.0,reacquire:road,0
1786524137.0457902,24.75629920652784,0.0,112.0,0.0,0.0,-0.725,0.1,1.0,reacquire:road,0
1786524137.0891945,24.564663473918692,0.0,112.0,0.0,0.0,-0.725,0.1,1.0,reacquire:road,0
1786524137.1318712,24.224113123400713,0.0,112.0,0.0,0.0,-0.725,0.1,1.0,reacquire:road,0
1786524137.171711,24.08204048817363,0.0,112.0,0.0,0.0,-0.725,0.1,1.0,reacquire:road,0
1786524137.2107341,24.345482684355403,0.0,112.0,0.0,0.0,-0.725,0.1,1.0,reacquire:road,0
1786524137.2538662,24.719361622097917,0.0,112.0,0.0,0.0,-0.725,0.1,1.0,reacquire:road,0
1786524137.2985003,24.270166150713393,0.0,112.0,0.0,0.0014371570420695062,-0.725,0.1,1.0,reacquire:road,0
1786524137.337444,24.047975863522538,0.0,112.0,0.0,0.01528612490201202,-0.725,0.1,1.0,reacquire:road,0
1786524137.3840091,24.35771362116278,0.0,112.0,0.0,0.01998954794878495,-0.725,0.1,1.0,reacquire:road,0
1786524137.4222276,23.792825367162123,0.0,112.0,0.0,0.0364515286124902,-0.725,0.1,1.0,reacquire:road,0
1786524137.4608405,24.234731706137804,0.0,112.0,0.0,0.04102430101907499,-0.5249999999999999,0.1,1.0,reacquire:road,0
1786524137.4999144,24.568142476384626,0.0,112.0,0.0,0.04429056702377842,-0.32499999999999984,0.1,1.0,reacquire:road,0
1786524137.5399637,24.667870440097747,0.0,112.0,0.0,0.04925529135092762,-0.4347069407489924,0.12,1.0,avoid:white,0
1786524137.5807023,24.826190530106082,0.0,112.0,0.0,0.050823099033185264,-0.542721754248714,0.12,1.0,avoid:white,0
1786524137.6186817,24.787730282057517,0.0,112.0,0.0,0.04415991638359028,-0.55,0.12,1.0,avoid:white,0
1786524137.6567042,25.09535923654153,0.0,112.0,0.0,0.04102430101907499,-0.55,0.12,1.0,avoid:white,0
1786524137.6976824,25.210631217978445,0.0,112.0,0.0,0.04024039717794617,-0.55,0.12,1.0,avoid:white,0
1786524137.7380304,25.02252293259491,0.0,112.0,0.0,0.04180820486020381,-0.55,0.12,1.0,avoid:white,0
1786524137.7815297,24.959975675015908,0.0,112.0,0.0,0.030441599163835903,-0.35000000000000003,0.1,1.0,reacquire:road,0
1786524137.8196182,24.717984280659437,0.0,112.0,0.0,0.035798275411549514,-0.15000000000000002,0.1,1.0,reacquire:road,0
1786524137.8600821,24.96057976824543,0.0,112.0,0.0,0.01567807682257643,0.049999999999999975,0.1,1.0,reacquire:road,0
1786524137.9015412,24.96828832079772,0.0,112.0,0.0,0.03135615364515286,0.24999999999999997,0.1,1.0,reacquire:road,0
1786524137.9442341,24.425235727490374,0.0,112.0,0.0,0.011235955056179775,0.44999999999999996,0.1,1.0,reacquire:road,0
1786524137.9851763,24.451446329093724,0.0,112.0,0.0,0.009145544813169584,0.65,0.1,1.0,reacquire:road,0
1786524138.02422,24.49687659653223,0.0,112.0,0.0,0.013718317219754377,0.725,0.1,1.0,reacquire:road,0
1786524138.0634823,24.855149986331295,0.0,112.0,0.0,0.01646198066370525,0.725,0.1,1.0,reacquire:road,0
1786524138.1023037,24.832420271423423,0.0,112.0,0.0,0.006009929448654298,0.725,0.1,1.0,reacquire:road,0
1786524138.1412637,25.128470224541022,0.0,112.0,0.0,0.0056179775280898875,0.725,0.1,1.0,reacquire:road,0
1786524138.185586,25.16398632870281,0.0,112.0,0.0,0.0028743140841390124,0.6163303372512473,0.12,1.0,avoid:white,0
1786524138.2252688,24.71988666023735,0.0,112.0,0.0,0.00339691664489156,0.4964706192505218,0.12,1.0,avoid:white,0
1786524138.2662644,24.848900926423454,0.0,112.0,0.0,0.003004964724327149,0.3880533295015084,0.12,1.0,avoid:white,0
1786524138.304867,24.634654107313782,0.0,112.0,0.0,0.0084922916122289,0.2723985842500042,0.12,1.0,avoid:white,0
1786524138.3441389,24.94504245305616,0.0,112.0,0.0,0.0077083877711000785,0.16738302525104692,0.12,1.0,avoid:white,0
1786524138.3864121,25.11042631130566,0.0,112.0,0.0,0.006401881369218709,0.06067791574932917,0.12,1.0,avoid:white,0
1786524138.4271178,24.83345533708835,0.0,112.0,0.0,0.004180820486020381,0.2606779157493292,0.1,1.0,reacquire:road,0
1786524138.4682176,24.75092969300806,0.0,112.0,0.0,0.004442121766396656,0.06067791574932917,0.1,1.0,reacquire:road,0
1786524138.508161,24.654559092259966,0.0,112.0,0.0,0.00339691664489156,-0.13932208425067083,0.1,1.0,reacquire:road,0
1786524138.547896,24.66528675857242,0.0,112.0,0.6060267857142858,0.003135615364515286,-0.2506211787507256,0.0,1.0,neutral:obstacle,0
1786524138.59066,24.80705787961321,0.0,112.0,0.6251594387755102,0.0027436634439508755,-0.3589992259995599,0.0,1.0,neutral:obstacle,0
1786524138.6301978,24.581619245765694,0.0,112.0,0.6382653061224489,0.0001306506401881369,-0.47513164624920157,0.0,1.0,neutral:obstacle,0
1786524138.6694336,24.730531201737723,0.0,112.0,0.0,0.0009145544813169584,-0.5837149424984092,0.0,1.0,neutral:obstacle,0
1786524138.7141244,24.89284752672081,0.0,112.0,0.0,0.004442121766396656,-0.6913802722486708,-0.11,1.0,reverse:obstacle,0
1786524138.7533581,24.384410229564086,0.0,112.0,0.6540178571428572,0.0056179775280898875,-0.8144191387485535,-0.11,1.0,reverse:obstacle,0
1786524138.7929864,24.60552675520347,0.0,112.0,0.0,0.0036582179252678338,-0.82,-0.11,1.0,reverse:obstacle,0
1786524138.8341775,24.497203576121507,0.0,112.0,0.0,0.006663182649594983,-0.82,-0.11,1.0,reverse:obstacle,0
1786524138.8752055,24.655220127148763,0.0,112.0,0.6787946428571429,0.013457015939378102,-0.82,-0.11,1.0,reverse:obstacle,0
1786524138.9157948,24.62317791298665,0.0,112.0,0.6822704081632653,0.009014894172981448,-0.82,-0.11,1.0,reverse:obstacle,0
1786524138.9581697,24.329647910503198,0.0,112.0,0.6792410714285715,0.018291089626339168,-0.82,-0.11,1.0,reverse:obstacle,0
1786524139.0085225,24.496787986713052,0.0,0.0,0.0,0.030310948523647765,-0.82,-0.11,1.0,reverse:obstacle,0
1786524139.060049,23.444098061595437,0.0,0.0,0.0,0.024562320355369743,-0.82,-0.11,1.0,reverse:obstacle,0
1786524139.103957,22.645373159435916,0.0,112.0,0.0,0.026652730598379932,-0.82,0.18,1.0,avoid:obstacle,0
1786524139.143017,22.786424854941682,0.0,112.0,0.0,0.023125163313300234,-0.82,0.18,1.0,avoid:obstacle,0
1786524139.1848357,23.299572502927717,0.0,112.0,0.0,0.024431669715181605,-0.82,0.18,1.0,avoid:obstacle,0
1786524139.225861,23.509292648026875,0.0,112.0,0.0,0.022733211392735823,-0.82,0.18,1.0,avoid:obstacle,0
1786524139.2680259,23.701154142053998,0.0,112.0,0.0,0.029527044682518943,-0.82,0.18,1.0,avoid:obstacle,0
1786524139.3096342,23.702135618872834,0.0,112.0,0.0,0.02626077867781552,-0.82,0.18,1.0,avoid:obstacle,0
1786524139.3524024,23.756498208102688,0.0,112.0,0.0,0.0254768748366867,-0.82,0.18,1.0,avoid:obstacle,0
1786524139.395964,23.52338840342341,0.0,112.0,0.0,0.01868304154690358,-0.82,0.18,1.0,avoid:obstacle,0
1786524139.4354799,23.539411967770366,0.0,112.0,0.6908163265306122,0.027959237000261303,-0.82,0.18,1.0,avoid:obstacle,0
1786524139.4735758,23.924186779918628,0.0,112.0,0.0,0.025999477397439248,-0.82,0.18,1.0,avoid:obstacle,0
1786524139.5144732,24.34110308078881,0.0,112.0,0.6613839285714286,0.01985889730859681,-0.82,0.18,1.0,avoid:obstacle,0
1786524139.5539558,24.4004757923181,0.0,112.0,0.0,0.005748628168278025,-0.82,0.18,1.0,avoid:obstacle,0
1786524139.5996876,24.577717942711473,0.0,112.0,0.0,0.0,-0.82,0.18,1.0,avoid:obstacle,0
1786524139.6393616,23.98686718910326,0.0,112.0,0.0,0.009668147373922133,-0.82,0.18,1.0,avoid:obstacle,0
1786524139.6795204,24.27137415166657,0.0,112.0,0.0,0.004180820486020381,-0.82,0.18,1.0,avoid:obstacle,0
1786524139.7185035,24.426917186655103,0.0,112.0,0.0,0.0027436634439508755,-0.82,0.18,1.0,avoid:obstacle,0
1786524139.757078,24.695628689332263,0.0,112.0,0.0,0.0026130128037627383,-0.82,0.18,1.0,avoid:obstacle,0
1786524139.7989483,24.9045792582517,0.0,112.0,0.7655293367346939,0.0024823621635746015,-0.82,0.18,1.0,avoid:obstacle,0
1786524139.839404,24.65822909531294,0.0,112.0,0.7698979591836735,0.00509537496733734,-0.82,0.18,1.0,avoid:obstacle,0
1786524139.885352,24.708336360100056,0.0,112.0,0.7914221938775511,0.00718578521034753,-0.82,0.18,1.0,avoid:obstacle,0
1786524139.930098,24.05144883275969,0.0,112.0,0.817155612244898,0.005879278808466161,-0.82,0.18,1.0,avoid:obstacle,0
1786524139.9697368,23.820679414509456,0.0,112.0,0.8105548469387756,0.0036582179252678338,-0.82,0.18,1.0,avoid:obstacle,0
1786524140.021775,24.031693651807174,0.0,160.80069930069305,0.0,0.016331330023517117,-0.82,0.18,1.0,avoid:obstacle,0
1786524140.0664227,23.11245299185507,0.0,112.0,0.7836734693877551,0.01659263130389339,-0.82,0.18,1.0,avoid:obstacle,0
1786524140.122612,22.967563874971997,0.0,110.21153846152629,0.0,0.026130128037627383,-0.82,0.18,1.0,avoid:obstacle,0
1786524140.1747394,21.935114623663246,0.0,92.35364635362862,0.0,0.02247191011235955,-0.82,0.18,1.0,avoid:obstacle,0
1786524140.2306685,21.383115127103164,0.0,128.88873626371787,0.0,0.006401881369218709,-0.82,0.18,1.0,avoid:obstacle,0
1786524140.282092,20.683098257616585,0.0,92.56381118885292,0.5051658163265306,0.02678338123856807,-0.82,0.18,1.0,avoid:obstacle,0
1786524140.3358698,20.41457818957933,0.0,223.0,0.0,0.009276195453357722,-0.82,0.18,1.0,avoid:obstacle,0
1786524140.389868,20.04441878010558,0.0,223.0,0.0,0.01019074993467468,-0.82,0.18,1.0,avoid:obstacle,0
1786524140.4447541,19.74298242584073,0.12090898617511521,66.5,0.0,0.006401881369218709,-0.82,0.18,1.0,avoid:obstacle,0
1786524140.498903,19.356447054661803,0.16429723502304147,70.0,0.0,0.01358766657956624,-0.82,0.18,1.0,avoid:obstacle,0
1786524140.5596993,19.255771305807954,0.0,50.178571428215264,0.7689732142857143,0.0024823621635746015,-0.82,0.18,1.0,avoid:obstacle,0
1786524140.616054,18.683925412290257,0.0,0.0,0.0,0.0010452051215050953,-0.82,0.18,1.0,avoid:obstacle,0
1786524140.6569114,18.528934229046236,0.0,112.0,0.8033163265306122,0.011627906976744186,-0.82,0.18,1.0,avoid:obstacle,0
1786524140.7011154,19.74200480437613,0.0,112.0,0.801530612244898,0.012281160177684871,-0.82,0.18,1.0,avoid:obstacle,0
1786524140.744061,20.313862569588093,0.0,112.0,0.801530612244898,0.004964724327149203,-0.82,0.18,1.0,avoid:obstacle,0
1786524140.788313,20.800266551236255,0.0,112.0,0.8017219387755102,0.0014371570420695062,-0.82,0.18,1.0,avoid:obstacle,0
1786524140.8299847,21.140737417026337,0.0,112.0,0.0,0.0,-0.82,0.18,1.0,avoid:obstacle,0
1786524140.8717859,21.7796631079623,0.0,112.0,0.0,0.0,-0.82,0.18,1.0,avoid:obstacle,0
1786524140.9120958,22.250887725489967,0.0,112.0,0.0,0.0,-0.82,0.18,1.0,avoid:obstacle,0
1786524140.9540362,22.58925750745945,0.0,112.0,0.0,0.0,-0.82,0.18,1.0,avoid:obstacle,0
1786524140.9952147,22.852679250453864,0.0,112.0,0.0,0.0,-0.82,0.18,1.0,avoid:obstacle,0
1786524141.0361032,23.32504830930007,0.0,112.0,0.6813775510204082,0.0,-0.82,0.18,1.0,avoid:obstacle,0
1786524141.077597,23.518005186699867,0.0,112.0,0.0,0.0,-0.82,0.18,1.0,avoid:obstacle,0
1786524141.1171806,23.509127751808627,0.0,112.0,0.0,0.0,-0.82,0.18,1.0,avoid:obstacle,0
1786524141.1563869,23.914230034998205,0.0,112.0,0.0,0.0,-0.82,0.18,1.0,avoid:obstacle,0
1786524141.19823,24.258481834625773,0.0,112.0,0.0,0.0,-0.82,0.18,1.0,avoid:obstacle,0
1786524141.238718,24.267931450728298,0.0,112.0,0.0,0.0,-0.82,0.18,1.0,avoid:obstacle,0
1786524141.284269,24.25553618269494,0.0,112.0,0.0,0.0,-0.82,0.18,1.0,avoid:obstacle,0
1786524141.329748,23.854126208798487,0.0,112.0,0.0,0.004311471126208518,-0.82,0.18,1.0,avoid:obstacle,0
1786524141.373126,23.51441062701653,0.0,112.0,0.7708864795918368,0.0,-0.82,0.18,1.0,avoid:obstacle,0
1786524141.413411,23.38074431922594,0.0,112.0,0.7783482142857143,0.0,-0.82,0.18,1.0,avoid:obstacle,0
1786524141.4545014,23.66139754487527,0.0,112.0,0.8060586734693878,0.0,-0.82,0.18,1.0,avoid:obstacle,0
1786524141.4977622,23.825196685693697,0.0,112.0,0.8390625,0.0011758557616932323,-0.82,0.18,1.0,avoid:obstacle,0
1786524141.5373373,23.71130532042584,0.0,112.0,0.8271045918367348,0.0,-0.82,0.18,1.0,avoid:obstacle,0
1786524141.5775785,24.006365898379215,0.0,112.0,0.8191326530612245,0.006271230729030572,-0.82,0.18,1.0,avoid:obstacle,0
1786524141.6264668,24.133957493964584,0.0,1.9303361815809694,0.8063137755102041,0.057616932322968384,-0.82,0.18,1.0,avoid:obstacle,0
1786524141.676785,23.42677250848841,0.0,112.0,0.8017219387755102,0.08048079435589234,-0.82,0.18,1.0,avoid:obstacle,0
1786524141.7328258,22.691460944691904,0.0,196.68636363635778,0.0,0.021034753070290044,-0.82,0.18,1.0,avoid:obstacle,0
1786524141.7879841,21.639391005009138,0.0,204.6098484848401,0.0,0.011105304415991639,-0.82,0.18,1.0,avoid:obstacle,0
1786524141.8414855,21.022349560583848,0.0,191.16363636366714,0.0,0.008361640972040762,-0.82,0.18,1.0,avoid:obstacle,0
1786524141.904381,20.523598920325316,0.0,184.48401598403197,0.0,0.0,-0.82,0.18,1.0,avoid:obstacle,0
1786524141.9663055,19.605738567536886,0.0,142.59697802203004,0.0,0.0,-0.82,0.18,1.0,avoid:obstacle,0
1786524142.0262938,18.95583119337266,0.0,67.25906718990927,0.8298150510204082,0.0,-0.82,0.18,1.0,avoid:obstacle,0
1786524142.0878797,18.489295789781185,0.0,77.39572192511923,0.8242346938775511,0.0,-0.82,0.18,1.0,avoid:obstacle,0
1786524142.1491756,18.02674241084051,0.0,223.0,0.0,0.0,-0.82,0.18,1.0,avoid:obstacle,0
1786524142.2160456,17.65175706801567,0.0,0.0,0.0,0.0,-0.82,0.18,1.0,avoid:obstacle,0
1786524142.2835524,17.14890201209373,0.0,223.0,0.0,0.0,-0.82,0.18,1.0,avoid:obstacle,0
1786524142.3541722,16.65909735960631,0.3423041474654378,120.57847826087254,0.0,0.0,-0.82,0.18,1.0,avoid:obstacle,0
1786524142.4199026,16.17907854811439,0.31339861751152076,124.07847826087254,0.0,0.0,-0.82,0.18,1.0,avoid:obstacle,0
1786524142.4850795,15.981428088076768,0.4375,120.57847826087254,0.0,0.0,-0.82,0.149375,1.0,follow,0
1786524142.5511916,15.872809345542663,0.4314516129032258,117.07847826087254,0.0,0.0,-0.7259375950286312,0.12,1.0,avoid:white,0
1786524142.6110735,15.711496703134408,0.0,223.0,0.0,0.0,-0.55,0.12,1.0,avoid:white,0
1786524142.667146,15.850214925499571,0.0,223.0,0.0,0.0,-0.55,0.12,1.0,avoid:white,0
1786524142.7284436,16.304409011285564,0.40173963133640556,116.81798947919218,0.0,0.0,-0.55,0.12,1.0,avoid:white,0
1786524142.7880917,16.232432370213,0.3928341013824885,120.31798947919218,0.0,0.0,-0.6911142624990589,0.14535506912442397,1.0,follow,0
1786524142.8515675,16.434680202077658,0.4077880184331797,123.81798947919218,0.0,0.0,-0.6555283825507323,0.18305005762421242,1.0,follow,0
1786524142.916066,15.988286039896966,0.39926267281105987,127.31798947919218,0.0,0.0,-0.5661316996203551,0.1459336405529954,1.0,follow,0
1786524142.9740314,16.2769112432237,0.41245391705069123,127.3223850063942,0.0,0.0,-0.5010256176235452,0.14712085253456222,1.0,follow,0
1786524143.0347202,16.364710840143893,0.40135944700460824,127.74808022296085,0.0,0.0,-0.45488457690956224,0.14612235023041475,1.0,follow,0
1786524143.0969896,16.492703983725853,0.4495046082949309,129.54518091174754,0.0,0.0,-0.41585259539523833,0.18434712903058253,1.0,follow,0
1786524143.1600747,16.378992697469936,0.45879032258064517,129.84654580323473,0.0,0.0,-0.38869071750762196,0.22516564053075683,1.0,follow,0
1786524143.2202861,16.293673206979072,0.4512672811059908,131.20742185821743,0.0,0.0,-0.55,0.12,1.0,avoid:white,0
1786524143.2808855,16.36423617982478,0.4640783410138249,132.99231044512777,0.0,0.0,-0.55,0.12,1.0,avoid:white,0
1786524143.3411798,16.38999651584855,0.47264976958525345,135.6097311637778,0.0,0.0,-0.55,0.12,1.0,avoid:white,0
1786524143.4033859,16.376010785743762,0.5100806451612904,137.47110997259006,0.0,0.0,-0.55,0.12,1.0,avoid:white,0
1786524143.4643738,16.358497609374954,0.48831797235023044,138.08908707801695,0.0,0.0,-0.4118652662501063,0.15394861751152075,1.0,follow,0
1786524143.5284545,16.35143321417542,0.44664746543778805,135.30174892481543,0.0,0.0,-0.3145460807168357,0.15019827188940094,1.0,follow,0
1786524143.59019,16.224950497698575,0.47445852534562216,138.52567952742496,0.0,0.0,-0.28719424144635164,0.19154945123937744,1.0,follow,0
1786524143.6605055,16.120126517365,0.486221198156682,140.81279727690853,0.0,0.0,-0.26043649350433157,0.2329485349390847,1.0,follow,0
1786524143.7241023,15.814133398001044,0.4712672811059908,141.98349841017102,0.0,0.0,-0.239089360553003,0.27749910593962107,1.0,follow,0
1786524143.7843587,15.770589219801302,0.5100806451612904,142.84958825527175,0.0,0.0,-0.22170816492042802,0.19758333262598576,1.0,follow,0
1786524143.8454592,15.975568536545389,0.45879032258064517,141.08382043172472,0.0,0.0,-0.21760240134691977,0.15129112903225808,1.0,follow,0
1786524143.9069068,16.03456595931716,0.45269585253456224,137.58382043172472,0.0,0.0,-0.3866193703483243,0.12,1.0,avoid:white,0
1786524143.9681237,16.018070844471044,0.47088709677419355,135.522237464646,0.0,0.0,-0.55,0.12,1.0,avoid:white,0
1786524144.0286043,16.162483101899113,0.48407834101382485,135.5139289619742,0.0,0.0,-0.55,0.12,1.0,avoid:white,0
1786524144.0954778,16.24307743650136,0.5161290322580645,136.84611249335856,0.0,0.0,-0.55,0.12,1.0,avoid:white,0
1786524144.156225,15.975303069850774,0.5282258064516129,137.26576300378773,0.0,0.0,-0.4,0.15754032258064518,1.0,follow,0
1786524144.2163925,16.063049557944808,0.4883640552995392,138.33286302810185,0.0,0.0,-0.2629221924988997,0.15395276497695853,1.0,follow,0
1786524144.2879107,16.13178240071603,0.45769585253456224,139.27885071003124,0.0,0.0,-0.23544415009518874,0.15119262672811062,1.0,follow,0
1786524144.3483906,15.731906870107455,0.4462672811059908,138.65771305015033,0.0,0.0,-0.23794774884886213,0.1501640552995392,1.0,follow,0
1786524144.4124012,15.799251035016283,0.4237903225806452,139.23296539199708,0.0,0.0,-0.23751077892887984,0.14814112903225807,1.0,follow,0
1786524144.4720697,15.872543697989332,0.4220276497695853,141.8308542612754,0.0,0.0,-0.2269411273242951,0.14798248847926268,1.0,follow,0
1786524144.533001,16.050416523800727,0.3942165898617511,144.13568806840286,0.0,0.0,-0.21065712074168624,0.14547949308755762,1.0,follow,0
1786524144.593423,16.09958718622632,0.3725,145.053164126855,0.0,0.0,-0.19646524927513745,0.143525,1.0,follow,0
1786524144.6514218,16.20120912638515,0.3603571428571428,142.2210038712495,0.0,0.0,-0.19861611705288434,0.14243214285714287,1.0,follow,0
1786524144.7111933,16.413602531825216,0.34326036866359444,140.46214528605574,0.0,0.0,-0.2074237142055293,0.1408934331797235,1.0,follow,0
1786524144.7671478,16.463979764353862,0.2858755760368663,136.96214528605574,0.0,0.0,-0.2273905068653093,0.13572880184331798,1.0,follow,0
1786524144.8250475,16.7147581170747,0.2580184331797235,133.84736866822792,0.0,0.0,-0.2535992105000874,0.13322165898617513,1.0,follow,0
1786524144.880412,16.78690625137553,0.2419700460829493,130.34736866822792,0.0,0.0,-0.2846104916680876,0.13177730414746544,1.0,follow,0
1786524144.939203,17.030160448448413,0.24158986175115205,128.6198209128543,0.0,0.0,-0.3121520007422498,0.1317430875576037,1.0,follow,0
1786524144.9969838,17.08171281314619,0.208110599078341,125.1198209128543,0.0,0.0,-0.3435932522795479,0.1287299539170507,1.0,follow,0
1786524145.0618658,17.172531039909664,0.23163594470046084,121.9843065182501,0.0,0.0,-0.37646425238802195,0.1308472350230415,1.0,follow,0
1786524145.1194465,16.818379945731763,0.0,186.96643356643395,0.0,0.0,-0.37646425238802195,0.0,1.0,slow:lane_dropout,0
1786524145.1777525,16.81846503167098,0.0,0.0,0.0,0.0,-0.37646425238802195,0.0,1.0,slow:lane_dropout,0
1786524145.2354648,16.87652727834318,0.0,0.0,0.0,0.0,-0.37646425238802195,0.0,1.0,slow:lane_dropout,0
1786524145.2936945,17.069741222374414,0.0,5.8607142858136285,0.0,0.0,-0.576464252388022,0.1,1.0,reacquire:road,0
1786524145.3501494,17.11284827029,0.0,3.8309065935141007,0.0,0.0006532532009406846,-0.37646425238802195,0.1,1.0,reacquire:road,0
1786524145.4073682,17.16403719262614,0.2462557603686636,124.32067868349746,0.0,0.0,-0.3958309806672738,0.13216301843317974,1.0,follow,0
1786524145.4648678,17.205793023655694,0.23306451612903226,127.82067868349746,0.0,0.0,-0.38789749410101004,0.13097580645161291,1.0,follow,0
1786524145.5246315,17.319868770878013,0.27587557603686635,129.22031530815357,0.0,0.0,-0.3760285383011985,0.134828801843318,1.0,follow,0
1786524145.581179,17.162600935293742,0.2762096774193548,128.89658956568772,0.0,0.0,-0.3688974036806182,0.13485887096774193,1.0,follow,0
1786524145.6381445,17.314710101353327,0.2862096774193548,129.9481031731073,0.0,0.003527567285079697,-0.3593122982040312,0.13575887096774195,1.0,follow,0
1786524145.695094,17.343995308726363,0.2776382488479262,128.53174569500004,0.0,0.0,-0.3584328876359745,0.13498744239631338,1.0,follow,0
1786524145.7561176,17.408762966508593,0.3164976958525345,131.5562116248256,0.0,0.003135615364515286,-0.3451986636734244,0.1384847926267281,1.0,follow,0
1786524145.8131518,17.11684541516477,0.33006912442396313,131.6001593510064,0.0,0.0023517115233864646,-0.3363207477008992,0.1397062211981567,1.0,follow,0
1786524145.8696744,17.282793161323028,0.3514516129032258,128.83658578059956,0.0,0.0,-0.3415241489539514,0.14163064516129031,1.0,follow,0
1786524145.9271357,17.354668004449707,0.34326036866359444,127.8896632193861,0.0,0.0,-0.3487376795021738,0.1408934331797235,1.0,follow,0
1786524145.9903502,17.375291608744703,0.0,118.5154119656728,0.0,0.00339691664489156,-0.3487376795021738,0.0,1.0,slow:lane_dropout,0
1786524146.0473857,17.06475079267727,0.3521658986175115,126.76295538347856,0.0,0.005226025607525477,-0.3576504749507384,0.04108051220023299,1.0,follow,0
1786524146.110081,17.155988164512358,0.3614516129032258,128.97221410270836,0.0,0.0,-0.3545924213209262,0.07817898335033532,1.0,follow,0
1786524146.1719792,16.912390665111772,0.3760714285714286,130.377496477914,0.0,0.0,-0.3468101178269855,0.1189620159000242,1.0,follow,0
1786524146.2342236,16.789509596680677,0.40064516129032257,129.92491816518861,0.0,0.003135615364515286,-0.3432916652958029,0.14605806451612904,1.0,follow,0
1786524146.2975178,16.617776949836014,0.39988479262672816,126.63589777381823,0.0,0.004703423046772929,-0.35395495276802236,0.14598963133640555,1.0,follow,0
1786524146.3599753,16.479484292039835,0.0,114.93396169278094,0.0,0.014632871701071335,-0.35395495276802236,0.0,1.0,slow:lane_dropout,0
1786524146.4227622,16.380353431712795,0.0,87.84207452725082,0.0,0.012934413378625555,-0.35395495276802236,0.0,1.0,slow:lane_dropout,0
1786524146.4903092,16.273998469887367,0.0,80.52936993485253,0.0,0.0002613012803762738,-0.35395495276802236,0.0,1.0,slow:lane_dropout,0
1786524146.5500748,15.997475907519261,0.35502304147465436,123.13589777381823,0.0,0.0,-0.37442871906375697,0.04364939669994783,1.0,follow,0
1786524146.6076186,16.14775951918171,0.0,85.90040024630059,0.0,0.004180820486020381,-0.37442871906375697,0.0,1.0,slow:lane_dropout,0
1786524146.6779354,16.388362384445017,0.47122119815668206,123.32569685158886,0.0,0.02586882675725111,-0.3877794933942944,0.037462306049746985,1.0,follow,0
1786524146.7463489,15.920614115875246,0.0,101.53813548880305,0.0,0.023647765874052783,-0.55,0.12,1.0,avoid:white,0
1786524146.814799,15.667354357853768,0.4109792626728111,119.82569685158886,0.0,0.001567807682257643,-0.55,0.12,1.0,avoid:white,0
1786524146.8805006,15.442502035757048,0.44983870967741935,116.32569685158886,0.0,0.0,-0.55,0.12,1.0,avoid:white,0
1786524146.94529,15.431700238207107,0.0,95.27101277100655,0.0,0.008622942252417037,-0.55,0.12,1.0,avoid:white,0
1786524147.01291,15.4479908055767,0.4990322580645161,118.391928421485,0.0,0.00679383328978312,-0.41537379249290024,0.15491290322580645,1.0,follow,0
1786524147.0777576,15.300571446155296,0.5161290322580645,121.891928421485,0.0,0.010582701855239091,-0.4193599429708519,0.15645161290322582,1.0,follow,0
1786524147.1432185,15.345343123448725,0.5282258064516129,123.30601542277736,0.0,0.013326365299189966,-0.4160381285149285,0.15754032258064518,1.0,follow,0
1786524147.206819,15.30803516285086,0.0,119.75885383968767,0.0,0.01646198066370525,-0.4160381285149285,0.0,1.0,slow:lane_dropout,0
1786524147.2785838,15.24936092956339,0.0,95.55808515357143,0.0,0.019728246668408674,-0.4160381285149285,0.0,1.0,slow:lane_dropout,0
1786524147.3428757,15.11607585434552,0.0,89.94040310598854,0.0,0.044421217663966554,-0.4160381285149285,0.0,1.0,slow:lane_dropout,0
1786524147.4093442,15.205475685639804,0.0,102.73565792055467,0.0,0.025084922916122288,-0.2160381285149285,0.1,1.0,reacquire:road,0
1786524147.4782228,15.128075083011188,0.0,108.20800745661893,0.0,0.017899137705774757,-0.016038128514928515,0.1,1.0,reacquire:road,0
1786524147.5471134,15.061776143589857,0.0,109.97602335799687,0.0,0.024039717794617194,0.18396187148507148,0.1,1.0,reacquire:road,0
1786524147.6139834,14.941633000433995,0.0,112.3149808678823,0.0,0.03945649333681735,0.3839618714850715,0.1,1.0,reacquire:road,0
1786524147.676074,14.954033356470655,0.0,123.99268354217399,0.0,0.018552390906715444,0.18396187148507148,0.1,1.0,reacquire:road,0
1786524147.7417748,15.16961288306922,0.5342741935483871,123.37366903283058,0.0,0.023647765874052783,0.04361695598619943,0.14054408669967416,1.0,follow,0
1786524147.8050144,15.181018849332853,0.49798387096774194,121.34218130661205,0.0,0.00169845832244578,-0.10415035176536525,0.1832324200501262,1.0,follow,0
1786524147.8682919,15.309040548817043,0.0,107.59470503973915,0.0,0.01437157042069506,-0.10415035176536525,0.0,1.0,slow:lane_dropout,0
1786524147.9350986,15.39649722905483,0.0,111.36835542959042,0.0,0.020512150509537495,-0.27879428826325214,0.12,1.0,avoid:white,0
1786524147.9999712,15.326675637150071,0.0,111.1790881222974,0.0,0.015155474261823882,-0.46155024351513,0.12,1.0,avoid:white,0
1786524148.0671015,15.35171097717874,0.49193548387096775,119.55996938232856,0.0,0.008622942252417037,-0.55,0.12,1.0,avoid:white,0
1786524148.1322865,15.226989457498838,0.0,123.04348700080394,0.0,0.010974653775803502,-0.55,0.12,1.0,avoid:white,0
1786524148.1986482,15.199401776524994,0.0,125.21086839989273,0.0,0.025999477397439248,-0.55,0.0,1.0,slow:lane_dropout,0
1786524148.262484,15.253981134597346,0.3884274193548387,123.05996938232856,0.0,0.01985889730859681,-0.40457881450042804,0.042010564699876345,1.0,avoid,0
1786524148.3310757,15.332085081746925,0.0,113.79686492585398,0.0,0.022602560752547688,-0.40457881450042804,0.0,1.0,slow:lane_dropout,0
1786524148.3924155,15.189902296902982,0.5282258064516129,120.49751570317244,0.0,0.02077345178991377,-0.42731792367120436,0.04445608310011267,1.0,follow,0
1786524148.4558256,15.413420925245541,0.0,110.90003293807567,0.0,0.023647765874052783,-0.42731792367120436,0.0,1.0,slow:lane_dropout,0
1786524148.5189013,15.47876228443329,0.0,112.95704405455457,0.0,0.02038149986934936,-0.42731792367120436,0.0,1.0,slow:lane_dropout,0
1786524148.5834367,15.533677728182349,0.0,112.01913725136156,0.0,0.028089887640449437,-0.42731792367120436,0.0,1.0,slow:lane_dropout,0
1786524148.6521497,15.544583623180417,0.0,109.15505134278709,0.0,0.032662660047034234,-0.55,0.12,1.0,avoid:white,0
1786524148.7234168,15.351377042192409,0.0,112.39827153978165,0.0,0.03984844525738176,-0.55,0.12,1.0,avoid:white,0
1786524148.8030524,14.996121169351746,0.0,109.3086074964426,0.0,0.04076299973869872,-0.55,0.12,1.0,avoid:white,0
1786524148.8833895,14.484789543906004,0.0,116.50615667804554,0.0,0.038411288215312256,-0.725,0.1,1.0,reacquire:road,0
1786524148.9568405,14.169801930191296,0.0,114.30553440918311,0.0,0.06989809250065325,-0.725,0.1,1.0,reacquire:road,0
1786524149.028937,14.066476390410076,0.0,112.94004158092226,0.0,0.06258165665011758,-0.725,0.1,1.0,reacquire:road,0
1786524149.1017804,14.028286733177863,0.0,116.86742404981766,0.0,0.08139534883720931,-0.725,0.1,1.0,reacquire:road,0
1786524149.177039,13.919909099047235,0.0,122.26867628639988,0.0,0.07930493859419911,-0.725,0.1,1.0,reacquire:road,0
1786524149.249575,13.841269957682425,0.0,125.75576677479506,0.0,0.07251110530441598,-0.725,0.1,1.0,reacquire:road,0
1786524149.3285587,13.827267387329137,0.0,127.73867484951666,0.0,0.06258165665011758,-0.55,0.12,1.0,avoid:white,0
1786524149.4074092,13.596692187284818,0.0,134.0087152985404,0.0,0.0689835380193363,-0.55,0.12,1.0,avoid:white,0
1786524149.4921985,13.406888566740099,0.0,135.07859069915742,0.0,0.05787823360334465,-0.55,0.12,1.0,avoid:white,0
1786524149.5707057,13.036979656598806,0.0,132.81224010693575,0.0,0.05212960543506663,-0.725,0.1,1.0,reacquire:road,0
1786524149.647604,13.042009671817388,0.594758064516129,134.82379914373408,0.0,0.022341259472171415,-0.575,0.14976217610005735,1.0,follow,0
1786524149.726566,13.030433805745218,0.594758064516129,134.8739977600612,0.0,0.006140580088842436,-0.42499999999999993,0.16352822580645163,1.0,follow,0
1786524149.7993388,12.961263427293321,0.564516129032258,133.75155887301895,0.0,0.0005226025607525476,-0.32679233310267275,0.21477153870657542,1.0,follow,0
1786524149.8820858,13.077756069686936,0.5584677419354839,133.73422358932694,0.8011479591836735,0.0,-0.5267923331026727,0.18,1.0,avoid:obstacle,0
1786524149.95958,12.894620757630587,0.5705645161290323,137.23422358932694,0.0,0.0,-0.7267923331026728,0.18,1.0,avoid:obstacle,0
1786524150.0311627,12.908542361268957,0.5524193548387096,139.512342294924,0.0,0.0,-0.82,0.18,1.0,avoid:obstacle,0
1786524150.105396,13.10278408913662,0.5463709677419355,139.28497452996245,0.0,0.0,-0.82,0.18,1.0,avoid:obstacle,0
1786524150.1856377,13.184628400635146,0.5282258064516129,138.41437715961,0.0,0.0,-0.82,0.18,1.0,avoid:obstacle,0
1786524150.2653394,13.035592141307486,0.0,223.0,0.0,0.0,-0.82,0.18,1.0,avoid:obstacle,0
1786524150.3419387,12.954331327893737,0.0,223.0,0.5796875,0.0,-0.82,0.18,1.0,avoid:obstacle,0
1786524150.431737,12.973415828468639,0.39314516129032256,134.91437715961,0.5689732142857143,0.0,-0.82,0.18,1.0,avoid:obstacle,0
1786524150.518193,12.60146537259812,0.0,218.69523436625573,0.0,0.0,-0.82,0.18,1.0,avoid:obstacle,0
1786524150.598211,12.386853519679056,0.0,223.0,0.5934948979591836,0.0,-0.82,0.18,1.0,avoid:obstacle,0
1786524150.6771657,12.41685338822704,0.0,223.0,0.0,0.0,-0.82,0.18,1.0,avoid:obstacle,0
1786524150.7609603,12.475342987048831,0.0,223.0,0.0,0.0,-0.82,0.18,1.0,avoid:obstacle,0
1786524150.8347275,12.366402424332493,0.0,223.0,0.0,0.0,-0.82,0.18,1.0,avoid:obstacle,0
1786524150.918342,12.574198139544386,0.0,223.0,0.5732142857142858,0.0,-0.82,0.18,1.0,avoid:obstacle,0
1786524150.9981887,12.430498972208964,0.0,223.0,0.0,0.0,-0.82,0.18,1.0,avoid:obstacle,0
1786524151.0752916,12.457687530200326,0.0,218.92123192436048,0.0,0.0,-0.82,0.18,1.0,avoid:obstacle,0
1786524151.1554246,12.545503212415769,0.0,217.9586454849495,0.0,0.0,-0.82,0.18,1.0,avoid:obstacle,0
1786524151.2313826,12.572769313329117,0.0,219.14159698996758,0.0,0.0,-0.82,0.18,1.0,avoid:obstacle,0
1786524151.2990973,12.704628063045613,0.0,218.6002258610958,0.0,0.0,-0.82,0.18,1.0,avoid:obstacle,0
1786524151.372218,13.122316251118274,0.0,217.70307017543934,0.0,0.0,-0.82,0.18,1.0,avoid:obstacle,0
1786524151.4480135,13.231000902883965,0.0,218.60389610389632,0.0,0.0,-0.82,0.18,1.0,avoid:obstacle,0
1786524151.5175161,13.218702771299917,0.0,220.66007905138326,0.0,0.0,-0.82,0.18,1.0,avoid:obstacle,0
1786524151.5738943,13.438109134168887,0.0,112.0,0.0,0.0,-0.82,0.18,1.0,avoid:obstacle,0
1786524151.6317463,14.198809721724412,0.0,112.0,0.22665816326530613,0.0,-0.82,0.18,1.0,avoid:obstacle,0
1786524151.6908183,14.920907286075485,0.0,112.0,0.23616071428571433,0.0,-0.82,0.18,1.0,avoid:obstacle,0
1786524151.7493582,15.336528997251905,0.0,112.0,0.2329081632653061,0.0,-0.82,0.18,1.0,avoid:obstacle,0
1786524151.8135703,15.6774665387152,0.0,112.0,0.2347576530612245,0.0,-0.82,0.18,1.0,avoid:obstacle,0
1786524151.875255,15.616008133895413,0.0,112.0,0.22002551020408165,0.0,-0.82,0.18,1.0,avoid:obstacle,0
1786524151.9333062,15.73565317649931,0.0,112.0,0.2622767857142857,0.0,-0.82,0.18,1.0,avoid:obstacle,0
1786524151.9943888,16.078344005732497,0.0,112.0,0.23558673469387753,0.0,-0.82,0.18,1.0,avoid:obstacle,0
1786524152.0570586,16.161396158569964,0.0,112.0,0.21871811224489796,0.0,-0.82,0.18,1.0,avoid:obstacle,0
1786524152.112846,16.098882335050355,0.0,112.0,0.22908163265306125,0.0,-0.82,0.18,1.0,avoid:obstacle,0
1786524152.176436,16.487808340646538,0.0,112.0,0.23061224489795917,0.0,-0.82,0.18,1.0,avoid:obstacle,0
1786524152.2429981,16.333314598478843,0.0,112.0,0.21058673469387754,0.0,-0.82,0.18,1.0,avoid:obstacle,0
1786524152.311113,16.050274439212167,0.14077188940092167,176.29970029970218,0.0,0.0,-0.82,0.18,1.0,avoid:obstacle,0
1786524152.3729825,15.793699611817265,0.0,112.0,0.21160714285714288,0.0,-0.82,0.18,1.0,avoid:obstacle,0
1786524152.4421709,15.846808894928214,0.0,184.8516483516483,0.0,0.0,-0.82,0.18,1.0,avoid:obstacle,0
1786524152.508689,15.58951108348316,0.2598732718894009,179.5243506493519,0.0,0.0,-0.82,0.18,1.0,avoid:obstacle,0
1786524152.5750492,15.42683002593439,0.23105990783410138,183.0243506493519,0.0,0.0,-0.775,0.13079539170506913,1.0,follow,0
1786524152.6457548,15.38994519047575,0.0,189.42884615384642,0.0,0.0,-0.775,0.0,1.0,slow:lane_dropout,0
1786524152.7208285,15.14493066116808,0.0,191.0739130434779,0.2223214285714286,0.0006532532009406846,-0.775,0.0,1.0,slow:lane_dropout,0
1786524152.8019946,14.775546972360956,0.0,192.85885451505,0.0,0.0007839038411288215,-0.775,0.0,1.0,slow:lane_dropout,0
1786524152.8679342,14.267698343595333,0.0,190.83116883116878,0.21339285714285713,0.0006532532009406846,-0.575,0.1,1.0,reacquire:road,0
1786524152.9323208,14.492925743822214,0.0,190.10424901185806,0.0,0.0005226025607525476,-0.3749999999999999,0.1,1.0,reacquire:road,0
1786524153.0045247,14.683236899347309,0.0,191.24685577580328,0.22987882653061226,0.0,-0.1749999999999999,0.1,1.0,reacquire:road,0
1786524153.0732203,14.533131591327535,0.0,201.2352941176472,0.0,0.0,0.02500000000000009,0.1,1.0,reacquire:road,0
1786524153.1405807,14.524619726463516,0.2110599078341014,187.51053921568484,0.19375,0.0,0.1750000000000001,0.12899539170506913,1.0,follow,0
1786524153.2054267,14.57545605988806,0.0,185.97110423116675,0.0,0.0,0.1750000000000001,0.0,1.0,slow:lane_dropout,0
1786524153.2646031,14.753264273015136,0.0,112.0,0.20357142857142857,0.0,0.1750000000000001,0.0,1.0,slow:lane_dropout,0
1786524153.3235166,15.173841081512363,0.0,112.0,0.19846938775510206,0.0,0.1750000000000001,0.0,1.0,slow:lane_dropout,0
1786524153.3793623,15.554509830881855,0.0,112.0,0.2066964285714286,0.0,0.37500000000000006,0.1,1.0,reacquire:road,0
1786524153.442378,15.955034063069485,0.0,112.0,0.5373405612244898,0.0,0.5750000000000001,0.1,1.0,reacquire:road,0
1786524153.4931145,15.942745553410846,0.0,112.0,0.2247448979591837,0.0,0.725,0.1,1.0,reacquire:road,0
1786524153.5597773,16.499555194198397,0.0,112.0,0.25089285714285714,0.0,0.725,0.1,1.0,reacquire:road,0
1786524153.6206956,16.29341079257516,0.0,112.0,0.22174744897959187,0.0,0.725,0.1,1.0,reacquire:road,0
1786524153.680341,16.415444103325246,0.0,112.0,0.22806122448979593,0.0,0.725,0.1,1.0,reacquire:road,0
1786524153.739844,16.412291043131685,0.0,112.0,0.20491071428571428,0.0,0.725,0.1,1.0,reacquire:road,0
1786524153.806165,16.49010874808895,0.0,112.0,0.21332908163265307,0.00039195192056441075,0.725,0.1,1.0,reacquire:road,0
1786524153.8648524,16.272521201688694,0.0,112.0,0.20347576530612244,0.00039195192056441075,0.725,0.1,1.0,reacquire:road,0
1786524153.9249487,16.40589691231318,0.0,112.0,0.2556122448979592,0.0006532532009406846,0.725,0.1,1.0,reacquire:road,0
1786524153.9887533,16.467972138433034,0.0,112.0,0.23979591836734698,0.0002613012803762738,0.725,0.1,1.0,reacquire:road,0
1786524154.0578566,16.300104442195618,0.0,112.0,0.23325892857142858,0.0013065064018813691,0.725,0.1,1.0,reacquire:road,0
1786524154.1193976,15.872763387835434,0.0,112.0,0.23096301020408164,0.0013065064018813691,0.725,0.1,1.0,reacquire:road,0
1786524154.1792986,16.0405021087209,0.0,112.0,0.19419642857142858,0.0007839038411288215,0.725,0.1,1.0,reacquire:road,0
1786524154.2561193,16.166862679449466,0.0,201.50989010989008,0.0,0.0006532532009406846,0.725,0.1,1.0,reacquire:road,0
1786524154.3281538,15.543744276322437,0.0,203.11790966386565,0.0,0.0,0.725,0.1,1.0,reacquire:road,0
1786524154.3985398,15.20127871544245,0.0,203.46697626419004,0.0,0.0,0.725,0.1,1.0,reacquire:road,0
1786524154.4641402,14.945342470134124,0.0,112.0,0.30197704081632654,0.0002613012803762738,0.725,0.1,1.0,reacquire:road,0
1786524154.527747,15.065401008162276,0.0,112.0,0.21122448979591837,0.0005226025607525476,0.725,0.1,1.0,reacquire:road,0
1786524154.60102,15.21739905493532,0.0,112.0,0.22455357142857146,0.0007839038411288215,0.725,0.1,1.0,reacquire:road,0
1786524154.6625147,14.852689343995035,0.0,112.0,0.2088329081632653,0.0,0.725,0.1,1.0,reacquire:road,0
1786524154.7336626,15.203782756880866,0.08548387096774193,187.31590909090897,0.0,0.0,0.589524397249852,0.11769354838709678,1.0,follow,0
1786524154.8007498,14.974781586762823,0.15358294930875577,187.7927164747016,0.20223214285714286,0.0006532532009406846,0.6032400471046353,0.12382246543778803,1.0,follow,0
1786524154.869955,14.9592902308299,0.12157834101382489,185.76753843582156,0.0,0.0011758557616932323,0.7532400471046353,0.12094205069124425,1.0,follow,0
1786524154.9446442,14.834619577456172,0.18001152073732718,188.67309115975456,0.0,0.00169845832244578,0.6193115484076143,0.12620103686635947,1.0,follow,0
1786524155.0192573,14.568312174909998,0.0,194.82159442724472,0.0,0.00169845832244578,0.6193115484076143,0.0,1.0,slow:lane_dropout,0
1786524155.0966353,14.316075243594526,0.2581566820276498,189.5447815706619,0.20430484693877551,0.003266266004703423,0.7693115484076143,0.04884600370023691,1.0,follow,0
1786524155.166098,14.04207120118794,0.0,197.5081269349849,0.0,0.00169845832244578,0.7693115484076143,0.0,1.0,slow:lane_dropout,0
1786524155.2282767,14.13144989175171,0.0,200.7055335968379,0.0,0.00039195192056441075,0.7693115484076143,0.0,1.0,slow:lane_dropout,0
1786524155.2947643,14.488848678782018,0.0,202.40407573348753,0.1845982142857143,0.0,0.7693115484076143,0.0,1.0,slow:lane_dropout,0
1786524155.3649883,14.573193265076425,0.0,208.3846813920232,0.1725765306122449,0.0,0.5693115484076143,0.1,1.0,reacquire:road,0
1786524155.4370673,14.546783559883256,0.0,211.5274064171122,0.19387755102040816,0.0010452051215050953,0.36931154840761427,0.1,1.0,reacquire:road,0
1786524155.5103664,14.38784124939003,0.0,205.62848796464527,0.18501275510204085,0.0,0.16931154840761425,0.1,1.0,reacquire:road,0
1786524155.5835192,14.270195915968836,0.0,208.11818041656107,0.0,0.0,-0.030688451592385743,0.1,1.0,reacquire:road,0
1786524155.6471493,14.09761672823085,0.0,211.275261324042,0.0,0.0,-0.23068845159238574,0.1,1.0,reacquire:road,0
1786524155.7090938,14.478776280261815,0.29792626728110594,219.28646162266864,0.0,0.0,-0.09009345534124717,0.13681336405529954,1.0,follow,0
1786524155.768874,14.806764228176611,0.0,223.0,0.0,0.0,-0.09009345534124717,0.0,1.0,slow:lane_dropout,0
1786524155.8309102,15.177942186918273,0.0,220.33333333333343,0.0,0.0,-0.09009345534124717,0.0,1.0,slow:lane_dropout,0
1786524155.8877876,15.364449594013434,0.0,223.0,0.1455357142857143,0.0,-0.09009345534124717,0.0,1.0,slow:lane_dropout,0
1786524155.9482985,15.827117549703562,0.0694815668202765,215.78646162266864,0.0,0.0,0.037184902410018345,0.036769303350365594,1.0,follow,0
1786524156.0119407,15.963052505889495,0.12505760368663593,212.28646162266864,0.0,0.0,0.17349242690855224,0.07614703264994205,1.0,follow,0
1786524156.073597,15.885008498928407,0.15391705069124423,215.78646162266864,0.15239158163265307,0.0,0.31797481340939243,0.11788638875018478,1.0,follow,0
1786524156.1249328,16.000736711604336,0.0,112.0,0.0,0.0,0.31797481340939243,0.0,1.0,slow:lane_dropout,0
1786524156.1864607,16.643911426239452,0.0,112.0,0.0,0.0,0.31797481340939243,0.0,1.0,slow:lane_dropout,0
1786524156.258001,16.469858322938887,0.09443548387096776,212.28646162266864,0.0,0.0,0.4606178024098708,0.04120797460013819,1.0,follow,0
1786524156.3362188,16.049642203659356,0.0,222.83823778444489,0.16176658163265306,0.0,0.4606178024098708,0.0,1.0,slow:lane_dropout,0
1786524156.407375,15.35110524633221,0.1557258064516129,208.78646162266864,0.0,0.0,0.6106178024098708,0.05176413190019957,1.0,follow,0
1786524156.4724083,15.013608087447327,0.12186635944700461,205.28646162266864,0.0,0.0,0.7606178024098709,0.09933571439983098,1.0,follow,0
1786524156.542799,15.278424600990366,0.11829493087557602,201.78646162266864,0.0,0.0,0.82,0.12064654377880185,1.0,follow,0
1786524156.6079135,15.029047593079177,0.1275806451612903,198.28646162266864,0.0,0.0018291089626339169,0.82,0.12148225806451614,1.0,follow,0
1786524156.6747808,15.155004010117082,0.08481566820276498,194.78646162266864,0.0,0.0002613012803762738,0.82,0.11763341013824886,1.0,follow,0
1786524156.7442272,15.10767461872318,0.0,223.0,0.0,0.0,0.82,0.0,1.0,slow:lane_dropout,0
1786524156.8153782,14.956728636802803,0.22235023041474655,191.28646162266864,0.0,0.0,0.82,0.045286874099565465,1.0,follow,0
1786524156.8866105,14.729227150329349,0.26902073732718895,187.78646162266864,0.0,0.0,0.82,0.09232280979986171,1.0,follow,0
1786524156.9562483,14.610068681056516,0.21377880184331796,184.28646162266864,0.0,0.0,0.82,0.12924009216589863,1.0,follow,0
1786524157.0403829,14.608219628081631,0.5224193548387096,180.78646162266864,0.0,0.0,0.82,0.15701774193548387,1.0,follow,0
1786524157.118157,14.052885527247629,0.5527534562211982,177.28646162266864,0.0,0.0,0.7221013624044077,0.15974781105990787,1.0,follow,0
1786524157.192736,13.820281439217872,0.5100806451612904,173.78646162266864,0.0,0.0,0.7068623847336398,0.15590725806451614,1.0,follow,0
1786524157.2709339,13.745133897572405,0.0,2.509747537577944,0.0,0.0,0.7068623847336398,0.0,1.0,slow:lane_dropout,0
1786524157.340468,13.51775995205041,0.48084101382488476,170.28646162266864,0.0,0.0,0.6907684191137746,0.0515534883500095,1.0,follow,0
1786524157.411635,13.709130299670633,0.5228456221198157,166.78646162266864,0.0,0.0002613012803762738,0.6866036448259922,0.0964597016505195,1.0,follow,0
1786524157.4861462,13.755999488318073,0.5117972350230414,163.28646162266864,0.0,0.0,0.6742858310156534,0.14307648420003716,1.0,follow,0
1786524157.5549843,13.719066832390242,0.4697465437788019,159.78646162266864,0.0,0.0,0.6385753918928815,0.15227718894009218,1.0,follow,0
1786524157.6242657,13.817433140343404,0.0,179.71778002698977,0.0,0.0,0.6385753918928815,0.0,1.0,slow:lane_dropout,0
1786524157.693535,14.000846642980209,0.37859447004608293,156.28646162266864,0.0,0.0,0.7885753918928815,0.044114151899975695,1.0,follow,0
1786524157.7714345,14.106210287411365,0.4925115207373272,159.78646162266864,0.0,0.0010452051215050953,0.7130741657057562,0.08885637344997122,1.0,follow,0
1786524157.8419566,13.835284633667044,0.0,187.3600267379682,0.0,0.0,0.7130741657057562,0.0,1.0,slow:lane_dropout,0
1786524157.9311676,13.911924954103172,0.5584677419354839,163.28646162266864,0.0,0.0,0.5979038880457322,0.04571513375040013,1.0,follow,0
1786524158.0048397,13.33028160220714,0.1968663594470046,166.78646162266864,0.0,0.0,0.55,0.12,1.0,avoid:white,0
1786524158.082061,13.455125757288108,0.0,0.0,0.0,0.0,0.55,0.12,1.0,avoid:white,0
1786524158.164849,13.351159001451665,0.24967741935483873,170.28646162266864,0.0,0.0,0.55,0.12,1.0,avoid:white,0
1786524158.243421,13.084995182295003,0.0,0.0,0.0,0.0,0.55,0.0,1.0,slow:lane_dropout,0
1786524158.3198636,13.027449331959408,0.0,0.0,0.0,0.0,0.55,0.0,1.0,slow:lane_dropout,0
1786524158.4086883,13.01410858464297,0.0,223.0,0.0,0.0,0.55,0.0,1.0,slow:lane_dropout,0
1786524158.490769,12.672338506587156,0.0,223.0,0.0,0.0,0.35000000000000003,0.1,1.0,reacquire:road,0
1786524158.5717986,12.579082551003385,0.0,223.0,0.0,0.0,0.15000000000000002,0.1,1.0,reacquire:road,0
1786524158.6591675,12.54045834545602,0.0,0.0,0.0,0.0,-0.049999999999999975,0.1,1.0,reacquire:road,0
1786524158.7360218,12.307531710873917,0.0,1.9059661936270231,0.0,0.0,-0.24999999999999997,0.1,1.0,reacquire:road,0
1786524158.8170915,12.46278981402472,0.0,23.019240643822883,0.0,0.0,-0.44999999999999996,0.1,1.0,reacquire:road,0
1786524158.8973513,12.371240832029375,0.0,25.2383540372673,0.0,0.0,-0.65,0.1,1.0,reacquire:road,0
1786524158.9755266,12.414794690436093,0.4435483870967742,67.67258657494986,0.0,0.0,-0.5,0.1499193548387097,1.0,follow,0
1786524159.0542593,12.532534617347762,0.5403225806451613,64.17258657494986,0.0,0.0,-0.6297283479494822,0.15862903225806455,1.0,follow,0
1786524159.1369088,12.57221959335664,0.0,22.749461949441752,0.0,0.0,-0.6297283479494822,0.0,1.0,slow:lane_dropout,0
1786524159.2266521,12.475341573113514,0.0,30.148983860313706,0.0,0.0,-0.6297283479494822,0.0,1.0,slow:lane_dropout,0
1786524159.318169,12.208951838737507,0.6310483870967742,60.67258657494986,0.0,0.0,-0.7797283479494822,0.058330528750184386,1.0,follow,0
1786524159.4115746,11.94936960943479,0.7157258064516129,57.17258657494986,0.0,0.0,-0.82,0.11790321465018679,1.0,follow,0
1786524159.500597,11.614379539245068,0.0,31.362002754074766,0.0,0.0,-0.82,0.0,1.0,slow:lane_dropout,0
1786524159.5814846,11.561533489557032,0.0,32.788865032369486,0.0,0.0,-0.82,0.0,1.0,slow:lane_dropout,0
1786524159.668563,11.824014029584529,0.7157258064516129,53.67258657494986,0.0,0.0,-0.82,0.050489608649786535,1.0,follow,0
1786524159.7491338,11.75220370336243,0.7036290322580645,50.17258657494986,0.0,0.0,-0.82,0.10718408154980352,1.0,follow,0
1786524159.8363338,11.876373918260828,0.685483870967742,46.67258657494986,0.0,0.0,-0.82,0.1597175918001085,1.0,follow,0
1786524159.9195187,11.793991667611246,0.685483870967742,43.17258657494986,0.0,0.0,-0.82,0.18972137096774203,1.0,follow,0
1786524160.004004,11.852021252521354,0.685483870967742,40.667110204794966,0.0,0.0,-0.82,0.1716935483870968,1.0,follow,0
1786524160.0813134,11.850789799425332,0.685483870967742,39.730375476242166,0.0,0.0,-0.82,0.1716935483870968,1.0,follow,0
1786524160.1638288,12.056398366085604,0.6794354838709677,38.89204004811531,0.0,0.0,-0.82,0.1711491935483871,1.0,follow,0
1786524160.2444947,12.07588550145059,0.6673387096774193,38.57966128549984,0.0,0.0,-0.82,0.18791683467741943,1.0,follow,0
1786524160.3286889,12.097607102507443,0.6612903225806451,38.49809475452815,0.0,0.0,-0.82,0.18731532258064526,1.0,follow,0
1786524160.4141414,12.08069457889369,0.6612903225806451,38.979296575365225,0.0,0.0,-0.82,0.1695161290322581,1.0,follow,0
1786524160.4906821,11.997892010359067,0.655241935483871,39.44635325113863,0.0,0.0,-0.82,0.16897177419354842,1.0,follow,0
1786524160.5798385,12.219395192860674,0.6491935483870968,39.783055179771935,0.0,0.0,-0.82,0.18611229838709686,1.0,follow,0
1786524160.668806,12.022744105924748,0.6431451612903225,40.173412107588625,0.0,0.0,-0.82,0.18551078629032264,1.0,follow,0
1786524160.754539,11.845167762981001,0.6370967741935484,40.02110190021682,0.0,0.0,-0.82,0.18490927419354847,1.0,follow,0
1786524160.835841,11.813228212320048,0.6310483870967742,39.75195376632782,0.0,0.0,-0.82,0.17321540626846949,1.0,follow,0
1786524160.9217637,11.936634142428009,0.0,32.37126578871843,0.0,0.0,-0.82,0.0,1.0,slow:lane_dropout,0
1786524161.008863,11.876552933461593,0.5403225806451613,38.30882351128185,0.0,0.0,-0.82,0.05586002564991759,1.0,follow,0
1786524161.0871227,11.804532367390834,0.0,44.97615787064011,0.0,0.0,-0.82,0.0,1.0,slow:lane_dropout,0
1786524161.1644697,11.97130080619873,0.0,45.23501246011837,0.0,0.0,-0.82,0.0,1.0,slow:lane_dropout,0
1786524161.2398412,12.189927003321069,0.0,48.33185104811149,0.0,0.0,-0.82,0.0,1.0,slow:lane_dropout,0
1786524161.3163393,12.379916800730221,0.0,49.215364230798805,0.0,0.0,-0.82,0.1,1.0,reacquire:road,0
1786524161.3969266,12.529306937711873,0.0,53.6218724631391,0.0,0.0,-0.6249999999999999,0.1,1.0,reacquire:road,0
1786524161.4799924,12.498836574070332,0.0,56.892041582591204,0.0,0.0,-0.4249999999999998,0.1,1.0,reacquire:road,0
1786524161.5569763,12.408493781090131,0.0,52.076303023670874,0.0,0.0,-0.2249999999999998,0.1,1.0,reacquire:road,0
1786524161.644005,12.530200398868203,0.0,51.259109311740744,0.0,0.0,-0.024999999999999814,0.1,1.0,reacquire:road,0
1786524161.719514,12.331081272276057,0.0,49.94322162112633,0.0,0.0,0.17500000000000018,0.1,1.0,reacquire:road,0
1786524161.799387,12.514228269175996,0.0,53.28649578919156,0.0,0.0,0.3750000000000002,0.1,1.0,reacquire:road,0
1786524161.8763773,12.495867534988136,0.28949308755760367,130.12725861095447,0.0,0.0,0.2250000000000002,0.13605437788018435,1.0,follow,0
1786524161.9524734,12.600848012955787,0.21710829493087558,133.62725861095447,0.0,0.0009145544813169584,0.3512062117066577,0.1295397465437788,1.0,follow,0
1786524162.030736,12.684735286191128,0.0,223.0,0.0,0.0,0.3512062117066577,0.0,1.0,slow:lane_dropout,0
1786524162.0992274,12.693568226927558,0.0,0.0,0.0,0.0,0.3512062117066577,0.0,1.0,slow:lane_dropout,0
1786524162.1681728,13.126514602826475,0.0,0.0,0.0,0.0027436634439508755,0.3512062117066577,0.0,1.0,slow:lane_dropout,0
1786524162.2426798,13.41574227124653,0.45564516129032256,137.12725861095447,0.0,0.006663182649594983,0.2012062117066577,0.04460409524995157,1.0,follow,0
1786524162.3206246,13.4148985707388,0.3299193548387097,133.62725861095447,0.0,0.010452051215050953,0.05120621170665772,0.09306987819973074,1.0,follow,0
1786524162.400592,13.293159398570177,0.0,0.0,0.0,0.0037888685654559706,0.05120621170665772,0.0,1.0,slow:lane_dropout,0
1786524162.4738984,13.122107467485442,0.11548387096774193,137.12725861095447,0.0,0.0048340736869610665,0.2012062117066577,0.05225962690028609,1.0,follow,0
1786524162.543521,13.228301433831277,0.0,0.0,0.0,0.0,0.2012062117066577,0.0,1.0,slow:lane_dropout,0
1786524162.6126604,13.456887122782534,0.14653225806451614,140.62725861095447,0.0,0.0005226025607525476,0.3512062117066577,0.04522925354972358,1.0,follow,0
1786524162.6862943,13.657608527583111,0.2612557603686636,137.12725861095447,0.0,0.009014894172981448,0.3854604580769067,0.09017930805007382,1.0,follow,0
1786524162.7552068,13.637025576520752,0.17220046082949308,133.62725861095447,0.0,0.01959759602822054,0.4637389687388239,0.12549804147465438,1.0,follow,0
1786524162.8218906,13.832510301341047,0.22706221198156684,137.12725861095447,0.0,0.017245884504834073,0.6137389687388239,0.130435599078341,1.0,follow,0
1786524162.8939478,14.073435458520892,0.34254608294930877,133.62725861095447,0.0,0.006140580088842436,0.4641094124891314,0.14082914746543782,1.0,follow,0
1786524162.9708905,13.99003195922812,0.0,76.39481628428486,0.0,0.003135615364515286,0.4641094124891314,0.0,1.0,slow:lane_dropout,0
1786524163.0483394,13.826570943512428,0.0,61.03968253969269,0.0,0.01868304154690358,0.4641094124891314,0.0,1.0,slow:lane_dropout,0
1786524163.122605,13.637877068945045,0.366831797235023,130.12725861095447,0.0,0.04024039717794617,0.3141094124891314,0.0504536889998235,1.0,follow,0
1786524163.2003317,13.59853458084306,0.44383640552995396,126.62725861095447,0.0,0.015024823621635746,0.22573866823196204,0.09881259375015361,1.0,follow,0
1786524163.2763176,13.452701909355797,0.0,79.16546303388449,0.0,0.007447086490723805,0.22573866823196204,0.0,1.0,slow:lane_dropout,0
1786524163.3582444,13.391516905116973,0.0,73.07532279242794,0.0,0.01319571465900183,0.22573866823196204,0.0,1.0,slow:lane_dropout,0
1786524163.446599,13.170060028677103,0.467741935483871,123.12725861095447,0.0,0.008622942252417037,0.12249302780572904,0.052913358550267735,1.0,follow,0
1786524163.5262108,12.762853902402497,0.49193548387096775,119.62725861095447,0.0,0.009668147373922133,0.0884138030174305,0.1112929421498393,1.0,follow,0
1786524163.607811,12.750628312649082,0.0,89.38164506541673,0.0,0.009537496733733995,0.0884138030174305,0.0,1.0,slow:lane_dropout,0
1786524163.688054,12.661984035604213,0.0,83.1712583746807,0.0,0.01319571465900183,0.0884138030174305,0.0,1.0,slow:lane_dropout,0
1786524163.7636244,12.62958416596494,0.0,81.35206315244601,0.0,0.006271230729030572,0.0884138030174305,0.0,1.0,slow:lane_dropout,0
1786524163.835487,12.746411806004005,0.0,80.87062510308436,0.0,0.006924483929971257,0.2884138030174305,0.1,1.0,reacquire:road,0
1786524163.9118507,12.948724344885465,0.0,90.20758035358622,0.0,0.0010452051215050953,0.48841380301743054,0.1,1.0,reacquire:road,0
1786524163.9868286,12.964099894791781,0.0,88.68333004115487,0.0,0.003266266004703423,0.2884138030174305,0.1,1.0,reacquire:road,0
1786524164.063428,13.085760124551795,0.0,90.11905537801678,0.0,0.005356676247713614,0.48841380301743054,0.1,1.0,reacquire:road,0
1786524164.1468806,13.070699192100983,0.5282258064516129,95.90517513245251,0.0,0.007969689051476353,0.3384138030174305,0.14995981899969593,1.0,follow,0
1786524164.225972,12.827317727623031,0.0,92.72320939570194,0.0,0.0037888685654559706,0.3384138030174305,0.0,1.0,slow:lane_dropout,0
1786524164.3121715,12.782191222737037,0.0,102.50172268907615,0.0,0.0073164358505356675,0.3384138030174305,0.0,1.0,slow:lane_dropout,0
1786524164.396866,12.542401001652204,0.5766129032258065,97.73635939399534,0.0,0.0,0.18841380301743052,0.05611555949949434,1.0,follow,0
1786524164.4683871,12.425608643281116,0.6189516129032258,99.50827333577094,0.0,0.0,0.038413803017430526,0.11047047894981006,1.0,follow,0
1786524164.5457609,12.758608291778291,0.6370967741935484,101.8551723015412,0.0,0.0,-0.11158619698256947,0.15660050054998464,1.0,follow,0
1786524164.626957,12.7842903852396,0.6431451612903225,103.18973522165679,0.0,0.0,-0.26158619698256946,0.16788306451612903,1.0,follow,0
1786524164.705205,12.653843120210691,0.625,102.7602427484308,0.0,0.0,-0.3826211900770444,0.2214601419656922,1.0,follow,0
1786524164.7930021,12.713490707392177,0.6068548387096775,102.09193491150324,0.0,0.0,-0.4045906826490313,0.27164512746599234,1.0,follow,0
1786524164.8891246,12.289178208613546,0.0,108.06011127237552,0.0,0.0020904102430101905,-0.4045906826490313,0.021645127465992342,1.0,slow:lane_dropout,0
1786524164.9637265,12.066602489014159,0.0,107.43011632144606,0.0,0.011235955056179775,-0.4045906826490313,0.0,1.0,slow:lane_dropout,0
1786524165.0397024,12.34246377859951,0.5221774193548387,105.59193491150324,0.0,0.0013065064018813691,-0.3145964862544621,0.04834184160017685,1.0,follow,0
1786524165.1290488,12.510117058583214,0.0,112.60576235430455,0.0,0.006532532009406846,-0.3145964862544621,0.0,1.0,slow:lane_dropout,0
1786524165.2075021,12.197631901697186,0.0,108.82073009422147,0.0,0.007577737130911941,-0.3145964862544621,0.0,1.0,slow:lane_dropout,0
1786524165.2874296,12.357235932896966,0.0,108.39915692540502,0.0,0.021949307551607004,-0.3145964862544621,0.0,1.0,slow:lane_dropout,0
1786524165.3668876,12.398595233188248,0.0,108.98900317321382,0.0,0.02247191011235955,-0.5145964862544622,0.1,1.0,reacquire:road,0
1786524165.444616,12.42618618617291,0.0,114.08895879473607,0.0,0.030310948523647765,-0.7145964862544623,0.1,1.0,reacquire:road,0
1786524165.5223196,12.431856234370741,0.0,108.25704058457652,0.0,0.02377841651424092,-0.725,0.1,1.0,reacquire:road,0
1786524165.6047938,12.569315728166433,0.0,104.5739162634543,0.0,0.027567285079696892,-0.5249999999999999,0.1,1.0,reacquire:road,0
1786524165.6860945,12.443653779613975,0.0,119.9256118466657,0.0,0.03854193885550039,-0.32499999999999984,0.1,1.0,reacquire:road,0
1786524165.7690299,12.50341311273779,0.0,130.09290746331894,0.0,0.0509537496733734,-0.12499999999999986,0.1,1.0,reacquire:road,0
1786524165.847965,12.3377041542185,0.0,117.35609642025881,0.0,0.05003919519205644,0.07500000000000014,0.1,1.0,reacquire:road,0
1786524165.9278767,12.478385639886616,0.0,92.1877470355588,0.0,0.0665011758557617,0.27500000000000013,0.1,1.0,reacquire:road,0
1786524165.988032,12.489115106471326,0.0,208.3871128871076,0.0,0.08257120459890253,0.47500000000000014,0.1,1.0,reacquire:road,0
1786524166.066668,13.314107655026815,0.0,217.66154059591875,0.0,0.08858113404755684,0.6750000000000002,0.1,1.0,reacquire:road,0
1786524166.1390948,13.203584081015467,0.0,215.25724652705776,0.0,0.10007839038411288,0.47500000000000014,0.1,1.0,reacquire:road,0
1786524166.2138858,13.192734065077211,0.0,173.2764447884415,0.0,0.12045989025346224,0.27500000000000013,0.1,1.0,reacquire:road,0
1786524166.2887192,13.328976042759153,0.0,216.24373230509985,0.0,0.14502221060883197,0.07500000000000014,0.1,1.0,reacquire:road,0
1786524166.351488,13.338004357401378,0.0,0.0,0.0,0.1528612490201202,-0.12499999999999986,0.1,1.0,reacquire:road,0
1786524166.4177368,13.898653775064922,0.0,215.33103090747454,0.0,0.13143454402926574,-0.32499999999999984,0.1,1.0,reacquire:road,0
1786524166.4983807,14.077559623482847,0.0,213.09873991058703,0.0,0.12437940945910635,-0.5249999999999999,0.1,1.0,reacquire:road,0
1786524166.5683444,13.780653965548316,0.0,214.74388741524731,0.0,0.09994773974392475,-0.725,0.1,1.0,reacquire:road,0
1786524166.6393385,13.875462101379881,0.0,215.456724845363,0.590561224489796,0.07773713091194147,-0.5320811007501105,0.0,1.0,neutral:obstacle,0
1786524166.7136285,13.897935222772857,0.0,159.94402846474998,0.0,0.04781813430885811,-0.3354815959993174,0.0,1.0,neutral:obstacle,0
1786524166.7763116,13.84657543781092,0.3192511520737327,201.86919504644248,0.0,0.009929448654298406,-0.13548159599931736,0.0,1.0,neutral:obstacle,0
1786524166.8440814,14.250255269721253,0.0,223.0,0.0,0.0,0.03785621700021707,-0.11,1.0,reverse:obstacle,0
1786524166.9142175,14.308069464935096,0.0,223.0,0.0,0.0,0.22699840650134334,-0.11,1.0,reverse:obstacle,0
1786524166.9920547,14.350180271104009,0.0,212.53486974241628,0.0,0.0,0.4164103022502333,-0.11,1.0,reverse:obstacle,0
1786524167.0647488,14.000178584615982,0.0,223.0,0.0,0.0,0.6164103022502333,-0.11,1.0,reverse:obstacle,0
1786524167.1399734,13.987993848020288,0.0,223.0,0.0,0.0,0.8136948787505847,-0.11,1.0,reverse:obstacle,0
1786524167.2139854,13.863005095217563,0.0,221.74015444015103,0.0,0.0,0.82,0.18,1.0,avoid:obstacle,0
1786524167.2860343,13.776666201276502,0.33107142857142857,109.66235210839011,0.0,0.0,0.82,0.18,1.0,avoid:obstacle,0
1786524167.3621058,13.79352158301854,0.40921658986175113,113.16235210839011,0.0,0.0,0.82,0.18,1.0,avoid:obstacle,0
1786524167.4406435,13.690505530232112,0.0,194.14563423889223,0.0,0.0,0.82,0.18,1.0,avoid:obstacle,0
1786524167.5162623,13.470485473689418,0.0,179.61906995443616,0.0,0.0,0.82,0.18,1.0,avoid:obstacle,0
1786524167.599179,13.398096319960358,0.0,186.72794725702758,0.0,0.0,0.82,0.18,1.0,avoid:obstacle,0
1786524167.6814556,13.147323513236682,0.0,201.92810238541892,0.0,0.0,0.82,0.18,1.0,avoid:obstacle,0
1786524167.7539058,12.93103700294359,0.0,188.41253025706956,0.0,0.0,0.82,0.18,1.0,avoid:obstacle,0
1786524167.8337839,13.084656628028453,0.0,195.68403547671872,0.0,0.0,0.82,0.18,1.0,avoid:obstacle,0
1786524167.909841,12.987106587727894,0.48588709677419356,150.00314999506105,0.0,0.0,0.82,0.18,1.0,avoid:obstacle,0
1786524167.975812,13.073682975257167,0.0,172.51200897253506,0.0,0.0,0.82,0.18,1.0,avoid:obstacle,0
1786524168.0454845,13.471869364260899,0.0,175.4462531186036,0.0,0.0,0.82,0.18,1.0,avoid:obstacle,0
1786524168.119939,13.667061090889383,0.0,178.7635900775675,0.0,0.0,0.82,0.18,1.0,avoid:obstacle,0
1786524168.1932218,13.615481553508339,0.0,184.0961807151382,0.0,0.0,0.82,0.18,1.0,avoid:obstacle,0
1786524168.2664022,13.623552241779072,0.0,184.6191131948518,0.0,0.0,0.82,0.18,1.0,avoid:obstacle,0
1786524168.3400888,13.636584569935138,0.0,219.89479155268663,0.0,0.0,0.82,0.18,1.0,avoid:obstacle,0
1786524168.4159555,13.528831148141409,0.0,221.64004835023832,0.0,0.0,0.82,0.18,1.0,avoid:obstacle,0
1786524168.4888318,13.520105948939213,0.0,223.0,0.0,0.0,0.82,0.18,1.0,avoid:obstacle,0
1786524168.562637,13.542388558075066,0.0,223.0,0.0,0.0,0.82,0.18,1.0,avoid:obstacle,0
1786524168.635448,13.53880758592771,0.0,220.54137577762518,0.0,0.0,0.82,0.18,1.0,avoid:obstacle,0
1786524168.710079,13.62142733987946,0.0,222.45867067528994,0.0,0.0,0.82,0.18,1.0,avoid:obstacle,0
1786524168.7885914,13.539269897832956,0.0,223.0,0.0,0.0,0.82,0.18,1.0,avoid:obstacle,0
1786524168.8663013,13.414092996587287,0.0,216.82430676839164,0.0,0.0,0.82,0.18,1.0,avoid:obstacle,0
1786524168.9485781,13.306180773339195,0.0,223.0,0.0,0.0,0.82,0.18,1.0,avoid:obstacle,0
1786524169.0357933,13.062431354274477,0.0,221.75202223150004,0.0,0.0,0.82,0.18,1.0,avoid:obstacle,0
1786524169.1129363,12.71434602520873,0.0,222.5842984955724,0.0,0.0011758557616932323,0.82,0.18,1.0,avoid:obstacle,0
1786524169.1886313,12.815400420780762,0.0,223.0,0.0,0.0037888685654559706,0.82,0.18,1.0,avoid:obstacle,0
1786524169.2644205,12.86825225930877,0.0,223.0,0.0,0.004050169845832245,0.82,0.18,1.0,avoid:obstacle,0
1786524169.3385158,12.977943078757322,0.0,222.9003276003263,0.0,0.006140580088842436,0.82,0.18,1.0,avoid:obstacle,0
1786524169.4130723,13.061935818598062,0.5161290322580645,180.08947053957024,0.0,0.03828063757512412,0.82,0.18,1.0,avoid:obstacle,0
1786524169.4971404,13.112182921719528,0.0,202.77432323773908,0.0,0.05043114711262085,0.82,0.18,1.0,avoid:obstacle,0
1786524169.5639424,12.899409743072871,0.0,219.5325459913691,0.0,0.05892343872484975,0.82,0.18,1.0,avoid:obstacle,0
1786524169.6350322,13.310862391665705,0.0,220.65325545540895,0.0,0.07708387771100078,0.82,0.18,1.0,avoid:obstacle,0
1786524169.7119162,13.465407679734504,0.0,223.0,0.0,0.07277240658479227,0.82,0.18,1.0,avoid:obstacle,0
1786524169.7835083,13.373701548206338,0.0,215.99185446906188,0.0,0.06571727201463287,0.82,0.18,1.0,avoid:obstacle,0
1786524169.8532498,13.480106635762597,0.0,220.9882800126698,0.0,0.05461196759864123,0.82,0.18,1.0,avoid:obstacle,0
1786524169.9280312,13.660361524964436,0.0,195.20910948055834,0.0,0.029135092761954532,0.82,0.18,1.0,avoid:obstacle,0
1786524170.0021534,13.572728073468372,0.0,223.0,0.0,0.010582701855239091,0.82,0.18,1.0,avoid:obstacle,0
1786524170.0794485,13.575209474773962,0.0,223.0,0.0,0.0037888685654559706,0.82,0.18,1.0,avoid:obstacle,0
1786524170.1562943,13.429466022983688,0.0,223.0,0.0,0.0,0.82,0.18,1.0,avoid:obstacle,0
1786524170.235793,13.372645567576262,0.0,223.0,0.0,0.0,0.82,0.18,1.0,avoid:obstacle,0
1786524170.314157,13.162672199161804,0.0,223.0,0.0,0.0,0.82,0.18,1.0,avoid:obstacle,0
1786524170.3895617,13.144870909924181,0.0,218.81473861584047,0.0,0.0,0.82,0.18,1.0,avoid:obstacle,0
1786524170.4704041,13.16343878630315,0.0,213.53908610252589,0.0,0.0,0.82,0.18,1.0,avoid:obstacle,0
1786524170.5603948,13.005515086565765,0.0,217.431697500261,0.0,0.0,0.82,0.18,1.0,avoid:obstacle,0
1786524170.6370933,12.624419217675952,0.0,223.0,0.0,0.0,0.82,0.18,1.0,avoid:obstacle,0
1786524170.7145722,12.652089561335316,0.0,223.0,0.0,0.0,0.82,0.18,1.0,avoid:obstacle,0
1786524170.7900987,12.760467947341958,0.0,223.0,0.0,0.0,0.82,0.18,1.0,avoid:obstacle,0
1786524170.8587623,12.856825787816794,0.0,223.0,0.0,0.0,0.82,0.18,1.0,avoid:obstacle,0
1786524170.932093,13.18086975205306,0.0,201.91244065236413,0.0,0.0,0.82,0.18,1.0,avoid:obstacle,0
1786524171.0016174,13.277421633627617,0.0,223.0,0.0,0.0,0.82,0.18,1.0,avoid:obstacle,0
1786524171.0776293,13.422941360424476,0.0,223.0,0.0,0.0,0.82,0.18,1.0,avoid:obstacle,0
1786524171.1461275,13.425745065248265,0.0,173.23316807251993,0.0,0.0,0.82,0.18,1.0,avoid:obstacle,0
1786524171.2187366,13.657251854329436,0.0,223.0,0.0,0.0,0.82,0.18,1.0,avoid:obstacle,0
1786524171.2883258,13.690698451103277,0.0,172.54987026751945,0.0,0.0,0.82,0.18,1.0,avoid:obstacle,0
1786524171.3591008,13.829800466633705,0.0,223.0,0.0,0.0,0.82,0.18,1.0,avoid:obstacle,0
1786524171.427771,13.898054800154949,0.0,223.0,0.0,0.0,0.82,0.18,1.0,avoid:obstacle,0
1786524171.5074155,13.9550744137259,0.0,217.58278928278662,0.0,0.0,0.82,0.18,1.0,avoid:obstacle,0
1786524171.5817776,13.644179755316216,0.0,221.8632751854405,0.0,0.0,0.82,0.18,1.0,avoid:obstacle,0
1786524171.659395,13.703832515717876,0.0,223.0,0.0,0.0,0.82,0.18,1.0,avoid:obstacle,0
1786524171.7384112,13.549199248926097,0.0,217.66217902117074,0.0,0.0,0.82,0.18,1.0,avoid:obstacle,0
1786524171.822498,13.30729688085989,0.0,223.0,0.0,0.0,0.82,0.18,1.0,avoid:obstacle,0
1786524171.9042304,13.086084309772035,0.0,187.57223369881638,0.0,0.0,0.82,0.18,1.0,avoid:obstacle,0
1786524171.9813972,12.915512301337142,0.0,190.2473164627335,0.0,0.0,0.82,0.18,1.0,avoid:obstacle,0
1786524172.0596218,12.926355551060102,0.0,214.48042269187684,0.0,0.0,0.82,0.18,1.0,avoid:obstacle,0
1786524172.1380746,12.882547682951344,0.0,223.0,0.0,0.0,0.82,0.18,1.0,avoid:obstacle,0
1786524172.2149053,12.853278923563948,0.3580184331797235,138.69202189114282,0.0,0.0,0.82,0.18,1.0,avoid:obstacle,0
1786524172.2891357,12.900982746524715,0.0,223.0,0.0,0.0,0.82,0.18,1.0,avoid:obstacle,0
1786524172.3570833,13.011928009277224,0.0,223.0,0.0,0.0,0.82,0.18,1.0,avoid:obstacle,0
1786524172.434488,13.354514687414248,0.0,223.0,0.0,0.0,0.82,0.18,1.0,avoid:obstacle,0
1786524172.5084605,13.257505007991046,0.0,208.8942714126738,0.0,0.0,0.82,0.18,1.0,avoid:obstacle,0
1786524172.585002,13.310487355547979,0.0,223.0,0.0,0.0,0.82,0.18,1.0,avoid:obstacle,0
1786524172.659041,13.190630483104805,0.0,223.0,0.0,0.0,0.82,0.18,1.0,avoid:obstacle,0
1786524172.7274427,13.349466801425704,0.0,59.49505928851545,0.0,0.0,0.82,0.18,1.0,avoid:obstacle,0
1786524172.7975483,13.59701808693292,0.3951612903225806,138.02588552749785,0.0,0.0,0.82,0.18,1.0,avoid:obstacle,0
1786524172.8675075,13.73434783436633,0.0,61.64486584108079,0.0,0.0,0.82,0.18,1.0,avoid:obstacle,0
1786524172.9404256,13.76383593832571,0.0,223.0,0.0,0.012411810817873008,0.82,0.18,1.0,avoid:obstacle,0
1786524173.0095952,13.7920953082078,0.0,202.55192307692687,0.0,0.01620067938332898,0.82,0.18,1.0,avoid:obstacle,0
1786524173.092021,13.927745525931641,0.0,7.636540600666365,0.0,0.014240919780506924,0.82,0.18,1.0,avoid:obstacle,0
1786524173.162344,13.585200464560794,0.0,223.0,0.0,0.01489417298144761,0.82,0.18,1.0,avoid:obstacle,0
1786524173.2440515,13.7172145604333,0.0,0.0,0.0,0.01998954794878495,0.82,0.18,1.0,avoid:obstacle,0
1786524173.3295949,13.400162560878448,0.0,7.260088507147202,0.0,0.017637836425398484,0.82,0.18,1.0,avoid:obstacle,0
1786524173.4031227,13.081775528028606,0.0,211.70394736841513,0.0,0.10621897047295532,0.82,0.18,1.0,avoid:obstacle,0
1786524173.4805915,13.175324181662171,0.0,191.1901245207705,0.0,0.1667102168800627,0.82,0.18,1.0,avoid:obstacle,0
1786524173.560552,13.113600600448192,0.0,0.0,0.0,0.17154429056702378,0.82,0.18,1.0,avoid:obstacle,0
1786524173.6314232,13.000961971658388,0.0,203.73634085212598,0.0,0.23399529657695323,0.82,0.18,1.0,avoid:obstacle,0
1786524173.7030153,13.23439841562858,0.0,156.84212070536887,0.0,0.19048863339430364,0.82,0.18,1.0,avoid:obstacle,0
1786524173.775611,13.362869042444874,0.0,149.41407038612374,0.0,0.18382545074470866,0.82,0.18,1.0,avoid:obstacle,0
1786524173.849268,13.450208248122188,0.0,223.0,0.0,0.22707081264698198,0.82,0.18,1.0,avoid:obstacle,0
1786524173.9234574,13.434995738084961,0.0,0.0,0.0,0.13966553436111837,0.82,0.18,1.0,avoid:obstacle,0
1786524174.004877,13.459911742250737,0.0,205.88445125287228,0.0,0.14319310164619806,0.82,0.18,1.0,avoid:obstacle,0
1786524174.085224,13.246932055335874,0.0,7.281183932346735,0.0,0.11105304415991639,0.82,0.18,1.0,avoid:obstacle,0
1786524174.165174,13.0767739874146,0.0,211.85824045495303,0.0,0.033707865168539325,0.82,0.18,1.0,avoid:obstacle,0
1786524174.2477596,12.97897856866373,0.0,8.171475716569262,0.0,0.022210608831983277,0.82,0.18,1.0,avoid:obstacle,0
1786524174.320287,12.800681775831068,0.0,212.8253676470506,0.0,0.042330807420956365,0.82,0.18,1.0,avoid:obstacle,0
1786524174.3957424,13.014398119805524,0.0,189.7992805558588,0.0,0.013979618500130651,0.82,0.18,1.0,avoid:obstacle,0
1786524174.470467,13.063033099989333,0.0,0.0,0.0,0.005226025607525477,0.82,0.18,1.0,avoid:obstacle,0
1786524174.544231,13.10865730430947,0.0,0.0,0.0,0.0002613012803762738,0.82,0.18,1.0,avoid:obstacle,0
1786524174.6293027,13.202922800721858,0.0,7.915937192252912,0.0,0.00169845832244578,0.82,0.18,1.0,avoid:obstacle,0
1786524174.7169883,12.921675135264133,0.0,223.0,0.0,0.0013065064018813691,0.82,0.18,1.0,avoid:obstacle,0
1786524174.798271,12.57329769365539,0.0,175.43538461538478,0.0,0.0,0.82,0.18,1.0,avoid:obstacle,0
1786524174.8785024,12.549173839125734,0.5342741935483871,79.51178519511757,0.0,0.0,0.82,0.18,1.0,avoid:obstacle,0
1786524174.957929,12.558779863800694,0.0,0.0,0.0,0.0,0.82,0.18,1.0,avoid:obstacle,0
1786524175.0353649,12.561683254962812,0.0,19.503406471442617,0.0,0.0,0.82,0.18,1.0,avoid:obstacle,0
1786524175.1118667,12.631761435820138,0.0,25.293755025461195,0.0,0.0,0.82,0.18,1.0,avoid:obstacle,0
1786524175.2003431,12.666878653460461,0.0,223.0,0.0,0.0,0.82,0.18,1.0,avoid:obstacle,0
1786524175.271279,12.42480426531613,0.0,223.0,0.0,0.0,0.82,0.18,1.0,avoid:obstacle,0
1786524175.3448422,12.771080049701716,0.0,47.199433745484384,0.0,0.0,0.82,0.18,1.0,avoid:obstacle,0
1786524175.4226108,12.879782666202855,0.4491705069124424,143.99293842714405,0.0,0.0,0.775,0.15042534562211984,1.0,follow,0
1786524175.4937785,12.892555377939447,0.0,180.69327607258964,0.0,0.0,0.775,0.0,1.0,slow:lane_dropout,0
1786524175.5722485,13.148467958173262,0.0,9.704024739908732,0.0,0.0,0.775,0.0,1.0,slow:lane_dropout,0
1786524175.6524734,13.07874114021162,0.0,23.18675515660766,0.0,0.0,0.775,0.0,1.0,slow:lane_dropout,0
1786524175.728069,12.96362801096359,0.0,21.70040836029824,0.0,0.0,0.575,0.1,1.0,reacquire:road,0
1786524175.8046846,13.017661599699462,0.0,0.0,0.0,0.0,0.3749999999999999,0.1,1.0,reacquire:road,0
1786524175.884861,13.005111792628707,0.0,216.78258015100135,0.0,0.0,0.1749999999999999,0.1,1.0,reacquire:road,0
1786524175.9576313,12.88068103085927,0.4520276497695853,202.35011515275121,0.0,0.0,0.25274015453579857,0.1506824884792627,1.0,follow,0
1786524176.0384638,13.082330434277806,0.0,0.0,0.0,0.0,0.25274015453579857,0.0,1.0,slow:lane_dropout,0
1786524176.131517,12.949761058772323,0.31478110599078335,198.85011515275121,0.0,0.0,0.10274015453579859,0.052337119899539174,1.0,follow,0
1786524176.2069256,12.505350506908627,0.0,27.15115995117293,0.0,0.0,0.10274015453579859,0.0,1.0,slow:lane_dropout,0
1786524176.2781346,12.654285395497396,0.34902073732718897,195.35011515275121,0.0,0.0,0.25274015453579857,0.04905651139979455,1.0,follow,0
1786524176.3678803,12.891268854670187,0.42421658986175115,191.85011515275121,0.0,0.0,0.4027401545357986,0.09602453510001396,1.0,follow,0
1786524176.4455078,12.54910286391547,0.0,27.451093951102138,0.0,0.0,0.4027401545357986,0.0,1.0,slow:lane_dropout,0
1786524176.5289583,12.651782902798406,0.0,10.221076308955375,0.0,0.0,0.4027401545357986,0.0,1.0,slow:lane_dropout,0
1786524176.6079392,12.486580347156588,0.0,0.0,0.0,0.0,0.4027401545357986,0.0,1.0,slow:lane_dropout,0
1786524176.6836193,12.55760038167963,0.0,0.0,0.0,0.0,0.20274015453579858,0.1,1.0,reacquire:road,0
1786524176.7671685,12.644723501767666,0.0,1.7009904949397967,0.0,0.0,0.4027401545357986,0.1,1.0,reacquire:road,0
1786524176.850793,12.507286414383346,0.0,11.30707719102486,0.0,0.0,0.20274015453579858,0.1,1.0,reacquire:road,0
1786524176.929599,12.420246953078207,0.0,13.300152351850357,0.0,0.0,0.002740154535798567,0.1,1.0,reacquire:road,0
1786524177.0069156,12.492243339207485,0.0,11.570840429470678,0.0,0.0,0.20274015453579858,0.1,1.0,reacquire:road,0
1786524177.09134,12.531421910216253,0.0,10.014793660128923,0.0,0.0,0.002740154535798567,0.1,1.0,reacquire:road,0
1786524177.1712594,12.387413557972796,0.0,14.663061851728159,0.0,0.0,0.20274015453579858,0.1,1.0,reacquire:road,0
1786524177.2488804,12.46447349313854,0.0,13.10128843418326,0.0,0.0,0.4027401545357986,0.1,1.0,reacquire:road,0
1786524177.3311808,12.549257629523504,0.0,10.835933128038562,0.0,0.0,0.6027401545357985,0.1,1.0,reacquire:road,0
1786524177.4112644,12.425787701559608,0.7943548387096775,216.25524957049123,0.0,0.0,0.7527401545357986,0.15447578045027513,1.0,follow,0
1786524177.5023024,12.4678442769127,0.7036290322580645,215.0360017251496,0.0,0.0,0.82,0.17332661290322582,1.0,follow,0
1786524177.5900714,12.184892884579174,0.6794354838709677,213.7921418064746,0.0,0.0,0.82,0.1711491935483871,1.0,follow,0
1786524177.673465,12.02841656411699,0.7943548387096775,215.58384278474435,0.0,0.0,0.82,0.181491935483871,1.0,follow,0
1786524177.7565506,11.983596122569196,0.6612903225806451,218.17949781008383,0.0,0.0,0.82,0.1695161290322581,1.0,follow,0
1786524177.8428004,12.015423826063362,0.6733870967741936,219.8666735765545,0.0,0.0,0.82,0.17060483870967744,1.0,follow,0
1786524177.9251397,11.939239186272689,0.6975806451612904,220.96333782476043,0.0,0.0,0.82,0.17278225806451616,1.0,follow,0
1786524178.0125685,11.97572951256889,0.7278225806451613,221.6761695860943,0.0,0.003004964724327149,0.82,0.17550403225806452,1.0,follow,0
1786524178.1094978,11.806808535226901,0.0,223.0,0.0,0.003004964724327149,0.82,0.0,1.0,slow:lane_dropout,0
1786524178.187964,11.57174796766908,0.0,223.0,0.0,0.00169845832244578,0.82,0.0,1.0,slow:lane_dropout,0
1786524178.2712955,11.788890964691552,0.0,223.0,0.0,0.00339691664489156,0.82,0.0,1.0,slow:lane_dropout,0
1786524178.3559215,11.844815769152177,0.0,223.0,0.0,0.001567807682257643,0.82,0.1,1.0,reacquire:road,0
1786524178.4340284,11.829351875702404,0.7096774193548387,222.1395102309613,0.0,0.0,0.82,0.1552368985996509,1.0,follow,0
1786524178.5185049,12.036696909096442,0.7157258064516129,222.44068165012484,0.0,0.003135615364515286,0.82,0.17441532258064518,1.0,follow,0
1786524178.6033108,11.944515221235172,0.0,223.0,0.0,0.011758557616932322,0.82,0.0,1.0,slow:lane_dropout,0
1786524178.6788068,11.925691592899216,0.5403225806451613,218.94068165012484,0.0,0.018552390906715444,0.82,0.054850482699976055,1.0,follow,0
1786524178.762164,12.218049484940673,0.0,5.746124256997007,0.0,0.018160438986151033,0.82,0.0,1.0,slow:lane_dropout,0
1786524178.8552132,12.180829168335741,0.0,5.569652525522095,0.0,0.012673112098249282,0.82,0.0,1.0,slow:lane_dropout,0
1786524178.947863,11.89762355862854,0.0,83.63237223659272,0.0,0.012934413378625555,0.82,0.0,1.0,slow:lane_dropout,0
1786524179.030861,11.682919924229108,0.5403225806451613,215.44068165012484,0.0,0.02377841651424092,0.82,0.06005115219986692,1.0,follow,0
1786524179.1238112,11.756109731273181,0.5342741935483871,218.08644307258115,0.0,0.0005226025607525476,0.82,0.1139981244997216,1.0,follow,0
1786524179.202346,11.546837857912012,0.4420276497695853,214.58644307258115,0.0,0.0,0.82,0.14978248847926268,1.0,follow,0
1786524179.2907472,11.794367089092843,0.7036290322580645,217.53118799717774,0.0,0.0,0.82,0.17332661290322582,1.0,follow,0
1786524179.3833928,11.70118258140215,0.7036290322580645,219.44527219816553,0.0,0.005356676247713614,0.82,0.17332661290322582,1.0,follow,0
1786524179.4753146,11.4645067117379,0.7036290322580645,220.6894269288076,0.0,0.0,0.82,0.17332661290322582,1.0,follow,0
1786524179.5620759,11.386415164630728,0.6975806451612904,221.49812750372493,0.0,0.0005226025607525476,0.82,0.17278225806451616,1.0,follow,0
1786524179.647513,11.422352618194903,0.6975806451612904,222.0237828774212,0.8015943877551021,0.0,0.82,0.18,1.0,avoid:obstacle,0
1786524179.7319403,11.458134625282176,0.6915322580645161,218.5237828774212,0.0,0.0,0.6249999999999999,0.18,1.0,avoid:obstacle,0
1786524179.8237207,11.52675383848117,0.6915322580645161,215.0237828774212,0.0,0.0,0.4249999999999998,0.18,1.0,avoid:obstacle,0
1786524179.9143388,11.428069763930853,0.0,200.52513599119072,0.0,0.0,0.2249999999999998,0.18,1.0,avoid:obstacle,0
1786524180.0024264,11.320072744325657,0.6794354838709677,211.5237828774212,0.0,0.0,0.024999999999999814,0.18,1.0,avoid:obstacle,0
1786524180.093135,11.324642363234746,0.6491935483870968,208.5649118989128,0.0,0.0,-0.17500000000000018,0.18,1.0,avoid:obstacle,0
1786524180.1846867,11.29595663424845,0.7943548387096775,212.0649118989128,0.0,0.0,-0.3750000000000002,0.18,1.0,avoid:obstacle,0
1786524180.2774851,11.22162929289895,0.0,207.79523492120302,0.0,0.0,-0.5750000000000002,0.18,1.0,avoid:obstacle,0
1786524180.3743904,11.114944199307805,0.6491935483870968,215.5649118989128,0.0,0.0,-0.7750000000000002,0.18,1.0,avoid:obstacle,0
1786524180.457143,10.982861453709644,0.6491935483870968,215.89141645833044,0.0,0.0,-0.82,0.18,1.0,avoid:obstacle,0
1786524180.541304,11.189677026566372,0.6431451612903225,216.81663174712756,0.0,0.0,-0.82,0.18,1.0,avoid:obstacle,0
1786524180.6245327,11.334201106363428,0.6370967741935484,216.98765388395054,0.5813775510204082,0.0,-0.82,0.18,1.0,avoid:obstacle,0
1786524180.7103674,11.477833549973768,0.6068548387096775,219.09197502456786,0.568654336734694,0.0,-0.82,0.18,1.0,avoid:obstacle,0
1786524180.7866402,11.46579058703087,0.0,223.0,0.568654336734694,0.0,-0.82,0.18,1.0,avoid:obstacle,0
1786524180.863145,11.853596359252787,0.0,222.23950016763877,0.0,0.0,-0.82,0.18,1.0,avoid:obstacle,0
1786524180.9476259,12.060009235163351,0.7943548387096775,220.18133538565698,0.5796875,0.0,-0.82,0.18,1.0,avoid:obstacle,0
1786524181.0291913,12.043026256631052,0.7883064516129032,220.98831409952206,0.0,0.0,-0.82,0.18,1.0,avoid:obstacle,0
1786524181.1159208,12.081482141167955,0.6290322580645161,217.48831409952206,0.6019132653061225,0.0,-0.82,0.18,1.0,avoid:obstacle,0
1786524181.19639,11.975202804043361,0.0,223.0,0.0,0.0,-0.82,0.18,1.0,avoid:obstacle,0
1786524181.2720127,12.052754332603472,0.0,223.0,0.0,0.0,-0.82,0.18,1.0,avoid:obstacle,0
1786524181.3517492,12.287903139232583,0.0,7.723202257020333,0.0,0.0005226025607525476,-0.82,0.18,1.0,avoid:obstacle,0
1786524181.432601,12.347345578865468,0.4261693548387097,213.98831409952206,0.6081632653061225,0.0009145544813169584,-0.82,0.18,1.0,avoid:obstacle,0
1786524181.503572,12.331481250191235,0.0,210.633849869735,0.0,0.00039195192056441075,-0.82,0.18,1.0,avoid:obstacle,0
1786524181.5803425,12.71398766191628,0.0,223.0,0.0,0.0005226025607525476,-0.82,0.18,1.0,avoid:obstacle,0
1786524181.669381,12.778433105272427,0.0,23.002378718842692,0.0,0.0,-0.82,0.18,1.0,avoid:obstacle,0
1786524181.7513378,12.456513708967046,0.0,18.473035173781938,0.0,0.003004964724327149,-0.82,0.18,1.0,avoid:obstacle,0
1786524181.826098,12.417938115840569,0.0,20.90836504078507,0.0,0.0,-0.82,0.18,1.0,avoid:obstacle,0
1786524181.9061608,12.603672102229305,0.4655069124423963,217.14240416468934,0.0,0.0,-0.82,0.18,1.0,avoid:obstacle,0
1786524181.9775317,12.590843730194393,0.2944009216589862,213.64240416468934,0.0,0.0,-0.82,0.18,1.0,avoid:obstacle,0
1786524182.0524352,12.871484376246476,0.39359447004608294,216.91756270704806,0.0,0.0,-0.775,0.14542350230414747,1.0,follow,0
1786524182.1229012,12.957746305088214,0.29016129032258065,219.04641575958124,0.0,0.0,-0.625,0.13611451612903228,1.0,follow,0
1786524182.19869,13.173161403332957,0.3571198156682027,220.43017024372782,0.0,0.0,-0.475,0.14214078341013825,1.0,follow,0
1786524182.268238,13.212356191279296,0.0,137.0749250749236,0.0,0.0,-0.475,0.0,1.0,slow:lane_dropout,0
1786524182.3409042,13.455546264994961,0.38607142857142857,221.3296106584231,0.0,0.0,-0.325,0.04505033195014221,1.0,follow,0
1786524182.4070334,13.494569056181131,0.0,220.26347402597452,0.0,0.0,-0.325,0.0,1.0,slow:lane_dropout,0
1786524182.471849,13.828615608058293,0.0,161.98489250905658,0.0,0.0,-0.325,0.0,1.0,slow:lane_dropout,0
1786524182.5403929,14.144209094220033,0.3583064516129032,217.8296106584231,0.0,0.0,-0.1789585322505445,0.0421897573498427,1.0,follow,0
1786524182.6077588,14.255356552374955,0.0,0.0,0.0,0.0,-0.1789585322505445,0.0,1.0,slow:lane_dropout,0
1786524182.672161,14.371128308130933,0.0,223.0,0.0,0.0,-0.1789585322505445,0.0,1.0,slow:lane_dropout,0
1786524182.7332132,14.603883758095133,0.0,0.0,0.0,0.0007839038411288215,-0.1789585322505445,0.0,1.0,slow:lane_dropout,0
1786524182.7927494,14.952305957610074,0.0,223.0,0.0,0.0002613012803762738,0.0210414677494555,0.1,1.0,reacquire:road,0
1786524182.8569221,15.23741307020342,0.0,223.0,0.0,0.0,0.2210414677494555,0.1,1.0,reacquire:road,0
1786524182.9307458,15.330764381492346,0.0,223.0,0.0,0.00039195192056441075,0.4210414677494555,0.1,1.0,reacquire:road,0
1786524182.9920626,15.015333222368024,0.0,223.0,0.0,0.0,0.6210414677494556,0.1,1.0,reacquire:road,0
1786524183.060961,15.25577889240948,0.0,223.0,0.0,0.0,0.725,0.1,1.0,reacquire:road,0
1786524183.130112,15.081315148223016,0.0,223.0,0.0,0.0,0.725,0.1,1.0,reacquire:road,0
1786524183.1989,14.987908597578228,0.0,223.0,0.0,0.0,0.725,0.1,1.0,reacquire:road,0
1786524183.2657015,14.901313548717148,0.0,223.0,0.0,0.0,0.725,0.1,1.0,reacquire:road,0
1786524183.339154,14.91642454416592,0.0,223.0,0.0,0.0,0.725,0.1,1.0,reacquire:road,0
1786524183.3998368,14.587616272829566,0.0,223.0,0.0,0.0,0.725,0.1,1.0,reacquire:road,0
1786524183.4694014,15.049038454425986,0.0,223.0,0.0,0.0,0.725,0.1,1.0,reacquire:road,0
1786524183.537266,14.933430918120498,0.0,223.0,0.0,0.0,0.725,0.1,1.0,reacquire:road,0
1786524183.603995,14.878558844766644,0.0,223.0,0.0,0.0,0.725,0.1,1.0,reacquire:road,0
1786524183.6799588,14.86333818219782,0.0,223.0,0.0,0.0,0.725,0.1,1.0,reacquire:road,0
1786524183.7468517,14.530032729121864,0.0,223.0,0.0,0.0001306506401881369,0.55,0.12,1.0,avoid:white,0
1786524183.8169281,14.65531534708219,0.0,223.0,0.0,0.0002613012803762738,0.55,0.12,1.0,avoid:white,0
1786524183.8877366,14.565870400739717,0.0,223.0,0.0,0.0002613012803762738,0.55,0.12,1.0,avoid:white,0
1786524183.958106,14.485265386631912,0.0,223.0,0.0,0.0073164358505356675,0.55,0.12,1.0,avoid:white,0
1786524184.0252798,14.442026436889222,0.0,223.0,0.0,0.009537496733733995,0.725,0.1,1.0,reacquire:road,0
1786524184.1033792,14.504180485583468,0.0,223.0,0.0,0.01437157042069506,0.725,0.1,1.0,reacquire:road,0
1786524184.1678672,14.147328182872858,0.0,223.0,0.0,0.015547426182388293,0.725,0.1,1.0,reacquire:road,0
1786524184.2320626,14.474217579932443,0.0,223.0,0.0,0.017507185785210346,0.725,0.1,1.0,reacquire:road,0
1786524184.3000448,14.671045842172248,0.0,223.0,0.0,0.021034753070290044,0.725,0.1,1.0,reacquire:road,0
1786524184.3672776,14.68134377156369,0.0,223.0,0.0,0.012150509537496733,0.725,0.1,1.0,reacquire:road,0
1786524184.4367697,14.72934700859632,0.0,212.5753535456829,0.0,0.02077345178991377,0.55,0.12,1.0,avoid:white,0
1786524184.510365,14.61598818322738,0.0,223.0,0.0,0.024039717794617194,0.55,0.12,1.0,avoid:white,0
1786524184.5827825,14.449719432568973,0.0,177.90939927782102,0.0,0.03214005748628168,0.55,0.12,1.0,avoid:white,0
1786524184.6513944,14.28882876966647,0.0,173.77866847789818,0.0,0.04076299973869872,0.55,0.12,1.0,avoid:white,0
1786524184.721334,14.38194885543817,0.0,177.21491719855078,0.0,0.049777893911680166,0.725,0.1,1.0,reacquire:road,0
1786524184.79625,14.313983047501885,0.0,169.85720538352194,0.0,0.05291350927619545,0.725,0.1,1.0,reacquire:road,0
1786524184.8662133,14.160996459744872,0.0,170.8530473793639,0.0,0.05670237784165143,0.725,0.1,1.0,reacquire:road,0
1786524184.940023,14.084485538933794,0.0,171.66173815515987,0.0,0.0668931277763261,0.725,0.1,1.0,reacquire:road,0
1786524185.0138607,14.084642992149158,0.0,176.76332855356156,0.0,0.07002874314084138,0.725,0.1,1.0,reacquire:road,0
1786524185.082391,13.964204274434557,0.0,169.5692287676242,0.0,0.07381761170629736,0.725,0.1,1.0,reacquire:road,0
1786524185.1509497,14.114782645721544,0.0,169.98191388287685,0.0,0.09877188398223151,0.55,0.12,1.0,avoid:white,0
1786524185.220221,14.207219703725528,0.0,161.73153237665423,0.0,0.09798798014110269,0.55,0.12,1.0,avoid:white,0
1786524185.2873502,14.235309306966887,0.0,172.1531349162937,0.0,0.10347530702900444,0.55,0.12,1.0,avoid:white,0
1786524185.354976,14.357216963756898,0.0,160.5259740259751,0.0,0.11183694800104521,0.55,0.12,1.0,avoid:white,0
1786524185.4338005,14.358174828804668,0.0,162.90191725796615,0.0,0.12829892866475046,0.725,0.1,1.0,reacquire:road,0
1786524185.5050683,14.115274243111726,0.0,152.79489483558817,0.0,0.12268095113666057,0.725,0.1,1.0,reacquire:road,0
1786524185.579897,14.075543951517085,0.0,157.89964638282987,0.0,0.14593676509014894,0.725,0.1,1.0,reacquire:road,0
1786524185.6540802,13.943453932959207,0.0,151.04496422461796,0.0,0.14593676509014894,0.725,0.1,1.0,reacquire:road,0
1786524185.7295969,13.827992734266914,0.0,152.1527656198711,0.0,0.15338385158087275,0.725,0.1,1.0,reacquire:road,0
1786524185.799791,13.740781225762454,0.0,162.58969986575858,0.0,0.15665011758557618,0.725,0.1,1.0,reacquire:road,0
1786524185.8779926,13.839081508005833,0.0,160.3756857551947,0.0,0.1485497778939117,0.55,0.12,1.0,avoid:white,0
1786524185.9569933,13.62452375410037,0.0,155.62563726389175,0.0,0.16409720407629996,0.55,0.12,1.0,avoid:white,0
1786524186.028762,13.429425435650298,0.0,152.77287325960333,0.0,0.17886072641755946,0.55,0.12,1.0,avoid:white,0
1786524186.10605,13.530355458049486,0.0,146.44919892366937,0.0,0.1992422262869088,0.725,0.1,1.0,reacquire:road,0
1786524186.1894946,13.413160215468261,0.0,146.19261644966102,0.0,0.2147896524692971,0.725,0.1,1.0,reacquire:road,0
1786524186.26776,13.136576988718113,0.0,141.96326810224465,0.0,0.22641755944604128,0.725,0.1,1.0,reacquire:road,0
1786524186.3509057,13.064135655166883,0.0,139.7243054282049,0.0,0.22145283511889208,0.725,0.1,1.0,reacquire:road,0
1786524186.4329507,12.852820535314525,0.0,139.14157221148565,0.0,0.23099033185262607,0.725,0.1,1.0,reacquire:road,0
1786524186.5155134,12.721864479833172,0.0,138.96815338063752,0.0,0.24392474523125163,0.725,0.1,1.0,reacquire:road,0
1786524186.6015942,12.559899332346589,0.0,139.97141305421158,0.0,0.2586882675725111,0.725,0.1,1.0,reacquire:road,0
1786524186.6739097,12.381101282364572,0.0,135.0889161223886,0.0,0.26417559446041283,0.725,0.1,1.0,reacquire:road,0
1786524186.7512534,12.699716109164752,0.0,133.68103478677932,0.0,0.258557616932323,0.725,0.1,1.0,reacquire:road,0
1786524186.8277123,12.747778068233654,0.0,136.09106963189132,0.0,0.2803762738437418,0.725,0.1,1.0,reacquire:road,0
1786524186.9013388,12.82113915052577,0.0,134.75505552456767,0.0,0.29644630258688265,0.725,0.1,1.0,reacquire:road,0
1786524186.9710078,12.97620106588041,0.0,132.75748018028193,0.0,0.29657695322707084,0.725,0.1,1.0,reacquire:road,0
1786524187.0459452,13.250858972047723,0.0,130.50190053848613,0.0,0.2741050431147113,0.725,0.1,1.0,reacquire:road,0
1786524187.1177547,13.263478382463425,0.0,132.89938454567738,0.0,0.25921087013326366,0.725,0.1,1.0,reacquire:road,0
1786524187.1960976,13.387272847870051,0.0,131.92910747788895,0.0,0.2663966553436112,0.725,0.1,1.0,reacquire:road,0
1786524187.2843406,13.244129429973409,0.0,132.82627792728397,0.0,0.2529396394042331,0.725,0.1,1.0,reacquire:road,0
1786524187.3688295,12.82269455078472,0.0,130.4382657780967,0.0,0.2692709694277502,0.725,0.1,1.0,reacquire:road,0
1786524187.441684,12.656967259753028,0.0,127.72734924739181,0.0,0.2501959759602822,0.725,0.1,1.0,reacquire:road,0
1786524187.5197175,12.921133246149045,0.0,124.64991787649373,0.0,0.21492030310948523,0.725,0.1,1.0,reacquire:road,0
1786524187.6015832,12.903347616519765,0.0,122.30815649664171,0.0,0.22733211392735825,0.725,0.1,1.0,reacquire:road,0
1786524187.6768427,12.764855572863393,0.0,121.37142103179785,0.0,0.21047818134308857,0.725,0.1,1.0,reacquire:road,0
1786524187.7589073,12.855225612936179,0.0,118.95121958126587,0.0,0.20459890253462243,0.725,0.1,1.0,reacquire:road,0
1786524187.8366125,12.73289573090168,0.0,120.42247886388695,0.0,0.18696106610922394,0.725,0.1,1.0,reacquire:road,0
1786524187.9053583,12.72392035162098,0.0,122.02155077626722,0.0,0.16396655343611183,0.725,0.1,1.0,reacquire:road,0
1786524187.981617,13.13643992891522,0.0,116.63062593214904,0.0,0.15077083877711,0.725,0.1,1.0,reacquire:road,0
1786524188.0535,13.119721916469263,0.0,116.25415608796834,0.0,0.13639926835641494,0.725,0.1,1.0,reacquire:road,0
1786524188.1267908,13.267233850030063,0.0,114.28570549693893,0.0,0.1252939639404233,0.725,0.1,1.0,reacquire:road,0
1786524188.2052746,13.328463044503058,0.0,117.90528658271873,0.0,0.1199372876927097,0.725,0.1,1.0,reacquire:road,0
1786524188.2797964,13.231788717381269,0.0,118.19801039287421,0.0,0.1213744447347792,0.725,0.1,1.0,reacquire:road,0
1786524188.355773,13.239905744119595,0.0,116.8143021889627,0.0,0.10608831983276718,0.725,0.1,1.0,reacquire:road,0
1786524188.4312277,13.243576547954735,0.0,112.67796433126662,0.0,0.0994251371831722,0.725,0.1,1.0,reacquire:road,0
1786524188.5051386,13.261015470197261,0.0,107.9813523947092,0.0,0.09419911157564673,0.725,0.1,1.0,reacquire:road,0
1786524188.5814505,13.290204928935234,0.0,106.27024284583712,0.0,0.08688267572511105,0.725,0.1,1.0,reacquire:road,0
1786524188.664133,13.274724747364525,0.0,111.08173071353241,0.0,0.08387771100078391,0.725,0.1,1.0,reacquire:road,0
1786524188.7484417,13.03717674002956,0.0,117.63505293190929,0.0,0.07969689051476352,0.725,0.1,1.0,reacquire:road,0
1786524188.8227253,12.774299806749102,0.0,112.68076874576428,0.0,0.0729030572249804,0.725,0.1,1.0,reacquire:road,0
1786524188.8953457,12.901294966122277,0.0,109.99423236642116,0.0,0.06454141625293965,0.725,0.1,1.0,reacquire:road,0
1786524188.9680977,13.13412410172374,0.0,109.844418508471,0.0,0.06218970472955317,0.725,0.1,1.0,reacquire:road,0
1786524189.0398827,13.246032011666664,0.0,103.90054402517205,0.0,0.05735563104259211,0.725,0.1,1.0,reacquire:road,0
1786524189.119241,13.377834069199482,0.0,103.08300228947462,0.0,0.05500391951920564,0.725,0.1,1.0,reacquire:road,0
1786524189.1941206,13.234584530154839,0.0,113.72666166901979,0.0,0.05134570159393781,0.725,0.1,1.0,reacquire:road,0
1786524189.2647984,13.255982063873704,0.0,112.37427716772538,0.0,0.04821008622942252,0.725,0.1,1.0,reacquire:road,0
1786524189.3407388,13.420381931542986,0.0,98.78921866618975,0.0,0.04389861510321401,0.725,0.1,1.0,reacquire:road,0
1786524189.4172902,13.387364333062678,0.0,96.39420921560497,0.0,0.03527567285079697,0.725,0.1,1.0,reacquire:road,0
1786524189.4951556,13.29885635826414,0.0,100.25619170745006,0.0,0.03227070812646982,0.725,0.1,1.0,reacquire:road,0
1786524189.576548,13.229667286686128,0.0,105.65706306462403,0.0,0.026652730598379932,0.725,0.1,1.0,reacquire:road,0
1786524189.6610696,13.002324520172749,0.0,102.88472464759741,0.0,0.0194669453880324,0.725,0.1,1.0,reacquire:road,0
1786524189.7422147,12.786479172936668,0.0,213.65458282006531,0.0,0.015939378102952706,0.725,0.1,1.0,reacquire:road,0
1786524189.8230152,12.715213990276366,0.0,207.64499754573308,0.0,0.012019858897308597,0.725,0.1,1.0,reacquire:road,0
1786524189.900765,12.64789737778652,0.0,215.94777628032318,0.0,0.007839038411288215,0.725,0.1,1.0,reacquire:road,0
1786524189.9778695,12.650319586686377,0.0,86.37531894344306,0.0,0.003004964724327149,0.725,0.1,1.0,reacquire:road,0
1786524190.0621064,12.74410971420533,0.0,84.02238000958505,0.0,0.0,0.725,0.1,1.0,reacquire:road,0
1786524190.1443486,12.579920662845103,0.0,81.61880378948274,0.0,0.0,0.725,0.1,1.0,reacquire:road,0
1786524190.228442,12.49680090793834,0.0,213.69146105466862,0.0,0.0,0.725,0.1,1.0,reacquire:road,0
1786524190.311128,12.3309528883795,0.0,210.47913642960813,0.0,0.0,0.725,0.1,1.0,reacquire:road,0
1786524190.3906376,12.308907722101043,0.0,201.8229061726293,0.0,0.0,0.725,0.1,1.0,reacquire:road,0
1786524190.4635901,12.383871601035795,0.0,193.8430091920654,0.0,0.0,0.725,0.1,1.0,reacquire:road,0
1786524190.540487,12.601282825645196,0.0,201.4236562549549,0.0,0.0,0.725,0.1,1.0,reacquire:road,0
1786524190.612232,12.726397862144983,0.0,211.51789581660515,0.0,0.0,0.725,0.1,1.0,reacquire:road,0
1786524190.6856003,12.96162126936995,0.0,0.0,0.0,0.0,0.725,0.1,1.0,reacquire:road,0
1786524190.7628648,13.090033716991465,0.0,210.14961820515535,0.0,0.0,0.725,0.1,1.0,reacquire:road,0
1786524190.8402936,13.070576982669909,0.0,215.89348328925746,0.0,0.0,0.725,0.1,1.0,reacquire:road,0
1786524190.9136806,13.028082911597775,0.0,210.39290513797073,0.0,0.0,0.725,0.1,1.0,reacquire:road,0
1786524191.0018733,13.10180648925453,0.0,223.0,0.0,0.0,0.725,0.1,1.0,reacquire:road,0
1786524191.087089,12.782161461900685,0.0,52.73093046572751,0.0,0.0,0.725,0.1,1.0,reacquire:road,0
1786524191.1744015,12.56893559138556,0.0,51.893169277980974,0.0,0.0,0.725,0.1,1.0,reacquire:road,0
1786524191.2645905,12.358022698500912,0.0,223.0,0.0,0.0,0.725,0.1,1.0,reacquire:road,0
1786524191.3640232,12.10594156386534,0.0,217.12314470406392,0.0,0.0,0.725,0.1,1.0,reacquire:road,0
1786524191.4629097,11.69603292989974,0.8306451612903225,218.27303909356834,0.0,0.0,0.82,0.1646354663500006,1.0,follow,0
1786524191.5666416,11.319710674468011,0.8306451612903225,218.5185741249736,0.0,0.0,0.82,0.18475806451612906,1.0,follow,0
1786524191.6534681,11.041276889920425,0.8306451612903225,218.64811631896998,0.0,0.0,0.82,0.18475806451612906,1.0,follow,0
1786524191.7544603,11.124603189576126,0.8245967741935484,218.59616169200194,0.0,0.0,0.82,0.18421370967741937,1.0,follow,0
1786524191.8609495,10.885844050847442,0.8306451612903225,218.29615304731522,0.0,0.0,0.82,0.18475806451612906,1.0,follow,0
1786524191.9485078,10.589245525126415,0.0,218.25298464027796,0.5629464285714286,0.0,0.82,0.0,1.0,slow:lane_dropout,0
1786524192.0363474,10.744245212757194,0.8487903225806451,217.93330422441042,0.0,0.0,0.82,0.057196941749953115,1.0,follow,0
1786524192.1245086,10.857534706633931,0.8004032258064516,218.50973182501107,0.0,0.0,0.82,0.11466468649969103,1.0,follow,0
1786524192.2129197,10.982014558327123,0.0,217.3957355188413,0.0,0.0,0.82,0.0,1.0,slow:lane_dropout,0
1786524192.3005178,11.048519391227638,0.8306451612903225,218.13509870370842,0.0,0.0,0.82,0.05744821030029925,1.0,follow,0
1786524192.388078,11.107693222162107,0.0,218.13510594125407,0.0,0.0011758557616932323,0.82,0.0,1.0,slow:lane_dropout,0
1786524192.4709723,11.183186563174637,0.0,216.8198578285269,0.0,0.00509537496733734,0.82,0.0,1.0,slow:lane_dropout,0
1786524192.5550377,11.357419933946872,0.0,217.58194061180217,0.0,0.004180820486020381,0.82,0.0,1.0,slow:lane_dropout,0
1786524192.6473515,11.414372601503313,0.8185483870967742,218.00587781855702,0.0,0.0,0.82,0.055831452299707963,1.0,follow,0
1786524192.7282524,11.333240405761988,0.8185483870967742,217.85448702907706,0.0,0.0,0.82,0.11487560044997736,1.0,follow,0
1786524192.810758,11.520300572790502,0.7943548387096775,217.27607714671984,0.0,0.0,0.82,0.1678566343998682,1.0,follow,0
1786524192.898038,11.662202701053046,0.8548387096774193,215.87385949218498,0.0,0.0,0.82,0.18693548387096773,1.0,follow,0
1786524192.991919,11.584032289496477,0.0,212.8453026841806,0.0,0.0,0.82,0.0,1.0,slow:lane_dropout,0
1786524193.0761237,11.434474632125065,0.0,213.07770842979556,0.0,0.0,0.82,0.0,1.0,slow:lane_dropout,0
1786524193.1572592,11.52773399826783,0.0,223.0,0.0,0.0,0.82,0.0,1.0,slow:lane_dropout,0
1786524193.2419631,11.669734994962374,0.0,223.0,0.0,0.0,0.82,0.1,1.0,reacquire:road,0
1786524193.331295,11.678015356060506,0.0,223.0,0.0,0.0,0.6249999999999999,0.1,1.0,reacquire:road,0
1786524193.4174857,11.612144285098745,0.685483870967742,218.36800866992024,0.0,0.0,0.7749999999999999,0.1572754845002237,1.0,follow,0
1786524193.4965677,11.597304577664282,0.0,223.0,0.0,0.0,0.7749999999999999,0.0,1.0,slow:lane_dropout,0
1786524193.5830665,11.759613295902724,0.0,223.0,0.0,0.0,0.7749999999999999,0.0,1.0,slow:lane_dropout,0
1786524193.6631284,11.739573158243175,0.6491935483870968,219.98920563544817,0.0,0.0,0.82,0.05574894910023431,1.0,follow,0
1786524193.7419608,11.926697454418974,0.0,223.0,0.0,0.0,0.82,0.0,1.0,slow:lane_dropout,0
1786524193.8192968,12.0565674984733,0.0,223.0,0.0,0.0,0.82,0.0,1.0,slow:lane_dropout,0
1786524193.9045935,12.217178477653631,0.0,223.0,0.0,0.0,0.82,0.0,1.0,slow:lane_dropout,0
1786524193.9800503,12.109842930177798,0.0,223.0,0.0,0.0,0.7249999999999999,0.1,1.0,reacquire:road,0
1786524194.0572712,12.393705060273849,0.0,223.0,0.0,0.0,0.5249999999999998,0.1,1.0,reacquire:road,0
1786524194.13841,12.487593262026662,0.655241935483871,221.0429836630413,0.0,0.0,0.6749999999999998,0.1505319613499978,1.0,follow,0
1786524194.2195997,12.468634048083704,0.7883064516129032,220.1933976518806,0.0,0.0,0.82,0.1809475806451613,1.0,follow,0
1786524194.3005986,12.438665993908366,0.7943548387096775,219.52185193456052,0.0,0.0,0.82,0.181491935483871,1.0,follow,0
1786524194.3967986,12.420589298761149,0.0,220.83973852963078,0.0,0.0,0.82,0.0,1.0,slow:lane_dropout,0
1786524194.4889836,12.015941290635778,0.0,220.57616172638282,0.0,0.0020904102430101905,0.82,0.0,1.0,slow:lane_dropout,0
1786524194.576565,11.750912768239907,0.8850806451612904,219.86589725288786,0.0,0.0018291089626339169,0.82,0.060799947650093604,1.0,follow,0
1786524194.65792,11.705134297207616,0.43812211981566823,216.36589725288786,0.0,0.006532532009406846,0.82,0.11721366474976094,1.0,follow,0
1786524194.7323267,11.837369985647376,0.5403225806451613,215.11997305678446,0.8011160714285714,0.0005226025607525476,0.82,0.18,1.0,avoid:obstacle,0
1786524194.814193,12.145933066633962,0.685483870967742,217.2743086769577,0.0,0.0,0.82,0.18,1.0,avoid:obstacle,0
1786524194.8913498,12.171515070875383,0.6008064516129032,218.14612724188652,0.0,0.0,0.82,0.18,1.0,avoid:obstacle,0
1786524194.947559,12.323385355274263,0.0,112.0,0.5655612244897961,0.0005226025607525476,0.82,0.18,1.0,avoid:obstacle,0
1786524195.0150588,13.424513707862747,0.3482142857142857,218.77383768497927,0.0,0.0,0.82,0.18,1.0,avoid:obstacle,0
1786524195.0783353,13.66746394053732,0.08372119815668204,220.25299449523652,0.0,0.0,0.82,0.18,1.0,avoid:obstacle,0
1786524195.1498861,14.13859124035799,0.3816935483870968,220.1863628838202,0.0,0.0,0.82,0.18,1.0,avoid:obstacle,0
1786524195.2210789,14.049369434790234,0.2954032258064516,220.31196086521354,0.0,0.0005226025607525476,0.82,0.18,1.0,avoid:obstacle,0
1786524195.2885916,14.080579623692769,0.1984447004608295,221.2527745623888,0.0,0.0,0.82,0.18,1.0,avoid:obstacle,0
1786524195.360465,14.15169588758914,0.16853686635944698,221.86430346555272,0.0,0.0014371570420695062,0.82,0.18,1.0,avoid:obstacle,0
1786524195.428017,14.185058754016312,0.34807603686635946,221.08653281813437,0.0,0.0,0.82,0.18,1.0,avoid:obstacle,0
1786524195.5044286,14.30863623153061,0.5316129032258065,221.6848735143532,0.0,0.0,0.82,0.18,1.0,avoid:obstacle,0
1786524195.5912848,14.057402666005647,0.46889400921658986,222.14516778432957,0.0,0.0,0.82,0.18,1.0,avoid:obstacle,0
1786524195.6599858,13.559619303350717,0.3620276497695853,222.44435905981422,0.0,0.0,0.82,0.18,1.0,avoid:obstacle,0
1786524195.7282073,13.722337353928658,0.34278801843317974,222.63883338887925,0.0,0.0023517115233864646,0.82,0.18,1.0,avoid:obstacle,0
1786524195.8063939,13.903400743749785,0.3670276497695853,222.7652417027715,0.0,0.0,0.82,0.18,1.0,avoid:obstacle,0
1786524195.88004,13.657560383612493,0.411889400921659,222.84740710680148,0.0,0.0,0.82,0.18,1.0,avoid:obstacle,0
1786524195.949448,13.696428899136118,0.3203110599078341,221.80817025595755,0.0,0.0,0.82,0.18,1.0,avoid:obstacle,0
1786524196.0153384,13.85583949296474,0.222684331797235,222.2253106663724,0.0,0.0,0.82,0.18,1.0,avoid:obstacle,0
1786524196.0742846,14.107344528024298,0.0,112.0,0.0,0.0,0.82,0.18,1.0,avoid:obstacle,0
1786524196.1429517,14.692356199616357,0.2804032258064516,222.49645193314205,0.0,0.0,0.82,0.18,1.0,avoid:obstacle,0
1786524196.212532,14.648388329648922,0.2034447004608295,222.67269375654234,0.0,0.0,0.82,0.18,1.0,avoid:obstacle,0
1786524196.2824242,14.588291431718943,0.17963133640552995,219.17269375654234,0.0,0.0,0.82,0.18,1.0,avoid:obstacle,0
1786524196.3497634,14.555188925087977,0.25187788018433177,220.5122509417525,0.0,0.0,0.82,0.18,1.0,avoid:obstacle,0
1786524196.412032,14.60063965598988,0.26902073732718895,221.38296311213912,0.0,0.0,0.82,0.18,1.0,avoid:obstacle,0
1786524196.4699538,14.863836248513273,0.09405529953917051,221.94892602289042,0.0,0.0,0.82,0.18,1.0,avoid:obstacle,0
1786524196.5357459,15.349008430382183,0.26225806451612904,222.31680191487877,0.0,0.0,0.82,0.18,1.0,avoid:obstacle,0
1786524196.5970678,15.347569937616965,0.0,0.0,0.0,0.0,0.82,0.18,1.0,avoid:obstacle,0
1786524196.6630137,15.478453413843525,0.18349078341013825,222.5559212446712,0.0,0.0,0.82,0.18,1.0,avoid:obstacle,0
1786524196.7247143,15.439263492528543,0.0,0.0,0.0,0.0,0.82,0.18,1.0,avoid:obstacle,0
1786524196.7917,15.557818427698233,0.0,112.0,0.0,0.0,0.82,0.18,1.0,avoid:obstacle,0
1786524196.8569992,15.493569824447912,0.2549654377880184,222.71134880903628,0.0,0.0,0.82,0.18,1.0,avoid:obstacle,0
1786524196.9240777,15.463707055253012,0.18505760368663593,222.81237672587358,0.0,0.0,0.82,0.18,1.0,avoid:obstacle,0
1786524196.9845946,15.360348730561928,0.16296082949308754,222.87804487181782,0.0,0.0,0.82,0.18,1.0,avoid:obstacle,0
1786524197.0492063,15.557786891656097,0.2032488479262673,222.92072916668158,0.0,0.0,0.82,0.12829239631336406,1.0,follow,0
1786524197.1144998,15.519462346821983,0.2474884792626728,222.94847395834302,0.0,0.0,0.82,0.13227396313364057,1.0,follow,0
1786524197.1874409,15.521304616648735,0.2474884792626728,222.96650807292295,0.0,0.0,0.82,0.13227396313364057,1.0,follow,0
1786524197.255781,15.146871030241968,0.2550115207373272,222.97823024739992,0.0,0.0,0.82,0.13295103686635945,1.0,follow,0
1786524197.3190951,15.039114610442123,0.2732027649769585,222.98584966080995,0.0,0.0,0.82,0.13458824884792628,1.0,follow,0
1786524197.3822036,15.215270822324863,0.2782027649769585,222.99080227952646,0.0,0.0,0.82,0.13503824884792628,1.0,follow,0
1786524197.4493494,15.322636410342184,0.3323963133640553,222.9940214816922,0.0,0.0,0.82,0.139915668202765,1.0,follow,0
1786524197.5145347,15.10999026472161,0.3612557603686636,222.99611396309993,0.0,0.0,0.82,0.14251301843317973,1.0,follow,0
1786524197.5870137,15.191084188461225,0.3683986175115207,222.99747407601495,0.0,0.0,0.82,0.14315587557603687,1.0,follow,0
1786524197.6509845,15.004354568190633,0.2945852534562212,222.9983581494097,0.0,0.0,0.82,0.13651267281105992,1.0,follow,0
1786524197.7168884,15.14705078999965,0.3930184331797235,222.9989327971163,0.0,0.0,0.82,0.14537165898617513,1.0,follow,0
1786524197.7842686,15.13743254447866,0.4012096774193548,219.4989327971163,0.0,0.0,0.82,0.14610887096774194,1.0,follow,0
1786524197.8500617,15.093343903783845,0.407258064516129,215.9989327971163,0.0,0.0,0.82,0.14665322580645163,1.0,follow,0
1786524197.9250615,15.090558392924864,0.34773041474654376,218.4493063181256,0.0,0.0,0.82,0.14129573732718895,1.0,follow,0
1786524197.9909358,14.744309155954477,0.38911290322580644,220.04204910678163,0.0,0.0,0.82,0.14502016129032258,1.0,follow,0
1786524198.0528793,14.81823679961896,0.3951612903225806,221.07733191940807,0.0,0.0,0.82,0.14556451612903226,1.0,follow,0
1786524198.1201217,15.122970294757755,0.3951612903225806,221.75026574761523,0.0,0.0,0.82,0.14556451612903226,1.0,follow,0
1786524198.1828268,15.072876779611189,0.407258064516129,222.1876727359499,0.0,0.0,0.82,0.14665322580645163,1.0,follow,0
1786524198.2491379,15.218885901121661,0.41330645161290325,222.47198727836744,0.0,0.0,0.82,0.1471975806451613,1.0,follow,0
1786524198.3207517,15.215971007240977,0.4495967741935484,222.65679173093883,0.0,0.0,0.82,0.15046370967741937,1.0,follow,0
1786524198.390756,14.948532368566646,0.0,223.0,0.0,0.0,0.82,0.0,1.0,slow:lane_dropout,0
1786524198.4623518,14.832835245369601,0.0,218.6603097800944,0.0,0.0,0.82,0.0,1.0,slow:lane_dropout,0
1786524198.5358348,14.616588041290116,0.0,200.1218172071808,0.0,0.0,0.82,0.0,1.0,slow:lane_dropout,0
1786524198.6118839,14.456502098783849,0.0,223.0,0.0,0.0,0.82,0.1,1.0,reacquire:road,0
1786524198.689873,14.179496901516906,0.0,188.3355335196078,0.0,0.0,0.725,0.1,1.0,reacquire:road,0
1786524198.763219,13.925274453853756,0.0,185.95242725590867,0.0,0.0,0.725,0.1,1.0,reacquire:road,0
1786524198.8353102,13.858650741225043,0.0,176.13729439687435,0.0,0.0,0.725,0.1,1.0,reacquire:road,0
1786524198.9186947,13.847551859899056,0.5282258064516129,159.47200964314723,0.0,0.0,0.82,0.14709067870012404,1.0,follow,0
1786524198.9935842,13.480085300522195,0.5342741935483871,162.97200964314723,0.0,0.0,0.82,0.15808467741935486,1.0,follow,0
1786524199.0717847,13.446936981682484,0.5282258064516129,165.60389659196002,0.0,0.0,0.82,0.12,1.0,avoid:white,0
1786524199.1595495,13.330723577456713,0.0,175.33787156167062,0.0,0.0,0.6249999999999999,0.12,1.0,avoid:white,0
1786524199.2416356,12.942085145170179,0.0,173.64487924356297,0.0,0.0,0.55,0.12,1.0,avoid:white,0
1786524199.3278902,12.795918570302705,0.0,176.5213117527635,0.0,0.0,0.55,0.0,1.0,slow:lane_dropout,0
1786524199.4132006,12.54762775950232,0.0,175.76989348370876,0.0,0.0,0.55,0.0,1.0,slow:lane_dropout,0
1786524199.5024,12.312594770860915,0.0,183.61059867243972,0.0,0.005226025607525477,0.55,0.0,1.0,slow:lane_dropout,0
1786524199.5882492,12.118737698881702,0.0,182.70423557801269,0.0,0.02247191011235955,0.725,0.1,1.0,reacquire:road,0
1786524199.675485,12.064320860146605,0.0,187.37960562337344,0.0,0.03854193885550039,0.725,0.1,1.0,reacquire:road,0
1786524199.7651734,11.912079686216384,0.0,188.9709423392135,0.0,0.04533577214528351,0.55,0.12,1.0,avoid:white,0
1786524199.8579497,11.8026053497571,0.0,191.26995883071368,0.0,0.04167755422001568,0.55,0.12,1.0,avoid:white,0
1786524199.9560337,11.57139912473348,0.0,194.95116256281352,0.0,0.03462241964985628,0.55,0.12,1.0,avoid:white,0
1786524200.0702236,11.320821408847275,0.0,198.92182914172776,0.0,0.06924483929971256,0.35000000000000003,0.1,1.0,reacquire:road,0
1786524200.1783583,10.80603699597187,0.0,202.06051448210175,0.0,0.020512150509537495,0.15000000000000002,0.1,1.0,reacquire:road,0
1786524200.2805288,10.49510905373536,0.0,204.07775521986548,0.0,0.08048079435589234,-0.049999999999999975,0.1,1.0,reacquire:road,0
1786524200.3691657,10.346617998984703,0.0,189.8759624222507,0.0,0.09537496733733995,-0.24999999999999997,0.1,1.0,reacquire:road,0
1786524200.4569361,10.545673524238374,0.0,193.04579428826398,0.0,0.06610922393519729,-0.44999999999999996,0.12,1.0,avoid:white,0
1786524200.5330431,10.71486801168634,0.0,200.2308510942754,0.0,0.06950614058008885,-0.55,0.12,1.0,avoid:white,0
1786524200.6182303,11.199407453143683,0.0,203.40660420936078,0.0,0.035145022210608834,-0.55,0.12,1.0,avoid:white,0
1786524200.7012303,11.297230339374554,0.0,205.3940659227755,0.0,0.01567807682257643,-0.725,0.1,1.0,reacquire:road,0
1786524200.7884662,11.43525545726289,0.0,207.9967174841334,0.0,0.002221060883198328,-0.725,0.1,1.0,reacquire:road,0
1786524200.8745263,11.452266941941419,0.0,207.18156322770054,0.0,0.0,-0.725,0.1,1.0,reacquire:road,0
1786524200.9590418,11.469963079020983,0.0,214.54961027736206,0.0,0.0,-0.725,0.1,1.0,reacquire:road,0
1786524201.0409503,11.521446816272391,0.0,216.1262208255879,0.0,0.0,-0.725,0.1,1.0,reacquire:road,0
1786524201.1345122,11.657706710340054,0.0,211.4387256688781,0.0,0.0009145544813169584,-0.55,0.12,1.0,avoid:white,0
1786524201.2188811,11.501524741994404,0.0,214.18962783407449,0.0,0.003135615364515286,-0.55,0.12,1.0,avoid:white,0
1786524201.2999136,11.558979120602144,0.0,211.04857239601805,0.0,0.005356676247713614,-0.55,0.12,1.0,avoid:white,0
1786524201.3963854,11.714318465527297,0.0,210.88244355400855,0.0,0.008622942252417037,-0.35000000000000003,0.1,1.0,reacquire:road,0
1786524201.4909508,11.45494922932989,0.0,215.54669474511425,0.0,0.011235955056179775,-0.15000000000000002,0.1,1.0,reacquire:road,0
1786524201.5642316,11.281115162529572,0.0,223.0,0.0,0.016331330023517117,0.049999999999999975,0.1,1.0,reacquire:road,0
1786524201.6632636,11.704370597938263,0.0,208.85822981773117,0.0,0.023255813953488372,0.24999999999999997,0.1,1.0,reacquire:road,0
1786524201.7579072,11.402143788155097,0.0,218.35895236838596,0.0,0.030441599163835903,0.44999999999999996,0.1,1.0,reacquire:road,0
1786524201.8338535,11.236480542198887,0.0,0.0,0.0,0.03527567285079697,0.55,0.12,1.0,avoid:white,0
1786524201.9185903,11.6333301358804,0.6129032258064516,204.82164125432178,0.0,0.0374967337339953,0.55,0.12,1.0,avoid:white,0
1786524202.0074506,11.668889274719247,0.6189516129032258,204.68518755673367,0.0,0.0374967337339953,0.55,0.12,1.0,avoid:white,0
1786524202.083052,11.539466268271156,0.0,105.06991744053573,0.0,0.026652730598379932,0.725,0.1,1.0,reacquire:road,0
1786524202.1853676,11.936946176529919,0.6673387096774193,205.5779613681475,0.0,0.023647765874052783,0.82,0.14805252075025238,1.0,follow,0
1786524202.2828012,11.497029971300709,0.0,204.694677472173,0.0,0.02848183956101385,0.82,0.0,1.0,slow:lane_dropout,0
1786524202.3694296,11.2307749303095,0.0,209.83084403937147,0.0,0.0364515286124902,0.82,0.0,1.0,slow:lane_dropout,0
1786524202.4553337,11.294699577085307,0.0,223.0,0.0,0.02965769532270708,0.82,0.0,1.0,slow:lane_dropout,0
1786524202.5510402,11.392657931682018,0.7762096774193549,202.0779613681475,0.0,0.04415991638359028,0.6749999999999999,0.12,1.0,avoid:white,0
1786524202.6388,11.195953563430812,0.7883064516129032,198.5779613681475,0.0,0.04024039717794617,0.55,0.12,1.0,avoid:white,0
1786524202.7235649,11.25703808901546,0.0,207.9345950252768,0.0,0.040109746537758034,0.55,0.12,1.0,avoid:white,0
1786524202.8189857,11.356431119249205,0.7762096774193549,199.63956151648605,0.0,0.027697935719885027,0.7000000000000001,0.17530030804975466,1.0,follow,0
1786524202.9069548,11.166387620411198,0.782258064516129,199.16488060833794,0.0,0.03174810556571727,0.82,0.18040322580645163,1.0,follow,0
1786524202.988477,11.23102734686749,0.7762096774193549,196.9078667585203,0.0,0.038411288215312256,0.82,0.17985887096774195,1.0,follow,0
1786524203.087039,11.439466518640536,0.7762096774193549,193.5421862739789,0.0,0.0509537496733734,0.82,0.17985887096774195,1.0,follow,0
1786524203.1786706,11.165434034917602,0.7762096774193549,191.02607687139772,0.0,0.05278285863600732,0.82,0.17985887096774195,1.0,follow,0
1786524203.2678847,11.096342352458258,0.7701612903225807,188.7877635553859,0.0,0.05526522079958192,0.82,0.12,1.0,avoid:white,0
1786524203.3558538,11.149735686544698,0.7701612903225807,186.86676308580593,0.0,0.05983799320616671,0.6249999999999999,0.12,1.0,avoid:white,0
1786524203.4385574,11.202381135239083,0.7701612903225807,184.7862791070351,0.0,0.06205905408936504,0.55,0.12,1.0,avoid:white,0
1786524203.521816,11.3790690262306,0.7701612903225807,183.1836036547555,0.0,0.07224980402403972,0.7000000000000001,0.17378203284990376,1.0,follow,0
1786524203.6089244,11.491414840210888,0.7762096774193549,181.246441663115,0.0,0.07159655082309903,0.7468270471917837,0.17985887096774195,1.0,follow,0
1786524203.6953185,11.456092950624601,0.7459677419354839,181.0850240984712,0.0,0.07303370786516854,0.7252207859285806,0.17713709677419356,1.0,follow,0
1786524203.778052,11.521481891537421,0.7701612903225807,179.6054875601936,0.0,0.06976744186046512,0.6505909679719046,0.17931451612903226,1.0,follow,0
1786524203.8673005,11.568852833009329,0.7399193548387096,179.7362854246124,0.0,0.0778677815521296,0.6352212106949731,0.17659274193548388,1.0,follow,0
1786524203.9535267,11.558412341556245,0.7399193548387096,179.20300057582367,0.0,0.08975698980925007,0.55,0.12,1.0,avoid:white,0
1786524204.0310054,11.524426614363655,0.7338709677419355,178.392086419339,0.0,0.09511366605696368,0.55,0.12,1.0,avoid:white,0
1786524204.111395,11.8290929787278,0.7278225806451613,177.36032670063545,0.0,0.09615887117846877,0.55,0.12,1.0,avoid:white,0
1786524204.201533,11.96641983556259,0.7217741935483871,176.03406067914113,0.0,0.09576691925790437,0.4902124056399068,0.17193465679990366,1.0,follow,0
1786524204.2829733,11.79859568962896,0.7217741935483871,174.1826963312539,0.0,0.10099294486542984,0.43846660642253,0.17495967741935484,1.0,follow,0
1786524204.3655403,11.896229317324503,0.7217741935483871,172.22235698687606,0.0,0.094460412856023,0.3871712861140435,0.17495967741935484,1.0,follow,0
1786524204.4487038,11.922293811464169,0.7157258064516129,171.02142180726645,0.0,0.09877188398223151,0.34797416054299973,0.17441532258064518,1.0,follow,0
1786524204.532928,11.89847585834496,0.7217741935483871,168.91183930298254,0.0,0.11000783903841128,0.2871155586843557,0.17495967741935484,1.0,follow,0
1786524204.6172225,11.943011709687275,0.7217741935483871,166.95527311760233,0.0,0.12895218186569113,0.48711555868435563,0.12,1.0,avoid:white,0
1786524204.6959167,11.929425932001037,0.7217741935483871,164.86196233482087,0.0,0.13156519466945388,0.55,0.12,1.0,avoid:white,0
1786524204.7759387,12.092952975430096,0.7217741935483871,163.27541979207984,0.0,0.14005748628168277,0.55,0.12,1.0,avoid:white,0
1786524204.8594477,12.11200825211565,0.7217741935483871,161.46388674347807,0.0,0.13274105043114712,0.4,0.1733301418000974,1.0,follow,0
1786524204.937258,12.14532026154255,0.7157258064516129,159.10272232256432,0.0,0.13221844787039458,0.25,0.17441532258064518,1.0,follow,0
1786524205.0193262,12.239549486490798,0.7217741935483871,157.037511829472,0.0,0.1323490985105827,0.10000000000000002,0.17495967741935484,1.0,follow,0
1786524205.102522,12.268437258208849,0.0,101.74975890792368,0.0,0.1263391690619284,0.10000000000000002,0.0,1.0,slow:lane_dropout,0
1786524205.1762033,12.224963763080963,0.0,95.83611121875254,0.0,0.12202769793571988,0.10000000000000002,0.0,1.0,slow:lane_dropout,0
1786524205.2518568,12.417464154462454,0.0,89.7982971460305,0.0,0.11810817873007577,0.30000000000000004,0.12,1.0,avoid:white,0
1786524205.3332615,12.656583088020048,0.0,87.98234265734118,0.0,0.10556571727201464,0.5,0.12,1.0,avoid:white,0
1786524205.4075935,12.580882771227317,0.0,88.3160072358832,0.0,0.09158609877188398,0.55,0.12,1.0,avoid:white,0
1786524205.4810605,12.74491411587336,0.0,83.381625948806,0.0,0.08048079435589234,0.55,0.0,1.0,slow:lane_dropout,0
1786524205.560684,12.900144188670033,0.0,80.63501683518496,0.0,0.06702377841651425,0.725,0.1,1.0,reacquire:road,0
1786524205.6397665,12.813806561555008,0.0,80.16173707767186,0.0,0.05461196759864123,0.725,0.1,1.0,reacquire:road,0
1786524205.7158678,12.788915636666939,0.0,76.79730402799197,0.0,0.041938855500391954,0.725,0.1,1.0,reacquire:road,0
1786524205.7922978,12.889035820728967,0.0,70.04807999223473,0.0,0.02939639404233081,0.725,0.1,1.0,reacquire:road,0
1786524205.8731146,12.920370732960084,0.0,70.01571897827196,0.0,0.0229945126731121,0.725,0.1,1.0,reacquire:road,0
1786524205.949347,12.825918349082462,0.0,66.36845268129863,0.0,0.012150509537496733,0.55,0.12,1.0,avoid:white,0
1786524206.029437,12.793726806723708,0.0,61.9801040154814,0.0,0.002221060883198328,0.55,0.12,1.0,avoid:white,0
1786524206.108017,12.798602245971662,0.0,60.8380755977243,0.0,0.0,0.55,0.12,1.0,avoid:white,0
1786524206.1849792,12.766217331579234,0.0,58.943142223628655,0.0,0.0,0.725,0.1,1.0,reacquire:road,0
1786524206.2649157,12.840936459476271,0.0,51.80840566995769,0.0,0.0,0.725,0.1,1.0,reacquire:road,0
1786524206.3499312,12.735100250435964,0.0,53.38026756024037,0.0,0.0,0.725,0.1,1.0,reacquire:road,0
1786524206.4276602,12.564632818511248,0.0,60.43969514982435,0.0,0.0,0.725,0.1,1.0,reacquire:road,0
1786524206.5152543,12.630922563540466,0.0,43.363489307029965,0.0,0.0,0.725,0.1,1.0,reacquire:road,0
1786524206.5981104,12.380704074942882,0.0,45.65662458134997,0.0,0.0,0.55,0.12,1.0,avoid:white,0
1786524206.6764476,12.344653433952276,0.0,52.38162285136459,0.0,0.0,0.55,0.12,1.0,avoid:white,0
1786524206.762815,12.428692693050586,0.0,31.772085603469378,0.0,0.0,0.55,0.12,1.0,avoid:white,0
1786524206.8363066,12.228752035053216,0.0,42.92800934583467,0.0,0.0,0.725,0.1,1.0,reacquire:road,0
1786524206.9247184,12.52772854789067,0.0,18.986133373277937,0.0,0.0,0.725,0.1,1.0,reacquire:road,0
1786524207.032001,12.250866609096482,0.0,18.024596347442525,0.0,0.0,0.725,0.1,1.0,reacquire:road,0
1786524207.1082253,11.696672564611967,0.0,22.78848719414752,0.0,0.002221060883198328,0.725,0.1,1.0,reacquire:road,0
1786524207.1970432,11.963278759990192,0.0,17.622195869913185,0.0,0.0028743140841390124,0.725,0.1,1.0,reacquire:road,0
1786524207.298217,11.832295226911155,0.0,16.911009742524755,0.0,0.0013065064018813691,0.725,0.1,1.0,reacquire:road,0
1786524207.3907168,11.440553987946696,0.0,16.132515508546447,0.0,0.0018291089626339169,0.725,0.1,1.0,reacquire:road,0
1786524207.4815598,11.318137213151713,0.0,16.668837624084375,0.0,0.0028743140841390124,0.725,0.1,1.0,reacquire:road,0
1786524207.5673366,11.255573097619823,0.0,19.673360885765092,0.0,0.0018291089626339169,0.725,0.1,1.0,reacquire:road,0
1786524207.6508548,11.32741299003628,0.0,20.293927532673393,0.0,0.0018291089626339169,0.725,0.1,1.0,reacquire:road,0
1786524207.7422392,11.42354246338317,0.0,20.32408841378944,0.0,0.0013065064018813691,0.725,0.1,1.0,reacquire:road,0
1786524207.8289068,11.361619471475533,0.0,19.440233014034234,0.0,0.00169845832244578,0.725,0.1,1.0,reacquire:road,0
1786524207.9129639,11.386526815112592,0.0,18.650464673013687,0.0,0.001567807682257643,0.725,0.1,1.0,reacquire:road,0
1786524207.9908073,11.467670077789869,0.0,18.396806998102548,0.0,0.0007839038411288215,0.725,0.1,1.0,reacquire:road,0
1786524208.071498,11.785343332481668,0.0,20.688668068111966,0.0,0.0014371570420695062,0.725,0.1,1.0,reacquire:road,0
1786524208.1511476,11.89340314342618,0.0,23.404269472665746,0.0,0.0001306506401881369,0.725,0.1,1.0,reacquire:road,0
1786524208.2298703,12.043566029733226,0.0,19.016500271217154,0.0,0.0002613012803762738,0.5249999999999999,0.1,1.0,reacquire:road,0
1786524208.327213,12.17433110879695,0.0,17.446903725205672,0.0,0.00039195192056441075,0.32499999999999984,0.1,1.0,reacquire:road,0
1786524208.4264612,11.790754827882907,0.0,0.6093722433624862,0.0,0.0001306506401881369,0.12499999999999986,0.1,1.0,reacquire:road,0
1786524208.5306938,11.420543173670703,0.0,6.3867185955919865,0.0,0.0,-0.07500000000000014,0.1,1.0,reacquire:road,0
1786524208.620476,11.016713846149537,0.0,10.057832927032507,0.0,0.0,-0.27500000000000013,0.1,1.0,reacquire:road,0
1786524208.7127392,11.135488332347077,0.0,7.488518709412375,0.0,0.0,-0.47500000000000014,0.1,1.0,reacquire:road,0
1786524208.796609,11.076764174986161,0.0,7.7897705453146955,0.0,0.0,-0.6750000000000002,0.1,1.0,reacquire:road,0
1786524208.8824496,11.23623841990914,0.0,7.909605493439983,0.0,0.0,-0.725,0.1,1.0,reacquire:road,0
1786524208.968713,11.32828729098173,0.0,0.0,0.0,0.0,-0.725,0.1,1.0,reacquire:road,0
1786524209.0627022,11.38151619874803,0.0,0.0,0.0,0.0,-0.725,0.1,1.0,reacquire:road,0
1786524209.1462882,11.231245688694536,0.0,0.023580220892029047,0.0,0.0,-0.725,0.1,1.0,reacquire:road,0
1786524209.2322154,11.372474648516256,0.0,0.0,0.0,0.0,-0.725,0.1,1.0,reacquire:road,0
1786524209.320744,11.419514355351753,0.5403225806451613,61.73528809302957,0.0,0.0,-0.55,0.12,1.0,avoid:white,0
1786524209.4034805,11.393488290737764,0.5342741935483871,60.566050944887806,0.0,0.0,-0.55,0.12,1.0,avoid:white,0
1786524209.4857824,11.537602217730281,0.0,223.0,0.0,0.0,-0.55,0.12,1.0,avoid:white,0
1786524209.5778058,11.668394771738324,0.0,223.0,0.0,0.0,-0.725,0.1,1.0,reacquire:road,0
1786524209.6573327,11.495390454355658,0.48588709677419356,63.71399841592584,0.0,0.0,-0.575,0.15372983870967744,1.0,follow,0
1786524209.7383018,11.718969100420958,0.5463709677419355,65.120892998601,0.0,0.0,-0.6214480926120914,0.20526281110998695,1.0,follow,0
1786524209.8358052,11.798350743705502,0.4375,68.620892998601,0.0,0.0,-0.7672859914442752,0.149375,1.0,follow,0
1786524209.9151995,11.520352060570765,0.5403225806451613,65.120892998601,0.0,0.0,-0.82,0.15862903225806455,1.0,follow,0
1786524209.9888504,11.745759839517865,0.5282258064516129,62.618874579104364,0.0,0.0,-0.6705445090785122,0.12,1.0,avoid:white,0
1786524210.075296,12.085686068903225,0.5282258064516129,60.80335578334426,0.0,0.0,-0.55,0.12,1.0,avoid:white,0
1786524210.1548057,11.990709653605194,0.48588709677419356,63.106373550853036,0.0,0.0,-0.55,0.12,1.0,avoid:white,0
1786524210.2288437,12.123933464451031,0.4798387096774194,63.73395706563193,0.0,0.0,-0.7000000000000001,0.15318548387096775,1.0,follow,0
1786524210.3098507,12.340406143049567,0.392258064516129,60.23395706563193,0.0,0.0,-0.82,0.1453032258064516,1.0,follow,0
1786524210.3911633,12.355691511216708,0.4375,62.45271643233082,0.0,0.0,-0.82,0.149375,1.0,follow,0
1786524210.4717317,12.376231470778452,0.5342741935483871,59.94140457357444,0.0,0.0,-0.82,0.15808467741935486,1.0,follow,0
1786524210.549024,12.384141400272203,0.38911290322580644,62.25648807163193,0.0,0.0,-0.82,0.14502016129032258,1.0,follow,0
1786524210.631276,12.478452331992191,0.5040322580645161,64.42514296718137,0.0,0.0,-0.82,0.17167600806451622,1.0,follow,0
1786524210.7159956,12.407047985749683,0.49193548387096775,63.26908936147129,0.0,0.0,-0.82,0.12,1.0,avoid:white,0
1786524210.8007329,12.31336885412257,0.4798387096774194,62.616388279725996,0.0,0.0,-0.6249999999999999,0.12,1.0,avoid:white,0
1786524210.8884346,12.196674414317359,0.5100806451612904,59.116388279725996,0.0,0.0,-0.55,0.12,1.0,avoid:white,0
1786524210.9692926,12.014474439276016,0.4375,56.24477432286525,0.0,0.0,-0.7000000000000001,0.149375,1.0,follow,0
1786524211.0517488,12.11443621818759,0.4375,52.74477432286525,0.0,0.0,-0.82,0.149375,1.0,follow,0
1786524211.1267102,12.1195246836729,0.38587557603686634,50.68185524813743,0.0,0.0,-0.82,0.144728801843318,1.0,follow,0
1786524211.2164936,12.319518611367176,0.5282258064516129,54.18185524813743,0.0,0.0,-0.82,0.15754032258064518,1.0,follow,0
1786524211.3005736,12.124632035158188,0.31516129032258067,56.74036568629614,0.0,0.0,-0.82,0.13836451612903228,1.0,follow,0
1786524211.3778136,12.069941579775838,0.49193548387096775,60.24036568629614,0.0,0.0,-0.82,0.12,1.0,avoid:white,0
1786524211.4614432,12.235171302178019,0.39145161290322583,56.74036568629614,0.0,0.0,-0.6249999999999999,0.12,1.0,avoid:white,0
1786524211.54751,12.174177597377565,0.5826612903225806,58.234646134999885,0.0,0.0,-0.55,0.12,1.0,avoid:white,0
1786524211.6274486,12.067637561883192,0.4495967741935484,54.950579328789665,0.0,0.0,-0.7000000000000001,0.15046370967741937,1.0,follow,0
1786524211.7110794,12.133602508290963,0.0,61.78702873378694,0.0,0.0,-0.7000000000000001,0.0,1.0,slow:lane_dropout,0
1786524211.7889972,12.111889530526168,0.0,56.154604236341925,0.0,0.0,-0.7000000000000001,0.0,1.0,slow:lane_dropout,0
1786524211.87056,12.268572011351775,0.0,59.72546206271517,0.0,0.0,-0.7000000000000001,0.0,1.0,slow:lane_dropout,0
1786524211.9544504,12.267410881359393,0.0,44.94240823137085,0.0,0.0,-0.725,0.1,1.0,reacquire:road,0
1786524212.0391,12.20957960210395,0.0,44.312417838008855,0.0,0.0,-0.55,0.12,1.0,avoid:white,0
1786524212.117347,12.124438971102856,0.0,44.766341529498334,0.0,0.0,-0.55,0.12,1.0,avoid:white,0
1786524212.195727,12.258772387454588,0.0,41.807349485454836,0.0,0.0,-0.55,0.12,1.0,avoid:white,0
1786524212.2748687,12.36310625230371,0.0,51.704837845081585,0.0,0.0,-0.725,0.1,1.0,reacquire:road,0
1786524212.3486571,12.399687313145481,0.0,56.13995842091174,0.0,0.0,-0.725,0.1,1.0,reacquire:road,0
1786524212.4235573,12.628233408758733,0.0,57.454540063824965,0.0,0.0,-0.725,0.1,1.0,reacquire:road,0
1786524212.499995,12.740440434168303,0.0,65.7947560781841,0.0,0.0,-0.725,0.1,1.0,reacquire:road,0
1786524212.5856314,12.858606526692354,0.0,64.47851037850648,0.0,0.0,-0.725,0.1,1.0,reacquire:road,0
1786524212.6619701,12.58826337058914,0.0,34.55592885376399,0.0,0.0006532532009406846,-0.725,0.1,1.0,reacquire:road,0
1786524212.7455087,12.731744758986196,0.0,62.53038771424342,0.0,0.0006532532009406846,-0.55,0.12,1.0,avoid:white,0
1786524212.8194137,12.585330356167635,0.0,46.62384615384656,0.0,0.002221060883198328,-0.55,0.12,1.0,avoid:white,0
1786524212.9055114,12.75419195378577,0.0,62.809015308012064,0.0,0.003266266004703423,-0.55,0.12,1.0,avoid:white,0
1786524212.987405,12.528350275766758,0.0,41.840268284346905,0.0,0.006009929448654298,-0.725,0.1,1.0,reacquire:road,0
1786524213.0673423,12.478079850675915,0.0,44.79467558261001,0.0,0.007055134570159394,-0.725,0.1,1.0,reacquire:road,0
1786524213.1431456,12.44579434298605,0.0,48.13944995019068,0.0,0.009276195453357722,-0.725,0.1,1.0,reacquire:road,0
1786524213.2247155,12.633609024618773,0.0,46.00277697803986,0.0,0.015808727462764568,-0.725,0.1,1.0,reacquire:road,0
1786524213.300287,12.506656793817235,0.0,73.07984189723611,0.0,0.019336294747844266,-0.725,0.1,1.0,reacquire:road,0
1786524213.3820095,12.705588705314291,0.0,47.50662660592084,0.0,0.021034753070290044,-0.725,0.1,1.0,reacquire:road,0
1786524213.4639568,12.622965945162381,0.0,47.55849709114352,0.0,0.024562320355369743,-0.55,0.12,1.0,avoid:white,0
1786524213.5450263,12.543691725424658,0.0,43.875628995495816,0.0,0.02887379148157826,-0.55,0.12,1.0,avoid:white,0
1786524213.623636,12.49595517691826,0.0,43.93862497151943,0.0,0.03436111836948001,-0.55,0.12,1.0,avoid:white,0
1786524213.7003095,12.456679724846072,0.0,48.7728566499909,0.0,0.03723543245361902,-0.725,0.1,1.0,reacquire:road,0
1786524213.7765093,12.675989737530731,0.0,45.78189095905381,0.0,0.04063234909851058,-0.725,0.1,1.0,reacquire:road,0
1786524213.8480067,12.718110779810457,0.0,62.64984472051016,0.0,0.045858374706036056,-0.725,0.1,1.0,reacquire:road,0
1786524213.9230137,13.002537044035982,0.0,40.15409931130688,0.0,0.05108440031356154,-0.725,0.1,1.0,reacquire:road,0
1786524214.006325,13.062000552184639,0.0,40.03919353495945,0.0,0.05461196759864123,-0.725,0.1,1.0,reacquire:road,0
1786524214.0816581,12.871368406230594,0.0,34.66161322953718,0.0,0.05813953488372093,-0.725,0.1,1.0,reacquire:road,0
1786524214.1649675,12.915397190718654,0.0,35.01349022029109,0.0,0.060491246407107395,-0.55,0.12,1.0,avoid:white,0
1786524214.243841,12.742549862767047,0.0,35.21823146996684,0.0,0.06375751241181082,-0.55,0.12,1.0,avoid:white,0
1786524214.3184206,12.755454709196634,0.0,36.29878734433214,0.0,0.05983799320616671,-0.55,0.12,1.0,avoid:white,0
1786524214.4016593,12.866735885784939,0.0,37.26727741344695,0.0,0.057616932322968384,-0.725,0.1,1.0,reacquire:road,0
1786524214.4778697,12.710278981972438,0.0,37.798080131353004,0.0,0.05879278808466162,-0.725,0.1,1.0,reacquire:road,0
1786524214.5534668,12.794895095078223,0.0,37.114784849383085,0.0,0.05604912464071074,-0.725,0.1,1.0,reacquire:road,0
1786524214.629855,12.837765639852083,0.0,34.69763318824667,0.0,0.05239090671544291,-0.725,0.1,1.0,reacquire:road,0
1786524214.705223,12.912089670211877,0.0,35.63198326660094,0.0,0.05173765351450222,-0.725,0.1,1.0,reacquire:road,0
1786524214.7802386,12.981331001343744,0.0,37.682547348932616,0.0,0.05108440031356154,-0.725,0.1,1.0,reacquire:road,0
1786524214.8598418,12.98526528174304,0.0,36.65902080028164,0.0,0.04964724327149203,-0.55,0.12,1.0,avoid:white,0
1786524214.9334738,12.94257983256176,0.0,34.265425511822514,0.0,0.04860203814998693,-0.55,0.12,1.0,avoid:white,0
1786524215.0107954,13.097545569576141,0.0,33.29427685451199,0.0,0.04376796446302587,-0.55,0.12,1.0,avoid:white,0
1786524215.0885568,13.074781739263706,0.0,32.6441698909986,0.0,0.046511627906976744,-0.725,0.1,1.0,reacquire:road,0
1786524215.163762,13.038276207882152,0.0,43.793961819863114,0.0,0.04677292918735302,-0.725,0.1,1.0,reacquire:road,0
1786524215.2381492,13.075103492163066,0.0,32.55679202017001,0.0,0.0449438202247191,-0.725,0.1,1.0,reacquire:road,0
1786524215.3182795,13.162735022593061,0.0,32.08668476985574,0.0,0.044813169584530965,-0.725,0.1,1.0,reacquire:road,0
1786524215.3999155,13.009571633389948,0.0,31.895226815664046,0.0,0.04781813430885811,-0.725,0.1,1.0,reacquire:road,0
1786524215.4758403,12.87508893638448,0.0,29.39644375528468,0.0,0.047687483668669976,-0.725,0.1,1.0,reacquire:road,0
1786524215.5532558,12.920837881942912,0.0,32.265818556365105,0.0,0.04716488110791743,-0.55,0.12,1.0,avoid:white,0
1786524215.6277375,12.923936129880278,0.0,30.915407273899575,0.0,0.04507447086490724,-0.55,0.12,1.0,avoid:white,0
1786524215.7004864,13.032455750872664,0.0,30.370692089803157,0.0,0.04664227854716488,-0.55,0.12,1.0,avoid:white,0
1786524215.7808943,13.165832688383789,0.0,29.31107514653101,0.0,0.046903579827541154,-0.725,0.1,1.0,reacquire:road,0
1786524215.860364,13.015974932185582,0.0,33.057143998474515,0.0,0.04677292918735302,-0.725,0.1,1.0,reacquire:road,0
1786524215.9394875,12.941889938544909,0.0,33.044801757602556,0.0,0.046903579827541154,-0.725,0.1,1.0,reacquire:road,0
1786524216.0219924,12.880287049505878,0.0,31.715163934426243,0.0,0.0459890253462242,-0.725,0.1,1.0,reacquire:road,0
1786524216.1004367,12.7187658623626,0.0,25.88708146695808,0.0,0.04794878494904625,-0.725,0.1,1.0,reacquire:road,0
1786524216.179273,12.670572496317888,0.0,27.469969264918802,0.0,0.051476352234125944,-0.55,0.12,1.0,avoid:white,0
1786524216.2624707,12.718270304068696,0.0,24.441137259196466,0.0,0.051998954794878496,-0.55,0.12,1.0,avoid:white,0
1786524216.336646,12.58850889063027,0.0,23.980891162723708,0.0,0.053697413117324275,-0.55,0.12,1.0,avoid:white,0
1786524216.410674,12.749050324766905,0.0,22.18042231950409,0.0,0.05879278808466162,-0.725,0.1,1.0,reacquire:road,0
1786524216.4883473,12.88783460003677,0.0,19.14552763017707,0.0,0.06245100600992945,-0.725,0.1,1.0,reacquire:road,0
1786524216.5654898,12.913173665791879,0.0,17.30749544161182,0.0,0.06532532009406847,-0.725,0.1,1.0,reacquire:road,0
1786524216.639864,12.925881906307646,0.0,24.771037598154265,0.0,0.06780768225764307,-0.725,0.1,1.0,reacquire:road,0
1786524216.714447,13.041523348885725,0.0,23.16351026793592,0.0,0.07133524954272276,-0.725,0.1,1.0,reacquire:road,0
1786524216.796429,13.114914642623313,0.0,21.901880025492034,0.0,0.0732950091455448,-0.725,0.1,1.0,reacquire:road,0
1786524216.87408,12.927334304306548,0.0,17.459304657036228,0.0,0.07799843219231774,-0.55,0.12,1.0,avoid:white,0
1786524216.9551718,12.915015579921903,0.0,15.850458026516321,0.0,0.07878233603344656,-0.55,0.12,1.0,avoid:white,0
1786524217.038209,12.771963083232317,0.0,14.491391102177147,0.0,0.08636007316435851,-0.55,0.12,1.0,avoid:white,0
1786524217.1128006,12.657611044475379,0.0,15.623418986926936,0.0,0.08453096420172458,-0.725,0.1,1.0,reacquire:road,0
1786524217.191919,12.79717440373593,0.0,14.360681203876538,0.0,0.08505356676247713,-0.725,0.1,1.0,reacquire:road,0
1786524217.2651606,12.774987786410206,0.0,13.951059676210605,0.0,0.08609877188398223,-0.725,0.1,1.0,reacquire:road,0
1786524217.3397167,12.936557889364197,0.0,13.602772579967336,0.0,0.0894956885288738,-0.725,0.1,1.0,reacquire:road,0
1786524217.4148133,13.035812878210693,0.0,2.120695914617613,0.0,0.09550561797752809,-0.725,0.1,1.0,reacquire:road,0
1786524217.4889095,13.078717478467016,0.0,1.8045971481057563,0.0,0.09158609877188398,-0.725,0.1,1.0,reacquire:road,0
1786524217.5603259,13.186336852240634,0.0,0.0,0.0,0.09054089365037889,-0.55,0.12,1.0,avoid:white,0
1786524217.635175,13.349497471201943,0.0,0.0,0.0,0.09511366605696368,-0.55,0.12,1.0,avoid:white,0
1786524217.706746,13.28232755055392,0.0,7.309653872246088,0.0,0.09720407629997387,-0.55,0.12,1.0,avoid:white,0
1786524217.7800531,13.444670233704256,0.0,0.0,0.0,0.09929448654298406,-0.55,0.12,1.0,avoid:white,0
1786524217.8562806,13.519600327174278,0.0,5.807786195164056,0.0,0.10282205382806375,-0.725,0.1,1.0,reacquire:road,0
1786524217.9277556,13.429018281650258,0.0,0.0,0.0,0.10595766919257904,-0.725,0.1,1.0,reacquire:road,0
1786524218.001556,13.561445603684387,0.0,0.0,0.0,0.10883198327671806,-0.725,0.1,1.0,reacquire:road,0
1786524218.0775099,13.56631232508357,0.0,0.0,0.0,0.11340475568330285,-0.725,0.1,1.0,reacquire:road,0
1786524218.1481054,13.475429190188953,0.0,0.0,0.0,0.11719362424875882,-0.725,0.1,1.0,reacquire:road,0
1786524218.225762,13.604201155335824,0.0,0.0,0.0,0.12059054089365037,-0.725,0.1,1.0,reacquire:road,0
1786524218.3118021,13.462407476039635,0.0,0.17308897243071897,0.0,0.12607786778155214,-0.55,0.12,1.0,avoid:white,0
1786524218.3908224,13.090651070017863,0.0,0.0,0.0,0.12751502482362165,-0.55,0.12,1.0,avoid:white,0
1786524218.4717963,13.022012609741207,0.0,0.0,0.0,0.13274105043114712,-0.55,0.12,1.0,avoid:white,0
1786524218.5526736,12.881201319672185,0.0,0.0,0.0,0.13848967859942513,-0.725,0.1,1.0,reacquire:road,0
1786524218.6264267,12.771379960769577,0.0,0.0,0.0,0.147896524692971,-0.725,0.1,1.0,reacquire:road,0
1786524218.7028258,12.943293568363782,0.0,0.0,0.0,0.15299189966030832,-0.725,0.1,1.0,reacquire:road,0
1786524218.7864633,12.965913174661294,0.0,0.0,0.0,0.15874052782858636,-0.725,0.1,1.0,reacquire:road,0
1786524218.8611224,12.744465595899023,0.0,0.0,0.0,0.16409720407629996,-0.725,0.1,1.0,reacquire:road,0
1786524218.9440224,12.855550752145051,0.0,0.0,0.0,0.17219754376796445,-0.725,0.1,1.0,reacquire:road,0
1786524219.026754,12.740413450943443,0.0,0.0,0.0,0.18095113666056964,-0.55,0.12,1.0,avoid:white,0
1786524219.1066122,12.573298221167668,0.0,0.0,0.0,0.18317219754376796,-0.55,0.12,1.0,avoid:white,0
1786524219.1870193,12.601199004439534,0.0,0.0,0.0,0.18460935458583747,-0.55,0.12,1.0,avoid:white,0
1786524219.2694402,12.51787488903869,0.0,0.0,0.0,0.18944342827279853,-0.725,0.1,1.0,reacquire:road,0
1786524219.3479164,12.432567660594255,0.0,0.0,0.0,0.19728246668408675,-0.725,0.1,1.0,reacquire:road,0
1786524219.4257529,12.55220533857304,0.0,0.0,0.0,0.20198588973085968,-0.725,0.1,1.0,reacquire:road,0
1786524219.5078971,12.59880749425631,0.0,0.0,0.0,0.2087797230206428,-0.725,0.1,1.0,reacquire:road,0
1786524219.5860028,12.53283420088032,0.0,0.0,0.0,0.21962372615625816,-0.725,0.1,1.0,reacquire:road,0
1786524219.663795,12.550876206334875,0.0,0.0,0.0,0.22066893127776327,-0.725,0.1,1.0,reacquire:road,0
1786524219.742935,12.597458162421258,0.0,0.0,0.0,0.22380454664227856,-0.55,0.12,1.0,avoid:white,0
1786524219.8159716,12.6561264780826,0.0,0.0,0.0,0.22863862032923962,-0.55,0.12,1.0,avoid:white,0
1786524219.8920457,12.783733864541043,0.0,0.0,0.0,0.23138228377319048,-0.55,0.12,1.0,avoid:white,0
1786524219.9831178,12.933531075162202,0.0,0.0,0.0,0.2342565978573295,-0.725,0.1,1.0,reacquire:road,0
1786524220.0582855,12.538361262681292,0.0,0.0,0.0,0.24091978050692447,-0.725,0.1,1.0,reacquire:road,0
1786524220.133547,12.683361239198886,0.0,0.0,0.0,0.25359289260517376,-0.725,0.1,1.0,reacquire:road,0
1786524220.2087798,12.81681243544427,0.0,0.0,0.0,0.2593415207734518,-0.725,0.1,1.0,reacquire:road,0
1786524220.2835994,12.914110156877602,0.0,0.0,0.0,0.26979357198850273,-0.725,0.1,1.0,reacquire:road,0
1786524220.3599405,13.001294614280171,0.0,0.0,0.0,0.2756728507969689,-0.725,0.1,1.0,reacquire:road,0
1786524220.4383879,13.023766098566153,0.0,5.198344059118085,0.0,0.2837731904886334,-0.55,0.12,1.0,avoid:white,0
1786524220.5126045,12.957866543242709,0.0,1.343449464884884,0.0,0.2922654821008623,-0.55,0.12,1.0,avoid:white,0
1786524220.587092,13.051285618697536,0.0,4.9338266249963,0.0,0.2974915077083878,-0.55,0.12,1.0,avoid:white,0
1786524220.671015,13.104467996270358,0.0,9.531720086266887,0.0,0.30167232819440815,-0.725,0.1,1.0,reacquire:road,0
1786524220.754477,12.897715936016695,0.0,8.650975570608239,0.0,0.30376273843741836,-0.725,0.1,1.0,reacquire:road,0
1786524220.8294828,12.713805711135425,0.0,10.345577483992315,0.0,0.31330023517115235,-0.725,0.1,1.0,reacquire:road,0
1786524220.9165735,12.806072664062173,0.0,18.720019020553934,0.0,0.3185262607786778,-0.725,0.1,1.0,reacquire:road,0
1786524221.0020046,12.562701729156188,0.0,15.229590184818619,0.0,0.3208779723020643,-0.725,0.1,1.0,reacquire:road,0
1786524221.0922334,12.375214423899813,0.0,7.310644551522046,0.0,0.33524954272275936,-0.55,0.12,1.0,avoid:white,0
1786524221.1766486,12.11976292898593,0.0,4.739813971372541,0.0,0.3443950875359289,-0.55,0.12,1.0,avoid:white,0
1786524221.2560992,12.074235364412282,0.0,0.0,0.0,0.3571988502743663,-0.55,0.12,1.0,avoid:white,0
1786524221.3467774,12.169482887961658,0.0,0.0,0.0,0.37104781813430887,-0.725,0.1,1.0,reacquire:road,0
1786524221.4346535,11.941391022224025,0.0,0.0,0.0,0.3758818918212699,-0.725,0.1,1.0,reacquire:road,0
1786524221.516661,11.819253680841076,0.0,0.0,0.0,0.3790175071857852,-0.725,0.1,1.0,reacquire:road,0
1786524221.5989435,11.867151837296237,0.0,0.0,0.0,0.3850274366344395,-0.725,0.1,1.0,reacquire:road,0
1786524221.684443,11.940191752060262,0.0,11.97509958396003,0.0,0.40501698458322444,-0.725,0.1,1.0,reacquire:road,0
1786524221.7641218,11.912005028788764,0.0,12.764523767371742,0.0,0.41559968643846357,-0.55,0.12,1.0,avoid:white,0
1786524221.844788,12.052942061144686,0.0,13.129100400302917,0.0,0.42984060621897047,-0.55,0.12,1.0,avoid:white,0
1786524221.9260106,12.126197332415515,0.0,14.59459797196557,0.0,0.43049385941991114,-0.55,0.12,1.0,avoid:white,0
1786524222.0080261,12.140593831277052,0.0,16.104769149626733,0.0,0.45374967337339955,-0.725,0.1,1.0,reacquire:road,0
1786524222.0844135,12.167053821494477,0.0,16.679418752622283,0.0,0.4515286124902012,-0.725,0.1,1.0,reacquire:road,0
1786524222.1704946,12.32541427431275,0.0,10.589112849388016,0.0,0.45322707081264696,-0.725,0.1,1.0,reacquire:road,0
1786524222.2542071,12.211660358814996,0.0,18.972406297000298,0.0,0.4540109746537758,-0.725,0.1,1.0,reacquire:road,0
1786524222.340373,12.118633181761558,0.0,19.605090360624544,0.0,0.5027436634439508,-0.725,0.1,1.0,reacquire:road,0
1786524222.4223042,12.04177625949851,0.0,19.805305437690038,0.0,0.5049647243271492,-0.55,0.12,1.0,avoid:white,0
1786524222.5052803,12.085693891801528,0.0,20.781829344157686,0.0,0.5304415991638359,-0.55,0.12,1.0,avoid:white,0
1786524222.5832756,12.063539623101558,0.0,21.490020612170632,0.0,0.5453357721452835,-0.55,0.12,1.0,avoid:white,0
1786524222.6640234,12.23266136991704,0.0,22.045995299453214,0.0,0.5666318264959498,-0.725,0.1,1.0,reacquire:road,0
1786524222.7428048,12.263596314800534,0.0,22.748314622183933,0.0,0.5475568330284818,-0.725,0.1,1.0,reacquire:road,0
1786524222.8256624,12.326589151880219,0.0,22.922997023016347,0.0,0.521949307551607,-0.725,0.1,1.0,reacquire:road,0
1786524222.9147263,12.286110109144271,0.0,21.60514787603406,0.0,0.34557094329762217,-0.725,0.1,1.0,reacquire:road,0
1786524222.9964964,12.084020051661613,0.0,21.559817749058276,0.0,0.41782074732166186,-0.725,0.1,1.0,reacquire:road,0
1786524223.0800898,12.07042340993739,0.0,22.20462413816851,0.0,0.26796446302586885,-0.55,0.12,1.0,avoid:white,0
1786524223.1595743,12.07096301585557,0.0,22.621532511089526,0.0,0.22354324536190226,-0.55,0.12,1.0,avoid:white,0
1786524223.2360013,12.187036955008983,0.0,22.8464127644508,0.0,0.22759341520773452,-0.55,0.12,1.0,avoid:white,0
1786524223.3122342,12.32198649170705,0.0,23.024425609552235,0.0,0.24118108178730074,-0.725,0.1,1.0,reacquire:road,0
1786524223.3930187,12.486024877495662,0.0,23.266069654677274,0.0,0.18696106610922394,-0.725,0.1,1.0,reacquire:road,0
1786524223.4685662,12.500158848474753,0.0,23.547059445477213,0.0,0.15220799581917951,-0.725,0.1,1.0,reacquire:road,0
1786524223.5525064,12.581160227639137,0.0,24.725580045833297,0.0,0.15508230990331853,-0.725,0.1,1.0,reacquire:road,0
1786524223.635417,12.501740244182443,0.0,24.127126179024945,0.0,0.14515286124902013,-0.725,0.1,1.0,reacquire:road,0
1786524223.7202048,12.41878761808427,0.0,24.537267268596402,0.0,0.13705252155735564,-0.725,0.1,1.0,reacquire:road,0
1786524223.80894,12.285250931792541,0.0,23.95262950832572,0.0,0.17716226809511368,-0.55,0.12,1.0,avoid:white,0
1786524223.9036233,12.072788388093798,0.0,24.77582298151912,0.0,0.13679122027697935,-0.55,0.12,1.0,avoid:white,0
1786524223.983728,11.781954144285498,0.0,23.83211398306326,0.0,0.11614841912725372,-0.55,0.12,1.0,avoid:white,0
1786524224.062635,11.924237674983141,0.0,23.861974663873255,0.0,0.1313038933890776,-0.725,0.1,1.0,reacquire:road,0
1786524224.149832,12.036652391376979,0.0,23.97099402004453,0.0,0.11170629736085706,-0.725,0.1,1.0,reacquire:road,0
1786524224.2286348,11.914462798223642,0.0,23.35691481514256,0.0,0.08779723020642802,-0.725,0.1,1.0,reacquire:road,0
1786524224.3043213,12.079231827885895,0.0,22.972973650821515,0.0,0.017115233864645935,-0.725,0.1,1.0,reacquire:road,0
1786524224.391725,12.287718281457094,0.0,23.29206869080265,0.0,0.0010452051215050953,-0.725,0.1,1.0,reacquire:road,0
1786524224.4672632,12.170549037328394,0.0,23.228306679255837,0.0,0.0,-0.55,0.12,1.0,avoid:white,0
1786524224.5473917,12.370897848485187,0.0,22.823228634937337,0.0,0.0,-0.55,0.12,1.0,avoid:white,0
1786524224.6255844,12.40480780804688,0.0,21.086753846461576,0.0,0.0,-0.55,0.12,1.0,avoid:white,0
1786524224.6998522,12.44800866499757,0.0,21.279071428697037,0.0,0.0,-0.725,0.1,1.0,reacquire:road,0
1786524224.7755737,12.694160195952911,0.0,21.356339053328767,0.0,0.0,-0.725,0.1,1.0,reacquire:road,0
1786524224.855455,12.789519320583159,0.0,20.66091699035684,0.0,0.0,-0.725,0.1,1.0,reacquire:road,0
1786524224.9331203,12.736753180805785,0.0,20.29770906064698,0.0,0.0,-0.725,0.1,1.0,reacquire:road,0
1786524225.0090606,12.755116508688891,0.0,20.336448209763432,0.0,0.0,-0.725,0.1,1.0,reacquire:road,0
1786524225.0892494,12.85400125447785,0.0,20.214121975628103,0.0,0.0,-0.725,0.1,1.0,reacquire:road,0
1786524225.1660976,12.733114542450517,0.0,19.44885934599759,0.0,0.0,-0.55,0.12,1.0,avoid:white,0
1786524225.2483294,12.805880051039932,0.0,19.039363553490034,0.0,0.0,-0.55,0.12,1.0,avoid:white,0
1786524225.3371396,12.704315498960826,0.0,11.503594208767879,0.0,0.0,-0.55,0.12,1.0,avoid:white,0
1786524225.4121413,12.408362884044674,0.0,11.695464209780482,0.0,0.0,-0.725,0.1,1.0,reacquire:road,0
1786524225.4869978,12.603620932689239,0.0,11.345965374101638,0.0,0.0,-0.725,0.1,1.0,reacquire:road,0
1786524225.5734282,12.739553307992248,0.0,11.141066088498064,0.0,0.0,-0.725,0.1,1.0,reacquire:road,0
1786524225.6512191,12.5078951730865,0.0,17.44798866138177,0.0,0.0,-0.725,0.1,1.0,reacquire:road,0
1786524225.7295828,12.581854621765517,0.0,16.76365689064596,0.0,0.0,-0.725,0.1,1.0,reacquire:road,0
1786524225.8174531,12.609285483957331,0.0,15.439310576933792,0.0,0.0,-0.5249999999999999,0.1,1.0,reacquire:road,0
1786524225.895734,12.347767946012938,0.0,14.518995554974708,0.0,0.0,-0.32499999999999984,0.1,1.0,reacquire:road,0
1786524225.9714696,12.467984162632547,0.0,14.191151367899351,0.0,0.0,-0.12499999999999986,0.1,1.0,reacquire:road,0
1786524226.0550032,12.607391806885945,0.0,14.32093894150779,0.0,0.0,0.07500000000000014,0.1,1.0,reacquire:road,0
1786524226.1360404,12.484633661117732,0.0,4.84332397754639,0.0,0.0,0.27500000000000013,0.1,1.0,reacquire:road,0
1786524226.2145774,12.419945640093076,0.0,4.042943104307824,0.0,0.0,0.47500000000000014,0.1,1.0,reacquire:road,0
1786524226.2997773,12.51793724036188,0.0,3.506510620381448,0.0,0.0,0.6750000000000002,0.1,1.0,reacquire:road,0
1786524226.3837914,12.355165050044883,0.0,3.895751028207883,0.0,0.0,0.725,0.1,1.0,reacquire:road,0
1786524226.4675276,12.267739134997486,0.0,3.771087381932773,0.0,0.0,0.725,0.1,1.0,reacquire:road,0
1786524226.5539918,12.196612366460965,0.0,3.597384284079169,0.0,0.0,0.725,0.1,1.0,reacquire:road,0
1786524226.6418304,12.049994859023744,0.0,3.095037180141901,0.0,0.0,0.725,0.1,1.0,reacquire:road,0
1786524226.7214842,11.951446604900292,0.0,2.523301377852647,0.0,0.0,0.725,0.1,1.0,reacquire:road,0
1786524226.802451,12.054613706238566,0.0,2.9103758110377385,0.0,0.0,0.725,0.1,1.0,reacquire:road,0
1786524226.8792577,12.12600284829152,0.0,2.4013723846325092,0.0,0.0,0.725,0.1,1.0,reacquire:road,0
1786524226.9651127,12.294877620661271,0.0,3.0944289146746655,0.0,0.0,0.725,0.1,1.0,reacquire:road,0
1786524227.0477383,12.143233360131333,0.0,2.7273547422909132,0.0,0.0,0.725,0.1,1.0,reacquire:road,0
1786524227.1269166,12.170455854994353,0.0,2.9872171545355855,0.0,0.0,0.725,0.1,1.0,reacquire:road,0
1786524227.2055678,12.25472485176542,0.0,2.1768654449733162,0.0,0.0,0.55,0.12,1.0,avoid:white,0
1786524227.2883108,12.313310167733166,0.0,2.2181781730703847,0.0,0.0,0.55,0.12,1.0,avoid:white,0
1786524227.369926,12.289998921466454,0.0,1.899568054239353,0.0,0.0,0.55,0.12,1.0,avoid:white,0
1786524227.4506178,12.268795760405501,0.0,0.9584463906041947,0.0,0.0,0.725,0.1,1.0,reacquire:road,0
1786524227.533456,12.326122645119682,0.0,1.4441987050472562,0.0,0.0,0.725,0.1,1.0,reacquire:road,0
1786524227.6126046,12.257372805961262,0.0,1.0781965053623708,0.0,0.0,0.725,0.1,1.0,reacquire:road,0
1786524227.6883013,12.320756909963581,0.0,0.797326355362884,0.0,0.001567807682257643,0.725,0.1,1.0,reacquire:road,0
1786524227.7684197,12.501867790537753,0.0,0.328660957966747,0.0,0.0011758557616932323,0.725,0.1,1.0,reacquire:road,0
1786524227.8450775,12.509659092835703,0.0,0.19927822240612159,0.0,0.0,0.725,0.1,1.0,reacquire:road,0
1786524227.9245043,12.612312268494332,0.0,0.0,0.0,0.0,0.725,0.1,1.0,reacquire:road,0
1786524228.0078893,12.60766176068994,0.0,0.0,0.0,0.0,0.725,0.1,1.0,reacquire:road,0
1786524228.097077,12.446349448086798,0.0,0.0,0.0,0.0,0.725,0.1,1.0,reacquire:road,0
1786524228.1726964,12.249800977292384,0.0,0.0,0.0,0.0,0.725,0.1,1.0,reacquire:road,0
1786524228.2548044,12.43198976262734,0.0,0.0,0.0,0.0,0.725,0.1,1.0,reacquire:road,0
1786524228.3402398,12.390854692172038,0.0,0.0,0.0,0.0,0.725,0.1,1.0,reacquire:road,0
1786524228.421561,12.207858144985348,0.0,0.0,0.0,0.0,0.725,0.1,1.0,reacquire:road,0
1786524228.5089366,12.258671532054006,0.0,0.0,0.0,0.0,0.5249999999999999,0.12,1.0,avoid:white,0
1786524228.5897374,12.112381716105645,0.0,0.0,0.0,0.0,0.32499999999999984,0.12,1.0,avoid:white,0
1786524228.672068,12.14422842670891,0.0,0.0,0.0,0.0,0.12499999999999986,0.12,1.0,avoid:white,0
1786524228.7555494,12.170269050177696,0.0,0.0,0.0,0.0,-0.07500000000000014,0.1,1.0,reacquire:road,0
1786524228.83405,12.115938805504495,0.0,0.0,0.0,0.0,0.12499999999999986,0.1,1.0,reacquire:road,0
1786524228.907523,12.253643169062665,0.0,0.0,0.0,0.0,0.32499999999999984,0.1,1.0,reacquire:road,0
1786524228.98545,12.502891100827284,0.0,0.0,0.0,0.0,0.5249999999999999,0.1,1.0,reacquire:road,0
1786524229.0639293,12.571752302200423,0.0,0.0,0.0,0.0,0.725,0.1,1.0,reacquire:road,0
1786524229.1417587,12.621455721719105,0.0,0.0,0.0,0.0013065064018813691,0.725,0.1,1.0,reacquire:road,0
1786524229.2253404,12.614789969212197,0.0,0.0,0.0,0.0,0.725,0.1,1.0,reacquire:road,0
1786524229.298469,12.512685410207734,0.0,0.0,0.0,0.0,0.725,0.1,1.0,reacquire:road,0
1786524229.370755,12.772614675807798,0.0,0.0,0.0,0.0,0.725,0.1,1.0,reacquire:road,0
1786524229.4572349,12.985974184911308,0.0,0.0,0.0,0.0,0.725,0.1,1.0,reacquire:road,0
1786524229.53357,12.70027179363791,0.0,0.0,0.0,0.0,0.5249999999999999,0.1,1.0,reacquire:road,0
1786524229.6052153,12.754142084674541,0.0,0.0,0.0,0.0,0.725,0.1,1.0,reacquire:road,0
1786524229.6822934,13.027937957061962,0.0,0.0,0.0,0.0,0.725,0.1,1.0,reacquire:road,0
1786524229.756165,13.010188113087752,0.0,0.0,0.0,0.0,0.5249999999999999,0.1,1.0,reacquire:road,0
1786524229.830101,13.124470250957467,0.0,0.0,0.0,0.0,0.32499999999999984,0.12,1.0,avoid:white,0
1786524229.9054139,13.192588353969555,0.0,0.0,0.0,0.0,0.12499999999999986,0.12,1.0,avoid:white,0
1786524229.978004,13.222073663598621,0.0,0.0,0.0,0.0,-0.07500000000000014,0.12,1.0,avoid:white,0
1786524230.0507598,13.327533615668468,0.0,0.0,0.0,0.0,-0.27500000000000013,0.1,1.0,reacquire:road,0
1786524230.1256876,13.413069843878509,0.0,0.0,0.0,0.0,-0.47500000000000014,0.1,1.0,reacquire:road,0
1786524230.2007213,13.23487799583952,0.0,0.0,0.0,0.0,-0.6750000000000002,0.1,1.0,reacquire:road,0
1786524230.2711678,13.444308505058592,0.0,0.0,0.0,0.0,-0.47500000000000014,0.1,1.0,reacquire:road,0
1786524230.3443618,13.527877602476613,0.0,0.0,0.0,0.0,-0.6750000000000002,0.1,1.0,reacquire:road,0
1786524230.4164016,13.599219902328059,0.0,0.0,0.0,0.0,-0.47500000000000014,0.1,1.0,reacquire:road,0
1786524230.4877787,13.675755762065618,0.0,0.0,0.0,0.0,-0.6750000000000002,0.1,1.0,reacquire:road,0
1786524230.5637357,13.719910194876837,0.0,0.10175022895997898,0.0,0.0,-0.725,0.1,1.0,reacquire:road,0
1786524230.6349733,13.619296631015244,0.0,0.5809770108688355,0.0,0.0,-0.55,0.12,1.0,avoid:white,0
1786524230.7039115,13.70009724168665,0.0,0.6346745163067311,0.0,0.024562320355369743,-0.55,0.12,1.0,avoid:white,0
1786524230.7771833,13.867375016337986,0.0,0.9234388822852857,0.0,0.013065064018813691,-0.55,0.12,1.0,avoid:white,0
1786524230.8507414,13.830593072263655,0.0,0.3150661970234694,0.0,0.022341259472171415,-0.55,0.12,1.0,avoid:white,0
1786524230.9203749,13.721230256374916,0.0,0.358196960841596,0.0,0.060099294486542984,-0.725,0.1,1.0,reacquire:road,0
1786524230.9984818,13.912615354802444,0.0,0.9016951398529685,0.0,0.03671282989286648,-0.725,0.1,1.0,reacquire:road,0
1786524231.076128,13.695166978347206,0.0,1.0519031268530767,0.0,0.012281160177684871,-0.725,0.1,1.0,reacquire:road,0
1786524231.150049,13.533758765058103,0.0,16.787663111745317,0.0,0.0,-0.725,0.1,1.0,reacquire:road,0
1786524231.231315,13.491069220449184,0.0,0.9339458103416121,0.0,0.0,-0.725,0.1,1.0,reacquire:road,0
1786524231.3054771,13.243361463457887,0.0,0.0,0.0,0.0,-0.725,0.1,1.0,reacquire:road,0
1786524231.3809013,13.327327483058856,0.0,0.1783976789849362,0.0,0.0,-0.55,0.12,1.0,avoid:white,0
1786524231.4567623,13.334005157079105,0.0,2.421139404924304,0.0,0.0,-0.55,0.12,1.0,avoid:white,0
1786524231.5323446,13.182710239910666,0.0,6.943560427403327,0.0,0.0,-0.55,0.12,1.0,avoid:white,0
1786524231.6062412,13.326459816713676,0.0,7.393702541257653,0.0,0.0,-0.725,0.1,1.0,reacquire:road,0
1786524231.6865783,13.36019553807845,0.0,11.358722629919555,0.0,0.0,-0.725,0.1,1.0,reacquire:road,0
1786524231.7689383,13.159062011435202,0.0,12.935432525292384,0.0,0.0,-0.725,0.1,1.0,reacquire:road,0
1786524231.845121,12.95835807305895,0.0,13.525343925091647,0.0,0.0,-0.725,0.1,1.0,reacquire:road,0
1786524231.9257197,12.979521238521535,0.0,31.013295077193433,0.0,0.0,-0.725,0.1,1.0,reacquire:road,0
1786524231.9998116,12.89051940191684,0.0,25.010561711744657,0.0,0.0,-0.725,0.1,1.0,reacquire:road,0
1786524232.076427,12.990995009748238,0.0,30.479548405180736,0.0,0.0026130128037627383,-0.55,0.12,1.0,avoid:white,0
1786524232.152961,12.95876883710686,0.0,33.291521181927024,0.0,0.005748628168278025,-0.55,0.12,1.0,avoid:white,0
1786524232.2341554,13.056507639113565,0.0,35.32070265901157,0.0,0.005879278808466161,-0.55,0.12,1.0,avoid:white,0
1786524232.3112895,12.906062832227896,0.0,36.394577714830376,0.0,0.0024823621635746015,-0.725,0.1,1.0,reacquire:road,0
1786524232.3921568,12.91176925636248,0.0,40.734500555702624,0.0,0.005487326887901751,-0.725,0.1,1.0,reacquire:road,0
1786524232.4675918,12.807643704830243,0.0,45.89702724864554,0.0,0.015155474261823882,-0.725,0.1,1.0,reacquire:road,0
1786524232.5446076,12.818408138152082,0.0,44.933867556493766,0.0,0.0633655604912464,-0.725,0.1,1.0,reacquire:road,0
1786524232.6157644,12.934330304297609,0.0,54.463914487619704,0.0,0.058270185523909064,-0.725,0.1,1.0,reacquire:road,0
1786524232.691242,13.158676194419217,0.0,54.85719825555818,0.0,0.12163574601515548,-0.725,0.1,1.0,reacquire:road,0
1786524232.767243,13.173473928551179,0.0,53.28471561749345,0.0,0.14240919780506925,-0.55,0.12,1.0,avoid:white,0
1786524232.8479958,13.169245852743567,0.0,63.14838911517945,0.0,0.06676247713613796,-0.55,0.12,1.0,avoid:white,0
1786524232.9200647,13.002493809589506,0.0,63.93852922977614,0.0,0.14828847661353542,-0.55,0.12,1.0,avoid:white,0
1786524232.9938939,13.167423688659099,0.0,68.8393390682729,0.0,0.16357460151554742,-0.725,0.1,1.0,reacquire:road,0
1786524233.068438,13.253488676136442,0.0,69.027366417185,0.0,0.21217663966553435,-0.725,0.1,1.0,reacquire:road,0
1786524233.144755,13.30039277020029,0.0,71.22209561718121,0.0,0.2517637836425399,-0.725,0.1,1.0,reacquire:road,0
1786524233.2150376,13.175647733251244,0.0,77.02177068214806,0.0,0.34452573817611704,-0.725,0.1,1.0,reacquire:road,0
1786524233.2911448,13.491887123011985,0.0,77.16856832991208,0.0,0.23726156258165665,-0.725,0.1,1.0,reacquire:road,0
1786524233.3643332,13.36195745048094,0.0,78.54419262838158,0.0,0.0923700026130128,-0.725,0.1,1.0,reacquire:road,0
1786524233.440111,13.471275491412056,0.0,79.54380721493952,0.0,0.1485497778939117,-0.55,0.12,1.0,avoid:white,0
1786524233.5185134,13.431513554146164,0.0,89.25800296195035,0.0,0.13862032923961326,-0.55,0.12,1.0,avoid:white,0
1786524233.5960724,13.269723386776375,0.0,85.58200141454704,0.0,0.07982754115495166,-0.55,0.12,1.0,avoid:white,0
1786524233.6936297,13.223606011769379,0.0,85.17611600713653,0.0,0.07525476874836687,-0.725,0.1,1.0,reacquire:road,0
1786524233.7718163,12.629392652042373,0.0,87.15465603071712,0.0,0.09080219493075516,-0.725,0.1,1.0,reacquire:road,0
1786524233.8571854,12.660290047645715,0.0,88.29320017927071,0.0,0.18552390906715444,-0.725,0.1,1.0,reacquire:road,0
1786524233.9394758,12.447549819124523,0.0,88.33663750267917,0.0,0.13848967859942513,-0.725,0.1,1.0,reacquire:road,0
1786524234.028254,12.410397324320336,0.0,87.27819977238865,0.0,0.10804807943558924,-0.725,0.1,1.0,reacquire:road,0
1786524234.1174736,12.173233560356428,0.0,86.12744221866811,0.0,0.07238045466422785,-0.55,0.12,1.0,avoid:white,0
1786524234.1998062,11.993066084267754,0.0,86.16046636098315,0.0,0.09955578782336033,-0.55,0.12,1.0,avoid:white,0
1786524234.276706,12.021081446992222,0.0,79.33540959442946,0.0,0.19845832244578,-0.55,0.12,1.0,avoid:white,0
1786524234.3486052,12.210188928232576,0.0,77.79033143107985,0.0,0.1128821531225503,-0.725,0.1,1.0,reacquire:road,0
1786524234.4275353,12.56158744998852,0.0,76.15858980572101,0.0,0.3217925267833812,-0.725,0.1,1.0,reacquire:road,0
1786524234.4985113,12.57925809915598,0.0,81.68886831655742,0.0,0.2731904886333943,-0.725,0.1,1.0,reacquire:road,0
1786524234.5731468,12.882634743769131,0.0,71.64837845429375,0.0,0.17245884504834075,-0.725,0.1,1.0,reacquire:road,0
1786524234.6446311,12.943658921635992,0.0,69.88882746957341,0.0,0.17363470081003396,-0.725,0.1,1.0,reacquire:road,0
1786524234.722466,13.18717237396562,0.0,70.7341304818783,0.0,0.19976482884766136,-0.725,0.1,1.0,reacquire:road,0
1786524234.792301,13.11067101305446,0.0,78.03438670097917,0.0,0.2669192579043637,-0.55,0.12,1.0,avoid:white,0
1786524234.8658817,13.330045564648364,0.0,76.64919338833224,0.0,0.2815521296054351,-0.55,0.12,1.0,avoid:white,0
1786524234.9463851,13.411430191583268,0.0,78.37861392338971,0.0,0.19519205644107657,-0.55,0.12,1.0,avoid:white,0
1786524235.031842,13.222645900708896,0.0,79.40889320437219,0.0,0.26234648549777895,-0.725,0.1,1.0,reacquire:road,0
1786524235.1121316,12.917042776923607,0.0,86.47588360146416,0.0,0.141233342043376,-0.725,0.1,1.0,reacquire:road,0
1786524235.1946704,12.814748014373567,0.0,85.05302117237592,0.0,0.11627906976744186,-0.725,0.1,1.0,reacquire:road,0
1786524235.2796078,12.689902417482385,0.0,86.04676612563128,0.0,0.09785732950091455,-0.725,0.1,1.0,reacquire:road,0
1786524235.3543508,12.477973516309842,0.0,87.97926661226157,0.0,0.12268095113666057,-0.725,0.1,1.0,reacquire:road,0
1786524235.4371912,12.688383023729397,0.0,88.98559020822901,0.0,0.17572511105304417,-0.55,0.12,1.0,avoid:white,0
1786524235.5109878,12.556902981505685,0.0,101.25006612883962,0.0,0.2197543767964463,-0.55,0.12,1.0,avoid:white,0
1786524235.5930853,12.741143400080478,0.0,94.76291684062166,0.0,0.1416252939639404,-0.55,0.12,1.0,avoid:white,0
1786524235.6778214,12.633493431549946,0.0,95.8138505442024,0.0,0.323490985105827,-0.725,0.1,1.0,reacquire:road,0
1786524235.754916,12.488029472579516,0.0,95.8154117845414,0.0,0.17219754376796445,-0.725,0.1,1.0,reacquire:road,0
1786524235.8370736,12.582214040320304,0.0,95.755136009083,0.0,0.2586882675725111,-0.725,0.1,1.0,reacquire:road,0
1786524235.9202695,12.500742938725597,0.0,104.4867045761557,0.0,0.39717794617193625,-0.725,0.1,1.0,reacquire:road,0
1786524236.0013485,12.359774699067476,0.0,102.45588968594146,0.0,0.31055657172720147,-0.725,0.1,1.0,reacquire:road,0
1786524236.0836313,12.328908894138815,0.0,103.73729713216977,0.0,0.1878756205905409,-0.55,0.12,1.0,avoid:white,0
1786524236.1713061,12.360392640781068,0.0,103.91136406267958,0.0,0.23961327410504313,-0.55,0.12,1.0,avoid:white,0
1786524236.2517197,12.173063398566178,0.0,101.32960241512819,0.0,0.12124379409459106,-0.55,0.12,1.0,avoid:white,0
1786524236.3223221,12.213222768859376,0.0,105.68075594922483,0.0,0.21034753070290044,-0.725,0.1,1.0,reacquire:road,0
1786524236.4093776,12.621745717558593,0.0,114.88703896401331,0.0,0.333028481839561,-0.725,0.1,1.0,reacquire:road,0
1786524236.4952948,12.377906943591784,0.0,113.19972823489096,0.0,0.3227070812646982,-0.725,0.1,1.0,reacquire:road,0
1786524236.5770812,12.229660028457534,0.0,113.31508398330483,0.0,0.38045466422785473,-0.725,0.1,1.0,reacquire:road,0
1786524236.660067,12.204166398046654,0.0,112.80337113752289,0.0,0.3556310425921087,-0.725,0.1,1.0,reacquire:road,0
1786524236.7476332,12.220267662605986,0.0,116.14770885641177,0.0,0.3707865168539326,-0.55,0.12,1.0,avoid:white,0
1786524236.8225133,12.017412680040104,0.0,123.35810383770557,0.0,0.3676509014894173,-0.55,0.12,1.0,avoid:white,0
1786524236.909994,12.108779745327906,0.0,125.24666252428219,0.0,0.39966030833551086,-0.55,0.12,1.0,avoid:white,0
1786524236.9894006,12.158390541173569,0.0,123.11898061964641,0.0,0.40188136921870915,-0.725,0.1,1.0,reacquire:road,0
1786524237.0746288,12.247120619090955,0.0,123.42294340680357,0.0,0.3834596289521819,-0.725,0.1,1.0,reacquire:road,0
1786524237.157915,12.14247252713662,0.0,123.02627577868175,0.0,0.39926835641494646,-0.725,0.1,1.0,reacquire:road,0
1786524237.23929,12.11407007963155,0.0,122.75365141737619,0.0,0.3927358244055396,-0.725,0.1,1.0,reacquire:road,0
1786524237.317987,12.150776144673586,0.0,126.5790294593458,0.0,0.3799320616671022,-0.725,0.1,1.0,reacquire:road,0
1786524237.398683,12.273641798131628,0.0,128.3078303240914,0.0,0.3085968121243794,-0.55,0.12,1.0,avoid:white,0
1786524237.4758158,12.286411644676868,0.0,132.85900977932025,0.0,0.22694016200679384,-0.55,0.12,1.0,avoid:white,0
1786524237.546128,12.430219279080788,0.0,133.0639196005738,0.0,0.2278547164881108,-0.55,0.12,1.0,avoid:white,0
1786524237.624301,12.741451614741113,0.0,136.70451259651156,0.0,0.17912202769793573,-0.725,0.1,1.0,reacquire:road,0
1786524237.6955853,12.779418196721618,0.0,141.8880969791744,0.0,0.2006793833289783,-0.725,0.1,1.0,reacquire:road,0
1786524237.7749825,13.038695284547549,0.0,128.74071594323607,0.0,0.20812646981970212,-0.725,0.1,1.0,reacquire:road,0
1786524237.8651335,12.957747958293497,0.0,127.94634821519375,0.0,0.24235693754899398,-0.725,0.1,1.0,reacquire:road,0
1786524237.940932,12.574768801508311,0.0,122.20932702259921,0.0,0.24457799843219233,-0.725,0.1,1.0,reacquire:road,0
1786524238.0148494,12.693830938473972,0.0,167.5261819702355,0.0,0.282466684086752,-0.725,0.1,1.0,reacquire:road,0
1786524238.0925505,12.873197632712817,0.0,97.90454545449654,0.0,0.28142147896524694,-0.55,0.12,1.0,avoid:white,0
1786524238.1645563,12.879556547845205,0.0,132.77450592882855,0.0,0.2517637836425399,-0.55,0.12,1.0,avoid:white,0
1786524238.2304113,13.065444015518793,0.0,223.0,0.0,0.23229683825450745,-0.55,0.12,1.0,avoid:white,0
1786524238.3013163,13.488123361315246,0.0,223.0,0.0,0.24797491507708389,-0.55,0.12,1.0,avoid:white,0
1786524238.3681731,13.592909109514398,0.0,0.0,0.0,0.18944342827279853,-0.725,0.1,1.0,reacquire:road,0
1786524238.4392302,13.898190360081552,0.0,0.0,0.0,0.13718317219754378,-0.725,0.1,1.0,reacquire:road,0
1786524238.5051894,13.899780256369523,0.0,223.0,0.0,0.14554481316958454,-0.725,0.1,1.0,reacquire:road,0
1786524238.570945,14.198867795672783,0.0,0.0,0.0,0.11418865952443168,-0.725,0.1,1.0,reacquire:road,0
1786524238.6360848,14.372284355746151,0.0,0.0,0.0,0.1416252939639404,-0.725,0.1,1.0,reacquire:road,0
1786524238.6961133,14.598178531152017,0.0,0.0,0.0,0.22380454664227856,-0.725,0.1,1.0,reacquire:road,0
1786524238.7705326,14.987083607923818,0.0,18.59765537455513,0.0,0.21008622942252417,-0.725,0.1,1.0,reacquire:road,0
1786524238.8390644,14.692604452389157,0.0,6.127700346916583,0.0,0.22498040240397177,-0.55,0.12,1.0,avoid:white,0
1786524238.9075203,14.630932919339973,0.0,6.963045110296747,0.0,0.2034230467729292,-0.55,0.12,1.0,avoid:white,0
1786524238.9752154,14.664676050172776,0.0,8.239434356534275,0.0,0.21073948262346487,-0.55,0.12,1.0,avoid:white,0
1786524239.0379474,14.684796149424145,0.0,16.555678166768928,0.0,0.24052782858636007,-0.55,0.12,1.0,avoid:white,0
1786524239.0979679,14.944642824508065,0.0,2.9617456073344073,0.0,0.18735301802978835,-0.725,0.1,1.0,reacquire:road,0
1786524239.1680472,15.168006855347226,0.0,10.821267316796906,0.0,0.23190488633394304,-0.725,0.1,1.0,reacquire:road,0
1786524239.2439964,15.049088727187037,0.0,0.0,0.0,0.2657434021426705,-0.725,0.1,1.0,reacquire:road,0
1786524239.3193815,14.697499933532042,0.0,4.178023200382796,0.0,0.2863862032923961,-0.725,0.1,1.0,reacquire:road,0
1786524239.3856912,14.409022153819468,0.0,5.901108692146423,0.0,0.23660830938071598,-0.725,0.1,1.0,reacquire:road,0
1786524239.4511435,14.544143567014778,0.0,7.314963698106368,0.0,0.1942775019597596,-0.725,0.1,1.0,reacquire:road,0
1786524239.5193467,14.669924224534867,0.0,6.197242127620207,0.0,0.14750457277240658,-0.55,0.12,1.0,avoid:white,0
1786524239.590106,14.619565874443497,0.0,7.220857419890933,0.0,0.09080219493075516,-0.55,0.12,1.0,avoid:white,0
1786524239.65929,14.517192839190514,0.0,5.637334933973769,0.0,0.1267311209824928,-0.55,0.12,1.0,avoid:white,0
1786524239.7271373,14.46786956456541,0.0,5.3056491532783525,0.0,0.055787823360334464,-0.55,0.12,1.0,avoid:white,0
1786524239.7921062,14.640772139503703,0.0,4.728074250977004,0.0,0.0633655604912464,-0.725,0.1,1.0,reacquire:road,0
1786524239.8571267,14.722338492769413,0.0,5.724217584813726,0.0,0.019336294747844266,-0.5249999999999999,0.1,1.0,reacquire:road,0
1786524239.9243712,14.90918469724772,0.0,5.211476335214945,0.0,0.0708126469819702,-0.725,0.1,1.0,reacquire:road,0
1786524239.989602,14.905306175231049,0.0,5.327597155883609,0.0,0.017507185785210346,-0.725,0.1,1.0,reacquire:road,0
1786524240.0531561,15.006714185488132,0.0,5.09249136287259,0.0,0.0689835380193363,-0.725,0.1,1.0,reacquire:road,0
1786524240.12185,15.086522333264051,0.0,5.562105948762496,0.0,0.056310425921087016,-0.725,0.1,1.0,reacquire:road,0
1786524240.19106,15.033145752798148,0.0,4.902496743378194,0.0,0.012150509537496733,-0.725,0.1,1.0,reacquire:road,0
1786524240.2594864,14.890037133215092,0.0,5.3474055579678765,0.0,0.01149725633655605,-0.725,0.1,1.0,reacquire:road,0
1786524240.3287315,14.853435520267125,0.0,6.330357614831286,0.0,0.040109746537758034,-0.725,0.1,1.0,reacquire:road,0
1786524240.3960776,14.752249805942359,0.0,5.665886178708282,0.0,0.05317481055657173,-0.55,0.12,1.0,avoid:white,0
1786524240.4623961,14.783150097655383,0.0,5.010942249240137,0.0,0.06480271753331591,-0.55,0.12,1.0,avoid:white,0
1786524240.527251,14.838511932163787,0.0,5.434908814589683,0.0,0.018813692187091717,-0.55,0.12,1.0,avoid:white,0
1786524240.5936964,14.92709381708072,0.0,5.542818063395561,0.0,0.030310948523647765,-0.55,0.12,1.0,avoid:white,0
1786524240.6683354,14.954770614765884,0.0,5.6208814589665685,0.0,0.0374967337339953,-0.725,0.1,1.0,reacquire:road,0
1786524240.7394571,14.684425988886508,0.0,5.280688232739918,0.0,0.015808727462764568,-0.725,0.1,1.0,reacquire:road,0
1786524240.8050065,14.540133973881082,0.0,6.222365558156632,0.0,0.05395871439770055,-0.725,0.1,1.0,reacquire:road,0
1786524240.8750484,14.631362239133557,0.0,5.049967561492835,0.0,0.01868304154690358,-0.725,0.1,1.0,reacquire:road,0
1786524240.9436274,14.578333609004114,0.0,5.741737695077951,0.0,0.08897308596812124,-0.725,0.1,1.0,reacquire:road,0
1786524241.010436,14.564710621044616,0.0,5.304327731092357,0.0,0.11209824928142148,-0.725,0.1,1.0,reacquire:road,0
1786524241.078409,14.686315571107947,0.0,5.499510804321675,0.0,0.09289260517376535,-0.55,0.12,1.0,avoid:white,0
1786524241.1440396,14.669137198306359,0.0,5.432052821128384,0.0,0.13391690619284036,-0.55,0.12,1.0,avoid:white,0
1786524241.2168028,14.812650738486214,0.0,6.215855342136763,0.0,0.11471126208518422,-0.55,0.12,1.0,avoid:white,0
1786524241.2870002,14.553463474300484,0.0,5.459738895558154,0.0,0.11340475568330285,-0.55,0.12,1.0,avoid:white,0
1786524241.3531637,14.50473121547766,0.0,6.208208283313226,0.0,0.12712307290305722,-0.725,0.1,1.0,reacquire:road,0
1786524241.4209292,14.592884175953637,0.0,5.897713085234047,0.0,0.11667102168800628,-0.725,0.1,1.0,reacquire:road,0
1786524241.4865813,14.723475993293953,0.0,6.051026410564134,0.0,0.11092239351972824,-0.725,0.1,1.0,reacquire:road,0
1786524241.555038,14.735087206694878,0.0,6.2447034558506616,0.0,0.06950614058008885,-0.725,0.1,1.0,reacquire:road,0
1786524241.621098,14.741322651588028,0.0,5.762280912364874,0.0,0.12581656650117587,-0.725,0.1,1.0,reacquire:road,0
1786524241.687164,14.874795155944284,0.0,5.708289315726198,0.0,0.06362686177162268,-0.725,0.1,1.0,reacquire:road,0
1786524241.7523587,14.928402226484648,0.0,6.865534596817781,0.0,0.08230990331852626,-0.725,0.1,1.0,reacquire:road,0
1786524241.819434,15.000763333422013,0.0,6.949705754642537,0.0,0.07159655082309903,-0.55,0.12,1.0,avoid:white,0
1786524241.889024,14.970147259838312,0.0,5.20633807369096,0.0,0.0714659001829109,-0.55,0.12,1.0,avoid:white,0
1786524241.9540133,14.860820954029574,0.0,6.342197340474556,0.0,0.10726417559446041,-0.55,0.12,1.0,avoid:white,0
1786524242.0206711,14.91664251273642,0.0,6.402727860374803,0.0,0.04703423046772929,-0.55,0.12,1.0,avoid:white,0
1786524242.093275,14.92397300084188,0.0,6.252359867023635,0.0,0.08727462764567546,-0.725,0.1,1.0,reacquire:road,0
1786524242.164051,14.753340598773676,0.0,6.640814479637918,0.0,0.08897308596812124,-0.725,0.1,1.0,reacquire:road,0
1786524242.2287912,14.588387726796316,0.0,6.863385354141556,0.0,0.16409720407629996,-0.725,0.1,1.0,reacquire:road,0
1786524242.290539,14.788116229013262,0.0,7.330260411856884,0.0,0.15874052782858636,-0.725,0.1,1.0,reacquire:road,0
1786524242.3621368,15.082449042912227,0.0,5.681524090042377,0.0,0.21073948262346487,-0.725,0.1,1.0,reacquire:road,0
1786524242.4310787,14.824375420742236,0.0,5.550374834808956,0.0,0.17716226809511368,-0.725,0.1,1.0,reacquire:road,0
1786524242.4990513,14.801406399873017,0.0,4.515059565922442,0.0,0.18761431931016462,-0.55,0.12,1.0,avoid:white,0
1786524242.5690536,14.773355656948821,0.0,6.1688948684575,0.0,0.14489155996864383,-0.55,0.12,1.0,avoid:white,0
1786524242.6373394,14.636379928824244,0.0,11.523908523908233,0.0,0.16788607264175595,-0.55,0.12,1.0,avoid:white,0
1786524242.7042077,14.672594890352014,0.0,6.037958232605391,0.0,0.1567807682257643,-0.55,0.12,1.0,avoid:white,0
1786524242.77665,14.755501985412028,0.0,6.300695054273561,0.0,0.1772929187353018,-0.725,0.1,1.0,reacquire:road,0
1786524242.8439176,14.503698689999059,0.0,6.259583727291002,0.0,0.15259994773974392,-0.725,0.1,1.0,reacquire:road,0
1786524242.915791,14.59869486643278,0.0,6.9638561518644195,0.0,0.13600731643585054,-0.725,0.1,1.0,reacquire:road,0
1786524242.9892113,14.504904356712926,0.0,13.00336995094574,0.0,0.12790697674418605,-0.725,0.1,1.0,reacquire:road,0
1786524243.0580964,14.323750624015481,0.0,5.757851018114437,0.0,0.1503788868565456,-0.725,0.1,1.0,reacquire:road,0
1786524243.123333,14.366623513334474,0.0,0.0,0.0,0.11249020120198588,-0.725,0.1,1.0,reacquire:road,0
1786524243.1871157,14.552080909794995,0.0,223.0,0.0,0.12581656650117587,-0.55,0.12,1.0,avoid:white,0
1786524243.2574282,14.77924200046148,0.0,0.0,0.0,0.13208779723020642,-0.55,0.12,1.0,avoid:white,0
1786524243.3267722,14.646207252861378,0.0,223.0,0.0,0.13365560491246406,-0.55,0.12,1.0,avoid:white,0
1786524243.389555,14.60041041136595,0.0,223.0,0.0,0.16644891559968644,-0.55,0.12,1.0,avoid:white,0
1786524243.465516,14.881841133539734,0.0,113.09308300389819,0.0,0.1659263130389339,-0.725,0.1,1.0,reacquire:road,0
1786524243.5547264,14.547326439727078,0.0,0.0,0.0,0.14240919780506925,-0.725,0.1,1.0,reacquire:road,0
1786524243.628124,13.866398777250604,0.0,145.79063628405663,0.0,0.1485497778939117,-0.725,0.1,1.0,reacquire:road,0
1786524243.7030218,13.822414727846798,0.0,141.24491705342257,0.0,0.2974915077083878,-0.725,0.1,1.0,reacquire:road,0
1786524243.7837327,13.74667106254362,0.0,144.12643418821088,0.0,0.21426704990854456,-0.725,0.1,1.0,reacquire:road,0
1786524243.855429,13.459356412941185,0.0,147.81114569715197,0.0,0.10073164358505357,-0.725,0.1,1.0,reacquire:road,0
1786524243.9373977,13.5548261590601,0.0,152.8576106283641,0.0,0.17389600209041026,-0.55,0.12,1.0,avoid:white,0
1786524244.016799,13.292972851083261,0.0,147.0405012625609,0.0,0.15246929709955578,-0.55,0.12,1.0,avoid:white,0
1786524244.0879917,13.160687932737567,0.0,153.13340525924772,0.0,0.11209824928142148,-0.55,0.12,1.0,avoid:white,0
1786524244.1685164,13.341708510938307,0.0,153.88532971296104,0.0,0.09054089365037889,-0.725,0.1,1.0,reacquire:road,0
1786524244.2450387,13.13348412484505,0.0,153.8724127841208,0.0,0.06571727201463287,-0.725,0.1,1.0,reacquire:road,0
1786524244.3231068,13.08364793400358,0.0,152.70880963862766,0.0,0.03984844525738176,-0.725,0.1,1.0,reacquire:road,0
1786524244.4008772,13.076870884449141,0.0,161.97589208421073,0.0,0.019336294747844266,-0.725,0.1,1.0,reacquire:road,0
1786524244.4770122,12.965662387157519,0.0,159.64135597913037,0.0,0.003266266004703423,-0.725,0.1,1.0,reacquire:road,0
1786524244.5544066,13.071432375415451,0.0,165.70055317816465,0.0,0.0,-0.725,0.1,1.0,reacquire:road,0
1786524244.6366746,13.057386914068688,0.0,164.2305178899481,0.0,0.0,-0.55,0.12,1.0,avoid:white,0
1786524244.7164283,12.844169814066003,0.0,165.06338028168977,0.0,0.0,-0.55,0.12,1.0,avoid:white,0
1786524244.7890043,12.806584783770216,0.0,160.26785393986395,0.0,0.0,-0.55,0.12,1.0,avoid:white,0
1786524244.8685486,12.942699129255953,0.0,159.47907389079919,0.0,0.0,-0.725,0.1,1.0,reacquire:road,0
1786524244.9619954,12.912262067070447,0.0,157.79714023484814,0.0,0.0,-0.725,0.1,1.0,reacquire:road,0
1786524245.0416057,12.453439121581146,0.0,156.63779558216567,0.0,0.0,-0.725,0.1,1.0,reacquire:road,0
1786524245.1197045,12.475577484575595,0.0,155.93187440514052,0.0,0.0,-0.725,0.1,1.0,reacquire:road,0
1786524245.2031312,12.573591410856455,0.0,157.46849766496925,0.0,0.0,-0.725,0.1,1.0,reacquire:road,0
1786524245.2872717,12.45845673375388,0.0,154.41651586255145,0.0,0.0,-0.55,0.12,1.0,avoid:white,0
1786524245.3700137,12.303741333585279,0.0,154.68200786555178,0.0,0.0,-0.55,0.12,1.0,avoid:white,0
1786524245.4521306,12.295867492889023,0.0,158.34911425072127,0.0,0.0,-0.55,0.12,1.0,avoid:white,0
1786524245.5337744,12.275123110492101,0.0,159.56225272156158,0.0,0.0,-0.725,0.1,1.0,reacquire:road,0
1786524245.6160107,12.274561149461165,0.0,160.40644400709274,0.0,0.0,-0.725,0.1,1.0,reacquire:road,0
1786524245.7020779,12.226068669904326,0.0,159.71860905808222,0.0,0.0,-0.725,0.1,1.0,reacquire:road,0
1786524245.788338,12.090201010760744,0.0,162.77859363846395,0.0,0.0,-0.725,0.1,1.0,reacquire:road,0
1786524245.880085,12.036478944861283,0.0,162.84633190976064,0.0,0.0,-0.725,0.1,1.0,reacquire:road,0
1786524245.969167,11.769724302046008,0.0,166.33367679854223,0.0,0.0,-0.55,0.12,1.0,avoid:white,0
1786524246.0433986,11.700524655919116,0.0,169.46408762261052,0.0,0.0,-0.55,0.12,1.0,avoid:white,0
1786524246.1300619,12.045455256485166,0.0,162.89959283033718,0.0,0.0,-0.55,0.12,1.0,avoid:white,0
1786524246.206485,11.915088199063074,0.4798387096774194,117.33701717912272,0.0,0.0,-0.4,0.15318548387096775,1.0,follow,0
1786524246.3034878,12.198961778134167,0.0,158.42168716088517,0.0,0.0,-0.4,0.0,1.0,slow:lane_dropout,0
1786524246.3867366,11.80764155830364,0.4495967741935484,118.47254033669014,0.0,0.0,-0.25,0.06346193229983328,1.0,follow,0
1786524246.461507,11.86432620130508,0.42892857142857144,116.80975449015834,0.0,0.0,-0.10000000000000002,0.11722063859961054,1.0,follow,0
1786524246.5350168,12.156556713645779,0.36511520737327186,120.30975449015834,0.0,0.0,0.049999999999999975,0.1428603686635945,1.0,follow,0
1786524246.6116998,12.427062790310568,0.33197004608294933,123.80975449015834,0.0,0.0,-0.15000000000000002,0.12,1.0,avoid:white,0
1786524246.6917272,12.563358138875252,0.5704723502304148,120.30975449015834,0.0,0.0,-0.35000000000000003,0.12,1.0,avoid:white,0
1786524246.7718487,12.550449064902903,0.655241935483871,116.80975449015834,0.0,0.0,-0.55,0.12,1.0,avoid:white,0
1786524246.8504646,12.553716710047546,0.43845622119815675,113.30975449015834,0.0,0.0,-0.4,0.14946105990783412,1.0,follow,0
1786524246.9360256,12.582750661576384,0.685483870967742,110.4227661414267,0.0,0.0,-0.25,0.1716935483870968,1.0,follow,0
1786524247.0210366,12.395161110992369,0.7278225806451613,108.93567345788176,0.0,0.0,-0.10000000000000002,0.17550403225806452,1.0,follow,0
1786524247.113557,12.242143842519866,0.7338709677419355,107.7206187212603,0.0,0.0,0.049999999999999975,0.1760483870967742,1.0,follow,0
1786524247.2010155,11.947154618718693,0.6733870967741936,110.02945314861086,0.0,0.0,0.11018383448875667,0.17060483870967744,1.0,follow,0
1786524247.2814555,11.878546970824745,0.6975806451612904,110.76886488409382,0.0,0.0,0.056857550320308585,0.17278225806451616,1.0,follow,0
1786524247.3669286,11.95950962033379,0.7157258064516129,110.98754502804994,0.0,0.0,0.02323325059786642,0.17441532258064518,1.0,follow,0
1786524247.4477289,11.944750253471753,0.6431451612903225,110.71256038450446,0.0,0.0,-0.01521977852264043,0.16788306451612903,1.0,follow,0
1786524247.5318964,12.024951704182946,0.7217741935483871,110.82922951585772,0.0,0.0,0.1847802214773596,0.12,1.0,avoid:white,0
1786524247.6173573,12.004441753356755,0.6491935483870968,113.23624162899202,0.0,0.0,0.38478022147735963,0.12,1.0,avoid:white,0
1786524247.6975977,11.906591986894188,0.6915322580645161,114.60709602372118,0.0,0.0,0.55,0.12,1.0,avoid:white,0
1786524247.7929072,12.041999719899803,0.6975806451612904,115.19592452204586,0.0,0.0,0.4,0.17165440865039272,1.0,follow,0
1786524247.8834655,11.668396944038776,0.6975806451612904,115.52839710156984,0.0,0.0,0.25,0.17278225806451616,1.0,follow,0
1786524247.9642286,11.620791682070227,0.6975806451612904,115.71193004649443,0.0,0.0,0.10000000000000002,0.17278225806451616,1.0,follow,0
1786524248.0645385,11.78922057818459,0.6975806451612904,115.97287269308495,0.0,0.0,-0.04599545848703937,0.17278225806451616,1.0,follow,0
1786524248.1482122,11.4242256215427,0.6975806451612904,116.0755582713746,0.0,0.0,-0.044653217836504985,0.17278225806451616,1.0,follow,0
1786524248.2311404,11.529100647637607,0.6975806451612904,116.11429189391127,0.0,0.0,0.155346782163495,0.12,1.0,avoid:white,0
1786524248.3170848,11.62231545353188,0.6975806451612904,116.28459199725938,0.0,0.0,0.355346782163495,0.12,1.0,avoid:white,0
1786524248.4087954,11.624690440109218,0.6975806451612904,116.30142426508267,0.0,0.0,0.55,0.12,1.0,avoid:white,0
1786524248.4954898,11.454114953065927,0.6975806451612904,116.28869790348314,0.0,0.0,0.4,0.17278225806451616,1.0,follow,0
1786524248.581161,11.462443329568993,0.6975806451612904,116.31153995617117,0.0,0.0,0.25,0.17278225806451616,1.0,follow,0
1786524248.665013,11.55500672195502,0.6975806451612904,116.3267132905353,0.0,0.0,0.10000000000000002,0.17278225806451616,1.0,follow,0
1786524248.7475054,11.590543816850232,0.6975806451612904,116.34609270605499,0.0,0.0,-0.03816097489373735,0.17278225806451616,1.0,follow,0
1786524248.8320892,11.714314328175906,0.6975806451612904,116.35349664896663,0.0,0.0,-0.037213933206155694,0.17278225806451616,1.0,follow,0
1786524248.9173234,11.753149938899812,0.6975806451612904,116.23874409952262,0.0,0.0,0.16278606679384433,0.12,1.0,avoid:white,0
1786524248.9998682,11.748596755277124,0.6975806451612904,116.22188219739675,0.0,0.0,0.3627860667938443,0.12,1.0,avoid:white,0
1786524249.0860887,11.831134631961563,0.6975806451612904,116.29290076029012,0.0,0.0,0.55,0.12,1.0,avoid:white,0
1786524249.1826441,11.771112342719759,0.6975806451612904,116.281318384541,0.0,0.0,0.4,0.17278225806451616,1.0,follow,0
1786524249.268587,11.475163977601763,0.6975806451612904,116.30476585308688,0.0,0.0,0.25,0.17278225806451616,1.0,follow,0
1786524249.3793802,11.499949178419314,0.6975806451612904,116.36583686801114,0.0,0.0,0.10000000000000002,0.17278225806451616,1.0,follow,1
1786524249.472306,11.026193642223651,0.6975806451612904,116.43525823669884,0.0,0.0,-0.03678393042010514,0.17278225806451616,1.0,follow,1
1786524249.5545473,10.947497442616072,0.6975806451612904,116.3791458590764,0.0,0.0,-0.03913060693073403,0.17278225806451616,1.0,follow,1
1786524249.6378183,11.226800224412054,0.6975806451612904,116.36365999185995,0.0,0.0,0.16086939306926595,0.12,1.0,avoid:white,1
1786524249.7217565,11.333774509090585,0.6975806451612904,116.30445954966903,0.0,0.0,0.3608693930692659,0.12,1.0,avoid:white,1
1786524249.807236,11.454756002132138,0.6975806451612904,116.36425206569002,0.0,0.0,0.55,0.12,1.0,avoid:white,1
1786524249.892165,11.504745626996081,0.6975806451612904,116.29065316244359,0.0,0.0,0.4,0.17278225806451616,1.0,follow,1
1786524249.979878,11.58200496789728,0.6975806451612904,116.36951320696495,0.0,0.0,0.25,0.17278225806451616,1.0,follow,1
1786524250.0681415,11.559366246103767,0.6975806451612904,116.45694188067475,0.0,0.0,0.10000000000000002,0.17278225806451616,1.0,follow,1
1786524250.1554472,11.504105288358954,0.6975806451612904,116.49033261059881,0.0,0.0,-0.040986069209168266,0.17278225806451616,1.0,follow,1
1786524250.249542,11.506926593349508,0.7036290322580645,116.6712961256415,0.0,0.0,-0.040081868878898426,0.17332661290322582,1.0,follow,1
1786524250.3366804,11.324817802849845,0.7096774193548387,116.74999007340655,0.0,0.0,0.1599181311211016,0.12,1.0,avoid:white,1
1786524250.4233732,11.328442424291968,0.7036290322580645,116.73616317388498,0.0,0.0,0.3599181311211016,0.12,1.0,avoid:white,1
1786524250.5076723,11.40197779714035,0.625,118.90054769664053,0.0,0.0,0.55,0.12,1.0,avoid:white,1
1786524250.603528,11.469312888384986,0.6370967741935484,120.19529409144143,0.0,0.0,0.4,0.16733870967741937,1.0,follow,1
1786524250.6911087,11.277022709271641,0.6370967741935484,120.51586368180698,0.0,0.0,0.25,0.16733870967741937,1.0,follow,1
1786524250.788364,11.269746041747059,0.5431336405529954,120.76956090836536,0.0,0.0,0.10000000000000002,0.1588820276497696,1.0,follow,1
1786524250.8764026,11.109420676856113,0.6310483870967742,119.90749744342531,0.0,0.0,-0.049999999999999975,0.1667943548387097,1.0,follow,1
1786524250.9574,11.156370031872097,0.6008064516129032,119.14560175189672,0.0,0.0,-0.07848326530631894,0.16407258064516128,1.0,follow,1
1786524251.0357418,11.378787024516786,0.402741935483871,122.64560175189672,0.0,0.0,0.12151673469368107,0.12,1.0,avoid:white,1
1786524251.1219919,11.663817539244237,0.6733870967741936,119.23906857290302,0.0,0.0,0.32151673469368103,0.12,1.0,avoid:white,1
1786524251.2038002,11.650321383179406,0.34221198156682026,122.73906857290302,0.0,0.0,0.5215167346936811,0.12,1.0,avoid:white,1
1786524251.2852144,11.77758943174295,0.3322119815668203,126.23906857290302,0.0,0.0,0.37151673469368107,0.13989907834101384,1.0,follow,1
1786524251.371056,11.860763946328255,0.655241935483871,122.73906857290302,0.0,0.0,0.2215167346936811,0.16897177419354842,1.0,follow,1
1786524251.452166,11.834305297675197,0.6431451612903225,119.23906857290302,0.0,0.0,0.07151673469368111,0.16788306451612903,1.0,follow,1
1786524251.5343728,11.932783205569999,0.6370967741935484,115.73906857290302,0.0,0.0,-0.07848326530631888,0.16733870967741937,1.0,follow,1
1786524251.6229734,11.934803624591838,0.5441820276497695,112.65001516489082,0.0,0.0,-0.1949518914000669,0.15897638248847926,1.0,follow,1
1786524251.7122872,11.79834634854455,0.625,110.51797067486804,0.0,0.0,0.005048108599933106,0.12,1.0,avoid:white,1
1786524251.792039,11.709986538254128,0.6431451612903225,107.17196532312283,0.0,0.0,0.2050481085999331,0.12,1.0,avoid:white,1
1786524251.877502,11.886392335386487,0.6008064516129032,107.43815630896404,0.0,0.0,0.4050481085999331,0.12,1.0,avoid:white,1
1786524251.969718,11.832788094526698,0.6491935483870968,104.85149744339495,0.0,0.0,0.25504810859993315,0.16842741935483874,1.0,follow,1
1786524252.063841,11.642731615538434,0.5826612903225806,104.60197579073606,0.0,0.0,0.10504810859993316,0.1624395161290323,1.0,follow,1
1786524252.148136,11.41475063543014,0.6431451612903225,102.71630722609076,0.0,0.0,-0.044951891400066835,0.16788306451612903,1.0,follow,1
1786524252.2349436,11.548998105408494,0.4675576036866359,100.56797277046378,0.0,0.0,-0.19495189140006683,0.15208018433179726,1.0,follow,1
1786524252.3117187,11.492631225744535,0.46184331797235023,98.59411795665173,0.0,0.0,-0.3449518914000668,0.15156589861751155,1.0,follow,1
1786524252.3938975,11.851726803462093,0.625,98.2291439069725,0.0,0.0,-0.4055455079294541,0.16625,1.0,follow,1
1786524252.4682143,11.895908570775097,0.3742165898617511,98.00709026413139,0.0,0.0,-0.40138964173248665,0.14367949308755762,1.0,follow,1
1786524252.5521307,12.237558016134434,0.5114170506912443,96.00414944081417,0.0,0.0,-0.45146026045776083,0.156027534562212,1.0,follow,1
1786524252.6285384,12.150035822682653,0.5524193548387096,94.18035114428619,0.0,0.0,-0.4752641180809202,0.15971774193548388,1.0,follow,1
1786524252.706173,12.372812669430328,0.5826612903225806,94.33881907764595,0.0,0.0,-0.4525391796057511,0.1624395161290323,1.0,follow,1
1786524252.7873764,12.467919988202588,0.5766129032258065,93.99717429767092,0.0,0.0,-0.4695909653010163,0.1618951612903226,1.0,follow,1
1786524252.8631334,12.429398104002562,0.352926267281106,97.49717429767092,0.0,0.0,-0.31959096530101627,0.14176336405529955,1.0,follow,1
1786524252.942496,12.57097577980299,0.564516129032258,95.83928266939323,0.0,0.0,-0.4575801407199731,0.16080645161290322,1.0,follow,1
1786524253.0277047,12.605713930289166,0.5463709677419355,94.2989249830939,0.0,0.0,-0.4609455158439463,0.21180817836314947,1.0,follow,1
1786524253.1097007,12.428838998499662,0.5282258064516129,91.9794416988825,0.0,0.0,-0.4880707208092889,0.15754032258064518,1.0,follow,1
1786524253.1900659,12.359199590318479,0.4911290322580645,92.5541940565056,0.0,0.0,-0.43553749213892357,0.21134541028059295,1.0,follow,1
1786524253.2711668,12.398954859572928,0.3254032258064516,91.29389132026523,0.0,0.0,-0.4694307306576864,0.24538162165585128,1.0,follow,1
1786524253.3610466,12.325551962447264,0.4547926267281106,92.04384225932769,0.0,0.0,-0.4356028502870523,0.299404495755825,1.0,follow,1
1786524253.438318,12.13111308507259,0.0,90.83476059044766,0.0,0.0,-0.4356028502870523,0.049404495755825006,1.0,slow:lane_dropout,1
1786524253.5158484,12.299474100888053,0.0,83.19782732990292,0.0,0.0,-0.4356028502870523,0.0,1.0,slow:lane_dropout,1
1786524253.6000845,12.391086981282939,0.0,85.43795355587804,0.0,0.0,-0.4356028502870523,0.0,1.0,slow:lane_dropout,1
1786524253.6810691,12.30275184640352,0.0,109.11904761904866,0.0,0.0,-0.6356028502870523,0.1,1.0,reacquire:road,1
1786524253.7577605,12.308121476368639,0.0,95.48665551839326,0.0,0.0,-0.725,0.1,1.0,reacquire:road,1
1786524253.8352249,12.470508996283012,0.0,111.1883835005554,0.0,0.0,-0.725,0.1,1.0,reacquire:road,1
1786524253.917629,12.540291567986369,0.0,80.6253204358654,0.0,0.0,-0.725,0.1,1.0,reacquire:road,1
1786524253.9942505,12.467096908035973,0.0,77.78379099095633,0.0,0.0,-0.725,0.1,1.0,reacquire:road,1
1786524254.071372,12.543861640410325,0.0,84.46648351648625,0.0,0.0,-0.725,0.1,1.0,reacquire:road,1
1786524254.1493425,12.678748949420322,0.0,94.81912681912684,0.0,0.0,-0.725,0.1,1.0,reacquire:road,1
1786524254.2259421,12.696967511712986,0.0,91.438012911697,0.0,0.0,-0.725,0.1,1.0,reacquire:road,1
1786524254.300836,12.770049743566409,0.0,82.26778093883325,0.0,0.0,-0.725,0.1,1.0,reacquire:road,1
1786524254.3870227,12.880530851275083,0.3286866359447005,102.4503052502973,0.0,0.0,-0.575,0.13958179723502304,1.0,follow,1
1786524254.469423,12.640273298963777,0.5374654377880184,98.9503052502973,0.0,0.0,-0.5445732257852791,0.15837188940092167,1.0,follow,1
1786524254.5533125,12.527626671953582,0.457315668202765,95.4503052502973,0.0,0.0,-0.4998316230254761,0.15115841013824888,1.0,follow,1
1786524254.6404042,12.408984298626407,0.46622119815668206,91.9503052502973,0.0,0.0,-0.4920848564310321,0.2056227479883439,1.0,follow,1
1786524254.7326994,12.23254197521349,0.47122119815668206,88.68969807942597,0.0,0.0,-0.5213457447276554,0.2620132067886409,1.0,follow,1
1786524254.8218696,11.944144769333306,0.4683640552995392,88.34441754396441,0.0,0.0,-0.49882075988803815,0.3222510669382138,1.0,follow,1
1786524254.9006786,11.80457880225833,0.45550691244239633,89.07989002952746,0.0,0.0,-0.4902265700828545,0.3800477766886508,1.0,follow,1
1786524254.9833503,11.97086719410374,0.44907834101382493,90.74338613250393,0.0,0.0,-0.46457566638008485,0.18837693257974888,1.0,follow,1
1786524255.0689046,12.007423635520006,0.268352534562212,87.24338613250393,0.0,0.0,-0.6145756663800849,0.13415172811059908,1.0,follow,1
1786524255.15163,11.936244999358285,0.278352534562212,83.74338613250393,0.0,0.0,-0.7645756663800849,0.1350517281105991,1.0,follow,1
1786524255.2306092,11.861063254211112,0.4408870967741936,83.99924747277385,0.0,0.0,-0.6145756663800849,0.14967983870967744,1.0,follow,1
1786524255.311383,12.143343764385408,0.3710253456221198,80.49924747277385,0.0,0.0,-0.7388651030787818,0.14339228110599078,1.0,follow,1
1786524255.3874145,12.199486291960204,0.3599769585253456,76.99924747277385,0.0,0.0,-0.82,0.14239792626728112,1.0,follow,1
1786524255.471839,12.390012463618127,0.40135944700460824,80.49924747277385,0.0,0.0,-0.6981359384491982,0.14612235023041475,1.0,follow,1
1786524255.5482545,12.270138503006658,0.4003110599078341,83.99924747277385,0.0,0.0,-0.6081768323512521,0.20125081258083638,1.0,follow,1
1786524255.6260355,12.436838179805145,0.3782142857142857,82.52724969591021,0.0,0.0,-0.7075957858587991,0.14403928571428573,1.0,follow,1
1786524255.7022278,12.493998834723154,0.31087557603686633,85.53974734338209,0.0,0.0,-0.6159826367173297,0.18680085979765443,1.0,follow,1
1786524255.7754624,12.651188585756458,0.2894470046082949,89.03974734338209,0.0,0.0,-0.4659826367173297,0.13605023041474656,1.0,follow,1
1786524255.8555193,12.862440575197937,0.28544930875576036,85.53974734338209,0.0,0.0005226025607525476,-0.6159826367173297,0.13569043778801845,1.0,follow,1
1786524255.9326935,12.783763506927968,0.39488479262672815,82.03974734338209,0.0,0.003004964724327149,-0.7631285680647965,0.14553963133640554,1.0,follow,1
1786524256.0108528,12.808920336269018,0.32940092165898616,85.53974734338209,0.0,0.004703423046772929,-0.6131285680647964,0.13964608294930878,1.0,follow,1
1786524256.0920587,12.808733919038705,0.3008755760368663,89.03974734338209,0.0,0.006663182649594983,-0.46312856806479646,0.13707880184331797,1.0,follow,1
1786524256.1763139,12.724527887625309,0.2759216589861751,90.77655217636327,0.0,0.007969689051476353,-0.5619347328128148,0.18955018899380802,1.0,follow,1
1786524256.2601252,12.551543431962449,0.2812557603686636,94.27655217636327,0.0,0.006401881369218709,-0.4119347328128148,0.13531301843317975,1.0,follow,1
1786524256.3401833,12.407687476252924,0.4330299539170507,90.77655217636327,0.0,0.005487326887901751,-0.5619347328128148,0.14897269585253456,1.0,follow,1
1786524256.4144778,12.447029734740742,0.0,126.7850877193025,0.0,0.005226025607525477,-0.5619347328128148,0.0,1.0,slow:lane_dropout,1
1786524256.4947033,12.64893533254864,0.0,144.43936779166881,0.0,0.008884243532793311,-0.5619347328128148,0.0,1.0,slow:lane_dropout,1
1786524256.5715911,12.610681041066082,0.21558755760368664,92.83359498703308,0.0,0.006924483929971257,-0.5326552151648472,0.052176716799795034,1.0,follow,1
1786524256.6513453,12.656185408151327,0.34316820276497695,96.33359498703308,0.0,0.00810033969166449,-0.4279105973002892,0.10280685609991452,1.0,follow,1
1786524256.72845,12.583051464118974,0.36388248847926263,92.83359498703308,0.0,0.006532532009406846,-0.5779105973002892,0.14274942396313364,1.0,follow,1
1786524256.8080053,12.752393224393948,0.3785483870967742,89.33359498703308,0.0,0.00810033969166449,-0.6830523724584494,0.1440693548387097,1.0,follow,1
1786524256.8878922,12.705495795970204,0.37140552995391707,86.89099161154724,0.0,0.008230990331852626,-0.6818379880848197,0.14342649769585256,1.0,follow,1
1786524256.9700253,12.679576501813067,0.31263824884792624,90.39099161154724,0.0,0.007055134570159394,-0.5334459120879145,0.13813744239631337,1.0,follow,1
1786524257.0449593,12.566592012475608,0.29516129032258065,93.89099161154724,0.0,0.008884243532793311,-0.46696640131078165,0.13656451612903228,1.0,follow,1
1786524257.1243193,12.684868797062023,0.0,123.84125266037991,0.0,0.009014894172981448,-0.46696640131078165,0.0,1.0,slow:lane_dropout,1
1786524257.201816,12.707244168549016,0.4030760368663595,90.39099161154724,0.0,0.009014894172981448,-0.6169664013107816,0.05079416419998779,1.0,follow,1
1786524257.2891693,12.737489011157823,0.6491935483870968,86.89099161154724,0.0,0.009145544813169584,-0.46696640131078165,0.10134450819978155,1.0,follow,1
1786524257.3762205,12.479306338787802,0.6491935483870968,83.39099161154724,0.0,0.007969689051476353,-0.3169664013107817,0.1581300499997269,1.0,follow,1
1786524257.463167,12.292623139422195,0.6491935483870968,79.89099161154724,0.0,0.008230990331852626,-0.16696640131078166,0.16842741935483874,1.0,follow,1
1786524257.5621228,12.11492312633315,0.6431451612903225,76.39099161154724,0.0,0.00810033969166449,-0.016966401310781684,0.16788306451612903,1.0,follow,1
1786524257.6531856,11.724184535015542,0.6491935483870968,72.89099161154724,0.0,0.008622942252417037,-0.055062620072250136,0.16842741935483874,1.0,follow,1
1786524257.740173,11.540734938673147,0.6431451612903225,69.39099161154724,0.0,0.0084922916122289,-0.08179177238868657,0.16788306451612903,1.0,follow,1
1786524257.8277695,11.544911371077978,0.2907834101382488,72.89099161154724,0.0,0.007969689051476353,-0.23179177238868656,0.13617050691244242,1.0,follow,1
1786524257.9095926,11.542473135967997,0.3257373271889401,73.53727580445586,0.0,0.0084922916122289,-0.38179177238868656,0.13931635944700463,1.0,follow,1
1786524257.9935856,11.691464945693411,0.3892165898617511,70.03727580445586,0.0,0.0073164358505356675,-0.5317917723886866,0.1450294930875576,1.0,follow,1
1786524258.0665138,11.733712843985579,0.36502304147465436,73.53727580445586,0.0,0.006924483929971257,-0.6817917723886866,0.14285207373271888,1.0,follow,1
1786524258.149409,12.050394985791879,0.34611751152073733,77.03727580445586,0.0,0.005879278808466161,-0.82,0.14115057603686637,1.0,follow,1
1786524258.2249784,12.118675449509738,0.3400691244239631,80.53727580445586,0.0,0.00509537496733734,-0.8106881207791122,0.1936046296365157,1.0,follow,1
1786524258.300182,12.341276355903615,0.33649769585253453,80.44476788179792,0.0,0.005748628168278025,-0.82,0.1402847926267281,1.0,follow,1
1786524258.384615,12.532861183129551,0.3314976958525345,76.94476788179792,0.0,0.006271230729030572,-0.82,0.13983479262672813,1.0,follow,1
1786524258.4627109,12.364517165763528,0.27806451612903227,80.44476788179792,0.0,0.006009929448654298,-0.7423109088851401,0.1350258064516129,1.0,follow,1
1786524258.5348961,12.484596036024367,0.26344470046082946,83.94476788179792,0.0,0.0056179775280898875,-0.5923109088851402,0.13371002304147467,1.0,follow,1
1786524258.6120093,12.707781400525047,0.45836405529953916,87.29742062756316,0.0,0.005748628168278025,-0.711385136682272,0.15125276497695853,1.0,follow,1
1786524258.6846867,12.800683739042508,0.2907834101382488,86.48443746626735,0.0,0.0056179775280898875,-0.7503309662815421,0.13617050691244242,1.0,follow,1
1786524258.7642305,12.94052355677801,0.3072119815668203,84.2122926201008,0.0,0.006532532009406846,-0.778873164669039,0.13764907834101384,1.0,follow,1
1786524258.840838,12.906465342620953,0.3478341013824885,81.4235864705295,0.0,0.006271230729030572,-0.8114132120249944,0.14130506912442398,1.0,follow,1
1786524258.9165273,12.931484431126416,0.3835483870967742,78.62923166082079,0.0,0.006663182649594983,-0.82,0.14451935483870967,1.0,follow,1
1786524258.9958942,12.992864682821772,0.37464285714285717,79.53134801102156,0.0,0.0077083877711000785,-0.7902712282454591,0.14371785714285715,1.0,follow,1
1786524259.0698788,12.91773593061885,0.31763824884792624,83.03134801102156,0.0,0.0077083877711000785,-0.6402712282454591,0.13858744239631338,1.0,follow,1
1786524259.1451752,13.003820268326539,0.29230414746543776,86.53134801102156,0.0,0.006140580088842436,-0.4902712282454591,0.1363073732718894,1.0,follow,1
1786524259.226136,13.063506260929252,0.0,81.20956065672391,0.0,0.0056179775280898875,-0.4902712282454591,0.0,1.0,slow:lane_dropout,1
1786524259.2939427,12.952354030438158,0.0,147.9057017543547,0.0,0.004050169845832245,-0.4902712282454591,0.0,1.0,slow:lane_dropout,1
1786524259.370071,13.297094783910229,0.25725806451612904,90.03134801102156,0.48048469387755105,0.0018291089626339169,-0.6023359402149535,0.04428982284994163,1.0,follow,1
1786524259.4592576,13.277783851870986,0.0,153.082008133766,0.0,0.0010452051215050953,-0.6023359402149535,0.0,1.0,slow:lane_dropout,1
1786524259.5350378,12.859785904830918,0.2701152073732719,86.53134801102156,0.47946428571428573,0.0005226025607525476,-0.7523359402149534,0.058099031249730614,1.0,follow,1
1786524259.609459,12.910931769515862,0.3578341013824885,90.03134801102156,0.0,0.0,-0.6023359402149535,0.10765865499975007,1.0,follow,1
1786524259.6826053,13.040815719088263,0.31292626728110595,93.53134801102156,0.48596938775510207,0.0,-0.4523359402149535,0.13816336405529955,1.0,follow,1
1786524259.7548583,13.15728310448849,0.3699769585253456,90.03134801102156,0.48367346938775513,0.0,-0.6023359402149535,0.1432979262672811,1.0,follow,1
1786524259.8279426,13.253906412505614,0.3767857142857143,90.15845702928841,0.4887755102040816,0.0,-0.6832038825246989,0.1439107142857143,1.0,follow,1
1786524259.900343,13.357024913715488,0.0,140.06898656898898,0.0,0.0,-0.6832038825246989,0.0,1.0,slow:lane_dropout,1
1786524259.9800842,13.429705445682025,0.3247350230414746,86.65845702928841,0.4911033163265306,0.0,-0.771314993795754,0.04737461689992415,1.0,follow,1
1786524260.0633094,13.280266846831188,0.2987327188940092,83.15845702928841,0.48596938775510207,0.0,-0.7931002017129267,0.09862629139970522,1.0,follow,1
1786524260.148559,13.036416901418734,0.26201612903225807,86.65845702928841,0.4923469387755102,0.0,-0.6431002017129267,0.13358145161290322,1.0,follow,1
1786524260.2388382,12.755268239002236,0.6310483870967742,83.15845702928841,0.0,0.0,-0.4931002017129267,0.1667943548387097,1.0,follow,1
1786524260.343313,12.371371663848505,0.6431451612903225,79.65845702928841,0.0,0.0,-0.3431002017129267,0.16788306451612903,1.0,follow,1
1786524260.432159,11.864524392240348,0.625,76.15845702928841,0.0,0.0,-0.19310020171292672,0.16625,1.0,follow,1
1786524260.5120156,11.745054870368982,0.26344470046082946,79.65845702928841,0.49744897959183676,0.0,-0.3431002017129267,0.13371002304147467,1.0,follow,1
1786524260.6082432,11.860101489006976,0.25453917050691244,81.25252458098903,0.5026147959183673,0.0,-0.4931002017129267,0.1329085253456221,1.0,follow,1
1786524260.697382,11.592836327663129,0.5748041474654377,77.75252458098903,0.0,0.0001306506401881369,-0.3431002017129267,0.16173237327188938,1.0,follow,1
1786524260.7852802,11.509698149729271,0.5829953917050691,74.25252458098903,0.0,0.0001306506401881369,-0.19310020171292672,0.16246958525345623,1.0,follow,1
1786524260.874929,11.472423892599087,0.5826612903225806,70.75252458098903,0.0,0.0,-0.04310020171292672,0.1624395161290323,1.0,follow,1
1786524260.959623,11.392211238285016,0.5766129032258065,67.25252458098903,0.0,0.0001306506401881369,0.009761044232985266,0.1618951612903226,1.0,follow,1
1786524261.031221,11.486040327023286,0.32216589861751155,70.75252458098903,0.0,0.0005226025607525476,-0.14023895576701473,0.13899493087557604,1.0,follow,1
1786524261.1072392,12.017141076071644,0.3036405529953917,74.25252458098903,0.49311224489795924,0.0010452051215050953,-0.29023895576701475,0.13732764976958528,1.0,follow,1
1786524261.1802063,12.244220983739094,0.29830645161290326,77.75252458098903,0.4889030612244898,0.0013065064018813691,-0.4402389557670147,0.1368475806451613,1.0,follow,1
1786524261.2555683,12.533847844366058,0.33716589861751156,81.25252458098903,0.49955357142857143,0.0014371570420695062,-0.5902389557670147,0.14034493087557606,1.0,follow,1
1786524261.3384368,12.680729420173025,0.40316820276497695,82.40339242235653,0.5024234693877552,0.0014371570420695062,-0.7402389557670147,0.14628513824884792,1.0,follow,1
1786524261.4148588,12.560374469533585,0.37397465437788013,85.90339242235653,0.5122448979591837,0.002221060883198328,-0.7738709943650377,0.14365771889400922,1.0,follow,1
1786524261.50399,12.672664695781405,0.37326036866359447,89.40339242235653,0.5138711734693877,0.0024823621635746015,-0.7667702893643704,0.1435934331797235,1.0,follow,1
1786524261.5954857,12.37725498045315,0.31587557603686633,92.90339242235653,0.5111607142857143,0.003004964724327149,-0.6587195651951694,0.15808678412449556,1.0,follow,1
1786524261.6883779,12.088308919648739,0.28058755760368664,89.40339242235653,0.5061224489795918,0.003266266004703423,-0.7776633168920355,0.1352528801843318,1.0,follow,1
1786524261.7920668,11.816807549024674,0.6310483870967742,85.90339242235653,0.0,0.003135615364515286,-0.6276633168920355,0.1667943548387097,1.0,follow,1
1786524261.891889,11.378557953682396,0.6189516129032258,82.40339242235653,0.0,0.0037888685654559706,-0.4776633168920355,0.16570564516129035,1.0,follow,1
1786524261.975602,11.116483296220691,0.3835483870967742,85.90339242235653,0.511734693877551,0.004180820486020381,-0.5644217697216001,0.14451935483870967,1.0,follow,1
1786524262.0670192,11.261580580841892,0.3789285714285714,89.40339242235653,0.5156887755102041,0.004703423046772929,-0.5720895810022376,0.14410357142857144,1.0,follow,1
1786524262.1509533,11.218500722524205,0.37859447004608293,90.99222315016976,0.5161033163265306,0.005748628168278025,-0.7188464706138153,0.14407350230414748,1.0,follow,1
1786524262.228266,11.355378358050835,0.3646889400921659,94.49222315016976,0.5102997448979592,0.006140580088842436,-0.5842811596430199,0.14282200460829494,1.0,follow,1
1786524262.3090675,11.649670404411685,0.3375921658986175,95.25349205615865,0.5106505102040816,0.006009929448654298,-0.6475630264452827,0.1934970010578561,1.0,follow,1
1786524262.3847787,11.781773252839123,0.3030184331797235,91.75349205615865,0.5103316326530613,0.006401881369218709,-0.7367098571440289,0.13727165898617513,1.0,follow,1
1786524262.4704037,12.07873603974966,0.5210829493087558,88.25349205615865,0.5056760204081633,0.006401881369218709,-0.751318240123364,0.15689746543778804,1.0,follow,1
1786524262.5542603,12.019327377196195,0.5189400921658986,84.75349205615865,0.0,0.0073164358505356675,-0.7740377080184668,0.15670460829493088,1.0,follow,1
1786524262.6361272,11.998992070582977,0.0,5.28550922760428,0.0,0.007577737130911941,-0.7740377080184668,0.0,1.0,slow:lane_dropout,1
1786524262.7211757,12.020141713280092,0.2651612903225806,82.2728640900732,0.0,0.007577737130911941,-0.7987479195187996,0.053697971600058736,1.0,follow,1
1786524262.8051124,11.98551859623865,0.43521889400921665,85.7728640900732,0.0,0.0056179775280898875,-0.7158081043216968,0.10856406145021538,1.0,follow,1
1786524262.8930595,11.975277100401303,0.5282258064516129,83.5224193702622,0.0,0.004703423046772929,-0.8129492932830301,0.15754032258064518,1.0,follow,1
1786524262.9790597,11.85401657727616,0.38859447004608294,80.0224193702622,0.0,0.003919519205644107,-0.82,0.1449735023041475,1.0,follow,1
1786524263.0712507,11.81251430715931,0.4071658986175115,83.5224193702622,0.0,0.0023517115233864646,-0.6951467704314136,0.14664493087557604,1.0,follow,1
1786524263.1742482,11.586820746709119,0.38288018433179727,85.17143229589651,0.0,0.0027436634439508755,-0.82,0.14445921658986177,1.0,follow,1
1786524263.263458,11.237629877390052,0.3044930875576037,86.3180021385834,0.0,0.0019597596028220537,-0.8187528994748272,0.15925157011910668,1.0,follow,1
1786524263.3562386,11.1116964889567,0.41283410138248844,88.97864444791058,0.0,0.00039195192056441075,-0.7595720741130281,0.20756274831682114,1.0,follow,1
1786524263.4714346,11.16989192639345,0.6915322580645161,85.47864444791058,0.0,0.0005226025607525476,-0.6095720741130282,0.17223790322580645,1.0,follow,1
1786524263.5505412,10.66923577887536,0.40997695852534566,88.97864444791058,0.0,0.0020904102430101905,-0.6681127804130094,0.14689792626728113,1.0,follow,1
1786524263.6437964,10.99223986604584,0.32902073732718895,92.47864444791058,0.0,0.0,-0.60454029431547,0.139611866359447,1.0,follow,1
1786524263.722195,10.99779372981062,0.43135944700460827,92.56462490718499,0.0,0.0,-0.7374566960012043,0.14882235023041476,1.0,follow,1
1786524263.8045886,11.306090276295155,0.4221198156682028,89.80170112886287,0.0,0.0,-0.7608236595630471,0.14799078341013824,1.0,follow,1
1786524263.881693,11.499253284495067,0.4221198156682028,86.8379824587911,0.0,0.0,-0.7725727645802792,0.14799078341013824,1.0,follow,1
1786524263.9630034,11.788165045502277,0.4235483870967742,88.44188542415846,0.0,0.0,-0.7743902529996681,0.1481193548387097,1.0,follow,1
1786524264.0395195,11.904688574482268,0.39683179723502304,90.23272422796548,0.0,0.0,-0.7655894076274229,0.14571486175115209,1.0,follow,1
1786524264.120562,12.130646892095305,0.5342741935483871,86.73272422796548,0.0,0.0,-0.7791378169113892,0.15808467741935486,1.0,follow,1
1786524264.2079651,12.160218630084353,0.7762096774193549,83.23272422796548,0.0,0.0,-0.6291378169113891,0.17985887096774195,1.0,follow,1
1786524264.2872515,12.026389216840725,0.5826612903225806,80.54628795099016,0.0,0.0,-0.7791378169113892,0.1624395161290323,1.0,follow,1
1786524264.3650327,12.146857694881861,0.45769585253456224,78.30916470215625,0.0,0.0,-0.82,0.15119262672811062,1.0,follow,1
1786524264.446312,12.171213218847683,0.5524193548387096,80.11261009453922,0.0,0.0,-0.82,0.2041732544284551,1.0,follow,1
1786524264.5241537,12.321498965268226,0.4435483870967742,83.61261009453922,0.0,0.0,-0.7164043099646705,0.1499193548387097,1.0,follow,1
1786524264.6061704,12.364790780425416,0.4300230414746544,83.17564581061445,0.0,0.0,-0.82,0.1487020737327189,1.0,follow,1
1786524264.6826391,12.38850711633705,0.3697811059907834,86.67564581061445,0.0,0.0,-0.6931644115830666,0.1432802995391705,1.0,follow,1
1786524264.7547808,12.517528339541668,0.33911290322580645,86.62267768203488,0.0,0.0,-0.8169354583461537,0.1405201612903226,1.0,follow,1
1786524264.8282056,12.79729474444212,0.3455414746543779,90.12267768203488,0.0,0.0,-0.7406307726838429,0.14109873271889403,1.0,follow,1
1786524264.9082315,12.962553332268355,0.49193548387096775,86.62267768203488,0.0,0.0,-0.7960523126541196,0.15427419354838712,1.0,follow,1
1786524265.0044298,12.857226239947053,0.8185483870967742,83.12267768203488,0.0,0.0,-0.6460523126541196,0.18366935483870972,1.0,follow,1
1786524265.0857673,12.367661259621062,0.5463709677419355,79.62267768203488,0.0,0.0,-0.7960523126541196,0.1591733870967742,1.0,follow,1
1786524265.161102,12.349831692038475,0.5463709677419355,77.90613379745223,0.0,0.0,-0.82,0.1591733870967742,1.0,follow,1
1786524265.237747,12.549456040774395,0.4435483870967742,81.0346853090802,0.0,0.0,-0.82,0.1499193548387097,1.0,follow,1
1786524265.312276,12.639828699597242,0.5342741935483871,77.5346853090802,0.0,0.0,-0.82,0.15808467741935486,1.0,follow,1
1786524265.3866365,12.714807767444384,0.3669239631336405,77.32190609750168,0.0,0.0,-0.82,0.14302315668202767,1.0,follow,1
1786524265.4767728,12.91213077141133,0.8064516129032258,73.82190609750168,0.0,0.0,-0.7292125314734914,0.18258064516129033,1.0,follow,1
1786524265.5533943,12.53624955819099,0.4798387096774194,70.4898871469849,0.0,0.0,-0.82,0.15318548387096775,1.0,follow,1
1786524265.6299572,12.679284478632772,0.5463709677419355,67.17434171795117,0.0,0.0,-0.82,0.1591733870967742,1.0,follow,1
1786524265.7095785,12.769120624736809,0.5403225806451613,66.19449166866859,0.0,0.0,-0.82,0.15862903225806455,1.0,follow,1
1786524265.7838233,12.688594098754557,0.4435483870967742,69.69449166866859,0.0,0.0,-0.82,0.1499193548387097,1.0,follow,1
1786524265.8593323,12.847151189453157,0.4375,73.19449166866859,0.0,0.0,-0.82,0.149375,1.0,follow,1
1786524265.9359014,12.956696582534812,0.49798387096774194,69.69449166866859,0.0,0.0,-0.82,0.1548185483870968,1.0,follow,1
1786524266.0207937,12.972467489147668,0.49798387096774194,66.19449166866859,0.0,0.0,-0.82,0.1548185483870968,1.0,follow,1
1786524266.1002848,12.725272675962572,0.4798387096774194,62.69449166866859,0.0,0.0,-0.82,0.15318548387096775,1.0,follow,1
1786524266.179219,12.724908307577476,0.5342741935483871,59.19449166866859,0.0,0.0,-0.82,0.15808467741935486,1.0,follow,1
1786524266.2600708,12.706277815100194,0.49193548387096775,55.69449166866859,0.0,0.0,-0.82,0.15427419354838712,1.0,follow,1
1786524266.3400593,12.634974236450226,0.4375,59.19449166866859,0.0,0.0,-0.82,0.16505937500000006,1.0,follow,1
1786524266.4284575,12.595095289407846,0.5040322580645161,55.69449166866859,0.0,0.0,-0.82,0.15536290322580648,1.0,follow,1
1786524266.5142202,12.31936311698615,0.3837327188940092,52.19449166866859,0.0,0.0,-0.82,0.14453594470046083,1.0,follow,1
1786524266.5928955,12.22741600375165,0.4798387096774194,52.99322393959648,0.0,0.0,-0.82,0.15318548387096775,1.0,follow,1
1786524266.6682267,12.32722008143183,0.4737903225806452,53.04708004117078,0.0,0.0,-0.82,0.15264112903225807,1.0,follow,1
1786524266.7493324,12.517315561027004,0.0,70.3399895882161,0.0,0.0,-0.82,0.0,1.0,slow:lane_dropout,1
1786524266.8386505,12.465387951540652,0.0,73.2724307831621,0.0,0.0,-0.82,0.0,1.0,slow:lane_dropout,1
1786524266.9321353,12.191342527463474,0.0,76.06897183739025,0.0,0.0,-0.82,0.0,1.0,slow:lane_dropout,1
1786524267.0242193,11.898995778695845,0.0,16.36637638927141,0.0,0.0,-0.82,0.1,1.0,reacquire:road,1
1786524267.1197746,11.69773643507903,0.0,0.0,0.0,0.0,-0.725,0.1,1.0,reacquire:road,1
1786524267.2056339,11.46208402129994,0.0,27.218404639465348,0.0,0.0,-0.725,0.1,1.0,reacquire:road,1
1786524267.288032,11.490684062896111,0.0,11.975710958878949,0.0,0.0,-0.725,0.1,1.0,reacquire:road,1
1786524267.3763473,11.616213664530578,0.0,30.375679230645403,0.0,0.0,-0.725,0.1,1.0,reacquire:road,1
1786524267.4620724,11.558776169334124,0.0,23.737783142871706,0.0,0.0,-0.725,0.1,1.0,reacquire:road,1
1786524267.5583177,11.597496380258102,0.0,0.0,0.0,0.0,-0.725,0.1,1.0,reacquire:road,1
1786524267.64862,11.345564974069818,0.0,125.49265328873827,0.0,0.0,-0.725,0.1,1.0,reacquire:road,1
1786524267.7392528,11.290005458761236,0.0,2.3849802371250917,0.0,0.0,-0.725,0.1,1.0,reacquire:road,1
1786524267.8246772,11.238035910941367,0.0,0.0,0.0,0.0,-0.725,0.1,1.0,reacquire:road,1
1786524267.9164453,11.315500068338334,0.0,57.8402992775721,0.0,0.0,-0.725,0.1,1.0,reacquire:road,1
1786524267.9946067,11.258791589238257,0.0,71.39315476189705,0.0,0.0,-0.725,0.1,1.0,reacquire:road,1
1786524268.0980473,11.503607098289901,0.0,2.6588919319138142,0.0,0.0,-0.725,0.1,1.0,reacquire:road,1
1786524268.1759977,11.173154441217834,0.0,0.0,0.0,0.0,-0.725,0.1,1.0,reacquire:road,1
1786524268.2572865,11.493662819565987,0.0,0.0,0.0,0.0,-0.725,0.1,1.0,reacquire:road,1
1786524268.3359048,11.653420522121044,0.0,0.0,0.0,0.0,-0.725,0.1,1.0,reacquire:road,1
1786524268.4137676,11.829800855189683,0.0,0.0,0.0,0.0,-0.725,0.1,1.0,reacquire:road,1
1786524268.4890902,12.033993817084422,0.0,58.43525083609951,0.0,0.0,-0.725,0.1,1.0,reacquire:road,1
1786524268.562649,12.319844639977266,0.0,18.01482213436998,0.0,0.0,-0.5249999999999999,0.1,1.0,reacquire:road,1
1786524268.6388266,12.516641014082898,0.0,41.95798227377392,0.0,0.0,-0.725,0.1,1.0,reacquire:road,1
1786524268.7094817,12.686739683349945,0.0,209.56491228072082,0.0,0.0,-0.725,0.1,1.0,reacquire:road,1
1786524268.7938032,12.98850336538079,0.0,35.74109410478526,0.0,0.0,-0.5249999999999999,0.1,1.0,reacquire:road,1
1786524268.8663247,12.77602365331067,0.0,46.43642185613009,0.0,0.0,-0.32499999999999984,0.1,1.0,reacquire:road,1
1786524268.9357939,12.97201165756274,0.0,63.20176458691634,0.0,0.0,-0.12499999999999986,0.1,1.0,reacquire:road,1
1786524269.01278,13.243966333493368,0.0,35.75111071255516,0.0,0.0,0.07500000000000014,0.1,1.0,reacquire:road,1
1786524269.0907598,13.188220153303462,0.0,0.0,0.0,0.0,0.27500000000000013,0.1,1.0,reacquire:road,1
1786524269.1735263,13.13010602833139,0.0,36.91564623843112,0.0,0.0,0.47500000000000014,0.1,1.0,reacquire:road,1
1786524269.2519994,12.927099732869166,0.5705645161290323,37.19305364754872,0.0,0.0,0.3250000000000002,0.1536521667499983,1.0,follow,1
1786524269.3314579,12.864840445709637,0.5766129032258065,37.27369892362547,0.0,0.0,0.17500000000000016,0.1618951612903226,1.0,follow,1
1786524269.409073,12.808705692985281,0.5826612903225806,37.469607830193155,0.0,0.0,0.02500000000000016,0.1624395161290323,1.0,follow,1
1786524269.4908035,12.794142817045834,0.7217741935483871,37.7567125262529,0.0,0.0,-0.12499999999999983,0.17495967741935484,1.0,follow,1
1786524269.5718386,12.729287256131723,0.7217741935483871,38.08420670789231,0.0,0.0,-0.2749999999999998,0.17495967741935484,1.0,follow,1
1786524269.65624,12.640303049698824,0.7217741935483871,38.39604929935466,0.0,0.0,-0.4249999999999998,0.17495967741935484,1.0,follow,1
1786524269.7400017,12.485503420899512,0.7278225806451613,38.91177064725772,0.0,0.0,-0.5749999999999998,0.17550403225806452,1.0,follow,1
1786524269.822549,12.387584558132364,0.7278225806451613,39.61886732035163,0.0,0.0,-0.7249999999999999,0.17550403225806452,1.0,follow,1
1786524269.911461,12.330318358587686,0.6794354838709677,40.605812637367976,0.0,0.0,-0.82,0.1711491935483871,1.0,follow,1
1786524269.997441,12.106674333014535,0.685483870967742,40.53281041284891,0.0,0.0,-0.82,0.1716935483870968,1.0,follow,1
1786524270.0806909,12.020894005525031,0.7217741935483871,40.65008853789472,0.0,0.0,-0.82,0.19333044354838685,1.0,follow,1
1786524270.1632261,12.011108340221533,0.7217741935483871,40.30546623405173,0.0,0.0,-0.82,0.19333044354838716,1.0,follow,1
1786524270.2430863,12.035915531471066,0.7157258064516129,40.29117056120686,0.0,0.0,-0.82,0.192728931451613,1.0,follow,1
1786524270.3210702,12.095853320888718,0.7157258064516129,40.121047948453665,0.0,0.0,-0.82,0.17441532258064518,1.0,follow,1
1786524270.4090235,12.271240035538261,0.7217741935483871,38.56150419997373,0.0,0.0,-0.82,0.19333044354838716,1.0,follow,1
1786524270.4891193,12.091336411697874,0.7217741935483871,37.265876941114904,0.0,0.0,-0.82,0.19333044354838716,1.0,follow,1
1786524270.5679266,12.170092677286465,0.7157258064516129,36.15799341593543,0.0,0.0,-0.82,0.192728931451613,1.0,follow,1
1786524270.6458757,12.266971078543516,0.6975806451612904,35.53027647992077,0.0,0.0,-0.82,0.19092439516129042,1.0,follow,1
1786524270.7248054,12.400488860165584,0.6915322580645161,34.40882978764641,0.0,0.0,-0.82,0.1903228830645162,1.0,follow,1
1786524270.808361,12.452319336316855,0.0,33.50105333966043,0.0,0.0,-0.82,0.0,1.0,slow:lane_dropout,1
1786524270.8894856,12.298851322815029,0.0,31.551254119915,0.0,0.0,-0.82,0.0,1.0,slow:lane_dropout,1
1786524270.9679718,12.356625574242543,0.0,32.126412824774725,0.0,0.0,-0.82,0.0,1.0,slow:lane_dropout,1
1786524271.0482314,12.43278795079853,0.0,33.98730863441514,0.0,0.0,-0.82,0.12,1.0,avoid:white,1
1786524271.1231098,12.449741378371805,0.0,35.43050039366637,0.0,0.0,-0.6249999999999999,0.12,1.0,avoid:white,1
1786524271.1988196,12.620259746967495,0.0,34.94504589578367,0.0,0.0,-0.55,0.12,1.0,avoid:white,1
1786524271.2740154,12.730380885506074,0.0,35.38797446181955,0.0,0.0,-0.35000000000000003,0.1,1.0,reacquire:road,1
1786524271.350124,12.829468556034048,0.0,36.24956099511505,0.0,0.0,-0.15000000000000002,0.1,1.0,reacquire:road,1
1786524271.4281225,12.907811579456379,0.0,35.80454006548723,0.0,0.0,0.049999999999999975,0.1,1.0,reacquire:road,1
1786524271.5060105,12.90569253742329,0.0,41.637374487072016,0.0,0.0,0.24999999999999997,0.1,1.0,reacquire:road,1
1786524271.6029437,12.881375912630887,0.0,43.971489797516014,0.0,0.0,0.44999999999999996,0.1,1.0,reacquire:road,1
1786524271.6972756,12.367569144674174,0.0,42.74188041436162,0.0,0.0,0.24999999999999997,0.12,1.0,avoid:white,1
1786524271.7839906,12.018677652167007,0.0,42.217640842476264,0.0,0.0,0.049999999999999975,0.12,1.0,avoid:white,1
1786524271.881133,11.927028861535309,0.0,10.588140736191846,0.0,0.0,-0.15000000000000002,0.12,1.0,avoid:white,1
1786524271.9778013,11.586013092932042,0.0,12.868941034166227,0.0,0.0,0.049999999999999975,0.1,1.0,reacquire:road,1
1786524272.0757854,11.346203631770383,0.0,9.999066547669315,0.0,0.0,0.24999999999999997,0.1,1.0,reacquire:road,1
1786524272.172884,11.049068205626643,0.0,10.244611156745066,0.0,0.0,0.44999999999999996,0.1,1.0,reacquire:road,1
1786524272.271802,10.970964274024169,0.0,12.869036276776399,0.0,0.0,0.65,0.1,1.0,reacquire:road,1
1786524272.368399,10.797650556421335,0.0,14.58466589676192,0.0,0.0,0.725,0.1,1.0,reacquire:road,1
1786524272.454439,10.691306758278952,0.0,8.937967894281392,0.0,0.0,0.725,0.1,1.0,reacquire:road,1
1786524272.540335,10.906253326143363,0.0,9.901214821703622,0.0,0.0,0.725,0.1,1.0,reacquire:road,1
1786524272.625457,11.041266373731627,0.0,9.851282807373545,0.0,0.0,0.725,0.1,1.0,reacquire:road,1
1786524272.715914,11.168336104174857,0.0,9.938068185387655,0.0,0.0,0.725,0.1,1.0,reacquire:road,1
1786524272.7963443,11.176860713734545,0.0,38.855697922296315,0.0,0.0,0.725,0.1,1.0,reacquire:road,1
1786524272.8785257,11.399000191802113,0.0,9.85222984518829,0.0,0.0,0.725,0.1,1.0,reacquire:road,1
1786524272.9704185,11.571928836181362,0.0,9.315909092693857,0.0,0.0,0.725,0.1,1.0,reacquire:road,1
1786524273.055736,11.416663858546944,0.0,11.256920557507357,0.0,0.0,0.725,0.1,1.0,reacquire:road,1
1786524273.1460528,11.492565061972893,0.0,10.569388458856423,0.0,0.0,0.725,0.1,1.0,reacquire:road,1
1786524273.2376895,11.415750814883802,0.0,10.411442717552177,0.0,0.0,0.725,0.1,1.0,reacquire:road,1
1786524273.3279662,11.310679555392902,0.0,10.1759535002613,0.0,0.0,0.725,0.1,1.0,reacquire:road,1
1786524273.419913,11.269414910543633,0.0,7.20274642733181,0.0,0.0,0.5249999999999999,0.12,1.0,avoid:white,1
1786524273.5159297,11.140626942750652,0.0,8.388980378308204,0.0,0.00039195192056441075,0.32499999999999984,0.12,1.0,avoid:white,1
1786524273.611204,11.041036205495956,0.0,8.454298835832814,0.0,0.0036582179252678338,0.12499999999999986,0.12,1.0,avoid:white,1
1786524273.7083156,10.934564701764588,0.0,5.8034596105217275,0.0,0.0048340736869610665,0.32499999999999984,0.1,1.0,reacquire:road,1
1786524273.8084626,10.767002676196904,0.0,8.152370801320444,0.0,0.006271230729030572,0.5249999999999999,0.1,1.0,reacquire:road,1
1786524273.9010534,10.621767360827452,0.0,9.096014193000904,0.0,0.006140580088842436,0.725,0.1,1.0,reacquire:road,1
1786524273.9923854,10.676257774268292,0.0,8.51584770647149,0.0,0.005487326887901751,0.725,0.1,1.0,reacquire:road,1
1786524274.0759394,10.748711942484878,0.0,6.710872744228595,0.0,0.005356676247713614,0.725,0.1,1.0,reacquire:road,1
1786524274.1603994,10.973865667125281,0.0,4.434847157181238,0.0,0.005226025607525477,0.5249999999999999,0.12,1.0,avoid:white,1
1786524274.2453692,11.134605736611284,0.0,4.616908158743357,0.0,0.004703423046772929,0.32499999999999984,0.12,1.0,avoid:white,1
1786524274.334285,11.281155366505256,0.0,5.1679040934197005,0.0,0.004180820486020381,0.12499999999999986,0.12,1.0,avoid:white,1
1786524274.4288704,11.270985031163956,0.782258064516129,4.853039224680572,0.0,0.003527567285079697,-0.025000000000000126,0.17787911154980066,1.0,follow,1
1786524274.5187855,11.13462103448467,0.7762096774193549,4.596530452452561,0.0,0.003919519205644107,-0.17500000000000013,0.17985887096774195,1.0,follow,1
1786524274.6121044,11.137362814483273,0.7883064516129032,4.4973328858422645,0.0,0.003527567285079697,-0.3250000000000002,0.1809475806451613,1.0,follow,1
1786524274.7035174,11.029217061411853,0.7883064516129032,4.575685596767645,0.0,0.0027436634439508755,-0.47500000000000014,0.1809475806451613,1.0,follow,1
1786524274.7767637,11.00169720587285,0.0,76.37862430911184,0.0,0.0027436634439508755,-0.47500000000000014,0.0,1.0,slow:lane_dropout,1
1786524274.8514206,11.526473587553438,0.0,72.19030138667483,0.0,0.0024823621635746015,-0.47500000000000014,0.0,1.0,slow:lane_dropout,1
1786524274.9223616,11.95484630402226,0.0,57.46831003018369,0.0,0.002221060883198328,-0.47500000000000014,0.0,1.0,slow:lane_dropout,1
1786524274.995386,12.389952369830642,0.0,57.530397198817525,0.0,0.001567807682257643,-0.55,0.12,1.0,avoid:white,1
1786524275.0673394,12.653048440910881,0.0,51.00781589231315,0.0,0.0018291089626339169,-0.55,0.12,1.0,avoid:white,1
1786524275.1453006,12.90154718306298,0.0,46.096577715265994,0.0,0.0018291089626339169,-0.55,0.12,1.0,avoid:white,1
1786524275.2267723,12.87289463679117,0.0,44.18275242011492,0.0,0.0,-0.725,0.1,1.0,reacquire:road,1
1786524275.3103616,12.752384649600696,0.0,73.89515320424273,0.0,0.0,-0.725,0.1,1.0,reacquire:road,1
1786524275.3868637,12.59185543705011,0.0,29.815372670802674,0.0,0.0,-0.725,0.1,1.0,reacquire:road,1
1786524275.4632936,12.649561876177156,0.0,28.169986218352392,0.0,0.0007839038411288215,-0.725,0.1,1.0,reacquire:road,1
1786524275.5341747,12.783539825596625,0.0,22.178845645560784,0.0,0.0073164358505356675,-0.725,0.1,1.0,reacquire:road,1
1786524275.6137834,13.049635154248357,0.0,11.996070207158368,0.0,0.015155474261823882,-0.725,0.1,1.0,reacquire:road,1
1786524275.7015517,12.963203696721706,0.0,7.450348432054682,0.0,0.018552390906715444,-0.55,0.12,1.0,avoid:white,1
1786524275.796742,12.648696188489906,0.0,6.744756366929607,0.0,0.019728246668408674,-0.55,0.12,1.0,avoid:white,1
1786524275.8797445,12.184821825687548,0.0,8.381690233908614,0.0,0.026522079958191794,-0.55,0.12,1.0,avoid:white,1
1786524275.960946,12.160063910265727,0.0,13.348540913294812,0.0,0.021165403710478183,-0.725,0.1,1.0,reacquire:road,1
1786524276.0438693,12.23733708590202,0.0,10.433729641464481,0.0,0.029918996603083354,-0.725,0.1,1.0,reacquire:road,1
1786524276.12415,12.203419453072563,0.0,13.235482718020876,0.0,0.028220538280637576,-0.725,0.1,1.0,reacquire:road,1
1786524276.2050822,12.224398425077622,0.0,7.358681492944243,0.0,0.04037104781813431,-0.725,0.1,1.0,reacquire:road,1
1786524276.2895653,12.266484861497704,0.0,3.2214485076326014,0.0,0.0399790958975699,-0.725,0.1,1.0,reacquire:road,1
1786524276.3797066,12.134580789938049,0.0,5.684690573730336,0.0,0.03632087797230207,-0.55,0.12,1.0,avoid:white,1
1786524276.4649444,11.95482289526513,0.0,0.0,0.0,0.024823621635746015,-0.55,0.12,1.0,avoid:white,1
1786524276.5446227,11.897699528403916,0.0,0.0,0.0,0.02586882675725111,-0.55,0.12,1.0,avoid:white,1
1786524276.6289623,12.0742530612772,0.0,0.0,0.0,0.018813692187091717,-0.35000000000000003,0.1,1.0,reacquire:road,1
1786524276.7114465,12.022415482037204,0.0,0.0,0.0,0.017637836425398484,-0.15000000000000002,0.1,1.0,reacquire:road,1
1786524276.7950578,12.047903946452266,0.0,0.0,0.0,0.01646198066370525,0.049999999999999975,0.1,1.0,reacquire:road,1
1786524276.8809395,12.032204291666723,0.0,0.0,0.0,0.006924483929971257,0.24999999999999997,0.1,1.0,reacquire:road,1
1786524276.9656453,11.941345525909538,0.0,0.0,0.0,0.004703423046772929,0.44999999999999996,0.1,1.0,reacquire:road,1
1786524277.0498967,11.888158014090552,0.0,0.0,0.0,0.0,0.65,0.1,1.0,reacquire:road,1
1786524277.143569,11.904420984241792,0.0,0.0,0.0,0.0,0.725,0.1,1.0,reacquire:road,1
1786524277.2321126,11.672285207515067,0.0,0.0,0.0,0.0,0.725,0.1,1.0,reacquire:road,1
1786524277.31515,11.589521957646735,0.0,0.0,0.0,0.0005226025607525476,0.725,0.1,1.0,reacquire:road,1
1786524277.4113932,11.689920374850567,0.0,0.0,0.0,0.0002613012803762738,0.725,0.1,1.0,reacquire:road,1
1786524277.4932966,11.428003010457143,0.0,0.0,0.0,0.013065064018813691,0.725,0.1,1.0,reacquire:road,1
1786524277.5770102,11.575320737332666,0.0,0.0,0.0,0.018421740266527306,0.725,0.1,1.0,reacquire:road,1
1786524277.666093,11.627716002275243,0.0,0.0,0.0,0.023647765874052783,0.725,0.1,1.0,reacquire:road,1
1786524277.7528045,11.553093132802049,0.0,0.0,0.0,0.024692970995557877,0.725,0.1,1.0,reacquire:road,1
1786524277.835506,11.561951980870255,0.0,0.0,0.0,0.03279331068722237,0.725,0.1,1.0,reacquire:road,1
1786524277.9246366,11.6663347444396,0.0,0.0,0.0,0.01998954794878495,0.725,0.1,1.0,reacquire:road,1
1786524278.011938,11.593186533617187,0.0,0.0,0.0,0.026130128037627383,0.725,0.1,1.0,reacquire:road,1
1786524278.0933404,11.558677440066697,0.0,0.0,0.0,0.033054611967598645,0.725,0.1,1.0,reacquire:road,1
1786524278.1811886,11.665671227413972,0.0,0.0,0.0,0.009406846093545859,0.725,0.1,1.0,reacquire:road,1
1786524278.2671173,11.649672874988246,0.0,0.0,0.0,0.011758557616932322,0.725,0.1,1.0,reacquire:road,1
1786524278.3587282,11.646064660768886,0.0,0.0,0.0,0.012411810817873008,0.725,0.1,1.0,reacquire:road,1
1786524278.4361653,11.479503819153415,0.0,69.53151711468472,0.0,0.015939378102952706,0.725,0.1,1.0,reacquire:road,1
1786524278.5193644,11.777843139288569,0.0,66.57341924323092,0.0,0.026914031878756205,0.725,0.1,1.0,reacquire:road,1
1786524278.6032777,11.725144600307097,0.0,65.53113128733764,0.0,0.0,0.725,0.1,1.0,reacquire:road,1
1786524278.6826744,11.885631008511455,0.0,63.52611331072082,0.0,0.0,0.725,0.1,1.0,reacquire:road,1
1786524278.7636049,12.027762104059418,0.0,62.55717898453729,0.0,0.0,0.725,0.1,1.0,reacquire:road,1
1786524278.853599,12.058995469711702,0.0,64.04294761841963,0.0,0.0,0.55,0.12,1.0,avoid:white,1
1786524278.9411511,11.892193469898723,0.0,62.416668028913655,0.0,0.0,0.55,0.12,1.0,avoid:white,1
1786524279.0242798,11.807262216417675,0.0,57.24165527455007,0.30462372448979597,0.0,0.55,0.12,1.0,avoid:white,1
1786524279.1136384,11.84047764282938,0.0,57.89166247798293,0.0,0.0,0.725,0.1,1.0,reacquire:road,1
1786524279.2015727,11.70958244240954,0.0,52.612520374963005,0.0,0.016331330023517117,0.725,0.1,1.0,reacquire:road,1
1786524279.2841537,11.651597181039557,0.0,53.187396409606265,0.0,0.022602560752547688,0.725,0.1,1.0,reacquire:road,1
1786524279.3643956,11.745987888325855,0.0,50.91325801064582,0.0,0.012019858897308597,0.725,0.1,1.0,reacquire:road,1
1786524279.4457114,11.889015192090818,0.0,49.239391865846144,0.0,0.042722759341520776,0.725,0.1,1.0,reacquire:road,1
1786524279.532023,11.968829135668663,0.0,48.77310600337411,0.0,0.07120459890253462,0.55,0.12,1.0,avoid:white,1
1786524279.6125805,11.881852605826188,0.0,48.94139374663702,0.0,0.06414946433237523,0.55,0.12,1.0,avoid:white,1
1786524279.694513,11.984412723544793,0.0,48.289101159998644,0.0,0.05774758296315652,0.55,0.12,1.0,avoid:white,1
1786524279.7745147,12.04239608823603,0.0,44.51539348959689,0.0,0.03357721452835119,0.725,0.1,1.0,reacquire:road,1
1786524279.8589141,12.133723385566817,0.0,43.10109823133133,0.0,0.024954272275934154,0.725,0.1,1.0,reacquire:road,1
1786524279.9427054,12.076565254702665,0.0,41.54968464749187,0.0,0.016723281944081524,0.725,0.1,1.0,reacquire:road,1
1786524280.0144515,12.028015612666772,0.0,40.100022371175854,0.0,0.00810033969166449,0.725,0.1,1.0,reacquire:road,1
1786524280.0937247,12.38783512774797,0.0,38.64324177276976,0.0,0.0,0.725,0.1,1.0,reacquire:road,1
1786524280.1741652,12.478535507023182,0.0,35.529216603971605,0.0,0.0,0.725,0.1,1.0,reacquire:road,1
1786524280.2545092,12.468466420223441,0.0,35.20424261675643,0.0,0.0002613012803762738,0.55,0.12,1.0,avoid:white,1
1786524280.3272793,12.4120229113575,0.0,34.23169746188846,0.0,0.0,0.55,0.12,1.0,avoid:white,1
1786524280.3994055,12.676172968558303,0.0,34.22345589558286,0.0,0.0,0.55,0.12,1.0,avoid:white,1
1786524280.4767795,12.94981221965772,0.0,32.417030469160814,0.0,0.0,0.725,0.1,1.0,reacquire:road,1
1786524280.5597517,12.959650672568385,0.0,36.53881395995394,0.0,0.003919519205644107,0.725,0.1,1.0,reacquire:road,1
1786524280.6358507,12.770469253761155,0.0,26.50465695155949,0.0,0.0027436634439508755,0.725,0.1,1.0,reacquire:road,1
1786524280.7079618,12.866877927026575,0.0,31.89815128118365,0.0,0.009145544813169584,0.725,0.1,1.0,reacquire:road,1
1786524280.7839289,13.068559830754563,0.0,16.20396986874195,0.0,0.00339691664489156,0.725,0.1,1.0,reacquire:road,1
1786524280.8654797,13.064860688116804,0.0,21.006247834826425,0.0,0.0037888685654559706,0.725,0.1,1.0,reacquire:road,1
1786524280.9477262,12.91177893088406,0.0,24.168209807383747,0.0,0.0013065064018813691,0.55,0.12,1.0,avoid:white,1
1786524281.0301273,12.760039174510736,0.0,23.04737818857759,0.0,0.001567807682257643,0.55,0.12,1.0,avoid:white,1
1786524281.108373,12.644891352393914,0.0,17.685306850469516,0.0,0.0027436634439508755,0.55,0.12,1.0,avoid:white,1
1786524281.1928847,12.657907981537038,0.0,15.490047625343022,0.0,0.002221060883198328,0.725,0.1,1.0,reacquire:road,1
1786524281.2924564,12.505948217639897,0.0,211.9490587801975,0.0,0.004703423046772929,0.725,0.1,1.0,reacquire:road,1
1786524281.3949661,12.014908524762106,0.0,212.65789156361456,0.0,0.006532532009406846,0.725,0.1,1.0,reacquire:road,1
1786524281.4960723,11.559900741392251,0.842741935483871,211.42326799979608,0.0,0.0027436634439508755,0.575,0.16673600634981084,1.0,follow,1
1786524281.6115127,11.212053908188933,0.842741935483871,211.59363549098185,0.0,0.0,0.42499999999999993,0.23292295964988624,1.0,follow,1
1786524281.720709,10.700646275758926,0.8487903225806451,211.78278310031658,0.0,0.003135615364515286,0.42515158793757757,0.3080239206501574,1.0,follow,1
1786524281.8139803,10.408752628357893,0.0,212.84974632535835,0.0,0.00718578521034753,0.22515158793757759,0.12,1.0,avoid:white,1
1786524281.9097195,10.46118917915299,0.0,212.20433219372347,0.0,0.003135615364515286,0.025151587937577574,0.12,1.0,avoid:white,1
1786524282.007811,10.452116873330649,0.8487903225806451,211.87217010241903,0.0,0.00979879801411027,-0.17484841206242244,0.12,1.0,avoid:white,1
1786524282.0929396,10.416254101869464,0.0,0.1242271371004584,0.0,0.02939639404233081,-0.17484841206242244,0.0,1.0,slow:lane_dropout,1
1786524282.1711118,10.673474701585267,0.0,197.1583561475283,0.0,0.034099817089103736,-0.17484841206242244,0.0,1.0,slow:lane_dropout,1
1786524282.271586,11.07192729498931,0.0,209.6039802524329,0.0,0.001567807682257643,-0.17484841206242244,0.0,1.0,slow:lane_dropout,1
1786524282.3644223,10.843307904516145,0.0,208.20648234484705,0.0,0.0036582179252678338,-0.3748484120624224,0.1,1.0,reacquire:road,1
1786524282.4517682,10.833134761785928,0.0,208.8917586852309,0.0,0.0007839038411288215,-0.5748484120624224,0.1,1.0,reacquire:road,1
1786524282.5414064,10.943463077601297,0.0,209.41975404735922,0.0,0.0,-0.725,0.1,1.0,reacquire:road,1
1786524282.627873,11.024801685794536,0.0,210.16651404084234,0.0,0.007055134570159394,-0.725,0.1,1.0,reacquire:road,1
1786524282.7254546,11.122342764299727,0.0,208.8638208861912,0.0,0.010844003135615364,-0.725,0.1,1.0,reacquire:road,1
1786524282.8042488,10.940420991932935,0.0,223.0,0.0,0.010582701855239091,-0.725,0.1,1.0,reacquire:road,1
1786524282.8785937,11.31285492772566,0.0,223.0,0.0,0.003004964724327149,-0.725,0.1,1.0,reacquire:road,1
1786524282.962058,11.702756450380264,0.5826612903225806,220.6612953911365,0.0,0.0,-0.575,0.14901087555031156,1.0,follow,1
1786524283.0522857,11.765332830986072,0.0,7.609695434478766,0.0,0.003004964724327149,-0.575,0.0,1.0,slow:lane_dropout,1
1786524283.1362197,11.65059202217661,0.0,8.547242152029439,0.0,0.0,-0.575,0.0,1.0,slow:lane_dropout,1
1786524283.2222302,11.673253310480547,0.0,6.9491728260437355,0.0,0.0,-0.575,0.0,1.0,slow:lane_dropout,1
1786524283.307531,11.672852443218508,0.0,7.370405979006236,0.0,0.0,-0.725,0.1,1.0,reacquire:road,1
1786524283.3884661,11.698783456322234,0.0,8.310668173580893,0.0,0.0,-0.725,0.1,1.0,reacquire:road,1
1786524283.4712281,11.82485491784044,0.0,7.578308213834422,0.0,0.0,-0.725,0.1,1.0,reacquire:road,1
1786524283.5588546,11.884542047781233,0.0,8.158394275885247,0.0,0.0,-0.725,0.1,1.0,reacquire:road,1
1786524283.6472707,11.792486234206294,0.8366935483870968,209.93618617352732,0.0,0.0,-0.575,0.15689644935023353,1.0,follow,1
1786524283.7439685,11.615743327087793,0.0,209.21104722287143,0.0,0.0,-0.575,0.0,1.0,slow:lane_dropout,1
1786524283.839245,11.4229608890785,0.8306451612903225,210.15974481311872,0.0,0.0,-0.42499999999999993,0.061022371800436306,1.0,follow,1
1786524283.9328008,11.245815316947851,0.8245967741935484,210.58751487615564,0.0,0.0,-0.27499999999999997,0.12270839490029176,1.0,follow,1
1786524284.0236025,11.11671739383779,0.0,211.90635281860068,0.0,0.0,-0.27499999999999997,0.0,1.0,slow:lane_dropout,1
1786524284.118865,11.09175068642465,0.8366935483870968,211.45021252992075,0.5761479591836736,0.0,-0.12499999999999997,0.05913454039996396,1.0,follow,1
1786524284.2141795,10.994861868124753,0.0,212.50194749408666,0.0,0.0,-0.12499999999999997,0.0,1.0,slow:lane_dropout,1
1786524284.3016136,10.886061478663644,0.0,213.81420759176711,0.0,0.0,-0.12499999999999997,0.0,1.0,slow:lane_dropout,1
1786524284.3911886,10.994830758672274,0.0,213.9967496800113,0.0,0.0,-0.12499999999999997,0.0,1.0,slow:lane_dropout,1
1786524284.480391,11.038176875766336,0.0,213.82372576208292,0.0,0.0,-0.325,0.1,1.0,reacquire:road,1
1786524284.5689557,11.005433931231071,0.0,9.9097345858672,0.0,0.0,-0.525,0.1,1.0,reacquire:road,1
1786524284.6524286,11.137109379256614,0.0,10.000575914758077,0.0,0.0,-0.55,0.12,1.0,avoid:white,1
1786524284.734996,11.306259427761848,0.7701612903225807,4.623614857476241,0.0,0.0,-0.55,0.12,1.0,avoid:white,1
1786524284.8217554,11.42128807077493,0.7580645161290323,4.861196293545616,0.0,0.0,-0.55,0.12,1.0,avoid:white,1
1786524284.9120784,11.470406494618128,0.0,11.152864540522792,0.0,0.0,-0.35000000000000003,0.1,1.0,reacquire:road,1
1786524285.0021377,11.384108344397264,0.0,9.940658566949331,0.0,0.0,-0.15000000000000002,0.1,1.0,reacquire:road,1
1786524285.0999217,11.344627805002428,0.0,10.56605652841495,0.0,0.0,0.049999999999999975,0.1,1.0,reacquire:road,1
1786524285.195995,11.11482586905161,0.0,8.815242053083352,0.0,0.0,0.24999999999999997,0.1,1.0,reacquire:road,1
1786524285.2950058,10.975627625728002,0.0,9.251119633198137,0.0,0.0,0.44999999999999996,0.1,1.0,reacquire:road,1
1786524285.384848,10.803207924130362,0.0,8.20715094365977,0.0,0.0,0.65,0.1,1.0,reacquire:road,1
1786524285.5044768,10.861253601072914,0.0,8.289270258573765,0.0,0.0,0.725,0.1,1.0,reacquire:road,1
1786524285.5983396,10.361998657841742,0.0,9.386295771738645,0.0,0.0,0.725,0.1,1.0,reacquire:road,1
1786524285.6877866,10.422504540946592,0.0,9.519859720559214,0.0,0.0,0.725,0.1,1.0,reacquire:road,1
1786524285.778325,10.56183954444409,0.0,8.984815044308533,0.0,0.0,0.725,0.1,1.0,reacquire:road,1
1786524285.8694866,10.607360873745527,0.0,6.135872455325909,0.0,0.0,0.5249999999999999,0.12,1.0,avoid:white,1
1786524285.9522903,10.752828243226698,0.0,198.82005612514445,0.0,0.0,0.32499999999999984,0.12,1.0,avoid:white,1
1786524286.0343714,11.012555209287326,0.0,4.915514555317657,0.0,0.0,0.12499999999999986,0.12,1.0,avoid:white,1
1786524286.1198225,11.254306253640337,0.0,207.54349632249577,0.0,0.0,0.32499999999999984,0.1,1.0,reacquire:road,1
1786524286.2062972,11.330039170098955,0.0,210.85614178957238,0.0,0.0,0.5249999999999999,0.1,1.0,reacquire:road,1
1786524286.2907052,11.388925292723405,0.0,210.29451136124553,0.0,0.0,0.725,0.1,1.0,reacquire:road,1
1786524286.3781018,11.48083498527505,0.0,212.11245600188505,0.0,0.0,0.725,0.1,1.0,reacquire:road,1
1786524286.4706342,11.473220445140345,0.8185483870967742,215.6745739517582,0.0,0.0,0.82,0.15680446590022257,1.0,follow,1
1786524286.5559375,11.337104839765807,0.8185483870967742,214.97221454973933,0.0,0.0002613012803762738,0.82,0.18366935483870972,1.0,follow,1
1786524286.6419148,11.411118604430762,0.8125,215.61001342530787,0.0,0.0,0.82,0.183125,1.0,follow,1
1786524286.746985,11.454946465893146,0.8185483870967742,215.8278175121356,0.0,0.0,0.82,0.18366935483870972,1.0,follow,1
1786524286.954025,11.069277172920964,0.8185483870967742,215.94930580458234,0.0,0.0,0.82,0.18366935483870972,1.0,follow,1
1786524287.0483263,9.81989657132557,0.8185483870967742,216.09400042544064,0.0,0.0,0.82,0.18366935483870972,1.0,follow,1
1786524287.145813,9.986806012086177,0.8185483870967742,215.81359190192967,0.0,0.0019597596028220537,0.82,0.18366935483870972,1.0,follow,1
1786524287.2486467,10.038801411598678,0.8064516129032258,216.03051386342955,0.0,0.0,0.82,0.18258064516129033,1.0,follow,1
1786524287.3343012,9.964747113530871,0.8125,215.9235371882753,0.0,0.0,0.82,0.183125,1.0,follow,1
1786524287.4170082,10.307507075139576,0.8064516129032258,216.45873810632256,0.0,0.0005226025607525476,0.82,0.18258064516129033,1.0,follow,1
1786524287.5058281,10.682731148443011,0.8125,217.19845741979825,0.0,0.0013065064018813691,0.82,0.183125,1.0,follow,1
1786524287.5912163,10.799033287872662,0.8125,217.3049285174962,0.0,0.003135615364515286,0.82,0.183125,1.0,follow,1
1786524287.674592,10.979817883555171,0.8125,217.15213164409275,0.0,0.0009145544813169584,0.82,0.183125,1.0,follow,1
1786524287.7598064,11.15901923086498,0.8064516129032258,216.4043687997693,0.0,0.0014371570420695062,0.82,0.18258064516129033,1.0,follow,1
1786524287.8458552,11.300917969309037,0.0,215.58031822255515,0.0,0.0,0.82,0.0,1.0,slow:lane_dropout,1
1786524287.9446642,11.330702112666554,0.8125,216.2173460080143,0.0,0.0014371570420695062,0.82,0.056769358749943426,1.0,follow,1
1786524288.037842,11.108790627415521,0.0,6.868780502623402,0.0,0.0020904102430101905,0.82,0.0,1.0,slow:lane_dropout,1
1786524288.125826,11.033537223269178,0.0,6.899700471083296,0.0,0.0002613012803762738,0.82,0.0,1.0,slow:lane_dropout,1
1786524288.209557,11.066736688082658,0.0,216.23476972134137,0.0,0.0023517115233864646,0.82,0.0,1.0,slow:lane_dropout,1
1786524288.3131483,11.286090349788921,0.0,216.14269427755727,0.0,0.0024823621635746015,0.82,0.1,1.0,reacquire:road,1
1786524288.4029546,10.959748737004574,0.0,216.62543491369135,0.0,0.0026130128037627383,0.6249999999999999,0.1,1.0,reacquire:road,1
1786524288.516096,10.983094327906347,0.0,216.65060889426962,0.0,0.0028743140841390124,0.4249999999999998,0.1,1.0,reacquire:road,1
1786524288.6130052,10.56267343436397,0.0,215.80780913439852,0.0,0.0023517115233864646,0.2249999999999998,0.1,1.0,reacquire:road,1
1786524288.702857,10.453597498638967,0.0,216.6643517380298,0.0,0.0011758557616932323,0.024999999999999814,0.1,1.0,reacquire:road,1
1786524288.7912986,10.662711025280647,0.8125,215.91417900485146,0.0,0.0001306506401881369,0.17499999999999982,0.1565258427500794,1.0,follow,1
1786524288.879724,10.776396401745993,0.0,216.9889119736742,0.0,0.00169845832244578,0.17499999999999982,0.0,1.0,slow:lane_dropout,1
1786524288.9714522,10.853253451528792,0.0,216.5674242320818,0.0,0.002221060883198328,0.17499999999999982,0.0,1.0,slow:lane_dropout,1
1786524289.0533364,10.888557002327468,0.0,215.80583075205087,0.0,0.0019597596028220537,0.17499999999999982,0.0,1.0,slow:lane_dropout,1
1786524289.1424518,11.15393045872349,0.0,6.6323915638535915,0.0,0.0027436634439508755,-0.025000000000000196,0.1,1.0,reacquire:road,1
1786524289.2287009,11.173887911354118,0.0,216.5817337518153,0.0,0.0023517115233864646,-0.2250000000000002,0.1,1.0,reacquire:road,1
1786524289.315286,11.262026879977414,0.0,215.95350140028947,0.0,0.0019597596028220537,-0.42500000000000027,0.1,1.0,reacquire:road,1
1786524289.4049532,11.32393919585999,0.0,6.298318285477322,0.0,0.0014371570420695062,-0.6250000000000002,0.1,1.0,reacquire:road,1
1786524289.499527,11.256865066307874,0.0,6.526007099576713,0.0,0.0013065064018813691,-0.725,0.1,1.0,reacquire:road,1
1786524289.5962703,11.138668998920021,0.0,6.575063626525516,0.0,0.0013065064018813691,-0.725,0.1,1.0,reacquire:road,1
1786524289.6864452,10.990935591843506,0.0,216.06921813213296,0.0,0.003004964724327149,-0.725,0.1,1.0,reacquire:road,1
1786524289.7839885,11.012579814007612,0.8125,215.61729377156595,0.0,0.0001306506401881369,-0.575,0.15856300775030832,1.0,follow,1
1786524289.8722808,10.85897540638983,0.0,214.63591239286706,0.0,0.0009145544813169584,-0.575,0.0,1.0,slow:lane_dropout,1
1786524289.9672348,10.941680730637103,0.0,214.89644659551644,0.0,0.010974653775803502,-0.575,0.0,1.0,slow:lane_dropout,1
1786524290.0573306,10.867330068774466,0.0,214.33711083085038,0.0,0.0037888685654559706,-0.575,0.0,1.0,slow:lane_dropout,1
1786524290.150132,10.917699966706389,0.0,6.66612086555655,0.0,0.0027436634439508755,-0.725,0.1,1.0,reacquire:road,1
1786524290.2373254,10.889185134842982,0.0,214.2987019066915,0.0,0.006271230729030572,-0.725,0.1,1.0,reacquire:road,1
1786524290.3262963,10.990979815138259,0.0,214.85338133275962,0.0,0.006401881369218709,-0.725,0.1,1.0,reacquire:road,1
1786524290.4170787,11.042592427148715,0.0,213.47954276177595,0.0,0.009668147373922133,-0.725,0.1,1.0,reacquire:road,1
1786524290.5053294,11.033092776891271,0.0,5.891775728589934,0.0,0.00810033969166449,-0.725,0.1,1.0,reacquire:road,1
1786524290.5908842,11.109826894277443,0.0,214.56171562479875,0.0,0.006401881369218709,-0.725,0.1,1.0,reacquire:road,1
1786524290.6805966,11.223542476730906,0.0,5.4946707876296585,0.0,0.0056179775280898875,-0.725,0.1,1.0,reacquire:road,1
1786524290.7665493,11.195914866916787,0.0,213.90640350494624,0.0,0.006924483929971257,-0.725,0.1,1.0,reacquire:road,1
1786524290.864724,11.25183633021206,0.7883064516129032,5.643847370503607,0.0,0.004050169845832245,-0.575,0.1566423025995846,1.0,follow,1
1786524290.9535728,11.075004446031752,0.782258064516129,5.60078097778059,0.0,0.003919519205644107,-0.42499999999999993,0.18040322580645163,1.0,follow,1
1786524291.0533094,11.099974462286072,0.8064516129032258,5.783125257669989,0.0,0.004572772406584792,-0.5721936806111853,0.18258064516129033,1.0,follow,1
1786524291.1551943,10.861777410668964,0.7943548387096775,5.822207092160942,0.0,0.004572772406584792,-0.7221936806111853,0.181491935483871,1.0,follow,1
1786524291.2458668,10.683014998860203,0.7943548387096775,6.248629041917809,0.0,0.005879278808466161,-0.82,0.181491935483871,1.0,follow,1
1786524291.334325,10.737475712872628,0.7943548387096775,5.926043429829641,0.0,0.00509537496733734,-0.82,0.181491935483871,1.0,follow,1
1786524291.4263434,10.7739200562103,0.7883064516129032,5.681694781447517,0.0,0.005879278808466161,-0.82,0.1809475806451613,1.0,follow,1
1786524291.5171354,10.851871972591614,0.8850806451612904,6.243822694377134,0.0,0.005487326887901751,-0.82,0.18965725806451614,1.0,follow,1
1786524291.6076324,10.892709512713308,0.7883064516129032,5.739002031107834,0.0,0.005879278808466161,-0.82,0.1809475806451613,1.0,follow,1
1786524291.700387,10.947060654587158,0.8971774193548387,6.2157537360018,0.0,0.00339691664489156,-0.82,0.1907459677419355,1.0,follow,1
1786524291.7904763,10.886253968861187,0.0,103.38781897760134,0.0,0.0019597596028220537,-0.82,0.0,1.0,slow:lane_dropout,1
1786524291.8687248,10.940347006939149,0.4375,9.715753736001801,0.0,0.006532532009406846,-0.82,0.05826085524981863,1.0,follow,1
1786524291.9522269,11.335663589369519,0.0,99.87245989304779,0.0,0.011366605696367911,-0.82,0.0,1.0,slow:lane_dropout,1
1786524292.0358744,11.449573647025991,0.0,223.0,0.0,0.003919519205644107,-0.82,0.0,1.0,slow:lane_dropout,1
1786524292.1296988,11.559362496649669,0.0,223.0,0.0,0.005356676247713614,-0.82,0.0,1.0,slow:lane_dropout,1
1786524292.2351725,11.374500177480682,0.7883064516129032,13.215753736001801,0.0,0.00039195192056441075,-0.82,0.061118654349911594,1.0,follow,1
1786524292.3278005,10.978809276820748,0.5403225806451613,16.7157537360018,0.0,0.0023517115233864646,-0.82,0.13029669184988962,1.0,follow,1
1786524292.4262915,10.971720830827474,0.7943548387096775,20.2157537360018,0.0,0.0027436634439508755,-0.82,0.181491935483871,1.0,follow,1
1786524292.535476,10.765533156790081,0.7701612903225807,23.7157537360018,0.0,0.004442121766396656,-0.82,0.17931451612903226,1.0,follow,1
1786524292.6341488,10.48126434807468,0.7701612903225807,27.2157537360018,0.0,0.004703423046772929,-0.82,0.17931451612903226,1.0,follow,1
1786524292.7393122,10.369654745479568,0.7701612903225807,30.7157537360018,0.0,0.0048340736869610665,-0.82,0.17931451612903226,1.0,follow,1
1786524292.8444688,10.23445380182569,0.7701612903225807,34.2157537360018,0.0,0.006271230729030572,-0.6876554799838884,0.12,1.0,avoid:white,1
1786524292.9400642,10.09048197829253,0.752016129032258,37.7157537360018,0.0,0.006271230729030572,-0.55,0.12,1.0,avoid:white,1
1786524293.043275,10.136964240441165,0.7459677419354839,41.2157537360018,0.31607142857142856,0.006140580088842436,-0.55,0.12,1.0,avoid:white,1
1786524293.1540844,10.065293778840852,0.7459677419354839,44.7157537360018,0.0,0.005748628168278025,-0.7000000000000001,0.17713709677419356,1.0,follow,1
1786524293.2507954,9.855851441729609,0.7399193548387096,48.2157537360018,0.0,0.008622942252417037,-0.7241939044672501,0.24921450672414575,1.0,follow,1
1786524293.3521898,9.943895657988042,0.752016129032258,51.7157537360018,0.0,0.014763522341259471,-0.6685207652243502,0.22739966836833797,1.0,follow,1
1786524293.4505398,9.945284420339355,0.7399193548387096,55.2157537360018,0.0,0.014763522341259471,-0.6197545607231345,0.276526380322887,1.0,follow,1
1786524293.5422406,9.988685462533772,0.7278225806451613,58.7157537360018,0.0,0.010974653775803502,-0.55,0.12,1.0,avoid:white,1
1786524293.6344318,10.1697576479227,0.7399193548387096,62.2157537360018,0.0,0.013718317219754377,-0.55,0.12,1.0,avoid:white,1
1786524293.7241077,10.303264118497726,0.0,9.199556140062384,0.0,0.015547426182388293,-0.55,0.12,1.0,avoid:white,1
1786524293.8222234,10.394293948281536,0.7157258064516129,65.7157537360018,0.36938775510204086,0.013979618500130651,-0.5636482690159365,0.17441532258064518,1.0,follow,1
1786524293.9428115,10.424455925532204,0.752016129032258,69.2157537360018,0.0,0.014110269140318788,-0.5055850011761333,0.23605530358028892,1.0,follow,1
1786524294.0350957,9.999759290824695,0.0,223.0,0.3035714285714286,0.005879278808466161,-0.5055850011761333,0.0,1.0,slow:lane_dropout,1
1786524294.1350827,10.167867515140689,0.0,223.0,0.30433673469387756,0.002221060883198328,-0.5055850011761333,0.0,1.0,slow:lane_dropout,1
1786524294.241284,10.10466386610513,0.0,223.0,0.3930165816326531,0.001567807682257643,-0.55,0.12,1.0,avoid:white,1
1786524294.3351588,9.953480707420299,0.0,188.30345423743665,0.288265306122449,0.0014371570420695062,-0.55,0.12,1.0,avoid:white,1
1786524294.4352965,10.133715293337787,0.0,197.31725708440467,0.3911033163265306,0.0009145544813169584,-0.55,0.12,1.0,avoid:white,1
1786524294.5290685,10.109784162581098,0.0,223.0,0.39151785714285714,0.0,-0.55,0.0,1.0,slow:lane_dropout,1
1786524294.6182237,10.22721763676851,0.0,223.0,0.37704081632653064,0.0,-0.725,0.1,1.0,reacquire:road,1
1786524294.696982,10.392801433522408,0.0,223.0,0.2823979591836735,0.013718317219754377,-0.725,0.1,1.0,reacquire:road,1
1786524294.7873547,10.897505471487994,0.0,0.0,0.0,0.015024823621635746,-0.725,0.1,1.0,reacquire:road,1
1786524294.8750312,10.92693816913457,0.0,0.0,0.0,0.0007839038411288215,-0.725,0.1,1.0,reacquire:road,1
1786524294.9637094,11.01676409936915,0.0,0.0,0.0,0.015024823621635746,-0.55,0.12,1.0,avoid:white,1
1786524295.049175,11.074116813818659,0.0,0.0,0.0,0.012542461458061144,-0.55,0.12,1.0,avoid:white,1
1786524295.1429775,11.166863191295697,0.0,0.0,0.0,0.006924483929971257,-0.55,0.12,1.0,avoid:white,1
1786524295.2364404,11.079818914413199,0.0,0.0,0.0,0.005487326887901751,-0.725,0.1,1.0,reacquire:road,1
1786524295.3352318,11.009483084688155,0.0,0.0,0.0,0.001567807682257643,-0.725,0.1,1.0,reacquire:road,1
1786524295.4284194,10.840713755842891,0.0,0.0,0.0,0.0,-0.725,0.1,1.0,reacquire:road,1
1786524295.5211549,10.820247449085368,0.0,0.0,0.0,0.0005226025607525476,-0.725,0.1,1.0,reacquire:road,1
1786524295.6240883,10.800287624406465,0.0,0.0,0.0,0.0010452051215050953,-0.725,0.1,1.0,reacquire:road,1
1786524295.7214954,10.583371942651947,0.0,0.0,0.0,0.0006532532009406846,-0.55,0.12,1.0,avoid:white,1
1786524295.8202991,10.531961335291435,0.0,0.0,0.0,0.0,-0.55,0.12,1.0,avoid:white,1
1786524295.9157114,10.449589454007361,0.0,0.0,0.0,0.0,-0.55,0.12,1.0,avoid:white,1
1786524296.0215347,10.434406804676152,0.0,1.7573591462387341,0.0,0.0,-0.725,0.1,1.0,reacquire:road,1
1786524296.1404524,10.17375454044799,0.0,1.4164395077115053,0.0,0.0005226025607525476,-0.725,0.1,1.0,reacquire:road,1
1786524296.241987,9.88212741213545,0.0,0.0,0.0,0.0013065064018813691,-0.725,0.1,1.0,reacquire:road,1
1786524296.3478715,9.853387352455233,0.0,6.075624622459728,0.0,0.0023517115233864646,-0.725,0.1,1.0,reacquire:road,1
1786524296.4482713,9.793990235668574,0.0,223.0,0.0,0.0018291089626339169,-0.55,0.12,1.0,avoid:white,1
1786524296.5345058,9.835515820913065,0.0,19.541995450967477,0.0,0.0001306506401881369,-0.55,0.12,1.0,avoid:white,1
1786524296.6228397,10.180357422231026,0.0,204.98899858046178,0.0,0.0002613012803762738,-0.55,0.12,1.0,avoid:white,1
1786524296.7360413,10.303854772964353,0.0,202.14445427072047,0.2758609693877551,0.0007839038411288215,-0.725,0.1,1.0,reacquire:road,1
1786524296.8310783,10.0013002737539,0.0,32.97383009306634,0.0,0.0010452051215050953,-0.725,0.1,1.0,reacquire:road,1
1786524296.9247038,10.185167261356481,0.467741935483871,61.30244530246091,0.0,0.0007839038411288215,-0.575,0.1520967741935484,1.0,follow,1
1786524297.0246346,10.316724071349109,0.0,22.12445560152247,0.0,0.0,-0.575,0.0,1.0,slow:lane_dropout,1
1786524297.115479,10.257946623737144,0.5826612903225806,64.80244530246091,0.0,0.0014371570420695062,-0.42499999999999993,0.06485189879986138,1.0,follow,1
1786524297.2086887,10.396491260173867,0.0,2.996996872112322,0.0,0.0,-0.42499999999999993,0.0,1.0,slow:lane_dropout,1
1786524297.3128524,10.462292377394135,0.0,216.47704523127078,0.0,0.0,-0.42499999999999993,0.0,1.0,slow:lane_dropout,1
1786524297.4281266,10.274260011006687,0.0,218.77324306630106,0.0,0.0,-0.42499999999999993,0.0,1.0,slow:lane_dropout,1
1786524297.5201488,9.976105047366548,0.5040322580645161,67.87752071045875,0.0,0.0,-0.27499999999999997,0.07400251559965909,1.0,follow,1
1786524297.6176488,10.145774664365355,0.0,218.4480636627366,0.16887755102040816,0.0,-0.27499999999999997,0.0,1.0,slow:lane_dropout,1
1786524297.7136946,10.165733547137894,0.0,213.68760917699984,0.1434948979591837,0.0,-0.27499999999999997,0.0,1.0,slow:lane_dropout,1
1786524297.8109548,10.212529777388806,0.0,216.22375557693968,0.0,0.0,-0.27499999999999997,0.0,1.0,slow:lane_dropout,1
1786524297.9129443,10.236037632350063,0.0,203.35822296119144,0.0,0.0,-0.475,0.1,1.0,reacquire:road,1
1786524298.0035584,10.123374880162782,0.625,64.37752071045875,0.0,0.0,-0.325,0.16625,1.0,follow,1
1786524298.1148536,10.341395872272122,0.6008064516129032,60.877520710458754,0.0,0.0,-0.2813020482982636,0.16407258064516128,1.0,follow,1
1786524298.2128954,10.041757910913148,0.6008064516129032,57.377520710458754,0.0,0.0,-0.27512942417618563,0.16407258064516128,1.0,follow,1
1786524298.3122993,10.105506139865005,0.6310483870967742,53.877520710458754,0.0,0.0,-0.32776691375735123,0.1667943548387097,1.0,follow,1
1786524298.4147959,10.094821119515654,0.6431451612903225,50.377520710458754,0.0,0.0,-0.39005158432678183,0.16788306451612903,1.0,follow,1
1786524298.5204756,10.011650943237258,0.0,206.30734554082363,0.42633928571428575,0.0,-0.39005158432678183,0.0,1.0,slow:lane_dropout,1
1786524298.629011,9.902387509294297,0.0,209.66624370095795,0.4401785714285715,0.0,-0.39005158432678183,0.0,1.0,slow:lane_dropout,1
1786524298.7371385,9.776511993615486,0.0,209.37191517156197,0.43354591836734696,0.0,-0.39005158432678183,0.0,1.0,slow:lane_dropout,1
1786524298.8492224,9.63319386679829,0.0,209.87064219328562,0.4215880102040817,0.0,-0.5900515843267818,0.1,1.0,reacquire:road,1
1786524298.9525285,9.527829684228974,0.6370967741935484,46.877520710458754,0.0,0.0,-0.44262705296264593,0.16733870967741937,1.0,follow,1
1786524299.0613058,9.567722007965173,0.0,209.6878642141591,0.4168367346938776,0.0,-0.44262705296264593,0.0,1.0,slow:lane_dropout,1
1786524299.1719706,9.48630214210719,0.0,209.65882046327764,0.0,0.0,-0.44262705296264593,0.0,1.0,slow:lane_dropout,1
1786524299.2732391,9.390839441145577,0.0,206.92653022236453,0.41989795918367356,0.0,-0.44262705296264593,0.0,1.0,slow:lane_dropout,1
1786524299.3767095,9.4748848388475,0.0,207.84851722040867,0.46830357142857143,0.0,-0.642627052962646,0.1,1.0,reacquire:road,1
1786524299.4835591,9.530197903585442,0.0,212.73160256634677,0.4901785714285714,0.0,-0.725,0.1,1.0,reacquire:road,1
1786524299.5824864,9.500372327132984,1.0,43.377520710458754,0.0,0.0,-0.6472819140062746,0.1692884712002524,1.0,follow,1
1786524299.6760612,9.614937360506579,0.0,216.3813492469683,0.48695790816326534,0.0,-0.6472819140062746,0.0,1.0,slow:lane_dropout,1
1786524299.7790668,9.811751718318463,1.0,39.877520710458754,0.0,0.0,-0.6820000032073904,0.06132648729967514,1.0,follow,1
1786524299.8722935,9.804071480290942,1.0,36.377520710458754,0.0,0.0,-0.723443772825384,0.12783387369963747,1.0,follow,1
1786524299.9737413,9.986352470889226,1.0,32.877520710458754,0.0,0.0,-0.7604947554302868,0.18849379899993438,1.0,follow,1
1786524300.0657425,9.973987859180374,1.0,29.377520710458754,0.0,0.0,-0.7971975029985698,0.2539880882497073,1.0,follow,1
1786524300.1640875,10.154701290940535,1.0,25.877520710458754,0.0,0.0,-0.82,0.24656563041414692,1.0,follow,1
1786524300.2599623,10.133176752935096,1.0,22.377520710458754,0.0,0.0,-0.82,0.2225985888890356,1.0,follow,1
1786524300.352375,10.218509614696675,1.0,18.877520710458754,0.0,0.0,-0.82,0.2,1.0,follow,1
1786524300.4509006,10.317952031257068,1.0,15.377520710458754,0.0,0.0,-0.82,0.2,1.0,follow,1
1786524300.5450087,10.293842653372277,1.0,11.877520710458754,0.0,0.0,-0.82,0.2,1.0,follow,1
1786524300.636764,10.34434280402121,1.0,8.75324687262741,0.0,0.0,-0.82,0.2,1.0,follow,1
1786524300.7280605,10.482077514534026,1.0,6.63993639361145,0.0,0.0,-0.82,0.2,1.0,follow,1
1786524300.8209338,10.549919385493556,1.0,5.309537369523265,0.0,0.0,-0.82,0.2,1.0,follow,1
1786524300.9258146,10.617785868609918,1.0,4.453626288423089,0.0,0.0,-0.82,0.2,1.0,follow,1
1786524301.0185266,10.38881976716083,1.0,3.8147541409117,0.0,0.0,-0.82,0.2,1.0,follow,1
1786524301.1109476,10.445311669181322,1.0,3.383405903372414,0.0,0.0,-0.82,0.2,1.0,follow,1
1786524301.2047415,10.539880820637222,1.0,3.254408187194004,0.0,0.0,-0.82,0.2,1.0,follow,1
1786524301.29387,10.573207358916374,1.0,3.1433179915758855,0.0,0.0,-0.82,0.2,1.0,follow,1
1786524301.387185,10.71408330564271,1.0,3.1435977000575965,0.0,0.0,-0.82,0.2,1.0,follow,1
1786524301.4763837,10.699439153827074,1.0,3.166492864583944,0.0,0.0,-0.82,0.2,1.0,follow,1
1786524301.5661645,10.799388972473611,1.0,3.0361034519693764,0.0,0.0,-0.82,0.2,1.0,follow,1
1786524301.6651669,10.88600554877435,1.0,2.971948396480306,0.0,0.0,-0.82,0.2,1.0,follow,1
1786524301.7561736,10.72280255164731,1.0,2.994947389855474,0.0,0.0,-0.82,0.2,1.0,follow,1
1786524301.8483276,10.714993082308354,1.0,3.056367405345928,0.0,0.0,-0.82,0.2,1.0,follow,1
1786524301.9407156,10.793819203613413,1.0,3.0475744218121643,0.0,0.0,-0.82,0.2,1.0,follow,1
1786524302.0296946,10.812903256714801,1.0,3.0472790622252717,0.0,0.0,-0.82,0.2,1.0,follow,1
1786524302.12082,10.876324281640656,1.0,3.100969653850745,0.0,0.0,-0.82,0.2,1.0,follow,1
1786524302.2106023,10.87484993317989,1.0,3.1316014194484345,0.0,0.0,-0.82,0.2,1.0,follow,1
1786524302.3199947,10.97822673573566,1.0,3.142628321230435,0.0,0.0,-0.82,0.2,1.0,follow,1
1786524302.4101896,10.610920829084051,1.0,3.0008472165025104,0.0,0.0,-0.82,0.2,1.0,follow,1
1786524302.51331,10.69593478219204,1.0,3.079239960825045,0.0,0.0,-0.82,0.2,1.0,follow,1
1786524302.610584,10.499871960537146,1.0,3.1134562067014824,0.0,0.0,-0.82,0.2,1.0,follow,1
1786524302.7091684,10.457582692620777,1.0,3.2025923508680694,0.0,0.0,-0.82,0.2,1.0,follow,1
1786524302.8030365,10.38918438683578,1.0,3.3127812263591205,0.0,0.0,-0.82,0.2,1.0,follow,1
1786524302.9057102,10.411337327670143,1.0,3.3573869732049357,0.0,0.0,-0.82,0.2,1.0,follow,1
1786524302.9993691,10.300310603043233,1.0,3.339396844780911,0.0,0.0,-0.82,0.2,1.0,follow,1
1786524303.102767,10.366677962685921,1.0,3.101101541348119,0.0,0.0,-0.82,0.2,1.0,follow,1
1786524303.1984808,10.228229284821753,1.0,3.063174949265065,0.0,0.0,-0.82,0.2,1.0,follow,1
1786524303.3011901,10.28270187033296,1.0,6.563174949265065,0.492984693877551,0.0,-0.82,0.2,1.0,follow,1
1786524303.4012825,10.181926702896247,1.0,4.950486435031871,0.0,0.0,-0.82,0.2,1.0,follow,1
1786524303.5053806,10.138997821553703,1.0,3.8456881597863726,0.0,0.0,-0.82,0.2,1.0,follow,1
1786524303.5963776,10.029265502200717,0.0,16.353754729813488,0.0,0.0,-0.82,0.0,1.0,slow:lane_dropout,1
1786524303.696138,10.156033701190982,0.625,7.345688159786373,0.0,0.0,-0.82,0.06095784564972746,1.0,follow,1
1786524303.779994,10.194111768828547,0.6310483870967742,10.845688159786373,0.0,0.0,-0.82,0.12378148380007588,1.0,follow,1
1786524303.8757253,10.544337569204734,0.0,21.59124482075299,0.0,0.0,-0.82,0.0,1.0,slow:lane_dropout,1
1786524303.983762,10.521599562801024,0.0,221.08098971470292,0.0,0.0,-0.82,0.0,1.0,slow:lane_dropout,1
1786524304.077475,10.249862336329477,0.0,15.30577881459962,0.0,0.0,-0.82,0.0,1.0,slow:lane_dropout,1
1786524304.1813936,10.355792199827572,0.0,218.48508070662416,0.0,0.0,-0.7465668439129145,0.1,1.0,reacquire:road,1
1786524304.2810264,10.2063563304702,0.0,218.5876986939354,0.0,0.0,-0.5465668439129144,0.1,1.0,reacquire:road,1
1786524304.3737333,10.172832379021742,0.0,214.97562235002732,0.0,0.0,-0.34656684391291437,0.1,1.0,reacquire:road,1
1786524304.4622147,10.29863663924741,0.6310483870967742,29.79458559244341,0.0,0.0,-0.4965668439129144,0.16017485695019787,1.0,follow,1
1786524304.5548348,10.495509661517904,0.6431451612903225,31.33216705221667,0.0,0.0,-0.6465668439129144,0.16788306451612903,1.0,follow,1
1786524304.6647553,10.555779842538378,0.6915322580645161,31.794684111349667,0.0,0.0,-0.7756605002668853,0.17223790322580645,1.0,follow,1
1786524304.7700353,10.263539823219523,0.685483870967742,30.922052565472026,0.0,0.0,-0.8042799274376708,0.1716935483870968,1.0,follow,1
1786524304.8785968,10.119284346942871,0.685483870967742,27.829765623998707,0.0,0.0,-0.6042799274376708,0.12,1.0,avoid:white,1
1786524304.9742408,9.937297841649142,0.685483870967742,24.329765623998707,0.0,0.0,-0.55,0.12,1.0,avoid:white,1
1786524305.0763812,10.01545534693188,0.0,223.0,0.34132653061224494,0.0,-0.55,0.12,1.0,avoid:white,1
1786524305.17537,9.98401392723582,0.685483870967742,26.005040129739285,0.0,0.0,-0.7000000000000001,0.1716935483870968,1.0,follow,1
1786524305.273576,10.013067100879118,0.6794354838709677,28.260167657114202,0.0,0.0,-0.7817326464999632,0.1711491935483871,1.0,follow,1
1786524305.377876,10.04919947365579,0.685483870967742,29.855236066856193,0.0,0.0,-0.773483879997948,0.1716935483870968,1.0,follow,1
1786524305.4728963,9.950271854940583,0.685483870967742,30.429416600642273,0.0,0.0,-0.779128222064054,0.1716935483870968,1.0,follow,1
1786524305.5740514,10.073985353489409,0.6975806451612904,31.36678389764902,0.0,0.0001306506401881369,-0.7385138094182887,0.17278225806451616,1.0,follow,1
1786524305.6717253,10.034025928428331,0.6975806451612904,31.072801883284118,0.0,0.0,-0.7780790423590157,0.17278225806451616,1.0,follow,1
1786524305.7628293,10.074647625696507,0.655241935483871,33.48805239337338,0.0,0.0,-0.6621286250726579,0.16897177419354842,1.0,follow,1
1786524305.8654659,10.260432012142017,0.0,22.783025688096075,0.0,0.0,-0.6621286250726579,0.0,1.0,slow:lane_dropout,1
1786524305.9663868,10.154541430380274,0.782258064516129,36.98805239337338,0.0,0.0,-0.8096500558857087,0.06679697829968063,1.0,follow,1
1786524306.0729392,10.104231951016306,0.0,216.61230589779112,0.0,0.0,-0.8096500558857087,0.0,1.0,slow:lane_dropout,1
1786524306.1732302,9.958551436812712,0.0,217.20517392917696,0.0,0.0,-0.8096500558857087,0.0,1.0,slow:lane_dropout,1
1786524306.27517,9.964422837112572,0.0,220.6953319222521,0.0,0.0,-0.8096500558857087,0.0,1.0,slow:lane_dropout,1
1786524306.3760731,9.921269784830042,0.0,220.13687233281405,0.35816326530612247,0.0,-0.725,0.1,1.0,reacquire:road,1
1786524306.4965286,9.924492143368184,1.0,33.48805239337338,0.0,0.0,-0.82,0.1654095844996391,1.0,follow,1
1786524306.6109161,9.600834009150386,1.0,29.98805239337338,0.0,0.0,-0.82,0.2,1.0,follow,1
1786524306.71604,9.408269427603917,1.0,26.48805239337338,0.0,0.0,-0.82,0.27310662513079864,1.0,follow,1
1786524306.806138,9.460408186625385,0.0,184.2987116428352,0.2830994897959184,0.0,-0.82,0.02310662513079864,1.0,slow:lane_dropout,1
1786524306.896847,9.783156800158807,0.0,210.75006921160264,0.4887117346938776,0.0,-0.82,0.0,1.0,slow:lane_dropout,1
1786524306.9996088,9.994763027460479,0.0,210.9415318255531,0.45471938775510207,0.0,-0.82,0.0,1.0,slow:lane_dropout,1
1786524307.1119368,9.909998591415553,0.9758064516129032,29.98805239337338,0.0,0.0,-0.8150297591894616,0.06791390839989618,1.0,follow,1
1786524307.218423,9.761904884881467,0.0,213.9403728780058,0.42254464285714294,0.0,-0.8150297591894616,0.0,1.0,slow:lane_dropout,1
1786524307.3097672,9.670382989686344,0.0,214.9836512942301,0.4673469387755102,0.0,-0.8150297591894616,0.0,1.0,slow:lane_dropout,1
1786524307.4040031,9.947060034685823,0.0,215.72309649053736,0.4854591836734694,0.0,-0.8150297591894616,0.0,1.0,slow:lane_dropout,1
1786524307.5046191,10.079842117092184,0.0,214.96748455336524,0.4794961734693878,0.0,-0.725,0.1,1.0,reacquire:road,1
1786524307.5973732,10.059556572607816,0.0,215.21011294536788,0.49043367346938777,0.0,-0.725,0.1,1.0,reacquire:road,1
1786524307.6906672,10.193189288710713,0.0,215.19876849528436,0.48622448979591837,0.0,-0.725,0.1,1.0,reacquire:road,1
1786524307.7923505,10.307998256267284,0.9153225806451613,3.1836284634449763,0.0,0.0,-0.82,0.16036833529983596,1.0,follow,1
1786524307.90162,10.206237392601038,0.0,215.96026689232139,0.0,0.0,-0.82,0.0,1.0,slow:lane_dropout,1
1786524307.9975712,10.002673345774816,0.0,216.42058582281365,0.0,0.0,-0.82,0.0,1.0,slow:lane_dropout,1
1786524308.1003554,10.060525307417741,0.0,216.39334431516642,0.0,0.0,-0.82,0.0,1.0,slow:lane_dropout,1
1786524308.194313,10.001984549891658,1.0,3.0643557855513195,0.0,0.0,-0.82,0.06654503244999432,1.0,follow,1
1786524308.2926702,10.14709332524886,0.0,216.58675942927732,0.0,0.0,-0.82,0.0,1.0,slow:lane_dropout,1
1786524308.3861485,10.151874668173118,0.0,217.13414139440093,0.0,0.0,-0.82,0.0,1.0,slow:lane_dropout,1
1786524308.4815853,10.254318848033998,0.0,216.81059673128473,0.0,0.0,-0.82,0.0,1.0,slow:lane_dropout,1
1786524308.5760062,10.29221836950818,0.0,216.59086812616522,0.0,0.0,-0.7991253905993068,0.1,1.0,reacquire:road,1
1786524308.6698954,10.365680868417005,0.0,216.6950352090569,0.0,0.0,-0.725,0.1,1.0,reacquire:road,1
1786524308.7617154,10.40824585360302,0.0,216.59993771086602,0.0,0.0,-0.725,0.1,1.0,reacquire:road,1
1786524308.8528886,10.474822202943606,0.0,217.4326781234822,0.0,0.0,-0.725,0.1,1.0,reacquire:road,1
1786524308.9693563,10.609381327431555,1.0,3.178772627354596,0.0,0.0,-0.82,0.158308421600168,1.0,follow,0
1786524309.0628433,10.196688288071343,0.0,217.70615520068245,0.0,0.0,-0.82,0.0,1.0,slow:lane_dropout,0
1786524309.1632745,10.261411505818053,0.0,217.6616925599123,0.0,0.0,-0.82,0.0,1.0,slow:lane_dropout,0
1786524309.2713637,10.236133688098194,0.0,217.6560546058538,0.0,0.0,-0.82,0.0,1.0,slow:lane_dropout,0
1786524309.3651536,10.050671855757367,1.0,3.179783136054344,0.0,0.0,-0.82,0.06982621685015147,1.0,follow,0
1786524309.4645073,10.11180686050133,0.0,217.63156000477375,0.0,0.0,-0.82,0.0,1.0,slow:lane_dropout,0
1786524309.5602512,10.153329488365324,0.0,217.50483324377126,0.0,0.0,-0.82,0.0,1.0,slow:lane_dropout,0
1786524309.6537814,10.22181653420109,0.0,217.58955903119448,0.0,0.0,-0.82,0.0,1.0,slow:lane_dropout,0
1786524309.747443,10.305961940941406,0.0,217.67082253282481,0.0,0.0,-0.82,0.1,1.0,reacquire:road,0
1786524309.8471751,10.34951199737729,0.0,217.5531233850837,0.0,0.0,-0.725,0.1,1.0,reacquire:road,0
1786524309.9363828,10.318135681975356,0.0,217.7829356920449,0.0,0.0,-0.725,0.1,1.0,reacquire:road,0
1786524310.0334203,10.485556794673363,0.0,217.69863713648107,0.0,0.0,-0.725,0.1,1.0,reacquire:road,0
1786524310.1266193,10.457770387590717,0.0,218.20600204045843,0.0,0.0,-0.725,0.1,1.0,reacquire:road,0
1786524310.220182,10.509568781691964,0.0,217.81646292277026,0.0,0.0,-0.725,0.1,1.0,reacquire:road,0
1786524310.3162346,10.539788473581268,0.0,217.92636325262464,0.0,0.0,-0.725,0.1,1.0,reacquire:road,0
1786524310.4095466,10.513669287082335,0.0,217.88692037957279,0.0,0.0,-0.725,0.1,1.0,reacquire:road,0
1786524310.5058956,10.547742333518588,0.0,217.82081960728743,0.0,0.0,-0.725,0.1,1.0,reacquire:road,0
1786524310.6149588,10.497572931894172,0.0,217.9852880000815,0.0,0.0,-0.725,0.1,1.0,reacquire:road,0
1786524310.70888,10.259139297814292,0.0,217.85202768317555,0.0,0.0,-0.725,0.1,1.0,reacquire:road,0
1786524310.8038769,10.331347317118826,0.0,217.92605542179413,0.0,0.0,-0.725,0.1,1.0,reacquire:road,0
1786524310.9038994,10.375868906737757,0.0,218.10135657073735,0.0,0.0,-0.725,0.1,1.0,reacquire:road,0
1786524310.9992795,10.284890237487648,0.0,217.66109219813433,0.0,0.0,-0.725,0.1,1.0,reacquire:road,0
1786524311.0931344,10.331673351003076,0.0,218.07538835451678,0.0,0.0,-0.725,0.1,1.0,reacquire:road,0
1786524311.1880624,10.39922450276639,0.0,217.8516868813887,0.0,0.0,-0.725,0.1,1.0,reacquire:road,0
1786524311.2833674,10.42365034174057,0.0,217.93938211862525,0.0,0.0,-0.725,0.1,1.0,reacquire:road,0
1786524311.376998,10.434422405875107,0.0,217.7921399401904,0.0,0.0,-0.725,0.1,1.0,reacquire:road,0
1786524311.4737022,10.488416788441667,0.0,217.93209868476242,0.0,0.0,-0.725,0.1,1.0,reacquire:road,0
1786524311.5726671,10.427453850174963,0.0,217.78804596923857,0.0,0.0,-0.725,0.1,1.0,reacquire:road,0
1786524311.6661327,10.402705949100296,0.0,217.78558314361055,0.0,0.0,-0.725,0.1,1.0,reacquire:road,0
1786524311.7642293,10.447172730712538,0.0,217.81074599113586,0.0,0.0,-0.725,0.1,1.0,reacquire:road,0
1786524311.8584375,10.395783891946605,0.0,217.95657438684952,0.0,0.0,-0.725,0.1,1.0,reacquire:road,0
1786524311.9536974,10.436245217716897,0.0,217.69517337898424,0.0,0.0,-0.725,0.1,1.0,reacquire:road,0
1786524312.0558965,10.430857241381526,1.0,2.92003083743462,0.0,0.0,-0.82,0.16244412850005574,1.0,follow,0
1786524312.1551642,10.314682642592366,0.0,217.58970591659133,0.0,0.0,-0.82,0.0,1.0,slow:lane_dropout,0
1786524312.2548616,10.282157844312655,0.0,217.70404007046434,0.0,0.0,-0.82,0.0,1.0,slow:lane_dropout,0
1786524312.3469613,10.224441301562559,0.0,217.7670847542407,0.0,0.0,-0.82,0.0,1.0,slow:lane_dropout,0
1786524312.4457219,10.357733234423648,0.0,217.81407583861707,0.0,0.0,-0.725,0.1,1.0,reacquire:road,0
1786524312.5491931,10.3164061828969,0.0,218.0777127792036,0.0,0.0,-0.725,0.1,1.0,reacquire:road,0
1786524312.6421273,10.180088777791738,0.0,217.84412509137272,0.0,0.0,-0.725,0.1,1.0,reacquire:road,0
1786524312.735824,10.30002422562692,1.0,3.0005173119692294,0.0,0.0,-0.82,0.16029815480010257,1.0,follow,0
1786524312.8324916,10.368551675860814,1.0,2.9943988690238252,0.0,0.0,-0.82,0.2,1.0,follow,0
1786524312.932378,10.351550001940682,0.0,218.02063758623393,0.0,0.0,-0.82,0.0,1.0,slow:lane_dropout,0
1786524313.030626,10.296856616117237,0.0,217.7975250181672,0.0,0.0,-0.82,0.0,1.0,slow:lane_dropout,0
1786524313.1275535,10.237285992764816,0.0,217.73986812530387,0.0,0.0,-0.82,0.0,1.0,slow:lane_dropout,0
1786524313.2240622,10.289055173658461,1.0,3.012306149337505,0.0,0.0,-0.82,0.06192757545009045,1.0,follow,0
1786524313.3213046,10.30017553305667,0.0,217.88742708960598,0.0,0.0,-0.82,0.0,1.0,slow:lane_dropout,0
1786524313.4239552,10.300295109658022,0.0,217.8782909190438,0.0,0.0,-0.82,0.0,1.0,slow:lane_dropout,0
1786524313.5201418,10.19757241918456,0.0,217.85224587932214,0.0,0.0,-0.82,0.0,1.0,slow:lane_dropout,0
1786524313.6179843,10.208181530119553,0.0,217.89787774180306,0.0,0.0,-0.82,0.1,1.0,reacquire:road,0
1786524313.7190115,10.21944833189208,0.0,217.87592859450652,0.0,0.0,-0.725,0.1,1.0,reacquire:road,0
1786524313.816475,10.161231283031388,0.0,217.88844903847058,0.0,0.0,-0.725,0.1,1.0,reacquire:road,0
1786524313.9105995,10.159231454998476,0.0,217.88212700942705,0.0,0.0,-0.725,0.1,1.0,reacquire:road,0
1786524314.0017536,10.27966480263111,0.0,217.8411611242975,0.0,0.0,-0.725,0.1,1.0,reacquire:road,0
1786524314.1012614,10.40036006366477,0.0,217.82295934272315,0.0,0.0,-0.725,0.1,1.0,reacquire:road,0
1786524314.196051,10.33846832338044,0.0,217.93067342400278,0.0,0.0,-0.725,0.1,1.0,reacquire:road,0
1786524314.2884421,10.395130159771371,0.0,217.95155693343756,0.0,0.0,-0.725,0.1,1.0,reacquire:road,0
1786524314.3821528,10.484952815319076,0.0,217.7289230575779,0.0,0.0,-0.725,0.1,1.0,reacquire:road,0
1786524314.480553,10.522139832087621,0.0,217.95315148938997,0.0,0.0,-0.725,0.1,1.0,reacquire:road,0
1786524314.5748847,10.433733796756744,0.0,217.90788410650381,0.0,0.0,-0.725,0.1,1.0,reacquire:road,0
1786524314.6683192,10.464619173162596,0.0,217.8459779062989,0.0,0.0,-0.725,0.1,1.0,reacquire:road,0
1786524314.7747257,10.517684237947996,0.0,217.89338612540197,0.0,0.0,-0.725,0.1,1.0,reacquire:road,0
1786524314.873747,10.278062188136552,0.0,217.62555424169932,0.0,0.0,-0.725,0.1,1.0,reacquire:road,0
1786524314.9738936,10.264199385792686,0.0,217.92344553537214,0.0,0.0,-0.725,0.1,1.0,reacquire:road,0
1786524315.069512,10.210970664243623,0.0,217.87582578954448,0.0,0.0,-0.725,0.1,1.0,reacquire:road,0
1786524315.176461,10.25632706473961,0.0,217.97630384080702,0.0,0.0,-0.725,0.1,1.0,reacquire:road,0
1786524315.2717092,10.08061585460803,0.0,217.8707369424113,0.0,0.0,-0.725,0.1,1.0,reacquire:road,0
1786524315.365362,10.16089287943603,0.0,217.83591463499718,0.0,0.0,-0.725,0.1,1.0,reacquire:road,0
1786524315.4635322,10.263418652181072,0.0,217.72510912407694,0.0,0.0,-0.725,0.1,1.0,reacquire:road,0
1786524315.5613005,10.205297226309776,0.0,217.75975695555329,0.0,0.0,-0.725,0.1,1.0,reacquire:road,0
1786524315.655394,10.224287467191065,0.0,217.99025630539387,0.0,0.0,-0.725,0.1,1.0,reacquire:road,0
1786524315.75495,10.338502188469544,0.0,217.80570839813956,0.0,0.0,-0.725,0.1,1.0,reacquire:road,0
1786524315.8462853,10.280439369892244,0.0,217.85142566901,0.0,0.0,-0.725,0.1,1.0,reacquire:road,0
1786524315.9480474,10.388832132749833,0.0,218.0174255573337,0.0,0.0,-0.725,0.1,1.0,reacquire:road,0
1786524316.0414717,10.304254144155529,0.0,217.81483154562986,0.0,0.0,-0.725,0.1,1.0,reacquire:road,0
1786524316.1468744,10.376040032838231,0.0,217.6426257518773,0.0,0.0,-0.725,0.1,1.0,reacquire:road,0
1786524316.2494261,10.204766154868189,0.0,217.6724250694071,0.0,0.0,-0.725,0.1,1.0,reacquire:road,0
1786524316.3510706,10.112498593388686,0.0,217.89005774109103,0.0,0.0,-0.725,0.1,1.0,reacquire:road,0
1786524316.4531093,10.030275698860706,0.0,217.85415138068151,0.0,0.0,-0.725,0.1,1.0,reacquire:road,0
1786524316.546341,10.012732250939223,0.0,217.79625755859146,0.0,0.0,-0.725,0.1,1.0,reacquire:road,0
1786524316.6403456,10.140144348237454,0.0,217.71102873820016,0.0,0.0,-0.725,0.1,1.0,reacquire:road,0
1786524316.738912,10.240824755845523,0.0,217.93183679830375,0.0,0.0,-0.725,0.1,1.0,reacquire:road,0
1786524316.837522,10.208527221239091,0.0,217.60702141585165,0.0,0.0,-0.725,0.1,1.0,reacquire:road,0
1786524316.9311237,10.223091008754036,0.0,215.72716045868015,0.0,0.0,-0.725,0.1,1.0,reacquire:road,0
1786524317.027923,10.294926099037516,1.0,2.111172108115282,0.0,0.0,-0.82,0.16142351474954922,1.0,follow,0
1786524317.132973,10.299962452708007,0.939516129032258,5.611172108115282,0.48469387755102045,0.0,-0.82,0.19455645161290325,1.0,follow,0
1786524317.2351463,10.161685793053492,1.0,4.294554077908018,0.0,0.0,-0.82,0.2,1.0,follow,0
1786524317.3340018,10.081229767693259,0.0,213.13902970240474,0.34365433673469387,0.0,-0.82,0.0,1.0,slow:lane_dropout,0
1786524317.443541,10.08818517928528,0.0,209.82505163929446,0.0,0.0,-0.82,0.0,1.0,slow:lane_dropout,0
1786524317.5609326,9.896534942981301,0.0,208.15094322965774,0.3405612244897959,0.0,-0.82,0.0,1.0,slow:lane_dropout,0
1786524317.666409,9.623553960118052,0.0,195.21792038624233,0.13673469387755102,0.0,-0.82,0.1,1.0,reacquire:road,0
1786524317.7636163,9.58783287237317,0.0,191.64742850433154,0.13775510204081634,0.0,-0.725,0.1,1.0,reacquire:road,0
1786524317.862938,9.735816705317498,0.6673387096774193,7.794554077908018,0.13501275510204083,0.0,-0.82,0.16293721980014197,1.0,follow,0
1786524317.9626212,9.781786979077241,0.685483870967742,11.294554077908018,0.5082908163265306,0.0,-0.82,0.1716935483870968,1.0,follow,0
1786524318.0626004,9.824519197853652,0.0,188.2899406296646,0.0,0.0,-0.82,0.0,1.0,slow:lane_dropout,0
1786524318.1580107,9.884682858846153,0.0,208.36300701626857,0.3487244897959184,0.0,-0.82,0.0,1.0,slow:lane_dropout,0
1786524318.258218,9.918610989063819,0.0,206.93633533844255,0.38217474489795916,0.0,-0.82,0.0,1.0,slow:lane_dropout,0
1786524318.3579676,10.00327745628745,0.0,205.35655795004303,0.33667091836734697,0.0,-0.82,0.1,1.0,reacquire:road,0
1786524318.4563823,9.986472646788837,0.0,199.93474630331636,0.3405612244897959,0.0,-0.725,0.1,1.0,reacquire:road,0
1786524318.5564466,10.059474835454402,0.0,198.64214701878737,0.41811224489795923,0.0,-0.725,0.1,1.0,reacquire:road,0
1786524318.6494248,10.032676615572282,0.0,202.53460311274296,0.49604591836734696,0.0,-0.725,0.1,1.0,reacquire:road,0
1786524318.74697,10.180636851053494,0.0,206.8217021365977,0.41237244897959185,0.0,-0.725,0.1,1.0,reacquire:road,0
1786524318.8429585,10.193715150823644,0.0,209.8658016592222,0.3451530612244898,0.0,-0.725,0.1,1.0,reacquire:road,0
1786524318.9540818,10.242612320966284,0.0,218.05409780093316,0.0,0.0,-0.725,0.1,1.0,reacquire:road,0
1786524319.0527601,9.9858408395113,0.0,10.624343557220307,0.0,0.0002613012803762738,-0.725,0.1,1.0,reacquire:road,0
1786524319.1434827,10.026043616776928,0.0,15.771566977421443,0.0,0.0007839038411288215,-0.725,0.1,1.0,reacquire:road,0
1786524319.231436,10.222833519839078,0.7036290322580645,20.64754005440389,0.0,0.0010452051215050953,-0.55,0.12,1.0,avoid:white,0
1786524319.3257477,10.434669578714825,0.7217741935483871,20.095616216500737,0.0,0.010582701855239091,-0.55,0.12,1.0,avoid:white,0
1786524319.417914,10.486589726569083,0.0,23.29246559891851,0.0,0.009276195453357722,-0.55,0.12,1.0,avoid:white,0
1786524319.5010014,10.558154784274501,0.0,150.5146551724083,0.1774872448979592,0.015939378102952706,-0.725,0.1,1.0,reacquire:road,0
1786524319.5997891,10.85215057877876,0.0,9.540946702870983,0.0,0.1563888163051999,-0.725,0.1,1.0,reacquire:road,0
1786524319.6831594,10.712822773321987,0.0,7.597388520936619,0.0,0.17637836425398484,-0.725,0.1,1.0,reacquire:road,0
1786524319.7635696,10.95196849382781,0.0,6.168360804320912,0.0,0.182257643062451,-0.5249999999999999,0.1,1.0,reacquire:road,0
1786524319.8415635,11.238696808343917,0.0,130.77378154450844,0.2066964285714286,0.12333420433760126,-0.725,0.1,1.0,reacquire:road,0
1786524319.9243026,11.554523469551162,0.0,192.91205041400775,0.214795918367347,0.0828325058792788,-0.5249999999999999,0.12,1.0,avoid:white,0
1786524320.008515,11.69385277727745,0.0,222.19881588999266,0.2080357142857143,0.06245100600992945,-0.32499999999999984,0.12,1.0,avoid:white,0
1786524320.093507,11.717680923513868,0.0,223.0,0.0,0.026522079958191794,-0.12499999999999986,0.12,1.0,avoid:white,0
1786524320.1831956,11.725863906655817,0.0,223.0,0.29866071428571433,0.0001306506401881369,0.07500000000000014,0.1,1.0,reacquire:road,0
1786524320.2634807,11.619477556227375,0.0,223.0,0.290625,0.021557355631042593,0.27500000000000013,0.1,1.0,reacquire:road,0
1786524320.3482575,11.790300383235707,0.0,0.0,0.0,0.004572772406584792,0.47500000000000014,0.1,1.0,reacquire:road,0
1786524320.4199193,11.750674454699979,0.0,0.0,0.0,0.12660047034230468,0.6750000000000002,0.1,1.0,reacquire:road,0
1786524320.5084264,12.033513328990937,0.0,223.0,0.3798469387755102,0.09093284557094329,0.725,0.1,1.0,reacquire:road,0
1786524320.5986252,12.008915444053937,0.0,223.0,0.2181122448979592,0.007055134570159394,0.725,0.1,1.0,reacquire:road,0
1786524320.6790965,11.853993456582026,0.0,223.0,0.28383290816326534,0.1263391690619284,0.725,0.1,1.0,reacquire:road,0
1786524320.7601314,11.972029107736189,0.0,95.9664766407285,0.0,0.05252155735563104,0.5249999999999999,0.12,1.0,avoid:white,0
1786524320.844641,12.046519179030359,0.0,178.36126906770505,0.0,0.006532532009406846,0.32499999999999984,0.12,1.0,avoid:white,0
1786524320.9312568,11.99497900628624,0.0,150.64260896336395,0.0,0.027567285079696892,0.12499999999999986,0.12,1.0,avoid:white,0
1786524321.014591,11.907141761649761,0.0,0.0,0.0,0.03566762477136138,0.32499999999999984,0.1,1.0,reacquire:road,0
1786524321.1031954,11.930707398597812,0.0,78.00757169659255,0.0,0.0006532532009406846,0.5249999999999999,0.1,1.0,reacquire:road,0
1786524321.1854334,11.755254658625311,0.0,207.32680570244915,0.0,0.006009929448654298,0.725,0.1,1.0,reacquire:road,0
1786524321.270563,11.83737023907016,0.0,211.4953609745652,0.0,0.023255813953488372,0.725,0.1,1.0,reacquire:road,0
1786524321.355275,11.869134970380257,0.0,149.58566567237062,0.0,0.06976744186046512,0.5249999999999999,0.1,1.0,reacquire:road,0
1786524321.4389172,11.844467696565323,0.0,99.38186618731629,0.0,0.06493336817350405,0.32499999999999984,0.1,1.0,reacquire:road,0
1786524321.5186033,11.840438339007942,0.0,206.68894599418226,0.0,0.03227070812646982,0.12499999999999986,0.1,1.0,reacquire:road,0
1786524321.5962222,12.00321923215153,0.0,223.0,0.0,0.058270185523909064,-0.07500000000000014,0.12,1.0,avoid:white,0
1786524321.6753945,12.206551026353365,0.0,223.0,0.0,0.06218970472955317,-0.27500000000000013,0.12,1.0,avoid:white,0
1786524321.758043,12.250494351802272,0.0,0.0,0.3142857142857143,0.05487326887901751,-0.47500000000000014,0.12,1.0,avoid:white,0
1786524321.832053,12.25460086789409,0.0,0.0,0.3930165816326531,0.06754638097726678,-0.6750000000000002,0.1,1.0,reacquire:road,0
1786524321.9032261,12.51094594383607,0.0,18.85514485473982,0.38877551020408163,0.0749934674679906,-0.47500000000000014,0.1,1.0,reacquire:road,0
1786524321.979541,12.812693785493307,0.0,223.0,0.3439094387755102,0.06140580088842435,-0.6750000000000002,0.1,1.0,reacquire:road,0
1786524322.0581112,12.812568042466758,0.0,0.0,0.30114795918367354,0.05382806375751241,-0.725,0.1,1.0,reacquire:road,0
1786524322.1295605,12.852228404605652,0.0,0.0,0.0,0.051868304154690355,-0.725,0.1,1.0,reacquire:road,0
1786524322.217712,13.056108392640681,0.0,223.0,0.0,0.01959759602822054,-0.725,0.1,1.0,reacquire:road,0
1786524322.313786,12.689742066853217,0.0,223.0,0.0,0.003527567285079697,-0.725,0.1,1.0,reacquire:road,0
1786524322.3994136,12.262491881537757,0.0,223.0,0.0,0.006532532009406846,-0.55,0.12,1.0,avoid:white,0
1786524322.482427,12.148235939584493,0.0,219.3824993959809,0.0,0.0,-0.55,0.12,1.0,avoid:white,0
1786524322.5685456,12.13659763691914,0.0,223.0,0.0,0.0,-0.55,0.12,1.0,avoid:white,0
1786524322.6569417,12.017226510727244,0.0,219.01151269510325,0.0,0.0,-0.725,0.1,1.0,reacquire:road,0
1786524322.742863,11.873826749403248,0.0,220.3420085604297,0.0,0.0,-0.725,0.1,1.0,reacquire:road,0
1786524322.8278162,11.845598407201742,0.0,219.8906772774194,0.0,0.0,-0.725,0.1,1.0,reacquire:road,0
1786524322.9082844,11.81419307604261,0.0,219.6722823051769,0.0,0.0,-0.725,0.1,1.0,reacquire:road,0
1786524322.9881558,11.93496196828723,0.0,217.84740168226193,0.0,0.0,-0.725,0.1,1.0,reacquire:road,0
1786524323.0837896,12.071405480946284,0.0,6.869766530479364,0.0,0.0,-0.725,0.1,1.0,reacquire:road,0
1786524323.1740952,11.748310557827743,0.0,11.945376804064693,0.0,0.0,-0.725,0.1,1.0,reacquire:road,0
1786524323.2540872,11.57994051628727,0.0,217.0698583370682,0.0,0.0,-0.725,0.1,1.0,reacquire:road,0
1786524323.3437216,11.807466081824924,0.0,14.498914768662587,0.0,0.0,-0.55,0.12,1.0,avoid:white,0
1786524323.4254668,11.67576572998343,0.0,219.542441540874,0.0,0.0,-0.55,0.12,1.0,avoid:white,0
1786524323.5130084,11.73814512977756,0.0,6.1350297808851,0.0,0.0,-0.55,0.12,1.0,avoid:white,0
1786524323.6024199,11.700852876302113,0.0,6.8381659555244845,0.0,0.0,-0.725,0.1,1.0,reacquire:road,0
1786524323.6900733,11.617687200711835,0.0,6.291534117110723,0.0,0.0,-0.725,0.1,1.0,reacquire:road,0
1786524323.7775416,11.574095470937836,0.9092741935483871,5.955741964907688,0.0,0.0,-0.82,0.15701890155050935,1.0,follow,0
1786524323.8752797,11.511012428672075,0.9032258064516129,6.089509213377616,0.0,0.0,-0.82,0.19129032258064516,1.0,follow,0
1786524323.963334,11.256812312725712,0.9153225806451613,6.473309140721548,0.0,0.0,-0.82,0.19237903225806452,1.0,follow,0
1786524324.0546381,11.307404650626392,0.9274193548387096,6.440401379841388,0.0,0.0,-0.82,0.12,1.0,avoid:white,0
1786524324.1490388,11.206762491547696,0.0,6.2441323292789495,0.0,0.0,-0.6249999999999999,0.12,1.0,avoid:white,0
1786524324.2310984,11.117566604828427,0.0,223.0,0.359375,0.0027436634439508755,-0.55,0.12,1.0,avoid:white,0
1786524324.3177493,11.322047415186162,0.0,15.473345118222909,0.0,0.008753592892605173,-0.55,0.0,1.0,slow:lane_dropout,0
1786524324.4135776,11.358911245095223,0.0,8.062548555446696,0.0,0.027044682518944343,-0.55,0.0,1.0,slow:lane_dropout,0
1786524324.4993737,11.174846383692488,0.0,187.19764890571068,0.0,0.002221060883198328,-0.55,0.0,1.0,slow:lane_dropout,0
1786524324.5919967,11.274379477364826,0.0,223.0,0.34846938775510206,0.0,-0.725,0.1,1.0,reacquire:road,0
1786524324.6768537,11.176362575743344,0.0,208.99151954020354,0.31581632653061226,0.0,-0.725,0.1,1.0,reacquire:road,0
1786524324.7663162,11.308969940523593,0.0,217.00626089433553,0.0,0.0,-0.55,0.12,1.0,avoid:white,0
1786524324.8619218,11.247352697008951,0.0,215.22022852680726,0.0,0.0,-0.55,0.12,1.0,avoid:white,0
1786524324.9552846,11.072538952068733,0.0,223.0,0.0,0.0018291089626339169,-0.55,0.12,1.0,avoid:white,0
1786524325.0549295,11.037687623604016,0.0,217.76181963454658,0.0,0.0,-0.35000000000000003,0.1,1.0,reacquire:road,0
1786524325.1530664,10.794017221894226,0.0,216.54433296484416,0.0,0.0,-0.15000000000000002,0.1,1.0,reacquire:road,0
1786524325.2496593,10.735040528161711,0.0,218.193265419531,0.3303252551020408,0.003004964724327149,0.049999999999999975,0.1,1.0,reacquire:road,0
1786524325.3558218,10.615833309080386,0.0,218.84740991018796,0.0,0.0,0.24999999999999997,0.1,1.0,reacquire:road,0
1786524325.457876,10.404675027354795,0.0,220.82836634506896,0.0,0.005226025607525477,0.049999999999999975,0.12,1.0,avoid:white,0
1786524325.552361,10.26411684093624,0.0,217.42243814885308,0.0,0.015416775542200157,-0.15000000000000002,0.12,1.0,avoid:white,0
1786524325.6484919,10.353388121702618,0.0,141.17658205742543,0.0,0.03828063757512412,-0.35000000000000003,0.12,1.0,avoid:white,0
1786524325.7469134,10.314101831415254,0.0,191.40987232418536,0.0,0.03867258949568853,-0.55,0.1,1.0,reacquire:road,0
1786524325.84055,10.328325142405827,0.0,71.42178973717569,0.0,0.05212960543506663,-0.725,0.1,1.0,reacquire:road,0
1786524325.9414446,10.401529662974607,0.0,223.0,0.0,0.03867258949568853,-0.725,0.1,1.0,reacquire:road,0
1786524326.0459974,10.29193132969441,0.0,217.08631010646184,0.0,0.0364515286124902,-0.725,0.1,1.0,reacquire:road,0
1786524326.1432652,10.14542398331791,0.0,223.0,0.366390306122449,0.03919519205644108,-0.725,0.1,1.0,reacquire:road,0
1786524326.2334063,10.18560282057482,0.45564516129032256,93.69468105423925,0.37098214285714287,0.0354063234909851,-0.55,0.12,1.0,avoid:white,0
1786524326.3280885,10.377655089107623,0.0,212.97690821608245,0.308577806122449,0.017115233864645935,-0.55,0.12,1.0,avoid:white,0
1786524326.4260013,10.391795574199524,0.0,212.83059199074694,0.0,0.003266266004703423,-0.55,0.12,1.0,avoid:white,0
1786524326.5351229,10.368704148967844,0.0,213.23293027883872,0.0,0.0026130128037627383,-0.725,0.1,1.0,reacquire:road,0
1786524326.6377766,10.115866526872692,0.0,210.5504947317893,0.3475446428571429,0.0018291089626339169,-0.725,0.1,1.0,reacquire:road,0
1786524326.7413785,10.053759101975446,0.0,206.90197428368927,0.0,0.004572772406584792,-0.725,0.1,1.0,reacquire:road,0
1786524326.841994,9.980080564916847,0.0,205.2354259560612,0.3123086734693878,0.005487326887901751,-0.725,0.1,1.0,reacquire:road,0
1786524326.9469519,9.959626512186068,0.0,201.5058295626993,0.37589285714285714,0.00339691664489156,-0.725,0.1,1.0,reacquire:road,0
1786524327.0363493,9.87949160251004,0.0,221.5810716594332,0.2823979591836735,0.003135615364515286,-0.725,0.1,1.0,reacquire:road,0
1786524327.129657,10.101413907674255,0.0,211.5268904000298,0.2799107142857143,0.0009145544813169584,-0.5249999999999999,0.1,1.0,reacquire:road,0
1786524327.2121658,10.273843844957971,0.0,206.16974036808364,0.29470663265306124,0.0,-0.725,0.1,1.0,reacquire:road,0
1786524327.3129718,10.643094931115694,0.0,212.95505064598038,0.3122448979591837,0.0,-0.725,0.1,1.0,reacquire:road,0
1786524327.4242826,10.412232741327449,0.0,223.0,0.3670918367346939,0.0005226025607525476,-0.725,0.1,1.0,reacquire:road,0
1786524327.5300753,10.195944759489212,0.0,223.0,0.3081632653061225,0.0,-0.725,0.1,1.0,reacquire:road,0
1786524327.6428657,10.052209123075766,0.0,216.8099992960353,0.3691964285714286,0.0,-0.725,0.1,1.0,reacquire:road,0
1786524327.7321348,9.814434516036915,0.0,219.21814201573733,0.2871492346938776,0.0,-0.725,0.1,1.0,reacquire:road,0
1786524327.8284557,10.069083024683389,0.0,216.8064096311043,0.3125,0.0,-0.725,0.1,1.0,reacquire:road,0
1786524327.9414241,10.146464006563921,1.0,11.429445545284151,0.0,0.0,-0.82,0.16216533570022876,1.0,follow,0
1786524328.055472,9.892637436467849,1.0,11.36199271996267,0.0,0.0,-0.82,0.2,1.0,follow,0
1786524328.166979,9.664786644809801,0.0,7.767514975576594,0.4589285714285714,0.0,-0.82,0.0,1.0,slow:lane_dropout,0
1786524328.270646,9.50298799810879,0.0,6.794727441911277,0.45918367346938777,0.0,-0.82,0.0,1.0,slow:lane_dropout,0
1786524328.3746686,9.549201911575308,0.0,4.996027140958972,0.45095663265306124,0.0,-0.82,0.0,1.0,slow:lane_dropout,0
1786524328.4719381,9.576774920216891,0.0,9.155604305754537,0.3923469387755102,0.0,-0.82,0.1,1.0,reacquire:road,0
1786524328.5728846,9.707404670681269,0.0,5.9850748328194925,0.46543367346938785,0.0,-0.6249999999999999,0.1,1.0,reacquire:road,0
1786524328.6752899,9.756238090668543,0.0,9.984734698649874,0.19234693877551023,0.0,-0.4249999999999998,0.1,1.0,reacquire:road,0
1786524328.7783124,9.756073256656515,0.0,24.73595565755909,0.4783163265306123,0.0,-0.2249999999999998,0.1,1.0,reacquire:road,0
1786524328.8942225,9.730008155519167,0.7096774193548387,12.215854486907801,0.17755102040816328,0.0,-0.3749999999999998,0.16752722144983637,1.0,follow,0
1786524328.99503,9.521340812356566,0.7278225806451613,15.715854486907801,0.4897959183673469,0.0,-0.5249999999999998,0.17550403225806452,1.0,follow,0
1786524329.1166074,9.541257514922219,0.8911290322580645,12.402004727876406,0.4887755102040816,0.0,-0.6749999999999998,0.1902016129032258,1.0,follow,0
1786524329.223239,9.321107701483621,0.8971774193548387,12.284826692672329,0.48367346938775513,0.0,-0.82,0.1907459677419355,1.0,follow,0
1786524329.338408,9.334483594275753,0.9455645161290323,13.606141145659372,0.4882015306122449,0.0,-0.6249999999999998,0.12,1.0,avoid:white,0
1786524329.44584,9.204909376869454,0.9455645161290323,14.268991184427026,0.14604591836734693,0.0,-0.55,0.12,1.0,avoid:white,0
1786524329.559708,9.216807719029555,0.939516129032258,13.82303299631081,0.140625,0.0,-0.7000000000000001,0.1901610383498064,1.0,follow,0
1786524329.6700652,9.132361687016868,0.969758064516129,13.53063706201119,0.12755102040816327,0.0,-0.82,0.1972782258064516,1.0,follow,0
1786524329.7818074,9.116579175270651,0.0,10.965610287185612,0.26237244897959183,0.0,-0.82,0.0,1.0,slow:lane_dropout,0
1786524329.900793,9.07158025625731,0.7516935483870968,17.030637062011188,0.11626275510204082,0.0,-0.82,0.07310283045017059,1.0,avoid,0
1786524330.0163953,8.94280651555928,0.0,9.21505749712913,0.07589285714285715,0.0,-0.6873297630925197,0.12,1.0,avoid:white,0
1786524330.1322048,8.876391318211148,0.0,10.001922640485498,0.08903061224489796,0.0,-0.55,0.12,1.0,avoid:white,0
1786524330.2439368,8.847715103589792,0.0,8.73241580769934,0.08456632653061226,0.0002613012803762738,-0.55,0.0,1.0,slow:lane_dropout,0
1786524330.352323,8.87069423971256,0.0,7.980072390144787,0.0,0.0,-0.55,0.0,1.0,slow:lane_dropout,0
1786524330.4457486,8.941446860989245,0.5100806451612904,20.530637062011188,0.05178571428571429,0.0005226025607525476,-0.466171827760404,0.07046484965048876,1.0,follow,0
1786524330.5360951,9.286308360947109,0.4798387096774194,24.030637062011188,0.0,0.0,-0.43845323092330046,0.13140756200004944,1.0,follow,0
1786524330.6257813,9.63905092709055,0.0,175.49855928802026,0.0,0.0,-0.55,0.12,1.0,avoid:white,0
1786524330.710774,9.941340518794265,0.0,223.0,0.0,0.0,-0.55,0.12,1.0,avoid:white,0
1786524330.7993467,10.317913275969378,0.39249999999999996,27.530637062011188,0.24818239795918368,0.0,-0.55,0.12,1.0,avoid:white,0
1786524330.8846083,10.466455892145454,0.0,208.27129488158857,0.0,0.0,-0.55,0.0,1.0,slow:lane_dropout,0
1786524330.9730852,10.728481434925147,0.4616935483870968,31.030637062011188,0.0,0.0,-0.7000000000000001,0.05519427549993452,1.0,follow,0
1786524331.0563164,10.872217681408303,0.3951612903225806,32.05737224625884,0.2545918367346939,0.0014371570420695062,-0.82,0.11197690529993451,1.0,follow,0
1786524331.138463,11.10082509706664,0.0,60.33506926886071,0.2554209183673469,0.00039195192056441075,-0.82,0.0,1.0,slow:lane_dropout,0
1786524331.2238913,11.294202260100437,0.3616820276497696,35.55737224625884,0.0,0.0020904102430101905,-0.82,0.05386274205002337,1.0,follow,0
1786524331.310539,11.408140334209977,0.0,223.0,0.0,0.006009929448654298,-0.82,0.0,1.0,slow:lane_dropout,0
1786524331.4260106,11.431054664478484,0.8911290322580645,32.05737224625884,0.0,0.0073164358505356675,-0.8,0.12,1.0,avoid:white,0
1786524331.5379415,10.872187941074543,0.0,6.046024082621895,0.0,0.010452051215050953,-0.6,0.12,1.0,avoid:white,0
1786524331.6561515,10.4874728819639,0.0,5.395824694173758,0.0,0.007839038411288215,-0.6,0.0,1.0,slow:lane_dropout,0
1786524331.7667708,10.079341781712031,0.0,5.921818868528433,0.0,0.01188920825712046,-0.6,0.0,1.0,slow:lane_dropout,0
1786524331.8758516,9.877052889966098,0.0,6.2976296989562215,0.0,0.015155474261823882,-0.3999999999999999,0.1,1.0,reacquire:road,0
1786524331.9748743,9.724914507227108,0.0,199.0051383399231,0.0,0.01737653514502221,-0.19999999999999993,0.1,1.0,reacquire:road,0
1786524332.0722234,9.80065227762954,0.4254032258064516,35.55737224625884,0.0,0.018160438986151033,-0.34999999999999987,0.14828629032258064,1.0,follow,0
1786524332.185064,9.909457667950628,0.0,4.614063377545712,0.0,0.018944342827279855,-0.34999999999999987,0.0,1.0,slow:lane_dropout,0
1786524332.2719731,9.692187397931052,0.0,223.0,0.0,0.018552390906715444,-0.5499999999999999,0.12,1.0,avoid:white,0
1786524332.3553212,10.059555731001112,0.0,223.0,0.0,0.017768487065586622,-0.55,0.12,1.0,avoid:white,0
1786524332.4669726,10.443302971434784,0.0,5.057058094268946,0.0,0.015155474261823882,-0.55,0.12,1.0,avoid:white,0
1786524332.574752,10.145400685403555,0.0,6.037508709008307,0.0,0.014110269140318788,-0.55,0.0,1.0,slow:lane_dropout,0
1786524332.6732955,9.980567449849124,0.0,223.0,0.0,0.015808727462764568,-0.55,0.0,1.0,slow:lane_dropout,0
1786524332.7719893,10.01104551620697,0.0,48.86130897318333,0.0,0.011758557616932322,-0.35000000000000003,0.1,1.0,reacquire:road,0
1786524332.868867,10.037856637039809,0.0,81.54835831717628,0.0,0.01149725633655605,-0.15000000000000002,0.1,1.0,reacquire:road,0
1786524332.9839015,10.085498002606021,0.0,8.058056263311844,0.0,0.015547426182388293,0.049999999999999975,0.1,1.0,reacquire:road,0
1786524333.082867,9.813510565427283,0.0,55.29260651629227,0.0,0.015155474261823882,0.24999999999999997,0.1,1.0,reacquire:road,0
1786524333.1883264,9.872356762453641,0.0,9.718778092305307,0.0,0.017768487065586622,0.049999999999999975,0.12,1.0,avoid:white,0
1786524333.298547,9.789673521937505,0.0,9.291633673150542,0.0,0.012542461458061144,-0.15000000000000002,0.12,1.0,avoid:white,0
1786524333.4023955,9.6390946890797,0.842741935483871,7.918251949327043,0.0,0.015024823621635746,-0.35000000000000003,0.12,1.0,avoid:white,0
1786524333.5060365,9.638997055423683,0.8306451612903225,6.792652992332924,0.0,0.014632871701071335,-0.5,0.18475806451612906,1.0,follow,0
1786524333.591374,9.645244499778334,0.5766129032258065,10.292652992332924,0.0,0.008753592892605173,-0.44519640379718783,0.1618951612903226,1.0,follow,0
1786524333.6731277,10.067645486781954,0.0,81.13324822066772,0.0,0.01019074993467468,-0.44519640379718783,0.0,1.0,slow:lane_dropout,0
1786524333.7518947,10.48019607645122,0.0,71.56279137187494,0.0,0.005356676247713614,-0.44519640379718783,0.0,1.0,slow:lane_dropout,0
1786524333.8413754,10.948118308768407,0.5524193548387096,13.792652992332924,0.0,0.00339691664489156,-0.4535683026808309,0.0507027904500319,1.0,follow,0
1786524333.9350927,10.878392418758434,0.0,97.25125169217631,0.0,0.0020904102430101905,-0.55,0.12,1.0,avoid:white,0
1786524334.024758,10.940960109760795,0.5342741935483871,17.292652992332926,0.0,0.00169845832244578,-0.55,0.12,1.0,avoid:white,0
1786524334.1090498,10.966648286462624,0.0,169.39630667653137,0.0,0.00039195192056441075,-0.55,0.12,1.0,avoid:white,0
1786524334.191259,11.176491403594472,0.0,163.63691340106266,0.0,0.0,-0.55,0.0,1.0,slow:lane_dropout,0
1786524334.271545,11.368162165933237,0.564516129032258,20.792652992332926,0.0,0.0,-0.4433683155017492,0.05356475410012536,1.0,follow,0
1786524334.3578484,11.589051980169499,0.0,216.75605107680371,0.0,0.00039195192056441075,-0.4433683155017492,0.0,1.0,slow:lane_dropout,0
1786524334.4465551,11.589973929464508,0.0,218.3134465115602,0.0,0.0,-0.4433683155017492,0.0,1.0,slow:lane_dropout,0
1786524334.535215,11.519470182221417,0.0,70.73046551231937,0.0,0.0001306506401881369,-0.4433683155017492,0.0,1.0,slow:lane_dropout,0
1786524334.629793,11.480380412557844,0.685483870967742,24.292652992332926,0.0,0.0,-0.55,0.12,1.0,avoid:white,0
1786524334.7293627,11.293008916031072,0.0,79.13674688436322,0.0,0.0002613012803762738,-0.55,0.12,1.0,avoid:white,0
1786524334.8215883,11.048702121071065,0.685483870967742,27.792652992332926,0.0,0.0,-0.55,0.12,1.0,avoid:white,0
1786524334.9095876,10.973917665044311,0.6310483870967742,31.292652992332926,0.0,0.0,-0.49191544708544044,0.1667943548387097,1.0,follow,0
1786524335.0045674,11.08883443098304,0.0,62.14154631704298,0.0,0.0,-0.49191544708544044,0.0,1.0,slow:lane_dropout,0
1786524335.0971665,10.971938577463366,0.0,48.94047626212489,0.0,0.0,-0.49191544708544044,0.0,1.0,slow:lane_dropout,0
1786524335.1751297,10.939081740274851,0.0,63.46512588289016,0.11205357142857143,0.0005226025607525476,-0.49191544708544044,0.0,1.0,slow:lane_dropout,0
1786524335.2590487,11.269123584705563,0.0,61.3139387494229,0.0,0.0005226025607525476,-0.2919154470854405,0.1,1.0,reacquire:road,0
1786524335.3441854,11.431258533049384,0.0,62.18905969446212,0.0,0.0002613012803762738,-0.49191544708544044,0.12,1.0,avoid:white,0
1786524335.427063,11.507662185481886,0.0,25.223664435782652,0.0,0.0,-0.55,0.12,1.0,avoid:white,0
1786524335.5246375,11.584722706720177,0.0,22.572704878610722,0.050956632653061225,0.0,-0.55,0.12,1.0,avoid:white,0
1786524335.6216116,11.34208082759903,0.0,23.07726990068808,0.06361607142857142,0.0,-0.35000000000000003,0.1,1.0,reacquire:road,0
1786524335.704114,11.120670256231254,0.0,50.460444401569646,0.0,0.0,-0.15000000000000002,0.1,1.0,reacquire:road,0
1786524335.801519,11.339649025372049,0.9213709677419355,20.636327940024046,0.05181760204081633,0.0,-0.30000000000000004,0.1532108050496845,1.0,follow,0
1786524335.900261,11.119060968152656,0.0,19.15107225696189,0.022576530612244898,0.0,-0.30000000000000004,0.0,1.0,slow:lane_dropout,0
1786524335.9810727,10.920261816617217,0.0,56.21955602863136,0.0,0.0,-0.30000000000000004,0.0,1.0,slow:lane_dropout,0
1786524336.0767815,11.20969982027817,0.0,21.687881974672276,0.08443877551020408,0.0,-0.5,0.12,1.0,avoid:white,0
1786524336.1578052,11.063928884074983,0.0,58.17304222396103,0.09464285714285715,0.0,-0.55,0.12,1.0,avoid:white,0
1786524336.2453492,11.324893217187682,0.0,62.73684098379999,0.4038265306122449,0.0,-0.55,0.12,1.0,avoid:white,0
1786524336.3557098,11.346233701929332,0.0,20.282996703065436,0.11855867346938775,0.0,-0.55,0.0,1.0,slow:lane_dropout,0
1786524336.4616423,10.886899306671932,0.0,61.302707373271346,0.08035714285714286,0.0,-0.35000000000000003,0.1,1.0,reacquire:road,0
1786524336.5501792,10.600238207569902,0.0,70.75421070864667,0.0,0.0,-0.15000000000000002,0.1,1.0,reacquire:road,0
1786524336.6510756,10.739760031966597,0.0,14.688542655507405,0.0,0.0,0.049999999999999975,0.1,1.0,reacquire:road,0
1786524336.7514622,10.549474659220074,0.0,19.70409080981301,0.0,0.0006532532009406846,-0.15000000000000002,0.12,1.0,avoid:white,0
1786524336.8563385,10.453436309249868,0.0,19.413962319219795,0.0,0.00039195192056441075,-0.35000000000000003,0.12,1.0,avoid:white,0
1786524336.9492867,10.264234746631573,0.0,14.571751016454506,0.0,0.0,-0.55,0.12,1.0,avoid:white,0
1786524337.0448606,10.373183949848222,0.0,11.347516194641084,0.0,0.0,-0.725,0.1,1.0,reacquire:road,0
1786524337.1401095,10.383125159992654,0.0,9.091703961090019,0.0,0.0,-0.5249999999999999,0.1,1.0,reacquire:road,0
1786524337.2478185,10.321533973112679,0.0,9.10815405910347,0.0,0.0,-0.725,0.1,1.0,reacquire:road,0
1786524337.349934,10.189674912246371,0.0,8.680514567733184,0.0,0.0,-0.5249999999999999,0.1,1.0,reacquire:road,0
1786524337.4500408,10.114685465816624,0.0,5.733439894409592,0.0,0.0,-0.55,0.12,1.0,avoid:white,0
1786524337.5427997,10.055634567597338,0.5705645161290323,97.29149990470705,0.0,0.0,-0.55,0.12,1.0,avoid:white,0
1786524337.6262815,10.224224739233266,0.5403225806451613,100.79149990470705,0.0,0.0,-0.55,0.12,1.0,avoid:white,0
1786524337.7200606,10.593216327244374,0.0,73.09469300440355,0.0,0.0,-0.725,0.1,1.0,reacquire:road,0
1786524337.8168263,10.598914460202217,0.5826612903225806,98.72881975163736,0.0,0.0,-0.575,0.1611954368998795,1.0,follow,0
1786524337.9119008,10.543947801583386,0.594758064516129,102.22881975163736,0.0,0.0,-0.42499999999999993,0.16352822580645163,1.0,follow,0
1786524338.0010421,10.520015800929588,0.5826612903225806,98.72881975163736,0.0,0.0,-0.27499999999999997,0.1624395161290323,1.0,follow,0
1786524338.0867295,10.661668809065825,0.6008064516129032,95.22881975163736,0.0,0.0,-0.12499999999999997,0.16407258064516128,1.0,follow,0
1786524338.1714406,10.899196532884538,0.0,62.10949275585193,0.0,0.0,-0.325,0.12,1.0,avoid:white,0
1786524338.2569976,11.073700622001596,0.5584677419354839,91.72881975163736,0.0,0.0,-0.525,0.12,1.0,avoid:white,0
1786524338.3442132,11.14679711128179,0.5887096774193548,89.04161561368461,0.0,0.0,-0.55,0.12,1.0,avoid:white,0
1786524338.436703,11.223922144042888,0.594758064516129,85.54161561368461,0.0,0.0,-0.4,0.16352822580645163,1.0,follow,0
1786524338.5171487,11.180284325529655,0.0,57.85887381403785,0.0,0.0,-0.4,0.0,1.0,slow:lane_dropout,0
1786524338.613152,11.419063298659484,0.0,57.85522127126751,0.0,0.0,-0.4,0.0,1.0,slow:lane_dropout,0
1786524338.711109,11.223375588241774,0.0,55.38741142507297,0.0,0.0,-0.4,0.0,1.0,slow:lane_dropout,0
1786524338.7969131,11.011336990724436,0.0,51.210772095257994,0.0,0.0,-0.2,0.1,1.0,reacquire:road,0
1786524338.880448,11.143779213887283,0.0,43.36783412483169,0.0,0.0,-0.4,0.12,1.0,avoid:white,0
1786524338.9767108,11.320806874649769,0.0,43.31419144327327,0.0,0.0,-0.55,0.12,1.0,avoid:white,0
1786524339.0567007,11.130383560629891,0.0,45.126258743646986,0.0,0.0,-0.55,0.12,1.0,avoid:white,0
1786524339.1422026,11.324746747011732,0.0,39.13513288557874,0.0,0.0,-0.725,0.1,1.0,reacquire:road,0
1786524339.229529,11.48002219002341,0.0,22.466921464310403,0.0,0.0,-0.725,0.1,1.0,reacquire:road,0
1786524339.3190436,11.438167449995122,0.0,25.58582897043388,0.0,0.0,-0.725,0.1,1.0,reacquire:road,0
1786524339.3997095,11.395351240924658,0.0,25.098525934880968,0.0,0.0,-0.725,0.1,1.0,reacquire:road,0
1786524339.488139,11.627030452693148,0.6310483870967742,49.87565642536555,0.0,0.0036582179252678338,-0.575,0.1517773685003249,1.0,follow,0
1786524339.5741732,11.550667346581667,0.0,41.08702836342758,0.0,0.0024823621635746015,-0.55,0.12,1.0,avoid:white,0
1786524339.6647196,11.575456456185439,0.0,19.090159182914363,0.0,0.0,-0.55,0.12,1.0,avoid:white,0
1786524339.7572951,11.472203738946678,0.6733870967741936,51.39271770526917,0.0,0.00979879801411027,-0.55,0.12,1.0,avoid:white,0
1786524339.8473103,11.303909925186373,0.6794354838709677,53.87980338623323,0.0,0.003266266004703423,-0.4,0.1711491935483871,1.0,follow,0
1786524339.930476,11.29258066236207,0.6733870967741936,51.53280683056806,0.0,0.014502221060883199,-0.2558939655828932,0.17060483870967744,1.0,follow,0
1786524340.020817,11.442810426082788,0.6733870967741936,51.894884605209455,0.0,0.0,-0.23351020124237148,0.17060483870967744,1.0,follow,0
1786524340.1053524,11.364789449836957,0.0,17.066599955674178,0.0,0.0036582179252678338,-0.23351020124237148,0.0,1.0,slow:lane_dropout,0
1786524340.188481,11.450881482240023,0.0,12.53523132985191,0.0,0.10138489678599426,-0.23351020124237148,0.0,1.0,slow:lane_dropout,0
1786524340.2806404,11.569980055602416,0.7883064516129032,48.394884605209455,0.0,0.15129344133786254,-0.4335102012423715,0.12,1.0,avoid:white,0
1786524340.3617415,11.437964010205933,0.0,12.427756952378356,0.0,0.18408675202508493,-0.55,0.12,1.0,avoid:white,0
1786524340.4431958,11.607025960981938,0.0,7.471525327793959,0.0,0.11876143193101646,-0.55,0.12,1.0,avoid:white,0
1786524340.530035,11.731815193538699,0.0,11.433168350847893,0.0,0.08570681996341782,-0.55,0.0,1.0,slow:lane_dropout,0
1786524340.6144166,11.67293713693987,0.0,8.301039256460935,0.0,0.02626077867781552,-0.725,0.1,1.0,reacquire:road,0
1786524340.6983113,11.695015082700024,0.0,9.095156631596893,0.0,0.027567285079696892,-0.725,0.1,1.0,reacquire:road,0
1786524340.788108,11.769901683594767,0.0,5.986132230826232,0.0,0.00339691664489156,-0.725,0.1,1.0,reacquire:road,0
1786524340.87625,11.644784938698118,0.8608870967741936,4.514207645778855,0.0,0.0,-0.7484055023296953,0.15832568690025256,1.0,follow,0
1786524340.9645169,11.600414121083906,0.8487903225806451,4.292621287327641,0.0,0.0,-0.82,0.18639112903225807,1.0,follow,0
1786524341.055612,11.529871004489678,0.0,221.0745064557666,0.0,0.0,-0.82,0.0,1.0,slow:lane_dropout,0
1786524341.1399975,11.418508084826659,0.0,220.79453450166432,0.0,0.0,-0.82,0.0,1.0,slow:lane_dropout,0
1786524341.2258081,11.521180662563431,0.8548387096774193,7.792621287327641,0.0,0.0,-0.82,0.0544759494502614,1.0,follow,0
1786524341.3103683,11.539464897559887,0.872983870967742,11.292621287327641,0.0,0.0,-0.82,0.11044962435043999,1.0,follow,0
1786524341.3906608,11.604542529864878,0.8487903225806451,14.792621287327641,0.0,0.0,-0.82,0.16523327795011938,1.0,follow,0
1786524341.4813154,11.77609181544318,0.7762096774193549,11.493042785070386,0.0,0.0,-0.82,0.17985887096774195,1.0,follow,0
1786524341.5674512,11.62043014710161,0.7883064516129032,9.464640986329377,0.0,0.0,-0.82,0.1809475806451613,1.0,follow,0
1786524341.6461108,11.625412073590235,0.0,5.839242685025809,0.0,0.0,-0.82,0.0,1.0,slow:lane_dropout,0
1786524341.7282557,11.826537901040837,0.782258064516129,8.090855226548584,0.0,0.0,-0.82,0.051460524049434755,1.0,follow,0
1786524341.8136704,11.894583425548067,0.8064516129032258,6.959773643782982,0.0,0.0,-0.82,0.10488474749981833,1.0,follow,0
1786524341.895897,11.8730902387386,0.8245967741935484,5.922837362133858,0.0,0.0,-0.82,0.1600296970999807,1.0,follow,0
1786524341.9808931,11.92132504306353,0.8125,5.287399417142031,0.0,0.0,-0.82,0.12,1.0,avoid:white,0
1786524342.0739708,11.829225810658784,0.8185483870967742,4.919664930632215,0.0,0.0,-0.6249999999999999,0.12,1.0,avoid:white,0
1786524342.1600096,11.632517253201652,0.8004032258064516,5.119484908498208,0.0,0.0,-0.55,0.12,1.0,avoid:white,0
1786524342.2434447,11.678837764295851,0.7943548387096775,4.470301455089749,0.0,0.0,-0.7000000000000001,0.17478703945022972,1.0,follow,0
1786524342.3278012,11.725472057015002,0.7943548387096775,4.263914260631439,0.0,0.0,-0.82,0.181491935483871,1.0,follow,0
1786524342.406395,11.75123261171441,0.8064516129032258,4.4273881168956555,0.0,0.0,-0.82,0.18258064516129033,1.0,follow,0
1786524342.4842634,11.95660321826054,0.8064516129032258,4.780961829791145,0.0,0.0,-0.82,0.18258064516129033,1.0,follow,0
1786524342.5736923,12.1240552480438,0.8064516129032258,5.0404730573432905,0.0,0.0,-0.82,0.18258064516129033,1.0,follow,0
1786524342.6539931,11.917225344971738,0.0,7.234620904266258,0.0,0.0,-0.82,0.0,1.0,slow:lane_dropout,0
1786524342.7300305,12.003263665877359,0.0,9.659785840284812,0.0,0.0,-0.82,0.0,1.0,slow:lane_dropout,0
1786524342.813962,12.267157472948304,0.0,12.132904444346138,0.0,0.0,-0.82,0.0,1.0,slow:lane_dropout,0
1786524342.8957372,12.190724335757904,0.0,19.385082023240727,0.0,0.0,-0.82,0.1,1.0,reacquire:road,0
1786524342.965392,12.227271749580824,0.0,16.473977804166452,0.0,0.0,-0.6249999999999999,0.1,1.0,reacquire:road,0
1786524343.0336206,12.647308127186882,0.0,4.042746791024257,0.0,0.0,-0.4249999999999998,0.1,1.0,reacquire:road,0
1786524343.1095445,13.058175725143748,0.0,30.768550944894002,0.0,0.0,-0.2249999999999998,0.1,1.0,reacquire:road,0
1786524343.1823025,13.082708297698526,0.5221774193548387,50.2197570437977,0.0,0.0,-0.024999999999999814,0.12,1.0,avoid:white,0
1786524343.254896,13.21683713127641,0.0,1.617833386126886,0.0,0.0,0.17495124875049461,0.12,1.0,avoid:white,0
1786524343.324253,13.324926625541087,0.0,223.0,0.0,0.0,0.3748453470001098,0.12,1.0,avoid:white,0
1786524343.397291,13.533002352302308,0.4737903225806452,53.7197570437977,0.0,0.0,0.55,0.12,1.0,avoid:white,0
1786524343.4704812,13.542345064477528,0.3895967741935484,51.67267485835259,0.0,0.0,0.4,0.14506370967741936,1.0,follow,0
1786524343.5423474,13.60352732630709,0.0,208.9608020675559,0.0,0.0,0.4,0.0,1.0,slow:lane_dropout,0
1786524343.6110413,13.662318525890626,0.5100806451612904,55.17267485835259,0.0,0.0,0.25,0.04677105809992099,1.0,follow,0
1786524343.6946976,13.842800223931931,0.0,212.70504385964864,0.0,0.0,0.25,0.0,1.0,slow:lane_dropout,0
1786524343.7699497,13.437302658013172,0.0,219.9890769038211,0.0,0.0,0.25,0.0,1.0,slow:lane_dropout,0
1786524343.8504796,13.430478482658282,0.0,219.65937311162307,0.0,0.0,0.25,0.0,1.0,slow:lane_dropout,0
1786524343.931627,13.194910761573714,0.7641129032258064,58.67267485835259,0.0,0.0,0.44999999999999996,0.12,1.0,avoid:white,0
1786524344.012925,13.056466005992686,0.0,221.15613907429946,0.0,0.0,0.55,0.12,1.0,avoid:white,0
1786524344.0934474,12.914235388910665,0.6612903225806451,62.17267485835259,0.0,0.0,0.55,0.12,1.0,avoid:white,0
1786524344.1841562,12.81274581020017,0.8245967741935484,65.6726748583526,0.0,0.0,0.4,0.17239067730008173,1.0,follow,0
1786524344.2821887,12.428966358777597,0.7399193548387096,69.1726748583526,0.0,0.0,0.25,0.17659274193548388,1.0,follow,0
1786524344.3676047,11.956322293160941,0.872983870967742,72.6726748583526,0.0,0.0,0.10000000000000002,0.1885685483870968,1.0,follow,0
1786524344.4487724,11.966787666027685,0.7036290322580645,76.1726748583526,0.0,0.0,-0.049999999999999975,0.17332661290322582,1.0,follow,0
1786524344.53866,12.047261511580858,0.8669354838709677,79.6726748583526,0.0,0.0,-0.19999999999999996,0.18802419354838712,1.0,follow,0
1786524344.6172998,11.862416828806149,0.9032258064516129,83.1726748583526,0.0,0.0,3.469446951953614e-17,0.12,1.0,avoid:white,0
1786524344.7018523,11.985550006186136,0.8790322580645161,86.6726748583526,0.0,0.0,0.20000000000000004,0.12,1.0,avoid:white,0
1786524344.7832036,11.994128563461912,0.8669354838709677,90.1726748583526,0.0,0.0,0.4000000000000001,0.12,1.0,avoid:white,0
1786524344.8648489,12.050396366997706,0.8608870967741936,93.6726748583526,0.0,0.0,0.2500000000000001,0.17295113980005225,1.0,follow,0
1786524344.9534802,12.096989137272159,0.8669354838709677,97.1726748583526,0.0,0.0,0.10000000000000009,0.18802419354838712,1.0,follow,0
1786524345.0436168,11.929452782949147,0.8608870967741936,100.6726748583526,0.0,0.0,-0.049999999999999906,0.18747983870967744,1.0,follow,0
1786524345.132478,11.765028384927408,0.8669354838709677,104.1726748583526,0.0,0.0,-0.11148391194459416,0.18802419354838712,1.0,follow,0
1786524345.215815,11.65142016311353,0.842741935483871,107.6726748583526,0.0,0.0,-0.08784571219945186,0.246075523248607,1.0,follow,0
1786524345.3125052,11.701514670178991,0.8487903225806451,111.1726748583526,0.0,0.0,0.11215428780054813,0.12,1.0,avoid:white,0
1786524345.408105,11.426036858942473,0.8608870967741936,114.6726748583526,0.0,0.0,0.31215428780054816,0.12,1.0,avoid:white,0
1786524345.5058815,11.248178943185065,0.872983870967742,118.1726748583526,0.0,0.0,0.5121542878005482,0.12,1.0,avoid:white,0
1786524345.612666,11.000720181690916,0.8669354838709677,121.6726748583526,0.0,0.0,0.3621542878005482,0.1849293235501318,1.0,follow,0
1786524345.7211752,10.682320499415937,0.872983870967742,125.1726748583526,0.0,0.0,0.2121542878005482,0.1885685483870968,1.0,follow,0
1786524345.7971003,10.427876510982804,0.0,208.47243107769737,0.0,0.0,0.2121542878005482,0.0,1.0,slow:lane_dropout,0
1786524345.8757842,10.96687258511285,0.0,13.529395604279443,0.0,0.0,0.2121542878005482,0.0,1.0,slow:lane_dropout,0
1786524345.967031,11.30642837844989,0.5100806451612904,128.6726748583526,0.0,0.0,0.062154287800548214,0.05132395449977594,1.0,follow,0
1786524346.0431387,11.239001716230586,0.0,223.0,0.0,0.0,0.062154287800548214,0.0,1.0,slow:lane_dropout,0
1786524346.1364398,11.608936222921661,0.0,2.0098177553163232,0.0,0.0,0.062154287800548214,0.0,1.0,slow:lane_dropout,0
1786524346.2099726,11.447725137459962,0.0,14.988126365006451,0.0,0.0,-0.1378457121994518,0.12,1.0,avoid:white,0
1786524346.2976797,11.809738655634586,0.0,6.033261108557568,0.0,0.0,-0.3378457121994518,0.12,1.0,avoid:white,0
1786524346.3809514,11.723398211006625,0.0,17.677786765473797,0.3088966836734694,0.0,-0.5378457121994518,0.12,1.0,avoid:white,0
1786524346.4690998,11.807353053379938,0.0,3.506037132912759,0.0,0.0,-0.5378457121994518,0.0,1.0,slow:lane_dropout,0
1786524346.5498738,11.746051595995803,0.0,5.5540358170288044,0.0,0.0,-0.725,0.1,1.0,reacquire:road,0
1786524346.6291473,11.804715671377384,0.0,7.810149671552779,0.3126275510204082,0.0,-0.725,0.1,1.0,reacquire:road,0
1786524346.707951,12.041297724214937,0.0,2.68244734328165,0.0,0.0,-0.725,0.1,1.0,reacquire:road,0
1786524346.7802796,12.126611181966034,0.0,3.4809158650801066,0.0,0.0,-0.725,0.1,1.0,reacquire:road,0
1786524346.8595912,12.473691727456991,0.0,2.846632658386575,0.0,0.0,-0.725,0.1,1.0,reacquire:road,0
1786524346.9417813,12.531203851142557,0.0,5.434566269643987,0.0,0.0,-0.725,0.1,1.0,reacquire:road,0
1786524347.0148501,12.444213521162204,0.0,7.179924242424541,0.3048469387755102,0.0,-0.725,0.1,1.0,reacquire:road,0
1786524347.0973825,12.719193172768314,0.0,223.0,0.0,0.0,-0.725,0.1,1.0,reacquire:road,0
1786524347.1879687,12.578405490154651,0.0,2.424911858823666,0.0,0.0,-0.5249999999999999,0.12,1.0,avoid:white,0
1786524347.2771502,12.290342821965663,0.0,29.467215711120787,0.3100446428571429,0.0,-0.32499999999999984,0.12,1.0,avoid:white,0
1786524347.363799,12.040755774044097,0.0,223.0,0.0,0.0,-0.12499999999999986,0.12,1.0,avoid:white,0
1786524347.4493952,11.973532621372746,0.0,223.0,0.11243622448979593,0.0,0.07500000000000014,0.1,1.0,reacquire:road,0
1786524347.536669,11.911989459483587,0.0,222.71619248994705,0.0,0.0,0.27500000000000013,0.1,1.0,reacquire:road,0
1786524347.63043,11.828298407085684,0.0,219.3201341282319,0.0,0.0,0.47500000000000014,0.1,1.0,reacquire:road,0
1786524347.704396,11.586407961557837,0.0,223.0,0.0,0.0,0.6750000000000002,0.1,1.0,reacquire:road,0
1786524347.8029695,11.950292388527098,1.0,219.8102474494072,0.0,0.0,0.535051503023654,0.14848636714964414,1.0,follow,0
1786524347.8916314,11.604150566923078,0.8245967741935484,219.7001019659612,0.0,0.0,0.55,0.12,1.0,avoid:white,0
1786524347.9844246,11.53424605385408,0.8971774193548387,220.21249910806705,0.0,0.0,0.55,0.12,1.0,avoid:white,0
1786524348.0711043,11.38987963713898,0.7580645161290323,219.81011215597846,0.0,0.0,0.55,0.12,1.0,avoid:white,0
1786524348.161138,11.411831761076076,0.8306451612903225,220.06761427162246,0.0,0.0,0.7000000000000001,0.1765235072996529,1.0,follow,0
1786524348.2573955,11.36312086956561,0.842741935483871,219.8149890185995,0.0,0.0,0.82,0.1858467741935484,1.0,follow,0
1786524348.3486314,11.132113877773035,0.7399193548387096,218.4816294115807,0.0,0.0,0.82,0.17659274193548388,1.0,follow,0
1786524348.438701,11.095802567170683,0.7459677419354839,218.04100246272392,0.0,0.0,0.82,0.17713709677419356,1.0,follow,0
1786524348.5298803,11.139561780937353,0.752016129032258,216.81299400530003,0.0,0.0,0.82,0.17768145161290325,1.0,follow,0
1786524348.6247566,11.072028678462047,1.0,218.00983788092756,0.0,0.0,0.82,0.12,1.0,avoid:white,0
1786524348.7185702,10.987742170438823,1.0,219.06089461421917,0.0,0.0,0.6249999999999999,0.12,1.0,avoid:white,0
1786524348.8195298,10.932130664851504,1.0,219.70079015449002,0.0,0.0,0.55,0.12,1.0,avoid:white,0
1786524348.9114022,10.721263528392894,1.0,220.08378722064782,0.0,0.0,0.7000000000000001,0.18580415985022228,1.0,follow,0
1786524349.0070882,10.715602811174618,1.0,220.38260621109782,0.0,0.0,0.82,0.2,1.0,follow,0
1786524349.0960963,10.70690658617476,0.782258064516129,218.77371384727047,0.0,0.0,0.82,0.18040322580645163,1.0,follow,0
1786524349.1851234,10.808847507121293,0.782258064516129,217.98911734687712,0.0,0.0,0.82,0.18040322580645163,1.0,follow,0
1786524349.2743971,10.852493807794929,0.7883064516129032,217.90812909570298,0.0,0.0,0.82,0.1809475806451613,1.0,follow,0
1786524349.3604548,10.919461300081059,0.752016129032258,217.61057737683524,0.0,0.0,0.82,0.12,1.0,avoid:white,0
1786524349.445483,11.09785380313807,0.6975806451612904,216.7507275134195,0.0,0.0,0.6249999999999999,0.12,1.0,avoid:white,0
1786524349.5322344,11.245336760340038,0.6975806451612904,216.30227216858785,0.0,0.0,0.55,0.12,1.0,avoid:white,0
1786524349.6146212,11.193509040292653,0.0,208.4109008359474,0.0,0.0,0.55,0.0,1.0,slow:lane_dropout,0
1786524349.702201,11.510774774248443,0.0,213.5912577577128,0.0,0.0,0.55,0.0,1.0,slow:lane_dropout,0
1786524349.7948387,11.492474942641117,0.0,209.0086796074251,0.0,0.0,0.55,0.0,1.0,slow:lane_dropout,0
1786524349.8963723,11.338140279326963,0.8608870967741936,215.65699598547604,0.0,0.0,0.7000000000000001,0.06062979455000459,1.0,follow,0
1786524349.9862423,11.044186643526576,0.8548387096774193,215.1897051533945,0.0,0.0,0.82,0.12649678794991814,1.0,follow,0
1786524350.0776086,11.033626654555484,0.8608870967741936,214.7650836525937,0.0,0.0,0.65,0.12,1.0,avoid:white,0
1786524350.1738667,11.053406376777357,0.8487903225806451,214.30575173968822,0.0,0.0,0.55,0.12,1.0,avoid:white,0
1786524350.2622113,10.920588114068916,0.842741935483871,210.80575173968822,0.0,0.0,0.55,0.12,1.0,avoid:white,0
1786524350.3551142,10.994577011809268,0.842741935483871,207.30575173968822,0.0,0.0,0.7000000000000001,0.17757035764995635,1.0,follow,0
1786524350.448134,10.953207719200353,0.8366935483870968,203.80575173968822,0.0,0.0,0.82,0.1853024193548387,1.0,follow,0
1786524350.5374446,10.906166335965693,0.8366935483870968,200.30575173968822,0.0,0.0,0.82,0.1853024193548387,1.0,follow,0
1786524350.6275313,10.96671385693502,0.8487903225806451,196.80575173968822,0.0,0.0,0.82,0.18639112903225807,1.0,follow,0
1786524350.7211773,10.993881491616849,0.8548387096774193,193.30575173968822,0.0,0.0,0.82,0.18693548387096773,1.0,follow,0
1786524350.8081744,10.924059964968686,0.8245967741935484,196.80575173968822,0.0,0.0,0.6489351101706881,0.12,1.0,avoid:white,0
1786524350.8933778,11.033905284642763,0.0,6.191257529114296,0.0,0.0,0.55,0.12,1.0,avoid:white,0
1786524350.9834218,11.183940037092146,0.8608870967741936,193.30575173968822,0.0,0.0,0.55,0.12,1.0,avoid:white,0
1786524351.082269,11.176386979194755,0.8366935483870968,196.47404753919767,0.0,0.0,0.7000000000000001,0.1783159707001414,1.0,follow,0
1786524351.1749105,10.963633215541435,0.8366935483870968,198.7300370599728,0.0,0.0,0.82,0.1853024193548387,1.0,follow,0
1786524351.2934492,10.930867769146705,0.8366935483870968,199.56252841035268,0.0,0.0,0.82,0.1853024193548387,1.0,follow,0
1786524351.38594,10.427535907579285,0.8245967741935484,199.39065574747124,0.0,0.0,0.82,0.18421370967741937,1.0,follow,0
1786524351.491943,10.463485341932415,0.8306451612903225,198.56182002310803,0.2984375,0.0,0.631634163624048,0.12,1.0,avoid:white,0
1786524351.5878723,10.26092164409992,0.7943548387096775,198.8385942609961,0.0,0.0,0.55,0.12,1.0,avoid:white,0
1786524351.681917,10.331119090724876,0.8245967741935484,199.09793888845283,0.0,0.0,0.55,0.12,1.0,avoid:white,0
1786524351.7731998,10.362672083336191,0.8366935483870968,198.41974551753913,0.0,0.0,0.7000000000000001,0.18197036754979307,1.0,follow,0
1786524351.8656886,10.508276394086902,0.8669354838709677,201.91974551753913,0.2714285714285714,0.0,0.82,0.18802419354838712,1.0,follow,0
1786524351.9525769,10.570347991130566,0.8004032258064516,205.09429701017785,0.0,0.0,0.82,0.18203629032258065,1.0,follow,0
1786524352.049481,10.72564151533587,0.7943548387096775,204.40229966928314,0.0,0.0,0.82,0.181491935483871,1.0,follow,0
1786524352.1403413,10.676566686277974,0.8004032258064516,207.90229966928314,0.0,0.0,0.82,0.18203629032258065,1.0,follow,0
1786524352.230723,10.74674386250729,0.7883064516129032,211.19282413371712,0.0,0.0,0.82,0.12,1.0,avoid:white,0
1786524352.3253727,10.776128961092127,0.7762096774193549,213.11732680267258,0.0,0.0,0.6241999496852011,0.12,1.0,avoid:white,0
1786524352.4127016,10.766118800091522,0.7399193548387096,214.1262856450548,0.0,0.0,0.55,0.12,1.0,avoid:white,0
1786524352.5037549,10.90003121876651,0.7399193548387096,214.6007233783325,0.0,0.0,0.7000000000000001,0.17659274193548388,1.0,follow,0
1786524352.5947282,10.906263508533604,0.7641129032258064,217.05129585147955,0.0,0.0,0.82,0.17877016129032258,1.0,follow,0
1786524352.7010772,10.899904467316437,0.782258064516129,213.55129585147955,0.0,0.0,0.82,0.18040322580645163,1.0,follow,0
1786524352.8055058,10.62714666827928,0.0,200.39732805106098,0.0,0.0,0.82,0.0,1.0,slow:lane_dropout,0
1786524352.8987355,10.416390371126738,0.0,211.35559377410183,0.0,0.0,0.82,0.0,1.0,slow:lane_dropout,0
1786524352.9971268,10.478357887229865,0.0,211.15401789698868,0.0,0.0,0.7484071100111487,0.12,1.0,avoid:white,0
1786524353.0881798,10.415242142758647,0.0,214.57317328529086,0.0,0.0,0.55,0.12,1.0,avoid:white,0
1786524353.1725664,10.530593127736957,0.0,220.33739452583865,0.1142857142857143,0.0,0.55,0.12,1.0,avoid:white,0
1786524353.2491848,10.794518838729097,0.0,186.67129522174497,0.10854591836734696,0.0,0.55,0.0,1.0,slow:lane_dropout,0
1786524353.325962,11.204454575133944,0.0,193.88069372975008,0.09005102040816328,0.0,0.35000000000000003,0.1,1.0,reacquire:road,0
1786524353.416545,11.588456211757178,0.0,218.13928149856076,0.12295918367346939,0.0,0.55,0.1,1.0,reacquire:road,0
1786524353.5100148,11.481574599286995,0.7883064516129032,216.60496828497594,0.1281887755102041,0.0,0.7000000000000001,0.1588019873999656,1.0,follow,0
1786524353.6027582,11.324999290467087,0.0,219.83685167182318,0.11607142857142858,0.0,0.7000000000000001,0.0,1.0,slow:lane_dropout,0
1786524353.697392,11.228047270173509,0.782258064516129,217.33779342012346,0.10746173469387756,0.0,0.82,0.0599617765500625,1.0,follow,0
1786524353.8009171,11.087442169278388,0.8366935483870968,217.4150874981717,0.12028061224489797,0.0,0.82,0.12171936855033891,1.0,follow,0
1786524353.8913202,10.802536662273779,0.0,208.79944943013552,0.2051339285714286,0.0,0.82,0.0,1.0,slow:lane_dropout,0
1786524353.9885807,10.854066668516849,0.8306451612903225,213.9150874981717,0.0,0.0,0.8,0.12,1.0,avoid:white,0
1786524354.0953321,10.741243950027163,0.8245967741935484,210.4150874981717,0.0,0.0,0.6,0.12,1.0,avoid:white,0
1786524354.1832087,10.470804703442044,0.8245967741935484,213.749749373833,0.19987244897959183,0.0,0.55,0.12,1.0,avoid:white,0
1786524354.2711911,10.643108304606924,0.6068548387096775,210.249749373833,0.19795918367346937,0.0,0.7000000000000001,0.164616935483871,1.0,follow,0
1786524354.3678102,10.78767043888796,0.8306451612903225,206.749749373833,0.0,0.0,0.82,0.18475806451612906,1.0,follow,0
1786524354.45722,10.709406919699425,0.8306451612903225,203.249749373833,0.0,0.0,0.82,0.18475806451612906,1.0,follow,0
1786524354.5497725,10.801504569082198,0.8245967741935484,199.749749373833,0.0,0.0,0.82,0.18421370967741937,1.0,follow,0
1786524354.6394665,10.794379972521462,0.6370967741935484,200.10843309880002,0.1525510204081633,0.0,0.82,0.16733870967741937,1.0,follow,0
1786524354.718745,10.84730180049972,0.0,186.5752971468848,0.14464285714285716,0.0,0.6702966148305776,0.12,1.0,avoid:white,0
1786524354.8080573,11.227013341276074,0.655241935483871,199.10604803000436,0.0,0.0,0.55,0.12,1.0,avoid:white,0
1786524354.9019032,11.229652985059271,0.8245967741935484,195.60604803000436,0.0,0.0,0.55,0.12,1.0,avoid:white,0
1786524354.9914918,11.10523409241419,0.842741935483871,199.10604803000436,0.0,0.0,0.7000000000000001,0.18127706000038415,1.0,follow,0
1786524355.081339,11.118560164890638,0.0,214.11843532697887,0.16683673469387755,0.0,0.7000000000000001,0.0,1.0,slow:lane_dropout,0
1786524355.1824925,11.111113918216711,0.8064516129032258,202.60604803000436,0.15892857142857142,0.0,0.82,0.058657224599755864,1.0,follow,0
1786524355.279629,10.863506389178406,0.8245967741935484,206.10604803000436,0.0,0.0,0.82,0.12449283469991315,1.0,follow,0
1786524355.3725467,10.766161574319064,0.0,219.0834667801071,0.12653061224489795,0.0,0.82,0.0,1.0,slow:lane_dropout,0
1786524355.4868035,10.742417679350533,0.8004032258064516,209.60604803000436,0.0,0.0,0.82,0.06104752615015059,1.0,follow,0
1786524355.5801547,10.35002704609139,0.0,218.8390248005901,0.0,0.0,0.82,0.0,1.0,slow:lane_dropout,0
1786524355.6750262,10.43953217690835,0.0,218.98731450548797,0.38992346938775513,0.0,0.82,0.0,1.0,slow:lane_dropout,0
1786524355.7761662,10.419622316790466,0.8366935483870968,212.874370676275,0.0,0.0,0.82,0.06286277335029809,1.0,follow,0
1786524355.860064,10.33688047232093,0.0,211.4758746108634,0.0,0.0,0.82,0.0,1.0,slow:lane_dropout,0
1786524355.953778,10.614710017682722,0.0,215.74309556020052,0.0,0.0,0.82,0.0,1.0,slow:lane_dropout,0
1786524356.0446024,10.672820947765288,0.0,219.58911420336892,0.0,0.0,0.82,0.0,1.0,slow:lane_dropout,0
1786524356.1353297,10.726302867161946,0.0,219.53746014610678,0.0,0.0,0.82,0.1,1.0,reacquire:road,0
1786524356.2301655,10.795263354350853,0.0,219.8071542205676,0.0,0.0,0.725,0.1,1.0,reacquire:road,0
1786524356.329099,10.710589528369619,0.0,220.7759417460788,0.0,0.0,0.725,0.1,1.0,reacquire:road,0
1786524356.4132414,10.622444272818635,0.0,219.3581030288601,0.0,0.0,0.725,0.1,1.0,reacquire:road,0
1786524356.5078382,10.873686112834978,0.8306451612903225,219.3271121723617,0.0,0.0,0.82,0.15472000690001553,1.0,follow,0
1786524356.6018877,10.806891798309227,0.8487903225806451,219.42198367845043,0.0,0.0,0.82,0.18639112903225807,1.0,follow,0
1786524356.7010937,10.780356624168821,0.842741935483871,219.22867253576894,0.0,0.0,0.82,0.1858467741935484,1.0,follow,0
1786524356.8028667,10.641815579594187,0.9213709677419355,219.58656396091496,0.0,0.0,0.82,0.12,1.0,avoid:white,0
1786524356.8937426,10.472183604700096,0.0,220.3845044713657,0.0,0.0,0.6249999999999999,0.12,1.0,avoid:white,0
1786524356.9834917,10.584290558937566,0.0,219.96370773626015,0.37611607142857145,0.0,0.55,0.12,1.0,avoid:white,0
1786524357.0765107,10.68814574402307,0.0,0.0,0.0,0.0,0.55,0.0,1.0,slow:lane_dropout,0
1786524357.1627982,10.699712415032927,0.0,2.0267918664143725,0.6203125,0.0,0.75,-0.11,1.0,reverse:obstacle,0
1786524357.2533395,10.885556645674,0.0,9.738804327612925,0.0,0.0,0.82,-0.11,1.0,reverse:obstacle,0
1786524357.3323336,10.924048694468746,0.0,20.604827080874998,0.0,0.0,0.82,-0.11,1.0,reverse:obstacle,0
1786524357.4167686,11.270731546131286,0.0,26.637434123848095,0.0,0.0,0.82,-0.11,1.0,reverse:obstacle,0
1786524357.5049574,11.361458614434259,0.0,23.40499003857144,0.0,0.0,0.82,-0.11,1.0,reverse:obstacle,0
1786524357.5871875,11.37027875383317,0.0,31.559445076747295,0.5745216836734695,0.0,0.82,0.18,1.0,avoid:obstacle,0
1786524357.6820781,11.5099988272144,0.39314516129032256,140.5,0.5677933673469389,0.0,0.82,0.18,1.0,avoid:obstacle,0
1786524357.7727432,11.337084874591099,0.6479032258064515,140.5,0.6214923469387755,0.0,0.82,0.18,1.0,avoid:obstacle,0
1786524357.8484628,11.27584012093716,0.0,26.391245736675614,0.2732142857142857,0.0005226025607525476,0.82,0.18,1.0,avoid:obstacle,0
1786524357.946578,11.64613533840608,0.0,12.059730834122476,0.0,0.0,0.82,0.18,1.0,avoid:obstacle,0
1786524358.0310159,11.33905594422107,0.0,0.0,0.0,0.0,0.82,0.18,1.0,avoid:obstacle,0
1786524358.1175737,11.467288790836742,0.0,0.0,0.238265306122449,0.0,0.82,0.18,1.0,avoid:obstacle,0
1786524358.212209,11.48141325981802,0.0,26.12225079330375,0.24413265306122447,0.0019597596028220537,0.82,0.18,1.0,avoid:obstacle,0
1786524358.3079596,11.3065801803448,0.0,30.388123252671733,0.0,0.0,0.82,0.18,1.0,avoid:obstacle,0
1786524358.3974047,11.10247084535228,0.0,221.3251687620378,0.0,0.0,0.82,0.18,1.0,avoid:obstacle,0
1786524358.4793088,11.154370836690033,0.0,221.46641000802904,0.0,0.0011758557616932323,0.82,0.18,1.0,avoid:obstacle,0
1786524358.5567303,11.34847937468316,0.0,223.0,0.33545918367346944,0.024562320355369743,0.82,0.18,1.0,avoid:obstacle,0
1786524358.6225939,11.660606238705078,0.0,112.0,0.0,0.0,0.82,0.18,1.0,avoid:obstacle,0
1786524358.7306037,12.287981265767872,0.8911290322580645,4.876415449594845,0.40363520408163267,0.0,0.82,0.18,1.0,avoid:obstacle,0
1786524358.8349333,11.715026556053303,0.8971774193548387,4.576370103945159,0.412468112244898,0.0,0.82,0.18,1.0,avoid:obstacle,0
1786524358.9388745,11.295232774226895,0.0,3.814054369035844,0.3645408163265307,0.0,0.82,0.18,1.0,avoid:obstacle,0
1786524359.0352426,10.933428251756606,0.0,5.640087816955344,0.40797193877551025,0.00169845832244578,0.82,0.18,1.0,avoid:obstacle,0
1786524359.1352072,10.846606103982499,0.0,6.253720868321295,0.4366071428571429,0.003527567285079697,0.82,0.18,1.0,avoid:obstacle,0
1786524359.2378697,10.655612306263105,0.0,5.768001583663509,0.41658163265306125,0.004572772406584792,0.82,0.18,1.0,avoid:obstacle,0
1786524359.3348994,10.503120006108437,0.0,7.100739772293853,0.3950892857142857,0.015808727462764568,0.82,0.18,1.0,avoid:obstacle,0
1786524359.4206052,10.453953618862013,0.0,0.0,0.0,0.010844003135615364,0.82,0.18,1.0,avoid:obstacle,0
1786524359.516903,10.69764967890288,0.0,5.055976098185184,0.0,0.03488372093023256,0.82,0.18,1.0,avoid:obstacle,0
1786524359.6091366,10.635358932694938,0.0,217.5856012817608,0.34913903061224494,0.011758557616932322,0.82,0.18,1.0,avoid:obstacle,0
1786524359.7036119,10.685589231345642,0.0,218.0999409600706,0.0,0.009145544813169584,0.82,0.18,1.0,avoid:obstacle,0
1786524359.7916315,10.658260417989505,0.0,4.915354421697614,0.0,0.040109746537758034,0.82,0.18,1.0,avoid:obstacle,0
1786524359.8761024,10.798989043234615,0.0,6.5635897435893185,0.0,0.015547426182388293,0.82,0.18,1.0,avoid:obstacle,0
1786524359.9659662,11.018271958737058,0.0,220.1522727155774,0.0,0.006924483929971257,0.82,0.18,1.0,avoid:obstacle,0
1786524360.0717783,11.009099706236015,0.0,220.17332100190976,0.0,0.030964201724588452,0.82,0.18,1.0,avoid:obstacle,0
1786524360.1626194,10.714989863099452,0.0,0.0,0.0,0.04611967598641233,0.82,0.18,1.0,avoid:obstacle,0
1786524360.2453246,10.74896933733194,0.0,0.0,0.0,0.049385941991115755,0.82,0.18,1.0,avoid:obstacle,0
1786524360.3396091,11.03531659796015,0.0,5.324360808153017,0.0,0.04402926574340214,0.82,0.18,1.0,avoid:obstacle,0
1786524360.432708,10.94904790831397,0.0,0.0,0.0,0.08087274627645676,0.82,0.18,1.0,avoid:obstacle,0
1786524360.5163748,10.906099472889759,0.0,1.5265419375298244,0.0,0.042984060621897045,0.82,0.18,1.0,avoid:obstacle,0
1786524360.6047745,11.129412729245228,0.0,1.9699324410616574,0.17359693877551022,0.04794878494904625,0.82,0.18,1.0,avoid:obstacle,0
1786524360.6853857,11.148762242274065,0.0,220.75116577620892,0.0,0.07120459890253462,0.82,0.18,1.0,avoid:obstacle,0
1786524360.7941873,11.377788129131632,0.0,4.685300872679775,0.15644132653061227,0.0,0.82,0.18,1.0,avoid:obstacle,0
1786524360.8814983,10.965148814406962,0.0,0.0,0.0,0.0,0.82,0.18,1.0,avoid:obstacle,0
1786524360.964755,11.06916203821698,0.0,0.0,0.0,0.0014371570420695062,0.82,0.18,1.0,avoid:obstacle,0
1786524361.0512996,11.248451377492815,0.0,0.0,0.0,0.009406846093545859,0.82,0.18,1.0,avoid:obstacle,0
1786524361.1484106,11.307503203596621,0.0,4.75789083965004,0.0,0.02926574340214267,0.82,0.18,1.0,avoid:obstacle,0
1786524361.2445805,11.103218087912142,0.0,3.556803293282636,0.0,0.024431669715181605,0.82,0.18,1.0,avoid:obstacle,0
1786524361.348083,10.974299455687849,0.0,6.748031871702807,0.0,0.01319571465900183,0.82,0.18,1.0,avoid:obstacle,0
1786524361.4266076,10.710048107141736,0.0,219.72402456637943,0.0,0.05526522079958192,0.82,0.18,1.0,avoid:obstacle,0
1786524361.5039375,11.103172785189443,0.0,220.45507989561514,0.0,0.06205905408936504,0.82,0.18,1.0,avoid:obstacle,0
1786524361.5787506,11.476806376870577,0.0,223.0,0.0,0.04389861510321401,0.82,0.18,1.0,avoid:obstacle,0
1786524361.6619577,11.860510446883797,0.0,218.74612805935146,0.0,0.04285340998170891,0.82,0.18,1.0,avoid:obstacle,0
1786524361.7528477,11.883845547911331,0.0,218.86592776453867,0.0,0.05395871439770055,0.82,0.18,1.0,avoid:obstacle,0
1786524361.8338656,11.689308149077577,0.0,217.69845313268817,0.0,0.07773713091194147,0.82,0.18,1.0,avoid:obstacle,0
1786524361.9235866,11.84023567517401,0.0,218.05150414872458,0.0,0.07303370786516854,0.82,0.18,1.0,avoid:obstacle,0
1786524362.0167847,11.697929584780955,0.0,5.472561812620803,0.0,0.08296315651946695,0.82,0.18,1.0,avoid:obstacle,0
1786524362.0993948,11.508056852541534,0.0,217.03434593337388,0.0,0.0073164358505356675,0.82,0.18,1.0,avoid:obstacle,0
1786524362.1890957,11.634101926903064,0.0,11.841689955613987,0.0,0.03357721452835119,0.82,0.18,1.0,avoid:obstacle,0
1786524362.2730765,11.507236431441287,0.0,10.0504369048673,0.0,0.045466422785471645,0.82,0.18,1.0,avoid:obstacle,0
1786524362.357597,11.612952584323804,0.0,10.796851388258062,0.0,0.03814998693493598,0.82,0.18,1.0,avoid:obstacle,0
1786524362.4627554,11.644988436160785,0.0,10.517544209461011,0.0,0.01868304154690358,0.82,0.18,1.0,avoid:obstacle,0
1786524362.551823,11.234611932584357,0.0,9.045178107757177,0.37595663265306123,0.03501437157042069,0.82,0.18,1.0,avoid:obstacle,0
1786524362.6367683,11.222395306446781,0.0,9.111858195567226,0.0,0.0948523647765874,0.82,0.18,1.0,avoid:obstacle,0
1786524362.734769,11.344320843934042,0.0,218.61333418708568,0.0,0.10896263391690619,0.82,0.18,1.0,avoid:obstacle,0
1786524362.83181,11.106347355068348,0.0,3.307109903753801,0.0,0.015155474261823882,0.82,0.18,1.0,avoid:obstacle,0
1786524362.9188335,10.946499996708921,0.0,218.61805961334244,0.0,0.08962633916906193,0.82,0.18,1.0,avoid:obstacle,0
1786524362.9944808,11.065667301921584,0.0,223.0,0.0,0.05474261823882937,0.82,0.18,1.0,avoid:obstacle,0
1786524363.0695288,11.490249816877887,0.0,220.3065820088024,0.0,0.07473216618761432,0.82,0.18,1.0,avoid:obstacle,0
1786524363.142691,11.83213363552214,0.0,219.8056861990077,0.0,0.047295531748105565,0.82,0.18,1.0,avoid:obstacle,0
1786524363.2379837,12.13532546130263,0.0,3.703908568031615,0.0,0.036582179252678336,0.82,0.18,1.0,avoid:obstacle,0
1786524363.3309774,11.85768716582608,0.0,4.0671814088821385,0.0,0.04611967598641233,0.82,0.18,1.0,avoid:obstacle,0
1786524363.4218721,11.640582419196878,0.0,3.902128928079186,0.0,0.031486804285341,0.82,0.18,1.0,avoid:obstacle,0
1786524363.5194373,11.480884747678294,0.0,3.7521875330211536,0.0,0.005879278808466161,0.82,0.18,1.0,avoid:obstacle,0
1786524363.6078815,11.26050628567466,0.0,16.46020051738006,0.0,0.0424614580611445,0.82,0.18,1.0,avoid:obstacle,0
1786524363.698118,11.266794403066207,0.0,0.0,0.0,0.040501698458322445,0.82,0.18,1.0,avoid:obstacle,0
1786524363.7967374,11.22465256659018,0.0,220.54592710517997,0.0,0.05644107656127515,0.82,0.18,1.0,avoid:obstacle,0
1786524363.8938687,11.01363006594942,0.0,12.533800266819274,0.0,0.11588711784687745,0.82,0.18,1.0,avoid:obstacle,0
1786524363.9826317,10.876333362728918,0.0,13.435176333609007,0.0,0.11340475568330285,0.82,0.18,1.0,avoid:obstacle,0
1786524364.0729122,10.95698959319271,0.0,223.0,0.0,0.05565717272014633,0.82,0.18,1.0,avoid:obstacle,0
1786524364.159869,10.982364109531845,0.0,41.875592055003324,0.0,0.02965769532270708,0.82,0.18,1.0,avoid:obstacle,0
1786524364.2463932,11.068038902650388,0.0,29.235076948953033,0.0,0.06506401881369218,0.82,0.18,1.0,avoid:obstacle,0
1786524364.3343213,11.180251671304866,0.0,19.359046026415513,0.0,0.04886333943036321,0.82,0.18,1.0,avoid:obstacle,0
1786524364.4272969,11.214476789674722,0.0,4.7020851253020695,0.0,0.019205644107656128,0.82,0.18,1.0,avoid:obstacle,0
1786524364.5005937,11.124815725849373,0.0,107.31793206791849,0.0,0.022341259472171415,0.82,0.18,1.0,avoid:obstacle,0
1786524364.599059,11.620689514491687,0.0,31.232927205373215,0.0,0.00509537496733734,0.82,0.18,1.0,avoid:obstacle,0
1786524364.697714,11.332581957917526,0.0,31.75920602369837,0.0,0.0056179775280898875,0.82,0.18,1.0,avoid:obstacle,0
1786524364.7850244,11.097786871711714,0.0,30.247369007803723,0.0,0.0010452051215050953,0.82,0.18,1.0,avoid:obstacle,0
1786524364.8932557,11.158092638110686,0.0,32.15642325121013,0.0,0.0,0.82,0.18,1.0,avoid:obstacle,0
1786524364.9917393,10.775071848346647,0.0,29.026922641081853,0.0,0.0,0.82,0.18,1.0,avoid:obstacle,0
1786524365.0971787,10.652847871665188,0.0,31.708226974174863,0.0,0.0,0.82,0.18,1.0,avoid:obstacle,0
1786524365.1868875,10.420875835599436,0.0,29.7206407821935,0.0,0.0011758557616932323,0.82,0.18,1.0,avoid:obstacle,0
1786524365.2871616,10.569770299372218,0.0,31.701423056274706,0.0,0.0,0.82,0.18,1.0,avoid:obstacle,0
1786524365.379334,10.444613206966185,0.0,30.938134183823763,0.0,0.0001306506401881369,0.82,0.18,1.0,avoid:obstacle,0
1786524365.4711998,10.52904307307632,0.0,30.450076804915657,0.0,0.007969689051476353,0.82,0.18,1.0,avoid:obstacle,0
1786524365.561329,10.599751657462077,0.0,223.0,0.0,0.0169845832244578,0.82,0.18,1.0,avoid:obstacle,0
1786524365.6585705,10.688383199305441,0.0,32.56711010040639,0.0,0.007055134570159394,0.82,0.18,1.0,avoid:obstacle,0
1786524365.7486122,10.618174231996711,0.0,5.4462989869339395,0.0,0.03227070812646982,0.82,0.18,1.0,avoid:obstacle,0
1786524365.8394384,10.707059804111832,0.0,28.944004487792565,0.0,0.01907499346746799,0.82,0.18,1.0,avoid:obstacle,0
1786524365.9222395,10.77374201656638,0.0,29.537726853516403,0.0,0.05278285863600732,0.82,0.18,1.0,avoid:obstacle,0
1786524366.0084283,10.998491582744096,0.0,5.013262131023225,0.0,0.06885288737914816,0.82,0.18,1.0,avoid:obstacle,0
1786524366.0963063,11.135518913703645,0.0,32.64532234639967,0.0,0.09067154429056702,0.82,0.18,1.0,avoid:obstacle,0
1786524366.18625,11.19443616151956,0.0,30.96606842737095,0.0,0.035145022210608834,0.82,0.18,1.0,avoid:obstacle,0
1786524366.2780898,11.185124290991904,0.0,12.333971751279295,0.0,0.09655082309903318,0.82,0.18,1.0,avoid:obstacle,0
1786524366.3655977,11.1202029015961,0.0,14.913879193494125,0.0,0.12150509537496734,0.82,0.18,1.0,avoid:obstacle,0
1786524366.4589293,11.182383442613888,0.0,15.479844979290078,0.0,0.09563626861771622,0.82,0.18,1.0,avoid:obstacle,0
1786524366.545424,11.096392846195322,0.0,31.076751615014675,0.0,0.09054089365037889,0.82,0.18,1.0,avoid:obstacle,0
1786524366.6330194,11.188399432989733,0.0,28.351198181400196,0.0,0.08048079435589234,0.82,0.18,1.0,avoid:obstacle,0
1786524366.7264898,11.237158463379942,0.0,13.447242631710779,0.0,0.1263391690619284,0.82,0.18,1.0,avoid:obstacle,0
1786524366.8159804,11.091654633727572,0.0,16.116013611734672,0.0,0.1352234125947217,0.82,0.18,1.0,avoid:obstacle,0
1786524366.9064264,11.14653173736136,0.0,12.66489495798308,0.0,0.08165665011758558,0.82,0.18,1.0,avoid:obstacle,0
1786524366.987787,11.131880627321744,0.0,28.678186125513975,0.0,0.10739482623464855,0.82,0.18,1.0,avoid:obstacle,0
1786524367.0714526,11.365182145347516,0.0,17.39539122250405,0.0,0.10491246407107395,0.82,0.18,1.0,avoid:obstacle,0
1786524367.1584287,11.432189260978687,0.0,17.132705052992833,0.0,0.08858113404755684,0.82,0.18,1.0,avoid:obstacle,0
1786524367.2468042,11.481725061990074,0.0,30.605693306462257,0.0,0.12189704729553175,0.82,0.18,1.0,avoid:obstacle,0
1786524367.3337388,11.458889564609732,0.0,12.237728671487218,0.0,0.11928403449176901,0.82,0.18,1.0,avoid:obstacle,0
1786524367.4209187,11.442460022302667,0.0,14.552477490748714,0.0,0.07368696106610922,0.82,0.18,1.0,avoid:obstacle,0
1786524367.5137968,11.458279466380638,0.0,23.568497611810727,0.0,0.10033969166448915,0.82,0.18,1.0,avoid:obstacle,0
1786524367.5970483,11.330418733931468,0.0,12.754383306297854,0.0,0.09132479749150771,0.82,0.18,1.0,avoid:obstacle,0
1786524367.6879025,11.472535555456798,0.0,14.43101803856544,0.0,0.11810817873007577,0.82,0.18,1.0,avoid:obstacle,0
1786524367.7794461,11.372748868815862,0.0,18.98775579569991,0.0,0.0803501437157042,0.82,0.18,1.0,avoid:obstacle,0
1786524367.8610647,11.27400961085118,0.0,10.203952872876286,0.0,0.11053044159916384,0.82,0.18,1.0,avoid:obstacle,0
1786524367.9428618,11.468088495678531,0.0,14.463013604191616,0.0,0.1043898615103214,0.82,0.18,1.0,avoid:obstacle,0
1786524368.041448,11.638362342725802,0.0,17.55082928084167,0.0,0.05500391951920564,0.82,0.18,1.0,avoid:obstacle,0
1786524368.1219096,11.312785467629578,0.0,0.0,0.0,0.09864123334204337,0.82,0.18,1.0,avoid:obstacle,0
1786524368.2060573,11.573881502336462,0.0,16.516449579831885,0.0,0.07211915338385158,0.82,0.18,1.0,avoid:obstacle,0
1786524368.293372,11.626198337064835,0.0,220.36820938186642,0.0,0.06362686177162268,0.82,0.18,1.0,avoid:obstacle,0
1786524368.3744783,11.592301042151533,0.0,220.69730618997875,0.0,0.07917428795401098,0.82,0.18,1.0,avoid:obstacle,0
1786524368.461663,11.753599093985265,0.0,15.720820196718876,0.0,0.060099294486542984,0.82,0.18,1.0,avoid:obstacle,0
1786524368.5480616,11.686252307616659,0.0,15.6757125597303,0.0,0.08544551868304155,0.82,0.18,1.0,avoid:obstacle,0
1786524368.641233,11.639674456294228,0.0,10.559494436381243,0.0,0.10752547687483668,0.82,0.18,1.0,avoid:obstacle,0
1786524368.7240047,11.472782633959577,0.0,14.115308014195307,0.0,0.09223935197282467,0.82,0.18,1.0,avoid:obstacle,0
1786524368.8210907,11.615913782455774,0.0,9.745314883830392,0.0,0.09289260517376535,0.82,0.18,1.0,avoid:obstacle,0
1786524368.9060447,11.347280632943729,0.0,7.694339189589698,0.0,0.07721452835118892,0.82,0.18,1.0,avoid:obstacle,0
1786524368.9963608,11.395591147221646,0.0,5.659456746497455,0.0,0.07708387771100078,0.82,0.18,1.0,avoid:obstacle,0
1786524369.0762424,11.370565733269816,0.0,20.330670751719595,0.0,0.04925529135092762,0.82,0.18,1.0,avoid:obstacle,0
1786524369.1573246,11.600286801846151,0.0,63.54819234820786,0.0,0.027305983799320616,0.82,0.18,1.0,avoid:obstacle,0
1786524369.2444882,11.70056863602879,0.0,9.977851074226436,0.0,0.07434021426704991,0.82,0.18,1.0,avoid:obstacle,0
1786524369.3332102,11.670069082002101,0.0,11.518193855135252,0.0,0.06467206689312778,0.82,0.18,1.0,avoid:obstacle,0
1786524369.4205265,11.60308312725609,0.0,12.313444518660845,0.0,0.09759602822053828,0.82,0.18,1.0,avoid:obstacle,0
1786524369.5142775,11.538407980515972,0.0,19.546380154933388,0.0,0.03671282989286648,0.82,0.18,1.0,avoid:obstacle,0
1786524369.596506,11.363262410864653,0.0,9.43298910683602,0.0,0.09681212437940946,0.82,0.18,1.0,avoid:obstacle,0
1786524369.6799324,11.564391921307449,0.0,56.449160595506896,0.0,0.07381761170629736,0.82,0.18,1.0,avoid:obstacle,0
1786524369.774075,11.661406814076017,0.0,13.424914249057323,0.0,0.13117324274888947,0.82,0.18,1.0,avoid:obstacle,0
1786524369.873321,11.426651299953052,0.0,15.467173926203756,0.0,0.10295270446825189,0.82,0.18,1.0,avoid:obstacle,0
1786524369.9684982,11.175969433704532,0.0,12.480723524415197,0.0,0.06976744186046512,0.82,0.18,1.0,avoid:obstacle,0
1786524370.0500407,11.00819981366828,0.0,16.75562152019424,0.0,0.08753592892605173,0.82,0.18,1.0,avoid:obstacle,0
1786524370.1548274,11.30141433828631,0.0,3.9007829448466254,0.0,0.09263130389338908,0.82,0.18,1.0,avoid:obstacle,0
1786524370.2469273,10.949926441020736,0.0,14.761895806675,0.0,0.1019074993467468,0.82,0.18,1.0,avoid:obstacle,0
1786524370.3423798,10.935417630843679,0.0,16.24833239118159,0.0,0.09877188398223151,0.82,0.18,1.0,avoid:obstacle,0
1786524370.4397688,10.841210540340612,0.0,23.074131056678425,0.0,0.08923438724849751,0.82,0.18,1.0,avoid:obstacle,0
1786524370.5260928,10.728235023620343,0.0,18.824111792914323,0.0,0.09890253462241964,0.82,0.18,1.0,avoid:obstacle,0
1786524370.6042666,10.908525471999772,0.0,33.47015342410731,0.0,0.05435066631826496,0.82,0.18,1.0,avoid:obstacle,0
1786524370.7035196,11.276928439074904,0.0,18.127562955915664,0.0,0.0870133263652992,0.82,0.18,1.0,avoid:obstacle,0
1786524370.7911818,11.01693630542292,0.0,18.154011675029892,0.0,0.06924483929971256,0.82,0.18,1.0,avoid:obstacle,0
1786524370.8908167,11.095759055257673,0.0,17.43398858817835,0.0,0.08675202508492291,0.82,0.18,1.0,avoid:obstacle,0
1786524370.9879258,10.907452802903805,0.0,13.128479363773351,0.0,0.1093545858374706,0.82,0.18,1.0,avoid:obstacle,0
1786524371.0665257,10.786404342928375,0.0,22.23070344781297,0.0,0.06506401881369218,0.82,0.18,1.0,avoid:obstacle,0
1786524371.1590765,11.16826255767863,0.0,19.621553498912363,0.0,0.09119414685131957,0.82,0.18,1.0,avoid:obstacle,0
1786524371.2597494,11.093761161183185,0.0,18.806338294175248,0.0,0.07969689051476352,0.82,0.18,1.0,avoid:obstacle,0
1786524371.3558683,10.866591941507144,0.0,16.976600985221637,0.0,0.04964724327149203,0.82,0.18,1.0,avoid:obstacle,0
1786524371.4401596,10.756699554311199,0.0,19.446788468653082,0.0,0.07224980402403972,0.82,0.18,1.0,avoid:obstacle,0
1786524371.529117,10.971775890018163,0.0,16.62189980382631,0.0,0.08557616932322969,0.82,0.18,1.0,avoid:obstacle,0
1786524371.6153266,11.010895602611374,0.0,19.507562817035762,0.0,0.06819963417820747,0.82,0.18,1.0,avoid:obstacle,0
1786524371.7042356,11.159147315474868,0.0,17.086703714339663,0.0,0.050823099033185264,0.82,0.18,1.0,avoid:obstacle,0
1786524371.7934062,11.189317796009252,0.0,16.553266867556772,0.0,0.09001829108962633,0.82,0.18,1.0,avoid:obstacle,0
1786524371.878259,11.184120076004119,0.0,16.86134883526769,0.0,0.07616932322968382,0.82,0.18,1.0,avoid:obstacle,0
1786524371.957603,11.270670790466193,0.0,9.181140183345832,0.0,0.058008884243532795,0.82,0.18,1.0,avoid:obstacle,0
1786524372.0591054,11.574179377874728,0.0,26.742849774375948,0.0,0.047687483668669976,0.82,0.18,1.0,avoid:obstacle,0
1786524372.1621597,11.21729862846248,0.0,27.015884578887377,0.0,0.09642017245884504,0.82,0.18,1.0,avoid:obstacle,0
1786524372.2740605,10.925463096140074,0.0,15.658996657827316,0.0,0.1263391690619284,0.82,0.18,1.0,avoid:obstacle,0
1786524372.3935204,10.533137829519626,1.0,11.622956065500071,0.0,0.24196498562842958,0.82,0.18,1.0,avoid:obstacle,0
1786524372.4709325,10.10411584132934,0.0,68.40318881063554,0.0,0.11680167232819441,0.82,0.18,1.0,avoid:obstacle,0
1786524372.5583198,10.648331344756665,0.0,65.1378821703347,0.0,0.0665011758557617,0.82,0.18,1.0,avoid:obstacle,0
1786524372.641828,10.811011473331513,0.0,67.58170621082161,0.0,0.06127515024823622,0.82,0.18,1.0,avoid:obstacle,0
1786524372.7250674,11.031147456549093,0.0,73.05726097801573,0.0,0.12777632610399792,0.82,0.18,1.0,avoid:obstacle,0
1786524372.8033495,11.252552928406628,0.0,79.78564085208545,0.0,0.2112620851842174,0.82,0.18,1.0,avoid:obstacle,0
1786524372.8792331,11.55359070009115,0.0,79.85497092391383,0.0,0.19911157564672066,0.82,0.18,1.0,avoid:obstacle,0
1786524372.9661746,11.812409992320463,0.0,75.27461306491347,0.0,0.04076299973869872,0.82,0.18,1.0,avoid:obstacle,0
1786524373.0620294,11.789395571057787,0.0,60.147700468119616,0.0,0.01019074993467468,0.82,0.18,1.0,avoid:obstacle,0
1786524373.1507378,11.530423857999214,0.0,45.574475689994884,0.0,0.01528612490201202,0.82,0.18,1.0,avoid:obstacle,0
1786524373.259446,11.454161733437171,0.0,52.03039342235457,0.0,0.02077345178991377,0.82,0.18,1.0,avoid:obstacle,0
1786524373.3614113,11.001521260341079,0.0,43.41929153868409,0.0,0.004703423046772929,0.82,0.18,1.0,avoid:obstacle,0
1786524373.4641235,10.756064240151572,0.0,42.23712428208442,0.0,0.0,0.82,0.18,1.0,avoid:obstacle,0
1786524373.5674996,10.541585662460061,0.0,45.20637435700716,0.0,0.0,0.82,0.18,1.0,avoid:obstacle,0
1786524373.6830068,10.39563624357448,0.0,40.307581947866026,0.0,0.21361379670760386,0.82,0.18,1.0,avoid:obstacle,0
1786524373.7920008,10.055596345641568,0.0,8.666019321327596,0.0,0.07734517899137706,0.82,0.18,1.0,avoid:obstacle,0
1786524373.8761723,9.872146442684155,0.0,24.0937323546259,0.3695790816326531,0.006663182649594983,0.82,0.18,1.0,avoid:obstacle,0
1786524373.9666138,10.270926797359138,0.0,156.88619728742566,0.0,0.0005226025607525476,0.82,0.18,1.0,avoid:obstacle,0
1786524374.0625634,10.438382380114062,0.600725806451613,106.5,0.5183035714285714,0.0020904102430101905,0.82,0.18,1.0,avoid:obstacle,0
1786524374.1514547,10.431621560239815,0.8366935483870968,110.0,0.0,0.0,0.82,0.18,1.0,avoid:obstacle,0
1786524374.218451,10.602062064340421,0.0,223.0,0.0,0.12999738698719623,0.82,0.18,1.0,avoid:obstacle,0
1786524374.2926097,11.44958419061502,0.0,159.4181929181717,0.0,0.23295009145544812,0.82,0.18,1.0,avoid:obstacle,0
1786524374.3774369,11.855316779181418,0.0,223.0,0.0,0.3131695845309642,0.82,0.18,1.0,avoid:obstacle,0
1786524374.456581,11.836936524328358,0.0,86.20222146274799,0.0,0.3761431931016462,0.82,0.18,1.0,avoid:obstacle,0
1786524374.5384145,12.018020701042998,0.0,223.0,0.0,0.4455186830415469,0.82,0.18,1.0,avoid:obstacle,0
1786524374.6263885,12.058317726049246,0.0,50.137826086956835,0.0,0.4550561797752809,0.82,0.18,1.0,avoid:obstacle,0
1786524374.6931064,11.871700085200354,0.0,62.79319593449894,0.0,0.24157303370786518,0.82,0.18,1.0,avoid:obstacle,0
1786524374.768047,12.558470812707375,0.3223790322580645,143.0,0.5255102040816326,0.1584792265482101,0.82,0.18,1.0,avoid:obstacle,0
1786524374.8517525,12.731442389830775,0.40258064516129033,141.425,0.588998724489796,0.11170629736085706,0.82,0.18,1.0,avoid:obstacle,0
1786524374.9381137,12.549750127440483,0.0,93.15546110157604,0.6510204081632653,0.11510321400574863,0.82,0.18,1.0,avoid:obstacle,0
1786524375.0268908,12.35412339093505,0.0,83.40201782840812,0.0,0.08871178468774497,0.82,0.18,1.0,avoid:obstacle,0
1786524375.1146681,12.141361407848613,0.0,63.85575399688104,0.6377551020408163,0.056571727201463286,0.82,0.18,1.0,avoid:obstacle,0
1786524375.1909091,11.9597951014741,0.0,52.966321365201985,0.0,0.01567807682257643,0.82,0.18,1.0,avoid:obstacle,0
1786524375.2724133,12.250834265104748,0.0,37.02642609879456,0.0,0.0,0.82,0.18,1.0,avoid:obstacle,0
1786524375.3587062,12.228414384712902,0.0,15.182973342447013,0.0,0.0,0.82,0.18,1.0,avoid:obstacle,0
1786524375.4300175,12.133619943772949,0.0,17.17616439604175,0.0,0.0,0.82,0.18,1.0,avoid:obstacle,0
1786524375.5192454,12.497463796653415,0.0,3.8756739037104078,0.0,0.0,0.82,0.18,1.0,avoid:obstacle,0
1786524375.6030777,12.244213099617147,0.0,4.885175398964832,0.0,0.0077083877711000785,0.82,0.18,1.0,avoid:obstacle,0
1786524375.688436,12.173629029849819,0.0,5.793297779505698,0.0,0.01319571465900183,0.82,0.18,1.0,avoid:obstacle,0
1786524375.7790005,12.094699653326966,0.0,5.520617089569665,0.0,0.0,0.82,0.18,1.0,avoid:obstacle,0
1786524375.8645492,11.88060059633416,0.0,4.800583009192629,0.0,0.0,0.82,0.18,1.0,avoid:obstacle,0
1786524375.9539976,11.833066804760715,0.0,5.3704439754052125,0.0,0.0014371570420695062,0.82,0.18,1.0,avoid:obstacle,0
1786524376.0482073,11.67543044358098,0.0,5.56616641638274,0.0,0.0,0.82,0.18,1.0,avoid:obstacle,0
1786524376.1372356,11.48360233289342,0.0,5.853933772113249,0.0,0.0,0.82,0.18,1.0,avoid:obstacle,0
1786524376.2286026,11.440760312159732,0.0,3.885957738563551,0.0,0.0019597596028220537,0.82,0.18,1.0,avoid:obstacle,0
1786524376.3197887,11.316280280715446,0.0,4.063323789378247,0.0,0.0,0.82,0.18,1.0,avoid:obstacle,0
1786524376.4052796,11.281828303364925,0.0,3.443138901121575,0.0,0.0,0.82,0.18,1.0,avoid:obstacle,0
1786524376.5068295,11.35679163145433,0.0,3.120113085131181,0.0,0.0,0.82,0.18,1.0,avoid:obstacle,0
1786524376.5957396,11.061182387960617,0.0,3.045767483796794,0.0,0.0,0.82,0.18,1.0,avoid:obstacle,0
1786524376.6857145,11.096013433892454,0.0,4.585352768064382,0.0,0.0,0.82,0.18,1.0,avoid:obstacle,0
1786524376.7763155,11.077857675079741,0.9274193548387096,219.4925515062771,0.0,0.0,0.82,0.18,1.0,avoid:obstacle,0
1786524376.8689926,11.06072458043236,0.9334677419354839,219.20380138706477,0.0,0.0,0.82,0.18,1.0,avoid:obstacle,0
1786524376.9656377,11.024800826930063,1.0,216.2683693963877,0.0,0.0,0.82,0.2,1.0,follow,0
1786524377.0586083,10.89906730565416,1.0,213.5692074865069,0.0,0.0,0.82,0.2,1.0,follow,0
1786524377.1406775,10.868834661227753,0.3951612903225806,210.0692074865069,0.5831313775510205,0.0,0.82,0.18,1.0,avoid:obstacle,0
1786524377.2213535,11.136790192759312,0.6491935483870968,213.5692074865069,0.0,0.0,0.6249999999999999,0.18,1.0,avoid:obstacle,0
1786524377.314753,11.372185927902775,0.842741935483871,212.69424441681642,0.0,0.0,0.4249999999999998,0.18,1.0,avoid:obstacle,0
1786524377.3841908,11.242082680307865,0.0,49.30355254039688,0.0,0.0,0.2249999999999998,0.18,1.0,avoid:obstacle,0
1786524377.462306,11.890860058400007,0.4780645161290323,209.19424441681642,0.0,0.0,0.03516113650071002,0.18,1.0,avoid:obstacle,0
1786524377.545586,12.017381309634334,0.7883064516129032,205.69424441681642,0.0,0.0,-0.16483886349929,0.18,1.0,avoid:obstacle,0
1786524377.6499245,11.994841527410845,0.0,8.575727819525,0.0,0.0654559707342566,-0.36483886349928996,0.18,1.0,avoid:obstacle,0
1786524377.7261386,11.54244591377907,0.0,0.0,0.0,0.3622942252417037,-0.56483886349929,0.18,1.0,avoid:obstacle,0
1786524377.8037465,11.88349543705437,0.0,0.0,0.0,0.49385941991115756,-0.76483886349929,0.18,1.0,avoid:obstacle,0
1786524377.902666,12.052086996885711,0.0,0.0,0.0,0.5118892082571205,-0.82,0.18,1.0,avoid:obstacle,0
1786524377.9945269,11.679060010493163,0.0,17.53238476114899,0.0,0.554481316958453,-0.82,0.18,1.0,avoid:obstacle,0
1786524378.0820239,11.52623523145041,0.0,12.104232259676053,0.0,0.6087013326365299,-0.82,0.18,1.0,avoid:obstacle,0
1786524378.1494586,11.500992116345287,0.0,152.15639097740512,0.0,0.630781290828325,-0.82,0.18,1.0,avoid:obstacle,0
1786524378.2339103,12.139383556376178,0.0,11.27440511642429,0.0,0.5977266788607264,-0.82,0.18,1.0,avoid:obstacle,0
1786524378.320659,12.091633095570963,0.0,211.89160639253268,0.0,0.5883198327671806,-0.82,0.18,1.0,avoid:obstacle,0
1786524378.398572,11.984971487155839,0.0,223.0,0.6123724489795919,0.6060883198327672,-0.82,0.18,1.0,avoid:obstacle,0
1786524378.4682431,12.127128039283102,0.0,223.0,0.0,0.6579566239874576,-0.82,0.18,1.0,avoid:obstacle,0
1786524378.5447323,12.600943763769553,0.0,10.785225885184005,0.0,0.6610922393519728,-0.82,0.18,1.0,avoid:obstacle,0
1786524378.6399937,12.644790055511107,0.0,208.31604557604558,0.0,0.6586098771883983,-0.82,0.18,1.0,avoid:obstacle,0
1786524378.7192526,12.247664817600912,0.0,13.978156933704156,0.0,0.6437157042069506,-0.82,0.18,1.0,avoid:obstacle,0
1786524378.797294,12.332173729192066,0.0,20.062755691889123,0.0,0.6426704990854455,-0.82,0.18,1.0,avoid:obstacle,0
1786524378.8797333,12.435193886721347,0.0,13.110268130522442,0.0,0.6301280376273843,-0.82,0.18,1.0,avoid:obstacle,0
1786524378.9635541,12.365964548648076,0.0,29.115389621778036,0.0,0.6331330023517115,-0.82,0.18,1.0,avoid:obstacle,0
1786524379.0494282,12.242809771809707,0.0,32.96584142527928,0.0,0.6323490985105827,-0.82,0.18,1.0,avoid:obstacle,0
1786524379.1205883,12.16628177430055,0.0,223.0,0.0,0.6484191272537235,-0.82,0.18,1.0,avoid:obstacle,0
1786524379.1901815,12.543533673722354,0.0,0.0,0.6011479591836736,0.6226809511366606,-0.82,0.18,1.0,avoid:obstacle,0
1786524379.2817285,12.896026077242585,0.0,61.18571190875002,0.0,0.6131434544029266,-0.82,0.18,1.0,avoid:obstacle,0
1786524379.368664,12.508014587879368,0.0,0.0,0.0,0.6582179252678338,-0.82,0.18,1.0,avoid:obstacle,0
1786524379.4478614,12.308027067120705,0.0,22.590759703719073,0.0,0.6693232296838254,-0.82,0.18,1.0,avoid:obstacle,0
1786524379.536413,12.371716171537276,0.0,48.71119670652013,0.0,0.5908021949307551,-0.82,0.18,1.0,avoid:obstacle,0
1786524379.6217685,12.151248766910426,0.0,0.0,0.0,0.4848445257381761,-0.82,0.18,1.0,avoid:obstacle,0
1786524379.7004008,12.031426129372289,0.0,8.043950660484796,0.0,0.5450744708649072,-0.82,0.18,1.0,avoid:obstacle,0
1786524379.7846007,12.214685410378499,0.0,12.184100253696243,0.0,0.5109746537758035,-0.82,0.18,1.0,avoid:obstacle,0
1786524379.8787646,12.146994068253687,0.0,10.983035285833523,0.0,0.38006271230729033,-0.82,0.18,1.0,avoid:obstacle,0
1786524379.9640708,11.826742284646853,0.0,6.764693920706819,0.0,0.35471648811079176,-0.82,0.18,1.0,avoid:obstacle,0
1786524380.0435133,11.81586139165269,0.0,5.392782046830844,0.0,0.38999216096158873,-0.82,0.18,1.0,avoid:obstacle,0
1786524380.131092,11.951761894849513,0.0,12.19159785799394,0.0,0.42775019597596026,-0.82,0.18,1.0,avoid:obstacle,0
1786524380.2182972,11.810468307257533,0.0,10.338950355214088,0.0,0.37170107133524954,-0.82,0.18,1.0,avoid:obstacle,0
1786524380.3257267,11.798441552230532,0.0,7.153380683379865,0.0,0.392213221844787,-0.82,0.18,1.0,avoid:obstacle,0
1786524380.4041924,11.265966910688043,0.0,142.32747252748692,0.0,0.4975176378364254,-0.82,0.18,1.0,avoid:obstacle,0
1786524380.489844,11.584660105215425,0.0,5.795614944682249,0.0,0.45949830154167753,-0.82,0.18,1.0,avoid:obstacle,0
1786524380.5802238,11.585318481719892,0.0,11.502023043578774,0.0,0.4733472694016201,-0.82,0.18,1.0,avoid:obstacle,0
1786524380.6710777,11.518263743211968,0.0,14.601275140582416,0.0,0.5538280637575124,-0.82,0.18,1.0,avoid:obstacle,0
1786524380.7673364,11.421001263428737,0.0,15.070144078093307,0.0,0.5030049647243271,-0.82,0.18,1.0,avoid:obstacle,0
1786524380.8521276,11.210906454516865,0.0,9.836119968608486,0.0,0.5253462241964986,-0.82,0.18,1.0,avoid:obstacle,0
1786524380.937663,11.330953231282695,0.0,11.59784988780028,0.0,0.5359289260517377,-0.82,0.18,1.0,avoid:obstacle,0
1786524381.008907,11.401737111645502,0.0,32.7078215900344,0.0,0.4900705513457016,-0.82,0.18,1.0,avoid:obstacle,0
1786524381.0966249,11.944286373687927,0.0,17.13790798729542,0.0,0.5129344133786256,-0.82,0.18,1.0,avoid:obstacle,0
1786524381.1799166,11.836633092400932,0.0,12.355065765116336,0.0,0.4892866475045728,-0.82,0.18,1.0,avoid:obstacle,0
1786524381.2544217,11.865471622478774,0.0,71.14149290581463,0.0,0.4836686699764829,-0.82,0.18,1.0,avoid:obstacle,0
1786524381.3384886,12.020330136499204,0.0,154.9649606373502,0.0,0.5232558139534884,-0.82,0.18,1.0,avoid:obstacle,0
1786524381.4152265,12.13174712727989,0.0,160.33186864014732,0.0,0.5005226025607525,-0.82,0.18,1.0,avoid:obstacle,0
1786524381.4868667,12.302362525146494,0.0,113.62088974854737,0.0,0.5463809772667886,-0.82,0.18,1.0,avoid:obstacle,0
1786524381.5633366,12.64553630228053,0.0,103.25779465347193,0.0,0.5118892082571205,-0.82,0.18,1.0,avoid:obstacle,0
1786524381.6435897,12.736047946742747,0.0,117.84774113160177,0.0,0.5114972563365561,-0.82,0.18,1.0,avoid:obstacle,0
1786524381.7247624,12.681490330964932,0.0,142.3582642677698,0.0,0.4472171413639927,-0.82,0.18,1.0,avoid:obstacle,0
1786524381.8110945,12.593289302639377,0.0,167.4884035945547,0.0,0.42422262869088057,-0.82,0.18,1.0,avoid:obstacle,0
1786524381.890864,12.398148176696123,0.0,142.6669123559368,0.0,0.5113666056963679,-0.82,0.18,1.0,avoid:obstacle,0
1786524381.9801414,12.422021379927866,0.0,32.56281345008648,0.0,0.4963417820747322,-0.82,0.18,1.0,avoid:obstacle,0
1786524382.0757716,12.187342645878342,0.0,10.704055661874492,0.0,0.5678076822576431,-0.82,0.18,1.0,avoid:obstacle,0
1786524382.1545002,11.832984275153082,0.0,44.184484888638224,0.0,0.5231251633133003,-0.82,0.18,1.0,avoid:obstacle,0
1786524382.2368793,12.004564812549647,0.0,29.627701630975366,0.0,0.5518683041546903,-0.82,0.18,1.0,avoid:obstacle,0
1786524382.340636,12.032513704564098,0.0,31.83986064976773,0.0,0.555265220799582,-0.82,0.18,1.0,avoid:obstacle,0
1786524382.4314673,11.552782396843734,0.0,4.8472731465735635,0.0,0.5214267049908544,-0.82,0.18,1.0,avoid:obstacle,0
1786524382.505661,11.449715891219407,0.0,168.03299099473224,0.0,0.5348837209302325,-0.82,0.18,1.0,avoid:obstacle,0
1786524382.5981383,11.862940506668519,0.0,7.462540694186373,0.0,0.5465116279069767,-0.82,0.18,1.0,avoid:obstacle,0
1786524382.693695,11.562636728789364,0.0,7.844716886489181,0.0,0.5398484452573817,-0.82,0.18,1.0,avoid:obstacle,0
1786524382.7807844,11.411606178069157,0.0,4.316215711152342,0.0,0.5407629997386987,-0.82,0.18,1.0,avoid:obstacle,0
1786524382.8645768,11.417276943819266,0.0,4.092111471524362,0.0,0.508622942252417,-0.82,0.18,1.0,avoid:obstacle,0
1786524382.9451742,11.562972277085564,0.0,148.45540569898722,0.7387755102040817,0.4963417820747322,-0.82,0.18,1.0,avoid:obstacle,0
1786524383.0361276,11.695558192039698,0.0,10.520059652021942,0.0,0.47517637836425397,-0.82,0.18,1.0,avoid:obstacle,0
1786524383.1264935,11.571002156605097,0.0,9.558987415438125,0.0,0.47465377580350143,-0.82,0.18,1.0,avoid:obstacle,0
1786524383.2193263,11.455023711006772,0.0,8.918092542455952,0.0,0.47465377580350143,-0.82,0.18,1.0,avoid:obstacle,0
1786524383.314885,11.30784651519832,0.0,8.146148416519438,0.0,0.5096681473739222,-0.82,0.18,1.0,avoid:obstacle,0
1786524383.402269,11.145948944228335,0.0,13.958889076902125,0.0,0.536190227332114,-0.82,0.18,1.0,avoid:obstacle,0
1786524383.5003397,11.224577141521792,0.0,8.42144563475425,0.0,0.5357982754115496,-0.82,0.18,1.0,avoid:obstacle,0
1786524383.5900877,10.990073717413305,0.0,7.400495706824849,0.0,0.5495165926313039,-0.82,0.18,1.0,avoid:obstacle,0
1786524383.6861644,11.005341991953044,0.0,9.149334983450537,0.0,0.5519989547948785,-0.82,0.18,1.0,avoid:obstacle,0
1786524383.7908933,10.905487204127336,0.0,8.821571559470414,0.0,0.5614058008884244,-0.82,0.18,1.0,avoid:obstacle,0
1786524383.8952324,10.665765251713848,0.0,0.0,0.0,0.5746015155474262,-0.82,0.18,1.0,avoid:obstacle,0
1786524383.9866402,10.441607384766993,0.0,6.53420031001653,0.0,0.5620590540893651,-0.82,0.18,1.0,avoid:obstacle,0
1786524384.0751119,10.551051202466308,0.0,163.3025472446119,0.0,0.565847922654821,-0.82,0.18,1.0,avoid:obstacle,0
1786524384.1635983,10.69658893771551,0.0,6.660905716535396,0.0,0.5616671021688007,-0.82,0.18,1.0,avoid:obstacle,0
1786524384.2462397,10.819333723267672,0.0,182.38670352928057,0.0,0.5637575124118108,-0.82,0.18,1.0,avoid:obstacle,0
1786524384.326899,11.079346056032978,0.0,170.267536200417,0.0,0.5427227593415208,-0.82,0.18,1.0,avoid:obstacle,0
1786524384.4186165,11.305093726002092,0.0,9.686599210250222,0.0,0.56872223673896,-0.82,0.18,1.0,avoid:obstacle,0
1786524384.5021684,11.2546059014913,0.0,70.88692992213686,0.0,0.5483407368696107,-0.82,0.18,1.0,avoid:obstacle,0
1786524384.5888872,11.368940728271424,0.0,7.71474691020849,0.0,0.5266527305983799,-0.82,0.18,1.0,avoid:obstacle,0
1786524384.6726754,11.378160447317738,0.0,3.314637494429343,0.0,0.5581395348837209,-0.82,0.18,1.0,avoid:obstacle,0
1786524384.7563276,11.531204307960433,0.0,7.329165132875872,0.0,0.5223412594721714,-0.82,0.18,1.0,avoid:obstacle,0
1786524384.85861,11.586351892696847,0.0,8.816590268487111,0.0,0.4287954010974654,-0.82,0.18,1.0,avoid:obstacle,0
1786524384.9411721,11.232255857923018,0.0,170.47222849752984,0.0,0.3407368696106611,-0.82,0.18,1.0,avoid:obstacle,0
1786524385.02113,11.428061343707276,0.0,191.77870767738557,0.0,0.26718055918474,-0.82,0.18,1.0,avoid:obstacle,0
1786524385.1144052,11.656634296541188,0.0,218.95224283072037,0.7362244897959185,0.24000522602560753,-0.82,0.18,1.0,avoid:obstacle,0
1786524385.212142,11.430279488581576,0.0,8.860118830648261,0.0,0.2187091716749412,-0.82,0.18,1.0,avoid:obstacle,0
1786524385.3058994,11.228108111639404,0.0,12.2978489977368,0.0,0.10804807943558924,-0.82,0.18,1.0,avoid:obstacle,0
1786524385.4048676,11.103151119182986,0.8608870967741936,15.213270955879096,0.4185586734693878,0.05957669192579044,-0.82,0.18,1.0,avoid:obstacle,0
1786524385.5040042,10.897990470831676,0.0,13.36310324921709,0.0,0.06480271753331591,-0.82,0.18,1.0,avoid:obstacle,0
1786524385.5961,10.734337047547742,0.0,9.822820594967169,0.0,0.05957669192579044,-0.82,0.18,1.0,avoid:obstacle,0
1786524385.6803331,10.77953522428378,0.0,0.0,0.0,0.14567546380977267,-0.82,0.18,1.0,avoid:obstacle,0
1786524385.7638814,10.988869613103674,0.0,27.35372546740517,0.0,0.18591586098771884,-0.82,0.18,1.0,avoid:obstacle,0
1786524385.8426218,11.19400981977963,0.0,68.86846315769935,0.0,0.18134308858113404,-0.82,0.18,1.0,avoid:obstacle,0
1786524385.9145162,11.461496667050413,0.0,172.22162439316253,0.0,0.24457799843219233,-0.82,0.18,1.0,avoid:obstacle,0
1786524385.9903698,11.975127909203172,0.0,110.13943739698846,0.0,0.2935719885027437,-0.82,0.18,1.0,avoid:obstacle,0
1786524386.0667303,12.213428209252784,0.0,27.560426182534115,0.0,0.3552390906715443,-0.82,0.18,1.0,avoid:obstacle,0
1786524386.1357832,12.409194369282524,0.0,223.0,0.4960140306122449,0.2572511105304416,-0.82,0.18,1.0,avoid:obstacle,0
1786524386.2301962,12.823533327015769,0.8185483870967742,1.4899398115936435,0.0,0.14841912725372355,-0.82,0.18,1.0,avoid:obstacle,0
1786524386.3094032,12.377088410073714,0.0,0.0,0.0,0.36046511627906974,-0.82,0.18,1.0,avoid:obstacle,0
1786524386.3871214,12.42524759192592,0.0,1.6173281326859552,0.0,0.01959759602822054,-0.82,0.18,1.0,avoid:obstacle,0
1786524386.473555,12.452015042054352,0.0,0.0,0.0,0.2558139534883721,-0.82,0.18,1.0,avoid:obstacle,0
1786524386.5456374,12.328608854928945,0.0,0.0,0.0,0.493336817350405,-0.82,0.18,1.0,avoid:obstacle,0
1786524386.6122534,12.620051534410603,0.0,0.0,0.0,0.7069506140580089,-0.82,0.18,1.0,avoid:obstacle,0
1786524386.7007723,13.103475499803144,0.0,214.0960256011284,0.0,0.6375751241181081,-0.82,0.18,1.0,avoid:obstacle,0
1786524386.7883232,12.75210193669658,0.0,214.59068315704914,0.0,0.5923700026130128,-0.82,0.18,1.0,avoid:obstacle,0
1786524386.8735816,12.46263332277076,0.0,214.39463036519743,0.0,0.6681473739221322,-0.82,0.18,1.0,avoid:obstacle,0
1786524386.9627717,12.321396731135724,0.0,210.9086981627918,0.0,0.6646198066370526,-0.82,0.18,1.0,avoid:obstacle,0
1786524387.0500073,12.103598609044008,0.0,209.99225558695156,0.0,0.6945388032401358,-0.82,0.18,1.0,avoid:obstacle,0
1786524387.1368444,11.92861647730818,0.0,210.33784778898058,0.0,0.6550823099033185,-0.82,0.18,1.0,avoid:obstacle,0
1786524387.2216215,11.899175344645084,0.0,210.52205122853803,0.0,0.6644891559968644,-0.82,0.18,1.0,avoid:obstacle,0
1786524387.3023865,11.89174792215923,0.0,210.95760716220119,0.0,0.6539064541416253,-0.82,0.18,1.0,avoid:obstacle,0
1786524387.3856597,11.97608736759189,0.0,210.63436615264584,0.0,0.6630519989547948,-0.82,0.18,1.0,avoid:obstacle,0
1786524387.469149,11.983501361761235,0.0,210.51259589232663,0.0,0.6590018291089627,-0.82,0.18,1.0,avoid:obstacle,0
1786524387.5492716,11.978095734306176,0.0,211.39204578219756,0.0,0.6639665534361119,-0.82,0.18,1.0,avoid:obstacle,0
1786524387.6422126,12.063811613162903,0.0,210.2677341557686,0.0,0.6718055918474001,-0.82,0.18,1.0,avoid:obstacle,0
1786524387.7290576,11.825556210762254,0.0,210.7491839715097,0.0,0.6667102168800627,-0.82,0.18,1.0,avoid:obstacle,0
1786524387.809781,11.75287757520957,0.0,210.82285130793989,0.0,0.6637052521557356,-0.82,0.18,1.0,avoid:obstacle,0
1786524387.8977506,11.893272386164302,0.0,211.32958277100215,0.0,0.6528612490201202,-0.82,0.18,1.0,avoid:obstacle,0
1786524387.9828026,11.787383276296971,0.0,210.58177123365311,0.0,0.6671021688006271,-0.82,0.18,1.0,avoid:obstacle,0
1786524388.0618575,11.7700927643692,0.0,211.19640104844302,0.0,0.6601776848706559,-0.82,0.18,1.0,avoid:obstacle,0
1786524388.1523974,11.908496437868923,0.0,209.87117834261187,0.0,0.6642278547164882,-0.82,0.18,1.0,avoid:obstacle,0
1786524388.235584,11.76503157727834,0.0,211.5244153813967,0.0,0.6610922393519728,-0.82,0.18,1.0,avoid:obstacle,0
1786524388.319755,11.794827718677993,0.0,210.90413914246582,0.0,0.638359027959237,-0.82,0.18,1.0,avoid:obstacle,0
1786524388.404244,11.844482695221169,0.0,210.50183024856153,0.0,0.6510321400574863,-0.82,0.18,1.0,avoid:obstacle,0
1786524388.4870193,11.842950710084498,0.0,210.8539533272833,0.0,0.6638359027959237,-0.82,0.18,1.0,avoid:obstacle,0
1786524388.5655274,11.891640347524456,0.0,210.7284317023935,0.0,0.6604389861510321,-0.82,0.18,1.0,avoid:obstacle,0
1786524388.6540148,12.045297261834255,0.0,210.65194135641605,0.0,0.6458061144499608,-0.82,0.18,1.0,avoid:obstacle,0
1786524388.7402022,11.887774488872289,0.0,211.72923599744774,0.0,0.634570159393781,-0.82,0.18,1.0,avoid:obstacle,0
1786524388.8221781,11.842722526169766,0.0,210.79737962813547,0.0,0.6367912202769793,-0.82,0.18,1.0,avoid:obstacle,0
1786524388.909833,11.916846395782983,0.0,211.7431960356198,0.0,0.646981970211654,-0.82,0.18,1.0,avoid:obstacle,0
1786524389.0066137,11.793747499891849,0.0,212.0462921955239,0.0,0.6302586882675725,-0.82,0.18,1.0,avoid:obstacle,0
1786524389.0954008,11.515659958357729,0.0,212.4706738878814,0.0,0.6379670760386726,-0.82,0.18,1.0,avoid:obstacle,0
1786524389.1807845,11.469751779801697,0.0,212.5414789893405,0.0,0.6399268356414947,-0.82,0.18,1.0,avoid:obstacle,0
1786524389.269085,11.51288119732044,0.0,212.4095522617132,0.0,0.6220276979357199,-0.82,0.18,1.0,avoid:obstacle,0
1786524389.353058,11.485328453173478,0.0,211.6691655329577,0.0,0.6373138228377319,-0.82,0.18,1.0,avoid:obstacle,0
1786524389.4383078,11.52902095353517,0.0,211.1821653502726,0.0,0.6411026914031879,-0.82,0.18,1.0,avoid:obstacle,0
1786524389.5258472,11.564203264845546,0.0,210.98412190757995,0.0,0.6339169061928404,-0.82,0.18,1.0,avoid:obstacle,0
1786524389.6114833,11.575745706663296,0.0,210.68003613049464,0.0,0.6373138228377319,-0.82,0.18,1.0,avoid:obstacle,0
1786524389.699396,11.59182930254177,0.0,210.87976464392725,0.0,0.6380977266788608,-0.82,0.18,1.0,avoid:obstacle,0
1786524389.7833555,11.531337597533751,0.0,210.15536642842648,0.0,0.646981970211654,-0.82,0.18,1.0,avoid:obstacle,0
1786524389.8667943,11.622135705332482,0.0,210.6324375556131,0.0,0.6411026914031879,-0.82,0.18,1.0,avoid:obstacle,0
1786524389.9532511,11.70222061190165,0.0,210.49528740398907,0.0,0.6429318003658218,-0.82,0.18,1.0,avoid:obstacle,0
1786524390.0400195,11.651822075833664,0.0,210.00330974677325,0.0,0.6501175855761693,-0.82,0.18,1.0,avoid:obstacle,0
1786524390.122153,11.648793542547924,0.0,210.8921255138616,0.0,0.6388816305199896,-0.82,0.18,1.0,avoid:obstacle,0
1786524390.211311,11.70040097735752,0.0,210.22240126935938,0.0,0.645936765090149,-0.82,0.18,1.0,avoid:obstacle,0
1786524390.2951453,11.654088525450243,0.0,210.59141319535854,0.0,0.6502482362163574,-0.82,0.18,1.0,avoid:obstacle,0
1786524390.3873153,11.693243456662504,0.0,210.79172893579022,0.0,0.6681473739221322,-0.82,0.18,1.0,avoid:obstacle,0
1786524390.4755344,11.518511852563684,0.0,211.63795161512655,0.0,0.6544290567023778,-0.82,0.18,1.0,avoid:obstacle,0
1786524390.5592763,11.501927953935017,0.0,211.15603504808473,0.0,0.6593937810295271,-0.82,0.18,1.0,avoid:obstacle,0
1786524390.6475358,11.565036848379393,0.0,211.51442057946795,0.0,0.6542984060621897,-0.82,0.18,1.0,avoid:obstacle,0
1786524390.7364624,11.514293267258454,0.0,210.95320943195424,0.0,0.6704990854455187,-0.82,0.18,1.0,avoid:obstacle,0
1786524390.822935,11.48219071540263,0.0,211.58499569350028,0.0,0.6546903579827541,-0.82,0.18,1.0,avoid:obstacle,0
1786524390.9080012,11.508802626463229,0.0,211.20791514453444,0.0,0.6582179252678338,-0.82,0.18,1.0,avoid:obstacle,0
1786524391.0001273,11.546649360432866,0.0,211.452099438103,0.0,0.6661876143193102,-0.82,0.18,1.0,avoid:obstacle,0
1786524391.0894938,11.416387187509493,0.0,209.66617662882217,0.0,0.6668408675202508,-0.82,0.18,1.0,avoid:obstacle,0
1786524391.1960704,11.374127788940497,0.0,210.41584519209837,0.0,0.6596550823099033,-0.82,0.18,1.0,avoid:obstacle,0
1786524391.283481,10.976118731457152,0.0,209.900396866047,0.0,0.6623987457538542,-0.82,0.18,1.0,avoid:obstacle,0
1786524391.369487,11.066500998460313,0.0,210.7673769176279,0.0,0.6486804285340998,-0.82,0.18,1.0,avoid:obstacle,0
1786524391.4534266,11.138810939030092,0.0,210.98052705222767,0.0,0.6416252939639404,-0.82,0.18,1.0,avoid:obstacle,0
1786524391.5424144,11.339635608246638,0.0,210.16774102841526,0.0,0.6272537235432454,-0.82,0.18,1.0,avoid:obstacle,0
1786524391.6341038,11.31918636691938,0.0,210.36457433620495,0.0,0.6204598902534623,-0.82,0.18,1.0,avoid:obstacle,0
1786524391.7246737,11.234505827667299,0.0,210.59468380138395,0.0,0.6447609093284558,-0.82,0.18,1.0,avoid:obstacle,0
1786524391.8213222,11.148923839715378,0.0,210.59743769553535,0.0,0.6075254768748367,-0.82,0.18,1.0,avoid:obstacle,0
1786524391.9059317,11.033433002203875,0.0,211.00867539166012,0.0,0.634570159393781,-0.82,0.18,1.0,avoid:obstacle,0
1786524392.009256,11.186854755269128,0.0,210.60643969632093,0.0,0.6330023517115234,-0.82,0.18,1.0,avoid:obstacle,0
1786524392.1052504,10.879833207315237,0.0,210.4098649288715,0.0,0.6404494382022472,-0.82,0.18,1.0,avoid:obstacle,0
1786524392.1907308,10.79024771083872,0.0,211.48323646746718,0.0,0.6303893389077606,-0.82,0.18,1.0,avoid:obstacle,0
1786524392.282497,10.95776093245777,0.0,210.88897581463283,0.0,0.6382283773190489,-0.82,0.18,1.0,avoid:obstacle,0
1786524392.3678515,10.963794155601096,0.0,211.31626182134826,0.0,0.6118369480010452,-0.82,0.18,1.0,avoid:obstacle,0
1786524392.4559004,11.101122240920223,0.0,211.1312857150302,0.0,0.6333943036320878,-0.82,0.18,1.0,avoid:obstacle,0
1786524392.5450995,11.1562542657106,0.0,209.96925312519446,0.0,0.6446302586882676,-0.82,0.18,1.0,avoid:obstacle,0
1786524392.6343567,11.174079326319742,0.0,209.91530799685108,0.0,0.6249020120198588,-0.82,0.18,1.0,avoid:obstacle,0
1786524392.721335,11.181764319552196,0.0,210.26879959629065,0.0,0.645936765090149,-0.82,0.18,1.0,avoid:obstacle,0
1786524392.80802,11.24266192938966,0.0,211.51343580284487,0.0,0.628821531225503,-0.82,0.18,1.0,avoid:obstacle,0
1786524392.8989003,11.289489140101944,0.0,210.71303803340916,0.0,0.6361379670760386,-0.82,0.18,1.0,avoid:obstacle,0
1786524392.9852915,11.243601910265586,0.0,210.57583840306802,0.0,0.6245100600992944,-0.82,0.18,1.0,avoid:obstacle,0
1786524393.0735433,11.264197709275926,0.0,210.9429161236982,0.0,0.6397961850013065,-0.82,0.18,1.0,avoid:obstacle,0
1786524393.171063,11.324685972971164,0.0,210.88306243780463,0.0,0.655604912464071,-0.82,0.18,1.0,avoid:obstacle,0
1786524393.2608716,11.099676196119908,0.0,210.41511298025048,0.0,0.646981970211654,-0.82,0.18,1.0,avoid:obstacle,0
1786524393.348582,11.104692725237234,0.0,211.83038184884518,0.0,0.6282989286647505,-0.82,0.18,1.0,avoid:obstacle,0
1786524393.4399655,11.17903556595512,0.0,212.02973969338652,0.0,0.6507708387771101,-0.82,0.18,1.0,avoid:obstacle,0
1786524393.531038,11.132780466713271,0.0,211.6205213152962,0.0,0.6390122811601777,-0.82,0.18,1.0,avoid:obstacle,0
1786524393.619379,11.087168305963559,0.0,210.7344882150678,0.0,0.6249020120198588,-0.82,0.18,1.0,avoid:obstacle,0
1786524393.7055473,11.117890165235796,0.0,211.9549453188432,0.0,0.6251633133002352,-0.82,0.18,1.0,avoid:obstacle,0
1786524393.7926505,11.208587993948308,0.0,211.80673791734728,0.0,0.6298667363470081,-0.82,0.18,1.0,avoid:obstacle,0
1786524393.8759558,11.273931322385401,0.0,212.84117092485062,0.0,0.6239874575385419,-0.82,0.18,1.0,avoid:obstacle,0
1786524393.962438,11.427350149815103,0.0,212.41793997790137,0.0,0.62411810817873,-0.82,0.18,1.0,avoid:obstacle,0
1786524394.0520382,11.420333690126412,0.0,211.18486934648124,0.0,0.6280376273843742,-0.82,0.18,1.0,avoid:obstacle,0
1786524394.1394484,11.423348651281081,0.0,210.1382968817616,0.0,0.6290828325058793,-0.82,0.18,1.0,avoid:obstacle,0
1786524394.2251577,11.413414009359904,0.0,211.66176228895188,0.0,0.6002090410243011,-0.82,0.18,1.0,avoid:obstacle,0
1786524394.3118615,11.466605415239599,0.0,210.91529855342753,0.0,0.6102691403187875,-0.82,0.18,1.0,avoid:obstacle,0
1786524394.397397,11.491092956312132,0.0,211.21025892447915,0.0,0.6063496211131435,-0.82,0.18,1.0,avoid:obstacle,0
1786524394.4843004,11.529075424121954,0.0,210.83780642334727,0.0,0.5931539064541417,-0.82,0.18,1.0,avoid:obstacle,0
1786524394.5799725,11.510276656088406,0.0,210.87788312260804,0.0,0.5970734256597857,-0.82,0.18,1.0,avoid:obstacle,0
1786524394.668378,11.308601695348102,0.0,210.77794310377152,0.0,0.5830938071596551,-0.82,0.18,1.0,avoid:obstacle,0
1786524394.7558074,11.313337858975267,0.0,210.45524029025475,0.0,0.5908021949307551,-0.82,0.18,1.0,avoid:obstacle,0
1786524394.8496592,11.324303628631116,0.0,209.75414682039525,0.0,0.5962895218186569,-0.82,0.18,1.0,avoid:obstacle,0
1786524394.9392262,11.158198878924916,0.0,210.2191426123221,0.0,0.5977266788607264,-0.82,0.18,1.0,avoid:obstacle,0
1786524395.0352812,11.208144007025476,0.0,210.79477175502225,0.0,0.5985105827018552,-0.82,0.18,1.0,avoid:obstacle,0
1786524395.1237037,11.015714303808299,0.0,210.9649626562171,0.0,0.6151032140057486,-0.82,0.18,1.0,avoid:obstacle,0
1786524395.2086105,11.11116407340602,0.0,211.0212731728265,0.0,0.6242487588189182,-0.82,0.18,1.0,avoid:obstacle,0
1786524395.295164,11.250064149632985,0.0,210.22192452043365,0.0,0.6196759864123335,-0.82,0.18,1.0,avoid:obstacle,0
1786524395.3807127,11.303076087102,0.0,210.90297408835238,0.0,0.6234648549777894,-0.82,0.18,1.0,avoid:obstacle,0
1786524395.4701962,11.33195892378976,0.0,213.4946778963612,0.0,0.6341782074732166,-0.82,0.18,1.0,avoid:obstacle,0
1786524395.5640664,11.323377571385963,0.0,210.68586102708298,0.0,0.6336556049124641,-0.82,0.18,1.0,avoid:obstacle,0
1786524395.6517475,11.215630089443483,0.0,210.84782425330081,0.0,0.6239874575385419,-0.82,0.18,1.0,avoid:obstacle,0
1786524395.741007,11.241877931797568,0.0,210.45296715341172,0.0,0.6090932845570943,-0.82,0.18,1.0,avoid:obstacle,0
1786524395.8289561,11.200917423523745,0.0,211.28468473290172,0.0,0.5975960282205383,-0.82,0.18,1.0,avoid:obstacle,0
1786524395.9144797,11.273224486528532,0.0,210.0073985928847,0.0,0.6080480794355893,-0.82,0.18,1.0,avoid:obstacle,0
1786524396.0091174,11.321098924142905,0.0,210.37167771389682,0.0,0.6007316435850536,-0.82,0.18,1.0,avoid:obstacle,0
1786524396.096516,11.184661310252364,0.0,211.0811113351199,0.0,0.6029527044682519,-0.82,0.18,1.0,avoid:obstacle,0
1786524396.1840966,11.26463425319367,0.0,210.8377663631104,0.0,0.6070028743140842,-0.82,0.18,1.0,avoid:obstacle,0
1786524396.2746718,11.285378455455923,0.0,211.39192688321992,0.0,0.6160177684870656,-0.82,0.18,1.0,avoid:obstacle,0
1786524396.3634799,11.246044360036535,0.0,208.8865478765043,0.0,0.6110530441599163,-0.82,0.18,1.0,avoid:obstacle,0
1786524396.4565132,11.229184638161819,0.0,210.2053858663889,0.0,0.6188920825712046,-0.82,0.18,1.0,avoid:obstacle,0
1786524396.5505285,11.151562026872364,0.0,208.32641984092706,0.0,0.6208518421740267,-0.82,0.18,1.0,avoid:obstacle,0
1786524396.640381,11.002687523769836,0.0,209.4527830726662,0.0,0.6071335249542723,-0.82,0.18,1.0,avoid:obstacle,0
1786524396.7316005,11.049718672296923,0.0,209.93516941459416,0.0,0.6124902012019859,-0.82,0.18,1.0,avoid:obstacle,0
1786524396.8249342,11.035930043437524,0.0,209.12578647117127,0.0,0.6089626339169062,-0.82,0.18,1.0,avoid:obstacle,0
1786524396.91381,10.985183937921086,0.0,209.00659318520923,0.0,0.6212437940945911,-0.82,0.18,1.0,avoid:obstacle,0
1786524397.009078,11.046181955104817,0.0,210.46858962228248,0.0,0.60308335510844,-0.82,0.18,1.0,avoid:obstacle,0
1786524397.1080017,10.925379418512565,0.0,210.03380174319622,0.0,0.6045205121505095,-0.82,0.18,1.0,avoid:obstacle,0
1786524397.2155063,10.774266485435769,0.0,211.29375621923563,0.0,0.6149725633655605,-0.82,0.18,1.0,avoid:obstacle,0
1786524397.3230603,10.468130181062847,0.0,210.53303679337859,0.0,0.6161484191272537,-0.82,0.18,1.0,avoid:obstacle,0
1786524397.4531815,10.246300804694325,0.0,210.14365604808228,0.0,0.6204598902534623,-0.82,0.18,1.0,avoid:obstacle,0
1786524397.5472252,9.721266104016628,0.0,210.0727104668006,0.0,0.6216357460151555,-0.82,0.18,1.0,avoid:obstacle,0
1786524397.6473846,9.915026173699252,0.0,211.27285912128684,0.0,0.6337862555526522,-0.82,0.18,1.0,avoid:obstacle,0
1786524397.7393668,9.927600112460786,0.0,210.95786895335704,0.0,0.6299973869871962,-0.82,0.18,1.0,avoid:obstacle,0
1786524397.8274012,10.106448457151851,0.0,213.4676166659986,0.0,0.6119675986412333,-0.82,0.18,1.0,avoid:obstacle,0
1786524397.9167762,10.354906865101938,0.0,210.73619334147196,0.0,0.6280376273843742,-0.82,0.18,1.0,avoid:obstacle,0
1786524398.0028157,10.548817935622237,0.0,211.7580442492029,0.0,0.5932845570943298,-0.82,0.18,1.0,avoid:obstacle,0
1786524398.099043,10.76492417875613,0.0,211.75599115736722,0.0,0.6036059576691926,-0.82,0.18,1.0,avoid:obstacle,0
1786524398.1835306,10.663275318121205,0.0,214.72613927248509,0.0,0.5894956885288738,-0.82,0.18,1.0,avoid:obstacle,0
1786524398.2718418,10.919555404448115,0.0,212.28405628428715,0.0,0.5994251371831723,-0.82,0.18,1.0,avoid:obstacle,0
1786524398.364017,11.002294835052531,0.0,211.57993247914985,0.0,0.6012542461458061,-0.82,0.18,1.0,avoid:obstacle,0
1786524398.4529686,10.959026859366183,0.0,211.742549583739,0.0,0.592631303893389,-0.82,0.18,1.0,avoid:obstacle,0
1786524398.5467584,11.042373037612256,0.0,210.67232444076598,0.0,0.6019074993467468,-0.82,0.18,1.0,avoid:obstacle,0
1786524398.6376507,10.966133690701774,0.0,211.99960928401305,0.0,0.5905408936503789,-0.82,0.18,1.0,avoid:obstacle,0
1786524398.7212086,10.964043160198974,0.0,211.2296111479427,0.0,0.5925006532532009,-0.82,0.18,1.0,avoid:obstacle,0
1786524398.8200717,11.176614169353552,0.0,211.81046452385434,0.0,0.5930232558139535,-0.82,0.18,1.0,avoid:obstacle,0
1786524398.9119253,10.963540177918203,0.0,211.74074751993373,0.0,0.5974653775803501,-0.82,0.18,1.0,avoid:obstacle,0
1786524398.9974418,10.93707229256246,0.0,212.63967983022954,0.0,0.6029527044682519,-0.82,0.18,1.0,avoid:obstacle,0
1786524399.0949738,11.04944677551341,0.0,211.51514321295934,0.0,0.6063496211131435,-0.82,0.18,1.0,avoid:obstacle,0
1786524399.1811304,10.925249541178243,0.0,212.54694201367948,0.0,0.6140580088842436,-0.82,0.18,1.0,avoid:obstacle,0
1786524399.2711425,11.069434297449773,0.0,212.29841503597024,0.0,0.6196759864123335,-0.82,0.18,1.0,avoid:obstacle,0
1786524399.3573806,11.069552723969686,0.0,212.77161247212146,0.0,0.6178468774496995,-0.82,0.18,1.0,avoid:obstacle,0
1786524399.4393723,11.163894371184572,0.0,215.785964585,0.0,0.6075254768748367,-0.82,0.18,1.0,avoid:obstacle,0
1786524399.5273468,11.36270890807281,0.0,210.89421477783455,0.0,0.6185001306506401,-0.82,0.18,1.0,avoid:obstacle,0
1786524399.617434,11.385415585729739,0.0,208.62928988076803,0.0,0.5917167494120721,-0.82,0.18,1.0,avoid:obstacle,0
1786524399.7069101,11.332101420934254,0.0,211.09820985081578,0.0,0.5821792526783381,-0.82,0.18,1.0,avoid:obstacle,0
1786524399.7976155,11.298463800768529,0.0,212.97316341661656,0.0,0.5726417559446041,-0.82,0.18,1.0,avoid:obstacle,0
1786524399.8868036,11.245148627985454,0.0,211.18213552786128,0.0,0.5789129866736347,-0.82,0.18,1.0,avoid:obstacle,0
1786524399.9764428,11.23876251273442,0.0,210.33127761465266,0.0,0.5863600731643585,-0.82,0.18,1.0,avoid:obstacle,0
1786524400.0620072,11.210754085452773,0.0,211.3234703059778,0.0,0.5793049385941991,-0.82,0.18,1.0,avoid:obstacle,0
1786524400.1514258,11.318444396200166,0.0,211.12396833695863,0.0,0.5645414162529396,-0.82,0.18,1.0,avoid:obstacle,0
1786524400.2561083,11.247637297691504,0.0,209.85755068935683,0.0,0.5884504834073687,-0.82,0.18,1.0,avoid:obstacle,0
1786524400.3536987,10.935105921968926,0.0,208.34956895134968,0.0,0.562973608570682,-0.82,0.18,1.0,avoid:obstacle,0
1786524400.4438748,10.802670626176855,0.0,213.3186859033421,0.0,0.5742095636268618,-0.82,0.18,1.0,avoid:obstacle,0
1786524400.5385334,10.86280100103735,0.0,211.6002574176941,0.0,0.5759080219493076,-0.82,0.18,1.0,avoid:obstacle,0
1786524400.6319113,10.794726030232585,0.0,210.78860471204948,0.0,0.573556310425921,-0.82,0.18,1.0,avoid:obstacle,0
1786524400.7190886,10.774566978567382,0.0,211.297771405861,0.0,0.5672850796968905,-0.82,0.18,1.0,avoid:obstacle,0
1786524400.8103917,10.917196855435366,0.0,209.77935989632311,0.0,0.5986412333420433,-0.82,0.18,1.0,avoid:obstacle,0
1786524400.9030473,10.878663955105388,0.0,210.3431685177169,0.0,0.5884504834073687,-0.82,0.18,1.0,avoid:obstacle,0
1786524400.9967403,10.91728372492948,0.0,210.2791243804454,0.0,0.5939378102952705,-0.82,0.18,1.0,avoid:obstacle,0
1786524401.0849068,10.858063798755737,0.0,210.05069333195786,0.0,0.5914554481316958,-0.82,0.18,1.0,avoid:obstacle,0
1786524401.1732972,10.926714676804993,0.0,209.75850917627304,0.0,0.6093545858374706,-0.82,0.18,1.0,avoid:obstacle,0
1786524401.268054,11.045442599192645,0.0,209.37666492646156,0.0,0.5851842174026652,-0.82,0.18,1.0,avoid:obstacle,0
1786524401.3595085,10.936167051110004,0.0,210.85783574871556,0.0,0.5864907238045466,-0.82,0.18,1.0,avoid:obstacle,0
1786524401.455514,10.941239535081843,0.0,209.55084811466713,0.0,0.5956362686177162,-0.82,0.18,1.0,avoid:obstacle,0
1786524401.5411203,10.838611256727754,0.0,211.34396934167555,0.0,0.5866213744447348,-0.82,0.18,1.0,avoid:obstacle,0
1786524401.644952,10.959801595215659,0.0,207.34108167430023,0.0,0.5918474000522602,-0.82,0.18,1.0,avoid:obstacle,0
1786524401.7436962,10.687703721858776,0.0,205.99630377779576,0.0,0.5864907238045466,-0.82,0.18,1.0,avoid:obstacle,0
1786524401.8342133,10.621921804297553,0.0,207.52816953333496,0.0,0.618369480010452,-0.82,0.18,1.0,avoid:obstacle,0
1786524401.9341137,10.647848925182368,0.0,205.7811076005177,0.0,0.6102691403187875,-0.82,0.18,1.0,avoid:obstacle,0
1786524402.031104,10.57278258962201,0.0,207.82061513807207,0.0,0.5996864384635485,-0.82,0.18,1.0,avoid:obstacle,0
1786524402.1252432,10.516929421280048,0.0,208.3448102563621,0.0,0.59537496733734,-0.82,0.18,1.0,avoid:obstacle,0
1786524402.22049,10.528455815219116,0.0,209.76187348709806,0.0,0.6090932845570943,-0.82,0.18,1.0,avoid:obstacle,0
1786524402.315726,10.524980217103689,0.0,208.93949114569043,0.0,0.5957669192579044,-0.82,0.18,1.0,avoid:obstacle,0
1786524402.4118216,10.518869768281965,0.0,207.11881966488158,0.0,0.6111836948001045,-0.82,0.18,1.0,avoid:obstacle,0
1786524402.5015337,10.50294599432979,0.0,204.47664231497586,0.0,0.5995557878233604,-0.82,0.18,1.0,avoid:obstacle,0
1786524402.5990963,10.62495703260322,0.0,208.591127967619,0.0,0.6101384896785994,-0.82,0.18,1.0,avoid:obstacle,0
1786524402.6906242,10.55687589016459,0.0,207.95051664508793,0.0,0.6137967076038673,-0.82,0.18,1.0,avoid:obstacle,0
1786524402.780193,10.590202336689428,0.0,204.65323871759725,0.0,0.6002090410243011,-0.82,0.18,1.0,avoid:obstacle,0
1786524402.8771703,10.745583879168,0.0,208.03234653120325,0.0,0.5987718839822315,-0.82,0.18,1.0,avoid:obstacle,0
1786524402.973903,10.650057495535627,0.0,208.9245596977063,0.0,0.5945910634962112,-0.82,0.18,1.0,avoid:obstacle,0
1786524403.075812,10.512651100134281,0.0,208.7644336112669,0.0,0.6174549255291351,-0.82,0.18,1.0,avoid:obstacle,0
1786524403.1703043,10.454247523741133,0.0,204.03609172920585,0.0,0.628821531225503,-0.82,0.18,1.0,avoid:obstacle,0
1786524403.2687173,10.453451680384555,0.0,204.6549962696297,0.0,0.6319571465900183,-0.82,0.18,1.0,avoid:obstacle,0
1786524403.3653274,10.412902444748603,0.0,204.0884896151509,0.0,0.6249020120198588,-0.82,0.18,1.0,avoid:obstacle,0
1786524403.4653776,10.404794934137694,0.0,206.0805434700891,0.0,0.6220276979357199,-0.82,0.18,1.0,avoid:obstacle,0
1786524403.5573108,10.3196868526943,0.0,209.8700451947176,0.0,0.6090932845570943,-0.82,0.18,1.0,avoid:obstacle,0
1786524403.6543896,10.445546216242699,0.0,215.5189832440628,0.0,0.5888424353279331,-0.82,0.18,1.0,avoid:obstacle,0
1786524403.7522018,10.41614521675745,0.0,213.80185023592992,0.0,0.634570159393781,-0.82,0.18,1.0,avoid:obstacle,0
1786524403.8437848,10.367824413806803,0.0,206.47521948052736,0.0,0.6573033707865169,-0.82,0.18,1.0,avoid:obstacle,0
1786524403.9398425,10.476487503531246,0.0,206.96082121199865,0.0,0.6367912202769793,-0.82,0.18,1.0,avoid:obstacle,0
1786524404.0440135,10.436621622693691,0.0,214.1137176760736,0.0,0.5880585314868043,-0.82,0.18,1.0,avoid:obstacle,0
1786524404.1323712,10.302592295871252,0.0,208.34127777137797,0.0,0.6170629736085707,-0.82,0.18,1.0,avoid:obstacle,0
1786524404.2319245,10.491090468220069,0.0,213.3971953482333,0.0,0.6181081787300757,-0.82,0.18,1.0,avoid:obstacle,0
1786524404.329931,10.40908166903606,0.0,210.07899175104302,0.0,0.6168016723281944,-0.82,0.18,1.0,avoid:obstacle,0
1786524404.4308062,10.370626209024142,0.0,206.2034626195935,0.0,0.6310425921087013,-0.82,0.18,1.0,avoid:obstacle,0
1786524404.5279775,10.281340189630336,0.0,207.84541665319796,0.0,0.6013848967859943,-0.82,0.18,1.0,avoid:obstacle,0
1786524404.6300707,10.234563582588034,0.0,210.38281438997387,0.0,0.6158871178468774,-0.82,0.18,1.0,avoid:obstacle,0
1786524404.7283688,10.16460327806767,0.0,207.2533696371004,0.0,0.627906976744186,-0.82,0.18,1.0,avoid:obstacle,0
1786524404.8279865,10.184898592590416,0.0,209.0242629315457,0.0,0.639273582440554,-0.82,0.18,1.0,avoid:obstacle,0
1786524404.9139633,10.164943632064666,0.0,208.56511059218445,0.0,0.645022210608832,-0.82,0.18,1.0,avoid:obstacle,0
1786524405.0055854,10.457505014231586,0.0,212.10709650664276,0.0,0.6446302586882676,-0.82,0.18,1.0,avoid:obstacle,0
1786524405.094103,10.549399589332767,0.0,208.66379480353933,0.0,0.6439770054873268,-0.82,0.18,1.0,avoid:obstacle,0
                                                                                                                                                                                                                                                                                                                                                                                                                                                                                                                                                                                                                                                                                                                                                                                                                                                                                                                                                                                                                                                                                                                                                                                                                                                                                                                                                                                                                                                                                                                                                                                                                                                                                                                                                                                                                                                                                                                                                                                                                                                                                                                                                                                                                                                                                                                                                                                                                                                                                                                                                                                                                                                                                                                                                                                                                                                                                                                                                                                                                                                                                                                                                                                                                                                                                                                                                                                                                                                                                                                                                                                                                                                                                                                                                                                                                                                                                              