timestamp,fps,lane_confidence,target_x,risk,white_front,steering,throttle,throttle_max,state,armed,competition,green,start_authorized,start_latency_ms
1787224582.6719182,1.1019451205786712,0.0,112.0,0.0,0.14711262085184218,0.0,0.0,1.0,stop:lane_lost,0,0,0,0,-1.0
1787224582.729686,0.9004307262551107,0.0,112.0,0.0,0.1333943036320878,0.0,0.0,1.0,stop:lane_lost,0,0,0,0,-1.0
1787224582.7627013,4.208701970193521,0.0,112.0,0.0,0.13065064018813694,0.0,0.0,1.0,stop:lane_lost,0,0,0,0,-1.0
1787224582.8391786,9.345416778006276,0.0,112.0,0.0,0.13195714659001828,0.0,0.0,1.0,stop:lane_lost,0,0,0,0,-1.0
1787224582.918441,9.114867953168748,0.0,112.0,0.0,0.13261039979095898,0.0,0.0,1.0,stop:lane_lost,0,0,0,0,-1.0
1787224582.9731975,13.053123394006382,0.0,112.0,0.0,0.13391690619284036,0.0,0.0,1.0,stop:lane_lost,0,0,0,0,-1.0
1787224583.0046513,14.172288986486654,0.0,112.0,0.0,0.14071073948262347,0.0,0.0,1.0,stop:lane_lost,0,0,0,0,-1.0
1787224583.0343652,17.764486694041167,0.0,112.0,0.0,0.13457015939378103,0.0,0.0,1.0,stop:lane_lost,0,0,0,0,-1.0
1787224583.0701737,20.927573057279638,0.0,112.0,0.0,0.12516331330023517,0.0,0.0,1.0,stop:lane_lost,0,0,0,0,-1.0
1787224583.101263,22.31259192802203,0.0,112.0,0.0,0.1252939639404233,0.0,0.0,1.0,stop:lane_lost,0,0,0,0,-1.0
1787224583.1325517,24.29668948645779,0.0,112.0,0.0,0.12581656650117587,0.0,0.0,1.0,stop:lane_lost,0,0,0,0,-1.0
1787224583.1683402,25.841519319062996,0.0,112.0,0.0,0.1340475568330285,0.0,0.0,1.0,stop:lane_lost,0,0,0,0,-1.0
1787224583.201637,26.253787942181567,0.0,112.0,0.0,0.11301280376273844,0.0,0.0,1.0,stop:lane_lost,0,0,0,0,-1.0
1787224583.2292776,27.01601214090225,0.0,112.0,0.0,0.12098249281421479,0.0,0.0,1.0,stop:lane_lost,0,0,0,0,-1.0
1787224583.2611601,28.86366839566079,0.0,112.0,0.0,0.11523386464593677,0.0,0.0,1.0,stop:lane_lost,0,0,0,0,-1.0
1787224583.2895875,29.33504827360916,0.0,112.0,0.0,0.12411810817873008,0.0,0.0,1.0,stop:lane_lost,0,0,0,0,-1.0
1787224583.3161416,30.53937950315663,0.0,112.0,0.0,0.12359550561797752,0.0,0.0,1.0,stop:lane_lost,0,0,0,0,-1.0
1787224583.354557,31.95364992963355,0.0,112.0,0.0,0.1199372876927097,0.0,0.0,1.0,stop:lane_lost,0,0,0,0,-1.0
1787224583.3838599,30.576872268844912,0.0,112.0,0.0,0.12451006009929448,0.0,0.0,1.0,stop:lane_lost,0,0,0,0,-1.0
1787224583.412179,31.64107181218397,0.0,112.0,0.0,0.12111314345440292,0.0,0.0,1.0,stop:lane_lost,0,0,0,0,-1.0
1787224583.4551008,30.473593342814702,0.0,112.0,0.0,0.11379670760386726,0.0,0.0,1.0,stop:lane_lost,0,0,0,0,-1.0
1787224583.4845283,30.31610120930751,0.0,112.0,0.0,0.11680167232819441,0.0,0.0,1.0,stop:lane_lost,0,0,0,0,-1.0
1787224583.5115244,31.322373192337253,0.0,112.0,0.0,0.1093545858374706,0.0,0.0,1.0,stop:lane_lost,0,0,0,0,-1.0
1787224583.543153,32.50133384216666,0.0,112.0,0.0,0.10883198327671806,0.0,0.0,1.0,stop:lane_lost,0,0,0,0,-1.0
1787224583.5713902,32.28153854746644,0.0,112.0,0.0,0.10739482623464855,0.0,0.0,1.0,stop:lane_lost,0,0,0,0,-1.0
1787224583.5972526,32.95268453519115,0.0,112.0,0.0,0.10243010190749935,0.0,0.0,1.0,stop:lane_lost,0,0,0,0,-1.0
1787224583.6289928,34.107722532785466,0.0,112.0,0.0,0.10844003135615364,0.0,0.0,1.0,stop:lane_lost,0,0,0,0,-1.0
1787224583.6578417,33.56873541661117,0.0,112.0,0.0,0.1033446563888163,0.0,0.0,1.0,stop:lane_lost,0,0,0,0,-1.0
1787224583.6837952,33.80849406488896,0.0,112.0,0.0,0.1019074993467468,0.0,0.0,1.0,stop:lane_lost,0,0,0,0,-1.0
1787224583.715108,34.740565648340265,0.0,112.0,0.0,0.10556571727201464,0.0,0.0,1.0,stop:lane_lost,0,0,0,0,-1.0
1787224583.7446072,34.144087410431396,0.0,112.0,0.0,0.11301280376273844,0.0,0.0,1.0,stop:lane_lost,0,0,0,0,-1.0
1787224583.7714746,34.14456044121914,0.0,112.0,0.0,0.10661092239351973,0.0,0.0,1.0,stop:lane_lost,0,0,0,0,-1.0
1787224583.8053389,34.760209081444465,0.0,112.0,0.0,0.11418865952443168,0.0,0.0,1.0,stop:lane_lost,0,0,0,0,-1.0
1787224583.8336923,33.68613593323365,0.0,112.0,0.0,0.11353540632349099,0.0,0.0,1.0,stop:lane_lost,0,0,0,0,-1.0
1787224583.8618634,34.03540119396332,0.0,112.0,0.0,0.11797752808988764,0.0,0.0,1.0,stop:lane_lost,0,0,0,0,-1.0
1787224583.8936603,34.33827475540058,0.0,112.0,0.0,0.12699242226286908,0.0,0.0,1.0,stop:lane_lost,0,0,0,0,-1.0
1787224583.9211946,33.732971902443246,0.0,112.0,0.0,0.1188920825712046,0.0,0.0,1.0,stop:lane_lost,0,0,0,0,-1.0
1787224583.9467368,34.28309134837479,0.0,112.0,0.0,0.11967598641233342,0.0,0.0,1.0,stop:lane_lost,0,0,0,0,-1.0
1787224583.9785087,35.259056618390765,0.0,112.0,0.0,0.11222889992160962,0.0,0.0,1.0,stop:lane_lost,0,0,0,0,-1.0
1787224584.008926,34.488312631455514,0.0,112.0,0.0,0.11262085184217403,0.0,0.0,1.0,stop:lane_lost,0,0,0,0,-1.0
1787224584.0352235,34.07244790437976,0.0,112.0,0.0,0.10530441599163835,0.0,0.0,1.0,stop:lane_lost,0,0,0,0,-1.0
1787224584.0659971,34.966494262865005,0.0,112.0,0.0,0.10203814998693493,0.0,0.0,1.0,stop:lane_lost,0,0,0,0,-1.0
1787224584.0947714,34.182603731912806,0.0,112.0,0.0,0.10360595766919257,0.0,0.0,1.0,stop:lane_lost,0,0,0,0,-1.0
1787224584.1209655,34.70440466419995,0.0,112.0,0.0,0.10569636791220277,0.0,0.0,1.0,stop:lane_lost,0,0,0,0,-1.0
1787224584.152615,35.392193355079876,0.0,112.0,0.0,0.11967598641233342,0.0,0.0,1.0,stop:lane_lost,0,0,0,0,-1.0
1787224584.180155,34.613980080934894,0.0,112.0,0.0,0.11431931016461981,0.0,0.0,1.0,stop:lane_lost,0,0,0,0,-1.0
1787224584.2068515,34.98565203506531,0.0,112.0,0.0,0.10752547687483668,0.0,0.0,1.0,stop:lane_lost,0,0,0,0,-1.0
1787224584.2406492,35.47838802605897,0.0,112.0,0.0,0.11497256336556048,0.0,0.0,1.0,stop:lane_lost,0,0,0,0,-1.0
1787224584.2683616,34.289868212546615,0.0,112.0,0.0,0.11366605696367912,0.0,0.0,1.0,stop:lane_lost,0,0,0,0,-1.0
1787224584.2952135,34.64186780877837,0.0,112.0,0.0,0.12359550561797752,0.0,0.0,1.0,stop:lane_lost,0,0,0,0,-1.0
1787224584.3307006,34.87118621775461,0.0,112.0,0.0,0.12059054089365037,0.0,0.0,1.0,stop:lane_lost,0,0,0,0,-1.0
1787224584.360853,33.46831467276916,0.0,112.0,0.0,0.13652991899660308,0.0,0.0,1.0,stop:lane_lost,0,0,0,0,-1.0
1787224584.3868735,33.776210425215716,0.0,112.0,0.0,0.11706297360857068,0.0,0.0,1.0,stop:lane_lost,0,0,0,0,-1.0
1787224584.417503,34.68640102548357,0.0,112.0,0.0,0.1337862555526522,0.0,0.0,1.0,stop:lane_lost,0,0,0,0,-1.0
1787224584.4459984,34.21112003241123,0.0,112.0,0.0,0.125947217141364,0.0,0.0,1.0,stop:lane_lost,0,0,0,0,-1.0
1787224584.4728014,34.48013988026628,0.0,112.0,0.0,0.12934413378625556,0.0,0.0,1.0,stop:lane_lost,0,0,0,0,-1.0
1787224584.5040338,35.053522334311445,0.0,112.0,0.0,0.13535406323490984,0.0,0.0,1.0,stop:lane_lost,0,0,0,0,-1.0
1787224584.5314476,34.4228625169103,0.0,112.0,0.0,0.13535406323490984,0.0,0.0,1.0,stop:lane_lost,0,0,0,0,-1.0
1787224584.5585692,34.849702902391854,0.0,112.0,0.0,0.1340475568330285,0.0,0.0,1.0,stop:lane_lost,0,0,0,0,-1.0
1787224584.5906,35.25872927760727,0.0,112.0,0.0,0.15077083877711,0.0,0.0,1.0,stop:lane_lost,0,0,0,0,-1.0
1787224584.6186724,34.32463510154311,0.0,112.0,0.0,0.1362686177162268,0.0,0.0,1.0,stop:lane_lost,0,0,0,0,-1.0
1787224584.6442688,34.77319621575493,0.0,112.0,0.0,0.14031878756205907,0.0,0.0,1.0,stop:lane_lost,0,0,0,0,-1.0
1787224584.676735,35.623406390906325,0.0,112.0,0.0,0.14645936765090148,0.0,0.0,1.0,stop:lane_lost,0,0,0,0,-1.0
1787224584.7053237,34.63212910287077,0.0,112.0,0.0,0.15233864645936765,0.0,0.0,1.0,stop:lane_lost,0,0,0,0,-1.0
1787224584.7317824,34.73501124376597,0.0,112.0,0.0,0.1511627906976744,0.0,0.0,1.0,stop:lane_lost,0,0,0,0,-1.0
1787224584.76421,35.33681760995004,0.0,112.0,0.0,0.14489155996864383,0.0,0.0,1.0,stop:lane_lost,0,0,0,0,-1.0
1787224584.794823,34.40447497739925,0.0,112.0,0.0,0.14737392213221845,0.0,0.0,1.0,stop:lane_lost,0,0,0,0,-1.0
1787224584.8220701,34.10195390656409,0.0,112.0,0.0,0.16697151816043898,0.0,0.0,1.0,stop:lane_lost,0,0,0,0,-1.0
1787224584.8543656,34.621809723035206,0.0,112.0,0.0,0.1595244316697152,0.0,0.0,1.0,stop:lane_lost,0,0,0,0,-1.0
1787224584.8826177,33.867088021470174,0.0,112.0,0.0,0.16004703423046773,0.0,0.0,1.0,stop:lane_lost,0,0,0,0,-1.0
1787224584.9105456,34.17893322993383,0.0,112.0,0.0,0.16239874575385418,0.0,0.0,1.0,stop:lane_lost,0,0,0,0,-1.0
1787224584.9424279,34.53040713587809,0.0,112.0,0.0,0.1607002874314084,0.0,0.0,1.0,stop:lane_lost,0,0,0,0,-1.0
1787224584.9713547,33.84874160873139,0.0,112.0,0.0,0.15508230990331853,0.0,0.0,1.0,stop:lane_lost,0,0,0,0,-1.0
1787224584.997452,34.049868482464106,0.0,112.0,0.0,0.16579566239874574,0.0,0.0,1.0,stop:lane_lost,0,0,0,0,-1.0
1787224585.0303628,34.907347839399286,0.0,112.0,0.0,0.14345440292657435,0.0,0.0,1.0,stop:lane_lost,0,0,0,0,-1.0
1787224585.0586915,33.984494168594765,0.0,112.0,0.0,0.15651946694538804,0.0,0.0,1.0,stop:lane_lost,0,0,0,0,-1.0
1787224585.0872717,34.271576749203774,0.0,112.0,0.0,0.16252939639404232,0.0,0.0,1.0,stop:lane_lost,0,0,0,0,-1.0
1787224585.118764,34.377900447282464,0.0,112.0,0.0,0.1638359027959237,0.0,0.0,1.0,stop:lane_lost,0,0,0,0,-1.0
1787224585.147207,33.84333954539804,0.0,112.0,0.0,0.15599686438463548,0.0,0.0,1.0,stop:lane_lost,0,0,0,0,-1.0
1787224585.1742117,34.1471057740122,0.0,112.0,0.0,0.13953488372093023,0.0,0.0,1.0,stop:lane_lost,0,0,0,0,-1.0
1787224585.2062063,34.604110106894915,0.0,112.0,0.0,0.13705252155735564,0.0,0.0,1.0,stop:lane_lost,0,0,0,0,-1.0
1787224585.234641,33.99023926338071,0.0,112.0,0.0,0.147896524692971,0.0,0.0,1.0,stop:lane_lost,0,0,0,0,-1.0
1787224585.260986,34.26160467166253,0.0,112.0,0.0,0.14985628429579306,0.0,0.0,1.0,stop:lane_lost,0,0,0,0,-1.0
1787224585.2936027,35.01582880424582,0.0,112.0,0.0,0.1443689574078913,0.0,0.0,1.0,stop:lane_lost,0,0,0,0,-1.0
1787224585.3224683,33.97693722000917,0.0,112.0,0.0,0.14423830676770316,0.0,0.0,1.0,stop:lane_lost,0,0,0,0,-1.0
1787224585.348979,34.18723411822235,0.0,112.0,0.0,0.14632871701071334,0.0,0.0,1.0,stop:lane_lost,0,0,0,0,-1.0
1787224585.3801942,35.05264760925451,0.0,112.0,0.0,0.1454141625293964,0.0,0.0,1.0,stop:lane_lost,0,0,0,0,-1.0
1787224585.4087381,34.35544669205285,0.0,112.0,0.0,0.15011758557616933,0.0,0.0,1.0,stop:lane_lost,0,0,0,0,-1.0
1787224585.4350889,34.6216002902292,0.0,112.0,0.0,0.15547426182388294,0.0,0.0,1.0,stop:lane_lost,0,0,0,0,-1.0
1787224585.4663393,35.26048117546431,0.0,112.0,0.0,0.14319310164619806,0.0,0.0,1.0,stop:lane_lost,0,0,0,0,-1.0
1787224585.4951413,34.47712612573568,0.0,112.0,0.0,0.15077083877711,0.0,0.0,1.0,stop:lane_lost,0,0,0,0,-1.0
1787224585.5222342,34.69712123675599,0.0,112.0,0.0,0.15364515286124902,0.0,0.0,1.0,stop:lane_lost,0,0,0,0,-1.0
1787224585.555965,35.15152576718836,0.0,112.0,0.0,0.14240919780506925,0.0,0.0,1.0,stop:lane_lost,0,0,0,0,-1.0
1787224585.5836606,34.02060020549202,0.0,112.0,0.0,0.14423830676770316,0.0,0.0,1.0,stop:lane_lost,0,0,0,0,-1.0
1787224585.610276,34.469132359576754,0.0,112.0,0.0,0.14005748628168277,0.0,0.0,1.0,stop:lane_lost,0,0,0,0,-1.0
1787224585.6431026,35.1076180001606,0.0,112.0,0.0,0.1390122811601777,0.0,0.0,1.0,stop:lane_lost,0,0,0,0,-1.0
1787224585.6722496,34.12444529510551,0.0,112.0,0.0,0.14071073948262347,0.0,0.0,1.0,stop:lane_lost,0,0,0,0,-1.0
1787224585.6999104,34.21510282048398,0.0,112.0,0.0,0.14384635484713876,0.0,0.0,1.0,stop:lane_lost,0,0,0,0,-1.0
1787224585.7336977,34.58297546431335,0.0,112.0,0.0,0.1352234125947217,0.0,0.0,1.0,stop:lane_lost,0,0,0,0,-1.0
1787224585.7614465,33.56451881280047,0.0,112.0,0.0,0.13457015939378103,0.0,0.0,1.0,stop:lane_lost,0,0,0,0,-1.0
1787224585.788762,34.00020536252558,0.0,112.0,0.0,0.14253984844525738,0.0,0.0,1.0,stop:lane_lost,0,0,0,0,-1.0
1787224585.8203135,34.655753025432446,0.0,112.0,0.0,0.13613796707603867,0.0,0.0,1.0,stop:lane_lost,0,0,0,0,-1.0
1787224585.8477843,34.03811796509839,0.0,112.0,0.0,0.13221844787039458,0.0,0.0,1.0,stop:lane_lost,0,0,0,0,-1.0
1787224585.874638,34.50389079727331,0.0,112.0,0.0,0.13679122027697935,0.0,0.0,1.0,stop:lane_lost,0,0,0,0,-1.0
1787224585.9067392,35.093723531594215,0.0,112.0,0.0,0.1362686177162268,0.0,0.0,1.0,stop:lane_lost,0,0,0,0,-1.0
1787224585.9349833,34.22100723099586,0.0,112.0,0.0,0.12725372354324535,0.0,0.0,1.0,stop:lane_lost,0,0,0,0,-1.0
1787224585.9622147,34.54479928887619,0.0,112.0,0.0,0.12829892866475046,0.0,0.0,1.0,stop:lane_lost,0,0,0,0,-1.0
1787224585.9955103,34.87361770965394,0.0,112.0,0.0,0.128821531225503,0.0,0.0,1.0,stop:lane_lost,0,0,0,0,-1.0
1787224586.0264523,33.98761851085695,0.0,112.0,0.0,0.1313038933890776,0.0,0.0,1.0,stop:lane_lost,0,0,0,0,-1.0
1787224586.0529532,33.66463447458342,0.0,112.0,0.0,0.1284295793049386,0.0,0.0,1.0,stop:lane_lost,0,0,0,0,-1.0
1787224586.0848725,34.478275089475595,0.0,112.0,0.0,0.1309119414685132,0.0,0.0,1.0,stop:lane_lost,0,0,0,0,-1.0
1787224586.1132917,33.755373845059836,0.0,112.0,0.0,0.13195714659001828,0.0,0.0,1.0,stop:lane_lost,0,0,0,0,-1.0
1787224586.1419013,34.16297792181494,0.0,112.0,0.0,0.13535406323490984,0.0,0.0,1.0,stop:lane_lost,0,0,0,0,-1.0
1787224586.1733577,34.320914291071205,0.0,112.0,0.0,0.1313038933890776,0.0,0.0,1.0,stop:lane_lost,0,0,0,0,-1.0
1787224586.2011743,33.64436587855403,0.0,112.0,0.0,0.13391690619284036,0.0,0.0,1.0,stop:lane_lost,0,0,0,0,-1.0
1787224586.2281418,34.30983348848561,0.0,112.0,0.0,0.12856022994512672,0.0,0.0,1.0,stop:lane_lost,0,0,0,0,-1.0
1787224586.2597992,34.89166139610771,0.0,112.0,0.0,0.1330023517115234,0.0,0.0,1.0,stop:lane_lost,0,0,0,0,-1.0
1787224586.2878242,34.162522385091165,0.0,112.0,0.0,0.13313300235171152,0.0,0.0,1.0,stop:lane_lost,0,0,0,0,-1.0
1787224586.3136117,34.54922148047365,0.0,112.0,0.0,0.13313300235171152,0.0,0.0,1.0,stop:lane_lost,0,0,0,0,-1.0
1787224586.345715,35.39786206711648,0.0,112.0,0.0,0.1433237522863862,0.0,0.0,1.0,stop:lane_lost,0,0,0,0,-1.0
1787224586.37658,34.45603602666662,0.0,112.0,0.0,0.1443689574078913,0.0,0.0,1.0,stop:lane_lost,0,0,0,0,-1.0
1787224586.402848,34.15163160208637,0.0,112.0,0.0,0.1333943036320878,0.0,0.0,1.0,stop:lane_lost,0,0,0,0,-1.0
1787224586.4386423,34.93113616344823,0.0,112.0,0.0,0.13600731643585054,0.0,0.0,1.0,stop:lane_lost,0,0,0,0,-1.0
1787224586.4665637,33.50457725095776,0.0,112.0,0.0,0.1313038933890776,0.0,0.0,1.0,stop:lane_lost,0,0,0,0,-1.0
1787224586.492807,33.98307343074393,0.0,112.0,0.0,0.13247974915077085,0.0,0.0,1.0,stop:lane_lost,0,0,0,0,-1.0
1787224586.5244117,34.84270463535064,0.0,112.0,0.0,0.13221844787039458,0.0,0.0,1.0,stop:lane_lost,0,0,0,0,-1.0
1787224586.5523422,34.16488215267776,0.0,112.0,0.0,0.12607786778155214,0.0,0.0,1.0,stop:lane_lost,0,0,0,0,-1.0
1787224586.57837,34.54061935566389,0.0,112.0,0.0,0.1373138228377319,0.0,0.0,1.0,stop:lane_lost,0,0,0,0,-1.0
1787224586.6099439,35.320072360291924,0.0,112.0,0.0,0.13117324274888947,0.0,0.0,1.0,stop:lane_lost,0,0,0,0,-1.0
1787224586.64229,34.32848954947327,0.0,112.0,0.0,0.1333943036320878,0.0,0.0,1.0,stop:lane_lost,0,0,0,0,-1.0
1787224586.6688716,33.912709254778385,0.0,112.0,0.0,0.13822837731904886,0.0,0.0,1.0,stop:lane_lost,0,0,0,0,-1.0
1787224586.7003136,34.65106006760615,0.0,112.0,0.0,0.14423830676770316,0.0,0.0,1.0,stop:lane_lost,0,0,0,0,-1.0
1787224586.7283144,34.069509829190004,0.0,112.0,0.0,0.1394042330807421,0.0,0.0,1.0,stop:lane_lost,0,0,0,0,-1.0
1787224586.7550597,34.42266431635383,0.0,112.0,0.0,0.1397961850013065,0.0,0.0,1.0,stop:lane_lost,0,0,0,0,-1.0
1787224586.786261,35.00513021202958,0.0,112.0,0.0,0.13927358244055396,0.0,0.0,1.0,stop:lane_lost,0,0,0,0,-1.0
1787224586.8139503,34.28455394905986,0.0,112.0,0.0,0.14345440292657435,0.0,0.0,1.0,stop:lane_lost,0,0,0,0,-1.0
1787224586.8405576,34.80598509160993,0.0,112.0,0.0,0.15246929709955578,0.0,0.0,1.0,stop:lane_lost,0,0,0,0,-1.0
1787224586.873682,35.3891018636203,0.0,112.0,0.0,0.14828847661353542,0.0,0.0,1.0,stop:lane_lost,0,0,0,0,-1.0
1787224586.9013653,34.3264757513015,0.0,112.0,0.0,0.16370525215573556,0.0,0.0,1.0,stop:lane_lost,0,0,0,0,-1.0
1787224586.927264,34.713462504344605,0.0,112.0,0.0,0.1599163835902796,0.0,0.0,1.0,stop:lane_lost,0,0,0,0,-1.0
1787224586.9595797,35.354883893809344,0.0,112.0,0.0,0.16122288999216097,0.0,0.0,1.0,stop:lane_lost,0,0,0,0,-1.0
1787224586.9889748,34.50286866662276,0.0,112.0,0.0,0.1708910373660831,0.0,0.0,1.0,stop:lane_lost,0,0,0,0,-1.0
1787224587.0151756,34.48509103343447,0.0,112.0,0.0,0.1702377841651424,0.0,0.0,1.0,stop:lane_lost,0,0,0,0,-1.0
1787224587.0483563,35.17221662696092,0.0,112.0,0.0,0.16305199895479489,0.0,0.0,1.0,stop:lane_lost,0,0,0,0,-1.0
1787224587.0811481,34.178783423704466,0.0,112.0,0.0,0.17703161745492552,0.0,0.0,1.0,stop:lane_lost,0,0,0,0,-1.0
1787224587.1081033,33.449032991389245,0.0,112.0,0.0,0.16043898615103214,0.0,0.0,1.0,stop:lane_lost,0,0,0,0,-1.0
1787224587.1398382,34.1895814890342,0.0,112.0,0.0,0.1652730598379932,0.0,0.0,1.0,stop:lane_lost,0,0,0,0,-1.0
1787224587.1676686,33.63441638788134,0.0,112.0,0.0,0.1656650117585576,0.0,0.0,1.0,stop:lane_lost,0,0,0,0,-1.0
1787224587.1937022,34.119021732821665,0.0,112.0,0.0,0.16148419127253724,0.0,0.0,1.0,stop:lane_lost,0,0,0,0,-1.0
1787224587.225474,34.98276293977361,0.0,112.0,0.0,0.16501175855761693,0.0,0.0,1.0,stop:lane_lost,0,0,0,0,-1.0
1787224587.2537744,34.1905308482739,0.0,112.0,0.0,0.16226809511366605,0.0,0.0,1.0,stop:lane_lost,0,0,0,0,-1.0
1787224587.2797718,34.53068190974262,0.0,112.0,0.0,0.17611706297360857,0.0,0.0,1.0,stop:lane_lost,0,0,0,0,-1.0
1787224587.3130717,35.312829881761004,0.0,112.0,0.0,0.1748105565717272,0.0,0.0,1.0,stop:lane_lost,0,0,0,0,-1.0
1787224587.3424773,34.253279940733314,0.0,112.0,0.0,0.1804285340998171,0.0,0.0,1.0,stop:lane_lost,0,0,0,0,-1.0
1787224587.3698726,34.218723374927876,0.0,112.0,0.0,0.1659263130389339,0.0,0.0,1.0,stop:lane_lost,0,0,0,0,-1.0
1787224587.4018633,34.671926532607486,0.0,112.0,0.0,0.14645936765090148,0.0,0.0,1.0,stop:lane_lost,0,0,0,0,-1.0
1787224587.4307861,33.95127921046628,0.0,112.0,0.0,0.15312255030049648,0.0,0.0,1.0,stop:lane_lost,0,0,0,0,-1.0
1787224587.457572,34.0905469605126,0.0,112.0,0.0,0.1766396655343611,0.0,0.0,1.0,stop:lane_lost,0,0,0,0,-1.0
1787224587.4894853,34.7815342758781,0.0,112.0,0.0,0.1723281944081526,0.0,0.0,1.0,stop:lane_lost,0,0,0,0,-1.0
1787224587.5190685,34.04316134116743,0.0,112.0,0.0,0.16357460151554742,0.0,0.0,1.0,stop:lane_lost,0,0,0,0,-1.0
1787224587.545552,33.91652535273218,0.0,112.0,0.0,0.17533315913247974,0.0,0.0,1.0,stop:lane_lost,0,0,0,0,-1.0
1787224587.5780725,34.85914137711602,0.0,112.0,0.0,0.16357460151554742,0.0,0.0,1.0,stop:lane_lost,0,0,0,0,-1.0
1787224587.609345,34.02326417902449,0.0,112.0,0.0,0.1404494382022472,0.0,0.0,1.0,stop:lane_lost,0,0,0,0,-1.0
1787224587.63577,33.6281331236728,0.0,112.0,0.0,0.1499869349359812,0.0,0.0,1.0,stop:lane_lost,0,0,0,0,-1.0
1787224587.6667283,34.46996967641857,0.0,112.0,0.0,0.15469035798275413,0.0,0.0,1.0,stop:lane_lost,0,0,0,0,-1.0
1787224587.6960874,34.014407305718706,0.0,112.0,0.0,0.1567807682257643,0.0,0.0,1.0,stop:lane_lost,0,0,0,0,-1.0
1787224587.7277005,34.03889629479589,0.0,112.0,0.0,0.17467990593153906,0.0,0.0,1.0,stop:lane_lost,0,0,0,0,-1.0
1787224587.7599995,33.559605120479496,0.0,112.0,0.0,0.15077083877711,0.0,0.0,1.0,stop:lane_lost,0,0,0,0,-1.0
1787224587.7927923,33.03368336136079,0.0,112.0,0.0,0.1663182649594983,0.0,0.0,1.0,stop:lane_lost,0,0,0,0,-1.0
1787224587.8214405,32.524004099813176,0.0,112.0,0.0,0.15743402142670498,0.0,0.0,1.0,stop:lane_lost,0,0,0,0,-1.0
1787224587.8530607,33.01924164005538,0.0,112.0,0.0,0.16775542200156782,0.0,0.0,1.0,stop:lane_lost,0,0,0,0,-1.0
1787224587.8806467,32.62777423934186,0.0,112.0,0.0,0.16252939639404232,0.0,0.0,1.0,stop:lane_lost,0,0,0,0,-1.0
1787224587.906886,33.46868507393716,0.0,112.0,0.0,0.1716749412072119,0.0,0.0,1.0,stop:lane_lost,0,0,0,0,-1.0
1787224587.9413714,34.43661673841904,0.0,112.0,0.0,0.17925267833812386,0.0,0.0,1.0,stop:lane_lost,0,0,0,0,-1.0
1787224587.969035,33.32857405117799,0.0,112.0,0.0,0.17677031617454925,0.0,0.0,1.0,stop:lane_lost,0,0,0,0,-1.0
1787224587.9950023,33.9189502758686,0.0,112.0,0.0,0.17716226809511368,0.0,0.0,1.0,stop:lane_lost,0,0,0,0,-1.0
1787224588.0271506,34.82926803830649,0.0,112.0,0.0,0.18317219754376796,0.0,0.0,1.0,stop:lane_lost,0,0,0,0,-1.0
1787224588.0556438,34.043489584063515,0.0,112.0,0.0,0.1723281944081526,0.0,0.0,1.0,stop:lane_lost,0,0,0,0,-1.0
1787224588.0818496,34.314461743296256,0.0,112.0,0.0,0.19297099555787822,0.0,0.0,1.0,stop:lane_lost,0,0,0,0,-1.0
1787224588.1136603,35.08040400929536,0.0,112.0,0.0,0.1667102168800627,0.0,0.0,1.0,stop:lane_lost,0,0,0,0,-1.0
1787224588.14399,34.219739844811706,0.0,112.0,0.0,0.18800627123072902,0.0,0.0,1.0,stop:lane_lost,0,0,0,0,-1.0
1787224588.1711261,34.1183548541602,0.0,112.0,0.0,0.17912202769793573,0.0,0.0,1.0,stop:lane_lost,0,0,0,0,-1.0
1787224588.2025666,34.66468390028118,0.0,112.0,0.0,0.169845832244578,0.0,0.0,1.0,stop:lane_lost,0,0,0,0,-1.0
1787224588.230612,34.001050108208275,0.0,112.0,0.0,0.16252939639404232,0.0,0.0,1.0,stop:lane_lost,0,0,0,0,-1.0
1787224588.2583463,34.44704440699444,0.0,112.0,0.0,0.16906192840344916,0.0,0.0,1.0,stop:lane_lost,0,0,0,0,-1.0
1787224588.2923553,34.78488212966498,0.0,112.0,0.0,0.17990593153906453,0.0,0.0,1.0,stop:lane_lost,0,0,0,0,-1.0
1787224588.324626,33.648685918201046,0.0,112.0,0.0,0.17559446041285603,0.0,0.0,1.0,stop:lane_lost,0,0,0,0,-1.0
1787224588.3566608,33.1768185925751,0.0,112.0,0.0,0.17507185785210347,0.0,0.0,1.0,stop:lane_lost,0,0,0,0,-1.0
1787224588.388558,32.77914557118778,0.0,112.0,0.0,0.1835641494643324,0.0,0.0,1.0,stop:lane_lost,0,0,0,0,-1.0
1787224588.416494,32.46064260005249,0.0,112.0,0.0,0.18003658217925267,0.0,0.0,1.0,stop:lane_lost,0,0,0,0,-1.0
1787224588.445595,33.164649352430345,0.0,112.0,0.0,0.1868304154690358,0.0,0.0,1.0,stop:lane_lost,0,0,0,0,-1.0
1787224588.4799454,33.28121574172202,0.0,112.0,0.0,0.1878756205905409,0.0,0.0,1.0,stop:lane_lost,0,0,0,0,-1.0
1787224588.508984,32.52025753564176,0.0,112.0,0.0,0.19009668147373923,0.0,0.0,1.0,stop:lane_lost,0,0,0,0,-1.0
1787224588.5367026,32.937472880587634,0.0,112.0,0.0,0.1872223673896002,0.0,0.0,1.0,stop:lane_lost,0,0,0,0,-1.0
1787224588.5712872,33.58040939578704,0.0,112.0,0.0,0.17507185785210347,0.0,0.0,1.0,stop:lane_lost,0,0,0,0,-1.0
1787224588.6003401,32.59408143830753,0.0,112.0,0.0,0.16958453096420173,0.0,0.0,1.0,stop:lane_lost,0,0,0,0,-1.0
1787224588.627476,33.01281347933195,0.0,112.0,0.0,0.17859942513718316,0.0,0.0,1.0,stop:lane_lost,0,0,0,0,-1.0
1787224588.6641247,33.8016301216702,0.0,112.0,0.0,0.18003658217925267,0.0,0.0,1.0,stop:lane_lost,0,0,0,0,-1.0
1787224588.6942055,32.073996973522824,0.0,112.0,0.0,0.160308335510844,0.0,0.0,1.0,stop:lane_lost,0,0,0,0,-1.0
1787224588.7240226,33.055873505262575,0.0,112.0,0.0,0.17768487065586622,0.0,0.0,1.0,stop:lane_lost,0,0,0,0,-1.0
1787224588.7600136,33.04966299622676,0.0,112.0,0.0,0.15691141886595245,0.0,0.0,1.0,stop:lane_lost,0,0,0,0,-1.0
1787224588.790019,32.00859802120884,0.0,112.0,0.0,0.20015678076822577,0.0,0.0,1.0,stop:lane_lost,0,0,0,0,-1.0
1787224588.8195024,32.35968637801388,0.0,112.0,0.0,0.1833028481839561,0.0,0.0,1.0,stop:lane_lost,0,0,0,0,-1.0
1787224588.851243,32.67560501727632,0.0,112.0,0.0,0.18944342827279853,0.0,0.0,1.0,stop:lane_lost,0,0,0,0,-1.0
1787224588.8784811,32.42088172754494,0.0,112.0,0.0,0.19401620067938333,0.0,0.0,1.0,stop:lane_lost,0,0,0,0,-1.0
1787224588.9053414,33.30937984697252,0.0,112.0,0.0,0.21139273582440554,0.0,0.0,1.0,stop:lane_lost,0,0,0,0,-1.0
1787224588.9368699,34.104553972214376,0.0,112.0,0.0,0.20002613012803763,0.0,0.0,1.0,stop:lane_lost,0,0,0,0,-1.0
1787224588.9641304,33.61933599702566,0.0,112.0,0.0,0.19440815259994773,0.0,0.0,1.0,stop:lane_lost,0,0,0,0,-1.0
1787224588.9916635,34.218872157466315,0.0,112.0,0.0,0.2010713352495427,0.0,0.0,1.0,stop:lane_lost,0,0,0,0,-1.0
1787224589.0254264,34.50678537244936,0.0,112.0,0.0,0.19898092500653253,0.0,0.0,1.0,stop:lane_lost,0,0,0,0,-1.0
1787224589.055898,33.596193294091066,0.0,112.0,0.0,0.21465900182910896,0.0,0.0,1.0,stop:lane_lost,0,0,0,0,-1.0
1787224589.0829072,33.48794552000293,0.0,112.0,0.0,0.1835641494643324,0.0,0.0,1.0,stop:lane_lost,0,0,0,0,-1.0
1787224589.114947,34.158588298985435,0.0,112.0,0.0,0.1907499346746799,0.0,0.0,1.0,stop:lane_lost,0,0,0,0,-1.0
1787224589.14297,33.555404192932535,0.0,112.0,0.0,0.19858897308596812,0.0,0.0,1.0,stop:lane_lost,0,0,0,0,-1.0
1787224589.170644,33.992765728404464,0.0,112.0,0.0,0.18251894434282728,0.0,0.0,1.0,stop:lane_lost,0,0,0,0,-1.0
1787224589.2027974,34.46309131456962,0.0,112.0,0.0,0.1903579827541155,0.0,0.0,1.0,stop:lane_lost,0,0,0,0,-1.0
1787224589.2312796,33.749921134257136,0.0,112.0,0.0,0.21531225503004964,0.0,0.0,1.0,stop:lane_lost,0,0,0,0,-1.0
1787224589.2579556,34.03478055835375,0.0,112.0,0.0,0.1843480533054612,0.0,0.0,1.0,stop:lane_lost,0,0,0,0,-1.0
1787224589.2897742,34.76356438889873,0.0,112.0,0.0,0.17781552129605435,0.0,0.0,1.0,stop:lane_lost,0,0,0,0,-1.0
1787224589.3196719,34.05012327829294,0.0,112.0,0.0,0.1808204860203815,0.0,0.0,1.0,stop:lane_lost,0,0,0,0,-1.0
1787224589.3468323,33.86952273152421,0.0,112.0,0.0,0.19715181604389861,0.0,0.0,1.0,stop:lane_lost,0,0,0,0,-1.0
1787224589.380405,34.594829549406796,0.0,112.0,0.0,0.17598641233342044,0.0,0.0,1.0,stop:lane_lost,0,0,0,0,-1.0
1787224589.4098523,33.365367015004445,0.0,112.0,0.0,0.1911418865952443,0.0,0.0,1.0,stop:lane_lost,0,0,0,0,-1.0
1787224589.4405913,33.87343598957375,0.0,112.0,0.0,0.17533315913247974,0.0,0.0,1.0,stop:lane_lost,0,0,0,0,-1.0
1787224589.4757817,33.60551048827699,0.0,112.0,0.0,0.18055918474000524,0.0,0.0,1.0,stop:lane_lost,0,0,0,0,-1.0
1787224589.5046277,32.5543872699476,0.0,112.0,0.0,0.18304154690357982,0.0,0.0,1.0,stop:lane_lost,0,0,0,0,-1.0
1787224589.5318358,32.99822187853075,0.0,112.0,0.0,0.19414685131957146,0.0,0.0,1.0,stop:lane_lost,0,0,0,0,-1.0
1787224589.5646372,33.7500927015782,0.0,112.0,0.0,0.16710216880062712,0.0,0.0,1.0,stop:lane_lost,0,0,0,0,-1.0
1787224589.5940835,33.084291594765716,0.0,112.0,0.0,0.1737653514502221,0.0,0.0,1.0,stop:lane_lost,0,0,0,0,-1.0
1787224589.6225753,33.25063627441515,0.0,112.0,0.0,0.17258949568852888,0.0,0.0,1.0,stop:lane_lost,0,0,0,0,-1.0
1787224589.6583004,33.64710066067647,0.0,112.0,0.0,0.188920825712046,0.0,0.0,1.0,stop:lane_lost,0,0,0,0,-1.0
1787224589.6886568,32.45181100540166,0.0,112.0,0.0,0.1733733995296577,0.0,0.0,1.0,stop:lane_lost,0,0,0,0,-1.0
1787224589.7169313,32.60469360424341,0.0,112.0,0.0,0.17494120721191533,0.0,0.0,1.0,stop:lane_lost,0,0,0,0,-1.0
1787224589.7503688,33.19703854941154,0.0,112.0,0.0,0.1861771622680951,0.0,0.0,1.0,stop:lane_lost,0,0,0,0,-1.0
1787224589.7790768,32.494222049446236,0.0,112.0,0.0,0.1762477136137967,0.0,0.0,1.0,stop:lane_lost,0,0,0,0,-1.0
1787224589.8057323,32.99000880548301,0.0,112.0,0.0,0.1716749412072119,0.0,0.0,1.0,stop:lane_lost,0,0,0,0,-1.0
1787224589.8387997,33.9392406511969,0.0,112.0,0.0,0.17807682257643062,0.0,0.0,1.0,stop:lane_lost,0,0,0,0,-1.0
1787224589.8708618,33.13579931125212,0.0,112.0,0.0,0.1595244316697152,0.0,0.0,1.0,stop:lane_lost,0,0,0,0,-1.0
1787224589.8988163,32.79214072147244,0.0,112.0,0.0,0.16017768487065587,0.0,0.0,1.0,stop:lane_lost,0,0,0,0,-1.0
1787224589.9328651,33.38468428517289,0.0,112.0,0.0,0.1584792265482101,0.0,0.0,1.0,stop:lane_lost,0,0,0,0,-1.0
1787224589.9638271,32.444314789572466,0.0,112.0,0.0,0.15273059837993205,0.0,0.0,1.0,stop:lane_lost,0,0,0,0,-1.0
1787224589.991004,32.60933350827058,0.0,112.0,0.0,0.16305199895479489,0.0,0.0,1.0,stop:lane_lost,0,0,0,0,-1.0
1787224590.0243108,33.4362667181927,0.0,112.0,0.0,0.14711262085184218,0.0,0.0,1.0,stop:lane_lost,0,0,0,0,-1.0
1787224590.0585444,32.718116520688426,0.0,112.0,0.0,0.15508230990331853,0.0,0.0,1.0,stop:lane_lost,0,0,0,0,-1.0
1787224590.0872939,32.06281639787155,0.0,112.0,0.0,0.1542984060621897,0.0,0.0,1.0,stop:lane_lost,0,0,0,0,-1.0
1787224590.1223464,32.56100620171887,0.0,112.0,0.0,0.1443689574078913,0.0,0.0,1.0,stop:lane_lost,0,0,0,0,-1.0
1787224590.1511538,31.774132706332296,0.0,112.0,0.0,0.1461980663705252,0.0,0.0,1.0,stop:lane_lost,0,0,0,0,-1.0
1787224590.1800666,32.35659051308298,0.0,112.0,0.0,0.13117324274888947,0.0,0.0,1.0,stop:lane_lost,0,0,0,0,-1.0
1787224590.2131786,32.793837175817686,0.0,112.0,0.0,0.13417820747321663,0.0,0.0,1.0,stop:lane_lost,0,0,0,0,-1.0
1787224590.2423027,32.03789563563038,0.0,112.0,0.0,0.13888163051998956,0.0,0.0,1.0,stop:lane_lost,0,0,0,0,-1.0
1787224590.270299,32.86145474425448,0.0,112.0,0.0,0.13221844787039458,0.0,0.0,1.0,stop:lane_lost,0,0,0,0,-1.0
1787224590.304139,33.435463923571156,0.0,112.0,0.0,0.13104259210870134,0.0,0.0,1.0,stop:lane_lost,0,0,0,0,-1.0
1787224590.336225,32.631038283669604,0.0,112.0,0.0,0.13600731643585054,0.0,0.0,1.0,stop:lane_lost,0,0,0,0,-1.0
1787224590.3637173,32.357594348499504,0.0,112.0,0.0,0.12712307290305722,0.0,0.0,1.0,stop:lane_lost,0,0,0,0,-1.0
1787224590.3984876,33.155325406695546,0.0,112.0,0.0,0.131695845309642,0.0,0.0,1.0,stop:lane_lost,0,0,0,0,-1.0
1787224590.4271367,32.192832567612335,0.0,112.0,0.0,0.13156519466945388,0.0,0.0,1.0,stop:lane_lost,0,0,0,0,-1.0
1787224590.4544938,32.86628446909221,0.0,112.0,0.0,0.1439770054873269,0.0,0.0,1.0,stop:lane_lost,0,0,0,0,-1.0
1787224590.4873714,33.617771718305406,0.0,112.0,0.0,0.1362686177162268,0.0,0.0,1.0,stop:lane_lost,0,0,0,0,-1.0
1787224590.5186434,32.93713745624347,0.0,112.0,0.0,0.14384635484713876,0.0,0.0,1.0,stop:lane_lost,0,0,0,0,-1.0
1787224590.5469012,32.781745205338005,0.0,112.0,0.0,0.12999738698719623,0.0,0.0,1.0,stop:lane_lost,0,0,0,0,-1.0
1787224590.5826533,33.152518233564074,0.0,112.0,0.0,0.13757512411810818,0.0,0.0,1.0,stop:lane_lost,0,0,0,0,-1.0
1787224590.612099,31.983236186215393,0.0,112.0,0.0,0.1503788868565456,0.0,0.0,1.0,stop:lane_lost,0,0,0,0,-1.0
1787224590.6420026,32.726895727258864,0.0,112.0,0.0,0.14881107917428796,0.0,0.0,1.0,stop:lane_lost,0,0,0,0,-1.0
1787224590.6763475,32.88288157613449,0.0,112.0,0.0,0.14489155996864383,0.0,0.0,1.0,stop:lane_lost,0,0,0,0,-1.0
1787224590.7073653,32.099597075071614,0.0,112.0,0.0,0.15560491246407107,0.0,0.0,1.0,stop:lane_lost,0,0,0,0,-1.0
1787224590.738319,32.16546900994808,0.0,112.0,0.0,0.15704206950614058,0.0,0.0,1.0,stop:lane_lost,0,0,0,0,-1.0
1787224590.7734354,32.19506850307141,0.0,112.0,0.0,0.15978573295009146,0.0,0.0,1.0,stop:lane_lost,0,0,0,0,-1.0
1787224590.8043735,31.424643914431762,0.0,112.0,0.0,0.15560491246407107,0.0,0.0,1.0,stop:lane_lost,0,0,0,0,-1.0
1787224590.8324075,31.63718360413375,0.0,112.0,0.0,0.15730337078651685,0.0,0.0,1.0,stop:lane_lost,0,0,0,0,-1.0
1787224590.8693018,32.43779296469515,0.0,112.0,0.0,0.14815782597334726,0.0,0.0,1.0,stop:lane_lost,0,0,0,0,-1.0
1787224590.9004645,31.36717185143974,0.0,112.0,0.0,0.16266004703423045,0.0,0.0,1.0,stop:lane_lost,0,0,0,0,-1.0
1787224590.9292283,31.531272119106788,0.0,112.0,0.0,0.18552390906715444,0.0,0.0,1.0,stop:lane_lost,0,0,0,0,-1.0
1787224590.9636664,32.14887975769001,0.0,112.0,0.0,0.16736347008100338,0.0,0.0,1.0,stop:lane_lost,0,0,0,0,-1.0
1787224590.9928367,31.53250721813033,0.0,112.0,0.0,0.1684086752025085,0.0,0.0,1.0,stop:lane_lost,0,0,0,0,-1.0
1787224591.0200653,32.10122157034432,0.0,112.0,0.0,0.17049908544551867,0.0,0.0,1.0,stop:lane_lost,0,0,0,0,-1.0
1787224591.051855,33.030001294850194,0.0,112.0,0.0,0.1708910373660831,0.0,0.0,1.0,stop:lane_lost,0,0,0,0,-1.0
1787224591.0796974,32.7022415426535,0.0,112.0,0.0,0.1634439508753593,0.0,0.0,1.0,stop:lane_lost,0,0,0,0,-1.0
1787224591.106085,33.36167835275443,0.0,112.0,0.0,0.16252939639404232,0.0,0.0,1.0,stop:lane_lost,0,0,0,0,-1.0
1787224591.1373603,34.27041504915373,0.0,112.0,0.0,0.16096158871178468,0.0,0.0,1.0,stop:lane_lost,0,0,0,0,-1.0
1787224591.168104,33.790940698111896,0.0,112.0,0.0,0.17141363992683564,0.0,0.0,1.0,stop:lane_lost,0,0,0,0,-1.0
1787224591.194676,33.460039424920446,0.0,112.0,0.0,0.16644891559968644,0.0,0.0,1.0,stop:lane_lost,0,0,0,0,-1.0
1787224591.2260585,34.39519824162272,0.0,112.0,0.0,0.15625816566501177,0.0,0.0,1.0,stop:lane_lost,0,0,0,0,-1.0
1787224591.255442,33.80580360164109,0.0,112.0,0.0,0.14672066893127778,0.0,0.0,1.0,stop:lane_lost,0,0,0,0,-1.0
1787224591.2831616,33.95073453758181,0.0,112.0,0.0,0.14554481316958454,0.0,0.0,1.0,stop:lane_lost,0,0,0,0,-1.0
1787224591.3155673,34.38990142758146,0.0,112.0,0.0,0.14423830676770316,0.0,0.0,1.0,stop:lane_lost,0,0,0,0,-1.0
1787224591.3473685,32.91035206652066,0.0,112.0,0.0,0.14841912725372355,0.0,0.0,1.0,stop:lane_lost,0,0,0,0,-1.0
1787224591.3763509,33.70489252983022,0.0,112.0,0.0,0.1461980663705252,0.0,0.0,1.0,stop:lane_lost,0,0,0,0,-1.0
1787224591.408633,33.85582511531587,0.0,112.0,0.0,0.15338385158087275,0.0,0.0,1.0,stop:lane_lost,0,0,0,0,-1.0
1787224591.4368882,33.261642370803,0.0,112.0,0.0,0.15482100862294226,0.0,0.0,1.0,stop:lane_lost,0,0,0,0,-1.0
1787224591.4629304,33.72789793909396,0.0,112.0,0.0,0.15090148941729814,0.0,0.0,1.0,stop:lane_lost,0,0,0,0,-1.0
1787224591.4937692,34.61800886680205,0.0,112.0,0.0,0.15050953749673374,0.0,0.0,1.0,stop:lane_lost,0,0,0,0,-1.0
1787224591.5225356,33.877954442449955,0.0,112.0,0.0,0.1499869349359812,0.0,0.0,1.0,stop:lane_lost,0,0,0,0,-1.0
1787224591.5511715,34.476735957991515,0.0,112.0,0.0,0.15455970734256597,0.0,0.0,1.0,stop:lane_lost,0,0,0,0,-1.0
1787224591.585198,34.5551729864898,0.0,112.0,0.0,0.1418865952443167,0.0,0.0,1.0,stop:lane_lost,0,0,0,0,-1.0
1787224591.613011,33.476012514717766,0.0,112.0,0.0,0.14724327149203031,0.0,0.0,1.0,stop:lane_lost,0,0,0,0,-1.0
1787224591.639175,34.031651870766325,0.0,112.0,0.0,0.14606741573033707,0.0,0.0,1.0,stop:lane_lost,0,0,0,0,-1.0
1787224591.6707647,34.8739095653464,0.0,112.0,0.0,0.14371570420695062,0.0,0.0,1.0,stop:lane_lost,0,0,0,0,-1.0
1787224591.698755,34.18840181092486,0.0,112.0,0.0,0.13888163051998956,0.0,0.0,1.0,stop:lane_lost,0,0,0,0,-1.0
1787224591.7248666,34.55997452505514,0.0,112.0,0.0,0.1563888163051999,0.0,0.0,1.0,stop:lane_lost,0,0,0,0,-1.0
1787224591.7566173,35.31860040224605,0.0,112.0,0.0,0.14449960804807943,0.0,0.0,1.0,stop:lane_lost,0,0,0,0,-1.0
1787224591.7867959,34.44710301393401,0.0,112.0,0.0,0.1557355631042592,0.0,0.0,1.0,stop:lane_lost,0,0,0,0,-1.0
1787224591.812816,34.30351388362125,0.0,112.0,0.0,0.14763522341259472,0.0,0.0,1.0,stop:lane_lost,0,0,0,0,-1.0
1787224591.8439872,35.09948229558405,0.0,112.0,0.0,0.1439770054873269,0.0,0.0,1.0,stop:lane_lost,0,0,0,0,-1.0
1787224591.8731985,34.40313263798908,0.0,112.0,0.0,0.1561275150248236,0.0,0.0,1.0,stop:lane_lost,0,0,0,0,-1.0
1787224591.900088,34.50468511090737,0.0,112.0,0.0,0.1458061144499608,0.0,0.0,1.0,stop:lane_lost,0,0,0,0,-1.0
1787224591.931669,35.04351683691273,0.0,112.0,0.0,0.1528612490201202,0.0,0.0,1.0,stop:lane_lost,0,0,0,0,-1.0
1787224591.9592016,34.24938497420373,0.0,112.0,0.0,0.15090148941729814,0.0,0.0,1.0,stop:lane_lost,0,0,0,0,-1.0
1787224591.9859357,34.805941303630135,0.0,112.0,0.0,0.1408413901228116,0.0,0.0,1.0,stop:lane_lost,0,0,0,0,-1.0
1787224592.0190055,35.34513546864454,0.0,112.0,0.0,0.15416775542200156,0.0,0.0,1.0,stop:lane_lost,0,0,0,0,-1.0
1787224592.0469809,34.29076392521323,0.0,112.0,0.0,0.15103214005748627,0.0,0.0,1.0,stop:lane_lost,0,0,0,0,-1.0
1787224592.0729318,34.6057975398698,0.0,112.0,0.0,0.1553436111836948,0.0,0.0,1.0,stop:lane_lost,0,0,0,0,-1.0
1787224592.1062577,35.41903841341353,0.0,112.0,0.0,0.14632871701071334,0.0,0.0,1.0,stop:lane_lost,0,0,0,0,-1.0
1787224592.135587,34.32424753271159,0.0,112.0,0.0,0.14698197021165404,0.0,0.0,1.0,stop:lane_lost,0,0,0,0,-1.0
1787224592.1620302,34.29343761192947,0.0,112.0,0.0,0.15377580350143716,0.0,0.0,1.0,stop:lane_lost,0,0,0,0,-1.0
1787224592.1928778,34.99133968882367,0.0,112.0,0.0,0.16056963679122027,0.0,0.0,1.0,stop:lane_lost,0,0,0,0,-1.0
1787224592.2226067,34.46710737223495,0.0,112.0,0.0,0.15377580350143716,0.0,0.0,1.0,stop:lane_lost,0,0,0,0,-1.0
1787224592.2490432,34.313442529221945,0.0,112.0,0.0,0.1607002874314084,0.0,0.0,1.0,stop:lane_lost,0,0,0,0,-1.0
1787224592.2803042,35.02161720816432,0.0,112.0,0.0,0.15090148941729814,0.0,0.0,1.0,stop:lane_lost,0,0,0,0,-1.0
1787224592.3072054,34.3997959071427,0.0,112.0,0.0,0.1584792265482101,0.0,0.0,1.0,stop:lane_lost,0,0,0,0,-1.0
1787224592.3338046,34.95361339090067,0.0,112.0,0.0,0.15756467206689312,0.0,0.0,1.0,stop:lane_lost,0,0,0,0,-1.0
1787224592.3656738,35.37550039942058,0.0,112.0,0.0,0.15325320094068462,0.0,0.0,1.0,stop:lane_lost,0,0,0,0,-1.0
1787224592.3931365,34.640663274963856,0.0,112.0,0.0,0.14267049908544552,0.0,0.0,1.0,stop:lane_lost,0,0,0,0,-1.0
1787224592.4199862,34.986668281869264,0.0,112.0,0.0,0.16252939639404232,0.0,0.0,1.0,stop:lane_lost,0,0,0,0,-1.0
1787224592.4514246,35.48451953132614,0.0,112.0,0.0,0.15482100862294226,0.0,0.0,1.0,stop:lane_lost,0,0,0,0,-1.0
1787224592.479362,34.67114670687516,0.0,112.0,0.0,0.14410765612751503,0.0,0.0,1.0,stop:lane_lost,0,0,0,0,-1.0
1787224592.5052614,34.97301550943408,0.0,112.0,0.0,0.14724327149203031,0.0,0.0,1.0,stop:lane_lost,0,0,0,0,-1.0
1787224592.537224,35.730128656891075,0.0,112.0,0.0,0.14253984844525738,0.0,0.0,1.0,stop:lane_lost,0,0,0,0,-1.0
1787224592.5652173,34.79097910156286,0.0,112.0,0.0,0.14449960804807943,0.0,0.0,1.0,stop:lane_lost,0,0,0,0,-1.0
1787224592.591449,35.04265853202406,0.0,112.0,0.0,0.15338385158087275,0.0,0.0,1.0,stop:lane_lost,0,0,0,0,-1.0
1787224592.6233711,35.65961180646694,0.0,112.0,0.0,0.15756467206689312,0.0,0.0,1.0,stop:lane_lost,0,0,0,0,-1.0
1787224592.6528351,34.75021659888242,0.0,112.0,0.0,0.1595244316697152,0.0,0.0,1.0,stop:lane_lost,0,0,0,0,-1.0
1787224592.6790369,34.63294811849916,0.0,112.0,0.0,0.1567807682257643,0.0,0.0,1.0,stop:lane_lost,0,0,0,0,-1.0
1787224592.7117171,35.30596068602246,0.0,112.0,0.0,0.1563888163051999,0.0,0.0,1.0,stop:lane_lost,0,0,0,0,-1.0
1787224592.7407467,34.2532216010885,0.0,112.0,0.0,0.1439770054873269,0.0,0.0,1.0,stop:lane_lost,0,0,0,0,-1.0
1787224592.769251,34.16338572616837,0.0,112.0,0.0,0.15194669453880325,0.0,0.0,1.0,stop:lane_lost,0,0,0,0,-1.0
1787224592.8009424,34.67738428547855,0.0,112.0,0.0,0.15155474261823884,0.0,0.0,1.0,stop:lane_lost,0,0,0,0,-1.0
1787224592.8287227,34.04557408847819,0.0,112.0,0.0,0.14489155996864383,0.0,0.0,1.0,stop:lane_lost,0,0,0,0,-1.0
1787224592.8561022,34.41208519076078,0.0,112.0,0.0,0.14267049908544552,0.0,0.0,1.0,stop:lane_lost,0,0,0,0,-1.0
1787224592.8879783,34.865578420051676,0.0,112.0,0.0,0.14280114972563365,0.0,0.0,1.0,stop:lane_lost,0,0,0,0,-1.0
1787224592.9156969,34.14424879316492,0.0,112.0,0.0,0.15064018813692187,0.0,0.0,1.0,stop:lane_lost,0,0,0,0,-1.0
1787224592.942026,34.43995269015929,0.0,112.0,0.0,0.15090148941729814,0.0,0.0,1.0,stop:lane_lost,0,0,0,0,-1.0
1787224592.9745648,35.28849753430342,0.0,112.0,0.0,0.14828847661353542,0.0,0.0,1.0,stop:lane_lost,0,0,0,0,-1.0
1787224593.0027006,34.3670907965967,0.0,112.0,0.0,0.15312255030049648,0.0,0.0,1.0,stop:lane_lost,0,0,0,0,-1.0
1787224593.0302284,34.59939956539938,0.0,112.0,0.0,0.15273059837993205,0.0,0.0,1.0,stop:lane_lost,0,0,0,0,-1.0
1787224593.0624573,34.961796240531775,0.0,112.0,0.0,0.1528612490201202,0.0,0.0,1.0,stop:lane_lost,0,0,0,0,-1.0
1787224593.0898476,34.145365415887845,0.0,112.0,0.0,0.14868042853409982,0.0,0.0,1.0,stop:lane_lost,0,0,0,0,-1.0
1787224593.1165967,34.655258983453734,0.0,112.0,0.0,0.14841912725372355,0.0,0.0,1.0,stop:lane_lost,0,0,0,0,-1.0
1787224593.1484315,35.210652883244364,0.0,112.0,0.0,0.15259994773974392,0.0,0.0,1.0,stop:lane_lost,0,0,0,0,-1.0
1787224593.176168,34.40830991920083,0.0,112.0,0.0,0.13613796707603867,0.0,0.0,1.0,stop:lane_lost,0,0,0,0,-1.0
1787224593.2027009,34.763304553687206,0.0,112.0,0.0,0.15233864645936765,0.0,0.0,1.0,stop:lane_lost,0,0,0,0,-1.0
1787224593.2338667,35.38164066756292,0.0,112.0,0.0,0.14463025868826757,0.0,0.0,1.0,stop:lane_lost,0,0,0,0,-1.0
1787224593.2619848,34.53245115139929,0.0,112.0,0.0,0.14711262085184218,0.0,0.0,1.0,stop:lane_lost,0,0,0,0,-1.0
1787224593.2879655,34.98511110999847,0.0,112.0,0.0,0.13953488372093023,0.0,0.0,1.0,stop:lane_lost,0,0,0,0,-1.0
1787224593.3210585,35.69105392871537,0.0,112.0,0.0,0.1458061144499608,0.0,0.0,1.0,stop:lane_lost,0,0,0,0,-1.0
1787224593.3503428,34.538097570899005,0.0,112.0,0.0,0.141233342043376,0.0,0.0,1.0,stop:lane_lost,0,0,0,0,-1.0
1787224593.3766146,34.5373639111007,0.0,112.0,0.0,0.15077083877711,0.0,0.0,1.0,stop:lane_lost,0,0,0,0,-1.0
1787224593.4078093,35.21903895107113,0.0,112.0,0.0,0.14554481316958454,0.0,0.0,1.0,stop:lane_lost,0,0,0,0,-1.0
1787224593.4355576,34.59260303786412,0.0,112.0,0.0,0.14737392213221845,0.0,0.0,1.0,stop:lane_lost,0,0,0,0,-1.0
1787224593.4618268,34.88631376881577,0.0,112.0,0.0,0.15455970734256597,0.0,0.0,1.0,stop:lane_lost,0,0,0,0,-1.0
1787224593.492923,35.517899009587126,0.0,112.0,0.0,0.15416775542200156,0.0,0.0,1.0,stop:lane_lost,0,0,0,0,-1.0
1787224593.5240488,34.738854848407996,0.0,112.0,0.0,0.14841912725372355,0.0,0.0,1.0,stop:lane_lost,0,0,0,0,-1.0
1787224593.5515392,34.329665613921186,0.0,112.0,0.0,0.15024823621635747,0.0,0.0,1.0,stop:lane_lost,0,0,0,0,-1.0
1787224593.5831409,34.74635459631402,0.0,112.0,0.0,0.16056963679122027,0.0,0.0,1.0,stop:lane_lost,0,0,0,0,-1.0
1787224593.6109047,34.10311035936804,0.0,112.0,0.0,0.15024823621635747,0.0,0.0,1.0,stop:lane_lost,0,0,0,0,-1.0
1787224593.6371884,34.504228237914624,0.0,112.0,0.0,0.15064018813692187,0.0,0.0,1.0,stop:lane_lost,0,0,0,0,-1.0
1787224593.6692357,35.22419068862497,0.0,112.0,0.0,0.15625816566501177,0.0,0.0,1.0,stop:lane_lost,0,0,0,0,-1.0
1787224593.6980348,34.38349078554938,0.0,112.0,0.0,0.14672066893127778,0.0,0.0,1.0,stop:lane_lost,0,0,0,0,-1.0
1787224593.7246122,34.497907620400134,0.0,112.0,0.0,0.1435850535667625,0.0,0.0,1.0,stop:lane_lost,0,0,0,0,-1.0
1787224593.7591162,35.00941873815553,0.0,112.0,0.0,0.14031878756205907,0.0,0.0,1.0,stop:lane_lost,0,0,0,0,-1.0
1787224593.7880335,33.84248360781997,0.0,112.0,0.0,0.147896524692971,0.0,0.0,1.0,stop:lane_lost,0,0,0,0,-1.0
1787224593.814413,34.03689512593124,0.0,112.0,0.0,0.14737392213221845,0.0,0.0,1.0,stop:lane_lost,0,0,0,0,-1.0
1787224593.846076,34.80808894405798,0.0,112.0,0.0,0.1557355631042592,0.0,0.0,1.0,stop:lane_lost,0,0,0,0,-1.0
1787224593.8732772,34.126528490917295,0.0,112.0,0.0,0.15325320094068462,0.0,0.0,1.0,stop:lane_lost,0,0,0,0,-1.0
1787224593.9000137,34.70569885033983,0.0,112.0,0.0,0.1497256336556049,0.0,0.0,1.0,stop:lane_lost,0,0,0,0,-1.0
1787224593.9316132,35.24244668619773,0.0,112.0,0.0,0.1489417298144761,0.0,0.0,1.0,stop:lane_lost,0,0,0,0,-1.0
1787224593.9615126,34.490646313781674,0.0,112.0,0.0,0.14737392213221845,0.0,0.0,1.0,stop:lane_lost,0,0,0,0,-1.0
1787224593.9875798,34.29745011165179,0.0,112.0,0.0,0.14319310164619806,0.0,0.0,1.0,stop:lane_lost,0,0,0,0,-1.0
1787224594.0188231,35.14090970278912,0.0,112.0,0.0,0.14515286124902013,0.0,0.0,1.0,stop:lane_lost,0,0,0,0,-1.0
1787224594.0471349,34.41647687604552,0.0,112.0,0.0,0.14253984844525738,0.0,0.0,1.0,stop:lane_lost,0,0,0,0,-1.0
1787224594.073199,34.70549610824448,0.0,112.0,0.0,0.13848967859942513,0.0,0.0,1.0,stop:lane_lost,0,0,0,0,-1.0
1787224594.1077626,35.0023357300663,0.0,112.0,0.0,0.14528351188920827,0.0,0.0,1.0,stop:lane_lost,0,0,0,0,-1.0
1787224594.1383832,33.97995691754172,0.0,112.0,0.0,0.14567546380977267,0.0,0.0,1.0,stop:lane_lost,0,0,0,0,-1.0
1787224594.1674583,33.82711677394454,0.0,112.0,0.0,0.14672066893127778,0.0,0.0,1.0,stop:lane_lost,0,0,0,0,-1.0
1787224594.1994605,33.868112662045746,0.0,112.0,0.0,0.1458061144499608,0.0,0.0,1.0,stop:lane_lost,0,0,0,0,-1.0
1787224594.227698,33.30513058391982,0.0,112.0,0.0,0.1511627906976744,0.0,0.0,1.0,stop:lane_lost,0,0,0,0,-1.0
1787224594.2538266,33.83113257136255,0.0,112.0,0.0,0.1468513195714659,0.0,0.0,1.0,stop:lane_lost,0,0,0,0,-1.0
1787224594.2852893,34.74958729440441,0.0,112.0,0.0,0.1539064541416253,0.0,0.0,1.0,stop:lane_lost,0,0,0,0,-1.0
1787224594.313486,33.95874779444657,0.0,112.0,0.0,0.14907238045466423,0.0,0.0,1.0,stop:lane_lost,0,0,0,0,-1.0
1787224594.3392668,34.50962706776547,0.0,112.0,0.0,0.16266004703423045,0.0,0.0,1.0,stop:lane_lost,0,0,0,0,-1.0
1787224594.3730419,35.364804125113615,0.0,112.0,0.0,0.147896524692971,0.0,0.0,1.0,stop:lane_lost,0,0,0,0,-1.0
1787224594.4044268,34.204774268124794,0.0,112.0,0.0,0.16004703423046773,0.0,0.0,1.0,stop:lane_lost,0,0,0,0,-1.0
1787224594.431206,33.742313378088944,0.0,112.0,0.0,0.15299189966030832,0.0,0.0,1.0,stop:lane_lost,0,0,0,0,-1.0
1787224594.4629638,34.46945220804923,0.0,112.0,0.0,0.15808727462764569,0.0,0.0,1.0,stop:lane_lost,0,0,0,0,-1.0
1787224594.4908316,33.66121452968752,0.0,112.0,0.0,0.15821792526783382,0.0,0.0,1.0,stop:lane_lost,0,0,0,0,-1.0
1787224594.517876,34.408053286749094,0.0,112.0,0.0,0.14371570420695062,0.0,0.0,1.0,stop:lane_lost,0,0,0,0,-1.0
1787224594.5490892,34.92648042140443,0.0,112.0,0.0,0.1648811079174288,0.0,0.0,1.0,stop:lane_lost,0,0,0,0,-1.0
1787224594.5770273,34.26850238410142,0.0,112.0,0.0,0.15978573295009146,0.0,0.0,1.0,stop:lane_lost,0,0,0,0,-1.0
1787224594.6037304,34.65283609771797,0.0,112.0,0.0,0.1535145022210609,0.0,0.0,1.0,stop:lane_lost,0,0,0,0,-1.0
1787224594.6416328,35.23818269829923,0.0,112.0,0.0,0.15259994773974392,0.0,0.0,1.0,stop:lane_lost,0,0,0,0,-1.0
1787224594.6710098,33.23588776068719,0.0,112.0,0.0,0.16096158871178468,0.0,0.0,1.0,stop:lane_lost,0,0,0,0,-1.0
1787224594.697974,33.698554313837036,0.0,112.0,0.0,0.1549516592631304,0.0,0.0,1.0,stop:lane_lost,0,0,0,0,-1.0
1787224594.7298098,34.51500138352797,0.0,112.0,0.0,0.15207734517899138,0.0,0.0,1.0,stop:lane_lost,0,0,0,0,-1.0
1787224594.7575455,33.7954180729395,0.0,112.0,0.0,0.1567807682257643,0.0,0.0,1.0,stop:lane_lost,0,0,0,0,-1.0
1787224594.784632,34.37636689248288,0.0,112.0,0.0,0.15978573295009146,0.0,0.0,1.0,stop:lane_lost,0,0,0,0,-1.0
1787224594.8161435,34.88969719866955,0.0,112.0,0.0,0.15860987718839822,0.0,0.0,1.0,stop:lane_lost,0,0,0,0,-1.0
1787224594.8481312,34.23479336486617,0.0,112.0,0.0,0.16226809511366605,0.0,0.0,1.0,stop:lane_lost,0,0,0,0,-1.0
1787224594.8744395,33.656439912181824,0.0,112.0,0.0,0.14828847661353542,0.0,0.0,1.0,stop:lane_lost,0,0,0,0,-1.0
1787224594.9062908,34.507510753057076,0.0,112.0,0.0,0.147896524692971,0.0,0.0,1.0,stop:lane_lost,0,0,0,0,-1.0
1787224594.934258,33.799528922900286,0.0,112.0,0.0,0.13744447347792005,0.0,0.0,1.0,stop:lane_lost,0,0,0,0,-1.0
1787224594.9608948,34.326321794575975,0.0,112.0,0.0,0.1439770054873269,0.0,0.0,1.0,stop:lane_lost,0,0,0,0,-1.0
1787224594.9919345,34.96138023080163,0.0,112.0,0.0,0.14698197021165404,0.0,0.0,1.0,stop:lane_lost,0,0,0,0,-1.0
1787224595.0208325,34.306562294835174,0.0,112.0,0.0,0.1447609093284557,0.0,0.0,1.0,stop:lane_lost,0,0,0,0,-1.0
1787224595.0472806,34.5051451404336,0.0,112.0,0.0,0.14907238045466423,0.0,0.0,1.0,stop:lane_lost,0,0,0,0,-1.0
1787224595.0813665,35.15646911779203,0.0,112.0,0.0,0.15273059837993205,0.0,0.0,1.0,stop:lane_lost,0,0,0,0,-1.0
1787224595.108914,33.98080263555454,0.0,112.0,0.0,0.14593676509014894,0.0,0.0,1.0,stop:lane_lost,0,0,0,0,-1.0
1787224595.1363635,34.452404046212656,0.0,112.0,0.0,0.15090148941729814,0.0,0.0,1.0,stop:lane_lost,0,0,0,0,-1.0
1787224595.1683547,34.869561355710125,0.0,112.0,0.0,0.15246929709955578,0.0,0.0,1.0,stop:lane_lost,0,0,0,0,-1.0
1787224595.196318,34.10554595867516,0.0,112.0,0.0,0.15312255030049648,0.0,0.0,1.0,stop:lane_lost,0,0,0,0,-1.0
1787224595.2221494,34.48671087057924,0.0,112.0,0.0,0.16252939639404232,0.0,0.0,1.0,stop:lane_lost,0,0,0,0,-1.0
1787224595.2541337,35.33687678796869,0.0,112.0,0.0,0.14515286124902013,0.0,0.0,1.0,stop:lane_lost,0,0,0,0,-1.0
1787224595.2852259,34.35605113241975,0.0,112.0,0.0,0.13914293180036583,0.0,0.0,1.0,stop:lane_lost,0,0,0,0,-1.0
1787224595.3116486,34.09898400087624,0.0,112.0,0.0,0.14711262085184218,0.0,0.0,1.0,stop:lane_lost,0,0,0,0,-1.0
1787224595.3426955,34.84369572190369,0.0,112.0,0.0,0.13391690619284036,0.0,0.0,1.0,stop:lane_lost,0,0,0,0,-1.0
1787224595.3704588,34.29508517013193,0.0,112.0,0.0,0.1379670760386726,0.0,0.0,1.0,stop:lane_lost,0,0,0,0,-1.0
1787224595.3968866,34.67119720556995,0.0,112.0,0.0,0.14319310164619806,0.0,0.0,1.0,stop:lane_lost,0,0,0,0,-1.0
1787224595.4279888,35.31236038668458,0.0,112.0,0.0,0.1468513195714659,0.0,0.0,1.0,stop:lane_lost,0,0,0,0,-1.0
1787224595.455547,34.56730621386899,0.0,112.0,0.0,0.13992683564149463,0.0,0.0,1.0,stop:lane_lost,0,0,0,0,-1.0
1787224595.4825625,35.05974843151958,0.0,112.0,0.0,0.14711262085184218,0.0,0.0,1.0,stop:lane_lost,0,0,0,0,-1.0
1787224595.5178325,35.45378776858133,0.0,112.0,0.0,0.14946433237522863,0.0,0.0,1.0,stop:lane_lost,0,0,0,0,-1.0
1787224595.5462103,34.00418607980358,0.0,112.0,0.0,0.14750457277240658,0.0,0.0,1.0,stop:lane_lost,0,0,0,0,-1.0
1787224595.5740724,34.26680269498942,0.0,112.0,0.0,0.16252939639404232,0.0,0.0,1.0,stop:lane_lost,0,0,0,0,-1.0
1787224595.60606,34.564265571510894,0.0,112.0,0.0,0.16017768487065587,0.0,0.0,1.0,stop:lane_lost,0,0,0,0,-1.0
1787224595.6357484,33.91065716604555,0.0,112.0,0.0,0.14645936765090148,0.0,0.0,1.0,stop:lane_lost,0,0,0,0,-1.0
1787224595.6624858,33.9082297262206,0.0,112.0,0.0,0.14711262085184218,0.0,0.0,1.0,stop:lane_lost,0,0,0,0,-1.0
1787224595.6939507,34.60189385963442,0.0,112.0,0.0,0.14306245100600992,0.0,0.0,1.0,stop:lane_lost,0,0,0,0,-1.0
1787224595.722508,34.002978640540064,0.0,112.0,0.0,0.14253984844525738,0.0,0.0,1.0,stop:lane_lost,0,0,0,0,-1.0
1787224595.7507274,34.247343534097865,0.0,112.0,0.0,0.1397961850013065,0.0,0.0,1.0,stop:lane_lost,0,0,0,0,-1.0
1787224595.782513,34.48376119069402,0.0,112.0,0.0,0.13927358244055396,0.0,0.0,1.0,stop:lane_lost,0,0,0,0,-1.0
1787224595.811174,33.85468281352573,0.0,112.0,0.0,0.1489417298144761,0.0,0.0,1.0,stop:lane_lost,0,0,0,0,-1.0
1787224595.8373992,34.069849215354644,0.0,112.0,0.0,0.13783642539848445,0.0,0.0,1.0,stop:lane_lost,0,0,0,0,-1.0
1787224595.8706522,34.775325128983816,0.0,112.0,0.0,0.13744447347792005,0.0,0.0,1.0,stop:lane_lost,0,0,0,0,-1.0
1787224595.900388,33.82952121584986,0.0,112.0,0.0,0.14410765612751503,0.0,0.0,1.0,stop:lane_lost,0,0,0,0,-1.0
1787224595.9290688,33.908741980752644,0.0,112.0,0.0,0.1461980663705252,0.0,0.0,1.0,stop:lane_lost,0,0,0,0,-1.0
1787224595.9602392,34.09275567973328,0.0,112.0,0.0,0.13888163051998956,0.0,0.0,1.0,stop:lane_lost,0,0,0,0,-1.0
1787224595.987062,33.68441945200314,0.0,112.0,0.0,0.1429318003658218,0.0,0.0,1.0,stop:lane_lost,0,0,0,0,-1.0
1787224596.0135972,34.40494489862535,0.0,112.0,0.0,0.14410765612751503,0.0,0.0,1.0,stop:lane_lost,0,0,0,0,-1.0
1787224596.0458353,35.07556607697909,0.0,112.0,0.0,0.14528351188920827,0.0,0.0,1.0,stop:lane_lost,0,0,0,0,-1.0
1787224596.0729809,34.24108263191352,0.0,112.0,0.0,0.14214789652469298,0.0,0.0,1.0,stop:lane_lost,0,0,0,0,-1.0
1787224596.1000428,34.774849960543584,0.0,112.0,0.0,0.14267049908544552,0.0,0.0,1.0,stop:lane_lost,0,0,0,0,-1.0
1787224596.1325128,35.23171553582748,0.0,112.0,0.0,0.13757512411810818,0.0,0.0,1.0,stop:lane_lost,0,0,0,0,-1.0
1787224596.162119,34.33530533289313,0.0,112.0,0.0,0.14253984844525738,0.0,0.0,1.0,stop:lane_lost,0,0,0,0,-1.0
1787224596.18826,34.22053903368786,0.0,112.0,0.0,0.14737392213221845,0.0,0.0,1.0,stop:lane_lost,0,0,0,0,-1.0
1787224596.2209947,35.043650010043244,0.0,112.0,0.0,0.1489417298144761,0.0,0.0,1.0,stop:lane_lost,0,0,0,0,-1.0
1787224596.249323,34.12849155207881,0.0,112.0,0.0,0.1499869349359812,0.0,0.0,1.0,stop:lane_lost,0,0,0,0,-1.0
1787224596.2754219,34.38453645808327,0.0,112.0,0.0,0.14345440292657435,0.0,0.0,1.0,stop:lane_lost,0,0,0,0,-1.0
1787224596.3068705,35.143834247445085,0.0,112.0,0.0,0.1439770054873269,0.0,0.0,1.0,stop:lane_lost,0,0,0,0,-1.0
1787224596.3361514,34.32585790116058,0.0,112.0,0.0,0.14672066893127778,0.0,0.0,1.0,stop:lane_lost,0,0,0,0,-1.0
1787224596.3623848,34.49550201068874,0.0,112.0,0.0,0.14907238045466423,0.0,0.0,1.0,stop:lane_lost,0,0,0,0,-1.0
1787224596.395771,35.21627101237503,0.0,112.0,0.0,0.15011758557616933,0.0,0.0,1.0,stop:lane_lost,0,0,0,0,-1.0
1787224596.4228106,34.153423085207706,0.0,112.0,0.0,0.1447609093284557,0.0,0.0,1.0,stop:lane_lost,0,0,0,0,-1.0
1787224596.4505763,34.506928565862154,0.0,112.0,0.0,0.14306245100600992,0.0,0.0,1.0,stop:lane_lost,0,0,0,0,-1.0
1787224596.4825318,35.04071456816128,0.0,112.0,0.0,0.14645936765090148,0.0,0.0,1.0,stop:lane_lost,0,0,0,0,-1.0
1787224596.5101087,34.27658949518724,0.0,112.0,0.0,0.14031878756205907,0.0,0.0,1.0,stop:lane_lost,0,0,0,0,-1.0
1787224596.53656,34.6711399022917,0.0,112.0,0.0,0.1366605696367912,0.0,0.0,1.0,stop:lane_lost,0,0,0,0,-1.0
1787224596.5690906,35.323374743782225,0.0,112.0,0.0,0.13992683564149463,0.0,0.0,1.0,stop:lane_lost,0,0,0,0,-1.0
1787224596.6012683,34.388614197211766,0.0,112.0,0.0,0.1418865952443167,0.0,0.0,1.0,stop:lane_lost,0,0,0,0,-1.0
1787224596.627712,33.74457993759056,0.0,112.0,0.0,0.14737392213221845,0.0,0.0,1.0,stop:lane_lost,0,0,0,0,-1.0
1787224596.65951,34.55476658933193,0.0,112.0,0.0,0.14645936765090148,0.0,0.0,1.0,stop:lane_lost,0,0,0,0,-1.0
1787224596.6867058,33.91627830098271,0.0,112.0,0.0,0.14371570420695062,0.0,0.0,1.0,stop:lane_lost,0,0,0,0,-1.0
1787224596.7133315,34.51344558182969,0.0,112.0,0.0,0.15194669453880325,0.0,0.0,1.0,stop:lane_lost,0,0,0,0,-1.0
1787224596.745465,35.12155361190925,0.0,112.0,0.0,0.14240919780506925,0.0,0.0,1.0,stop:lane_lost,0,0,0,0,-1.0
1787224596.7739098,34.27286275888301,0.0,112.0,0.0,0.14502221060883197,0.0,0.0,1.0,stop:lane_lost,0,0,0,0,-1.0
1787224596.8001847,34.490837640381415,0.0,112.0,0.0,0.14567546380977267,0.0,0.0,1.0,stop:lane_lost,0,0,0,0,-1.0
1787224596.833048,35.232521410230596,0.0,112.0,0.0,0.1394042330807421,0.0,0.0,1.0,stop:lane_lost,0,0,0,0,-1.0
1787224596.8615165,34.247336404028644,0.0,112.0,0.0,0.13679122027697935,0.0,0.0,1.0,stop:lane_lost,0,0,0,0,-1.0
1787224596.8872387,34.44801632676544,0.0,112.0,0.0,0.13613796707603867,0.0,0.0,1.0,stop:lane_lost,0,0,0,0,-1.0
1787224596.9206789,35.324159023831974,0.0,112.0,0.0,0.13078129082832507,0.0,0.0,1.0,stop:lane_lost,0,0,0,0,-1.0
1787224596.949109,34.227612229977396,0.0,112.0,0.0,0.1461980663705252,0.0,0.0,1.0,stop:lane_lost,0,0,0,0,-1.0
1787224596.9763224,34.42202582758142,0.0,112.0,0.0,0.14907238045466423,0.0,0.0,1.0,stop:lane_lost,0,0,0,0,-1.0
1787224597.0100648,34.90962714825143,0.0,112.0,0.0,0.1390122811601777,0.0,0.0,1.0,stop:lane_lost,0,0,0,0,-1.0
1787224597.0390913,33.760504485611925,0.0,112.0,0.0,0.1454141625293964,0.0,0.0,1.0,stop:lane_lost,0,0,0,0,-1.0
1787224597.0666845,33.98452981953606,0.0,112.0,0.0,0.14711262085184218,0.0,0.0,1.0,stop:lane_lost,0,0,0,0,-1.0
1787224597.098669,34.491077688157716,0.0,112.0,0.0,0.13496211131434543,0.0,0.0,1.0,stop:lane_lost,0,0,0,0,-1.0
1787224597.1275983,33.64723294307521,0.0,112.0,0.0,0.13352495427227593,0.0,0.0,1.0,stop:lane_lost,0,0,0,0,-1.0
1787224597.1537166,34.08932349886511,0.0,112.0,0.0,0.1435850535667625,0.0,0.0,1.0,stop:lane_lost,0,0,0,0,-1.0
1787224597.1869953,34.932649974124885,0.0,112.0,0.0,0.13914293180036583,0.0,0.0,1.0,stop:lane_lost,0,0,0,0,-1.0
1787224597.219212,33.709817709551764,0.0,112.0,0.0,0.13600731643585054,0.0,0.0,1.0,stop:lane_lost,0,0,0,0,-1.0
1787224597.2484093,33.452559147926735,0.0,112.0,0.0,0.14593676509014894,0.0,0.0,1.0,stop:lane_lost,0,0,0,0,-1.0
1787224597.2802541,33.60994285561337,0.0,112.0,0.0,0.13417820747321663,0.0,0.0,1.0,stop:lane_lost,0,0,0,0,-1.0
1787224597.3079317,33.14517903261932,0.0,112.0,0.0,0.1416252939639404,0.0,0.0,1.0,stop:lane_lost,0,0,0,0,-1.0
1787224597.3343363,33.76289156481815,0.0,112.0,0.0,0.15521296054350667,0.0,0.0,1.0,stop:lane_lost,0,0,0,0,-1.0
1787224597.3656461,34.61298341605642,0.0,112.0,0.0,0.14750457277240658,0.0,0.0,1.0,stop:lane_lost,0,0,0,0,-1.0
1787224597.3943076,34.02594086797433,0.0,112.0,0.0,0.13535406323490984,0.0,0.0,1.0,stop:lane_lost,0,0,0,0,-1.0
1787224597.4202056,34.25889485006938,0.0,112.0,0.0,0.1373138228377319,0.0,0.0,1.0,stop:lane_lost,0,0,0,0,-1.0
1787224597.451978,35.13318859020554,0.0,112.0,0.0,0.1429318003658218,0.0,0.0,1.0,stop:lane_lost,0,0,0,0,-1.0
1787224597.4811735,34.39231273210794,0.0,112.0,0.0,0.1379670760386726,0.0,0.0,1.0,stop:lane_lost,0,0,0,0,-1.0
1787224597.5075161,34.36657307572884,0.0,112.0,0.0,0.13757512411810818,0.0,0.0,1.0,stop:lane_lost,0,0,0,0,-1.0
1787224597.5402462,35.05965920736266,0.0,112.0,0.0,0.14763522341259472,0.0,0.0,1.0,stop:lane_lost,0,0,0,0,-1.0
1787224597.5683618,34.04011697116218,0.0,112.0,0.0,0.12999738698719623,0.0,0.0,1.0,stop:lane_lost,0,0,0,0,-1.0
1787224597.5945995,34.544156023109515,0.0,112.0,0.0,0.14593676509014894,0.0,0.0,1.0,stop:lane_lost,0,0,0,0,-1.0
1787224597.6270258,35.11558581227494,0.0,112.0,0.0,0.13809772667886072,0.0,0.0,1.0,stop:lane_lost,0,0,0,0,-1.0
1787224597.654628,34.26819740588447,0.0,112.0,0.0,0.1429318003658218,0.0,0.0,1.0,stop:lane_lost,0,0,0,0,-1.0
1787224597.6815577,34.78372019870993,0.0,112.0,0.0,0.1443689574078913,0.0,0.0,1.0,stop:lane_lost,0,0,0,0,-1.0
1787224597.716191,34.66966108758396,0.0,112.0,0.0,0.14698197021165404,0.0,0.0,1.0,stop:lane_lost,0,0,0,0,-1.0
1787224597.7443829,33.890807365320825,0.0,112.0,0.0,0.13718317219754378,0.0,0.0,1.0,stop:lane_lost,0,0,0,0,-1.0
1787224597.770607,34.24601310908142,0.0,112.0,0.0,0.13953488372093023,0.0,0.0,1.0,stop:lane_lost,0,0,0,0,-1.0
1787224597.8029685,35.02473264889827,0.0,112.0,0.0,0.14149464332375228,0.0,0.0,1.0,stop:lane_lost,0,0,0,0,-1.0
1787224597.832417,34.17038853986543,0.0,112.0,0.0,0.13744447347792005,0.0,0.0,1.0,stop:lane_lost,0,0,0,0,-1.0
1787224597.8594382,34.16507436236629,0.0,112.0,0.0,0.1418865952443167,0.0,0.0,1.0,stop:lane_lost,0,0,0,0,-1.0
1787224597.8917325,34.71300702050604,0.0,112.0,0.0,0.13875097987980142,0.0,0.0,1.0,stop:lane_lost,0,0,0,0,-1.0
1787224597.921184,33.91863474812217,0.0,112.0,0.0,0.14567546380977267,0.0,0.0,1.0,stop:lane_lost,0,0,0,0,-1.0
1787224597.9506235,33.99288129338005,0.0,112.0,0.0,0.14136399268356414,0.0,0.0,1.0,stop:lane_lost,0,0,0,0,-1.0
1787224597.9821222,33.99215594852681,0.0,112.0,0.0,0.14515286124902013,0.0,0.0,1.0,stop:lane_lost,0,0,0,0,-1.0
1787224598.009848,33.526980150893166,0.0,112.0,0.0,0.14672066893127778,0.0,0.0,1.0,stop:lane_lost,0,0,0,0,-1.0
1787224598.0356731,34.045442125376944,0.0,112.0,0.0,0.14528351188920827,0.0,0.0,1.0,stop:lane_lost,0,0,0,0,-1.0
1787224598.0672908,34.993752532766386,0.0,112.0,0.0,0.1390122811601777,0.0,0.0,1.0,stop:lane_lost,0,0,0,0,-1.0
1787224598.0948253,34.27980688271523,0.0,112.0,0.0,0.14554481316958454,0.0,0.0,1.0,stop:lane_lost,0,0,0,0,-1.0
1787224598.1206079,34.7406730278007,0.0,112.0,0.0,0.15259994773974392,0.0,0.0,1.0,stop:lane_lost,0,0,0,0,-1.0
1787224598.1543803,35.5507680904379,0.0,112.0,0.0,0.15625816566501177,0.0,0.0,1.0,stop:lane_lost,0,0,0,0,-1.0
1787224598.184283,34.31185591640404,0.0,112.0,0.0,0.1528612490201202,0.0,0.0,1.0,stop:lane_lost,0,0,0,0,-1.0
1787224598.2110965,34.095762392278864,0.0,112.0,0.0,0.15625816566501177,0.0,0.0,1.0,stop:lane_lost,0,0,0,0,-1.0
1787224598.2428656,34.85884771804724,0.0,112.0,0.0,0.16226809511366605,0.0,0.0,1.0,stop:lane_lost,0,0,0,0,-1.0
1787224598.2703557,34.14104162376637,0.0,112.0,0.0,0.14593676509014894,0.0,0.0,1.0,stop:lane_lost,0,0,0,0,-1.0
1787224598.2995086,34.65067605470007,0.0,112.0,0.0,0.14502221060883197,0.0,0.0,1.0,stop:lane_lost,0,0,0,0,-1.0
1787224598.3338406,34.57235870297683,0.0,112.0,0.0,0.15730337078651685,0.0,0.0,1.0,stop:lane_lost,0,0,0,0,-1.0
1787224598.3646781,33.42404254104712,0.0,112.0,0.0,0.1373138228377319,0.0,0.0,1.0,stop:lane_lost,0,0,0,0,-1.0
1787224598.3914776,33.30396120885424,0.0,112.0,0.0,0.13496211131434543,0.0,0.0,1.0,stop:lane_lost,0,0,0,0,-1.0
1787224598.4225037,34.10289585976113,0.0,112.0,0.0,0.14384635484713876,0.0,0.0,1.0,stop:lane_lost,0,0,0,0,-1.0
1787224598.4507146,33.61319083528501,0.0,112.0,0.0,0.1644891559968644,0.0,0.0,1.0,stop:lane_lost,0,0,0,0,-1.0
1787224598.4771545,34.13296793114861,0.0,112.0,0.0,0.15155474261823884,0.0,0.0,1.0,stop:lane_lost,0,0,0,0,-1.0
1787224598.5086472,34.868125781150184,0.0,112.0,0.0,0.14515286124902013,0.0,0.0,1.0,stop:lane_lost,0,0,0,0,-1.0
1787224598.536631,34.18473117037161,0.0,112.0,0.0,0.1497256336556049,0.0,0.0,1.0,stop:lane_lost,0,0,0,0,-1.0
1787224598.5634196,34.568002324765004,0.0,112.0,0.0,0.14907238045466423,0.0,0.0,1.0,stop:lane_lost,0,0,0,0,-1.0
1787224598.5989723,35.122383727700544,0.0,112.0,0.0,0.1458061144499608,0.0,0.0,1.0,stop:lane_lost,0,0,0,0,-1.0
1787224598.6279502,33.55044114555764,0.0,112.0,0.0,0.15860987718839822,0.0,0.0,1.0,stop:lane_lost,0,0,0,0,-1.0
1787224598.6539483,34.02258046565308,0.0,112.0,0.0,0.15756467206689312,0.0,0.0,1.0,stop:lane_lost,0,0,0,0,-1.0
1787224598.6859088,34.92249617356307,0.0,112.0,0.0,0.15338385158087275,0.0,0.0,1.0,stop:lane_lost,0,0,0,0,-1.0
1787224598.7152295,34.17074391612539,0.0,112.0,0.0,0.16004703423046773,0.0,0.0,1.0,stop:lane_lost,0,0,0,0,-1.0
1787224598.7417247,34.166779603202535,0.0,112.0,0.0,0.14645936765090148,0.0,0.0,1.0,stop:lane_lost,0,0,0,0,-1.0
1787224598.7720115,34.89115663776576,0.0,112.0,0.0,0.15469035798275413,0.0,0.0,1.0,stop:lane_lost,0,0,0,0,-1.0
1787224598.8032765,34.29547877901829,0.0,112.0,0.0,0.15651946694538804,0.0,0.0,1.0,stop:lane_lost,0,0,0,0,-1.0
1787224598.8302512,34.04735970379865,0.0,112.0,0.0,0.13992683564149463,0.0,0.0,1.0,stop:lane_lost,0,0,0,0,-1.0
1787224598.8620462,34.67616982632455,0.0,112.0,0.0,0.147896524692971,0.0,0.0,1.0,stop:lane_lost,0,0,0,0,-1.0
1787224598.8893614,34.004468222737565,0.0,112.0,0.0,0.14528351188920827,0.0,0.0,1.0,stop:lane_lost,0,0,0,0,-1.0
1787224598.918136,34.27605623455654,0.0,112.0,0.0,0.14031878756205907,0.0,0.0,1.0,stop:lane_lost,0,0,0,0,-1.0
1787224598.9501994,34.63482267539237,0.0,112.0,0.0,0.14881107917428796,0.0,0.0,1.0,stop:lane_lost,0,0,0,0,-1.0
1787224598.9805348,33.93859270901961,0.0,112.0,0.0,0.14515286124902013,0.0,0.0,1.0,stop:lane_lost,0,0,0,0,-1.0
1787224599.008428,33.76170290962938,0.0,112.0,0.0,0.14515286124902013,0.0,0.0,1.0,stop:lane_lost,0,0,0,0,-1.0
1787224599.0402536,34.1532798320367,0.0,112.0,0.0,0.14907238045466423,0.0,0.0,1.0,stop:lane_lost,0,0,0,0,-1.0
1787224599.0673928,33.59947663407836,0.0,112.0,0.0,0.15651946694538804,0.0,0.0,1.0,stop:lane_lost,0,0,0,0,-1.0
1787224599.09374,34.28508358063296,0.0,112.0,0.0,0.14031878756205907,0.0,0.0,1.0,stop:lane_lost,0,0,0,0,-1.0
1787224599.1258724,35.02123465361945,0.0,112.0,0.0,0.14005748628168277,0.0,0.0,1.0,stop:lane_lost,0,0,0,0,-1.0
1787224599.1537983,34.220472828422864,0.0,112.0,0.0,0.1404494382022472,0.0,0.0,1.0,stop:lane_lost,0,0,0,0,-1.0
1787224599.181595,34.56718679869086,0.0,112.0,0.0,0.14698197021165404,0.0,0.0,1.0,stop:lane_lost,0,0,0,0,-1.0
1787224599.2135317,34.849085508459645,0.0,112.0,0.0,0.1468513195714659,0.0,0.0,1.0,stop:lane_lost,0,0,0,0,-1.0
1787224599.2431126,34.02151742748339,0.0,112.0,0.0,0.14240919780506925,0.0,0.0,1.0,stop:lane_lost,0,0,0,0,-1.0
1787224599.268963,34.10169645608368,0.0,112.0,0.0,0.14645936765090148,0.0,0.0,1.0,stop:lane_lost,0,0,0,0,-1.0
1787224599.3009517,35.04653688763446,0.0,112.0,0.0,0.13744447347792005,0.0,0.0,1.0,stop:lane_lost,0,0,0,0,-1.0
1787224599.3293102,34.23622802469635,0.0,112.0,0.0,0.15482100862294226,0.0,0.0,1.0,stop:lane_lost,0,0,0,0,-1.0
1787224599.3554144,34.510283638170456,0.0,112.0,0.0,0.14724327149203031,0.0,0.0,1.0,stop:lane_lost,0,0,0,0,-1.0
1787224599.3883781,34.90772316133642,0.0,112.0,0.0,0.14868042853409982,0.0,0.0,1.0,stop:lane_lost,0,0,0,0,-1.0
1787224599.4169886,34.20764178965628,0.0,112.0,0.0,0.16318264959498302,0.0,0.0,1.0,stop:lane_lost,0,0,0,0,-1.0
1787224599.4445639,34.39410409124812,0.0,112.0,0.0,0.1447609093284557,0.0,0.0,1.0,stop:lane_lost,0,0,0,0,-1.0
1787224599.4776347,34.70202729489809,0.0,112.0,0.0,0.14959498301541677,0.0,0.0,1.0,stop:lane_lost,0,0,0,0,-1.0
1787224599.5055697,33.81695645250261,0.0,112.0,0.0,0.1394042330807421,0.0,0.0,1.0,stop:lane_lost,0,0,0,0,-1.0
1787224599.5334792,34.26457562502811,0.0,112.0,0.0,0.14280114972563365,0.0,0.0,1.0,stop:lane_lost,0,0,0,0,-1.0
1787224599.5645435,34.58551484266149,0.0,112.0,0.0,0.13927358244055396,0.0,0.0,1.0,stop:lane_lost,0,0,0,0,-1.0
1787224599.5925653,33.988417789654825,0.0,112.0,0.0,0.14345440292657435,0.0,0.0,1.0,stop:lane_lost,0,0,0,0,-1.0
1787224599.618413,34.47209773111858,0.0,112.0,0.0,0.13078129082832507,0.0,0.0,1.0,stop:lane_lost,0,0,0,0,-1.0
1787224599.6504033,35.32355937067173,0.0,112.0,0.0,0.14672066893127778,0.0,0.0,1.0,stop:lane_lost,0,0,0,0,-1.0
1787224599.680085,34.50348413424026,0.0,112.0,0.0,0.14253984844525738,0.0,0.0,1.0,stop:lane_lost,0,0,0,0,-1.0
1787224599.707604,34.342506463967105,0.0,112.0,0.0,0.14776587405278285,0.0,0.0,1.0,stop:lane_lost,0,0,0,0,-1.0
1787224599.7410882,34.6860450948638,0.0,112.0,0.0,0.14449960804807943,0.0,0.0,1.0,stop:lane_lost,0,0,0,0,-1.0
1787224599.76961,33.71093009567425,0.0,112.0,0.0,0.15299189966030832,0.0,0.0,1.0,stop:lane_lost,0,0,0,0,-1.0
1787224599.7982576,33.764862065985135,0.0,112.0,0.0,0.13561536451528614,0.0,0.0,1.0,stop:lane_lost,0,0,0,0,-1.0
1787224599.8299117,34.29404002808671,0.0,112.0,0.0,0.1542984060621897,0.0,0.0,1.0,stop:lane_lost,0,0,0,0,-1.0
1787224599.8575852,33.72247549154347,0.0,112.0,0.0,0.1433237522863862,0.0,0.0,1.0,stop:lane_lost,0,0,0,0,-1.0
1787224599.8854437,34.23527443640819,0.0,112.0,0.0,0.14946433237522863,0.0,0.0,1.0,stop:lane_lost,0,0,0,0,-1.0
1787224599.9180086,34.57836835500768,0.0,112.0,0.0,0.15377580350143716,0.0,0.0,1.0,stop:lane_lost,0,0,0,0,-1.0
1787224599.946325,33.6794499032695,0.0,112.0,0.0,0.15194669453880325,0.0,0.0,1.0,stop:lane_lost,0,0,0,0,-1.0
1787224599.972828,34.06414793507987,0.0,112.0,0.0,0.14737392213221845,0.0,0.0,1.0,stop:lane_lost,0,0,0,0,-1.0
1787224600.0056214,34.92959045427873,0.0,112.0,0.0,0.1489417298144761,0.0,0.0,1.0,stop:lane_lost,0,0,0,0,-1.0
1787224600.036739,34.018761620913104,0.0,112.0,0.0,0.1535145022210609,0.0,0.0,1.0,stop:lane_lost,0,0,0,0,-1.0
1787224600.0638123,33.66918325781635,0.0,112.0,0.0,0.15325320094068462,0.0,0.0,1.0,stop:lane_lost,0,0,0,0,-1.0
1787224600.0977917,34.32591091759654,0.0,112.0,0.0,0.14920303109485236,0.0,0.0,1.0,stop:lane_lost,0,0,0,0,-1.0
1787224600.1263907,33.31458732985254,0.0,112.0,0.0,0.14410765612751503,0.0,0.0,1.0,stop:lane_lost,0,0,0,0,-1.0
1787224600.1530018,33.66693585434973,0.0,112.0,0.0,0.14920303109485236,0.0,0.0,1.0,stop:lane_lost,0,0,0,0,-1.0
1787224600.1874964,34.46934427774409,0.0,112.0,0.0,0.1465900182910896,0.0,0.0,1.0,stop:lane_lost,0,0,0,0,-1.0
1787224600.2185955,33.08797726646758,0.0,112.0,0.0,0.1561275150248236,0.0,0.0,1.0,stop:lane_lost,0,0,0,0,-1.0
1787224600.2460303,33.296934769503494,0.0,112.0,0.0,0.15377580350143716,0.0,0.0,1.0,stop:lane_lost,0,0,0,0,-1.0
1787224600.2779956,33.92595975080455,0.0,112.0,0.0,0.1458061144499608,0.0,0.0,1.0,stop:lane_lost,0,0,0,0,-1.0
1787224600.3069541,33.30241384002425,0.0,112.0,0.0,0.14567546380977267,0.0,0.0,1.0,stop:lane_lost,0,0,0,0,-1.0
1787224600.333903,33.63126255643333,0.0,112.0,0.0,0.14201724588450484,0.0,0.0,1.0,stop:lane_lost,0,0,0,0,-1.0
1787224600.3666828,34.36462007986987,0.0,112.0,0.0,0.1549516592631304,0.0,0.0,1.0,stop:lane_lost,0,0,0,0,-1.0
1787224600.39726,33.58002987262782,0.0,112.0,0.0,0.14750457277240658,0.0,0.0,1.0,stop:lane_lost,0,0,0,0,-1.0
1787224600.4240603,33.41837434165405,0.0,112.0,0.0,0.14645936765090148,0.0,0.0,1.0,stop:lane_lost,0,0,0,0,-1.0
1787224600.4555683,34.19199174690484,0.0,112.0,0.0,0.14423830676770316,0.0,0.0,1.0,stop:lane_lost,0,0,0,0,-1.0
1787224600.4855437,33.699418127241444,0.0,112.0,0.0,0.14149464332375228,0.0,0.0,1.0,stop:lane_lost,0,0,0,0,-1.0
1787224600.5165172,33.637354909281896,0.0,112.0,0.0,0.14227854716488111,0.0,0.0,1.0,stop:lane_lost,0,0,0,0,-1.0
1787224600.5500398,33.368574096664716,0.0,112.0,0.0,0.14515286124902013,0.0,0.0,1.0,stop:lane_lost,0,0,0,0,-1.0
1787224600.5796406,32.56454767523991,0.0,112.0,0.0,0.14071073948262347,0.0,0.0,1.0,stop:lane_lost,0,0,0,0,-1.0
1787224600.606884,32.9239590088547,0.0,112.0,0.0,0.14319310164619806,0.0,0.0,1.0,stop:lane_lost,0,0,0,0,-1.0
1787224600.639169,33.67740223681518,0.0,112.0,0.0,0.141233342043376,0.0,0.0,1.0,stop:lane_lost,0,0,0,0,-1.0
1787224600.6670105,33.115892428020416,0.0,112.0,0.0,0.14058008884243534,0.0,0.0,1.0,stop:lane_lost,0,0,0,0,-1.0
1787224600.694542,33.69789227526779,0.0,112.0,0.0,0.14371570420695062,0.0,0.0,1.0,stop:lane_lost,0,0,0,0,-1.0
1787224600.728906,34.246255134212596,0.0,112.0,0.0,0.14253984844525738,0.0,0.0,1.0,stop:lane_lost,0,0,0,0,-1.0
1787224600.7574787,33.17590737150344,0.0,112.0,0.0,0.13757512411810818,0.0,0.0,1.0,stop:lane_lost,0,0,0,0,-1.0
1787224600.7834456,33.59351365084924,0.0,112.0,0.0,0.14058008884243534,0.0,0.0,1.0,stop:lane_lost,0,0,0,0,-1.0
1787224600.814996,34.59578748986875,0.0,112.0,0.0,0.13992683564149463,0.0,0.0,1.0,stop:lane_lost,0,0,0,0,-1.0
1787224600.8435628,33.97804977424064,0.0,112.0,0.0,0.13744447347792005,0.0,0.0,1.0,stop:lane_lost,0,0,0,0,-1.0
1787224600.869695,34.229351249722285,0.0,112.0,0.0,0.15299189966030832,0.0,0.0,1.0,stop:lane_lost,0,0,0,0,-1.0
1787224600.9018478,35.0197910431299,0.0,112.0,0.0,0.14058008884243534,0.0,0.0,1.0,stop:lane_lost,0,0,0,0,-1.0
1787224600.932968,34.20791365849788,0.0,112.0,0.0,0.14253984844525738,0.0,0.0,1.0,stop:lane_lost,0,0,0,0,-1.0
1787224600.960546,33.8310668268154,0.0,112.0,0.0,0.14071073948262347,0.0,0.0,1.0,stop:lane_lost,0,0,0,0,-1.0
1787224600.993667,34.314296314586414,0.0,112.0,0.0,0.13313300235171152,0.0,0.0,1.0,stop:lane_lost,0,0,0,0,-1.0
1787224601.021759,33.47850485425775,0.0,112.0,0.0,0.13914293180036583,0.0,0.0,1.0,stop:lane_lost,0,0,0,0,-1.0
1787224601.0496178,33.89429225106813,0.0,112.0,0.0,0.14515286124902013,0.0,0.0,1.0,stop:lane_lost,0,0,0,0,-1.0
1787224601.0825589,34.31870607456684,0.0,112.0,0.0,0.14214789652469298,0.0,0.0,1.0,stop:lane_lost,0,0,0,0,-1.0
1787224601.111628,33.51518269903215,0.0,112.0,0.0,0.1429318003658218,0.0,0.0,1.0,stop:lane_lost,0,0,0,0,-1.0
1787224601.148173,33.6939506509558,0.0,112.0,0.0,0.14410765612751503,0.0,0.0,1.0,stop:lane_lost,0,0,0,0,-1.0
1787224601.1837258,32.357401964761955,0.0,112.0,0.0,0.1439770054873269,0.0,0.0,1.0,stop:lane_lost,0,0,0,0,-1.0
1787224601.2123954,31.519974350205207,0.0,112.0,0.0,0.1418865952443167,0.0,0.0,1.0,stop:lane_lost,0,0,0,0,-1.0
1787224601.2390203,32.31320627072682,0.0,112.0,0.0,0.1433237522863862,0.0,0.0,1.0,stop:lane_lost,0,0,0,0,-1.0
1787224601.2703495,33.316324245104184,0.0,112.0,0.0,0.1465900182910896,0.0,0.0,1.0,stop:lane_lost,0,0,0,0,-1.0
1787224601.2983956,32.97946878012026,0.0,112.0,0.0,0.13274105043114712,0.0,0.0,1.0,stop:lane_lost,0,0,0,0,-1.0
1787224601.3251727,33.6281892420526,0.0,112.0,0.0,0.1443689574078913,0.0,0.0,1.0,stop:lane_lost,0,0,0,0,-1.0
1787224601.3585663,34.37787460418844,0.0,112.0,0.0,0.14175594460412855,0.0,0.0,1.0,stop:lane_lost,0,0,0,0,-1.0
1787224601.3870127,33.27715254948214,0.0,112.0,0.0,0.15364515286124902,0.0,0.0,1.0,stop:lane_lost,0,0,0,0,-1.0
1787224601.4134114,33.93468871199199,0.0,112.0,0.0,0.14802717533315912,0.0,0.0,1.0,stop:lane_lost,0,0,0,0,-1.0
1787224601.444988,34.766016446724,0.0,112.0,0.0,0.1503788868565456,0.0,0.0,1.0,stop:lane_lost,0,0,0,0,-1.0
1787224601.4725027,34.10530042468222,0.0,112.0,0.0,0.15691141886595245,0.0,0.0,1.0,stop:lane_lost,0,0,0,0,-1.0
1787224601.498361,34.604665908297875,0.0,112.0,0.0,0.15717272014632871,0.0,0.0,1.0,stop:lane_lost,0,0,0,0,-1.0
1787224601.5301266,35.42198001208248,0.0,112.0,0.0,0.13718317219754378,0.0,0.0,1.0,stop:lane_lost,0,0,0,0,-1.0
1787224601.5595555,34.61373870758548,0.0,112.0,0.0,0.15586621374444734,0.0,0.0,1.0,stop:lane_lost,0,0,0,0,-1.0
1787224601.5856087,34.49309176770066,0.0,112.0,0.0,0.1458061144499608,0.0,0.0,1.0,stop:lane_lost,0,0,0,0,-1.0
1787224601.618998,35.28959426506258,0.0,112.0,0.0,0.15168539325842698,0.0,0.0,1.0,stop:lane_lost,0,0,0,0,-1.0
1787224601.6473587,34.056293030276336,0.0,112.0,0.0,0.14946433237522863,0.0,0.0,1.0,stop:lane_lost,0,0,0,0,-1.0
1787224601.674079,34.545765176265796,0.0,112.0,0.0,0.15338385158087275,0.0,0.0,1.0,stop:lane_lost,0,0,0,0,-1.0
1787224601.7065132,35.10309770059681,0.0,112.0,0.0,0.1542984060621897,0.0,0.0,1.0,stop:lane_lost,0,0,0,0,-1.0
1787224601.7338471,34.24229516710381,0.0,112.0,0.0,0.15665011758557618,0.0,0.0,1.0,stop:lane_lost,0,0,0,0,-1.0
1787224601.7632203,34.60028530033969,0.0,112.0,0.0,0.1535145022210609,0.0,0.0,1.0,stop:lane_lost,0,0,0,0,-1.0
1787224601.7947795,34.59002031736964,0.0,112.0,0.0,0.15442905670237783,0.0,0.0,1.0,stop:lane_lost,0,0,0,0,-1.0
1787224601.8223531,33.83380049218132,0.0,112.0,0.0,0.1485497778939117,0.0,0.0,1.0,stop:lane_lost,0,0,0,0,-1.0
1787224601.8484092,34.56225170324146,0.0,112.0,0.0,0.15508230990331853,0.0,0.0,1.0,stop:lane_lost,0,0,0,0,-1.0
1787224601.8796937,35.3544798051452,0.0,112.0,0.0,0.14528351188920827,0.0,0.0,1.0,stop:lane_lost,0,0,0,0,-1.0
1787224601.9074485,34.564604628070924,0.0,112.0,0.0,0.1511627906976744,0.0,0.0,1.0,stop:lane_lost,0,0,0,0,-1.0
1787224601.9332428,35.00157683502128,0.0,112.0,0.0,0.1588711784687745,0.0,0.0,1.0,stop:lane_lost,0,0,0,0,-1.0
1787224601.9662876,35.760885691132266,0.0,112.0,0.0,0.15129344133786254,0.0,0.0,1.0,stop:lane_lost,0,0,0,0,-1.0
1787224601.9991403,34.499359515495115,0.0,112.0,0.0,0.14136399268356414,0.0,0.0,1.0,stop:lane_lost,0,0,0,0,-1.0
1787224602.025713,33.84764967646892,0.0,112.0,0.0,0.14724327149203031,0.0,0.0,1.0,stop:lane_lost,0,0,0,0,-1.0
1787224602.057629,34.61819135753379,0.0,112.0,0.0,0.1518160438986151,0.0,0.0,1.0,stop:lane_lost,0,0,0,0,-1.0
1787224602.0859518,33.70809443857989,0.0,112.0,0.0,0.1454141625293964,0.0,0.0,1.0,stop:lane_lost,0,0,0,0,-1.0
1787224602.1129422,34.329588380435986,0.0,112.0,0.0,0.14920303109485236,0.0,0.0,1.0,stop:lane_lost,0,0,0,0,-1.0
1787224602.1453402,34.92839948761573,0.0,112.0,0.0,0.14371570420695062,0.0,0.0,1.0,stop:lane_lost,0,0,0,0,-1.0
1787224602.1734025,33.920731803592645,0.0,112.0,0.0,0.15259994773974392,0.0,0.0,1.0,stop:lane_lost,0,0,0,0,-1.0
1787224602.1993697,34.52639552290695,0.0,112.0,0.0,0.14136399268356414,0.0,0.0,1.0,stop:lane_lost,0,0,0,0,-1.0
1787224602.2337353,35.05568174215013,0.0,112.0,0.0,0.141233342043376,0.0,0.0,1.0,stop:lane_lost,0,0,0,0,-1.0
1787224602.26484,34.02880875588839,0.0,112.0,0.0,0.14946433237522863,0.0,0.0,1.0,stop:lane_lost,0,0,0,0,-1.0
1787224602.2911294,33.66190639681989,0.0,112.0,0.0,0.15442905670237783,0.0,0.0,1.0,stop:lane_lost,0,0,0,0,-1.0
1787224602.322245,34.5227220230636,0.0,112.0,0.0,0.1503788868565456,0.0,0.0,1.0,stop:lane_lost,0,0,0,0,-1.0
1787224602.350838,33.82177240311505,0.0,112.0,0.0,0.14214789652469298,0.0,0.0,1.0,stop:lane_lost,0,0,0,0,-1.0
1787224602.377635,34.35203222121301,0.0,112.0,0.0,0.15259994773974392,0.0,0.0,1.0,stop:lane_lost,0,0,0,0,-1.0
1787224602.4092174,34.944990730593105,0.0,112.0,0.0,0.13992683564149463,0.0,0.0,1.0,stop:lane_lost,0,0,0,0,-1.0
1787224602.439155,34.24284414367583,0.0,112.0,0.0,0.15338385158087275,0.0,0.0,1.0,stop:lane_lost,0,0,0,0,-1.0
1787224602.4652598,34.08611870398783,0.0,112.0,0.0,0.14815782597334726,0.0,0.0,1.0,stop:lane_lost,0,0,0,0,-1.0
1787224602.4967587,34.98422371278107,0.0,112.0,0.0,0.15482100862294226,0.0,0.0,1.0,stop:lane_lost,0,0,0,0,-1.0
1787224602.5245576,34.29978937738593,0.0,112.0,0.0,0.15364515286124902,0.0,0.0,1.0,stop:lane_lost,0,0,0,0,-1.0
1787224602.550333,34.6790234155316,0.0,112.0,0.0,0.15743402142670498,0.0,0.0,1.0,stop:lane_lost,0,0,0,0,-1.0
1787224602.5825248,35.50445787014525,0.0,112.0,0.0,0.15599686438463548,0.0,0.0,1.0,stop:lane_lost,0,0,0,0,-1.0
1787224602.6125822,34.57293381933767,0.0,112.0,0.0,0.16148419127253724,0.0,0.0,1.0,stop:lane_lost,0,0,0,0,-1.0
1787224602.6386073,34.364952226592465,0.0,112.0,0.0,0.1613535406323491,0.0,0.0,1.0,stop:lane_lost,0,0,0,0,-1.0
1787224602.6723602,35.164402867761815,0.0,112.0,0.0,0.1539064541416253,0.0,0.0,1.0,stop:lane_lost,0,0,0,0,-1.0
1787224602.699729,34.034661229305875,0.0,112.0,0.0,0.16056963679122027,0.0,0.0,1.0,stop:lane_lost,0,0,0,0,-1.0
1787224602.727288,34.58164779854006,0.0,112.0,0.0,0.15142409197805068,0.0,0.0,1.0,stop:lane_lost,0,0,0,0,-1.0
1787224602.7589946,34.90513802957328,0.0,112.0,0.0,0.1447609093284557,0.0,0.0,1.0,stop:lane_lost,0,0,0,0,-1.0
1787224602.7889798,33.97442581449962,0.0,112.0,0.0,0.15469035798275413,0.0,0.0,1.0,stop:lane_lost,0,0,0,0,-1.0
1787224602.8147645,34.159698297066356,0.0,112.0,0.0,0.14593676509014894,0.0,0.0,1.0,stop:lane_lost,0,0,0,0,-1.0
1787224602.8482554,35.10819957392706,0.0,112.0,0.0,0.14645936765090148,0.0,0.0,1.0,stop:lane_lost,0,0,0,0,-1.0
1787224602.879111,34.036467503990714,0.0,112.0,0.0,0.1553436111836948,0.0,0.0,1.0,stop:lane_lost,0,0,0,0,-1.0
1787224602.905676,33.71644155669052,0.0,112.0,0.0,0.15599686438463548,0.0,0.0,1.0,stop:lane_lost,0,0,0,0,-1.0
1787224602.9395454,34.38058342374562,0.0,112.0,0.0,0.1499869349359812,0.0,0.0,1.0,stop:lane_lost,0,0,0,0,-1.0
1787224602.9675548,33.4781449208251,0.0,112.0,0.0,0.1542984060621897,0.0,0.0,1.0,stop:lane_lost,0,0,0,0,-1.0
1787224602.9940681,33.95552533689212,0.0,112.0,0.0,0.1493336817350405,0.0,0.0,1.0,stop:lane_lost,0,0,0,0,-1.0
1787224603.025732,34.70969208906596,0.0,112.0,0.0,0.15756467206689312,0.0,0.0,1.0,stop:lane_lost,0,0,0,0,-1.0
1787224603.053144,33.896795874173975,0.0,112.0,0.0,0.15482100862294226,0.0,0.0,1.0,stop:lane_lost,0,0,0,0,-1.0
1787224603.0797148,34.65505080704226,0.0,112.0,0.0,0.16096158871178468,0.0,0.0,1.0,stop:lane_lost,0,0,0,0,-1.0
1787224603.1129699,35.277846974659596,0.0,112.0,0.0,0.1642278547164881,0.0,0.0,1.0,stop:lane_lost,0,0,0,0,-1.0
1787224603.1408534,34.21202044455124,0.0,112.0,0.0,0.1607002874314084,0.0,0.0,1.0,stop:lane_lost,0,0,0,0,-1.0
1787224603.1666594,34.575983988558235,0.0,112.0,0.0,0.15691141886595245,0.0,0.0,1.0,stop:lane_lost,0,0,0,0,-1.0
1787224603.1986146,35.413266947482995,0.0,112.0,0.0,0.15325320094068462,0.0,0.0,1.0,stop:lane_lost,0,0,0,0,-1.0
1787224603.2272966,34.52004858233252,0.0,112.0,0.0,0.15103214005748627,0.0,0.0,1.0,stop:lane_lost,0,0,0,0,-1.0
1787224603.2534282,34.661242938312455,0.0,112.0,0.0,0.1599163835902796,0.0,0.0,1.0,stop:lane_lost,0,0,0,0,-1.0
1787224603.2850225,35.36548604402276,0.0,112.0,0.0,0.1642278547164881,0.0,0.0,1.0,stop:lane_lost,0,0,0,0,-1.0
1787224603.3161688,34.38937412901557,0.0,112.0,0.0,0.17454925529135093,0.0,0.0,1.0,stop:lane_lost,0,0,0,0,-1.0
1787224603.3429093,34.21516551480626,0.0,112.0,0.0,0.15704206950614058,0.0,0.0,1.0,stop:lane_lost,0,0,0,0,-1.0
1787224603.373897,34.83646893160759,0.0,112.0,0.0,0.15312255030049648,0.0,0.0,1.0,stop:lane_lost,0,0,0,0,-1.0
1787224603.4020536,34.02454839988168,0.0,112.0,0.0,0.1439770054873269,0.0,0.0,1.0,stop:lane_lost,0,0,0,0,-1.0
1787224603.4306617,34.703221796618806,0.0,112.0,0.0,0.16853932584269662,0.0,0.0,1.0,stop:lane_lost,0,0,0,0,-1.0
1787224603.461162,34.78823951109965,0.0,112.0,0.0,0.14841912725372355,0.0,0.0,1.0,stop:lane_lost,0,0,0,0,-1.0
1787224603.488498,34.29435847891162,0.0,112.0,0.0,0.15860987718839822,0.0,0.0,1.0,stop:lane_lost,0,0,0,0,-1.0
1787224603.5146708,34.727510341175126,0.0,112.0,0.0,0.14345440292657435,0.0,0.0,1.0,stop:lane_lost,0,0,0,0,-1.0
1787224603.548376,35.58274409294203,0.0,112.0,0.0,0.15077083877711,0.0,0.0,1.0,stop:lane_lost,0,0,0,0,-1.0
1787224603.5770102,34.36582406381244,0.0,112.0,0.0,0.1578259733472694,0.0,0.0,1.0,stop:lane_lost,0,0,0,0,-1.0
1787224603.6031067,34.511964094203755,0.0,112.0,0.0,0.14567546380977267,0.0,0.0,1.0,stop:lane_lost,0,0,0,0,-1.0
1787224603.635674,35.251412249864835,0.0,112.0,0.0,0.15586621374444734,0.0,0.0,1.0,stop:lane_lost,0,0,0,0,-1.0
1787224603.6641865,34.25582409368735,0.0,112.0,0.0,0.1567807682257643,0.0,0.0,1.0,stop:lane_lost,0,0,0,0,-1.0
1787224603.6925983,34.56397312345358,0.0,112.0,0.0,0.16540371047818134,0.0,0.0,1.0,stop:lane_lost,0,0,0,0,-1.0
1787224603.7241735,34.695710578743515,0.0,112.0,0.0,0.15795662398745755,0.0,0.0,1.0,stop:lane_lost,0,0,0,0,-1.0
1787224603.7537448,34.058639124903095,0.0,112.0,0.0,0.1648811079174288,0.0,0.0,1.0,stop:lane_lost,0,0,0,0,-1.0
1787224603.77991,34.03653926055597,0.0,112.0,0.0,0.15521296054350667,0.0,0.0,1.0,stop:lane_lost,0,0,0,0,-1.0
1787224603.8106644,34.886540192901855,0.0,112.0,0.0,0.1634439508753593,0.0,0.0,1.0,stop:lane_lost,0,0,0,0,-1.0
1787224603.8389282,34.31257152141518,0.0,112.0,0.0,0.1656650117585576,0.0,0.0,1.0,stop:lane_lost,0,0,0,0,-1.0
1787224603.8647559,34.61269654658977,0.0,112.0,0.0,0.16736347008100338,0.0,0.0,1.0,stop:lane_lost,0,0,0,0,-1.0
1787224603.89685,35.47506218201623,0.0,112.0,0.0,0.16788607264175595,0.0,0.0,1.0,stop:lane_lost,0,0,0,0,-1.0
1787224603.9271948,34.58270218588019,0.0,112.0,0.0,0.16017768487065587,0.0,0.0,1.0,stop:lane_lost,0,0,0,0,-1.0
1787224603.9532337,34.28203526696318,0.0,112.0,0.0,0.16435850535667626,0.0,0.0,1.0,stop:lane_lost,0,0,0,0,-1.0
1787224603.987552,35.1065406813946,0.0,112.0,0.0,0.14593676509014894,0.0,0.0,1.0,stop:lane_lost,0,0,0,0,-1.0
1787224604.0146978,33.88745912635574,0.0,112.0,0.0,0.14306245100600992,0.0,0.0,1.0,stop:lane_lost,0,0,0,0,-1.0
1787224604.0413294,34.528015211361726,0.0,112.0,0.0,0.14227854716488111,0.0,0.0,1.0,stop:lane_lost,0,0,0,0,-1.0
1787224604.0733669,35.13220813469075,0.0,112.0,0.0,0.14489155996864383,0.0,0.0,1.0,stop:lane_lost,0,0,0,0,-1.0
1787224604.1021664,34.21179736726828,0.0,112.0,0.0,0.1362686177162268,0.0,0.0,1.0,stop:lane_lost,0,0,0,0,-1.0
1787224604.1285918,34.48158402764619,0.0,112.0,0.0,0.1429318003658218,0.0,0.0,1.0,stop:lane_lost,0,0,0,0,-1.0
1787224604.1602118,35.165931555159354,0.0,112.0,0.0,0.14423830676770316,0.0,0.0,1.0,stop:lane_lost,0,0,0,0,-1.0
1787224604.192107,34.44188813539391,0.0,112.0,0.0,0.14763522341259472,0.0,0.0,1.0,stop:lane_lost,0,0,0,0,-1.0
1787224604.2187579,33.83320561655903,0.0,112.0,0.0,0.147896524692971,0.0,0.0,1.0,stop:lane_lost,0,0,0,0,-1.0
1787224604.251832,34.557125450123664,0.0,112.0,0.0,0.15024823621635747,0.0,0.0,1.0,stop:lane_lost,0,0,0,0,-1.0
1787224604.279206,33.59707418415175,0.0,112.0,0.0,0.1511627906976744,0.0,0.0,1.0,stop:lane_lost,0,0,0,0,-1.0
1787224604.3070226,34.33948641225177,0.0,112.0,0.0,0.1535145022210609,0.0,0.0,1.0,stop:lane_lost,0,0,0,0,-1.0
1787224604.338286,34.65948873209926,0.0,112.0,0.0,0.1418865952443167,0.0,0.0,1.0,stop:lane_lost,0,0,0,0,-1.0
1787224604.3662093,34.113348804470085,0.0,112.0,0.0,0.13718317219754378,0.0,0.0,1.0,stop:lane_lost,0,0,0,0,-1.0
1787224604.3939395,34.48038223824445,0.0,112.0,0.0,0.15325320094068462,0.0,0.0,1.0,stop:lane_lost,0,0,0,0,-1.0
1787224604.426823,34.71265216606746,0.0,112.0,0.0,0.14593676509014894,0.0,0.0,1.0,stop:lane_lost,0,0,0,0,-1.0
1787224604.4555986,33.6848263687745,0.0,112.0,0.0,0.135484713875098,0.0,0.0,1.0,stop:lane_lost,0,0,0,0,-1.0
1787224604.4813266,34.21402556798605,0.0,112.0,0.0,0.14175594460412855,0.0,0.0,1.0,stop:lane_lost,0,0,0,0,-1.0
1787224604.5132613,35.14657219283427,0.0,112.0,0.0,0.13888163051998956,0.0,0.0,1.0,stop:lane_lost,0,0,0,0,-1.0
1787224604.544047,34.27898200436127,0.0,112.0,0.0,0.1390122811601777,0.0,0.0,1.0,stop:lane_lost,0,0,0,0,-1.0
1787224604.5702927,34.029292982785336,0.0,112.0,0.0,0.14554481316958454,0.0,0.0,1.0,stop:lane_lost,0,0,0,0,-1.0
1787224604.6020324,34.824792992248554,0.0,112.0,0.0,0.14489155996864383,0.0,0.0,1.0,stop:lane_lost,0,0,0,0,-1.0
1787224604.6318336,34.135096047896056,0.0,112.0,0.0,0.1447609093284557,0.0,0.0,1.0,stop:lane_lost,0,0,0,0,-1.0
1787224604.6587934,34.06122476758277,0.0,112.0,0.0,0.14528351188920827,0.0,0.0,1.0,stop:lane_lost,0,0,0,0,-1.0
1787224604.6912053,34.53632550223341,0.0,112.0,0.0,0.1499869349359812,0.0,0.0,1.0,stop:lane_lost,0,0,0,0,-1.0
1787224604.7193995,33.873370859295406,0.0,112.0,0.0,0.15273059837993205,0.0,0.0,1.0,stop:lane_lost,0,0,0,0,-1.0
1787224604.7457292,34.218966807692404,0.0,112.0,0.0,0.14959498301541677,0.0,0.0,1.0,stop:lane_lost,0,0,0,0,-1.0
1787224604.7799244,34.97728471970076,0.0,112.0,0.0,0.138359027959237,0.0,0.0,1.0,stop:lane_lost,0,0,0,0,-1.0
1787224604.8076963,33.81821061912804,0.0,112.0,0.0,0.1408413901228116,0.0,0.0,1.0,stop:lane_lost,0,0,0,0,-1.0
1787224604.8356836,34.273454168625605,0.0,112.0,0.0,0.14449960804807943,0.0,0.0,1.0,stop:lane_lost,0,0,0,0,-1.0
1787224604.866891,34.45926515934099,0.0,112.0,0.0,0.14645936765090148,0.0,0.0,1.0,stop:lane_lost,0,0,0,0,-1.0
1787224604.8966055,33.93300310368521,0.0,112.0,0.0,0.15691141886595245,0.0,0.0,1.0,stop:lane_lost,0,0,0,0,-1.0
1787224604.9236438,34.02482860551001,0.0,112.0,0.0,0.1563888163051999,0.0,0.0,1.0,stop:lane_lost,0,0,0,0,-1.0
1787224604.955963,34.61516609775455,0.0,112.0,0.0,0.15312255030049648,0.0,0.0,1.0,stop:lane_lost,0,0,0,0,-1.0
1787224604.9834447,33.830737914583345,0.0,112.0,0.0,0.1503788868565456,0.0,0.0,1.0,stop:lane_lost,0,0,0,0,-1.0
1787224605.01068,34.38320130320867,0.0,112.0,0.0,0.14920303109485236,0.0,0.0,1.0,stop:lane_lost,0,0,0,0,-1.0
1787224605.044387,34.881113725251765,0.0,112.0,0.0,0.1489417298144761,0.0,0.0,1.0,stop:lane_lost,0,0,0,0,-1.0
1787224605.0726428,33.79654441617606,0.0,112.0,0.0,0.15259994773974392,0.0,0.0,1.0,stop:lane_lost,0,0,0,0,-1.0
1787224605.0983493,34.17294702528107,0.0,112.0,0.0,0.15338385158087275,0.0,0.0,1.0,stop:lane_lost,0,0,0,0,-1.0
1787224605.1308317,35.120437894022764,0.0,112.0,0.0,0.1535145022210609,0.0,0.0,1.0,stop:lane_lost,0,0,0,0,-1.0
1787224605.1589763,34.15056660917322,0.0,112.0,0.0,0.1578259733472694,0.0,0.0,1.0,stop:lane_lost,0,0,0,0,-1.0
1787224605.1854792,34.54852474607709,0.0,112.0,0.0,0.15024823621635747,0.0,0.0,1.0,stop:lane_lost,0,0,0,0,-1.0
1787224605.2172453,35.19001140132916,0.0,112.0,0.0,0.1518160438986151,0.0,0.0,1.0,stop:lane_lost,0,0,0,0,-1.0
1787224605.2484858,34.424011108032396,0.0,112.0,0.0,0.15416775542200156,0.0,0.0,1.0,stop:lane_lost,0,0,0,0,-1.0
1787224605.2765121,33.82854138919613,0.0,112.0,0.0,0.1656650117585576,0.0,0.0,1.0,stop:lane_lost,0,0,0,0,-1.0
1787224605.3077054,34.395027681546225,0.0,112.0,0.0,0.1447609093284557,0.0,0.0,1.0,stop:lane_lost,0,0,0,0,-1.0
1787224605.335848,33.84082579566079,0.0,112.0,0.0,0.15508230990331853,0.0,0.0,1.0,stop:lane_lost,0,0,0,0,-1.0
1787224605.3620768,34.25791023881419,0.0,112.0,0.0,0.14280114972563365,0.0,0.0,1.0,stop:lane_lost,0,0,0,0,-1.0
1787224605.3956575,35.065469445056706,0.0,112.0,0.0,0.14319310164619806,0.0,0.0,1.0,stop:lane_lost,0,0,0,0,-1.0
1787224605.4278495,33.882360486119495,0.0,112.0,0.0,0.14149464332375228,0.0,0.0,1.0,stop:lane_lost,0,0,0,0,-1.0
1787224605.4572203,33.46148039306494,0.0,112.0,0.0,0.1443689574078913,0.0,0.0,1.0,stop:lane_lost,0,0,0,0,-1.0
1787224605.4894,33.57283893835941,0.0,112.0,0.0,0.1404494382022472,0.0,0.0,1.0,stop:lane_lost,0,0,0,0,-1.0
1787224605.517048,33.05314797516362,0.0,112.0,0.0,0.15651946694538804,0.0,0.0,1.0,stop:lane_lost,0,0,0,0,-1.0
1787224605.5437007,33.675014302537726,0.0,112.0,0.0,0.14528351188920827,0.0,0.0,1.0,stop:lane_lost,0,0,0,0,-1.0
1787224605.5750816,34.48239255289451,0.0,112.0,0.0,0.15103214005748627,0.0,0.0,1.0,stop:lane_lost,0,0,0,0,-1.0
1787224605.6024415,33.925587736141864,0.0,112.0,0.0,0.15508230990331853,0.0,0.0,1.0,stop:lane_lost,0,0,0,0,-1.0
1787224605.629103,34.4842475731655,0.0,112.0,0.0,0.17311209824928142,0.0,0.0,1.0,stop:lane_lost,0,0,0,0,-1.0
1787224605.6613202,35.100911864467605,0.0,112.0,0.0,0.18669976482884768,0.0,0.0,1.0,stop:lane_lost,0,0,0,0,-1.0
1787224605.6907856,34.28011691770142,0.0,112.0,0.0,0.17572511105304417,0.0,0.0,1.0,stop:lane_lost,0,0,0,0,-1.0
1787224605.7167554,34.21423715181551,0.0,112.0,0.0,0.1744186046511628,0.0,0.0,1.0,stop:lane_lost,0,0,0,0,-1.0
1787224605.7483528,35.026698423487325,0.0,112.0,0.0,0.16540371047818134,0.0,0.0,1.0,stop:lane_lost,0,0,0,0,-1.0
1787224605.778379,34.292623224829185,0.0,112.0,0.0,0.1772929187353018,0.0,0.0,1.0,stop:lane_lost,0,0,0,0,-1.0
1787224605.8046384,34.20249469130733,0.0,112.0,0.0,0.20211654037104781,0.0,0.0,1.0,stop:lane_lost,0,0,0,0,-1.0
1787224605.8375807,34.975441616157426,0.0,112.0,0.0,0.20368434805330546,0.0,0.0,1.0,stop:lane_lost,0,0,0,0,-1.0
1787224605.8646846,33.961810357319806,0.0,112.0,0.0,0.20655866213744448,0.0,0.0,1.0,stop:lane_lost,0,0,0,0,-1.0
1787224605.8929782,34.688184506604394,0.0,112.0,0.0,0.20681996341782075,0.0,0.0,1.0,stop:lane_lost,0,0,0,0,-1.0
1787224605.9255333,34.73537721891628,0.0,112.0,0.0,0.20577475829631564,0.0,0.0,1.0,stop:lane_lost,0,0,0,0,-1.0
1787224605.953394,33.979063728236234,0.0,112.0,0.0,0.21753331591324798,0.0,0.0,1.0,stop:lane_lost,0,0,0,0,-1.0
1787224605.9792008,34.367868716020524,0.0,112.0,0.0,0.22550300496472434,0.0,0.0,1.0,stop:lane_lost,0,0,0,0,-1.0
1787224606.010656,35.256365166619986,0.0,112.0,0.0,0.21557355631042593,0.0,0.0,1.0,stop:lane_lost,0,0,0,0,-1.0
1787224606.037854,34.55983214976004,0.0,112.0,0.0,0.2243271492030311,0.0,0.0,1.0,stop:lane_lost,0,0,0,0,-1.0
1787224606.0641334,35.002403263541,0.0,112.0,0.0,0.2197543767964463,0.0,0.0,1.0,stop:lane_lost,0,0,0,0,-1.0
1787224606.09559,35.62486010598269,0.0,112.0,0.0,0.22602560752547687,0.0,0.0,1.0,stop:lane_lost,0,0,0,0,-1.0
1787224606.1276498,34.76183529299901,0.0,112.0,0.0,0.24314084139012282,0.0,0.0,1.0,stop:lane_lost,0,0,0,0,-1.0
1787224606.1536243,34.13784718532858,0.0,112.0,0.0,0.24797491507708389,0.0,0.0,1.0,stop:lane_lost,0,0,0,0,-1.0
1787224606.1851246,35.00055786864135,0.0,112.0,0.0,0.28181343088581134,0.0,0.0,1.0,stop:lane_lost,0,0,0,0,-1.0
1787224606.2117207,34.31726920082099,0.0,112.0,0.0,0.2820747321661876,0.0,0.0,1.0,stop:lane_lost,0,0,0,0,-1.0
1787224606.237896,35.031322651741746,0.0,112.0,0.0,0.28298928664750456,0.0,0.0,1.0,stop:lane_lost,0,0,0,0,-1.0
1787224606.2696621,35.668997902732784,0.0,112.0,0.0,0.2417036843480533,0.0,0.0,1.0,stop:lane_lost,0,0,0,0,-1.0
1787224606.2966428,34.7453036353259,0.0,112.0,0.0,0.21217663966553435,0.0,0.0,1.0,stop:lane_lost,0,0,0,0,-1.0
1787224606.3237774,35.33395985364505,0.0,112.0,0.0,0.18264959498301542,0.0,0.0,1.0,stop:lane_lost,0,0,0,0,-1.0
1787224606.3560536,35.63714834584295,0.0,112.0,0.0,0.21596550823099034,0.0,0.0,1.0,stop:lane_lost,0,0,0,0,-1.0
1787224606.3840966,34.61793457828777,0.0,112.0,0.0,0.23477920041808206,0.0,0.0,1.0,stop:lane_lost,0,0,0,0,-1.0
1787224606.4104776,34.92478711861892,0.0,112.0,0.0,0.20655866213744448,0.0,0.0,1.0,stop:lane_lost,0,0,0,0,-1.0
1787224606.4426181,35.40746106004899,0.0,112.0,0.0,0.21766396655343612,0.0,0.0,1.0,stop:lane_lost,0,0,0,0,-1.0
1787224606.4704058,34.626394700119945,0.0,112.0,0.0,0.216618761431931,0.0,0.0,1.0,stop:lane_lost,0,0,0,0,-1.0
1787224606.4964142,34.9088354296853,0.0,112.0,0.0,0.2456232035536974,0.0,0.0,1.0,stop:lane_lost,0,0,0,0,-1.0
1787224606.5285716,35.633415221673644,0.0,112.0,0.0,0.28063757512411813,0.0,0.0,1.0,stop:lane_lost,0,0,0,0,-1.0
1787224606.5596614,34.70149886321914,0.0,112.0,0.0,0.32048602038149987,0.0,0.0,1.0,stop:lane_lost,0,0,0,0,-1.0
1787224606.586656,34.20697503180028,0.0,112.0,0.0,0.2720146328717011,0.0,0.0,1.0,stop:lane_lost,0,0,0,0,-1.0
1787224606.6176662,34.774495558760904,0.0,112.0,0.0,0.3102952704468252,0.0,0.0,1.0,stop:lane_lost,0,0,0,0,-1.0
1787224606.6483,33.55458349826896,0.0,112.0,0.0,0.3372093023255814,0.0,0.0,1.0,stop:lane_lost,0,0,0,0,-1.0
1787224606.6755874,34.331992218474994,0.0,112.0,0.0,0.323490985105827,0.0,0.0,1.0,stop:lane_lost,0,0,0,0,-1.0
1787224606.7069435,34.788740513350916,0.0,112.0,0.0,0.2867781552129605,0.0,0.0,1.0,stop:lane_lost,0,0,0,0,-1.0
1787224606.737461,34.18784676199337,0.0,112.0,0.0,0.2731904886333943,0.0,0.0,1.0,stop:lane_lost,0,0,0,0,-1.0
1787224606.7658966,33.92845357340699,0.0,112.0,0.0,0.25594460412856024,0.0,0.0,1.0,stop:lane_lost,0,0,0,0,-1.0
1787224606.7999644,34.12940956035273,0.0,112.0,0.0,0.24692970995557878,0.0,0.0,1.0,stop:lane_lost,0,0,0,0,-1.0
1787224606.8300452,33.157295950165405,0.0,112.0,0.0,0.2863862032923961,0.0,0.0,1.0,stop:lane_lost,0,0,0,0,-1.0
1787224606.8580663,33.24204847286096,0.0,112.0,0.0,0.29984321923177426,0.0,0.0,1.0,stop:lane_lost,0,0,0,0,-1.0
1787224606.8902123,33.731379435687415,0.0,112.0,0.0,0.2918735301802979,0.0,0.0,1.0,stop:lane_lost,0,0,0,0,-1.0
1787224606.9182904,33.11675820652021,0.0,112.0,0.0,0.30376273843741836,0.0,0.0,1.0,stop:lane_lost,0,0,0,0,-1.0
1787224606.9443789,33.71215596740983,0.0,112.0,0.0,0.29069767441860467,0.0,0.0,1.0,stop:lane_lost,0,0,0,0,-1.0
1787224606.9770954,34.663810983867215,0.0,112.0,0.0,0.30128037627384374,0.0,0.0,1.0,stop:lane_lost,0,0,0,0,-1.0
1787224607.0053163,33.8092523521471,0.0,112.0,0.0,0.32479749150770837,0.0,0.0,1.0,stop:lane_lost,0,0,0,0,-1.0
1787224607.0317788,34.056481478471966,0.0,112.0,0.0,0.3114711262085184,0.0,0.0,1.0,stop:lane_lost,0,0,0,0,-1.0
1787224607.0643406,34.93645100438544,0.0,112.0,0.0,0.23935197282466683,0.0,0.0,1.0,stop:lane_lost,0,0,0,0,-1.0
1787224607.0955975,34.06934181887877,0.0,112.0,0.0,0.24470864907238046,0.0,0.0,1.0,stop:lane_lost,0,0,0,0,-1.0
1787224607.1223135,33.68992940045993,0.0,112.0,0.0,0.24235693754899398,0.0,0.0,1.0,stop:lane_lost,0,0,0,0,-1.0
1787224607.1547487,34.43342591625249,0.0,112.0,0.0,0.20198588973085968,0.0,0.0,1.0,stop:lane_lost,0,0,0,0,-1.0
1787224607.1843472,33.51343767369484,0.0,112.0,0.0,0.20224719101123595,0.0,0.0,1.0,stop:lane_lost,0,0,0,0,-1.0
1787224607.2105308,33.809404997483604,0.0,112.0,0.0,0.19649856284295794,0.0,0.0,1.0,stop:lane_lost,0,0,0,0,-1.0
1787224607.241898,34.70553440707049,0.0,112.0,0.0,0.1893127776326104,0.0,0.0,1.0,stop:lane_lost,0,0,0,0,-1.0
1787224607.2695465,34.112328021042785,0.0,112.0,0.0,0.1957146590018291,0.0,0.0,1.0,stop:lane_lost,0,0,0,0,-1.0
1787224607.2956157,34.53626653372726,0.0,112.0,0.0,0.16475045727724066,0.0,0.0,1.0,stop:lane_lost,0,0,0,0,-1.0
1787224607.3275244,35.328776955878126,0.0,112.0,0.0,0.18251894434282728,0.0,0.0,1.0,stop:lane_lost,0,0,0,0,-1.0
1787224607.3558385,34.5174718014894,0.0,112.0,0.0,0.18238829370263915,0.0,0.0,1.0,stop:lane_lost,0,0,0,0,-1.0
1787224607.3817024,34.69364200385246,0.0,112.0,0.0,0.18421740266527306,0.0,0.0,1.0,stop:lane_lost,0,0,0,0,-1.0
1787224607.4155192,35.46864499761619,0.0,112.0,0.0,0.17912202769793573,0.0,0.0,1.0,stop:lane_lost,0,0,0,0,-1.0
1787224607.4448574,34.17341799569181,0.0,112.0,0.0,0.16540371047818134,0.0,0.0,1.0,stop:lane_lost,0,0,0,0,-1.0
1787224607.4713552,34.32749168752798,0.0,112.0,0.0,0.16435850535667626,0.0,0.0,1.0,stop:lane_lost,0,0,0,0,-1.0
1787224607.5025804,35.01328844811363,0.0,112.0,0.0,0.14920303109485236,0.0,0.0,1.0,stop:lane_lost,0,0,0,0,-1.0
1787224607.5312116,34.405928117276,0.0,112.0,0.0,0.1617454925529135,0.0,0.0,1.0,stop:lane_lost,0,0,0,0,-1.0
1787224607.5592148,34.498712256291526,0.0,112.0,0.0,0.15665011758557618,0.0,0.0,1.0,stop:lane_lost,0,0,0,0,-1.0
1787224607.5918305,34.759390949495376,0.0,112.0,0.0,0.15064018813692187,0.0,0.0,1.0,stop:lane_lost,0,0,0,0,-1.0
1787224607.6213257,33.84274505764597,0.0,112.0,0.0,0.14907238045466423,0.0,0.0,1.0,stop:lane_lost,0,0,0,0,-1.0
1787224607.6478987,33.97906647242615,0.0,112.0,0.0,0.16409720407629996,0.0,0.0,1.0,stop:lane_lost,0,0,0,0,-1.0
1787224607.680616,34.70028169055195,0.0,112.0,0.0,0.1684086752025085,0.0,0.0,1.0,stop:lane_lost,0,0,0,0,-1.0
1787224607.717848,33.81159811846082,0.0,112.0,0.0,0.16932322968382546,0.0,0.0,1.0,stop:lane_lost,0,0,0,0,-1.0
1787224607.7447138,32.46245502714578,0.0,112.0,0.0,0.16109223935197284,0.0,0.0,1.0,stop:lane_lost,0,0,0,0,-1.0
1787224607.7776172,33.434082139894294,0.0,112.0,0.0,0.15194669453880325,0.0,0.0,1.0,stop:lane_lost,0,0,0,0,-1.0
1787224607.8098288,32.78468059832607,0.0,112.0,0.0,0.14632871701071334,0.0,0.0,1.0,stop:lane_lost,0,0,0,0,-1.0
1787224607.8377674,32.480005257077174,0.0,112.0,0.0,0.16266004703423045,0.0,0.0,1.0,stop:lane_lost,0,0,0,0,-1.0
1787224607.8704596,33.14462582782127,0.0,112.0,0.0,0.17219754376796445,0.0,0.0,1.0,stop:lane_lost,0,0,0,0,-1.0
1787224607.8993618,32.583520993482644,0.0,112.0,0.0,0.16684086752025085,0.0,0.0,1.0,stop:lane_lost,0,0,0,0,-1.0
1787224607.9266937,33.02569583906581,0.0,112.0,0.0,0.15900182910896263,0.0,0.0,1.0,stop:lane_lost,0,0,0,0,-1.0
1787224607.958176,33.77239047776135,0.0,112.0,0.0,0.15508230990331853,0.0,0.0,1.0,stop:lane_lost,0,0,0,0,-1.0
1787224607.986272,33.31888607797808,0.0,112.0,0.0,0.15155474261823884,0.0,0.0,1.0,stop:lane_lost,0,0,0,0,-1.0
1787224608.0121012,33.83670301109743,0.0,112.0,0.0,0.15077083877711,0.0,0.0,1.0,stop:lane_lost,0,0,0,0,-1.0
1787224608.0452204,34.81827411298247,0.0,112.0,0.0,0.14815782597334726,0.0,0.0,1.0,stop:lane_lost,0,0,0,0,-1.0
1787224608.0762627,33.87902850970676,0.0,112.0,0.0,0.15482100862294226,0.0,0.0,1.0,stop:lane_lost,0,0,0,0,-1.0
1787224608.102459,33.558317297441306,0.0,112.0,0.0,0.16684086752025085,0.0,0.0,1.0,stop:lane_lost,0,0,0,0,-1.0
1787224608.1363156,34.47108939145511,0.0,112.0,0.0,0.1588711784687745,0.0,0.0,1.0,stop:lane_lost,0,0,0,0,-1.0
1787224608.1626713,33.48735121035944,0.0,112.0,0.0,0.16213744447347792,0.0,0.0,1.0,stop:lane_lost,0,0,0,0,-1.0
1787224608.1903288,34.38744845509228,0.0,112.0,0.0,0.1503788868565456,0.0,0.0,1.0,stop:lane_lost,0,0,0,0,-1.0
1787224608.2224274,34.61269786083861,0.0,112.0,0.0,0.1656650117585576,0.0,0.0,1.0,stop:lane_lost,0,0,0,0,-1.0
1787224608.2504842,33.98855814553964,0.0,112.0,0.0,0.16148419127253724,0.0,0.0,1.0,stop:lane_lost,0,0,0,0,-1.0
1787224608.2776759,34.34195961937457,0.0,112.0,0.0,0.16161484191272538,0.0,0.0,1.0,stop:lane_lost,0,0,0,0,-1.0
1787224608.3106444,34.83333451453494,0.0,112.0,0.0,0.15808727462764569,0.0,0.0,1.0,stop:lane_lost,0,0,0,0,-1.0
1787224608.340454,33.925774869423435,0.0,112.0,0.0,0.15860987718839822,0.0,0.0,1.0,stop:lane_lost,0,0,0,0,-1.0
1787224608.3663917,33.87032052750759,0.0,112.0,0.0,0.15756467206689312,0.0,0.0,1.0,stop:lane_lost,0,0,0,0,-1.0
1787224608.398268,34.78947901600881,0.0,112.0,0.0,0.15064018813692187,0.0,0.0,1.0,stop:lane_lost,0,0,0,0,-1.0
1787224608.4272048,34.03716193498998,0.0,112.0,0.0,0.15691141886595245,0.0,0.0,1.0,stop:lane_lost,0,0,0,0,-1.0
1787224608.4534392,34.23260888687777,0.0,112.0,0.0,0.14423830676770316,0.0,0.0,1.0,stop:lane_lost,0,0,0,0,-1.0
1787224608.484749,35.01934392706997,0.0,112.0,0.0,0.1458061144499608,0.0,0.0,1.0,stop:lane_lost,0,0,0,0,-1.0
1787224608.5154974,34.386303881357435,0.0,112.0,0.0,0.1447609093284557,0.0,0.0,1.0,stop:lane_lost,0,0,0,0,-1.0
1787224608.5423238,34.007639814355336,0.0,112.0,0.0,0.14201724588450484,0.0,0.0,1.0,stop:lane_lost,0,0,0,0,-1.0
1787224608.5742679,34.69395505724712,0.0,112.0,0.0,0.1485497778939117,0.0,0.0,1.0,stop:lane_lost,0,0,0,0,-1.0
1787224608.6022537,33.939155732044746,0.0,112.0,0.0,0.1528612490201202,0.0,0.0,1.0,stop:lane_lost,0,0,0,0,-1.0
1787224608.628477,34.39041928762073,0.0,112.0,0.0,0.1465900182910896,0.0,0.0,1.0,stop:lane_lost,0,0,0,0,-1.0
1787224608.6609728,35.15245727017565,0.0,112.0,0.0,0.13992683564149463,0.0,0.0,1.0,stop:lane_lost,0,0,0,0,-1.0
1787224608.6900342,34.244098194021014,0.0,112.0,0.0,0.14606741573033707,0.0,0.0,1.0,stop:lane_lost,0,0,0,0,-1.0
1787224608.718635,34.30226005959804,0.0,112.0,0.0,0.14985628429579306,0.0,0.0,1.0,stop:lane_lost,0,0,0,0,-1.0
1787224608.751742,34.42601445220921,0.0,112.0,0.0,0.15508230990331853,0.0,0.0,1.0,stop:lane_lost,0,0,0,0,-1.0
1787224608.7801733,33.37780590660449,0.0,112.0,0.0,0.14776587405278285,0.0,0.0,1.0,stop:lane_lost,0,0,0,0,-1.0
1787224608.8079667,33.86591180931724,0.0,112.0,0.0,0.15651946694538804,0.0,0.0,1.0,stop:lane_lost,0,0,0,0,-1.0
1787224608.8399115,34.4868072495789,0.0,112.0,0.0,0.1468513195714659,0.0,0.0,1.0,stop:lane_lost,0,0,0,0,-1.0
1787224608.8684652,33.84061730826926,0.0,112.0,0.0,0.14606741573033707,0.0,0.0,1.0,stop:lane_lost,0,0,0,0,-1.0
1787224608.8946686,34.07219460940756,0.0,112.0,0.0,0.14489155996864383,0.0,0.0,1.0,stop:lane_lost,0,0,0,0,-1.0
1787224608.9270935,34.90828969862193,0.0,112.0,0.0,0.14776587405278285,0.0,0.0,1.0,stop:lane_lost,0,0,0,0,-1.0
1787224608.9574177,34.065756103669635,0.0,112.0,0.0,0.16109223935197284,0.0,0.0,1.0,stop:lane_lost,0,0,0,0,-1.0
1787224608.9843457,33.87435292178647,0.0,112.0,0.0,0.17494120721191533,0.0,0.0,1.0,stop:lane_lost,0,0,0,0,-1.0
1787224609.0159276,34.5188049020882,0.0,112.0,0.0,0.1578259733472694,0.0,0.0,1.0,stop:lane_lost,0,0,0,0,-1.0
1787224609.0444028,33.58837722951505,0.0,112.0,0.0,0.15077083877711,0.0,0.0,1.0,stop:lane_lost,0,0,0,0,-1.0
1787224609.0709944,34.41395621890526,0.0,112.0,0.0,0.15625816566501177,0.0,0.0,1.0,stop:lane_lost,0,0,0,0,-1.0
1787224609.1028197,35.03755385035306,0.0,112.0,0.0,0.15155474261823884,0.0,0.0,1.0,stop:lane_lost,0,0,0,0,-1.0
1787224609.1303284,34.28395333767017,0.0,112.0,0.0,0.1542984060621897,0.0,0.0,1.0,stop:lane_lost,0,0,0,0,-1.0
1787224609.1573193,34.735269951832365,0.0,112.0,0.0,0.15259994773974392,0.0,0.0,1.0,stop:lane_lost,0,0,0,0,-1.0
1787224609.191436,35.21705032832087,0.0,112.0,0.0,0.14593676509014894,0.0,0.0,1.0,stop:lane_lost,0,0,0,0,-1.0
1787224609.218747,33.96956505520416,0.0,112.0,0.0,0.14959498301541677,0.0,0.0,1.0,stop:lane_lost,0,0,0,0,-1.0
1787224609.2446258,34.59959532285643,0.0,112.0,0.0,0.14985628429579306,0.0,0.0,1.0,stop:lane_lost,0,0,0,0,-1.0
1787224609.2766464,35.413292167644414,0.0,112.0,0.0,0.1542984060621897,0.0,0.0,1.0,stop:lane_lost,0,0,0,0,-1.0
1787224609.3043237,34.566092255118015,0.0,112.0,0.0,0.1465900182910896,0.0,0.0,1.0,stop:lane_lost,0,0,0,0,-1.0
1787224609.3302283,34.89204030094591,0.0,112.0,0.0,0.14410765612751503,0.0,0.0,1.0,stop:lane_lost,0,0,0,0,-1.0
1787224609.3620036,35.624388213291816,0.0,112.0,0.0,0.1366605696367912,0.0,0.0,1.0,stop:lane_lost,0,0,0,0,-1.0
1787224609.3921452,34.672816123268845,0.0,112.0,0.0,0.1394042330807421,0.0,0.0,1.0,stop:lane_lost,0,0,0,0,-1.0
1787224609.4187317,34.519002743089835,0.0,112.0,0.0,0.13875097987980142,0.0,0.0,1.0,stop:lane_lost,0,0,0,0,-1.0
1787224609.4498696,35.13692841860927,0.0,112.0,0.0,0.14672066893127778,0.0,0.0,1.0,stop:lane_lost,0,0,0,0,-1.0
1787224609.4784887,34.36108159024701,0.0,112.0,0.0,0.14110269140318787,0.0,0.0,1.0,stop:lane_lost,0,0,0,0,-1.0
1787224609.5057895,34.69570889089802,0.0,112.0,0.0,0.15064018813692187,0.0,0.0,1.0,stop:lane_lost,0,0,0,0,-1.0
1787224609.5368338,35.0830277131613,0.0,112.0,0.0,0.1493336817350405,0.0,0.0,1.0,stop:lane_lost,0,0,0,0,-1.0
1787224609.5642421,34.33465666053861,0.0,112.0,0.0,0.15625816566501177,0.0,0.0,1.0,stop:lane_lost,0,0,0,0,-1.0
1787224609.591207,34.97389558804189,0.0,112.0,0.0,0.14711262085184218,0.0,0.0,1.0,stop:lane_lost,0,0,0,0,-1.0
1787224609.623989,35.412703318822786,0.0,112.0,0.0,0.15194669453880325,0.0,0.0,1.0,stop:lane_lost,0,0,0,0,-1.0
1787224609.6521838,34.37727815072413,0.0,112.0,0.0,0.14463025868826757,0.0,0.0,1.0,stop:lane_lost,0,0,0,0,-1.0
1787224609.6780682,34.669318185777556,0.0,112.0,0.0,0.1439770054873269,0.0,0.0,1.0,stop:lane_lost,0,0,0,0,-1.0
1787224609.7100773,35.47483763387363,0.0,112.0,0.0,0.14920303109485236,0.0,0.0,1.0,stop:lane_lost,0,0,0,0,-1.0
1787224609.738881,34.60873362665864,0.0,112.0,0.0,0.14881107917428796,0.0,0.0,1.0,stop:lane_lost,0,0,0,0,-1.0
1787224609.7651298,34.65386396419363,0.0,112.0,0.0,0.14946433237522863,0.0,0.0,1.0,stop:lane_lost,0,0,0,0,-1.0
1787224609.7963653,35.32502098204983,0.0,112.0,0.0,0.1366605696367912,0.0,0.0,1.0,stop:lane_lost,0,0,0,0,-1.0
1787224609.8278997,34.56037039299118,0.0,112.0,0.0,0.14319310164619806,0.0,0.0,1.0,stop:lane_lost,0,0,0,0,-1.0
1787224609.8552237,34.10503962088383,0.0,112.0,0.0,0.15233864645936765,0.0,0.0,1.0,stop:lane_lost,0,0,0,0,-1.0
1787224609.8870997,34.5961222127867,0.0,112.0,0.0,0.14606741573033707,0.0,0.0,1.0,stop:lane_lost,0,0,0,0,-1.0
1787224609.9166906,33.68468301881425,0.0,112.0,0.0,0.1408413901228116,0.0,0.0,1.0,stop:lane_lost,0,0,0,0,-1.0
1787224609.9428697,34.04438618451026,0.0,112.0,0.0,0.15403710478181343,0.0,0.0,1.0,stop:lane_lost,0,0,0,0,-1.0
1787224609.9757712,34.73392490724436,0.0,112.0,0.0,0.14632871701071334,0.0,0.0,1.0,stop:lane_lost,0,0,0,0,-1.0
1787224610.0045185,33.93235781554749,0.0,112.0,0.0,0.15834857590802195,0.0,0.0,1.0,stop:lane_lost,0,0,0,0,-1.0
1787224610.0321531,34.147630491962005,0.0,112.0,0.0,0.16762477136137968,0.0,0.0,1.0,stop:lane_lost,0,0,0,0,-1.0
1787224610.063071,34.548422302327104,0.0,112.0,0.0,0.15103214005748627,0.0,0.0,1.0,stop:lane_lost,0,0,0,0,-1.0
1787224610.0932336,33.93212128060113,0.0,112.0,0.0,0.14306245100600992,0.0,0.0,1.0,stop:lane_lost,0,0,0,0,-1.0
1787224610.1196983,33.979498661159525,0.0,112.0,0.0,0.1461980663705252,0.0,0.0,1.0,stop:lane_lost,0,0,0,0,-1.0
1787224610.152019,34.73703324511751,0.0,112.0,0.0,0.1557355631042592,0.0,0.0,1.0,stop:lane_lost,0,0,0,0,-1.0
1787224610.1789305,33.94501121730559,0.0,112.0,0.0,0.1549516592631304,0.0,0.0,1.0,stop:lane_lost,0,0,0,0,-1.0
1787224610.2063289,34.62417070674395,0.0,112.0,0.0,0.1518160438986151,0.0,0.0,1.0,stop:lane_lost,0,0,0,0,-1.0
1787224610.2390928,35.01065162970113,0.0,112.0,0.0,0.13430885811340476,0.0,0.0,1.0,stop:lane_lost,0,0,0,0,-1.0
1787224610.268229,34.075306845048,0.0,112.0,0.0,0.14005748628168277,0.0,0.0,1.0,stop:lane_lost,0,0,0,0,-1.0
1787224610.2940392,34.16287222577623,0.0,112.0,0.0,0.14698197021165404,0.0,0.0,1.0,stop:lane_lost,0,0,0,0,-1.0
1787224610.3257468,35.09248998204707,0.0,112.0,0.0,0.14515286124902013,0.0,0.0,1.0,stop:lane_lost,0,0,0,0,-1.0
1787224610.353788,34.32392636133585,0.0,112.0,0.0,0.13535406323490984,0.0,0.0,1.0,stop:lane_lost,0,0,0,0,-1.0
1787224610.3794262,34.665307492122125,0.0,112.0,0.0,0.14058008884243534,0.0,0.0,1.0,stop:lane_lost,0,0,0,0,-1.0
1787224610.4117124,35.527005000407286,0.0,112.0,0.0,0.1352234125947217,0.0,0.0,1.0,stop:lane_lost,0,0,0,0,-1.0
1787224610.4399183,34.603365658364226,0.0,112.0,0.0,0.1337862555526522,0.0,0.0,1.0,stop:lane_lost,0,0,0,0,-1.0
1787224610.465864,34.79418999755733,0.0,112.0,0.0,0.14463025868826757,0.0,0.0,1.0,stop:lane_lost,0,0,0,0,-1.0
1787224610.4995344,35.52103345053214,0.0,112.0,0.0,0.1458061144499608,0.0,0.0,1.0,stop:lane_lost,0,0,0,0,-1.0
1787224610.5283632,34.347017152150755,0.0,112.0,0.0,0.15077083877711,0.0,0.0,1.0,stop:lane_lost,0,0,0,0,-1.0
1787224610.5561135,34.33963575100922,0.0,112.0,0.0,0.14515286124902013,0.0,0.0,1.0,stop:lane_lost,0,0,0,0,-1.0
1787224610.5886734,34.798130553992976,0.0,112.0,0.0,0.14253984844525738,0.0,0.0,1.0,stop:lane_lost,0,0,0,0,-1.0
1787224610.616698,33.96690491259214,0.0,112.0,0.0,0.14802717533315912,0.0,0.0,1.0,stop:lane_lost,0,0,0,0,-1.0
1787224610.6429949,34.31683594883448,0.0,112.0,0.0,0.15469035798275413,0.0,0.0,1.0,stop:lane_lost,0,0,0,0,-1.0
1787224610.6757715,35.05124318858752,0.0,112.0,0.0,0.14698197021165404,0.0,0.0,1.0,stop:lane_lost,0,0,0,0,-1.0
1787224610.7086434,34.0093418981873,0.0,112.0,0.0,0.14632871701071334,0.0,0.0,1.0,stop:lane_lost,0,0,0,0,-1.0
1787224610.7361667,33.43982971814268,0.0,112.0,0.0,0.14097204076299974,0.0,0.0,1.0,stop:lane_lost,0,0,0,0,-1.0
1787224610.7677367,34.02726177971399,0.0,112.0,0.0,0.1708910373660831,0.0,0.0,1.0,stop:lane_lost,0,0,0,0,-1.0
1787224610.797448,33.43752084022417,0.0,112.0,0.0,0.1465900182910896,0.0,0.0,1.0,stop:lane_lost,0,0,0,0,-1.0
1787224610.8250444,33.557337101196225,0.0,112.0,0.0,0.14776587405278285,0.0,0.0,1.0,stop:lane_lost,0,0,0,0,-1.0
1787224610.8573217,34.164165453312556,0.0,112.0,0.0,0.15665011758557618,0.0,0.0,1.0,stop:lane_lost,0,0,0,0,-1.0
1787224610.8865845,33.330242000841515,0.0,112.0,0.0,0.16435850535667626,0.0,0.0,1.0,stop:lane_lost,0,0,0,0,-1.0
1787224610.9162374,33.7489915831472,0.0,112.0,0.0,0.15233864645936765,0.0,0.0,1.0,stop:lane_lost,0,0,0,0,-1.0
1787224610.9479582,33.726306860861214,0.0,112.0,0.0,0.14645936765090148,0.0,0.0,1.0,stop:lane_lost,0,0,0,0,-1.0
1787224610.976141,33.27798920408227,0.0,112.0,0.0,0.14698197021165404,0.0,0.0,1.0,stop:lane_lost,0,0,0,0,-1.0
1787224611.0045092,33.75238752091099,0.0,112.0,0.0,0.16553436111836947,0.0,0.0,1.0,stop:lane_lost,0,0,0,0,-1.0
1787224611.0375512,34.049029275942246,0.0,112.0,0.0,0.14985628429579306,0.0,0.0,1.0,stop:lane_lost,0,0,0,0,-1.0
1787224611.0673513,33.27507699456884,0.0,112.0,0.0,0.15077083877711,0.0,0.0,1.0,stop:lane_lost,0,0,0,0,-1.0
1787224611.094693,33.34575270329128,0.0,112.0,0.0,0.15194669453880325,0.0,0.0,1.0,stop:lane_lost,0,0,0,0,-1.0
1787224611.1284497,34.00753249031126,0.0,112.0,0.0,0.1535145022210609,0.0,0.0,1.0,stop:lane_lost,0,0,0,0,-1.0
1787224611.1572108,32.900806432697635,0.0,112.0,0.0,0.15299189966030832,0.0,0.0,1.0,stop:lane_lost,0,0,0,0,-1.0
1787224611.1839836,33.62079043729738,0.0,112.0,0.0,0.141233342043376,0.0,0.0,1.0,stop:lane_lost,0,0,0,0,-1.0
1787224611.2181468,34.360952433322,0.0,112.0,0.0,0.15064018813692187,0.0,0.0,1.0,stop:lane_lost,0,0,0,0,-1.0
1787224611.2461634,33.32911587210552,0.0,112.0,0.0,0.16292134831460675,0.0,0.0,1.0,stop:lane_lost,0,0,0,0,-1.0
1787224611.2734842,33.82295048894977,0.0,112.0,0.0,0.15860987718839822,0.0,0.0,1.0,stop:lane_lost,0,0,0,0,-1.0
1787224611.3081822,34.38478717522456,0.0,112.0,0.0,0.1595244316697152,0.0,0.0,1.0,stop:lane_lost,0,0,0,0,-1.0
1787224611.336603,33.16971326651322,0.0,112.0,0.0,0.14802717533315912,0.0,0.0,1.0,stop:lane_lost,0,0,0,0,-1.0
1787224611.3632855,33.72392054551104,0.0,112.0,0.0,0.1595244316697152,0.0,0.0,1.0,stop:lane_lost,0,0,0,0,-1.0
1787224611.3972795,34.426173111580894,0.0,112.0,0.0,0.1485497778939117,0.0,0.0,1.0,stop:lane_lost,0,0,0,0,-1.0
1787224611.4250996,33.41222388478495,0.0,112.0,0.0,0.14881107917428796,0.0,0.0,1.0,stop:lane_lost,0,0,0,0,-1.0
1787224611.451951,33.98274245105908,0.0,112.0,0.0,0.14776587405278285,0.0,0.0,1.0,stop:lane_lost,0,0,0,0,-1.0
1787224611.4851391,34.632190937028476,0.0,112.0,0.0,0.15874052782858636,0.0,0.0,1.0,stop:lane_lost,0,0,0,0,-1.0
1787224611.5122318,33.65525722283882,0.0,112.0,0.0,0.14750457277240658,0.0,0.0,1.0,stop:lane_lost,0,0,0,0,-1.0
1787224611.5436804,34.37615569832136,0.0,112.0,0.0,0.14815782597334726,0.0,0.0,1.0,stop:lane_lost,0,0,0,0,-1.0
1787224611.5781064,33.89203263556388,0.0,112.0,0.0,0.15194669453880325,0.0,0.0,1.0,stop:lane_lost,0,0,0,0,-1.0
1787224611.6097279,32.11715221838348,0.0,112.0,0.0,0.14449960804807943,0.0,0.0,1.0,stop:lane_lost,0,0,0,0,-1.0
1787224611.6401465,33.37621065526565,0.0,112.0,0.0,0.15103214005748627,0.0,0.0,1.0,stop:lane_lost,0,0,0,0,-1.0
1787224611.6712382,33.27696988728591,0.0,112.0,0.0,0.14149464332375228,0.0,0.0,1.0,stop:lane_lost,0,0,0,0,-1.0
1787224611.6989474,32.85292315078283,0.0,112.0,0.0,0.14750457277240658,0.0,0.0,1.0,stop:lane_lost,0,0,0,0,-1.0
1787224611.7249277,33.73706605351327,0.0,112.0,0.0,0.15455970734256597,0.0,0.0,1.0,stop:lane_lost,0,0,0,0,-1.0
1787224611.7594702,34.58481836805092,0.0,112.0,0.0,0.15560491246407107,0.0,0.0,1.0,stop:lane_lost,0,0,0,0,-1.0
1787224611.788914,33.521535789114715,0.0,112.0,0.0,0.14567546380977267,0.0,0.0,1.0,stop:lane_lost,0,0,0,0,-1.0
1787224611.815,33.628428505202535,0.0,112.0,0.0,0.13679122027697935,0.0,0.0,1.0,stop:lane_lost,0,0,0,0,-1.0
1787224611.8465405,34.546801784185085,0.0,112.0,0.0,0.13574601515547427,0.0,0.0,1.0,stop:lane_lost,0,0,0,0,-1.0
1787224611.8747828,33.975188325374674,0.0,112.0,0.0,0.14136399268356414,0.0,0.0,1.0,stop:lane_lost,0,0,0,0,-1.0
1787224611.901477,34.29165242990463,0.0,112.0,0.0,0.13365560491246406,0.0,0.0,1.0,stop:lane_lost,0,0,0,0,-1.0
1787224611.9337113,34.92566168211799,0.0,112.0,0.0,0.14423830676770316,0.0,0.0,1.0,stop:lane_lost,0,0,0,0,-1.0
1787224611.964122,34.0555427186156,0.0,112.0,0.0,0.12999738698719623,0.0,0.0,1.0,stop:lane_lost,0,0,0,0,-1.0
1787224611.9907389,33.910177191766756,0.0,112.0,0.0,0.13953488372093023,0.0,0.0,1.0,stop:lane_lost,0,0,0,0,-1.0
1787224612.0221665,34.659553293963604,0.0,112.0,0.0,0.13365560491246406,0.0,0.0,1.0,stop:lane_lost,0,0,0,0,-1.0
1787224612.05078,34.04518785441307,0.0,112.0,0.0,0.138359027959237,0.0,0.0,1.0,stop:lane_lost,0,0,0,0,-1.0
1787224612.076541,34.283576218262354,0.0,112.0,0.0,0.13613796707603867,0.0,0.0,1.0,stop:lane_lost,0,0,0,0,-1.0
1787224612.1080596,35.19013243272151,0.0,112.0,0.0,0.13914293180036583,0.0,0.0,1.0,stop:lane_lost,0,0,0,0,-1.0
1787224612.1408763,34.375498027812945,0.0,112.0,0.0,0.1302586882675725,0.0,0.0,1.0,stop:lane_lost,0,0,0,0,-1.0
1787224612.1694376,33.71337934620256,0.0,112.0,0.0,0.13966553436111837,0.0,0.0,1.0,stop:lane_lost,0,0,0,0,-1.0
1787224612.201637,33.97290906668169,0.0,112.0,0.0,0.13953488372093023,0.0,0.0,1.0,stop:lane_lost,0,0,0,0,-1.0
1787224612.2293203,33.212883779218686,0.0,112.0,0.0,0.14815782597334726,0.0,0.0,1.0,stop:lane_lost,0,0,0,0,-1.0
1787224612.2567008,34.02977516403583,0.0,112.0,0.0,0.14175594460412855,0.0,0.0,1.0,stop:lane_lost,0,0,0,0,-1.0
1787224612.288869,34.545767665311914,0.0,112.0,0.0,0.14959498301541677,0.0,0.0,1.0,stop:lane_lost,0,0,0,0,-1.0
1787224612.318041,33.83067479612989,0.0,112.0,0.0,0.15704206950614058,0.0,0.0,1.0,stop:lane_lost,0,0,0,0,-1.0
1787224612.3444097,33.83320807774579,0.0,112.0,0.0,0.14031878756205907,0.0,0.0,1.0,stop:lane_lost,0,0,0,0,-1.0
1787224612.3784993,34.786280922306915,0.0,112.0,0.0,0.14763522341259472,0.0,0.0,1.0,stop:lane_lost,0,0,0,0,-1.0
1787224612.4137928,33.59640245970519,0.0,112.0,0.0,0.1567807682257643,0.0,0.0,1.0,stop:lane_lost,0,0,0,0,-1.0
1787224612.4410346,32.63471100268541,0.0,112.0,0.0,0.13561536451528614,0.0,0.0,1.0,stop:lane_lost,0,0,0,0,-1.0
1787224612.4736626,33.46443293751277,0.0,112.0,0.0,0.12516331330023517,0.0,0.0,1.0,stop:lane_lost,0,0,0,0,-1.0
1787224612.5049655,32.682025523194675,0.0,112.0,0.0,0.13287170107133525,0.0,0.0,1.0,stop:lane_lost,0,0,0,0,-1.0
1787224612.5317605,32.794700932178806,0.0,112.0,0.0,0.1535145022210609,0.0,0.0,1.0,stop:lane_lost,0,0,0,0,-1.0
1787224612.5641682,33.686270178042314,0.0,112.0,0.0,0.1485497778939117,0.0,0.0,1.0,stop:lane_lost,0,0,0,0,-1.0
1787224612.5928903,33.067666127176,0.0,112.0,0.0,0.1988502743663444,0.0,0.0,1.0,stop:lane_lost,0,0,0,0,-1.0
1787224612.620406,33.48805667200639,0.0,112.0,0.0,0.21230729030572248,0.0,0.0,1.0,stop:lane_lost,0,0,0,0,-1.0
1787224612.6526446,34.06685923851415,0.0,112.0,0.0,0.23164358505356678,0.0,0.0,1.0,stop:lane_lost,0,0,0,0,-1.0
1787224612.6809244,33.430421212743894,0.0,112.0,0.0,0.21688006271230728,0.0,0.0,1.0,stop:lane_lost,0,0,0,0,-1.0
1787224612.7078075,33.83315855782402,0.0,112.0,0.0,0.20512150509537497,0.0,0.0,1.0,stop:lane_lost,0,0,0,0,-1.0
1787224612.7393913,34.51595260168732,0.0,112.0,0.0,0.20904102430101906,0.0,0.0,1.0,stop:lane_lost,0,0,0,0,-1.0
1787224612.7681134,33.607068389503155,0.0,112.0,0.0,0.1865691141886595,0.0,0.0,1.0,stop:lane_lost,0,0,0,0,-1.0
1787224612.7938788,34.32075815470388,0.0,112.0,0.0,0.17115233864645937,0.0,0.0,1.0,stop:lane_lost,0,0,0,0,-1.0
1787224612.8283505,35.18898937197635,0.0,112.0,0.0,0.20120198588973087,0.0,0.0,1.0,stop:lane_lost,0,0,0,0,-1.0
1787224612.8561034,33.955056889344206,0.0,112.0,0.0,0.20551345701593937,0.0,0.0,1.0,stop:lane_lost,0,0,0,0,-1.0
1787224612.8825483,34.3872048382958,0.0,112.0,0.0,0.19336294747844265,0.0,0.0,1.0,stop:lane_lost,0,0,0,0,-1.0
1787224612.9140718,35.06972227876987,0.0,112.0,0.0,0.19597596028220537,0.0,0.0,1.0,stop:lane_lost,0,0,0,0,-1.0
1787224612.9419398,34.28339867288006,0.0,112.0,0.0,0.17219754376796445,0.0,0.0,1.0,stop:lane_lost,0,0,0,0,-1.0
1787224612.9689631,34.76244381576393,0.0,112.0,0.0,0.1702377841651424,0.0,0.0,1.0,stop:lane_lost,0,0,0,0,-1.0
1787224613.0005293,35.217850009247535,0.0,112.0,0.0,0.15142409197805068,0.0,0.0,1.0,stop:lane_lost,0,0,0,0,-1.0
1787224613.0306647,34.48894553708942,0.0,112.0,0.0,0.15743402142670498,0.0,0.0,1.0,stop:lane_lost,0,0,0,0,-1.0
1787224613.0565462,34.239411418963584,0.0,112.0,0.0,0.1418865952443167,0.0,0.0,1.0,stop:lane_lost,0,0,0,0,-1.0
1787224613.0906367,35.137768829636826,0.0,112.0,0.0,0.14672066893127778,0.0,0.0,1.0,stop:lane_lost,0,0,0,0,-1.0
1787224613.11947,33.95780306230132,0.0,112.0,0.0,0.1429318003658218,0.0,0.0,1.0,stop:lane_lost,0,0,0,0,-1.0
1787224613.145371,34.12524546687953,0.0,112.0,0.0,0.12895218186569113,0.0,0.0,1.0,stop:lane_lost,0,0,0,0,-1.0
1787224613.1787724,35.01546589488328,0.0,112.0,0.0,0.13391690619284036,0.0,0.0,1.0,stop:lane_lost,0,0,0,0,-1.0
1787224613.206974,33.944336766065675,0.0,112.0,0.0,0.14502221060883197,0.0,0.0,1.0,stop:lane_lost,0,0,0,0,-1.0
1787224613.2356553,34.32528249223704,0.0,112.0,0.0,0.1439770054873269,0.0,0.0,1.0,stop:lane_lost,0,0,0,0,-1.0
1787224613.267796,34.438526827788166,0.0,112.0,0.0,0.11719362424875882,0.0,0.0,1.0,stop:lane_lost,0,0,0,0,-1.0
1787224613.2956226,33.76815037027212,0.0,112.0,0.0,0.12059054089365037,0.0,0.0,1.0,stop:lane_lost,0,0,0,0,-1.0
1787224613.3223681,34.204092712931924,0.0,112.0,0.0,0.11196759864123335,0.0,0.0,1.0,stop:lane_lost,0,0,0,0,-1.0
1787224613.3545659,34.85359358790646,0.0,112.0,0.0,0.1228116017768487,0.0,0.0,1.0,stop:lane_lost,0,0,0,0,-1.0
1787224613.3820825,34.07743759907939,0.0,112.0,0.0,0.11431931016461981,0.0,0.0,1.0,stop:lane_lost,0,0,0,0,-1.0
1787224613.4082537,34.55232084456543,0.0,112.0,0.0,0.10974653775803501,0.0,0.0,1.0,stop:lane_lost,0,0,0,0,-1.0
1787224613.4410205,35.28554726194818,0.0,112.0,0.0,0.10530441599163835,0.0,0.0,1.0,stop:lane_lost,0,0,0,0,-1.0
1787224614.2559812,34.29787619047072,0.0,223.0,0.0,0.10138489678599426,0.0,0.0,1.0,stop:lane_lost,0,0,0,0,-1.0
1787224614.285012,27.683767319290514,0.0,112.0,0.0,0.07407891298667363,0.0,0.0,1.0,stop:lane_lost,0,0,0,0,-1.0
1787224614.3223162,28.918888593759192,0.0,0.0,0.0,0.07303370786516854,0.0,0.0,1.0,stop:lane_lost,0,0,0,0,-1.0
1787224614.3515756,28.538495122631375,0.0,112.0,0.0,0.07211915338385158,0.0,0.0,1.0,stop:lane_lost,0,0,0,0,-1.0
1787224614.3831015,29.713015008071213,0.0,141.79800724636675,0.0,0.07094329762215835,0.0,0.0,1.0,stop:lane_lost,0,0,0,0,-1.0
1787224614.4203792,30.106180492404818,0.0,223.0,0.0,0.0774758296315652,0.0,0.0,1.0,stop:lane_lost,0,0,0,0,-1.0
1787224614.4542115,29.436737990020433,0.0,180.33333333354267,0.0,0.09119414685131957,0.0,0.0,1.0,stop:lane_lost,0,0,0,0,-1.0
1787224614.4874766,29.48547379208646,0.0,212.8214285710019,0.0,0.08557616932322969,0.0,0.0,1.0,stop:lane_lost,0,0,0,0,-1.0
1787224614.5240934,29.60108568663832,0.0,214.52142857126773,0.0,0.07473216618761432,0.0,0.0,1.0,stop:lane_lost,0,0,0,0,-1.0
1787224614.5587502,28.918964086722987,0.09195852534562213,108.08630952378917,0.0,0.06375751241181082,-0.08337500575607726,0.08,1.0,follow,0,0,0,0,-1.0
1787224614.5906763,29.178650110947174,0.0,150.6090909090367,0.0,0.05565717272014633,-0.08337500575607726,0.16,1.0,slow:lane_dropout,0,0,0,0,-1.0
1787224614.6283538,29.60899845421589,0.0,135.12500000012096,0.0,0.04625032662660047,-0.08337500575607726,0.24,1.0,slow:lane_dropout,0,0,0,0,-1.0
1787224614.6635876,28.671309045987588,0.0,167.0058759731479,0.0,0.006663182649594983,-0.08337500575607726,0.32,1.0,slow:lane_dropout,0,0,0,0,-1.0
1787224614.6983497,29.022936478778547,0.0,167.79858881490807,0.0,0.006009929448654298,-0.22337500575607727,0.4,1.0,reacquire:road,0,0,0,0,-1.0
1787224614.7357678,28.9793276275963,0.0,167.63156501713965,0.0,0.006009929448654298,-0.3633750057560773,0.4,1.0,reacquire:road,0,0,0,0,-1.0
1787224614.7696397,28.51687422768981,0.0,167.90329705596082,0.0,0.005748628168278025,-0.5033750057560773,0.4,1.0,reacquire:road,0,0,0,0,-1.0
1787224614.8019645,28.7362982457598,0.0,168.86388541202388,0.0,0.006271230729030572,-0.6433750057560773,0.4,1.0,reacquire:road,0,0,0,0,-1.0
1787224614.8396442,29.176178416129734,0.0,168.85306072340703,0.0,0.006401881369218709,-0.7833750057560773,0.4,1.0,reacquire:road,0,0,0,0,-1.0
1787224614.873776,28.641623870436828,0.0,168.69754189362646,0.0,0.006401881369218709,-0.9233750057560773,0.4,1.0,reacquire:road,0,0,0,0,-1.0
1787224614.9086394,28.783001792383487,0.0,169.0121509595196,0.0,0.006532532009406846,-1.0,0.4,1.0,reacquire:road,0,0,0,0,-1.0
1787224614.947382,28.742071646825494,0.0,168.0919268024536,0.0,0.006663182649594983,-1.0,0.4,1.0,reacquire:road,0,0,0,0,-1.0
1787224614.9802237,28.109011233833005,0.0,167.40335377394155,0.0,0.006532532009406846,-1.0,0.4,1.0,reacquire:road,0,0,0,0,-1.0
1787224615.0124834,28.55672657087852,0.0,167.67865091982625,0.0,0.005879278808466161,-1.0,0.4,1.0,reacquire:road,0,0,0,0,-1.0
1787224615.050436,29.150232278439788,0.0,169.96337455323467,0.0,0.005356676247713614,-1.0,0.4,1.0,reacquire:road,0,0,0,0,-1.0
1787224615.083958,28.581340186836417,0.0,169.9976152623206,0.0,0.004964724327149203,-1.0,0.4,1.0,reacquire:road,0,0,0,0,-1.0
1787224615.1185226,28.851022525342213,0.0,170.22042168218618,0.0,0.004703423046772929,-1.0,0.4,1.0,reacquire:road,0,0,0,0,-1.0
1787224615.157822,28.862476575749067,0.0,171.00688167158717,0.0,0.004572772406584792,-1.0,0.4,1.0,reacquire:road,0,0,0,0,-1.0
1787224615.1936247,28.138921139747243,0.0,172.33079130172155,0.0,0.004050169845832245,-1.0,0.4,1.0,reacquire:road,0,0,0,0,-1.0
1787224615.227339,28.141291705577096,0.0,172.3580111748716,0.0,0.004050169845832245,-1.0,0.4,1.0,reacquire:road,0,0,0,0,-1.0
1787224615.2667553,28.434638185689625,0.0,172.1742902021406,0.0,0.0026130128037627383,-1.0,0.4,1.0,reacquire:road,0,0,0,0,-1.0
1787224615.300541,27.807847237016333,0.0,172.04878382381577,0.0,0.0026130128037627383,-1.0,0.4,1.0,reacquire:road,0,0,0,0,-1.0
1787224615.3350077,28.206613484059687,0.0,172.18599853291784,0.0,0.0024823621635746015,-1.0,0.4,1.0,reacquire:road,0,0,0,0,-1.0
1787224615.371156,28.355544799618922,0.0,172.2773640832853,0.0,0.003004964724327149,-1.0,0.4,1.0,reacquire:road,0,0,0,0,-1.0
1787224615.4043,28.101388724604234,0.0,172.07659347903228,0.0,0.003266266004703423,-1.0,0.4,1.0,reacquire:road,0,0,0,0,-1.0
1787224615.4401019,28.67592889679513,0.0,172.0738164841398,0.0,0.00339691664489156,-1.0,0.4,1.0,reacquire:road,0,0,0,0,-1.0
1787224615.4824822,28.522768014827513,0.0,172.6031893171015,0.0,0.00339691664489156,-1.0,0.4,1.0,reacquire:road,0,0,0,0,-1.0
1787224615.5163188,27.524312248722275,0.0,172.36371739434682,0.0,0.003266266004703423,-1.0,0.4,1.0,reacquire:road,0,0,0,0,-1.0
1787224615.5518026,27.95341655754548,0.0,171.9107897916036,0.0,0.003266266004703423,-1.0,0.4,1.0,reacquire:road,0,0,0,0,-1.0
1787224615.5901089,27.999441587615312,0.0,171.69562133826645,0.0,0.003527567285079697,-1.0,0.4,1.0,reacquire:road,0,0,0,0,-1.0
1787224615.6240137,27.607239846724095,0.0,171.48622257320935,0.0,0.0036582179252678338,-1.0,0.4,1.0,reacquire:road,0,0,0,0,-1.0
1787224615.6572442,27.99889853846569,0.0,171.46903654059614,0.0,0.0036582179252678338,-1.0,0.4,1.0,reacquire:road,0,0,0,0,-1.0
1787224615.6961007,28.422078654771468,0.0,171.53847007598407,0.0,0.004572772406584792,-1.0,0.4,1.0,reacquire:road,0,0,0,0,-1.0
1787224615.7319472,27.64252346649649,0.0,171.59231427839632,0.0,0.004442121766396656,-1.0,0.4,1.0,reacquire:road,0,0,0,0,-1.0
1787224615.7675302,28.00649273162295,0.0,171.3411305433362,0.0,0.004703423046772929,-1.0,0.4,1.0,reacquire:road,0,0,0,0,-1.0
1787224615.8054037,28.021162269527487,0.0,171.42833733493367,0.0,0.004703423046772929,-1.0,0.4,1.0,reacquire:road,0,0,0,0,-1.0
1787224615.8398325,27.666189053285287,0.0,171.36521672498762,0.0,0.004964724327149203,-1.0,0.4,1.0,reacquire:road,0,0,0,0,-1.0
1787224615.873203,27.987702304315523,0.0,171.36230684456925,0.0,0.0056179775280898875,-1.0,0.4,1.0,reacquire:road,0,0,0,0,-1.0
1787224615.911947,28.383324304339986,0.0,171.19197372519747,0.0,0.0056179775280898875,-1.0,0.4,1.0,reacquire:road,0,0,0,0,-1.0
1787224615.9460022,27.856879119652167,0.0,171.10653495440715,0.0,0.006401881369218709,-1.0,0.4,1.0,reacquire:road,0,0,0,0,-1.0
1787224615.9808853,28.163698969449737,0.0,170.79613606543427,0.0,0.006924483929971257,-1.0,0.4,1.0,reacquire:road,0,0,0,0,-1.0
1787224616.0181375,28.272825369923126,0.0,170.53231607166433,0.0,0.007055134570159394,-1.0,0.4,1.0,reacquire:road,0,0,0,0,-1.0
1787224616.05188,27.965082306678635,0.0,170.49054635730315,0.0,0.007055134570159394,-1.0,0.4,1.0,reacquire:road,0,0,0,0,-1.0
1787224616.0841532,28.32759702556916,0.0,170.46721667390344,0.0,0.008230990331852626,-1.0,0.4,1.0,reacquire:road,0,0,0,0,-1.0
1787224616.1215305,28.859357745756046,0.0,169.86756050708865,0.0,0.008622942252417037,-1.0,0.4,1.0,reacquire:road,0,0,0,0,-1.0
1787224616.1554086,28.429759789181787,0.0,169.93924905762464,0.0,0.008884243532793311,-1.0,0.4,1.0,reacquire:road,0,0,0,0,-1.0
1787224616.1902895,28.656279424510476,0.0,169.56095428458107,0.0,0.009276195453357722,-1.0,0.4,1.0,reacquire:road,0,0,0,0,-1.0
1787224616.2283454,28.658156519057233,0.0,169.42686445531024,0.0,0.010321400574862817,-1.0,0.4,1.0,reacquire:road,0,0,0,0,-1.0
1787224616.2618403,28.159112818507733,0.0,169.3309923414323,0.0,0.010713352495427228,-1.0,0.4,1.0,reacquire:road,0,0,0,0,-1.0
1787224616.2940037,28.51345777805884,0.0,169.10247188607147,0.0,0.01149725633655605,-1.0,0.4,1.0,reacquire:road,0,0,0,0,-1.0
1787224616.331854,29.033443225561474,0.0,169.04271507863066,0.0,0.011105304415991639,-1.0,0.4,1.0,reacquire:road,0,0,0,0,-1.0
1787224616.3658192,28.50632596794994,0.0,168.9921060746221,0.0,0.012150509537496733,-1.0,0.4,1.0,reacquire:road,0,0,0,0,-1.0
1787224616.4012954,28.709069445699125,0.0,168.7061517113781,0.0,0.012281160177684871,-1.0,0.4,1.0,reacquire:road,0,0,0,0,-1.0
1787224616.4394145,28.522223828525306,0.0,168.45045482577842,0.0,0.014632871701071335,-1.0,0.4,1.0,reacquire:road,0,0,0,0,-1.0
1787224616.4761658,28.131989034425303,0.0,168.0864919963757,0.0,0.015416775542200157,-1.0,0.4,1.0,reacquire:road,0,0,0,0,-1.0
1787224616.5090668,27.944195194463067,0.0,167.61552769408712,0.0,0.016331330023517117,-1.0,0.4,1.0,reacquire:road,0,0,0,0,-1.0
1787224616.5476263,28.433092038501027,0.0,167.1081097748992,0.0,0.017637836425398484,-1.0,0.4,1.0,reacquire:road,0,0,0,0,-1.0
1787224616.585487,27.91827987042848,0.0,166.44339648820764,0.0,0.018029788345962895,-1.0,0.4,1.0,reacquire:road,0,0,0,0,-1.0
1787224616.6212294,27.638074477744652,0.0,166.1801215032345,0.0,0.01868304154690358,-1.0,0.4,1.0,reacquire:road,0,0,0,0,-1.0
1787224616.6619465,27.709602286255993,0.0,166.0440327492213,0.0,0.020250849229161223,-1.0,0.4,1.0,reacquire:road,0,0,0,0,-1.0
1787224616.7006483,26.887407191959714,0.0,165.6656628610013,0.0,0.021296054350666317,-1.0,0.4,1.0,reacquire:road,0,0,0,0,-1.0
1787224616.7339923,26.911716485005005,0.0,165.30317809271753,0.0,0.022341259472171415,-1.0,0.4,1.0,reacquire:road,0,0,0,0,-1.0
1787224616.7717242,27.52612276982737,0.0,165.1759754119356,0.0,0.023125163313300234,-1.0,0.4,1.0,reacquire:road,0,0,0,0,-1.0
1787224616.8072832,27.230959824325126,0.0,164.92330050162292,0.0,0.02417036843480533,-1.0,0.4,1.0,reacquire:road,0,0,0,0,-1.0
1787224616.842188,27.49293132378994,0.0,164.6771600715756,0.0,0.024039717794617194,-1.0,0.4,1.0,reacquire:road,0,0,0,0,-1.0
1787224616.8823583,27.739090892955304,0.0,164.1692760180989,0.0,0.025607525476874837,-1.0,0.4,1.0,reacquire:road,0,0,0,0,-1.0
1787224616.9167237,27.12616203145944,0.0,163.61065362315057,0.0,0.027567285079696892,-1.0,0.4,1.0,reacquire:road,0,0,0,0,-1.0
1787224616.9495118,27.59023385069323,0.0,163.27726476807123,0.0,0.02939639404233081,-1.0,0.4,1.0,reacquire:road,0,0,0,0,-1.0
1787224616.9873893,28.172176335419948,0.0,162.78529894844115,0.0,0.031225503004964725,-1.0,0.4,1.0,reacquire:road,0,0,0,0,-1.0
1787224617.0220194,27.745089751696515,0.0,162.6692829768353,0.0,0.03253200940684609,-1.0,0.4,1.0,reacquire:road,0,0,0,0,-1.0
1787224617.0572922,28.06084474066375,0.0,162.23419201167957,0.0,0.0329239613274105,-1.0,0.4,1.0,reacquire:road,0,0,0,0,-1.0
1787224617.0955663,28.115323457043957,0.0,161.62935553499784,0.0,0.03462241964985628,-1.0,0.4,1.0,reacquire:road,0,0,0,0,-1.0
1787224617.1302183,27.690867181339165,0.0,161.20711265478712,0.0,0.03383851580872746,-1.0,0.4,1.0,reacquire:road,0,0,0,0,-1.0
1787224617.1635911,27.876070798521045,0.0,160.78095557307142,0.0,0.03958714397700549,-1.0,0.4,1.0,reacquire:road,0,0,0,0,-1.0
1787224617.201292,28.38525898136138,0.0,160.4462471731328,0.0,0.043376012542461456,-1.0,0.4,1.0,reacquire:road,0,0,0,0,-1.0
1787224617.2356808,27.992349521491573,0.0,159.7753644540368,0.0,0.042330807420956365,-1.0,0.4,1.0,reacquire:road,0,0,0,0,-1.0
1787224617.2713747,28.237693977681317,0.0,158.5670211527884,0.0,0.045466422785471645,-1.0,0.4,1.0,reacquire:road,0,0,0,0,-1.0
1787224617.3111484,28.19359728697367,0.0,158.46196024771137,0.0,0.04559707342565979,-1.0,0.4,1.0,reacquire:road,0,0,0,0,-1.0
1787224617.3457623,27.536223313411327,0.0,157.35879259396023,0.0,0.0484713875097988,-1.0,0.4,1.0,reacquire:road,0,0,0,0,-1.0
1787224617.3784878,27.8670537416258,0.0,157.03750606625584,0.0,0.052260256075254766,-1.0,0.4,1.0,reacquire:road,0,0,0,0,-1.0
1787224617.4164999,28.40602444404356,0.0,157.4781110971739,0.0,0.05212960543506663,-1.0,0.4,1.0,reacquire:road,0,0,0,0,-1.0
1787224617.4508018,27.958228412764235,0.0,155.50785679674226,0.0,0.054089365037888686,-1.0,0.4,1.0,reacquire:road,0,0,0,0,-1.0
1787224617.487044,28.23374507039292,0.0,156.20284338705397,0.0,0.04821008622942252,-1.0,0.4,1.0,reacquire:road,0,0,0,0,-1.0
1787224617.5260036,28.096411481993318,0.0,156.0674724370545,0.0,0.04468251894434283,-1.0,0.4,1.0,reacquire:road,0,0,0,0,-1.0
1787224617.5605278,27.55609388130739,0.0,153.31763798951528,0.0,0.056571727201463286,-1.0,0.4,1.0,reacquire:road,0,0,0,0,-1.0
1787224617.5925362,27.91006615220675,0.0,152.75013876040634,0.0,0.06741573033707865,-1.0,0.4,1.0,reacquire:road,0,0,0,0,-1.0
1787224617.6298425,28.577111657293873,0.0,152.6761948812823,0.0,0.07277240658479227,-1.0,0.4,1.0,reacquire:road,0,0,0,0,-1.0
1787224617.6635103,28.166650594580496,0.0,152.54637534898467,0.0,0.07434021426704991,-1.0,0.4,1.0,reacquire:road,0,0,0,0,-1.0
1787224617.6981156,28.55216958503791,0.0,152.8013458464395,0.0,0.0749934674679906,-1.0,0.4,1.0,reacquire:road,0,0,0,0,-1.0
1787224617.73582,28.616937885292682,0.0,151.40672492566978,0.0,0.07708387771100078,-1.0,0.4,1.0,reacquire:road,0,0,0,0,-1.0
1787224617.770251,28.145532951375312,0.0,151.25016963139575,0.0,0.08335510844003136,-1.0,0.4,1.0,reacquire:road,0,0,0,0,-1.0
1787224617.8027844,28.394122610992152,0.0,150.51430228949482,0.0,0.08335510844003136,-1.0,0.4,1.0,reacquire:road,0,0,0,0,-1.0
1787224617.8411543,28.864087478247228,0.0,149.8037644882958,0.0,0.0824405539587144,-1.0,0.4,1.0,reacquire:road,0,0,0,0,-1.0
1787224617.8759737,28.196208893579637,0.0,148.2056875247779,0.0,0.08583747060360596,-1.0,0.4,1.0,reacquire:road,0,0,0,0,-1.0
1787224617.9108584,28.424882567820557,0.0,147.74749735694385,0.0,0.08649072380454664,-1.0,0.4,1.0,reacquire:road,0,0,0,0,-1.0
1787224617.9479978,28.459242596348343,0.0,146.96804105545993,0.0,0.0948523647765874,-1.0,0.4,1.0,reacquire:road,0,0,0,0,-1.0
1787224617.9852562,28.02972606266159,0.0,146.1878623188402,0.0,0.0958975698980925,-1.0,0.4,1.0,reacquire:road,0,0,0,0,-1.0
1787224618.0195572,27.92937315551077,0.0,145.59678923835926,0.0,0.09720407629997387,-1.0,0.4,1.0,reacquire:road,0,0,0,0,-1.0
1787224618.059237,28.173637767376064,0.0,145.11462765957424,0.0,0.07381761170629736,-1.0,0.4,1.0,reacquire:road,0,0,0,0,-1.0
1787224618.0931413,27.57356804319594,0.0,144.42651865556556,0.0,0.10752547687483668,-1.0,0.4,1.0,reacquire:road,0,0,0,0,-1.0
1787224618.1290293,27.97297892221076,0.0,143.97081020659837,0.0,0.11405800888424353,-1.0,0.4,1.0,reacquire:road,0,0,0,0,-1.0
1787224618.1667666,27.957980402995542,0.0,143.1327468314151,0.0,0.11418865952443168,-1.0,0.4,1.0,reacquire:road,0,0,0,0,-1.0
1787224618.2010758,27.500103591630708,0.0,142.31369573822403,0.0,0.12307290305722499,-1.0,0.4,1.0,reacquire:road,0,0,0,0,-1.0
1787224618.2338035,28.04586522520181,0.0,141.93094308577102,0.0,0.10896263391690619,-1.0,0.4,1.0,reacquire:road,0,0,0,0,-1.0
1787224618.2769384,28.54225423424085,0.0,140.90667160481144,0.0,0.12006793833289783,-1.0,0.4,1.0,reacquire:road,0,0,0,0,-1.0
1787224618.3122745,27.461118074311003,0.0,140.4459758371426,0.0,0.12163574601515548,-1.0,0.4,1.0,reacquire:road,0,0,0,0,-1.0
1787224618.347024,27.645781007358217,0.0,139.86428205648502,0.0,0.135484713875098,-1.0,0.4,1.0,reacquire:road,0,0,0,0,-1.0
1787224618.3853803,27.859321610184665,0.0,138.97918829881584,0.0,0.141233342043376,-1.0,0.4,1.0,reacquire:road,0,0,0,0,-1.0
1787224618.419553,27.506890071510888,0.0,138.23945531033834,0.0,0.1352234125947217,-1.0,0.4,1.0,reacquire:road,0,0,0,0,-1.0
1787224618.4527798,27.86559478809994,0.0,137.48047718162172,0.0,0.13770577475829632,-1.0,0.4,1.0,reacquire:road,0,0,0,0,-1.0
1787224618.4921541,28.31325280934044,0.0,136.8377447186088,0.0,0.12098249281421479,-1.0,0.4,1.0,reacquire:road,0,0,0,0,-1.0
1787224618.526161,27.70268683987596,0.0,135.66987833968966,0.0,0.11209824928142148,-1.0,0.4,1.0,reacquire:road,0,0,0,0,-1.0
1787224618.5620224,28.069187228923962,0.0,134.4824010617575,0.0,0.13287170107133525,-1.0,0.4,1.0,reacquire:road,0,0,0,0,-1.0
1787224618.5997415,27.960462450082716,0.0,133.6767576451357,0.0,0.14267049908544552,-1.0,0.4,1.0,reacquire:road,0,0,0,0,-1.0
1787224618.6347623,27.677469025861853,0.0,132.87564762285615,0.0,0.14306245100600992,-1.0,0.4,1.0,reacquire:road,0,0,0,0,-1.0
1787224618.6676178,27.932428055237533,0.0,131.9174725607123,0.0,0.16239874575385418,-1.0,0.4,1.0,reacquire:road,0,0,0,0,-1.0
1787224618.705083,28.4348338038209,0.0,130.35903862007302,0.0,0.17010713352495427,-1.0,0.4,1.0,reacquire:road,0,0,0,0,-1.0
1787224618.7414446,27.7095956179928,0.0,129.0431785572689,0.0,0.17768487065586622,-1.0,0.4,1.0,reacquire:road,0,0,0,0,-1.0
1787224618.7769332,28.121329331300394,0.0,128.0091941601374,0.0,0.1366605696367912,-1.0,0.4,1.0,reacquire:road,0,0,0,0,-1.0
1787224618.8142815,28.132569792322073,0.0,126.91688986828146,0.0,0.16501175855761693,-1.0,0.4,1.0,reacquire:road,0,0,0,0,-1.0
1787224618.8477726,27.797969149991015,0.0,125.84655436642691,0.0,0.19911157564672066,-1.0,0.4,1.0,reacquire:road,0,0,0,0,-1.0
1787224618.8804533,28.302450031333276,0.0,125.98998772073064,0.0,0.20603605957669194,-1.0,0.4,1.0,reacquire:road,0,0,0,0,-1.0
1787224618.9175684,28.763396094375146,0.0,123.81177669957859,0.0,0.22197543767964464,-1.0,0.4,1.0,reacquire:road,0,0,0,0,-1.0
1787224618.9519022,28.384496570737497,0.0,122.43756167129175,0.0,0.23700026130128038,-1.0,0.4,1.0,reacquire:road,0,0,0,0,-1.0
1787224618.9863908,28.550400434902905,0.0,121.47990286771471,0.0,0.23517115233864647,-1.0,0.4,1.0,reacquire:road,0,0,0,0,-1.0
1787224619.0250723,28.636909009124025,0.0,120.89810360777022,0.0,0.23856806898353802,-1.0,0.4,1.0,reacquire:road,0,0,0,0,-1.0
1787224619.061384,27.739159163019984,0.0,120.10768193031122,0.0,0.25280898876404495,-1.0,0.4,1.0,reacquire:road,0,0,0,0,-1.0
1787224619.093516,28.14646005037313,0.0,118.73626429064835,0.0,0.23726156258165665,-1.0,0.4,1.0,reacquire:road,0,0,0,0,-1.0
1787224619.1310284,28.735088622158006,0.0,116.9604489060363,0.0,0.26835641494643325,-1.0,0.4,1.0,reacquire:road,0,0,0,0,-1.0
1787224619.1660035,28.235205149120482,0.0,116.71964828484522,0.0,0.29487849490462503,-1.0,0.4,1.0,reacquire:road,0,0,0,0,-1.0
1787224619.201737,28.414207155048018,0.0,115.63353506296068,0.0,0.30010452051215053,-1.0,0.4,1.0,reacquire:road,0,0,0,0,-1.0
1787224619.2402632,28.328058056486032,0.0,114.73510292183437,0.0,0.3146067415730337,-1.0,0.4,1.0,reacquire:road,0,0,0,0,-1.0
1787224619.2745543,27.757945005326274,0.0,114.29737912741354,0.0,0.32009406846093547,-1.0,0.4,1.0,reacquire:road,0,0,0,0,-1.0
1787224619.3074377,28.050753366242642,0.0,114.1555469551368,0.0,0.31486804285340997,-1.0,0.4,1.0,reacquire:road,0,0,0,0,-1.0
1787224619.3461308,28.619882190857545,0.0,114.67547208538598,0.0,0.3113404755683303,-1.0,0.4,1.0,reacquire:road,0,0,0,0,-1.0
1787224619.3826613,28.07258195850174,0.0,114.94374765937847,0.0,0.31016461980663707,-1.0,0.4,1.0,reacquire:road,0,0,0,0,-1.0
1787224619.4206152,27.935992806783993,0.0,114.98091889205784,0.0,0.32048602038149987,-1.0,0.4,1.0,reacquire:road,0,0,0,0,-1.0
1787224619.4631002,27.62096908529289,0.0,115.41559919670601,0.0,0.3237522863862033,-1.0,0.4,1.0,reacquire:road,0,0,0,0,-1.0
1787224619.4998507,26.793360812972015,0.0,115.52733309017721,0.0,0.3174810556571727,-1.0,0.4,1.0,reacquire:road,0,0,0,0,-1.0
1787224619.535853,26.89805774401365,0.0,115.59725878108483,0.0,0.3114711262085184,-1.0,0.4,1.0,reacquire:road,0,0,0,0,-1.0
1787224619.5774443,27.07399866434578,0.0,115.71418308702792,0.0,0.3165665011758558,-1.0,0.4,1.0,reacquire:road,0,0,0,0,-1.0
1787224619.614591,26.441255850530204,0.0,115.83097867403752,0.0,0.3131695845309642,-1.0,0.4,1.0,reacquire:road,0,0,0,0,-1.0
1787224619.6516693,26.569879806501334,0.0,116.12222109921211,0.0,0.3071596550823099,-1.0,0.4,1.0,reacquire:road,0,0,0,0,-1.0
1787224619.6938477,26.647324488313025,0.0,116.49314914990585,0.0,0.3122550300496472,-1.0,0.4,1.0,reacquire:road,0,0,0,0,-1.0
1787224619.730835,26.037290708537057,0.0,116.78928291939948,0.0,0.3085968121243794,-1.0,0.4,1.0,reacquire:road,0,0,0,0,-1.0
1787224619.767141,26.269158046959156,0.0,116.98380912260583,0.0,0.3083355108440031,-1.0,0.4,1.0,reacquire:road,0,0,0,0,-1.0
1787224619.809714,26.516300715115577,0.0,117.3959842915915,0.0,0.3057224980402404,-1.0,0.4,1.0,reacquire:road,0,0,0,0,-1.0
1787224619.8475714,25.79696255740899,0.0,117.59535201150335,0.0,0.30441599163835903,-1.0,0.4,1.0,reacquire:road,0,0,0,0,-1.0
1787224619.884123,26.080264231802722,0.0,117.84972438580606,0.0,0.29879801411026913,-1.0,0.4,1.0,reacquire:road,0,0,0,0,-1.0
1787224619.9254682,26.3364871128351,0.0,118.22713554789019,0.0,0.2951397961850013,-1.0,0.4,1.0,reacquire:road,0,0,0,0,-1.0
1787224619.9636593,25.89399544479532,0.0,118.54810188707907,0.0,0.29069767441860467,-1.0,0.4,1.0,reacquire:road,0,0,0,0,-1.0
1787224619.9996316,25.96552286708352,0.0,118.90796144162582,0.0,0.2852103475307029,-1.0,0.4,1.0,reacquire:road,0,0,0,0,-1.0
1787224620.0414217,26.333401214074843,0.0,119.62324199578418,0.0,0.2764567546380977,-1.0,0.4,1.0,reacquire:road,0,0,0,0,-1.0
1787224620.0802498,25.72389227108281,0.0,120.04868510613298,0.0,0.2717533315913248,-1.0,0.4,1.0,reacquire:road,0,0,0,0,-1.0
1787224620.1173005,25.886983248156376,0.0,120.23380693013266,0.0,0.2707081264698197,-1.0,0.4,1.0,reacquire:road,0,0,0,0,-1.0
1787224620.158749,26.109583687931977,0.0,120.7101889061736,0.0,0.2657434021426705,-1.0,0.4,1.0,reacquire:road,0,0,0,0,-1.0
1787224620.196497,25.64516196745897,0.0,121.30783856192217,0.0,0.2646981970211654,-1.0,0.4,1.0,reacquire:road,0,0,0,0,-1.0
1787224620.2324066,25.89638750838077,0.0,121.45688394837683,0.0,0.26064802717533314,-1.0,0.4,1.0,reacquire:road,0,0,0,0,-1.0
1787224620.274401,26.28654738491843,0.0,121.82471667186665,0.0,0.26103997909589755,-1.0,0.4,1.0,reacquire:road,0,0,0,0,-1.0
1787224620.3112686,25.7561754867386,0.0,122.07392018913444,0.0,0.25986412333420433,-1.0,0.4,1.0,reacquire:road,0,0,0,0,-1.0
1787224620.3464928,26.065273797354365,0.0,122.21347055540669,0.0,0.2582963156519467,-1.0,0.4,1.0,reacquire:road,0,0,0,0,-1.0
1787224620.3876445,26.543218645177603,0.0,122.56409433871062,0.0,0.2593415207734518,-1.0,0.4,1.0,reacquire:road,0,0,0,0,-1.0
1787224620.4254732,26.058236093305734,0.0,122.8891252092827,0.0,0.2554220015678077,-1.0,0.4,1.0,reacquire:road,0,0,0,0,-1.0
1787224620.4616573,26.16555985161891,0.0,123.18541898287506,0.0,0.2554220015678077,-1.0,0.4,1.0,reacquire:road,0,0,0,0,-1.0
1787224620.5030417,26.47185422090814,0.0,123.72775224764266,0.0,0.25111053044159914,-1.0,0.4,1.0,reacquire:road,0,0,0,0,-1.0
1787224620.540433,25.97565604064841,0.0,123.95446196740481,0.0,0.24862816827802456,-1.0,0.4,1.0,reacquire:road,0,0,0,0,-1.0
1787224620.5772548,26.15437556736104,0.0,124.2137860875333,0.0,0.2491507708387771,-1.0,0.4,1.0,reacquire:road,0,0,0,0,-1.0
1787224620.6180897,26.370883095480647,0.0,124.79156678186338,0.0,0.24758296315651945,-1.0,0.4,1.0,reacquire:road,0,0,0,0,-1.0
1787224620.656495,25.94308676219974,0.0,125.26844298875379,0.0,0.24405539587143976,-1.0,0.4,1.0,reacquire:road,0,0,0,0,-1.0
1787224620.6922135,26.004711432796245,0.0,125.70517218630428,0.0,0.24000522602560753,-1.0,0.4,1.0,reacquire:road,0,0,0,0,-1.0
1787224620.732664,26.41730882430046,0.0,126.39613715917825,0.0,0.23869871962372616,-1.0,0.4,1.0,reacquire:road,0,0,0,0,-1.0
1787224620.7698212,26.0355186691568,0.0,127.02527137432801,0.0,0.2334726940162007,-1.0,0.4,1.0,reacquire:road,0,0,0,0,-1.0
1787224620.8094876,26.26119346878814,0.0,127.37574217132314,0.0,0.22916122288999216,-1.0,0.4,1.0,reacquire:road,0,0,0,0,-1.0
1787224620.8524377,25.986842128279317,0.0,127.91453813206542,0.0,0.2228899921609616,-1.0,0.4,1.0,reacquire:road,0,0,0,0,-1.0
1787224620.8924325,25.42793466127504,0.0,128.44823493840377,0.0,0.2189704729553175,-1.0,0.4,1.0,reacquire:road,0,0,0,0,-1.0
1787224620.928054,25.42862148596061,0.0,129.03627387434108,0.0,0.21256859158609878,-1.0,0.4,1.0,reacquire:road,0,0,0,0,-1.0
1787224620.968778,25.96817952520082,0.0,129.28450292397673,0.0,0.21178468774496995,-1.0,0.4,1.0,reacquire:road,0,0,0,0,-1.0
1787224621.0051608,25.58085365157729,0.0,129.9132475585516,0.0,0.2087797230206428,-1.0,0.4,1.0,reacquire:road,0,0,0,0,-1.0
1787224621.0419946,26.08056175125724,0.0,130.32768235243287,0.0,0.20577475829631564,-1.0,0.4,1.0,reacquire:road,0,0,0,0,-1.0
1787224621.0847044,26.30365535526741,0.0,131.05174580470472,0.0,0.2002874314084139,-1.0,0.4,1.0,reacquire:road,0,0,0,0,-1.0
1787224621.122997,25.700423440037827,0.0,131.26522183341402,0.0,0.20054873268879017,-1.0,0.4,1.0,reacquire:road,0,0,0,0,-1.0
1787224621.159817,25.7950588918523,0.0,131.84825291818845,0.0,0.19414685131957146,-1.0,0.4,1.0,reacquire:road,0,0,0,0,-1.0
1787224621.201005,26.09623502694295,0.0,132.44176285898973,0.0,0.18839822315129345,-1.0,0.4,1.0,reacquire:road,0,0,0,0,-1.0
1787224621.238171,25.687923315963726,0.0,132.79109474559053,0.0,0.18813692187091716,-1.0,0.4,1.0,reacquire:road,0,0,0,0,-1.0
1787224621.2743368,25.97080342781252,0.0,133.21430926216632,0.0,0.18421740266527306,-1.0,0.4,1.0,reacquire:road,0,0,0,0,-1.0
1787224621.31555,26.31442171963937,0.0,133.754755399983,0.0,0.18630781290828324,-1.0,0.4,1.0,reacquire:road,0,0,0,0,-1.0
1787224621.3526142,25.87935355313605,0.0,134.19144004039072,0.0,0.1843480533054612,-1.0,0.4,1.0,reacquire:road,0,0,0,0,-1.0
1787224621.3894122,26.141702760851974,0.0,134.70431706693753,0.0,0.18173504050169845,-1.0,0.4,1.0,reacquire:road,0,0,0,0,-1.0
1787224621.430286,26.339770748328988,0.0,135.69074930619774,0.0,0.17507185785210347,-1.0,0.4,1.0,reacquire:road,0,0,0,0,-1.0
1787224621.467578,25.959557769894136,0.0,136.10394696268878,0.0,0.1708910373660831,-1.0,0.4,1.0,reacquire:road,0,0,0,0,-1.0
1787224621.5039308,26.145517646342228,0.0,136.45134135060113,0.0,0.1667102168800627,-1.0,0.4,1.0,reacquire:road,0,0,0,0,-1.0
1787224621.545447,26.407653983299888,0.0,137.22149244526668,0.0,0.16292134831460675,-1.0,0.4,1.0,reacquire:road,0,0,0,0,-1.0
1787224621.591552,25.93635335326332,0.0,138.0019728520454,0.0,0.14724327149203031,-1.0,0.4,1.0,reacquire:road,0,0,0,0,-1.0
1787224621.6289644,25.035416006706264,0.0,138.78334969510465,0.0,0.1503788868565456,-1.0,0.4,1.0,reacquire:road,0,0,0,0,-1.0
1787224621.6718357,25.472929151022697,0.0,140.21959025778017,0.0,0.13391690619284036,-1.0,0.4,1.0,reacquire:road,0,0,0,0,-1.0
1787224621.7125807,25.030358295749966,0.0,140.34892467625343,0.0,0.13078129082832507,-1.0,0.4,1.0,reacquire:road,0,0,0,0,-1.0
1787224621.749602,24.945791585563565,0.0,140.16327786151533,0.0,0.13639926835641494,-1.0,0.4,1.0,reacquire:road,0,0,0,0,-1.0
1787224621.7914438,25.359108779979433,0.0,140.41183540382224,0.0,0.13417820747321663,-1.0,0.4,1.0,reacquire:road,0,0,0,0,-1.0
1787224621.829756,24.905154986671697,0.0,140.59922966387336,0.0,0.14201724588450484,-1.0,0.4,1.0,reacquire:road,0,0,0,0,-1.0
1787224621.8669453,25.351100158262007,0.0,141.61336108911632,0.0,0.1416252939639404,-1.0,0.4,1.0,reacquire:road,0,0,0,0,-1.0
1787224621.908922,25.65253008368645,0.0,141.80808278996054,0.0,0.13208779723020642,-1.0,0.4,1.0,reacquire:road,0,0,0,0,-1.0
1787224621.9485242,25.267995585467816,0.0,142.05785621763064,0.0,0.13822837731904886,-1.0,0.4,1.0,reacquire:road,0,0,0,0,-1.0
1787224621.9847949,25.295207272294856,0.0,142.77346317204803,0.0,0.12999738698719623,-1.0,0.4,1.0,reacquire:road,0,0,0,0,-1.0
1787224622.0273702,25.750961062169843,0.0,143.25050290380477,0.0,0.12372615625816566,-1.0,0.4,1.0,reacquire:road,0,0,0,0,-1.0
1787224622.0655963,25.251079660237718,0.0,143.57737283680683,0.0,0.1323490985105827,-1.0,0.4,1.0,reacquire:road,0,0,0,0,-1.0
1787224622.1023018,25.49244815371521,0.0,143.9871802725575,0.0,0.125947217141364,-1.0,0.4,1.0,reacquire:road,0,0,0,0,-1.0
1787224622.1444082,25.84260497566949,0.0,145.07005040684155,0.0,0.1302586882675725,-1.0,0.4,1.0,reacquire:road,0,0,0,0,-1.0
1787224622.184778,25.414508187349913,0.0,145.31509074490077,0.0,0.13208779723020642,-1.0,0.4,1.0,reacquire:road,0,0,0,0,-1.0
1787224622.2240314,25.28690492709953,0.0,145.3948080481034,0.0,0.1323490985105827,-1.0,0.4,1.0,reacquire:road,0,0,0,0,-1.0
1787224622.2660968,25.326960940160614,0.0,145.89421060746187,0.0,0.13117324274888947,-1.0,0.4,1.0,reacquire:road,0,0,0,0,-1.0
1787224622.3028538,25.01314934759725,0.0,146.53693276570544,0.0,0.1290828325058793,-1.0,0.4,1.0,reacquire:road,0,0,0,0,-1.0
1787224622.338995,25.44262574115512,0.0,146.9277637627664,0.0,0.12646981970211654,-1.0,0.4,1.0,reacquire:road,0,0,0,0,-1.0
1787224622.3803718,25.869523784453992,0.0,147.7132208021484,0.0,0.1213744447347792,-1.0,0.4,1.0,reacquire:road,0,0,0,0,-1.0
1787224622.421375,25.47879239762647,0.0,148.8953168501439,0.0,0.11797752808988764,-1.0,0.4,1.0,reacquire:road,0,0,0,0,-1.0
1787224622.4588861,25.329224312795386,0.0,149.03079487113942,0.0,0.11588711784687745,-1.0,0.4,1.0,reacquire:road,0,0,0,0,-1.0
1787224622.4997435,25.59916027066374,0.0,149.5710820093122,0.0,0.11366605696367912,-1.0,0.4,1.0,reacquire:road,0,0,0,0,-1.0
1787224622.53717,25.33735953819811,0.0,149.96786033562313,0.0,0.11340475568330285,-1.0,0.4,1.0,reacquire:road,0,0,0,0,-1.0
1787224622.572983,25.655559642597964,0.0,150.53821741462497,0.0,0.11301280376273844,-1.0,0.4,1.0,reacquire:road,0,0,0,0,-1.0
1787224622.61374,26.12030650996495,0.0,151.16789425890434,0.0,0.11262085184217403,-1.0,0.4,1.0,reacquire:road,0,0,0,0,-1.0
1787224622.652245,25.781910621680346,0.0,151.83812469439536,0.0,0.1103997909589757,-1.0,0.4,1.0,reacquire:road,0,0,0,0,-1.0
1787224622.689253,25.84884363151175,0.0,153.1544197234859,0.0,0.10883198327671806,-1.0,0.4,1.0,reacquire:road,0,0,0,0,-1.0
1787224622.7294014,26.07397760153347,0.0,153.4605881899472,0.0,0.10504311471126208,-1.0,0.4,1.0,reacquire:road,0,0,0,0,-1.0
1787224622.7667606,25.76931703677474,0.0,153.7442631539201,0.0,0.10425921087013326,-1.0,0.4,1.0,reacquire:road,0,0,0,0,-1.0
1787224622.8026836,26.065437843547215,0.0,153.8557932469931,0.0,0.10282205382806375,-1.0,0.4,1.0,reacquire:road,0,0,0,0,-1.0
1787224622.8445106,26.41287261250839,0.0,154.2806930311437,0.0,0.10256075254768748,-1.0,0.4,1.0,reacquire:road,0,0,0,0,-1.0
1787224622.884298,25.903115444236683,0.0,155.1110193383547,0.0,0.10099294486542984,-1.0,0.4,1.0,reacquire:road,0,0,0,0,-1.0
1787224622.9207828,25.764797166700927,0.0,155.56246735511945,0.0,0.10138489678599426,-1.0,0.4,1.0,reacquire:road,0,0,0,0,-1.0
1787224622.9633827,26.08412708613644,0.0,156.1602912788606,0.0,0.10112359550561797,-1.0,0.4,1.0,reacquire:road,0,0,0,0,-1.0
1787224623.0004883,25.545887938621547,0.0,156.9586827908769,0.0,0.09785732950091455,-1.0,0.4,1.0,reacquire:road,0,0,0,0,-1.0
1787224623.0373502,25.85811828728328,0.0,157.47829812776112,0.0,0.09668147373922133,-1.0,0.4,1.0,reacquire:road,0,0,0,0,-1.0
1787224623.0789652,26.08305259722259,0.0,158.10632167760667,0.0,0.09263130389338908,-1.0,0.4,1.0,reacquire:road,0,0,0,0,-1.0
1787224623.1178823,25.566497026121134,0.0,158.45144572408745,0.0,0.0919780506924484,-1.0,0.4,1.0,reacquire:road,0,0,0,0,-1.0
1787224623.1543074,25.746053030916727,0.0,158.86884682403533,0.0,0.09106349621113144,-1.0,0.4,1.0,reacquire:road,0,0,0,0,-1.0
1787224623.1965508,25.98613689844765,0.0,159.45989859197397,0.0,0.09158609877188398,-1.0,0.4,1.0,reacquire:road,0,0,0,0,-1.0
1787224623.2337306,25.59175995285679,0.0,159.79823894196846,0.0,0.09041024301019075,-1.0,0.4,1.0,reacquire:road,0,0,0,0,-1.0
1787224623.2716212,25.865684049840358,0.4737903225806452,59.587544745440255,0.0,0.08962633916906193,-0.9,0.48000000000000004,1.0,follow,0,0,0,0,-1.0
1787224623.313844,25.956252005833,0.467741935483871,58.40662257790703,0.0,0.09289260517376535,-0.8,0.56,1.0,follow,0,0,0,0,-1.0
1787224623.353363,25.502350768356642,0.4616935483870968,59.0684533272763,0.0,0.09367650901489417,-0.7000000000000001,0.64,1.0,follow,0,0,0,0,-1.0
1787224623.3904905,25.456704731573776,0.45564516129032256,58.42174369747906,0.0,0.08374706036059577,-0.6000000000000001,0.72,1.0,follow,0,0,0,0,-1.0
1787224623.4327974,25.772140904632465,0.4435483870967742,61.83200362256339,0.0,0.08518421740266527,-0.5000000000000001,0.7999999999999999,1.0,follow,0,0,0,0,-1.0
1787224623.4710848,25.335384705436123,0.4375,64.00449489331575,0.0,0.07015939378102953,-0.40000000000000013,0.8799999999999999,1.0,follow,0,0,0,0,-1.0
1787224623.5080733,25.494738293917056,0.4314516129032258,62.565565906562625,0.0,0.06467206689312778,-0.30000000000000016,0.9599999999999999,1.0,follow,0,0,0,0,-1.0
1787224623.5555937,25.81207750725099,0.4314516129032258,64.15584280152513,0.0,0.053436111836948,-0.20000000000000015,1.0,1.0,follow,0,0,0,0,-1.0
1787224623.5981913,24.851007364812922,0.4254032258064516,62.27106838285913,0.0,0.046511627906976744,-0.18810203596496583,1.0,1.0,follow,0,0,0,0,-1.0
1787224623.6381779,24.475090055631927,0.41330645161290325,57.34988842575035,0.0,0.04285340998170891,-0.28810203596496586,1.0,1.0,follow,0,0,0,0,-1.0
1787224623.6798198,24.700566102541924,0.4008294930875576,63.96175824175491,0.0,0.0459890253462242,-0.18810203596496586,1.0,1.0,follow,0,0,0,0,-1.0
1787224623.7181368,24.50764665557436,0.3830184331797235,57.648453177256044,0.0,0.043376012542461456,-0.28810203596496586,1.0,1.0,follow,0,0,0,0,-1.0
1787224623.7547007,24.908078037246646,0.3502073732718894,70.18167701863291,0.0,0.05003919519205644,-0.18810203596496586,1.0,1.0,follow,0,0,0,0,-1.0
1787224623.797084,25.390920311588907,0.34020737327188943,70.18626482213654,0.0,0.05644107656127515,-0.08810203596496585,1.0,1.0,follow,0,0,0,0,-1.0
1787224623.8382115,24.91271634515516,0.32558755760368663,70.31900205057659,0.0,0.053697413117324275,-0.06594939125715592,1.0,1.0,follow,0,0,0,0,-1.0
1787224623.876679,24.835536114442622,0.3109677419354839,64.90626566414296,0.0,0.05644107656127515,-0.1659493912571559,1.0,1.0,follow,0,0,0,0,-1.0
1787224623.918421,25.172462179238252,0.2956336405529954,71.67720772519783,0.0,0.05395871439770055,-0.0659493912571559,1.0,1.0,follow,0,0,0,0,-1.0
1787224623.9585009,24.834535546378557,0.0,166.42059821153182,0.0,0.05487326887901751,-0.0659493912571559,1.0,1.0,slow:lane_dropout,0,0,0,0,-1.0
1787224623.9957182,24.881703195655273,0.0,166.2500154178223,0.0,0.056310425921087016,-0.0659493912571559,1.0,1.0,slow:lane_dropout,0,0,0,0,-1.0
1787224624.0379806,25.375393569409333,0.0,167.15340733888314,0.0,0.05252155735563104,-0.0659493912571559,1.0,1.0,slow:lane_dropout,0,0,0,0,-1.0
1787224624.0768409,25.011511993096924,0.18472350230414747,120.00412087912309,0.0,0.05356676247713614,-0.04373884635679483,1.0,1.0,follow,0,0,0,0,-1.0
1787224624.1135333,25.18090871226717,0.0,167.36999854105056,0.0,0.054089365037888686,-0.04373884635679483,1.0,1.0,slow:lane_dropout,0,0,0,0,-1.0
1787224624.1573339,25.59620888975668,0.0,168.5243088452329,0.0,0.056179775280898875,-0.04373884635679483,1.0,1.0,slow:lane_dropout,0,0,0,0,-1.0
1787224624.1936538,25.0389790649161,0.0,169.497808240748,0.0,0.0633655604912464,-0.04373884635679483,1.0,1.0,slow:lane_dropout,0,0,0,0,-1.0
1787224624.2300394,25.543578741391126,0.0,169.97784511701423,0.0,0.06205905408936504,-0.18373884635679483,0.4,1.0,reacquire:road,0,0,0,0,-1.0
1787224624.2716599,25.93183986197274,0.0,170.4625001763323,0.0,0.061928403449176904,-0.32373884635679484,0.4,1.0,reacquire:road,0,0,0,0,-1.0
1787224624.3100023,25.540323561440978,0.36254608294930873,70.37503575401234,0.0,0.06702377841651425,-0.4237388463567948,0.48000000000000004,1.0,follow,0,0,0,0,-1.0
1787224624.3465111,25.65979398086661,0.0,171.1164467410071,0.0,0.07316435850535667,-0.4237388463567948,0.56,1.0,slow:lane_dropout,0,0,0,0,-1.0
1787224624.3906305,26.007078277670377,0.2898271889400922,75.93690005646567,0.0,0.07669192579043638,-0.32373884635679484,0.64,1.0,follow,0,0,0,0,-1.0
1787224624.4281917,25.321399105792313,0.0,171.88373034227524,0.0,0.07865168539325842,-0.32373884635679484,0.72,1.0,slow:lane_dropout,0,0,0,0,-1.0
1787224624.4651911,25.606521222834502,0.32301843317972345,70.44353982973524,0.0,0.07904363731382284,-0.3259820816306894,0.7999999999999999,1.0,follow,0,0,0,0,-1.0
1787224624.5074477,25.890474250406484,0.4267396313364055,73.3788104684689,0.0,0.07956623987457538,-0.22598208163068942,0.8799999999999999,1.0,follow,0,0,0,0,-1.0
1787224624.5477083,25.43093345794232,0.4552649769585254,73.50624711801187,0.0,0.08126469819702116,-0.20912623045701306,0.9599999999999999,1.0,follow,0,0,0,0,-1.0
1787224624.5842304,25.327716346642134,0.467741935483871,73.35320813958593,0.0,0.07904363731382284,-0.2129587661830824,1.0,1.0,follow,0,0,0,0,-1.0
1787224624.626855,25.720302985014193,0.4798387096774194,73.63140113798,0.0,0.07930493859419911,-0.20809729324757797,1.0,1.0,follow,0,0,0,0,-1.0
1787224624.6647687,25.25640422332213,0.4798387096774194,73.7853156800525,0.0,0.08257120459890253,-0.20989016328946375,1.0,1.0,follow,0,0,0,0,-1.0
1787224624.7012644,25.513352468770123,0.48588709677419356,74.04164916372875,0.0,0.07956623987457538,-0.2098055085697486,1.0,1.0,follow,0,0,0,0,-1.0
1787224624.7434206,25.877203385274893,0.49798387096774194,74.22141859841796,0.0,0.0803501437157042,-0.21137004348762523,1.0,1.0,follow,0,0,0,0,-1.0
1787224624.7839515,25.34529725155391,0.5040322580645161,74.7075942350332,0.0,0.08230990331852626,-0.20774618890807442,1.0,1.0,follow,0,0,0,0,-1.0
1787224624.8203475,25.33351321535371,0.48588709677419356,75.17562096509468,0.0,0.08139534883720931,-0.20440981797037933,1.0,1.0,follow,0,0,0,0,-1.0
1787224624.8621671,25.750349140304138,0.5100806451612904,75.19683464578532,0.0,0.08518421740266527,-0.2115326475607954,1.0,1.0,follow,0,0,0,0,-1.0
1787224624.8998613,25.386423730464358,0.5100806451612904,75.6874240337088,0.0,0.07956623987457538,-0.20654763470571474,1.0,1.0,follow,0,0,0,0,-1.0
1787224624.9395523,25.624406785501463,0.5040322580645161,75.71321021576247,0.0,0.07551607002874314,-0.21274114546614045,1.0,1.0,follow,0,0,0,0,-1.0
1787224624.983161,25.52903443792724,0.49798387096774194,75.58298168082631,0.0,0.07721452835118892,-0.22236540745172806,1.0,1.0,follow,0,0,0,0,-1.0
1787224625.0273883,24.799191848771407,0.49193548387096775,75.88958530237417,0.0,0.0778677815521296,-0.22240550950286458,1.0,1.0,follow,0,0,0,0,-1.0
1787224625.0642493,24.593209735909486,0.48588709677419356,76.62426841277926,0.0,0.084922916122289,-0.21179547678249297,1.0,1.0,follow,0,0,0,0,-1.0
1787224625.1069107,25.102396139837992,0.4798387096774194,77.12147116752371,0.0,0.07577737130911942,-0.2086215585410492,1.0,1.0,follow,0,0,0,0,-1.0
1787224625.144295,24.749922082338657,0.4737903225806452,77.14671293618659,0.0,0.06323490985105827,-0.2165753254144917,1.0,1.0,follow,0,0,0,0,-1.0
1787224625.1819274,25.175378042110996,0.467741935483871,77.10556309294705,0.0,0.06806898353801934,-0.22633274913081428,1.0,1.0,follow,0,0,0,0,-1.0
1787224625.2257073,25.452146030912694,0.4616935483870968,77.10649557120101,0.0,0.0919780506924484,-0.23403115443245723,1.0,1.0,follow,0,0,0,0,-1.0
1787224625.2674136,24.882552440615836,0.45564516129032256,77.20168067226889,0.0,0.09328455709432976,-0.23671750710861172,1.0,1.0,follow,0,0,0,0,-1.0
1787224625.3042624,24.75234837155501,0.41330645161290325,80.75856876201722,0.0,0.09014894172981448,-0.15837260789909277,1.0,1.0,follow,0,0,0,0,-1.0
1787224625.3462589,25.22946930591313,0.4375,78.49559232480505,0.0,0.09014894172981448,-0.227691502852394,1.0,1.0,follow,0,0,0,0,-1.0
1787224625.384028,24.94283836245223,0.4375,82.19928203053759,0.0,0.08923438724849751,-0.1467148346949671,1.0,1.0,follow,0,0,0,0,-1.0
1787224625.4227016,25.251079630068396,0.4254032258064516,79.35335558027423,0.0,0.0919780506924484,-0.22790116551071687,1.0,1.0,follow,0,0,0,0,-1.0
1787224625.4640021,25.370970158872133,0.4254032258064516,80.15917156629051,0.0,0.09106349621113144,-0.21072693233602374,1.0,1.0,follow,0,0,0,0,-1.0
1787224625.505936,25.080936117831083,0.41330645161290325,81.04113089975183,0.0,0.0894956885288738,-0.19579204279757614,1.0,1.0,follow,0,0,0,0,-1.0
1787224625.5423744,24.898841623277004,0.41330645161290325,82.08325965222531,0.0,0.08714397700548733,-0.1789312725544301,1.0,1.0,follow,0,0,0,0,-1.0
1787224625.5854843,25.317144913114248,0.3947811059907834,82.56561872909653,0.0,0.08479226548210086,-0.17600732208858186,1.0,1.0,follow,0,0,0,0,-1.0
1787224625.6237128,24.938189248362733,0.37658986175115206,84.39005016722246,0.0,0.08178730075777371,-0.14368993749592215,1.0,1.0,follow,0,0,0,0,-1.0
1787224625.6605012,25.20890468068577,0.35449308755760367,87.49929418407663,0.0,0.07969689051476352,-0.07721574296968149,1.0,1.0,follow,0,0,0,0,-1.0
1787224625.703496,25.606084006796006,0.24601382488479265,39.49929418407663,0.0,0.0803501437157042,-0.1772157429696815,1.0,1.0,follow,0,0,0,0,-1.0
1787224625.7435076,25.123494698644585,0.28491935483870967,78.22323538665819,0.0,0.08008884243532793,-0.1335400876714281,1.0,1.0,follow,0,0,0,0,-1.0
1787224625.7806683,25.11221253956966,0.18434331797235023,30.22323538665819,0.0,0.08335510844003136,-0.23354008767142811,1.0,1.0,follow,0,0,0,0,-1.0
1787224625.8229275,25.472119343708158,0.287684331797235,78.22323538665819,0.0,0.08204860203814998,-0.16210412347939301,1.0,1.0,follow,0,0,0,0,-1.0
1787224625.8603184,25.070859574053795,0.2848271889400922,80.42670807453408,0.0,0.08688267572511105,-0.1643150774141422,1.0,1.0,follow,0,0,0,0,-1.0
1787224625.8963223,25.45649754813231,0.29730414746543776,80.66967391304337,0.0,0.08387771100078391,-0.1953174234783638,1.0,1.0,follow,0,0,0,0,-1.0
1787224625.9385822,25.920080990316833,0.17367511520737328,86.49999999999956,0.0,0.08361640972040763,-0.0953174234783638,1.0,1.0,follow,0,0,0,0,-1.0
1787224625.978657,25.245523505915546,0.3265437788018433,81.10012210012212,0.0,0.08178730075777371,-0.1953174234783638,1.0,1.0,follow,0,0,0,0,-1.0
1787224626.015332,25.461787322870208,0.33440092165898616,81.42197802197774,0.0,0.08061144499608049,-0.23354955646566494,1.0,1.0,follow,0,0,0,0,-1.0
1787224626.057246,25.822638533103827,0.3475921658986175,81.7454633489117,0.0,0.08139534883720931,-0.23693386085144458,1.0,1.0,follow,0,0,0,0,-1.0
1787224626.094833,25.40670505264264,0.3475921658986175,81.57688097343231,0.0,0.0803501437157042,-0.24843629717810095,1.0,1.0,follow,0,0,0,0,-1.0
1787224626.1311257,25.675940499846305,0.36187788018433176,82.34525283145916,0.0,0.0679383328978312,-0.24159930037003519,1.0,1.0,follow,0,0,0,0,-1.0
1787224626.1738935,26.045132813337744,0.38149769585253457,82.57925455770292,0.0,0.057616932322968384,-0.2560379161885038,1.0,1.0,follow,0,0,0,0,-1.0
1787224626.212744,25.49661726777647,0.39183179723502304,82.342322156894,0.0,0.060883198327671806,-0.2682843918130005,1.0,1.0,follow,0,0,0,0,-1.0
1787224626.2489195,25.568920048897777,0.41892857142857143,82.68541308524618,0.0,0.06022994512673112,-0.27434768279087907,1.0,1.0,follow,0,0,0,0,-1.0
1787224626.2905834,25.984968197933654,0.4150230414746544,82.55977673605577,0.0,0.06258165665011758,-0.2806938253363239,1.0,1.0,follow,0,0,0,0,-1.0
1787224626.329714,25.569747015551393,0.4296428571428571,82.41835878248543,0.0,0.0665011758557617,-0.28834981446020513,1.0,1.0,follow,0,0,0,0,-1.0
1787224626.3682454,25.493768928195692,0.4435483870967742,82.15635242366739,0.0,0.06676247713613796,-0.29806532597338353,1.0,1.0,follow,0,0,0,0,-1.0
1787224626.4103677,25.67193357417008,0.45564516129032256,82.93301820728283,0.0,0.0654559707342566,-0.28270358389076444,1.0,1.0,follow,0,0,0,0,-1.0
1787224626.4502885,25.28493771705966,0.4616935483870968,83.49658497305518,0.0,0.06728507969689052,-0.2773652978500408,1.0,1.0,follow,0,0,0,0,-1.0
1787224626.4872725,25.24216710827637,0.4616935483870968,84.01839654780815,0.0,0.06597857329500914,-0.27128145321345243,1.0,1.0,follow,0,0,0,0,-1.0
1787224626.5281305,25.601119071949697,0.4737903225806452,84.1666666666666,0.0,0.05644107656127515,-0.273621824757277,1.0,1.0,follow,0,0,0,0,-1.0
1787224626.5684144,25.195465954175834,0.48588709677419356,84.35057766367137,0.0,0.05539587143977005,-0.274941980977103,1.0,1.0,follow,0,0,0,0,-1.0
1787224626.6069448,25.31932828897011,0.48588709677419356,84.49183864915565,0.0,0.053305461196759864,-0.2756287070045878,1.0,1.0,follow,0,0,0,0,-1.0
1787224626.6480155,25.455324522840503,0.48588709677419356,84.72852609694723,0.0,0.054089365037888686,-0.27386350980436547,1.0,1.0,follow,0,0,0,0,-1.0
1787224626.6906595,25.18923671048907,0.48588709677419356,84.5744611007768,0.0,0.05252155735563104,-0.28232854643972005,1.0,1.0,follow,0,0,0,0,-1.0
1787224626.727846,24.886773274485563,0.5040322580645161,84.16126584702847,0.0,0.05395871439770055,-0.29658890139702626,1.0,1.0,follow,0,0,0,0,-1.0
1787224626.7703414,25.287014153049302,0.49798387096774194,83.40771786353172,0.0,0.051476352234125944,-0.3197170203637504,1.0,1.0,follow,0,0,0,0,-1.0
1787224626.8088033,24.910477036380634,0.49193548387096775,82.92653955479707,0.0,0.05356676247713614,-0.3321224308132201,1.0,1.0,follow,0,0,0,0,-1.0
1787224626.8453655,25.15879014676623,0.49193548387096775,82.7150416496211,0.0,0.05735563104259211,-0.3389019172541249,1.0,1.0,follow,0,0,0,0,-1.0
1787224626.887579,25.598745969537536,0.48588709677419356,83.23037691587092,0.0,0.05931539064541416,-0.3264817191266196,1.0,1.0,follow,0,0,0,0,-1.0
1787224626.928588,25.150921600250097,0.48588709677419356,83.3083541722822,0.0,0.05983799320616671,-0.32640645106595045,1.0,1.0,follow,0,0,0,0,-1.0
1787224626.9654453,25.06867312011806,0.48588709677419356,83.64576833671826,0.0,0.05774758296315652,-0.31997519157995336,1.0,1.0,follow,0,0,0,0,-1.0
1787224627.0072825,25.478139181825014,0.48588709677419356,83.18025468442661,0.0,0.05644107656127515,-0.3331882041515869,1.0,1.0,follow,0,0,0,0,-1.0
1787224627.0458293,25.1292267311454,0.48588709677419356,83.66092049885367,0.0,0.051607002874314085,-0.32169170620448284,1.0,1.0,follow,0,0,0,0,-1.0
1787224627.0819383,25.33598719592568,0.48588709677419356,83.74828128711296,0.0,0.049777893911680166,-0.32031411718021063,1.0,1.0,follow,0,0,0,0,-1.0
1787224627.123464,25.80742186802634,0.48588709677419356,83.65684989818493,0.0,0.04821008622942252,-0.322801321210639,1.0,1.0,follow,0,0,0,0,-1.0
1787224627.1634629,25.341743862280836,0.48588709677419356,83.38609790792061,0.0,0.046903579827541154,-0.329040171462446,1.0,1.0,follow,0,0,0,0,-1.0
1787224627.1995862,25.40884488923981,0.48588709677419356,82.90662171502984,0.0,0.043376012542461456,-0.34021109734981975,1.0,1.0,follow,0,0,0,0,-1.0
1787224627.242045,25.837532967988814,0.48588709677419356,83.16807757693499,0.0,0.03279331068722237,-0.3318355365602498,1.0,1.0,follow,0,0,0,0,-1.0
1787224627.2792046,25.395266870232057,0.48588709677419356,83.12291932991542,0.0,0.029527044682518943,-0.33279985210474416,1.0,1.0,follow,0,0,0,0,-1.0
1787224627.3149717,25.69656160255452,0.48588709677419356,83.92379082943893,0.0,0.02417036843480533,-0.3125590096335219,1.0,1.0,follow,0,0,0,0,-1.0
1787224627.3567595,26.15106686060441,0.48588709677419356,83.33907282912408,0.0,0.021034753070290044,-0.3300671796896668,1.0,1.0,follow,0,0,0,0,-1.0
1787224627.3955631,25.706733343417653,0.48588709677419356,83.78688427244255,0.0,0.019205644107656128,-0.31937623688846045,1.0,1.0,follow,0,0,0,0,-1.0
1787224627.4351063,25.72625560404093,0.48588709677419356,83.84252893655966,0.0,0.019336294747844266,-0.31818238876029814,1.0,1.0,follow,0,0,0,0,-1.0
1787224627.4773564,25.61488311566782,0.48588709677419356,84.0128329672617,0.0,0.01907499346746799,-0.31441577718099695,1.0,1.0,follow,0,0,0,0,-1.0
1787224627.5145946,25.236189968974337,0.48588709677419356,84.18726898123556,0.0,0.019728246668408674,-0.3100108989840711,1.0,1.0,follow,0,0,0,0,-1.0
1787224627.5510151,25.5730945285376,0.48588709677419356,84.28973589467805,0.0,0.019728246668408674,-0.3078752392648504,1.0,1.0,follow,0,0,0,0,-1.0
1787224627.5926497,25.93864865819592,0.48588709677419356,83.55827877843264,0.0,0.020904102430101906,-0.326815193375102,1.0,1.0,follow,0,0,0,0,-1.0
1787224627.6332874,25.55250122078065,0.48588709677419356,83.79593086717591,0.0,0.02286386203292396,-0.3194713376312785,1.0,1.0,follow,0,0,0,0,-1.0
1787224627.6698332,25.359688356432336,0.48588709677419356,84.28471319645891,0.0,0.029004442121766397,-0.30717445349128447,1.0,1.0,follow,0,0,0,0,-1.0
1787224627.7127514,25.771625447380423,0.48588709677419356,84.1342057224598,0.0,0.030441599163835903,-0.3116312371721397,1.0,1.0,follow,0,0,0,0,-1.0
1787224627.7521472,25.24076151976492,0.49193548387096775,83.94774788754258,0.0,0.03632087797230207,-0.3164430075072716,1.0,1.0,follow,0,0,0,0,-1.0
1787224627.7893138,25.3053860809878,0.49193548387096775,83.69494509021162,0.0,0.0399790958975699,-0.32314230823966744,1.0,1.0,follow,0,0,0,0,-1.0
1787224627.8309648,25.63830582085388,0.48588709677419356,84.16537740960068,0.0,0.04781813430885811,-0.3109199592600368,1.0,1.0,follow,0,0,0,0,-1.0
1787224627.8688264,25.29529015511651,0.4798387096774194,84.85661724477501,0.0,0.05787823360334465,-0.2965718109530133,1.0,1.0,follow,0,0,0,0,-1.0
1787224627.9051273,25.541072241653367,0.4798387096774194,85.55575464128088,0.0,0.06780768225764307,-0.28334884813546224,1.0,1.0,follow,0,0,0,0,-1.0
1787224627.9479399,25.850850366936125,0.4737903225806452,84.81599007914825,0.0,0.06872223673896002,-0.3070184422325789,1.0,1.0,follow,0,0,0,0,-1.0
1787224627.9902172,25.413450796345394,0.4737903225806452,85.57203820361744,0.0,0.07773713091194147,-0.2907696119414156,1.0,1.0,follow,0,0,0,0,-1.0
1787224628.0271037,25.060907754347415,0.467741935483871,86.33744028194461,0.0,0.08897308596812124,-0.2764269075876887,1.0,1.0,follow,0,0,0,0,-1.0
1787224628.0707672,25.47706988201741,0.467741935483871,86.95056580242311,0.0,0.08831983276718056,-0.26537778331365125,1.0,1.0,follow,0,0,0,0,-1.0
1787224628.109335,24.919332666838194,0.45564516129032256,87.05987394957977,0.0,0.08609877188398223,-0.2680553888913712,1.0,1.0,follow,0,0,0,0,-1.0
1787224628.146029,25.180789239478187,0.4435483870967742,85.35936421856115,0.0,0.09054089365037889,-0.3147117506481987,1.0,1.0,follow,0,0,0,0,-1.0
1787224628.188307,25.595356928122026,0.4375,85.04249292142698,0.0,0.09145544813169584,-0.3228586246393065,1.0,1.0,follow,0,0,0,0,-1.0
1787224628.2259696,25.19592893190425,0.4254032258064516,84.54670091989337,0.0,0.08649072380454664,-0.3337927462903934,1.0,1.0,follow,0,0,0,0,-1.0
1787224628.2639842,25.481313230415857,0.4193548387096774,85.81141320365471,0.0,0.06610922393519729,-0.30344286120617864,1.0,1.0,follow,0,0,0,0,-1.0
1787224628.3066845,25.64687585258816,0.41330645161290325,87.04945897014898,0.0,0.06258165665011758,-0.2779566934200597,1.0,1.0,follow,0,0,0,0,-1.0
1787224628.346859,25.189524493691152,0.407258064516129,84.00329670329725,0.0,0.08636007316435851,-0.35267337486397016,1.0,1.0,follow,0,0,0,0,-1.0
1787224628.3845308,25.140804289834502,0.3837327188940092,85.24255852843135,0.0,0.07251110530441598,-0.32179092909601054,1.0,1.0,follow,0,0,0,0,-1.0
1787224628.4277606,25.406136804793487,0.35235023041474656,78.37845849802176,0.0,0.08374706036059577,-0.42179092909601057,1.0,1.0,follow,0,0,0,0,-1.0
1787224628.4663289,24.959873144191942,0.3413018433179723,88.57792207792112,0.0,0.08779723020642802,-0.3217909290960106,1.0,1.0,follow,0,0,0,0,-1.0
1787224628.5038207,25.152291966851216,0.3284447004608295,101.24791524264822,0.0,0.08766657956623987,-0.2217909290960106,1.0,1.0,follow,0,0,0,0,-1.0
1787224628.546046,25.46341644740348,0.3027764976958526,97.09450095827842,0.0,0.0898876404494382,-0.12179092909601058,1.0,1.0,follow,0,0,0,0,-1.0
1787224628.5867407,24.912456368100884,0.2817281105990783,97.26883384932324,0.0,0.08845048340736869,-0.10520612393155848,1.0,1.0,follow,0,0,0,0,-1.0
1787224628.6246774,25.071632954864594,0.2517741935483871,86.91066176469903,0.0,0.08975698980925007,-0.2052061239315585,1.0,1.0,follow,0,0,0,0,-1.0
1787224628.667597,25.331018761300058,0.22396313364055298,71.17170329667181,0.0,0.09106349621113144,-0.3052061239315585,1.0,1.0,follow,0,0,0,0,-1.0
1787224628.7082882,24.752113150738463,0.33263824884792625,82.37347454477919,0.0,0.0919780506924484,-0.34928613835647004,1.0,1.0,follow,0,0,0,0,-1.0
1787224628.7470548,24.851457871497725,0.3362096774193548,82.27224080267575,0.0,0.09289260517376535,-0.33600692342092375,1.0,1.0,follow,0,0,0,0,-1.0
1787224628.7903793,25.109905465961262,0.35225806451612907,82.39769230769213,0.0,0.09419911157564673,-0.32505300111194013,1.0,1.0,follow,0,0,0,0,-1.0
1787224628.8314764,24.628589754610484,0.36902073732718893,82.2844090775119,0.0,0.09563626861771622,-0.3283853125865328,1.0,1.0,follow,0,0,0,0,-1.0
1787224628.869618,24.635005885332472,0.3800691244239631,82.09920108626989,0.0,0.09419911157564673,-0.3373797631606921,1.0,1.0,follow,0,0,0,0,-1.0
1787224628.9118774,24.981985227396937,0.39221198156682024,81.80065049892664,0.0,0.09772667886072642,-0.35365579878011555,1.0,1.0,follow,0,0,0,0,-1.0
1787224628.950283,24.66969363265189,0.40006912442396314,81.55783440697195,0.0,0.10033969166448915,-0.3643132442801633,1.0,1.0,follow,0,0,0,0,-1.0
1787224628.9876084,24.994654614409356,0.4007834101382488,81.12195275988324,0.0,0.10243010190749935,-0.37835199502039873,1.0,1.0,follow,0,0,0,0,-1.0
1787224629.0297124,25.36366449709354,0.4264516129032258,80.87604282536142,0.0,0.10112359550561797,-0.38569228050930865,1.0,1.0,follow,0,0,0,0,-1.0
1787224629.0700564,24.88202094518621,0.4254032258064516,80.29561417447923,0.0,0.10661092239351973,-0.4016022685148219,1.0,1.0,follow,0,0,0,0,-1.0
1787224629.1085384,25.046928802530587,0.4375,79.97352487612517,0.0,0.10138489678599426,-0.4075645463871389,1.0,1.0,follow,0,0,0,0,-1.0
1787224629.1524649,25.230885198160227,0.4435483870967742,79.83831885026729,0.0,0.10256075254768748,-0.4092338588527108,1.0,1.0,follow,0,0,0,0,-1.0
1787224629.191187,24.70934034664754,0.4495967741935484,79.85790679908297,0.0,0.10478181343088581,-0.41061039402985466,1.0,1.0,follow,0,0,0,0,-1.0
1787224629.2282104,24.971878858785832,0.45564516129032256,80.27128851540533,0.0,0.10007839038411288,-0.40520363927043535,1.0,1.0,follow,0,0,0,0,-1.0
1787224629.2703338,25.384979555921298,0.4616935483870968,80.98455598455581,0.0,0.10504311471126208,-0.39092254988140884,1.0,1.0,follow,0,0,0,0,-1.0
1787224629.3100162,25.045293422202974,0.4798387096774194,80.84684684684655,0.0,0.10530441599163835,-0.39916424671621364,1.0,1.0,follow,0,0,0,0,-1.0
1787224629.3478224,25.087139906691355,0.4798387096774194,80.05895065105625,0.0,0.10765612751502482,-0.421166495809747,1.0,1.0,follow,0,0,0,0,-1.0
1787224629.3912292,25.329471046795494,0.4798387096774194,80.2459787722949,0.0,0.10961588711784688,-0.41738126453172375,1.0,1.0,follow,0,0,0,0,-1.0
1787224629.4291408,24.88225805430652,0.49193548387096775,78.1672479157557,0.0,0.10844003135615364,-0.46678364103505066,1.0,1.0,follow,0,0,0,0,-1.0
1787224629.4649901,25.195080546638202,0.48588709677419356,78.37474079194226,0.0,0.10608831983276718,-0.45965736365439624,1.0,1.0,follow,0,0,0,0,-1.0
1787224629.506698,25.721294991598405,0.48588709677419356,78.93006586620169,0.0,0.10739482623464855,-0.4439898010034424,1.0,1.0,follow,0,0,0,0,-1.0
1787224629.5471,25.2960658966357,0.4798387096774194,79.074483896852,0.0,0.10948523647765875,-0.4419682057920923,1.0,1.0,follow,0,0,0,0,-1.0
1787224629.583692,25.270715258934242,0.4737903225806452,79.0777619724991,0.0,0.1083093807159655,-0.4428672474978278,1.0,1.0,follow,0,0,0,0,-1.0
1787224629.6249168,25.691304892373598,0.4737903225806452,79.31801958117765,0.0,0.11314345440292657,-0.43683136834880953,1.0,1.0,follow,0,0,0,0,-1.0
1787224629.6632519,25.19414845965418,0.467741935483871,80.39166138717232,0.0,0.11719362424875882,-0.4109906128545351,1.0,1.0,follow,0,0,0,0,-1.0
1787224629.6996605,25.642701669371096,0.4616935483870968,79.21069725187346,0.0,0.1178468774496995,-0.44144904983794864,1.0,1.0,follow,0,0,0,0,-1.0
1787224629.7409706,26.00884631297746,0.4495967741935484,82.56752877104,0.0,0.12189704729553175,-0.35086688604998445,1.0,1.0,follow,0,0,0,0,-1.0
1787224629.779681,25.612670145632237,0.4435483870967742,80.95251584871492,0.0,0.12346485497778939,-0.39429309794435,1.0,1.0,follow,0,0,0,0,-1.0
1787224629.8164485,25.701429029934282,0.4375,82.18713469511417,0.0,0.1224196498562843,-0.3624593070027681,1.0,1.0,follow,0,0,0,0,-1.0
1787224629.8577983,25.998157372367274,0.4314516129032258,80.28916057524174,0.0,0.12268095113666057,-0.4122590303749446,1.0,1.0,follow,0,0,0,0,-1.0
1787224629.8967216,25.588820569279285,0.4254032258064516,77.95460564648536,0.0,0.12333420433760126,-0.4617238245474896,1.0,1.0,follow,0,0,0,0,-1.0
1787224629.9334872,25.651332657390668,0.4193548387096774,84.00525767336157,0.0,0.12699242226286908,-0.36172382454748964,1.0,1.0,follow,0,0,0,0,-1.0
1787224629.9756958,25.96744196718435,0.41330645161290325,84.14094143404513,0.0,0.1224196498562843,-0.3135163727319806,1.0,1.0,follow,0,0,0,0,-1.0
1787224630.0155106,25.512526056036947,0.407258064516129,85.19670329670316,0.0,0.12045989025346224,-0.29606755864899925,1.0,1.0,follow,0,0,0,0,-1.0
1787224630.0523462,25.419688752441974,0.4012096774193548,83.23096989966544,0.0,0.12019858897308597,-0.3493114857227518,1.0,1.0,follow,0,0,0,0,-1.0
1787224630.0943038,25.788827050795582,0.3930184331797235,83.50087792642239,0.0,0.11902273321139274,-0.3418176052500088,1.0,1.0,follow,0,0,0,0,-1.0
1787224630.132736,25.376574835028922,0.3644930875576037,84.7820440429126,0.0,0.1174549255291351,-0.31427010665556976,1.0,1.0,follow,0,0,0,0,-1.0
1787224630.1691551,25.52154493526425,0.3534447004608295,88.4891319207115,0.0,0.11876143193101646,-0.22693315725549665,1.0,1.0,follow,0,0,0,0,-1.0
1787224630.2112408,25.918417822125573,0.34344470046082953,91.66643882433735,0.0,0.1174549255291351,-0.15808454223431312,1.0,1.0,follow,0,0,0,0,-1.0
1787224630.2520597,25.46006027093425,0.33025345622119817,86.13963886991142,0.0,0.11732427488894695,-0.2580845422343131,1.0,1.0,follow,0,0,0,0,-1.0
1787224630.2889843,25.295995832271107,0.2981566820276498,92.65853973168245,0.0,0.11601776848706559,-0.1580845422343131,1.0,1.0,follow,0,0,0,0,-1.0
1787224630.3336034,25.567787774895468,0.26425115207373273,99.53173374612652,0.0,0.11549516592631304,-0.058084542234313086,1.0,1.0,follow,0,0,0,0,-1.0
1787224630.3722813,24.989117344646317,0.24786866359447005,83.65391079506998,0.0,0.1153645152861249,-0.1580845422343131,1.0,1.0,follow,0,0,0,0,-1.0
1787224630.4087493,25.172767743892614,0.20434331797235022,70.81868131867088,0.0,0.11680167232819441,-0.2580845422343131,1.0,1.0,follow,0,0,0,0,-1.0
1787224630.4520633,25.62137662329285,0.18972350230414747,87.89835164832677,0.0,0.11680167232819441,-0.20573444261186255,1.0,1.0,follow,0,0,0,0,-1.0
1787224630.4931657,25.040885074142867,0.3594009216589862,72.49072649572645,0.0,0.11980663705252156,-0.30573444261186256,1.0,1.0,follow,0,0,0,0,-1.0
1787224630.5358486,24.823643724019014,0.37187788018433177,72.26363100500919,0.0,0.12176639665534361,-0.40573444261186253,1.0,1.0,follow,0,0,0,0,-1.0
1787224630.5796878,24.675026915677027,0.37402073732718893,71.74078986147975,0.0,0.12346485497778939,-0.4713611338626503,1.0,1.0,follow,0,0,0,0,-1.0
1787224630.6186638,24.108667541699134,0.3761635944700461,71.38737316323534,0.0,0.12398745753854194,-0.4726993880763979,1.0,1.0,follow,0,0,0,0,-1.0
1787224630.65546,24.715219957359096,0.39506912442396314,70.95535977432502,0.0,0.12777632610399792,-0.4802108218211443,1.0,1.0,follow,0,0,0,0,-1.0
1787224630.7012951,25.20933910644458,0.40897465437788016,70.56639652523995,0.0,0.1284295793049386,-0.48193002714183575,1.0,1.0,follow,0,0,0,0,-1.0
1787224630.7413294,24.510160159985443,0.42254608294930873,69.83450394618387,0.0,0.12712307290305722,-0.49785189155346443,1.0,1.0,follow,0,0,0,0,-1.0
1787224630.7795303,24.62924972704684,0.41721198156682027,69.39611490042466,0.0,0.12660047034230468,-0.5067175813089764,1.0,1.0,follow,0,0,0,0,-1.0
1787224630.821956,24.93326859796676,0.4314516129032258,69.12563761322099,0.0,0.1284295793049386,-0.5091842287355751,1.0,1.0,follow,0,0,0,0,-1.0
1787224630.8614025,24.624076205884684,0.4375,68.73580999089938,0.0,0.1256859158609877,-0.5186522877639539,1.0,1.0,follow,0,0,0,0,-1.0
1787224630.897825,24.820266746628057,0.4375,68.5149926686222,0.0,0.12712307290305722,-0.52187746165659,1.0,1.0,follow,0,0,0,0,-1.0
1787224630.939726,25.337035958057537,0.4435483870967742,67.7813335561492,0.0,0.1294747844264437,-0.5408602657922308,1.0,1.0,follow,0,0,0,0,-1.0
1787224630.9812677,25.018539829262718,0.45564516129032256,68.1308123249292,0.0,0.13078129082832507,-0.5336403813087669,1.0,1.0,follow,0,0,0,0,-1.0
1787224631.0184526,24.847544962321418,0.4616935483870968,67.5558441558444,0.0,0.13274105043114712,-0.5472659395753289,1.0,1.0,follow,0,0,0,0,-1.0
1787224631.0597286,25.274372758361412,0.4798387096774194,66.96076339497358,0.0,0.13470081003396916,-0.5602284079336117,1.0,1.0,follow,0,0,0,0,-1.0
1787224631.097851,25.017816837454212,0.4737903225806452,65.50644021696644,0.0,0.1323490985105827,-0.5906533998634441,1.0,1.0,follow,0,0,0,0,-1.0
1787224631.1361675,25.223295857062148,0.467741935483871,64.50022811400424,0.0,0.13992683564149463,-0.610058063862156,1.0,1.0,follow,0,0,0,0,-1.0
1787224631.1787686,25.49036939755842,0.4798387096774194,62.58212970055024,0.0,0.1435850535667625,-0.6515972129360326,1.0,1.0,follow,0,0,0,0,-1.0
1787224631.2218277,25.06437477295684,0.4798387096774194,63.50882664040529,0.0,0.14280114972563365,-0.6208562427627967,1.0,1.0,follow,0,0,0,0,-1.0
1787224631.2593274,24.71630292729133,0.4737903225806452,62.43721048984298,0.0,0.1454141625293964,-0.6402946842336359,1.0,1.0,follow,0,0,0,0,-1.0
1787224631.3004777,25.111157630014883,0.4737903225806452,63.35513680250597,0.0,0.14868042853409982,-0.6104401800072874,1.0,1.0,follow,0,0,0,0,-1.0
1787224631.3388193,24.88806636683105,0.4737903225806452,62.40105721684728,0.0,0.1499869349359812,-0.6286727244392392,1.0,1.0,follow,0,0,0,0,-1.0
1787224631.3758247,25.19988498837796,0.467741935483871,63.84306642998544,0.0,0.15338385158087275,-0.583993647978104,1.0,1.0,follow,0,0,0,0,-1.0
1787224631.4175496,25.565631457191593,0.4616935483870968,64.26170792641238,0.0,0.15900182910896263,-0.5687548734017759,1.0,1.0,follow,0,0,0,0,-1.0
1787224631.4568357,25.186471635537718,0.4495967741935484,63.13687806500985,0.0,0.16122288999216097,-0.5911834940216549,1.0,1.0,follow,0,0,0,0,-1.0
1787224631.4937525,25.307870977590394,0.4435483870967742,61.74087620752084,0.0,0.16461980663705253,-0.6198494445232398,1.0,1.0,follow,0,0,0,0,-1.0
1787224631.5355234,25.663963391983273,0.4314516129032258,59.8392350627671,0.0,0.16697151816043898,-0.6601073375363975,1.0,1.0,follow,0,0,0,0,-1.0
1787224631.5738165,25.23009114601213,0.4314516129032258,62.58952804703543,0.0,0.16697151816043898,-0.5854929839464996,1.0,1.0,follow,0,0,0,0,-1.0
1787224631.609963,25.517917445802343,0.4254032258064516,62.16039867930843,0.0,0.16906192840344916,-0.5918538585254829,1.0,1.0,follow,0,0,0,0,-1.0
1787224631.6515367,25.948196463740977,0.4193548387096774,65.46618037135322,0.0,0.16605696367912204,-0.5028279203942805,1.0,1.0,follow,0,0,0,0,-1.0
1787224631.6909359,25.548520397006207,0.4193548387096774,67.70058629110403,0.0,0.16435850535667626,-0.4564495631323241,1.0,1.0,follow,0,0,0,0,-1.0
1787224631.7285795,25.52883080607196,0.407258064516129,65.71934065934063,0.0,0.16409720407629996,-0.5085668873246609,1.0,1.0,follow,0,0,0,0,-1.0
1787224631.7701771,25.741219397263723,0.3951612903225806,64.35752508361134,0.0,0.16435850535667626,-0.538214308717923,1.0,1.0,follow,0,0,0,0,-1.0
1787224631.8079505,25.379428057413303,0.3862557603686636,70.7950310559034,0.0,0.16279069767441862,-0.438214308717923,1.0,1.0,follow,0,0,0,0,-1.0
1787224631.8449705,25.628873156296223,0.3598732718894009,75.92570061517642,0.0,0.16279069767441862,-0.338214308717923,1.0,1.0,follow,0,0,0,0,-1.0
1787224631.8889108,25.90630438755519,0.33882488479262673,76.39027682844232,0.0,0.16749412072119155,-0.2632563454232903,1.0,1.0,follow,0,0,0,0,-1.0
1787224631.9350722,25.157084641159912,0.31811059907834105,77.19287992710525,0.0,0.16919257904363733,-0.24874607600282267,1.0,1.0,follow,0,0,0,0,-1.0
1787224631.9735148,24.559428272341275,0.3049193548387097,76.39164086687174,0.0,0.16919257904363733,-0.2677265774264147,1.0,1.0,follow,0,0,0,0,-1.0
1787224632.018792,24.80464284642949,0.26034562211981566,70.85992647059177,0.0,0.16762477136137968,-0.3677265774264147,1.0,1.0,follow,0,0,0,0,-1.0
1787224632.059454,24.274863992333305,0.2400115207373272,67.52390109889969,0.0,0.17049908544551867,-0.459008447012025,1.0,1.0,follow,0,0,0,0,-1.0
1787224632.1005101,24.374886212853973,0.21610599078341014,27.751373626374743,0.0,0.17010713352495427,-0.559008447012025,1.0,1.0,follow,0,0,0,0,-1.0
1787224632.1456494,24.369320839312948,0.18900921658986175,54.75412087910797,0.0,0.17049908544551867,-0.45900844701202503,1.0,1.0,follow,0,0,0,0,-1.0
1787224632.1883013,23.907329630419106,0.17224654377880183,6.7541208791079725,0.0,0.16919257904363733,-0.559008447012025,1.0,1.0,follow,0,0,0,0,-1.0
1787224632.2262118,23.835816786608,0.31054147465437787,52.65372670807456,0.0,0.16814737392213222,-0.45900844701202503,1.0,1.0,follow,0,0,0,0,-1.0
1787224632.2690027,24.350572282796012,0.31482718894009215,51.982778091473676,0.0,0.169845832244578,-0.35900844701202506,1.0,1.0,follow,0,0,0,0,-1.0
1787224632.3078804,24.142827218117947,0.32411290322580644,51.51637492941836,0.0,0.169845832244578,-0.4461546475018614,1.0,1.0,follow,0,0,0,0,-1.0
1787224632.3469977,24.472749873220188,0.3462096774193548,51.04583797844634,0.0,0.17010713352495427,-0.5361780321244671,1.0,1.0,follow,0,0,0,0,-1.0
1787224632.3887875,24.66401682915226,0.3665437788018433,50.26589743589733,0.0,0.16788607264175595,-0.5848135153716224,1.0,1.0,follow,0,0,0,0,-1.0
1787224632.4269674,24.53012134705996,0.3754493087557603,50.16527304113538,0.0,0.16762477136137968,-0.605331576263984,1.0,1.0,follow,0,0,0,0,-1.0
1787224632.4654903,24.870017430308568,0.387926267281106,50.066923497957646,0.0,0.16239874575385418,-0.6241720747305199,1.0,1.0,follow,0,0,0,0,-1.0
1787224632.5077705,25.08161355487367,0.39221198156682024,49.1148056923918,0.0,0.16435850535667626,-0.6505160689789729,1.0,1.0,follow,0,0,0,0,-1.0
1787224632.5460055,24.769013136885523,0.4250230414746544,48.49693409343706,0.0,0.16475045727724066,-0.6597616952627987,1.0,1.0,follow,0,0,0,0,-1.0
1787224632.5841377,25.07960622992715,0.4375,47.84860703812285,0.0,0.16540371047818134,-0.6713330123425638,1.0,1.0,follow,0,0,0,0,-1.0
1787224632.6256504,25.31726297919937,0.4375,47.60266963292531,0.0,0.16318264959498302,-0.6664794197715408,1.0,1.0,follow,0,0,0,0,-1.0
1787224632.6653426,25.063832776903293,0.4495967741935484,48.11271994134913,0.0,0.1617454925529135,-0.6473940967057275,1.0,1.0,follow,0,0,0,0,-1.0
1787224632.7027934,25.096807506130048,0.45564516129032256,48.29729278074893,0.0,0.16187614319310165,-0.6371672324352613,1.0,1.0,follow,0,0,0,0,-1.0
1787224632.7455134,25.331074232800816,0.467741935483871,47.705297524415585,0.0,0.16148419127253724,-0.64382164539864,1.0,1.0,follow,0,0,0,0,-1.0
1787224632.7874227,24.824800138017473,0.467741935483871,47.09301403349377,0.0,0.16200679383328978,-0.6493469814534227,1.0,1.0,follow,0,0,0,0,-1.0
1787224632.825144,24.826633865741936,0.4616935483870968,46.03394517512092,0.0,0.1642278547164881,-0.6657108286519662,1.0,1.0,follow,0,0,0,0,-1.0
1787224632.8668907,25.179759113518998,0.48588709677419356,44.903514554348845,0.0,0.1648811079174288,-0.683547270794413,1.0,1.0,follow,0,0,0,0,-1.0
1787224632.9050848,24.922286321008812,0.4798387096774194,43.447555348870736,0.0,0.16501175855761693,-0.7052226320334913,1.0,1.0,follow,0,0,0,0,-1.0
1787224632.9416072,25.192506869520994,0.4737903225806452,44.00069821122487,0.0,0.16605696367912204,-0.6774752437360394,1.0,1.0,follow,0,0,0,0,-1.0
1787224632.983702,25.63010527716559,0.467741935483871,44.13120280829243,0.0,0.16971518160438986,-0.6633378069830564,1.0,1.0,follow,0,0,0,0,-1.0
1787224633.0213032,25.23001240525349,0.467741935483871,44.53122771156817,0.0,0.17115233864645937,-0.6432854778485472,1.0,1.0,follow,0,0,0,0,-1.0
1787224633.0583022,25.535605327107863,0.4616935483870968,44.751578469225464,0.0,0.1740266527305984,-0.6292604373017894,1.0,1.0,follow,0,0,0,0,-1.0
1787224633.099369,25.83658099912282,0.4616935483870968,46.32130365659768,0.0,0.17820747321661876,-0.5807216044081454,1.0,1.0,follow,0,0,0,0,-1.0
1787224633.1387236,25.53138480031322,0.45564516129032256,45.09611344537825,0.0,0.17925267833812386,-0.6056235392724734,1.0,1.0,follow,0,0,0,0,-1.0
1787224633.1752934,25.512119521780512,0.4495967741935484,44.10758027551254,0.0,0.17873007577737132,-0.6218143407926432,1.0,1.0,follow,0,0,0,0,-1.0
1787224633.2176044,25.868089934672238,0.4375,40.5249570229536,0.0,0.18068983538019337,-0.7018124547086674,1.0,1.0,follow,0,0,0,0,-1.0
1787224633.254973,25.40594643288815,0.4375,43.42071619981658,0.0,0.17925267833812386,-0.6171356453124356,1.0,1.0,follow,0,0,0,0,-1.0
1787224633.2960668,25.702973343127443,0.4314516129032258,42.797509137135805,0.0,0.18003658217925267,-0.624130364812997,1.0,1.0,follow,0,0,0,0,-1.0
1787224633.3400772,25.420064037945412,0.4193548387096774,43.28585112205832,0.0,0.18134308858113404,-0.6002904526284287,1.0,1.0,follow,0,0,0,0,-1.0
1787224633.3807547,24.836993300036475,0.41330645161290325,45.2142099280033,0.0,0.18343349882414423,-0.547552499994215,1.0,1.0,follow,0,0,0,0,-1.0
1787224633.4183674,24.7992687715598,0.407258064516129,45.59384615384536,0.0,0.18513195714659003,-0.5316318343756398,1.0,1.0,follow,0,0,0,0,-1.0
1787224633.4601853,25.218874128232134,0.38087557603686634,46.02633779263735,0.0,0.18604651162790697,-0.512296000353569,1.0,1.0,follow,0,0,0,0,-1.0
1787224633.500623,24.89345710457985,0.36554147465437786,42.173913043478876,0.0,0.18800627123072902,-0.593242906595184,1.0,1.0,follow,0,0,0,0,-1.0
1787224633.5377965,24.819061177077263,0.3452073732718894,41.91050254093772,0.0,0.18630781290828324,-0.5857834255693082,1.0,1.0,follow,0,0,0,0,-1.0
1787224633.5808172,25.3595780001383,0.32025345622119816,51.46345978583031,0.0,0.18669976482884768,-0.4857834255693082,1.0,1.0,follow,0,0,0,0,-1.0
1787224633.6205792,24.630727732148827,0.3116820276497696,53.73090111643336,0.0,0.18879017507185786,-0.3857834255693082,1.0,1.0,follow,0,0,0,0,-1.0
1787224633.656885,25.15943301272918,0.2817281105990783,46.160087719301686,0.0,0.1907499346746799,-0.4857834255693082,1.0,1.0,follow,0,0,0,0,-1.0
1787224633.698211,25.637807163167913,0.24463133640552995,34.08377100840522,0.0,0.18983538019336293,-0.5857834255693082,1.0,1.0,follow,0,0,0,0,-1.0
1787224633.7398834,25.095856784641104,0.2264400921658986,35.19366515836461,0.0,0.19480010452051216,-0.6807805912379821,1.0,1.0,follow,0,0,0,0,-1.0
1787224633.7773647,25.154380896333585,0.20682027649769585,11.639423076919343,0.0,0.19480010452051216,-0.780780591237982,1.0,1.0,follow,0,0,0,0,-1.0
1787224633.8194828,25.443963674750968,0.19148617511520738,0.0,0.0,0.19584530964201724,-0.880780591237982,1.0,1.0,follow,0,0,0,0,-1.0
1787224633.8577497,25.11053820394556,0.14976958525345624,6.999999999963393,0.0,0.19597596028220537,-0.8814563426398017,1.0,1.0,follow,0,0,0,0,-1.0
1787224633.8936734,25.321171635671707,0.2962557603686636,37.43037831733483,0.0,0.1978050692448393,-0.7814563426398017,1.0,1.0,follow,0,0,0,0,-1.0
1787224633.9354181,25.817393324874573,0.3008755760368663,37.10484645788978,0.0,0.19793571988502745,-0.6814563426398017,1.0,1.0,follow,0,0,0,0,-1.0
1787224633.9741893,25.443236120566517,0.30730414746543777,36.560744147157095,0.0,0.19689051476352235,-0.5814563426398017,1.0,1.0,follow,0,0,0,0,-1.0
1787224634.0102122,25.521686503363934,0.3080184331797235,36.101311948920625,0.0,0.1963679122027698,-0.4848596546413969,1.0,1.0,follow,0,0,0,0,-1.0
1787224634.0515099,25.964759003339065,0.3219239631336405,35.77316239316201,0.0,0.19754376796446302,-0.5152862698883958,1.0,1.0,follow,0,0,0,0,-1.0
1787224634.0894945,25.568279224822252,0.34402073732718896,35.389844638120735,0.0,0.19558400836164097,-0.5306149036588919,1.0,1.0,follow,0,0,0,0,-1.0
1787224634.1252778,25.779652082428427,0.34935483870967743,35.379405077680474,0.0,0.1957146590018291,-0.5327204687146996,1.0,1.0,follow,0,0,0,0,-1.0
1787224634.1677072,26.211781256675728,0.3704032258064516,35.24096615286862,0.0,0.1903579827541155,-0.5414211311043075,1.0,1.0,follow,0,0,0,0,-1.0
1787224634.2067678,25.48491781922563,0.3646889400921659,34.935217260800954,0.0,0.19270969427750195,-0.5516204884077784,1.0,1.0,follow,0,0,0,0,-1.0
1787224634.2433982,25.766258634655518,0.40711981566820277,35.20234334569588,0.0,0.18865952443166972,-0.5475815161659314,1.0,1.0,follow,0,0,0,0,-1.0
1787224634.2850304,26.06498755232697,0.4353110599078341,34.88288739249376,0.0,0.1872223673896002,-0.5547328828873347,1.0,1.0,follow,0,0,0,0,-1.0
1787224634.3227985,25.586002453489094,0.45564516129032256,35.13439648586691,0.0,0.18643846354847138,-0.5485785099409441,1.0,1.0,follow,0,0,0,0,-1.0
1787224634.358947,25.858487113285342,0.45955069124423964,34.73017639488229,0.0,0.18591586098771884,-0.5569046216580509,1.0,1.0,follow,0,0,0,0,-1.0
1787224634.4002848,26.213262948232817,0.4616935483870968,34.658944658944634,0.0,0.1835641494643324,-0.5553723355750637,1.0,1.0,follow,0,0,0,0,-1.0
1787224634.440031,25.746751318361195,0.4616935483870968,34.46103896103901,0.0,0.18513195714659003,-0.5565421077671844,1.0,1.0,follow,0,0,0,0,-1.0
1787224634.476427,25.686579103329645,0.4737903225806452,34.14031700873793,0.0,0.18460935458583747,-0.5613144284757181,1.0,1.0,follow,0,0,0,0,-1.0
1787224634.5212204,26.03994837657936,0.4798387096774194,34.58619652040707,0.0,0.18369480010452052,-0.5464764050978387,1.0,1.0,follow,0,0,0,0,-1.0
1787224634.5602784,25.189979335356167,0.4737903225806452,34.74511903459275,0.0,0.1847400052260256,-0.5396020673384947,1.0,1.0,follow,0,0,0,0,-1.0
1787224634.5975895,25.407500808928773,0.5040322580645161,34.132849850093116,0.0,0.18604651162790697,-0.5516397220873412,1.0,1.0,follow,0,0,0,0,-1.0
1787224634.6397727,25.717789599586286,0.49798387096774194,34.083454152200645,0.0,0.18839822315129345,-0.5485972566133079,1.0,1.0,follow,0,0,0,0,-1.0
1787224634.6818488,25.17880316730983,0.49193548387096775,34.1013503505481,0.0,0.1911418865952443,-0.5425070861052866,1.0,1.0,follow,0,0,0,0,-1.0
1787224634.721989,25.032397291321534,0.48588709677419356,34.21532550126899,0.0,0.1897047295531748,-0.5343251117907657,1.0,1.0,follow,0,0,0,0,-1.0
1787224634.76522,25.013624010181445,0.4798387096774194,34.12081008133643,0.0,0.1897047295531748,-0.5329674760996042,1.0,1.0,follow,0,0,0,0,-1.0
1787224634.804503,24.473465838173038,0.4798387096774194,34.51671864171868,0.0,0.19153383851580874,-0.5213993592951304,1.0,1.0,follow,0,0,0,0,-1.0
1787224634.8415887,24.896029737956916,0.4737903225806452,34.28982539508874,0.0,0.1928403449176901,-0.5215781452488077,1.0,1.0,follow,0,0,0,0,-1.0
1787224634.8849773,25.31078641429892,0.4737903225806452,34.20588373219959,0.0,0.19323229683825452,-0.5203998617815716,1.0,1.0,follow,0,0,0,0,-1.0
1787224634.9243648,24.803304928592755,0.4737903225806452,34.559251559251635,0.0,0.19649856284295794,-0.5099868475730085,1.0,1.0,follow,0,0,0,0,-1.0
1787224634.962847,24.984366527917047,0.467741935483871,33.23332038362981,0.0,0.19480010452051216,-0.5444134876539617,1.0,1.0,follow,0,0,0,0,-1.0
1787224635.0045598,25.164959687107448,0.4737903225806452,34.41334625545167,0.0,0.19519205644107657,-0.5113632852158488,1.0,1.0,follow,0,0,0,0,-1.0
1787224635.0427449,24.894638054140394,0.467741935483871,33.587222527702416,0.0,0.19506140580088843,-0.5319227078588717,1.0,1.0,follow,0,0,0,0,-1.0
1787224635.0790076,25.213135849537128,0.4737903225806452,34.06298229982462,0.0,0.19584530964201724,-0.5194688657348789,1.0,1.0,follow,0,0,0,0,-1.0
1787224635.121127,25.580706789456006,0.467741935483871,33.67718102888386,0.0,0.19584530964201724,-0.5292864624245125,1.0,1.0,follow,0,0,0,0,-1.0
1787224635.1610308,25.249718975894467,0.4737903225806452,34.600026573710835,0.0,0.1949307551607003,-0.5072033049141432,1.0,1.0,follow,0,0,0,0,-1.0
1787224635.1975648,25.256280106307724,0.4737903225806452,34.50181326497129,0.0,0.19545335772145284,-0.5104635962015497,1.0,1.0,follow,0,0,0,0,-1.0
1787224635.2390833,25.68479006287388,0.467741935483871,33.43119792725054,0.0,0.1967598641233342,-0.5387079018305881,1.0,1.0,follow,0,0,0,0,-1.0
1787224635.2760942,25.21856521294993,0.467741935483871,33.86801761956566,0.0,0.19545335772145284,-0.5261893801949206,1.0,1.0,follow,0,0,0,0,-1.0
1787224635.3121874,25.76942818415146,0.4737903225806452,34.164379243326806,0.0,0.19519205644107657,-0.5183236486966876,1.0,1.0,follow,0,0,0,0,-1.0
1787224635.3537467,26.145966626879176,0.467741935483871,33.642529017296724,0.0,0.194669453880324,-0.5320041656734311,1.0,1.0,follow,0,0,0,0,-1.0
1787224635.3923721,25.654361826306346,0.4737903225806452,34.3010566957937,0.0,0.19453880324013587,-0.5150728093670448,1.0,1.0,follow,0,0,0,0,-1.0
1787224635.4283774,25.805351122909272,0.4737903225806452,34.58603369129695,0.0,0.1949307551607003,-0.5087146576514949,1.0,1.0,follow,0,0,0,0,-1.0
1787224635.4701538,26.200069488349264,0.4737903225806452,34.50279284489818,0.0,0.19453880324013587,-0.5114793215533979,1.0,1.0,follow,0,0,0,0,-1.0
1787224635.5076373,25.72200162278152,0.4737903225806452,33.74472824472852,0.0,0.19584530964201724,-0.5303317196947159,1.0,1.0,follow,0,0,0,0,-1.0
1787224635.5439534,25.94718231035744,0.4737903225806452,34.52586768376253,0.0,0.19480010452051216,-0.5090694635973698,1.0,1.0,follow,0,0,0,0,-1.0
1787224635.5857575,26.254698392765498,0.4737903225806452,34.535415982784485,0.0,0.19584530964201724,-0.5094976296963746,1.0,1.0,follow,0,0,0,0,-1.0
1787224635.6244128,25.783022216323282,0.4737903225806452,34.34740697898607,0.0,0.19480010452051216,-0.5140720233508367,1.0,1.0,follow,0,0,0,0,-1.0
1787224635.6608276,25.815009864679475,0.4737903225806452,34.39441118388501,0.0,0.19480010452051216,-0.5129296470396422,1.0,1.0,follow,0,0,0,0,-1.0
1787224635.7026346,26.128991552528788,0.4737903225806452,34.32475419317542,0.0,0.19453880324013587,-0.5148995830143599,1.0,1.0,follow,0,0,0,0,-1.0
1787224635.743986,25.678575839110255,0.4737903225806452,34.39270734007592,0.0,0.1953227070812647,-0.5138751196059261,1.0,1.0,follow,0,0,0,0,-1.0
1787224635.7806513,25.385541346862837,0.4737903225806452,34.39118065433866,0.0,0.19336294747844265,-0.5139374545423794,1.0,1.0,follow,0,0,0,0,-1.0
1787224635.8217337,25.775583893166846,0.467741935483871,33.178725729267455,0.0,0.19375489939900706,-0.5455027839941362,1.0,1.0,follow,0,0,0,0,-1.0
1787224635.8622587,25.304252031478363,0.4737903225806452,34.06324282640091,0.0,0.19297099555787822,-0.522419029895641,1.0,1.0,follow,0,0,0,0,-1.0
1787224635.899919,25.209951169023356,0.4737903225806452,34.41334625545167,0.0,0.19414685131957146,-0.5124370851823664,1.0,1.0,follow,0,0,0,0,-1.0
1787224635.9414215,25.68440231639649,0.4737903225806452,34.3535684325159,0.0,0.19453880324013587,-0.5142133930119595,1.0,1.0,follow,0,0,0,0,-1.0
1787224635.9782581,25.32710664054585,0.4737903225806452,34.12719167982344,0.0,0.19584530964201724,-0.5201400407999919,1.0,1.0,follow,0,0,0,0,-1.0
1787224636.0144243,25.7237503422562,0.4737903225806452,34.48980820033465,0.0,0.19519205644107657,-0.5101809163250159,1.0,1.0,follow,0,0,0,0,-1.0
1787224636.0589418,26.127121501026775,0.4737903225806452,34.40654911707558,0.0,0.194669453880324,-0.5127388347696208,1.0,1.0,follow,0,0,0,0,-1.0
1787224636.0985029,25.314183672689147,0.467741935483871,33.5569937363281,0.0,0.19440815259994773,-0.5320836876498456,1.0,1.0,follow,0,0,0,0,-1.0
1787224636.1355512,25.401591282481952,0.467741935483871,33.94537496364134,0.0,0.1942775019597596,-0.5217879529899587,1.0,1.0,follow,0,0,0,0,-1.0
1787224636.1782005,25.72857917257069,0.467741935483871,33.511028664666426,0.0,0.19662921348314608,-0.533388687886548,1.0,1.0,follow,0,0,0,0,-1.0
1787224636.2156951,25.258472059648398,0.467741935483871,32.98427896051724,0.0,0.1953227070812647,-0.5460660179199905,1.0,1.0,follow,0,0,0,0,-1.0
1787224636.252078,25.56190205328442,0.4737903225806452,34.508907403644315,0.0,0.19480010452051216,-0.5057139002357838,1.0,1.0,follow,0,0,0,0,-1.0
1787224636.2943273,25.94720144307412,0.4737903225806452,34.87063031799876,0.0,0.19480010452051216,-0.49915103517104287,1.0,1.0,follow,0,0,0,0,-1.0
1787224636.3361259,25.44067968696663,0.467741935483871,33.64957644508733,0.0,0.19545335772145284,-0.5295271503049311,1.0,1.0,follow,0,0,0,0,-1.0
1787224636.3732436,25.188639751114096,0.467741935483871,34.28527080818106,0.0,0.1949307551607003,-0.514058397531111,1.0,1.0,follow,0,0,0,0,-1.0
1787224636.4145215,25.541692600773487,0.467741935483871,33.75476549083363,0.0,0.1961066109223935,-0.5283542345639016,1.0,1.0,follow,0,0,0,0,-1.0
1787224636.452173,25.2231054304921,0.467741935483871,33.31271700714419,0.0,0.19597596028220537,-0.5388338593879551,1.0,1.0,follow,0,0,0,0,-1.0
1787224636.4886582,25.558758923481392,0.467741935483871,33.73963704969903,0.0,0.19401620067938333,-0.5267038847050561,1.0,1.0,follow,0,0,0,0,-1.0
1787224636.5300975,25.928575529522135,0.467741935483871,33.37465693247425,0.0,0.1942775019597596,-0.5365662584386126,1.0,1.0,follow,0,0,0,0,-1.0
1787224636.5700307,25.403063574920452,0.4737903225806452,34.82157576894424,0.0,0.19414685131957146,-0.5019958098515522,1.0,1.0,follow,0,0,0,0,-1.0
1787224636.6061773,25.527058290710034,0.467741935483871,32.73855246223651,0.0,0.19480010452051216,-0.556284485900927,1.0,1.0,follow,0,0,0,0,-1.0
1787224636.6475236,25.94970149718458,0.467741935483871,33.58959551103516,0.0,0.19440815259994773,-0.5302231153587242,1.0,1.0,follow,0,0,0,0,-1.0
1787224636.6867692,25.443782068058905,0.4737903225806452,34.08462684778499,0.0,0.194669453880324,-0.5180388282892137,1.0,1.0,follow,0,0,0,0,-1.0
1787224636.724913,25.632201115938944,0.467741935483871,33.75581232493006,0.0,0.19545335772145284,-0.5268068678116665,1.0,1.0,follow,0,0,0,0,-1.0
1787224636.7666707,25.739679775122976,0.4737903225806452,34.4593239856399,0.0,0.1949307551607003,-0.5090929043978073,1.0,1.0,follow,0,0,0,0,-1.0
1787224636.8061674,25.38168031679716,0.467741935483871,33.36606629849661,0.0,0.194669453880324,-0.5368371515811645,1.0,1.0,follow,0,0,0,0,-1.0
1787224636.8445082,25.378518835806503,0.4737903225806452,34.49408604671777,0.0,0.19401620067938333,-0.5076982367176628,1.0,1.0,follow,0,0,0,0,-1.0
1787224636.8870554,25.50781733607136,0.4737903225806452,34.41950770898155,0.0,0.1949307551607003,-0.5109887326129118,1.0,1.0,follow,0,0,0,0,-1.0
1787224636.9296386,25.086370034960982,0.4737903225806452,34.39080289080293,0.0,0.19453880324013587,-0.5123103221125181,1.0,1.0,follow,0,0,0,0,-1.0
1787224636.9667838,24.79233991408269,0.4737903225806452,34.29792256108059,0.0,0.19323229683825452,-0.5150917662608326,1.0,1.0,follow,0,0,0,0,-1.0
1787224637.0080023,25.222073391916968,0.4737903225806452,34.33630594156923,0.0,0.1949307551607003,-0.5142261675055593,1.0,1.0,follow,0,0,0,0,-1.0
1787224637.0485163,24.941827363003647,0.4737903225806452,34.65393212761637,0.0,0.194669453880324,-0.5068530732227879,1.0,1.0,follow,0,0,0,0,-1.0
1787224637.0854118,24.984512655292054,0.467741935483871,33.55376726793125,0.0,0.194669453880324,-0.535706824185268,1.0,1.0,follow,0,0,0,0,-1.0
1787224637.1274662,25.408912399644933,0.4737903225806452,34.36608412924216,0.0,0.1942775019597596,-0.5129921830129137,1.0,1.0,follow,0,0,0,0,-1.0
1787224637.1662395,25.066306830374835,0.467741935483871,33.41309573616074,0.0,0.1949307551607003,-0.5360794679278174,1.0,1.0,follow,0,0,0,0,-1.0
1787224637.2034614,25.23094555500313,0.4737903225806452,34.338765312449645,0.0,0.19401620067938333,-0.5119452259757292,1.0,1.0,follow,0,0,0,0,-1.0
1787224637.2453732,25.557807225433052,0.467741935483871,33.64479541460966,0.0,0.19480010452051216,-0.5309902326541855,1.0,1.0,follow,0,0,0,0,-1.0
1787224637.285981,25.20497363819373,0.4737903225806452,34.63254029043509,0.0,0.194669453880324,-0.5067559698883078,1.0,1.0,follow,0,0,0,0,-1.0
1787224637.3226767,25.104005139628406,0.4737903225806452,34.39005778479475,0.0,0.1942775019597596,-0.5130028582410533,1.0,1.0,follow,0,0,0,0,-1.0
1787224637.3656876,25.533035511624696,0.467741935483871,33.511028664666426,0.0,0.19401620067938333,-0.5359153412857485,1.0,1.0,follow,0,0,0,0,-1.0
1787224637.404611,25.060242415884108,0.4737903225806452,34.27282603598404,0.0,0.19519205644107657,-0.5164551980562804,1.0,1.0,follow,0,0,0,0,-1.0
1787224637.4537315,25.205828656894393,0.4737903225806452,34.28837426205863,0.0,0.19414685131957146,-0.5419749435633119,1.0,1.0,follow,0,0,0,0,-1.0
1787224637.5003896,24.18496117013675,0.4737903225806452,34.37883429988706,0.0,0.19519205644107657,-0.5394167890213161,1.0,1.0,follow,0,0,0,0,-1.0
1787224637.5412304,23.655214496294143,0.4737903225806452,34.121043252622385,0.0,0.1957146590018291,-0.5458477149886493,1.0,1.0,follow,0,0,0,0,-1.0
1787224637.5919883,23.165181128640796,0.4737903225806452,33.792628661049974,0.0,0.19401620067938333,-0.6069386257301045,1.0,1.0,follow,0,0,0,0,-1.0
1787224637.6340442,22.997004072544197,0.4737903225806452,34.53277163803491,0.0,0.19519205644107657,-0.5867937502485834,1.0,1.0,follow,0,0,0,0,-1.0
1787224637.672448,23.229545177323487,0.4737903225806452,33.97788389893675,0.0,0.1949307551607003,-0.6028692658763901,1.0,1.0,follow,0,0,0,0,-1.0
1787224637.7162657,23.800726442779887,0.4737903225806452,33.66800316800349,0.0,0.194669453880324,-0.8785616990617057,1.0,1.0,follow,0,0,0,0,-1.0
1787224637.76032,23.601721149130384,0.4737903225806452,34.38063453852942,0.0,0.19401620067938333,-0.8480185081296454,1.0,1.0,follow,0,0,0,0,-1.0
1787224637.8139548,23.408377865606212,0.467741935483871,33.69877665148567,0.0,0.1949307551607003,-0.9792513259115005,1.0,1.0,follow,0,0,0,0,-1.0
1787224637.8505232,22.46572655036041,0.4737903225806452,34.11207853313139,0.0,0.19453880324013587,-0.9614981094254501,1.0,1.0,follow,0,0,0,0,-1.0
1787224637.8951347,23.44578544504386,0.4737903225806452,34.007336428389294,0.0,0.19584530964201724,-0.9670026871728978,1.0,1.0,follow,0,0,0,0,-1.0
1787224637.9608994,23.20347399830772,0.4737903225806452,34.44726942095378,0.0,0.19584530964201724,-1.0,1.0,1.0,follow,0,0,0,0,-1.0
1787224637.9984124,21.618782102093704,0.4737903225806452,34.32985269827389,0.0,0.19649856284295794,-1.0,1.0,1.0,follow,0,0,0,0,-1.0
1787224638.0476582,22.633729466280265,0.4737903225806452,34.50786008680757,0.0,0.1953227070812647,-1.0,1.0,1.0,follow,0,0,0,0,-1.0
1787224638.0861816,22.107830952501867,0.4737903225806452,34.330845304529646,0.0,0.19453880324013587,-1.0,1.0,1.0,follow,0,0,0,0,-1.0
1787224638.1233974,22.980704435568445,0.467741935483871,34.26301295767245,0.0,0.1957146590018291,-1.0,1.0,1.0,follow,0,0,0,0,-1.0
1787224638.1661446,23.740127327173727,0.467741935483871,33.419597582987684,0.0,0.194669453880324,-1.0,1.0,1.0,follow,0,0,0,0,-1.0
1787224638.2047317,23.671520286772456,0.4737903225806452,34.197523434365685,0.0,0.19440815259994773,-1.0,1.0,1.0,follow,0,0,0,0,-1.0
1787224638.24056,24.136311690792553,0.467741935483871,33.4750263974722,0.0,0.19440815259994773,-1.0,1.0,1.0,follow,0,0,0,0,-1.0
1787224638.284867,24.872793193638902,0.4737903225806452,34.531557584189216,0.0,0.19480010452051216,-1.0,1.0,1.0,follow,0,0,0,0,-1.0
1787224638.3220294,24.415768073769478,0.467741935483871,33.7154522833316,0.0,0.19506140580088843,-1.0,1.0,1.0,follow,0,0,0,0,-1.0
1787224638.362817,24.842765654677997,0.467741935483871,33.41131037052088,0.0,0.1949307551607003,-1.0,1.0,1.0,follow,0,0,0,0,-1.0
1787224638.40498,24.84801253480373,0.467741935483871,33.33497485765284,0.0,0.19453880324013587,-1.0,1.0,1.0,follow,0,0,0,0,-1.0
1787224638.4450521,24.45252033480105,0.467741935483871,33.77738951910783,0.0,0.19584530964201724,-1.0,1.0,1.0,follow,0,0,0,0,-1.0
1787224638.4835658,24.75438401687432,0.4737903225806452,34.55665410928576,0.0,0.19401620067938333,-1.0,1.0,1.0,follow,0,0,0,0,-1.0
1787224638.5266683,24.997398957886908,0.467741935483871,33.80986239445996,0.0,0.19558400836164097,-1.0,1.0,1.0,follow,0,0,0,0,-1.0
1787224638.5822532,24.628281936712526,0.4737903225806452,34.15894986947635,0.0,0.194669453880324,-1.0,1.0,1.0,follow,0,0,0,0,-1.0
1787224638.6184442,23.305234703024528,0.467741935483871,33.40081473556703,0.0,0.19584530964201724,-1.0,1.0,1.0,follow,0,0,0,0,-1.0
1787224638.6630697,24.17605616479979,0.4737903225806452,34.22723127986302,0.0,0.1949307551607003,-1.0,1.0,1.0,follow,0,0,0,0,-1.0
1787224638.702838,23.791320264856264,0.4737903225806452,34.377599403915355,0.0,0.19506140580088843,-1.0,1.0,1.0,follow,0,0,0,0,-1.0
1787224638.7409685,24.1006390164405,0.4737903225806452,34.14678327836236,0.0,0.1942775019597596,-1.0,1.0,1.0,follow,0,0,0,0,-1.0
1787224638.782482,24.51771915600055,0.4737903225806452,34.36386183754621,0.0,0.1942775019597596,-1.0,1.0,1.0,follow,0,0,0,0,-1.0
1787224638.8228009,24.432695635272474,0.467741935483871,33.8750970231621,0.0,0.19584530964201724,-1.0,1.0,1.0,follow,0,0,0,0,-1.0
1787224638.8638065,24.485517821630488,0.4737903225806452,34.44353868038092,0.0,0.19662921348314608,-1.0,1.0,1.0,follow,0,0,0,0,-1.0
1787224638.907934,24.48936566185067,0.4737903225806452,34.53358187568726,0.0,0.1953227070812647,-1.0,1.0,1.0,follow,0,0,0,0,-1.0
1787224638.951758,23.869259213583618,0.4737903225806452,34.14603296182263,0.0,0.194669453880324,-1.0,1.0,1.0,follow,0,0,0,0,-1.0
1787224638.9877303,23.953195383896222,0.4737903225806452,34.37942048468378,0.0,0.19401620067938333,-1.0,1.0,1.0,follow,0,0,0,0,-1.0
1787224639.0368118,24.72294074764435,0.4737903225806452,34.26267331530505,0.0,0.19480010452051216,-1.0,1.0,1.0,follow,0,0,0,0,-1.0
1787224639.0784276,23.8493597563301,0.467741935483871,33.79720993660628,0.0,0.19584530964201724,-1.0,1.0,1.0,follow,0,0,0,0,-1.0
1787224639.1225998,23.88244919578693,0.4737903225806452,34.13354071248826,0.0,0.19375489939900706,-1.0,1.0,1.0,follow,0,0,0,0,-1.0
1787224639.1715143,23.294728412284357,0.467741935483871,33.99102296679699,0.0,0.1953227070812647,-1.0,1.0,1.0,follow,0,0,0,0,-1.0
1787224639.212348,22.91542921048295,0.467741935483871,33.70903769758266,0.0,0.194669453880324,-1.0,1.0,1.0,follow,0,0,0,0,-1.0
1787224639.2504425,23.41124912119208,0.4737903225806452,34.56051250788103,0.0,0.19545335772145284,-1.0,1.0,1.0,follow,0,0,0,0,-1.0
1787224639.2957902,23.98101600571843,0.467741935483871,32.866602814667665,0.0,0.1953227070812647,-1.0,1.0,1.0,follow,0,0,0,0,-1.0
1787224639.3362834,23.48021371023782,0.467741935483871,33.68374642887029,0.0,0.19597596028220537,-1.0,1.0,1.0,follow,0,0,0,0,-1.0
1787224639.3746793,23.8758922164112,0.4737903225806452,34.58827421985329,0.0,0.19597596028220537,-1.0,1.0,1.0,follow,0,0,0,0,-1.0
1787224639.4161687,24.299650299462524,0.467741935483871,33.73963704969903,0.0,0.19506140580088843,-1.0,1.0,1.0,follow,0,0,0,0,-1.0
1787224639.4561749,24.245350285060884,0.4737903225806452,34.45775822091625,0.0,0.19519205644107657,-1.0,1.0,1.0,follow,0,0,0,0,-1.0
1787224639.4949791,24.40966735034706,0.4737903225806452,34.4644172802069,0.0,0.19375489939900706,-1.0,1.0,1.0,follow,0,0,0,0,-1.0
1787224639.5363126,24.67541810959152,0.4737903225806452,34.4378253325622,0.0,0.19519205644107657,-1.0,1.0,1.0,follow,0,0,0,0,-1.0
1787224639.5767403,24.55147960155472,0.4737903225806452,34.3535684325159,0.0,0.19480010452051216,-1.0,1.0,1.0,follow,0,0,0,0,-1.0
1787224639.6150596,24.54963601406878,0.4737903225806452,34.94922076501028,0.0,0.19336294747844265,-1.0,1.0,1.0,follow,0,0,0,0,-1.0
1787224639.656796,24.94356289926263,0.467741935483871,33.39656434408756,0.0,0.19480010452051216,-1.0,1.0,1.0,follow,0,0,0,0,-1.0
1787224639.6980398,24.72584462062282,0.4737903225806452,34.4002313475998,0.0,0.19480010452051216,-1.0,1.0,1.0,follow,0,0,0,0,-1.0
1787224639.7345378,24.66063420709082,0.467741935483871,33.82124299221829,0.0,0.19480010452051216,-1.0,1.0,1.0,follow,0,0,0,0,-1.0
1787224639.7764132,25.208318085344843,0.467741935483871,33.79964736961647,0.0,0.19401620067938333,-1.0,1.0,1.0,follow,0,0,0,0,-1.0
1787224639.8175063,24.859043387638813,0.467741935483871,33.4744010264134,0.0,0.19480010452051216,-1.0,1.0,1.0,follow,0,0,0,0,-1.0
1787224639.8539994,24.844490646861814,0.467741935483871,33.77738951910783,0.0,0.1949307551607003,-1.0,1.0,1.0,follow,0,0,0,0,-1.0
1787224639.8956544,25.356286963127733,0.467741935483871,32.93437887245926,0.0,0.19480010452051216,-1.0,1.0,1.0,follow,0,0,0,0,-1.0
1787224639.9353743,25.03332289737132,0.467741935483871,33.94500350638119,0.0,0.19480010452051216,-1.0,1.0,1.0,follow,0,0,0,0,-1.0
1787224639.9710968,25.120149086277607,0.467741935483871,33.64338638727188,0.0,0.1953227070812647,-1.0,1.0,1.0,follow,0,0,0,0,-1.0
1787224640.0133433,25.60959627437428,0.467741935483871,33.61537617892111,0.0,0.1942775019597596,-1.0,1.0,1.0,follow,0,0,0,0,-1.0
1787224640.0520563,25.277570956399508,0.467741935483871,33.99819271947753,0.0,0.19480010452051216,-1.0,1.0,1.0,follow,0,0,0,0,-1.0
1787224640.0880334,25.397034670551864,0.4737903225806452,33.640692167008254,0.0,0.19558400836164097,-1.0,1.0,1.0,follow,0,0,0,0,-1.0
1787224640.12963,25.877794059920724,0.4737903225806452,34.33630594156923,0.0,0.19558400836164097,-1.0,1.0,1.0,follow,0,0,0,0,-1.0
1787224640.1676524,25.503691433566498,0.467741935483871,33.511028664666426,0.0,0.19401620067938333,-1.0,1.0,1.0,follow,0,0,0,0,-1.0
1787224640.2049263,25.670866858640224,0.467741935483871,33.63519659641957,0.0,0.19519205644107657,-1.0,1.0,1.0,follow,0,0,0,0,-1.0
1787224640.2488618,25.901376741659355,0.4737903225806452,34.50786008680757,0.0,0.19414685131957146,-1.0,1.0,1.0,follow,0,0,0,0,-1.0
1787224640.2977822,25.259031637899533,0.4737903225806452,34.3183374236007,0.0,0.1949307551607003,-1.0,1.0,1.0,follow,0,0,0,0,-1.0
1787224640.3451004,23.99384705452607,0.4737903225806452,34.451424819845975,0.0,0.1953227070812647,-1.0,1.0,1.0,follow,1,0,0,0,-1.0
1787224640.387956,23.8041362551514,0.4737903225806452,34.5606922712187,0.0,0.19506140580088843,-1.0,1.0,1.0,follow,1,0,0,0,-1.0
1787224640.426374,23.550612198755715,0.467741935483871,33.57283351462918,0.0,0.19623726156258164,-1.0,1.0,1.0,follow,1,0,0,0,-1.0
1787224640.4623919,24.268844782327342,0.4737903225806452,34.479770111349154,0.0,0.19506140580088843,-1.0,1.0,1.0,follow,1,0,0,0,-1.0
1787224640.504535,24.976256824952358,0.4737903225806452,34.46947670631891,0.0,0.19401620067938333,-1.0,1.0,1.0,follow,1,0,0,0,-1.0
1787224640.5453749,24.57605531843325,0.4737903225806452,34.36790260474485,0.0,0.1957146590018291,-1.0,1.0,1.0,follow,1,0,0,0,-1.0
1787224640.5822434,24.72650035003608,0.4737903225806452,34.39099046993799,0.0,0.19519205644107657,-1.0,1.0,1.0,follow,1,0,0,0,-1.0
1787224640.6235971,25.209701169108946,0.4737903225806452,34.59847123005031,0.0,0.1953227070812647,-1.0,1.0,1.0,follow,1,0,0,0,-1.0
1787224640.6628928,24.806321619594556,0.4737903225806452,34.51234114392017,0.0,0.1957146590018291,-1.0,1.0,1.0,follow,1,0,0,0,-1.0
1787224640.6996756,25.169904668244083,0.467741935483871,33.79964736961647,0.0,0.19519205644107657,-1.0,1.0,1.0,follow,1,0,0,0,-1.0
1787224640.7422695,25.577733375737864,0.467741935483871,33.5174432504154,0.0,0.1963679122027698,-1.0,1.0,1.0,follow,1,0,0,0,-1.0
1787224640.7805398,25.111541541006762,0.4737903225806452,34.11461866725041,0.0,0.19519205644107657,-1.0,1.0,1.0,follow,1,0,0,0,-1.0
1787224640.8181336,25.294755177606763,0.4737903225806452,34.30582172687452,0.0,0.1957146590018291,-1.0,1.0,1.0,follow,1,0,0,0,-1.0
1787224640.859163,25.637433808354587,0.467741935483871,34.27551280825282,0.0,0.20002613012803763,-1.0,1.0,1.0,follow,1,0,0,0,-1.0
1787224640.8971364,25.22001326833155,0.4616935483870968,33.232091755621,0.0,0.204206950614058,-1.0,1.0,1.0,follow,1,0,0,0,-1.0
1787224640.9345682,25.65034843807027,0.4495967741935484,35.18125138618508,0.0,0.20773451789913772,-0.9623352512070451,1.0,1.0,follow,1,0,0,0,-1.0
1787224640.979127,25.86647674695662,0.4314516129032258,35.748152709359275,0.0,0.20054873268879017,-0.9361893769889604,1.0,1.0,follow,1,0,0,0,-1.0
1787224641.0176167,25.165762751917363,0.3583986175115207,42.63509316770279,0.0,0.18408675202508493,-0.7361893769889605,1.0,1.0,follow,1,0,0,0,-1.0
1787224641.0549378,25.348035290625184,0.49798387096774194,90.63509316770279,0.0,0.17206689312777632,-0.5468843022813925,1.0,1.0,follow,1,0,0,0,-1.0
1787224641.0996284,25.60530283691044,0.0,144.50021970397816,0.0,0.15560491246407107,-0.5468843022813925,1.0,1.0,slow:lane_dropout,1,0,0,0,-1.0
1787224641.137332,24.96621657562858,0.0,148.07962322301756,0.0,0.13822837731904886,-0.5468843022813925,1.0,1.0,slow:lane_dropout,1,0,0,0,-1.0
1787224641.17528,25.298422231128963,0.45564516129032256,47.74028838808262,0.0,0.12268095113666057,-0.7468843022813925,1.0,1.0,follow,1,0,0,0,-1.0
1787224641.2182596,25.482555926357872,0.5100806451612904,53.253976029642395,0.0,0.08779723020642802,-0.7710849129652437,1.0,1.0,follow,1,0,0,0,-1.0
1787224641.2590115,25.0358745445239,0.48588709677419356,59.460867923319825,0.0,0.0594460412856023,-0.5710849129652438,1.0,1.0,follow,1,0,0,0,-1.0
1787224641.2981126,24.94764440293177,0.4616935483870968,63.558709970475,0.0,0.03788868565455971,-0.37108491296524376,1.0,1.0,follow,1,0,0,0,-1.0
1787224641.3418238,25.086686094080775,0.4012096774193548,75.78421404682308,0.0,0.003919519205644107,-0.17108491296524375,1.0,1.0,follow,1,0,0,0,-1.0
1787224641.3816977,24.639262428949433,0.25710829493087556,91.05804953560329,0.0,0.0037888685654559706,-0.07682286440044708,1.0,1.0,follow,1,0,0,0,-1.0
1787224641.4196146,24.74005322098681,0.38397465437788014,86.74920281794576,0.0,0.003527567285079697,-0.27599766501827644,1.0,1.0,follow,1,0,0,0,-1.0
1787224641.4623616,25.06605132815905,0.467741935483871,98.11024929175085,0.0,0.001567807682257643,-0.1736160665832545,1.0,1.0,follow,1,0,0,0,-1.0
1787224641.502256,24.724489247802758,0.5040322580645161,105.92714786631412,0.0,0.0,0.026383933416745498,1.0,1.0,follow,1,0,0,0,-1.0
1787224641.5407994,24.8022690389284,0.4798387096774194,118.04081409344562,0.0,0.0,-0.12368764599533205,1.0,1.0,follow,1,0,0,0,-1.0
1787224641.583507,25.01531113227058,0.4375,126.3927381433912,0.0,0.0007839038411288215,0.07631235400466796,1.0,1.0,follow,1,0,0,0,-1.0
1787224641.6262126,24.58522633163585,0.3105875576036866,137.082706766918,0.0,0.006401881369218709,0.27631235400466797,1.0,1.0,follow,1,0,0,0,-1.0
1787224641.6652563,24.428640007823823,0.19577188940092166,116.47802197802491,0.0,0.009668147373922133,0.476312354004668,1.0,1.0,follow,1,0,0,0,-1.0
1787224641.70885,24.7169028406877,0.3104953917050691,152.68328874024513,0.0,0.01528612490201202,0.676312354004668,1.0,1.0,follow,1,0,0,0,-1.0
1787224641.7475123,24.273738496691628,0.35754608294930873,156.50871338524286,0.0,0.021296054350666317,0.876312354004668,1.0,1.0,follow,1,0,0,0,-1.0
1787224641.784554,24.71501708555397,0.36435483870967744,158.5565397246436,0.0,0.027044682518944343,0.8040233546299247,1.0,1.0,follow,1,0,0,0,-1.0
1787224641.8271437,25.171968184626,0.4616935483870968,165.2876213876208,0.0,0.0364515286124902,0.8841018005897858,1.0,1.0,follow,1,0,0,0,-1.0
1787224641.8677008,24.778171993068586,0.467741935483871,168.7405176295269,0.0,0.043376012542461456,0.800516266734411,1.0,1.0,follow,1,0,0,0,-1.0
1787224641.9087346,24.811939232225825,0.4435483870967742,176.6866132266689,0.0,0.05382806375751241,0.9783286214975411,1.0,1.0,follow,1,0,0,0,-1.0
1787224641.9534082,24.713708844394564,0.33125576036866355,175.6304347826089,0.0,0.0389338907760648,0.7783286214975411,1.0,1.0,follow,1,0,0,0,-1.0
1787224641.994284,24.066846547403497,0.4872695852534562,127.63043478260889,0.0,0.029527044682518943,0.5783286214975412,1.0,1.0,follow,1,0,0,0,-1.0
1787224642.0332727,24.39570773387441,0.47655529953917053,97.87780194847716,0.0,0.036582179252678336,0.43932196091706466,1.0,1.0,follow,1,0,0,0,-1.0
1787224642.0762162,24.64917114220137,0.5221774193548387,102.49367869256884,0.0,0.03919519205644108,0.6393219609170646,1.0,1.0,follow,1,0,0,0,-1.0
1787224642.117262,24.278157506755065,0.5342741935483871,109.02899022698844,0.0,0.05918474000522603,0.8046951170621921,1.0,1.0,follow,1,0,0,0,-1.0
1787224642.1553643,24.4071700616931,0.5584677419354839,113.41517929668245,0.0,0.06950614058008885,0.8431569073046072,1.0,1.0,follow,1,0,0,0,-1.0
1787224642.1992185,24.76414933396886,0.5403225806451613,116.30322275765091,0.0,0.08975698980925007,0.8140540266096552,1.0,1.0,follow,1,0,0,0,-1.0
1787224642.2401454,24.324692037216263,0.5826612903225806,119.68161692109061,0.0,0.11314345440292657,0.7980215863311808,1.0,1.0,follow,1,0,0,0,-1.0
1787224642.2795498,24.385780833904327,0.5887096774193548,119.42345951084604,0.0,0.09681212437940946,0.670603436155011,1.0,1.0,follow,1,0,0,0,-1.0
1787224642.3247588,24.60542306223929,0.6129032258064516,117.14635201781735,0.0,0.10961588711784688,0.5085614206689275,1.0,1.0,follow,1,0,0,0,-1.0
1787224642.3644876,24.101884944473227,0.625,114.5980761785147,0.0,0.1394042330807421,0.40785797802664037,1.0,1.0,follow,1,0,0,0,-1.0
1787224642.4028883,24.324212985596176,0.5403225806451613,108.28215383054278,0.0,0.12072119153383852,0.20785797802664036,1.0,1.0,follow,1,0,0,0,-1.0
1787224642.4479358,24.577294656654203,0.0,100.37479601304406,0.0,0.11823882937026392,0.20785797802664036,1.0,1.0,slow:lane_dropout,1,0,0,0,-1.0
1787224642.485582,24.12950849402699,0.0,94.93529405410077,0.0,0.12934413378625556,0.20785797802664036,1.0,1.0,slow:lane_dropout,1,0,0,0,-1.0
1787224642.52228,24.677395731278256,0.0,89.25888550652705,0.0,0.16644891559968644,0.20785797802664036,1.0,1.0,slow:lane_dropout,1,0,0,0,-1.0
1787224642.5646937,25.169511465217433,0.0,80.66352459970652,0.0,0.08505356676247713,0.4878579780266404,0.4,1.0,reacquire:road,1,0,0,0,-1.0
1787224642.6031582,24.829162939822922,0.0,75.55178028658295,0.0,0.05382806375751241,0.7678579780266404,0.4,1.0,reacquire:road,1,0,0,0,-1.0
1787224642.6397629,25.095669493668666,0.0,68.17443724946052,0.0,0.023647765874052783,1.0,0.4,1.0,reacquire:road,1,0,0,0,-1.0
1787224642.67998,25.53285018507998,0.0,62.243357323334834,0.0,0.005879278808466161,1.0,0.4,1.0,reacquire:road,1,0,0,0,-1.0
1787224642.7174566,25.36881746780306,0.0,50.59348739495796,0.0,0.0048340736869610665,1.0,0.4,1.0,reacquire:road,1,0,0,0,-1.0
1787224642.7526536,25.668286496420425,0.0,149.93114395183608,0.0,0.0013065064018813691,1.0,0.4,1.0,reacquire:road,1,0,0,0,-1.0
1787224642.7936559,26.24105927673873,0.0,132.78728991596662,0.0,0.005748628168278025,1.0,0.4,1.0,reacquire:road,1,0,0,0,-1.0
1787224642.8317795,25.85788862427249,0.0,115.75044582163582,0.0,0.009276195453357722,1.0,0.4,1.0,reacquire:road,1,0,0,0,-1.0
1787224642.869552,25.946005423723683,0.28425115207373275,200.9899380804909,0.0,0.025346224196498564,1.0,0.48000000000000004,1.0,follow,1,0,0,0,-1.0
1787224642.913376,26.02076720445586,0.3187327188940092,152.9899380804909,0.0,0.03880324013587667,1.0,0.56,1.0,follow,1,0,0,0,-1.0
1787224642.953354,25.32107068720852,0.41073732718894007,104.9899380804909,0.0,0.04115495165926313,1.0,0.64,1.0,follow,1,0,0,0,-1.0
1787224642.9940414,25.35551599237867,0.4616935483870968,88.01714671126359,0.0,0.055918474000522606,1.0,0.72,1.0,follow,1,0,0,0,-1.0
1787224643.0387938,25.198676582153553,0.467741935483871,84.79031581338057,0.0,0.06911418865952443,1.0,0.7999999999999999,1.0,follow,1,0,0,0,-1.0
1787224643.0791688,24.59621428811098,0.4495967741935484,79.77010892333475,0.0,0.07943558923438725,0.8000000000000003,0.8799999999999999,1.0,follow,1,0,0,0,-1.0
1787224643.1178,24.66546447359042,0.4375,76.80698376984476,0.0,0.08387771100078391,0.6000000000000003,0.9599999999999999,1.0,follow,1,0,0,0,-1.0
1787224643.16134,24.92603956273494,0.4254032258064516,75.23456397761186,0.0,0.08557616932322969,0.4000000000000003,1.0,1.0,follow,1,0,0,0,-1.0
1787224643.2005315,24.520258989595014,0.41330645161290325,72.16544987579479,0.0,0.0870133263652992,0.2000000000000003,1.0,1.0,follow,1,0,0,0,-1.0
1787224643.2380555,24.66676108970716,0.40440092165898617,71.32747252747265,0.0,0.09119414685131957,2.7755575615628914e-16,1.0,1.0,follow,1,0,0,0,-1.0
1787224643.2825649,25.12672668582809,0.3391589861751152,73.71469583048525,0.0,0.10517376535145022,-0.19999999999999973,1.0,1.0,follow,1,0,0,0,-1.0
1787224643.3229165,24.59111493303555,0.2956336405529954,70.33325961963749,0.0,0.11379670760386726,-0.39999999999999974,1.0,1.0,follow,1,0,0,0,-1.0
1787224643.361714,24.62708191419663,0.22786866359447006,44.97336780866817,0.0,0.13078129082832507,-0.5999999999999998,1.0,1.0,follow,1,0,0,0,-1.0
1787224643.4044566,24.87751756265586,0.19577188940092166,39.84065934066274,0.0,0.1408413901228116,-0.7999999999999998,1.0,1.0,follow,1,0,0,0,-1.0
1787224643.4456263,24.41915280860447,0.3140668202764977,40.83718320327006,0.0,0.16331330023517115,-0.9999999999999998,1.0,1.0,follow,1,0,0,0,-1.0
1787224643.4839659,24.58122393147624,0.34078341013824887,34.1318260283778,0.0,0.17533315913247974,-1.0,1.0,1.0,follow,1,0,0,0,-1.0
1787224643.527189,24.88138595480814,0.5403225806451613,82.1318260283778,0.0,0.2243271492030311,-0.9999999999999998,1.0,1.0,follow,1,0,0,0,-1.0
1787224643.5683439,24.49829581350988,0.5403225806451613,120.94649051803816,0.0,0.25516070028743143,-0.7999999999999998,1.0,1.0,follow,1,0,0,0,-1.0
1787224643.6061323,24.496281145828224,0.5282258064516129,111.14379818069654,0.0,0.296707603867259,-0.6957496193219656,1.0,1.0,follow,1,0,0,0,-1.0
1787224643.650051,24.883863255963675,0.0,98.48069349822028,0.0,0.35406323490985103,-0.6957496193219656,1.0,1.0,slow:lane_dropout,1,0,0,0,-1.0
1787224643.6895034,24.434769585444332,0.0,87.88877272157117,0.0,0.40148941729814475,-0.6957496193219656,1.0,1.0,slow:lane_dropout,1,0,0,0,-1.0
1787224643.7249613,24.647127962354094,0.0,70.81262331749889,0.0,0.517115233864646,-0.6957496193219656,1.0,1.0,slow:lane_dropout,1,0,0,0,-1.0
1787224643.7670093,25.362565301888427,0.0,60.04904136436939,0.0,0.6132741050431147,-0.9757496193219656,0.4,1.0,reacquire:road,1,0,0,0,-1.0
1787224643.8087451,25.021825521807955,0.0,44.85599528107853,0.0,0.6277763261039979,-1.0,0.4,1.0,reacquire:road,1,0,0,0,-1.0
1787224643.843407,24.837498278848212,0.0,37.149620080252745,0.0,0.5700287431408414,-1.0,0.4,1.0,reacquire:road,1,0,0,0,-1.0
1787224643.8836777,25.637966983689363,0.0,27.46194293101859,0.0,0.5338385158087274,-1.0,0.4,1.0,reacquire:road,1,0,0,0,-1.0
1787224643.9200957,25.412119199052327,0.0,23.13447750166499,0.0,0.5556571727201464,-1.0,0.4,1.0,reacquire:road,1,0,0,0,-1.0
1787224643.9541183,25.892458556166858,0.0,20.59801702271148,0.0,0.5807420956362687,-1.0,0.4,1.0,reacquire:road,1,0,0,0,-1.0
1787224643.993739,26.58597710356637,0.0,18.938262967309626,0.0,0.639273582440554,-1.0,0.4,1.0,reacquire:road,1,0,0,0,-1.0
1787224644.0295103,26.250408571106036,0.0,18.990108728480834,0.0,0.6407107394826235,-1.0,0.4,1.0,reacquire:road,1,0,0,0,-1.0
1787224644.0672536,26.690640418203458,0.0,19.913329206864162,0.0,0.6829108962633917,-0.8799999999999999,0.4,1.0,reacquire:road,1,0,0,0,-1.0
1787224644.1089163,26.64767222482974,0.0,20.088070357807084,0.0,0.6729814476090933,-0.5999999999999999,0.4,1.0,reacquire:road,1,0,0,0,-1.0
1787224644.146438,26.067000243282237,0.0,30.816670451965365,0.0,0.6968905147635224,-0.31999999999999984,0.4,1.0,reacquire:road,1,0,0,0,-1.0
1787224644.1839328,26.257509155400548,0.0,29.63026922943486,0.0,0.7001567807682257,-0.039999999999999813,0.4,1.0,reacquire:road,1,0,0,0,-1.0
1787224644.2246718,26.339573201129376,0.0,27.894354563305768,0.0,0.6783381238568069,-0.31999999999999984,0.4,1.0,reacquire:road,1,0,0,0,-1.0
1787224644.2622004,25.871209860454044,0.0,26.460257159555816,0.0,0.6710216880062713,-0.5999999999999999,0.4,1.0,reacquire:road,1,0,0,0,-1.0
1787224644.2980206,26.16165256854049,0.0,25.892467688929784,0.0,0.6775542200156781,-0.8799999999999999,0.4,1.0,reacquire:road,1,0,0,0,-1.0
1787224644.3406246,26.513396096970236,0.0,22.313897399423553,0.0,0.6959759602822054,-1.0,0.4,1.0,reacquire:road,1,0,0,0,-1.0
1787224644.3771079,25.87769878331734,0.0,22.30123912793988,0.0,0.695584008361641,-1.0,0.4,1.0,reacquire:road,1,0,0,0,-1.0
1787224644.4143908,26.21859310437062,0.0,23.51128108426866,0.0,0.6661876143193102,-1.0,0.4,1.0,reacquire:road,1,0,0,0,-1.0
1787224644.455209,26.330010360030673,0.0,27.11303679672156,0.0,0.6978050692448393,-1.0,0.4,1.0,reacquire:road,1,0,0,0,-1.0
1787224644.4945054,25.955086543093962,0.0,28.251087358020193,0.0,0.6974131173242749,-1.0,0.4,1.0,reacquire:road,1,0,0,0,-1.0
1787224644.529256,25.871591255816124,0.0,29.544977644156628,0.0,0.7337339952965769,-1.0,0.4,1.0,reacquire:road,1,0,0,0,-1.0
1787224644.5683398,26.45226194701132,0.0,32.84922636808268,0.0,0.7652207995819179,-1.0,0.4,1.0,reacquire:road,1,0,0,0,-1.0
1787224644.606585,25.98939418306145,0.0,34.489184033995315,0.0,0.7532009406846093,-1.0,0.4,1.0,reacquire:road,1,0,0,0,-1.0
1787224644.6421034,26.36069621239155,0.0,36.370431879967555,0.0,0.7721452835118892,-1.0,0.4,1.0,reacquire:road,1,0,0,0,-1.0
1787224644.6840682,26.71740481511683,0.0,37.28387295713844,0.0,0.803501437157042,-1.0,0.4,1.0,reacquire:road,1,0,0,0,-1.0
1787224644.7210405,26.09214151328752,0.0,37.57090003020238,0.0,0.8016723281944081,-1.0,0.4,1.0,reacquire:road,1,0,0,0,-1.0
1787224644.7556548,26.346872032479155,0.0,37.47561159770462,0.0,0.799581917951398,-1.0,0.4,1.0,reacquire:road,1,0,0,0,-1.0
1787224644.7954385,26.769092415391565,0.0,37.911602861120635,0.0,0.7956623987457538,-1.0,0.4,1.0,reacquire:road,1,0,0,0,-1.0
1787224644.8322608,26.454556779881074,0.0,38.437009672120354,0.0,0.8018029788345963,-1.0,0.4,1.0,reacquire:road,1,0,0,0,-1.0
1787224644.8666983,26.66313339407198,0.0,39.11168462847424,0.0,0.7985367128298929,-1.0,0.4,1.0,reacquire:road,1,0,0,0,-1.0
1787224644.9071803,27.137328110298117,0.0,40.91305967621709,0.0,0.8143454402926574,-1.0,0.4,1.0,reacquire:road,1,0,0,0,-1.0
1787224644.9430408,26.632037002558096,0.0,44.03886554621843,0.0,0.8423046772929187,-1.0,0.4,1.0,reacquire:road,1,0,0,0,-1.0
1787224644.9777946,26.895971369824764,0.0,45.490934320074146,0.0,0.8284557094329762,-1.0,0.4,1.0,reacquire:road,1,0,0,0,-1.0
1787224645.0181463,27.2815201235002,0.0,47.21733322391213,0.0,0.8570681996341782,-1.0,0.4,1.0,reacquire:road,1,0,0,0,-1.0
1787224645.0556111,26.563774996426368,0.0,47.672541449011845,0.0,0.8605957669192579,-1.0,0.4,1.0,reacquire:road,1,0,0,0,-1.0
1787224645.0904706,26.854115326298416,0.0,53.310144927536136,0.0,0.8569375489939901,-1.0,0.4,1.0,reacquire:road,1,0,0,0,-1.0
1787224645.1303666,27.23390756968587,0.0,55.211046066309095,0.0,0.8838515808727463,-1.0,0.4,1.0,reacquire:road,1,0,0,0,-1.0
1787224645.1657841,26.788534702498772,0.0,54.82843037641782,0.0,0.8660830938071596,-1.0,0.4,1.0,reacquire:road,1,0,0,0,-1.0
1787224645.2002394,27.09327057663115,0.0,62.77942228295251,0.0,0.8348575908021949,-1.0,0.4,1.0,reacquire:road,1,0,0,0,-1.0
1787224645.2397182,27.480845470882063,0.0,64.56688759320312,0.0,0.8285863600731643,-1.0,0.4,1.0,reacquire:road,1,0,0,0,-1.0
1787224645.2763176,27.000404697572204,0.0,64.93164567879933,0.0,0.7880846616148419,-1.0,0.4,1.0,reacquire:road,1,0,0,0,-1.0
1787224645.3109066,27.12267982930414,0.0,72.80387038281722,0.0,0.7565978573295009,-1.0,0.4,1.0,reacquire:road,1,0,0,0,-1.0
1787224645.350845,27.476432043837935,0.0,75.43279775253146,0.0,0.6907499346746799,-1.0,0.4,1.0,reacquire:road,1,0,0,0,-1.0
1787224645.386613,26.849914067926214,0.0,85.97213152122941,0.0,0.7235432453619023,-1.0,0.4,1.0,reacquire:road,1,0,0,0,-1.0
1787224645.421858,27.243000194587903,0.0,80.64674154119122,0.0,0.6552129605435066,-1.0,0.4,1.0,reacquire:road,1,0,0,0,-1.0
1787224645.4625928,27.474137810862675,0.0,87.51131781524917,0.0,0.5979879801411027,-1.0,0.4,1.0,reacquire:road,1,0,0,0,-1.0
1787224645.4992719,26.870964509301533,0.0,85.59861627935652,0.0,0.5800888424353279,-1.0,0.4,1.0,reacquire:road,1,0,0,0,-1.0
1787224645.5345392,26.899346209772496,0.0,94.41640011144194,0.0,0.5559184740005226,-1.0,0.4,1.0,reacquire:road,1,0,0,0,-1.0
1787224645.574961,27.272711421845717,0.0,93.88432880538133,0.0,0.5246929709955579,-1.0,0.4,1.0,reacquire:road,1,0,0,0,-1.0
1787224645.6111543,26.74707484795707,0.0,102.77111958690858,0.0,0.468513195714659,-1.0,0.4,1.0,reacquire:road,1,0,0,0,-1.0
1787224645.6466005,26.9480327732294,0.0,101.55057081372871,0.0,0.4606741573033708,-1.0,0.4,1.0,reacquire:road,1,0,0,0,-1.0
1787224645.689857,27.209719230188412,0.0,109.36186105443042,0.0,0.409328455709433,-1.0,0.4,1.0,reacquire:road,1,0,0,0,-1.0
1787224645.7256658,26.379340701137274,0.0,108.93001412513787,0.0,0.3767964463025869,-1.0,0.4,1.0,reacquire:road,1,0,0,0,-1.0
1787224645.761514,26.705300930465583,0.0,116.48408880666048,0.0,0.3407368696106611,-1.0,0.4,1.0,reacquire:road,1,0,0,0,-1.0
1787224645.8030329,26.941498183247838,0.0,122.87853703727589,0.0,0.2852103475307029,-1.0,0.4,1.0,reacquire:road,1,0,0,0,-1.0
1787224645.841972,26.297404933614374,0.0,124.94963768115936,0.0,0.24771361379670762,-1.0,0.4,1.0,reacquire:road,1,0,0,0,-1.0
1787224645.8773656,26.25910355755934,0.0,130.8972845187682,0.0,0.2140057486281683,-1.0,0.4,1.0,reacquire:road,1,0,0,0,-1.0
1787224645.9171681,26.661563076810236,0.0,132.6901371556949,0.0,0.17846877449699503,-1.0,0.4,1.0,reacquire:road,1,0,0,0,-1.0
1787224645.9545608,26.242629432704646,0.0,139.2059732000909,0.0,0.15050953749673374,-1.0,0.4,1.0,reacquire:road,1,0,0,0,-1.0
1787224645.9899223,26.46290118451647,0.0,139.88970588235287,0.0,0.10373660830938071,-1.0,0.4,1.0,reacquire:road,1,0,0,0,-1.0
1787224646.031038,26.83921710610635,0.0,147.68728038835826,0.0,0.0683302848183956,-1.0,0.4,1.0,reacquire:road,1,0,0,0,-1.0
1787224646.0690224,26.31036472621725,0.0,149.68772935916888,0.0,0.030310948523647765,-1.0,0.4,1.0,reacquire:road,1,0,0,0,-1.0
1787224646.1046445,26.337667440530645,0.0,155.13530655391128,0.0,0.01998954794878495,-1.0,0.4,1.0,reacquire:road,1,0,0,0,-1.0
1787224646.1447947,26.679249078613555,0.0,162.77864166943402,0.0,0.010713352495427228,-1.0,0.4,1.0,reacquire:road,1,0,0,0,-1.0
1787224646.1825235,26.20231328443135,0.0,164.03758160994983,0.0,0.008230990331852626,-1.0,0.4,1.0,reacquire:road,1,0,0,0,-1.0
1787224646.2180562,26.41947532355678,0.0,170.65870721554117,0.0,0.006271230729030572,-1.0,0.4,1.0,reacquire:road,1,0,0,0,-1.0
1787224646.2594345,26.7484995376,0.0,171.6811719282302,0.0,0.004703423046772929,-1.0,0.4,1.0,reacquire:road,1,0,0,0,-1.0
1787224646.2969627,26.161892216549244,0.0,179.5911432658172,0.0,0.0020904102430101905,-1.0,0.4,1.0,reacquire:road,1,0,0,0,-1.0
1787224646.3324738,26.36180712208445,0.0,185.91658596538267,0.0,0.0011758557616932323,-1.0,0.4,1.0,reacquire:road,1,0,0,0,-1.0
1787224646.3754177,26.722926216004094,0.4495967741935484,81.30227765593044,0.0,0.0,-1.0,0.48000000000000004,1.0,follow,1,0,0,0,-1.0
1787224646.4143522,26.025610108500555,0.4375,82.09397183739523,0.0,0.0,-1.0,0.56,1.0,follow,1,0,0,0,-1.0
1787224646.451627,25.971791262182983,0.4193548387096774,81.52092017178148,0.0,0.0,-1.0,0.64,1.0,follow,1,0,0,0,-1.0
1787224646.4938936,26.132665674529164,0.38911290322580644,87.47670807453238,0.0,0.0001306506401881369,-1.0,0.72,1.0,follow,1,0,0,0,-1.0
1787224646.532891,25.55689698693878,0.37701612903225806,80.3272043745701,0.0,0.0005226025607525476,-1.0,0.7999999999999999,1.0,follow,1,0,0,0,-1.0
1787224646.5702572,25.683122450656995,0.3281566820276498,64.79889060886649,0.0,0.0011758557616932323,-1.0,0.8799999999999999,1.0,follow,1,0,0,0,-1.0
1787224646.6139138,25.888343631766034,0.2980645161290323,112.79889060886649,0.0,0.0,-0.818958422439872,0.9599999999999999,1.0,follow,1,0,0,0,-1.0
1787224646.6537173,25.23627359234222,0.3580184331797235,127.11446032228638,0.0,0.0,-0.6189584224398721,1.0,1.0,follow,1,0,0,0,-1.0
1787224646.6910183,25.277346646849068,0.3865437788018433,135.99028693528692,0.0,0.00169845832244578,-0.4189584224398721,1.0,1.0,follow,1,0,0,0,-1.0
1787224646.7337766,25.584221792394743,0.4193548387096774,140.34618542377186,0.0,0.00169845832244578,-0.21895842243987207,1.0,1.0,follow,1,0,0,0,-1.0
1787224646.772255,25.132657252852834,0.4435483870967742,145.4002339572193,0.0,0.004050169845832245,-0.018958422439872058,1.0,1.0,follow,1,0,0,0,-1.0
1787224646.8091145,25.327727579276267,0.4375,150.48476084538373,0.0,0.009406846093545859,0.18104157756012795,1.0,1.0,follow,1,0,0,0,-1.0
1787224646.8515496,25.693461201892724,0.4495967741935484,158.9841697676136,0.0,0.016853932584269662,0.38104157756012796,1.0,1.0,follow,1,0,0,0,-1.0
1787224646.8906596,25.163253859657864,0.48588709677419356,166.67454810394472,0.0,0.03423046772929187,0.581041577560128,1.0,1.0,follow,1,0,0,0,-1.0
1787224646.9289825,25.373750235423884,0.4616935483870968,173.38348853054708,0.0,0.03919519205644108,0.781041577560128,1.0,1.0,follow,1,0,0,0,-1.0
1787224646.9715638,25.51786993040719,0.4435483870967742,179.65415570553708,0.0,0.05134570159393781,0.981041577560128,1.0,1.0,follow,1,0,0,0,-1.0
1787224647.0110471,25.016456746267927,0.4193548387096774,183.6324260031157,0.0,0.06362686177162268,1.0,1.0,1.0,follow,1,0,0,0,-1.0
1787224647.048327,25.181474750507117,0.32773041474654374,190.01681476418128,0.0,0.09824928142147897,1.0,1.0,1.0,follow,1,0,0,0,-1.0
1787224647.0928571,25.436308131144337,0.2775460829493087,142.01681476418128,0.0,0.11549516592631304,1.0,1.0,1.0,follow,1,0,0,0,-1.0
1787224647.1328523,24.853952189536923,0.2837327188940092,120.20051535421135,0.0,0.1648811079174288,0.981041577560128,1.0,1.0,follow,1,0,0,0,-1.0
1787224647.1723576,24.94269794647141,0.31339861751152076,132.64954827780855,0.0,0.22628690880585314,0.8999384002441699,1.0,1.0,follow,1,0,0,0,-1.0
1787224647.2156963,25.007296271183257,0.0,150.49168142448514,0.0,0.36294747844264436,0.8999384002441699,1.0,1.0,slow:lane_dropout,1,0,0,0,-1.0
1787224647.252079,24.557826667725397,0.0,160.95951576410687,0.0,0.4738698719623726,0.8999384002441699,1.0,1.0,slow:lane_dropout,1,0,0,0,-1.0
1787224647.2869945,25.235940171079317,0.0,170.30410699454666,0.0,0.5182910896263392,0.8999384002441699,1.0,1.0,slow:lane_dropout,1,0,0,0,-1.0
1787224647.3281517,25.910883874699564,0.0,179.80258919770546,0.0,0.5551345701593938,0.6199384002441699,0.4,1.0,reacquire:road,1,0,0,0,-1.0
1787224647.3677194,25.54414949156068,0.0,186.1368293246989,0.0,0.5220799581917951,0.3399384002441699,0.4,1.0,reacquire:road,1,0,0,0,-1.0
1787224647.4055035,25.538120362403763,0.0,187.43062294297846,0.0,0.5742095636268618,0.059938400244169854,0.4,1.0,reacquire:road,1,0,0,0,-1.0
1787224647.4473965,25.733600936855133,0.0,191.04643727365146,0.0,0.5651946694538803,-0.22006159975583017,0.4,1.0,reacquire:road,1,0,0,0,-1.0
1787224647.4863586,25.347171319525373,0.0,189.20413429623923,0.0,0.5584008361640972,-0.5000615997558302,0.4,1.0,reacquire:road,1,0,0,0,-1.0
1787224647.5310416,25.41965568080018,0.0,187.63390023916412,0.0,0.5731643585053566,-0.7800615997558302,0.4,1.0,reacquire:road,0,0,0,0,-1.0
1787224648.7396731,20.504240185846143,0.0,57.683423227710136,0.0,0.09720407629997387,-0.5000615997558302,0.4,1.0,reacquire:road,0,0,0,0,-1.0
1787224648.7738779,19.393372261871477,0.0,57.391874544634334,0.0,0.09851058270185524,-0.22006159975583017,0.4,1.0,reacquire:road,0,0,0,0,-1.0
1787224648.8155243,21.445509318290693,0.0,57.44152439691527,0.0,0.09472171413639927,0.059938400244169854,0.4,1.0,reacquire:road,0,0,0,0,-1.0
1787224648.8622317,21.942443867941144,0.0,57.54691365602787,0.0,0.0958975698980925,0.3399384002441699,0.4,1.0,reacquire:road,0,0,0,0,-1.0
1787224648.9040108,21.775186096494735,0.0,57.70222565312383,0.0,0.10047034230467729,0.6199384002441699,0.4,1.0,reacquire:road,0,0,0,0,-1.0
1787224648.9481363,22.303866939658736,0.0,57.62065551282467,0.0,0.09681212437940946,0.8999384002441699,0.4,1.0,reacquire:road,0,0,0,0,-1.0
1787224648.995372,22.37479572001429,0.0,57.76166536339815,0.0,0.0969427750195976,1.0,0.4,1.0,reacquire:road,0,0,0,0,-1.0
1787224649.0381987,22.130270601831302,0.0,62.9246188761428,0.0,0.09563626861771622,1.0,0.4,1.0,reacquire:road,0,0,0,0,-1.0
1787224649.079254,22.378852139782076,0.0,57.73563847247988,0.0,0.09851058270185524,1.0,0.4,1.0,reacquire:road,0,0,0,0,-1.0
1787224649.124963,22.77154010425274,0.0,57.7260554471718,0.0,0.09602822053828064,1.0,0.4,1.0,reacquire:road,0,0,0,0,-1.0
1787224649.1677196,22.58549442096746,0.0,57.49194620215121,0.0,0.09511366605696368,1.0,0.4,1.0,reacquire:road,0,0,0,0,-1.0
1787224649.2027044,22.75426833083522,0.0,57.50387844643251,0.0,0.09628952181865691,1.0,0.4,1.0,reacquire:road,0,0,0,0,-1.0
1787224649.242938,23.918223528889744,0.0,57.66642625147074,0.0,0.09628952181865691,1.0,0.4,1.0,reacquire:road,0,0,0,0,-1.0
1787224649.2794144,24.08332074404369,0.0,57.50366227291761,0.0,0.09563626861771622,1.0,0.4,1.0,reacquire:road,0,0,0,0,-1.0
1787224649.3186648,24.78345952187748,0.0,57.707100899655074,0.0,0.09642017245884504,1.0,0.4,1.0,reacquire:road,0,0,0,0,-1.0
1787224649.3591237,24.90754460446945,0.0,57.440340780199335,0.0,0.09720407629997387,1.0,0.4,1.0,reacquire:road,0,0,0,0,-1.0
1787224649.406351,24.855123849584203,0.0,62.59006005261324,0.0,0.10125424614580611,1.0,0.4,1.0,reacquire:road,0,0,0,0,-1.0
1787224649.4511287,24.138145725582252,0.0,57.76225717175623,0.0,0.09864123334204337,1.0,0.4,1.0,reacquire:road,0,0,0,0,-1.0
1787224649.4914298,23.759934782328926,0.0,57.71042756986253,0.0,0.09615887117846877,1.0,0.4,1.0,reacquire:road,0,0,0,0,-1.0
1787224649.5381553,23.87982821164949,0.0,57.946120085721645,0.0,0.09851058270185524,1.0,0.4,1.0,reacquire:road,0,0,0,0,-1.0
1787224649.578996,23.46820770260529,0.0,57.69693473961729,0.0,0.09746537758035015,1.0,0.4,1.0,reacquire:road,0,0,0,0,-1.0
1787224649.6228654,23.66711035772489,0.0,62.741717159737675,0.0,0.09811863078129082,1.0,0.4,1.0,reacquire:road,0,0,0,0,-1.0
1787224649.6650248,23.188107308672215,0.0,57.59904683492573,0.0,0.09903318526260779,1.0,0.4,1.0,reacquire:road,0,0,0,0,-1.0
1787224649.7003217,23.66180383580659,0.0,57.67639024923983,0.0,0.09994773974392475,1.0,0.4,1.0,reacquire:road,0,0,0,0,-1.0
1787224649.740022,24.617738150088286,0.0,57.59102973319875,0.0,0.10099294486542984,1.0,0.4,1.0,reacquire:road,0,0,0,0,-1.0
1787224649.7798398,24.657047998421422,0.0,57.756088887346664,0.0,0.09798798014110269,1.0,0.4,1.0,reacquire:road,0,0,0,0,-1.0
1787224649.8169703,24.758998376155887,0.0,62.345356434362486,0.0,0.09851058270185524,1.0,0.4,1.0,reacquire:road,0,0,0,0,-1.0
1787224649.859686,25.072744659324773,0.0,57.89164569427692,0.0,0.09720407629997387,1.0,0.4,1.0,reacquire:road,0,0,0,0,-1.0
1787224649.9007978,24.839765263315385,0.0,62.747310031050404,0.0,0.09785732950091455,1.0,0.4,1.0,reacquire:road,0,0,0,0,-1.0
1787224649.938126,24.78319792006578,0.0,57.68323907990134,0.0,0.09968643846354847,1.0,0.4,1.0,reacquire:road,0,0,0,0,-1.0
1787224649.9804142,25.19593969123457,0.0,57.614340443928995,0.0,0.09602822053828064,1.0,0.4,1.0,reacquire:road,0,0,0,0,-1.0
1787224650.0215182,24.826026770064686,0.0,62.32894978005845,0.0,0.09668147373922133,1.0,0.4,1.0,reacquire:road,0,0,0,0,-1.0
1787224650.0586205,24.797550079965713,0.0,57.844267665512575,0.0,0.09929448654298406,1.0,0.4,1.0,reacquire:road,0,0,0,0,-1.0
1787224650.098913,25.227016954857866,0.0,57.76990731226897,0.0,0.09602822053828064,1.0,0.4,1.0,reacquire:road,0,0,0,0,-1.0
1787224650.1388836,24.87416553601225,0.0,57.539200131305506,0.0,0.09824928142147897,1.0,0.4,1.0,reacquire:road,0,0,0,0,-1.0
1787224650.175526,25.202602021789673,0.0,57.673265074098936,0.0,0.09890253462241964,1.0,0.4,1.0,reacquire:road,0,0,0,0,-1.0
1787224650.2159498,25.583393003922914,0.0,57.75032426027258,0.0,0.0994251371831722,1.0,0.4,1.0,reacquire:road,0,0,0,0,-1.0
1787224650.254649,25.144666410717758,0.0,57.58659484012503,0.0,0.09615887117846877,1.0,0.4,1.0,reacquire:road,0,0,0,0,-1.0
1787224650.290267,25.665541395184768,0.0,57.96879695435484,0.0,0.09720407629997387,1.0,0.4,1.0,reacquire:road,0,0,0,0,-1.0
1787224650.331362,26.060979419455446,0.0,57.58178564661182,0.0,0.09668147373922133,1.0,0.4,1.0,reacquire:road,0,0,0,0,-1.0
1787224650.3699105,25.714826600968358,0.0,58.013855454644386,0.0,0.0983799320616671,1.0,0.4,1.0,reacquire:road,0,0,0,0,-1.0
1787224650.4048758,25.837122231583084,0.0,57.83842964619555,0.0,0.0983799320616671,1.0,0.4,1.0,reacquire:road,0,0,0,0,-1.0
1787224650.444583,26.39155351468009,0.0,57.72900981854718,0.0,0.09968643846354847,1.0,0.4,1.0,reacquire:road,0,0,0,0,-1.0
1787224650.4825459,26.09750910294865,0.0,57.66642625147074,0.0,0.09746537758035015,1.0,0.4,1.0,reacquire:road,0,0,0,0,-1.0
1787224650.518476,26.18687832889724,0.0,62.449092741935374,0.0,0.09890253462241964,1.0,0.4,1.0,reacquire:road,0,0,0,0,-1.0
1787224650.5584269,26.52742942360196,0.0,57.89373470438909,0.0,0.09798798014110269,1.0,0.4,1.0,reacquire:road,0,0,0,0,-1.0
1787224650.596202,26.18804530071749,0.0,57.39242165044436,0.0,0.09759602822053828,1.0,0.4,1.0,reacquire:road,0,0,0,0,-1.0
1787224650.630854,26.29803983234652,0.0,57.76539635814322,0.0,0.09903318526260779,1.0,0.4,1.0,reacquire:road,0,0,0,0,-1.0
1787224650.6707695,26.785928586782568,0.0,57.75897120088348,0.0,0.09811863078129082,1.0,0.4,1.0,reacquire:road,0,0,0,0,-1.0
1787224650.7084491,26.425324957450073,0.0,62.74374137484892,0.0,0.09851058270185524,1.0,0.4,1.0,reacquire:road,0,0,0,0,-1.0
1787224650.7456555,26.484098002353026,0.0,57.836363988160656,0.0,0.09681212437940946,1.0,0.4,1.0,reacquire:road,0,0,0,0,-1.0
1787224650.796455,26.563760513180675,0.0,57.691839316357346,0.0,0.09864123334204337,1.0,0.4,1.0,reacquire:road,1,0,0,0,-1.0
1787224650.8368702,25.042066373889366,0.0,63.033842936001236,0.0,0.09824928142147897,1.0,0.4,1.0,reacquire:road,1,0,0,0,-1.0
1787224650.8730872,25.234005246156837,0.0,62.43497983870935,0.0,0.09615887117846877,1.0,0.4,1.0,reacquire:road,1,0,0,0,-1.0
1787224650.9137115,25.709977948180466,0.0,57.49205362170619,0.0,0.097334726940162,1.0,0.4,1.0,reacquire:road,1,0,0,0,-1.0
1787224650.953581,25.286290403481978,0.0,57.74488989829149,0.0,0.09824928142147897,1.0,0.4,1.0,reacquire:road,1,0,0,0,-1.0
1787224650.9895067,25.476198649639805,0.0,57.796058969999535,0.0,0.09772667886072642,1.0,0.4,1.0,reacquire:road,1,0,0,0,-1.0
1787224651.0303233,25.94938961510703,0.0,57.51899124363763,0.0,0.09563626861771622,1.0,0.4,1.0,reacquire:road,1,0,0,0,-1.0
1787224651.0678587,25.64274253331778,0.0,57.744931264828324,0.0,0.09642017245884504,1.0,0.4,1.0,reacquire:road,1,0,0,0,-1.0
1787224651.1036596,25.777373112614825,0.0,57.6204033103902,0.0,0.09746537758035015,1.0,0.4,1.0,reacquire:road,1,0,0,0,-1.0
1787224651.1435575,26.303318649693008,0.0,57.468158441842434,0.0,0.09628952181865691,1.0,0.4,1.0,reacquire:road,1,0,0,0,-1.0
1787224651.1810908,25.999842172046773,0.0,57.44237107651725,0.0,0.09655082309903318,1.0,0.4,1.0,reacquire:road,1,0,0,0,-1.0
1787224651.2164323,26.17559210160079,0.0,58.232305686252516,0.0,0.09903318526260779,1.0,0.4,1.0,reacquire:road,1,0,0,0,-1.0
1787224651.2565846,26.602709374841748,0.0,57.75131505555123,0.0,0.09955578782336033,1.0,0.4,1.0,reacquire:road,1,0,0,0,-1.0
1787224651.294389,26.26374711293886,0.0,57.5430679025028,0.0,0.09759602822053828,1.0,0.4,1.0,reacquire:road,1,0,0,0,-1.0
1787224651.332643,26.307409945714053,0.0,59.089460511677714,0.0,0.09354585837470604,1.0,0.4,1.0,reacquire:road,1,0,0,0,-1.0
1787224651.3742328,26.27772781971515,0.0,54.26519521256432,0.0,0.0739482623464855,1.0,0.4,1.0,reacquire:road,1,0,0,0,-1.0
1787224651.4124203,25.776177501490892,0.0,50.100840336134524,0.0,0.05422001567807682,1.0,0.4,1.0,reacquire:road,1,0,0,0,-1.0
1787224651.4476125,25.92647955255752,0.0,47.98807033810584,0.0,0.05108440031356154,1.0,0.4,1.0,reacquire:road,1,0,0,0,-1.0
1787224651.487611,26.416188915538335,0.0,30.678944928411056,0.0,0.05030049647243272,1.0,0.4,1.0,reacquire:road,1,0,0,0,-1.0
1787224651.5252502,26.094545169553058,0.0,28.45142516465944,0.0,0.05539587143977005,1.0,0.4,1.0,reacquire:road,1,0,0,0,-1.0
1787224651.5620577,26.23985737007337,0.0,26.719357515410188,0.0,0.06271230729030572,1.0,0.4,1.0,reacquire:road,1,0,0,0,-1.0
1787224651.6029909,26.423630565382492,0.0,20.716439617755405,0.0,0.06597857329500914,1.0,0.4,1.0,reacquire:road,1,0,0,0,-1.0
1787224651.639586,26.006264154741068,0.0,12.145483193277443,0.0,0.07878233603344656,1.0,0.4,1.0,reacquire:road,1,0,0,0,-1.0
1787224651.6751204,26.299255539814695,0.0,5.921813006727433,0.0,0.08374706036059577,1.0,0.4,1.0,reacquire:road,1,0,0,0,-1.0
1787224651.7174919,26.66003549775402,0.0,0.0,0.0,0.09263130389338908,1.0,0.4,1.0,reacquire:road,1,0,0,0,-1.0
1787224651.7559116,26.042400058854966,0.3016820276497696,126.40943836864912,0.0,0.10073164358505357,1.0,0.48000000000000004,1.0,follow,1,0,0,0,-1.0
1787224651.7941055,26.056633114385136,0.33420506912442394,120.17293233082678,0.0,0.10047034230467729,0.96,0.56,1.0,follow,1,0,0,0,-1.0
1787224651.8364985,26.082429270719963,0.3306336405529954,112.57461300309632,0.0,0.084922916122289,0.8400000000000001,0.64,1.0,follow,1,0,0,0,-1.0
1787224651.8765821,25.397331606216078,0.38306451612903225,99.62596213855034,0.0,0.08544551868304155,0.7200000000000001,0.72,1.0,follow,1,0,0,0,-1.0
1787224651.9178975,25.53302436518803,0.38306451612903225,90.58547430829651,0.0,0.09472171413639927,0.6000000000000001,0.7999999999999999,1.0,follow,1,0,0,0,-1.0
1787224651.9606538,25.2584454644801,0.4012096774193548,85.62622073578336,0.0,0.09602822053828064,0.48000000000000015,0.8799999999999999,1.0,follow,1,0,0,0,-1.0
1787224652.0044808,24.82725292664757,0.407258064516129,81.3423076923028,0.0,0.10216880062712308,0.36000000000000015,0.9599999999999999,1.0,follow,1,0,0,0,-1.0
1787224652.04266,24.490044998045963,0.41330645161290325,69.65077680939507,0.0,0.11863078129082832,0.24000000000000016,1.0,1.0,follow,1,0,0,0,-1.0
1787224652.0852883,24.83045532007088,0.4254032258064516,55.34594876141085,0.0,0.12451006009929448,0.12000000000000016,1.0,1.0,follow,1,0,0,0,-1.0
1787224652.1232162,24.530628597409226,0.41330645161290325,61.83441118268854,0.0,0.12686177162268095,1.6653345369377348e-16,1.0,1.0,follow,1,0,0,0,-1.0
1787224652.1596875,24.919918353445983,0.38911290322580644,64.74534161491351,0.0,0.11510321400574863,-0.11999999999999983,1.0,1.0,follow,1,0,0,0,-1.0
1787224652.20139,25.428776479994724,0.3649193548387097,74.15509361639579,0.0,0.14345440292657435,-0.23999999999999982,1.0,1.0,follow,1,0,0,0,-1.0
1787224652.239412,25.087838052801413,0.3407258064516129,26.15509361639579,0.0,0.16056963679122027,-0.3599999999999998,1.0,1.0,follow,1,0,0,0,-1.0
1787224652.275791,25.39256306982147,0.3202995391705069,0.0,0.0,0.16801672328194409,-0.47999999999999987,1.0,1.0,follow,1,0,0,0,-1.0
1787224652.3195293,25.812980322863595,0.30849078341013825,0.0,0.0,0.17428795401097466,-0.5999999999999999,1.0,1.0,follow,1,0,0,0,-1.0
1787224652.3573039,25.193488779677452,0.2528225806451613,0.0,0.0,0.2006793833289783,-0.7199999999999999,1.0,1.0,follow,1,0,0,0,-1.0
1787224652.3933797,25.489564888285138,0.11653225806451613,0.0,0.0,0.20551345701593937,-0.8399999999999997,1.0,1.0,follow,1,0,0,0,-1.0
1787224652.433021,25.936020009426862,0.0,112.0,0.0,0.23739221322184478,-0.8399999999999997,1.0,1.0,slow:lane_dropout,1,0,0,0,-1.0
1787224652.464298,25.73697984298357,0.0,112.0,0.0,0.28547164881107917,-0.8399999999999997,1.0,1.0,slow:lane_dropout,1,0,0,0,-1.0
1787224652.498581,27.045815690822973,0.0,90.36713000127384,0.0,0.339691664489156,-0.8399999999999997,1.0,1.0,slow:lane_dropout,1,0,0,0,-1.0
1787224652.5413034,27.4751019002064,0.0,96.511363636434,0.0,0.41991115756467207,-1.0,0.4,1.0,reacquire:road,1,0,0,0,-1.0
1787224652.5783215,26.48289594804097,0.0,133.81346153841332,0.0,0.4871962372615626,-1.0,0.4,1.0,reacquire:road,1,0,0,0,-1.0
1787224652.6135645,26.857622241059282,0.0,64.15686274509835,0.0,0.5701593937810295,-1.0,0.4,1.0,reacquire:road,1,0,0,0,-1.0
1787224652.6566272,27.049495266222312,0.0,0.0,0.0,0.6882675725111053,-1.0,0.4,1.0,reacquire:road,1,0,0,0,-1.0
1787224652.6936736,26.36122804104134,0.0,0.0,0.0,0.6907499346746799,-0.864,0.4,1.0,reacquire:road,1,0,0,0,-1.0
1787224652.7358046,26.491941611963714,0.0,0.0,0.0,0.6640972040763,-0.696,0.4,1.0,reacquire:road,1,0,0,0,-1.0
1787224652.7742033,25.935499088705104,0.0,112.0,0.0,0.6761170629736085,-0.5279999999999999,0.4,1.0,reacquire:road,1,0,0,0,-1.0
1787224652.807027,25.947280253428556,0.0,112.0,0.0,0.6842174026652731,-0.35999999999999993,0.4,1.0,reacquire:road,1,0,0,0,-1.0
1787224652.8379424,26.85850433706635,0.0,112.0,0.0,0.6878756205905409,-0.1919999999999999,0.4,1.0,reacquire:road,1,0,0,0,-1.0
1787224652.8739598,27.975600529084186,0.0,112.0,0.0,0.6623987457538542,-0.023999999999999886,0.4,1.0,reacquire:road,1,0,0,0,-1.0
1787224652.9066422,27.905161757575797,0.0,112.0,0.0,0.6297360857068199,0.14400000000000013,0.4,1.0,reacquire:road,1,0,0,0,-1.0
1787224652.9377098,28.482050967131986,0.0,112.0,0.0,0.5862294225241703,0.3120000000000001,0.4,1.0,reacquire:road,1,0,0,0,-1.0
1787224652.9894183,29.21560254372438,0.0,112.0,0.0,0.4702116540371048,0.14400000000000013,0.4,1.0,reacquire:road,0,0,0,0,-1.0
1787224654.6155324,23.496141152334136,0.0,112.0,0.0,0.11366605696367912,-0.023999999999999886,0.4,1.0,reacquire:road,0,0,0,0,-1.0
1787224654.6412961,22.100295094659366,0.0,112.0,0.0,0.11275150248236217,-0.1919999999999999,0.4,1.0,reacquire:road,0,0,0,0,-1.0
1787224654.6727455,25.46998938749328,0.0,112.0,0.0,0.10465116279069768,-0.35999999999999993,0.4,1.0,reacquire:road,0,0,0,0,-1.0
1787224654.703667,26.716989588167795,0.0,112.0,0.0,0.10295270446825189,-0.5279999999999999,0.4,1.0,reacquire:road,0,0,0,0,-1.0
1787224654.7333753,27.86190898480503,0.0,112.0,0.0,0.11640972040763,-0.696,0.4,1.0,reacquire:road,0,0,0,0,-1.0
1787224654.7685132,29.020075507771704,0.0,112.0,0.0,0.11105304415991639,-0.864,0.4,1.0,reacquire:road,0,0,0,0,-1.0
1787224654.8004365,28.739709523261215,0.0,112.0,0.0,0.10151554742618239,-1.0,0.4,1.0,reacquire:road,0,0,0,0,-1.0
1787224654.8316412,29.476162694899777,0.0,112.0,0.0,0.10778677815521297,-1.0,0.4,1.0,reacquire:road,0,0,0,0,-1.0
1787224654.867769,29.971409262278666,0.0,112.0,0.0,0.10595766919257904,-1.0,0.4,1.0,reacquire:road,0,0,0,0,-1.0
1787224654.8974164,29.517048998880504,0.0,112.0,0.0,0.09642017245884504,-1.0,0.4,1.0,reacquire:road,0,0,0,0,-1.0
1787224654.9229312,30.358740830421585,0.0,112.0,0.0,0.10961588711784688,-1.0,0.4,1.0,reacquire:road,0,0,0,0,-1.0
1787224654.9540584,32.12397865357465,0.0,112.0,0.0,0.10883198327671806,-1.0,0.4,1.0,reacquire:road,0,0,0,0,-1.0
1787224654.9815001,32.117143354080426,0.0,112.0,0.0,0.12202769793571988,-1.0,0.4,1.0,reacquire:road,0,0,0,0,-1.0
1787224655.0068226,33.008778084933056,0.0,112.0,0.0,0.10713352495427228,-1.0,0.4,1.0,reacquire:road,0,0,0,0,-1.0
1787224655.039803,34.30443195967051,0.0,112.0,0.0,0.1033446563888163,-1.0,0.4,1.0,reacquire:road,0,0,0,0,-1.0
1787224655.0682473,33.466761330113485,0.0,112.0,0.0,0.09642017245884504,-1.0,0.4,1.0,reacquire:road,0,0,0,0,-1.0
1787224655.0938327,33.860182996632815,0.0,112.0,0.0,0.10399790958975699,-1.0,0.4,1.0,reacquire:road,0,0,0,0,-1.0
1787224655.1253314,34.87691499300014,0.0,112.0,0.0,0.11562581656650117,-1.0,0.4,1.0,reacquire:road,0,0,0,0,-1.0
1787224655.1527011,34.24333252986716,0.0,112.0,0.0,0.09877188398223151,-1.0,0.4,1.0,reacquire:road,0,0,0,0,-1.0
1787224655.1790266,34.60060888026828,0.0,112.0,0.0,0.11092239351972824,-1.0,0.4,1.0,reacquire:road,0,0,0,0,-1.0
1787224655.2098844,35.39146098825347,0.0,112.0,0.0,0.11053044159916384,-1.0,0.4,1.0,reacquire:road,0,0,0,0,-1.0
1787224655.2396936,34.738094211675794,0.0,112.0,0.0,0.10478181343088581,-1.0,0.4,1.0,reacquire:road,0,0,0,0,-1.0
1787224655.2661407,34.58580041674993,0.0,112.0,0.0,0.1058270185523909,-1.0,0.4,1.0,reacquire:road,0,0,0,0,-1.0
1787224655.2974734,35.236327429524984,0.0,112.0,0.0,0.11131434544029266,-1.0,0.4,1.0,reacquire:road,0,0,0,0,-1.0
1787224655.3237097,34.54204680619911,0.0,112.0,0.0,0.09615887117846877,-1.0,0.4,1.0,reacquire:road,0,0,0,0,-1.0
1787224655.3491933,35.30249348055449,0.0,112.0,0.0,0.09798798014110269,-1.0,0.4,1.0,reacquire:road,0,0,0,0,-1.0
1787224655.3794572,36.0886642714649,0.0,112.0,0.0,0.10373660830938071,-1.0,0.4,1.0,reacquire:road,0,0,0,0,-1.0
1787224655.4065394,35.30261502258575,0.0,112.0,0.0,0.11157564672066893,-1.0,0.4,1.0,reacquire:road,0,0,0,0,-1.0
1787224655.432909,35.8503828182129,0.0,112.0,0.0,0.1033446563888163,-1.0,0.4,1.0,reacquire:road,0,0,0,0,-1.0
1787224655.4650238,36.27041574986009,0.0,112.0,0.0,0.10661092239351973,-1.0,0.4,1.0,reacquire:road,0,0,0,0,-1.0
1787224655.4955761,35.233121348750444,0.0,112.0,0.0,0.09811863078129082,-1.0,0.4,1.0,reacquire:road,0,0,0,0,-1.0
1787224655.5225866,34.71685024212333,0.0,112.0,0.0,0.10073164358505357,-1.0,0.4,1.0,reacquire:road,0,0,0,0,-1.0
1787224655.5532074,35.21498706610177,0.0,112.0,0.0,0.10138489678599426,-1.0,0.4,1.0,reacquire:road,0,0,0,0,-1.0
1787224655.5805385,34.618151598388216,0.0,112.0,0.0,0.11157564672066893,-1.0,0.4,1.0,reacquire:road,0,0,0,0,-1.0
1787224655.6056967,35.11476047829333,0.0,112.0,0.0,0.09994773974392475,-1.0,0.4,1.0,reacquire:road,0,0,0,0,-1.0
1787224655.6357207,36.0561082491805,0.0,112.0,0.0,0.10634962111314346,-1.0,0.4,1.0,reacquire:road,0,0,0,0,-1.0
1787224655.6647303,35.49389925089452,0.0,112.0,0.0,0.10661092239351973,-1.0,0.4,1.0,reacquire:road,0,0,0,0,-1.0
1787224655.6900735,35.28446486948694,0.0,112.0,0.0,0.10883198327671806,-1.0,0.4,1.0,reacquire:road,0,0,0,0,-1.0
1787224655.7214727,36.13670544210177,0.0,112.0,0.0,0.11693232296838255,-1.0,0.4,1.0,reacquire:road,0,0,0,0,-1.0
1787224655.7504213,35.17062268315637,0.0,112.0,0.0,0.1054350666318265,-1.0,0.4,1.0,reacquire:road,0,0,0,0,-1.0
1787224655.7757053,35.171791681477536,0.0,112.0,0.0,0.10308335510844004,-1.0,0.4,1.0,reacquire:road,0,0,0,0,-1.0
1787224655.8056417,36.05576525354596,0.0,112.0,0.0,0.10817873007577737,-1.0,0.4,1.0,reacquire:road,0,0,0,0,-1.0
1787224655.8319945,35.17194005839217,0.0,112.0,0.0,0.12464071073948263,-1.0,0.4,1.0,reacquire:road,0,0,0,0,-1.0
1787224655.854769,36.23533865035712,0.0,112.0,0.0,0.08910373660830938,-1.0,0.4,1.0,reacquire:road,0,0,0,0,-1.0
1787224655.8837595,37.780652286662324,0.0,112.0,0.0,0.10177684870655866,-1.0,0.4,1.0,reacquire:road,0,0,0,0,-1.0
1787224655.9076908,37.11311342957532,0.0,112.0,0.0,0.11640972040763,-1.0,0.4,1.0,reacquire:road,0,0,0,0,-1.0
1787224655.9319525,38.05399472062451,0.0,112.0,0.0,0.10295270446825189,-1.0,0.4,1.0,reacquire:road,0,0,0,0,-1.0
1787224655.959753,38.69588860953938,0.0,112.0,0.0,0.11588711784687745,-1.0,0.4,1.0,reacquire:road,0,0,0,0,-1.0
1787224655.9863572,38.00173627895348,0.0,112.0,0.0,0.1043898615103214,-1.0,0.4,1.0,reacquire:road,0,0,0,0,-1.0
1787224656.009239,38.089160339028936,0.0,112.0,0.0,0.10752547687483668,-1.0,0.4,1.0,reacquire:road,0,0,0,0,-1.0
1787224656.0390043,39.138446032483664,0.0,112.0,0.0,0.1103997909589757,-1.0,0.4,1.0,reacquire:road,0,0,0,0,-1.0
1787224656.0649338,38.03403777633507,0.0,112.0,0.0,0.11941468513195715,-1.0,0.4,1.0,reacquire:road,0,0,0,0,-1.0
1787224656.08931,38.18071950445922,0.0,112.0,0.0,0.09537496733733995,-1.0,0.4,1.0,reacquire:road,0,0,0,0,-1.0
1787224656.1180415,38.76350824366079,0.0,112.0,0.0,0.09576691925790437,-1.0,0.4,1.0,reacquire:road,0,0,0,0,-1.0
1787224656.1423886,37.95052263493278,0.0,112.0,0.0,0.09668147373922133,-1.0,0.4,1.0,reacquire:road,0,0,0,0,-1.0
1787224656.1675193,38.50588341135449,0.0,112.0,0.0,0.10399790958975699,-1.0,0.4,1.0,reacquire:road,0,0,0,0,-1.0
1787224656.1963294,38.85866924440077,0.0,112.0,0.0,0.11235955056179775,-1.0,0.4,1.0,reacquire:road,0,0,0,0,-1.0
1787224656.222924,37.95542672727666,0.0,112.0,0.0,0.10621897047295532,-1.0,0.4,1.0,reacquire:road,0,0,0,0,-1.0
1787224656.2467425,37.958468979654064,0.0,112.0,0.0,0.10033969166448915,-1.0,0.4,1.0,reacquire:road,0,0,0,0,-1.0
1787224656.2756078,38.57164116974154,0.0,112.0,0.0,0.08609877188398223,-1.0,0.4,1.0,reacquire:road,0,0,0,0,-1.0
1787224656.303392,37.8574745345242,0.0,112.0,0.0,0.11157564672066893,-1.0,0.4,1.0,reacquire:road,0,0,0,0,-1.0
1787224656.3263376,37.555872963741876,0.0,112.0,0.0,0.11640972040763,-1.0,0.4,1.0,reacquire:road,0,0,0,0,-1.0
1787224656.3551583,38.729337289976684,0.0,112.0,0.0,0.09132479749150771,-1.0,0.4,1.0,reacquire:road,0,0,0,0,-1.0
1787224656.3819165,37.886161143007854,0.0,112.0,0.0,0.06702377841651425,-1.0,0.4,1.0,reacquire:road,0,0,0,0,-1.0
1787224656.4049768,37.763895418692755,0.0,112.0,0.0,0.07238045466422785,-1.0,0.4,1.0,reacquire:road,0,0,0,0,-1.0
1787224656.4331932,39.01788969478129,0.0,112.0,0.0,0.02639142931800366,-1.0,0.4,1.0,reacquire:road,0,0,0,0,-1.0
1787224656.4573762,38.25776960904082,0.0,112.0,0.0,0.025607525476874837,-1.0,0.4,1.0,reacquire:road,0,0,0,0,-1.0
1787224656.480888,38.935211349040586,0.0,112.0,0.0,0.016331330023517117,-1.0,0.4,1.0,reacquire:road,0,0,0,0,-1.0
1787224656.5093985,39.65206035357222,0.0,112.0,0.0,0.03344656388816305,-1.0,0.4,1.0,reacquire:road,0,0,0,0,-1.0
1787224656.5359857,38.66609562082124,0.0,112.0,0.0,0.024954272275934154,-1.0,0.4,1.0,reacquire:road,0,0,0,0,-1.0
1787224656.559269,38.53173806561495,0.0,112.0,0.0,0.062973608570682,-1.0,0.4,1.0,reacquire:road,0,0,0,0,-1.0
1787224656.5881486,39.42091707397744,0.0,112.0,0.0,0.05604912464071074,-1.0,0.4,1.0,reacquire:road,0,0,0,0,-1.0
1787224656.6143289,38.372030984189706,0.0,112.0,0.0,0.08191795139796185,-1.0,0.4,1.0,reacquire:road,0,0,0,0,-1.0
1787224656.6374338,38.43055086357123,0.0,112.0,0.0,0.09785732950091455,-1.0,0.4,1.0,reacquire:road,0,0,0,0,-1.0
1787224656.6659625,39.43057248665452,0.0,112.0,0.0,0.12777632610399792,-1.0,0.4,1.0,reacquire:road,0,0,0,0,-1.0
1787224656.6905851,38.52859025034393,0.0,112.0,0.0,0.11601776848706559,-1.0,0.4,1.0,reacquire:road,0,0,0,0,-1.0
1787224656.717466,38.98188882338815,0.0,112.0,0.0,0.14593676509014894,-1.0,0.4,1.0,reacquire:road,0,0,0,0,-1.0
1787224656.7477689,38.61527876478853,0.0,112.0,0.0,0.1847400052260256,-1.0,0.4,1.0,reacquire:road,0,0,0,0,-1.0
1787224656.7736871,37.352077230363015,0.0,112.0,0.0,0.18591586098771884,-1.0,0.4,1.0,reacquire:road,0,0,0,0,-1.0
1787224656.7986774,37.65675266344896,0.0,112.0,0.0,0.19310164619806636,-1.0,0.4,1.0,reacquire:road,0,0,0,0,-1.0
1787224656.8304732,38.29104647234865,0.0,112.0,0.0,0.22197543767964464,-1.0,0.4,1.0,reacquire:road,0,0,0,0,-1.0
1787224656.8577592,36.897135438666155,0.0,112.0,0.0,0.21544290567023777,-1.0,0.4,1.0,reacquire:road,0,0,0,0,-1.0
1787224656.8829637,36.861244671236996,0.0,112.0,0.0,0.20551345701593937,-1.0,0.4,1.0,reacquire:road,0,0,0,0,-1.0
1787224656.9123666,37.43971937805908,0.0,112.0,0.0,0.17964463025868826,-1.0,0.4,1.0,reacquire:road,0,0,0,0,-1.0
1787224656.9386692,36.70951053267705,0.0,112.0,0.0,0.226156258165665,-1.0,0.4,1.0,reacquire:road,0,0,0,0,-1.0
1787224656.9634476,37.029650463014995,0.0,112.0,0.0,0.24601515547426184,-1.0,0.4,1.0,reacquire:road,0,0,0,0,-1.0
1787224656.9929287,37.68551174398779,0.0,112.0,0.0,0.287170107133525,-0.864,0.4,1.0,reacquire:road,0,0,0,0,-1.0
1787224657.0189786,36.824258692557294,0.0,112.0,0.0,0.27436634439508756,-0.696,0.4,1.0,reacquire:road,0,0,0,0,-1.0
1787224657.0421124,37.27863393276651,0.0,112.0,0.0,0.2727985367128299,-0.5279999999999999,0.4,1.0,reacquire:road,0,0,0,0,-1.0
1787224657.0731459,38.470128863054754,0.0,112.0,0.0,0.33433498824144237,-0.35999999999999993,0.4,1.0,reacquire:road,0,0,0,0,-1.0
1787224657.101908,37.17024155812944,0.0,112.0,0.0,0.3400836164097204,-0.1919999999999999,0.4,1.0,reacquire:road,0,0,0,0,-1.0
1787224657.1260712,36.74281341654324,0.0,112.0,0.0,0.31369218709171676,-0.023999999999999886,0.4,1.0,reacquire:road,0,0,0,0,-1.0
1787224657.1563418,37.64634835454391,0.0,112.0,0.0,0.3181343088581134,0.14400000000000013,0.4,1.0,reacquire:road,0,0,0,0,-1.0
1787224657.183366,36.68109098079626,0.0,112.0,0.0,0.3291089626339169,0.3120000000000001,0.4,1.0,reacquire:road,0,0,0,0,-1.0
1787224657.207151,36.81683601719957,0.0,112.0,0.0,0.3528873791481578,0.48000000000000015,0.4,1.0,reacquire:road,0,0,0,0,-1.0
1787224657.2367637,37.883612512301305,0.0,112.0,0.0,0.35471648811079176,0.6480000000000001,0.4,1.0,reacquire:road,0,0,0,0,-1.0
1787224657.2623694,37.01678585144651,0.0,112.0,0.0,0.3707865168539326,0.8160000000000002,0.4,1.0,reacquire:road,0,0,0,0,-1.0
1787224657.2862372,37.47097451815385,0.0,112.0,0.0,0.37339952965769535,0.9840000000000002,0.4,1.0,reacquire:road,0,0,0,0,-1.0
1787224657.3153481,38.382509043772856,0.0,112.0,0.0,0.40710739482623465,1.0,0.4,1.0,reacquire:road,0,0,0,0,-1.0
1787224657.340221,37.40508695228624,0.0,112.0,0.0,0.3965246929709956,1.0,0.4,1.0,reacquire:road,0,0,0,0,-1.0
1787224657.3641043,38.19982056450333,0.0,112.0,0.0,0.44212176639665535,1.0,0.4,1.0,reacquire:road,0,0,0,0,-1.0
1787224657.3948205,38.94140428964073,0.0,112.0,0.0,0.43219231774235695,1.0,0.4,1.0,reacquire:road,0,0,0,0,-1.0
1787224657.4201517,37.62004499856226,0.0,112.0,0.0,0.4323229683825451,1.0,0.4,1.0,reacquire:road,0,0,0,0,-1.0
1787224657.443701,38.054285114016224,0.0,112.0,0.0,0.418865952443167,1.0,0.4,1.0,reacquire:road,0,0,0,0,-1.0
1787224657.4737988,38.91618559165227,0.0,112.0,0.0,0.42147896524692974,0.864,0.4,1.0,reacquire:road,0,0,0,0,-1.0
1787224657.4996758,37.770402818430156,0.0,112.0,0.0,0.40567023778416517,0.696,0.4,1.0,reacquire:road,0,0,0,0,-1.0
1787224657.522682,37.97318975859661,0.0,112.0,0.0,0.39992160961588713,0.5279999999999999,0.4,1.0,reacquire:road,0,0,0,0,-1.0
1787224657.5513842,39.079814025020426,0.0,112.0,0.0,0.3767964463025869,0.35999999999999993,0.4,1.0,reacquire:road,0,0,0,0,-1.0
1787224657.5763671,38.1538930425794,0.0,112.0,0.0,0.35615364515286124,0.5279999999999999,0.4,1.0,reacquire:road,0,0,0,0,-1.0
1787224657.6019337,38.59087979051762,0.0,112.0,0.0,0.358766657956624,0.696,0.4,1.0,reacquire:road,0,0,0,0,-1.0
1787224657.6310322,38.73763682142258,0.0,112.0,0.0,0.36111836948001047,0.864,0.4,1.0,reacquire:road,0,0,0,0,-1.0
1787224657.6565144,37.81917890730949,0.0,112.0,0.0,0.37209302325581395,0.696,0.4,1.0,reacquire:road,0,0,0,0,-1.0
1787224657.6816432,38.16181275275232,0.0,112.0,0.0,0.40357982754115496,0.5279999999999999,0.4,1.0,reacquire:road,0,0,0,0,-1.0
1787224657.710825,38.48619859102354,0.0,112.0,0.0,0.43820224719101125,0.35999999999999993,0.4,1.0,reacquire:road,0,0,0,0,-1.0
1787224657.735564,37.56366723348624,0.0,112.0,0.0,0.42448392997125683,0.1919999999999999,0.4,1.0,reacquire:road,0,0,0,0,-1.0
1787224657.7588751,38.243349043929165,0.0,112.0,0.0,0.4276195453357721,0.023999999999999886,0.4,1.0,reacquire:road,0,0,0,0,-1.0
1787224657.7886922,39.13128953414864,0.0,112.0,0.0,0.49385941991115756,-0.14400000000000013,0.4,1.0,reacquire:road,0,0,0,0,-1.0
1787224657.814921,37.99466984264994,0.0,112.0,0.0,0.5018291089626339,-0.3120000000000001,0.4,1.0,reacquire:road,0,0,0,0,-1.0
1787224657.8383117,38.05522119883254,0.0,112.0,0.0,0.5027436634439508,-0.48000000000000015,0.4,1.0,reacquire:road,0,0,0,0,-1.0
1787224657.8679254,38.85684879841809,0.0,112.0,0.0,0.5114972563365561,-0.6480000000000001,0.4,1.0,reacquire:road,0,0,0,0,-1.0
1787224657.8929548,37.89552231349207,0.0,112.0,0.0,0.49229161222889994,-0.8160000000000002,0.4,1.0,reacquire:road,0,0,0,0,-1.0
1787224657.9173303,38.364029128626434,0.0,112.0,0.0,0.4960804807943559,-0.9840000000000002,0.4,1.0,reacquire:road,0,0,0,0,-1.0
1787224657.945697,38.916788367358635,0.0,112.0,0.0,0.5053566762477136,-1.0,0.4,1.0,reacquire:road,0,0,0,0,-1.0
1787224657.9710562,38.15934475916039,0.0,112.0,0.0,0.53436111836948,-1.0,0.4,1.0,reacquire:road,0,0,0,0,-1.0
1787224657.994828,38.42435239125368,0.0,112.0,0.0,0.5365821792526784,-1.0,0.4,1.0,reacquire:road,0,0,0,0,-1.0
1787224658.0260656,39.15654255423111,0.0,112.0,0.0,0.5367128298928665,-1.0,0.4,1.0,reacquire:road,0,0,0,0,-1.0
1787224658.0511594,37.69112002431855,0.0,112.0,0.0,0.537235432453619,-1.0,0.4,1.0,reacquire:road,0,0,0,0,-1.0
1787224658.0745585,38.171731944291174,0.0,112.0,0.0,0.5581395348837209,-1.0,0.4,1.0,reacquire:road,0,0,0,0,-1.0
1787224658.1037266,39.09352540503056,0.0,112.0,0.0,0.5567023778416514,-1.0,0.4,1.0,reacquire:road,0,0,0,0,-1.0
1787224658.1297925,38.137546145878794,0.0,112.0,0.0,0.5623203553697413,-1.0,0.4,1.0,reacquire:road,0,0,0,0,-1.0
1787224658.15324,38.18358396701699,0.0,112.0,0.0,0.5551345701593938,-1.0,0.4,1.0,reacquire:road,0,0,0,0,-1.0
1787224658.181195,39.08704139146379,0.0,112.0,0.0,0.5582701855239091,-1.0,0.4,1.0,reacquire:road,0,0,0,0,-1.0
1787224658.2065492,38.29269019583435,0.0,112.0,0.0,0.5608831983276718,-1.0,0.4,1.0,reacquire:road,0,0,0,0,-1.0
1787224658.233418,38.67291410212259,0.0,112.0,0.0,0.5547426182388294,-1.0,0.4,1.0,reacquire:road,0,0,0,0,-1.0
1787224658.264586,38.382825227890734,0.0,112.0,0.0,0.5612751502482363,-1.0,0.4,1.0,reacquire:road,0,0,0,0,-1.0
1787224658.2906263,37.07978486669833,0.0,112.0,0.0,0.5397177946171936,-1.0,0.4,1.0,reacquire:road,0,0,0,0,-1.0
1787224658.320272,37.39905000292419,0.0,0.0,0.0,0.5301802978834597,-1.0,0.4,1.0,reacquire:road,0,0,0,0,-1.0
1787224658.353194,36.68424091831683,0.0,0.0,0.0,0.5193362947478443,-1.0,0.4,1.0,reacquire:road,0,0,0,0,-1.0
1787224658.3840384,35.4121976618726,0.0,0.0,0.0,0.5279592370002613,-1.0,0.4,1.0,reacquire:road,0,0,0,0,-1.0
1787224658.4125812,34.71744736598821,0.0,0.0,0.0,0.5001306506401881,-1.0,0.4,1.0,reacquire:road,0,0,0,0,-1.0
1787224658.4483955,34.89439887024614,0.0,0.0,0.0,0.4968643846354847,-1.0,0.4,1.0,reacquire:road,0,0,0,0,-1.0
1787224658.4787505,33.47931494249586,0.0,0.0,0.0,0.4815782597334727,-1.0,0.4,1.0,reacquire:road,0,0,0,0,-1.0
1787224658.5074427,33.39650942936781,0.0,0.0,0.0,0.5010452051215051,-1.0,0.4,1.0,reacquire:road,0,0,0,0,-1.0
1787224658.5415864,33.68650090662954,0.0,0.0,0.0,0.44891559968643846,-1.0,0.4,1.0,reacquire:road,0,0,0,0,-1.0
1787224658.5728543,32.695387132221136,0.0,0.0,0.0,0.4824928142147897,-1.0,0.4,1.0,reacquire:road,0,0,0,0,-1.0
1787224658.6016378,32.70641206096059,0.0,0.0,0.0,0.44538803240135877,-1.0,0.4,1.0,reacquire:road,0,0,0,0,-1.0
1787224658.6348522,33.114872548231276,0.0,0.0,0.0,0.4443428272798537,-1.0,0.4,1.0,reacquire:road,0,0,0,0,-1.0
1787224658.665772,32.47308213061381,0.0,0.0,0.0,0.44329762215834856,-1.0,0.4,1.0,reacquire:road,0,0,0,0,-1.0
1787224658.6939344,32.48905488481657,0.0,0.0,0.0,0.4610661092239352,-1.0,0.4,1.0,reacquire:road,0,0,0,0,-1.0
1787224658.7275643,33.08865380038354,0.0,0.0,0.0,0.4674679905931539,-1.0,0.4,1.0,reacquire:road,0,0,0,0,-1.0
1787224658.7568874,32.40908880146924,0.0,0.0,0.0,0.46550823099033184,-1.0,0.4,1.0,reacquire:road,0,0,0,0,-1.0
1787224658.7872682,32.771234224213465,0.0,0.0,0.0,0.4793571988502744,-1.0,0.4,1.0,reacquire:road,0,0,0,0,-1.0
1787224658.820599,32.794026108454865,0.0,0.0,0.0,0.46119675986412334,-1.0,0.4,1.0,reacquire:road,0,0,0,0,-1.0
1787224658.8507645,32.232425229991506,0.0,0.7179771816216771,0.0,0.4737392213221845,-1.0,0.4,1.0,reacquire:road,0,0,0,0,-1.0
1787224658.8821242,32.425617007022204,0.0,2.726410730804332,0.0,0.48667363470081004,-1.0,0.4,1.0,reacquire:road,0,0,0,0,-1.0
1787224658.915808,32.318400942787136,0.0,4.62016934433268,0.0,0.5186830415469036,-1.0,0.4,1.0,reacquire:road,0,0,0,0,-1.0
1787224658.9463356,31.759003765403435,0.0,7.1718624730183365,0.0,0.5243010190749935,-1.0,0.4,1.0,reacquire:road,0,0,0,0,-1.0
1787224658.975061,31.998896200119916,0.0,8.902154640764252,0.0,0.5246929709955579,-1.0,0.4,1.0,reacquire:road,0,0,0,0,-1.0
1787224659.0091689,32.521872267938946,0.0,11.682351941701313,0.0,0.5304415991638359,-1.0,0.4,1.0,reacquire:road,0,0,0,0,-1.0
1787224659.0425339,31.311316111555623,0.0,14.401668205743078,0.0,0.5331852626077868,-1.0,0.4,1.0,reacquire:road,0,0,0,0,-1.0
1787224659.070995,31.8028537172932,0.0,15.838317343034191,0.0,0.5420695061405801,-1.0,0.4,1.0,reacquire:road,0,0,0,0,-1.0
1787224659.1052217,32.47915824092366,0.0,18.24515212251049,0.0,0.5408936503788868,-1.0,0.4,1.0,reacquire:road,0,0,0,0,-1.0
1787224659.1372693,31.74637793017572,0.0,21.330025690181344,0.0,0.533446563888163,-1.0,0.4,1.0,reacquire:road,0,0,0,0,-1.0
1787224659.1663823,31.74467424396154,0.0,22.30166610119437,0.0,0.5388032401358767,-1.0,0.4,1.0,reacquire:road,0,0,0,0,-1.0
1787224659.1997185,32.26098889584211,0.0,24.746112639980424,0.0,0.5318787562059054,-1.0,0.4,1.0,reacquire:road,0,0,0,0,-1.0
1787224659.2305856,31.800545922805878,0.0,27.49778801437276,0.0,0.5321400574862817,-1.0,0.4,1.0,reacquire:road,0,0,0,0,-1.0
1787224659.2589502,31.929184114760112,0.0,30.34694172534796,0.0,0.5408936503788868,-1.0,0.4,1.0,reacquire:road,0,0,0,0,-1.0
1787224659.2943382,32.549205134758694,0.0,32.17464432581454,0.0,0.5271753331591325,-1.0,0.4,1.0,reacquire:road,0,0,0,0,-1.0
1787224659.3249264,31.695633627233995,0.0,35.33482949146298,0.0,0.521949307551607,-1.0,0.4,1.0,reacquire:road,0,0,0,0,-1.0
1787224659.3548596,31.898503823450582,0.0,37.57801084124594,0.0,0.5147635223412594,-1.0,0.4,1.0,reacquire:road,0,0,0,0,-1.0
1787224659.3890488,32.23286743912132,0.0,40.07578222778375,0.0,0.5009145544813169,-1.0,0.4,1.0,reacquire:road,0,0,0,0,-1.0
1787224659.420513,31.459703398898462,0.0,42.484807151352356,0.0,0.48667363470081004,-1.0,0.4,1.0,reacquire:road,0,0,0,0,-1.0
1787224659.4500647,31.746183381096998,0.0,43.54855119661147,0.0,0.4794878494904625,-1.0,0.4,1.0,reacquire:road,0,0,0,0,-1.0
1787224659.4834957,32.16403012237767,0.0,47.561946610280586,0.0,0.44969950352756727,-1.0,0.4,1.0,reacquire:road,0,0,0,0,-1.0
1787224659.5151918,31.48213175646732,0.5342741935483871,48.57214601357316,0.0,0.44133786255552654,-1.0,0.48000000000000004,1.0,follow,0,0,0,0,-1.0
1787224659.5463061,31.765771817789044,0.5040322580645161,50.7235499186005,0.0,0.42735824405539585,-0.96,0.56,1.0,follow,0,0,0,0,-1.0
1787224659.5810761,31.848672958000968,0.5342741935483871,54.24544904521852,0.0,0.41233342043376014,-0.8400000000000001,0.64,1.0,follow,0,0,0,0,-1.0
1787224659.6139884,31.145491144805206,0.5282258064516129,56.657265649090164,0.0,0.38411288215312256,-0.7200000000000001,0.72,1.0,follow,0,0,0,0,-1.0
1787224659.6469808,31.012281982361987,0.5342741935483871,58.89301210771026,0.0,0.3783642539848445,-0.6924142703765647,0.7999999999999999,1.0,follow,0,0,0,0,-1.0
1787224659.6822042,30.816463822136043,0.5342741935483871,61.46577951254477,0.0,0.35693754899399005,-0.7050600430568362,0.8799999999999999,1.0,follow,0,0,0,0,-1.0
1787224659.7140455,30.348576502946948,0.5282258064516129,63.388926148627434,0.0,0.3571988502743663,-0.7213249928859113,0.9599999999999999,1.0,follow,0,0,0,0,-1.0
1787224659.7430139,30.68355004943998,0.5282258064516129,64.22046330558067,0.0,0.32950091455448133,-0.7476446089296526,1.0,1.0,follow,0,0,0,0,-1.0
1787224659.7783585,31.428267809193102,0.5282258064516129,67.47115710761568,0.0,0.2990593153906454,-0.6886401681016113,1.0,1.0,follow,0,0,0,0,-1.0
1787224659.8090563,30.79739278827182,0.5282258064516129,68.3362164662343,0.0,0.2935719885027437,-0.7162929543614664,1.0,1.0,follow,0,0,0,0,-1.0
1787224659.8386436,31.17174079816607,0.36687788018433176,71.54515599343233,0.0,0.27750195975960285,-0.6616751062233207,1.0,1.0,follow,0,0,0,0,-1.0
1787224659.8735964,31.706993111276,0.5282258064516129,73.19789932161535,0.0,0.2622158348575908,-0.660993259735624,1.0,1.0,follow,0,0,0,0,-1.0
1787224659.9056664,31.013586174723105,0.35544930875576036,76.16384573281084,0.0,0.26273843741834335,-0.6296943202399178,1.0,1.0,follow,0,0,0,0,-1.0
1787224659.9362102,31.124958128939856,0.3386866359447005,78.40113553113542,0.0,0.24745231251633132,-0.6138260331893192,1.0,1.0,follow,0,0,0,0,-1.0
1787224659.970635,31.462254941122982,0.0,103.73152173912551,0.0,0.23713091194146851,-0.6138260331893192,1.0,1.0,slow:lane_dropout,0,0,0,0,-1.0
1787224660.0054874,30.96214225325294,0.0,106.31016722407955,0.0,0.21635746015155474,-0.6138260331893192,1.0,1.0,slow:lane_dropout,0,0,0,0,-1.0
1787224660.0352101,30.52330956262543,0.0,100.22381270902967,0.0,0.20538280637575124,-0.6138260331893192,1.0,1.0,slow:lane_dropout,0,0,0,0,-1.0
1787224660.069351,31.137995120827522,0.5282258064516129,89.49345320690651,0.0,0.18147373922132218,-0.49382603318931917,1.0,1.0,follow,0,0,0,0,-1.0
1787224660.1015322,30.53463485594503,0.5282258064516129,90.0197430729919,0.0,0.17572511105304417,-0.45569673497202856,1.0,1.0,follow,0,0,0,0,-1.0
1787224660.1306942,30.939194537893023,0.5282258064516129,92.55899629972146,0.0,0.1758557616932323,-0.457640672880778,1.0,1.0,follow,0,0,0,0,-1.0
1787224660.164714,31.609208020460052,0.0,106.22396349479136,0.0,0.1667102168800627,-0.457640672880778,1.0,1.0,slow:lane_dropout,0,0,0,0,-1.0
1787224660.195172,31.151778740387225,0.0,109.44734075815073,0.0,0.15795662398745755,-0.457640672880778,1.0,1.0,slow:lane_dropout,0,0,0,0,-1.0
1787224660.2256548,31.492084194985285,0.0,110.24860919441066,0.0,0.15129344133786254,-0.457640672880778,1.0,1.0,slow:lane_dropout,0,0,0,0,-1.0
1787224660.260209,31.762979661001683,0.5282258064516129,101.99459605303639,0.0,0.14423830676770316,-0.337640672880778,1.0,1.0,follow,0,0,0,0,-1.0
1787224660.290593,31.18695607713405,0.0,112.42134170383711,0.0,0.13757512411810818,-0.337640672880778,1.0,1.0,slow:lane_dropout,0,0,0,0,-1.0
1787224660.320837,31.395934994493572,0.0,110.02205882352946,0.0,0.14593676509014894,-0.337640672880778,1.0,1.0,slow:lane_dropout,0,0,0,0,-1.0
1787224660.3553863,31.896096932683427,0.0,111.61730205278613,0.0,0.1439770054873269,-0.337640672880778,1.0,1.0,slow:lane_dropout,0,0,0,0,-1.0
1787224660.3867614,31.274904855200667,0.0,111.2510946506214,0.0,0.14711262085184218,-0.505640672880778,0.4,1.0,reacquire:road,0,0,0,0,-1.0
1787224660.4163873,31.43039356580821,0.0,112.20791156840903,0.0,0.1518160438986151,-0.673640672880778,0.4,1.0,reacquire:road,0,0,0,0,-1.0
1787224660.4508157,31.88631323828102,0.0,111.09611969648766,0.0,0.16239874575385418,-0.841640672880778,0.4,1.0,reacquire:road,0,0,0,0,-1.0
1787224660.482016,31.08529043340083,0.0,110.60143257126113,0.0,0.16109223935197284,-1.0,0.4,1.0,reacquire:road,0,0,0,0,-1.0
1787224660.511061,31.598225557495454,0.0,114.40717443476191,0.0,0.16331330023517115,-1.0,0.4,1.0,reacquire:road,0,0,0,0,-1.0
1787224660.5456955,32.14134771346946,0.0,114.30395604395625,0.0,0.16187614319310165,-1.0,0.4,1.0,reacquire:road,0,0,0,0,-1.0
1787224660.5769644,31.28856500765371,0.0,109.92073578595287,0.0,0.1737653514502221,-1.0,0.4,1.0,reacquire:road,0,0,0,0,-1.0
1787224660.6063032,31.69996112284436,0.0,110.1053093645451,0.0,0.1702377841651424,-1.0,0.4,1.0,reacquire:road,0,0,0,0,-1.0
1787224660.642609,32.15648827836155,0.5282258064516129,90.84319688559901,0.0,0.15730337078651685,-1.0,0.48000000000000004,1.0,follow,0,0,0,0,-1.0
1787224660.6765332,31.224566388549622,0.5282258064516129,89.47688505559461,0.0,0.17611706297360857,-0.96,0.56,1.0,follow,0,0,0,0,-1.0
1787224660.705842,30.89386853974268,0.3583064516129032,90.52166224580026,0.0,0.17650901489417298,-0.8400000000000001,0.64,1.0,follow,0,0,0,0,-1.0
1787224660.7416744,31.56040422215043,0.36435483870967744,88.68137657361763,0.0,0.18304154690357982,-0.7200000000000001,0.72,1.0,follow,0,0,0,0,-1.0
1787224660.7728097,30.798394075907353,0.376831797235023,87.59289686953696,0.0,0.18643846354847138,-0.6738857085671053,0.7999999999999999,1.0,follow,0,0,0,0,-1.0
1787224660.803076,31.08056502114546,0.4000230414746544,85.87255978865403,0.0,0.2056441076561275,-0.7010682966452989,0.8799999999999999,1.0,follow,0,0,0,0,-1.0
1787224660.8380988,31.48981309080211,0.40464285714285714,84.76359970674582,0.0,0.20760386725894958,-0.7066162713494747,0.9599999999999999,1.0,follow,0,0,0,0,-1.0
1787224660.8717868,30.87667078868929,0.5282258064516129,84.01089819831691,0.0,0.21740266527305985,-0.7013780981908216,1.0,1.0,follow,0,0,0,0,-1.0
1787224660.902658,30.673667300749766,0.5342741935483871,83.75606972668771,0.0,0.23856806898353802,-0.6895067692815567,1.0,1.0,follow,0,0,0,0,-1.0
1787224660.9377263,31.01814148015369,0.4616935483870968,82.7390869861456,0.0,0.2483668669976483,-0.7050714019729453,1.0,1.0,follow,0,0,0,0,-1.0
1787224660.9705179,30.216549324985042,0.5282258064516129,82.46488500117874,0.0,0.25516070028743143,-0.6962185571045693,1.0,1.0,follow,0,0,0,0,-1.0
1787224661.0017242,30.65839967863493,0.48588709677419356,80.39473684210554,0.0,0.26417559446041283,-0.7421724344479411,1.0,1.0,follow,0,0,0,0,-1.0
1787224661.0385065,30.923893522703942,0.49193548387096775,79.33457853122377,0.0,0.23896002090410243,-0.7473586504921559,1.0,1.0,follow,0,0,0,0,-1.0
1787224661.0716565,30.157635826897124,0.5040322580645161,78.62831489270764,0.0,0.2869088058531487,-0.7421725114907094,1.0,1.0,follow,0,0,0,0,-1.0
1787224661.1021698,30.188672011511542,0.5342741935483871,78.20322578615134,0.0,0.2895218186569114,-0.7364122640259999,1.0,1.0,follow,0,0,0,0,-1.0
1787224661.1404872,30.71145833086789,0.5403225806451613,77.76360819535876,0.0,0.29932061667102167,-0.7360154343029633,1.0,1.0,follow,0,0,0,0,-1.0
1787224661.1724272,29.680473942095706,0.5342741935483871,76.51552873693379,0.0,0.30415469035798276,-0.7530763248606687,1.0,1.0,follow,0,0,0,0,-1.0
1787224661.2023976,30.15100575821787,0.5342741935483871,75.9489976841794,0.0,0.30846616148419126,-0.7546466624636569,1.0,1.0,follow,0,0,0,0,-1.0
1787224661.2371824,30.81279398410592,0.5342741935483871,74.83068870471322,0.0,0.32009406846093547,-0.7735986249435481,1.0,1.0,follow,0,0,0,0,-1.0
1787224661.2701943,30.291524392235267,0.5342741935483871,73.80630809215376,0.0,0.3364253984844526,-0.7816761291921621,1.0,1.0,follow,0,0,0,0,-1.0
1787224661.302943,30.41389397865156,0.5342741935483871,73.56852671688398,0.0,0.3381238568068983,-0.7714677192646482,1.0,1.0,follow,0,0,0,0,-1.0
1787224661.340912,30.42372832511357,0.5463709677419355,72.77798140532707,0.0,0.3475307029004442,-0.780914358277922,1.0,1.0,follow,0,0,0,0,-1.0
1787224661.3762164,29.536547694426215,0.5705645161290323,71.97760452643928,0.0,0.3500130650640188,-0.7867432077682919,1.0,1.0,follow,0,0,0,0,-1.0
1787224661.4064713,29.383293102794084,0.5463709677419355,71.69572297003816,0.0,0.35497778939116803,-0.7818717467707564,1.0,1.0,follow,0,0,0,0,-1.0
1787224661.4435456,30.109934778705416,0.5403225806451613,70.34077656270529,0.0,0.3575908021949308,-0.8107064768132087,1.0,1.0,follow,0,0,0,0,-1.0
1787224661.4777548,29.408950477586323,0.5403225806451613,69.46214590137515,0.0,0.36686699764828845,-0.8144146454615545,1.0,1.0,follow,0,0,0,0,-1.0
1787224661.510896,29.409806763484745,0.5403225806451613,69.3341972427259,0.0,0.36895740789129866,-0.8028088063992482,1.0,1.0,follow,0,0,0,0,-1.0
1787224661.5482416,29.618806050608676,0.5342741935483871,67.3400510990698,0.0,0.36974131173242747,-0.8450034506906433,1.0,1.0,follow,0,0,0,0,-1.0
1787224661.5839088,28.98994244153809,0.5766129032258065,66.54990292726126,0.0,0.3881630519989548,-0.8423955934349995,1.0,1.0,follow,0,0,0,0,-1.0
1787224661.616247,28.87706562360153,0.5766129032258065,66.26198932095144,0.0,0.39469558400836163,-0.8328839582199151,1.0,1.0,follow,0,0,0,0,-1.0
1787224661.653413,29.182524077500954,0.5766129032258065,64.83886370442946,0.0,0.3977005487326888,-0.8583161411673405,1.0,1.0,follow,0,0,0,0,-1.0
1787224661.6875353,28.725349744074478,0.5766129032258065,64.21707904255055,0.0,0.4025346224196499,-0.8554699566384898,1.0,1.0,follow,0,0,0,0,-1.0
1787224661.719632,28.94592649939967,0.5766129032258065,63.78247957493227,0.0,0.40880585314868045,-0.8528552769460621,1.0,1.0,follow,0,0,0,0,-1.0
1787224661.7569923,29.387721521520426,0.5766129032258065,62.674362587098244,0.0,0.4210870133263653,-0.8711464526353373,1.0,1.0,follow,0,0,0,0,-1.0
1787224661.7926955,28.73735179241265,0.5766129032258065,62.12795380719899,0.0,0.4268356414946433,-0.8686612021605139,1.0,1.0,follow,0,0,0,0,-1.0
1787224661.8245332,28.72748081775848,0.5766129032258065,61.341544461827425,0.0,0.4281421478965247,-0.8762490345360382,1.0,1.0,follow,0,0,0,0,-1.0
1787224661.8622625,29.251634127508282,0.5766129032258065,60.77020463812892,0.0,0.4342827279853671,-0.8792317359223105,1.0,1.0,follow,0,0,0,0,-1.0
1787224661.8955467,28.68282681629285,0.5766129032258065,59.87223389817723,0.0,0.4470864907238045,-0.8884544466319636,1.0,1.0,follow,0,0,0,0,-1.0
1787224661.9279487,29.000060475261947,0.594758064516129,59.47200994889323,0.0,0.4444734779200418,-0.8866886714081587,1.0,1.0,follow,0,0,0,0,-1.0
1787224661.9641008,29.365925773467577,0.0,58.67729156321536,0.0,0.44917690096681473,-0.8866886714081587,1.0,1.0,slow:lane_dropout,0,0,0,0,-1.0
1787224662.0000877,28.835992452378115,0.594758064516129,58.25445481031619,0.0,0.45688528873791484,-0.9050397574507947,1.0,1.0,follow,0,0,0,0,-1.0
1787224662.0320632,28.833439122197767,0.0,57.695214072586396,0.0,0.45949830154167753,-0.9050397574507947,1.0,1.0,slow:lane_dropout,0,0,0,0,-1.0
1787224662.068713,29.32689213902539,0.0,56.91654618720966,0.0,0.46524692970995557,-0.9050397574507947,1.0,1.0,slow:lane_dropout,0,0,0,0,-1.0
1787224662.1022215,28.86029320914476,0.0,56.411702388154424,0.0,0.47151816043898614,-0.9050397574507947,1.0,1.0,slow:lane_dropout,0,0,0,0,-1.0
1787224662.134277,29.127738600828994,0.0,55.556686615965276,0.0,0.47582963156519464,-1.0,0.4,1.0,reacquire:road,0,0,0,0,-1.0
1787224662.1708567,29.54124660207033,0.0,54.39444508928128,0.0,0.48471387509798797,-1.0,0.4,1.0,reacquire:road,0,0,0,0,-1.0
1787224662.2064152,29.07201463832181,0.0,53.684825127426876,0.0,0.49555787823360337,-1.0,0.4,1.0,reacquire:road,0,0,0,0,-1.0
1787224662.2375305,28.900000335758474,0.0,52.89198267251891,0.0,0.501959759602822,-1.0,0.4,1.0,reacquire:road,0,0,0,0,-1.0
1787224662.2767246,29.56406986868356,0.0,51.979356335488376,0.0,0.5056179775280899,-1.0,0.4,1.0,reacquire:road,0,0,0,0,-1.0
1787224662.311091,28.518990539352565,0.0,51.34445062275245,0.0,0.504703423046773,-1.0,0.4,1.0,reacquire:road,0,0,0,0,-1.0
1787224662.3430274,28.858346230170632,0.0,50.994532459155096,0.0,0.5195975960282205,-1.0,0.4,1.0,reacquire:road,0,0,0,0,-1.0
1787224662.3796334,29.46058922422053,0.0,50.17057549368869,0.0,0.5167232819440816,-1.0,0.4,1.0,reacquire:road,0,0,0,0,-1.0
1787224662.4165509,29.019719126378266,0.0,49.549019115056865,0.0,0.5253462241964986,-1.0,0.4,1.0,reacquire:road,0,0,0,0,-1.0
1787224662.449814,28.642617171907254,0.0,49.12758153795886,0.0,0.5339691664489156,-1.0,0.4,1.0,reacquire:road,0,0,0,0,-1.0
1787224662.48706,28.938267602655284,0.0,48.306660043619075,0.0,0.5364515286124902,-1.0,0.4,1.0,reacquire:road,0,0,0,0,-1.0
1787224662.5203269,28.503471355705816,0.0,47.9322392369008,0.0,0.5420695061405801,-1.0,0.4,1.0,reacquire:road,0,0,0,0,-1.0
1787224662.5517476,28.839508785952045,0.0,47.499308167421404,0.0,0.5351450222106088,-1.0,0.4,1.0,reacquire:road,0,0,0,0,-1.0
1787224662.5879374,29.439695062226527,0.0,46.87671845102197,0.0,0.5484713875097988,-1.0,0.4,1.0,reacquire:road,0,0,0,0,-1.0
1787224662.6254516,28.86746716288994,0.0,47.38751297712476,0.0,0.5423308074209564,-1.0,0.4,1.0,reacquire:road,0,0,0,0,-1.0
1787224662.6569872,28.617819343245415,0.0,47.89567979190623,0.0,0.540109746537758,-1.0,0.4,1.0,reacquire:road,0,0,0,0,-1.0
1787224662.6967995,29.24072558854239,0.0,49.24774387038538,0.0,0.5331852626077868,-1.0,0.4,1.0,reacquire:road,0,0,0,0,-1.0
1787224662.731896,28.416286460250838,0.0,50.78698633651466,0.0,0.5226025607525477,-1.0,0.4,1.0,reacquire:road,0,0,0,0,-1.0
1787224662.7636652,28.44210005401741,0.0,52.6092943192744,0.0,0.5134570159393781,-1.0,0.4,1.0,reacquire:road,0,0,0,0,-1.0
1787224662.8009605,29.054972762870428,0.0,54.388630840690254,0.0,0.5147635223412594,-1.0,0.4,1.0,reacquire:road,0,0,0,0,-1.0
1787224662.8365293,28.491916669195067,0.0,56.393352034198145,0.0,0.5030049647243271,-1.0,0.4,1.0,reacquire:road,0,0,0,0,-1.0
1787224662.8691297,28.54350104928224,0.0,58.4301573688366,0.0,0.4887640449438202,-1.0,0.4,1.0,reacquire:road,0,0,0,0,-1.0
1787224662.909126,28.96892963840318,0.0,61.93474101204984,0.0,0.47073425659785734,-1.0,0.4,1.0,reacquire:road,0,0,0,0,-1.0
1787224662.9426508,28.106642358889165,0.0,64.58934119324636,0.0,0.4525738176117063,-1.0,0.4,1.0,reacquire:road,0,0,0,0,-1.0
1787224662.9745188,28.55189663474134,0.0,65.38828169115072,0.0,0.4351972824666841,-1.0,0.4,1.0,reacquire:road,0,0,0,0,-1.0
1787224663.0133271,29.110682341206246,0.5766129032258065,67.43769019240716,0.0,0.4310164619806637,-1.0,0.48000000000000004,1.0,follow,0,0,0,0,-1.0
1787224663.0527987,28.199640450602942,0.0,70.96387266049624,0.0,0.4076299973869872,-1.0,0.56,1.0,slow:lane_dropout,0,0,0,0,-1.0
1787224663.086193,27.89051874943835,0.594758064516129,73.08518739865445,0.0,0.3993990070551346,-0.96,0.64,1.0,follow,0,0,0,0,-1.0
1787224663.124311,28.307776628066733,0.6189516129032258,75.19878230384015,0.0,0.389338907760648,-0.8400000000000001,0.72,1.0,follow,0,0,0,0,-1.0
1787224663.1573937,27.880272637717503,0.0,76.97922131467644,0.0,0.3829370263914293,-0.8400000000000001,0.7999999999999999,1.0,slow:lane_dropout,0,0,0,0,-1.0
1787224663.1887033,28.35537757737974,0.0,78.79372380350523,0.0,0.3767964463025869,-0.8400000000000001,0.8799999999999999,1.0,slow:lane_dropout,0,0,0,0,-1.0
1787224663.2264383,29.072908263839146,0.5887096774193548,80.70905676547702,0.0,0.3485759080219493,-0.7200000000000001,0.9599999999999999,1.0,follow,0,0,0,0,-1.0
1787224663.2620788,28.548418591488012,0.594758064516129,82.74950453281062,0.0,0.3421740266527306,-0.6000000000000001,1.0,1.0,follow,0,0,0,0,-1.0
1787224663.2942705,28.466228081297558,0.6189516129032258,85.40347408330271,0.0,0.3126469819702117,-0.5384751967931376,1.0,1.0,follow,0,0,0,0,-1.0
1787224663.331784,28.989088177378,0.5766129032258065,88.56357138668454,0.0,0.30154167755422,-0.505787438399413,1.0,1.0,follow,0,0,0,0,-1.0
1787224663.3653667,28.511294310702418,0.5887096774193548,90.95909997695384,0.0,0.2812908283250588,-0.504017515940795,1.0,1.0,follow,0,0,0,0,-1.0
1787224663.3977613,28.780659604327028,0.594758064516129,93.2484674573634,0.0,0.2645675463809773,-0.4913334406562194,1.0,1.0,follow,0,0,0,0,-1.0
1787224663.4351795,29.196205237995564,0.5766129032258065,95.44083170498254,0.0,0.24248758818918212,-0.4768583207370553,1.0,1.0,follow,0,0,0,0,-1.0
1787224663.4727054,28.57339644234082,0.5826612903225806,99.00365013448453,0.0,0.22733211392735825,-0.43758792066368934,1.0,1.0,follow,0,0,0,0,-1.0
1787224663.505445,28.303037086719982,0.5403225806451613,101.3270403443513,0.0,0.21047818134308857,-0.4289592543062677,1.0,1.0,follow,0,0,0,0,-1.0
1787224663.5450268,28.76018576820406,0.5766129032258065,103.43810906075043,0.0,0.20616671021688007,-0.4155305476499732,1.0,1.0,follow,0,0,0,0,-1.0
1787224663.5800996,28.062739842568092,0.5766129032258065,105.77707224641165,0.0,0.17324274888946956,-0.40353656196094817,1.0,1.0,follow,0,0,0,0,-1.0
1787224663.613239,28.16577714912948,0.5342741935483871,107.38862746763749,0.0,0.1729814476090933,-0.4004858992907228,1.0,1.0,follow,0,0,0,0,-1.0
1787224663.6519265,28.56552814708092,0.5403225806451613,109.59385796409106,0.0,0.16409720407629996,-0.37593082169691494,1.0,1.0,follow,0,0,0,0,-1.0
1787224663.6903858,28.01248987099001,0.5403225806451613,111.72658182144164,0.0,0.17245884504834075,-0.36292429957760713,1.0,1.0,follow,0,0,0,0,-1.0
1787224663.7238612,27.579778146039033,0.5342741935483871,114.08013492168305,0.0,0.1607002874314084,-0.34293953682632783,1.0,1.0,follow,0,0,0,0,-1.0
1787224663.7626486,27.975879195719667,0.5342741935483871,115.68005578734665,0.0,0.14776587405278285,-0.335873634967002,1.0,1.0,follow,0,0,0,0,-1.0
1787224663.7989538,27.552292816152946,0.5342741935483871,117.28096937202184,0.0,0.12411810817873008,-0.3303766925650476,1.0,1.0,follow,0,0,0,0,-1.0
1787224663.8350506,27.622157141563562,0.5342741935483871,119.23806691964433,0.0,0.13313300235171152,-0.31061595568322814,1.0,1.0,follow,0,0,0,0,-1.0
1787224663.8748124,27.639441142393956,0.5342741935483871,122.89419912275685,0.0,0.12751502482362165,-0.2525573448811874,1.0,1.0,follow,0,0,0,0,-1.0
1787224663.9103723,27.107673301533765,0.5342741935483871,124.58492152642657,0.0,0.09145544813169584,-0.25712648981107405,1.0,1.0,follow,0,0,0,0,-1.0
1787224663.942962,27.359099429516707,0.5342741935483871,126.67990318236406,0.0,0.09406846093545858,-0.23950700067367972,1.0,1.0,follow,0,0,0,0,-1.0
1787224663.9807112,28.021924259497602,0.5282258064516129,128.6014916743751,0.0,0.08596812124379409,-0.2230978376410589,1.0,1.0,follow,0,0,0,0,-1.0
1787224664.0154355,27.708717571753663,0.5342741935483871,130.78546885914312,0.0,0.08557616932322969,-0.20687640305579733,1.0,1.0,follow,0,0,0,0,-1.0
1787224664.0497231,27.94220629249075,0.5342741935483871,132.47381487284952,0.0,0.06937548993990071,-0.1982616588419282,1.0,1.0,follow,0,0,0,0,-1.0
1787224664.0889995,28.18187642808368,0.5342741935483871,134.8941652979408,0.0,0.06623987457538542,-0.1688670822168438,1.0,1.0,follow,0,0,0,0,-1.0
1787224664.127957,27.33219493787706,0.5282258064516129,136.02081491759986,0.0,0.06480271753331591,-0.1800306639374418,1.0,1.0,follow,0,0,0,0,-1.0
1787224664.161106,27.35417036027962,0.49798387096774194,137.6202738838016,0.0,0.0569636791220277,-0.1680222940459348,1.0,1.0,follow,0,0,0,0,-1.0
1787224664.1989548,27.920393617598386,0.4798387096774194,89.62027388380159,0.0,0.053436111836948,-0.28802229404593477,1.0,1.0,follow,0,0,0,0,-1.0
1787224664.233704,27.59582739301968,0.48588709677419356,41.62027388380159,0.0,0.04781813430885811,-0.40802229404593476,1.0,1.0,follow,0,0,0,0,-1.0
1787224664.2669985,27.86275251712792,0.49193548387096775,33.452955500853506,0.0,0.046511627906976744,-0.5280222940459347,1.0,1.0,follow,0,0,0,0,-1.0
1787224664.3050692,28.29006617677702,0.49798387096774194,34.12705366102978,0.0,0.04638097726678861,-0.6480222940459347,1.0,1.0,follow,0,0,0,0,-1.0
1787224664.3420448,27.79043313885577,0.4737903225806452,35.85299266878215,0.0,0.0414162529396394,-0.7077985404554018,1.0,1.0,follow,0,0,0,0,-1.0
1787224664.3747942,27.75016174317644,0.467741935483871,37.88838112770003,0.0,0.03906454141625294,-0.6313591907256839,1.0,1.0,follow,0,0,0,0,-1.0
1787224664.4119675,28.3057134426542,0.467741935483871,40.341110227875056,0.0,0.03814998693493598,-0.5609275290937357,1.0,1.0,follow,0,0,0,0,-1.0
1787224664.4463751,27.935140902734716,0.4616935483870968,41.09052711993891,0.0,0.035536974131173245,-0.5654209940042569,1.0,1.0,follow,0,0,0,0,-1.0
1787224664.4799106,28.15923717273119,0.467741935483871,42.323125381020134,0.0,0.03174810556571727,-0.5535244545051864,1.0,1.0,follow,0,0,0,0,-1.0
1787224664.517978,28.6108522893411,0.4616935483870968,43.765058947411916,0.0,0.023647765874052783,-0.5421839756635093,1.0,1.0,follow,0,0,0,0,-1.0
1787224664.5570421,28.023375764562616,0.43069124423963134,44.774533163705385,0.0,0.023125163313300234,-0.550075397613811,1.0,1.0,follow,0,0,0,0,-1.0
1787224664.589762,27.64270909940996,0.4203571428571429,46.05933233896252,0.0,0.02207995819179514,-0.5427282426573042,1.0,1.0,follow,0,0,0,0,-1.0
1787224664.62751,28.236543477802076,0.3911175115207373,47.65162879389777,0.0,0.025346224196498564,-0.5223782612652021,1.0,1.0,follow,0,0,0,0,-1.0
1787224664.661698,27.88502183271342,0.40359447004608295,50.01003893214685,0.0,0.024301019074993466,-0.49518965072928656,1.0,1.0,follow,0,0,0,0,-1.0
1787224664.6946065,28.168872274781574,0.3946889400921659,51.3662270247365,0.0,0.026652730598379932,-0.49273903487911164,1.0,1.0,follow,0,0,0,0,-1.0
1787224664.732735,28.611638780479492,0.38149769585253457,53.20521767504516,0.0,0.020512150509537495,-0.4777298958918999,1.0,1.0,follow,0,0,0,0,-1.0
1787224664.7720113,28.062590806685343,0.36187788018433176,54.92623468485539,0.0,0.012281160177684871,-0.469656304261649,1.0,1.0,follow,0,0,0,0,-1.0
1787224664.8058088,27.58732882859924,0.3362096774193548,56.62649944258642,0.0,0.005879278808466161,-0.47401658218261955,1.0,1.0,follow,0,0,0,0,-1.0
1787224664.844481,27.99650685901767,0.3415437788018433,58.38358363858359,0.0,0.009276195453357722,-0.4768955148552484,1.0,1.0,follow,0,0,0,0,-1.0
1787224664.879584,27.534179825768028,0.3386866359447005,59.58719169719173,0.0,0.006924483929971257,-0.4956286153553941,1.0,1.0,follow,0,0,0,0,-1.0
1787224664.9132495,27.790197422844603,0.3265437788018433,60.654615384615425,0.0,0.006532532009406846,-0.499390924263471,1.0,1.0,follow,0,0,0,0,-1.0
1787224664.9518692,28.17394235477491,0.31440092165898614,61.88983516483513,0.0,0.007447086490723805,-0.48180785418988537,1.0,1.0,follow,0,0,0,0,-1.0
1787224664.990619,27.53250398981787,0.28339861751152073,64.07577639751517,0.0,0.009929448654298406,-0.4289353648295603,1.0,1.0,follow,0,0,0,0,-1.0
1787224665.0235012,27.382147271589346,0.15405529953917052,61.88787878789904,0.0,0.009668147373922133,-0.5121843089858905,1.0,1.0,follow,0,0,0,0,-1.0
1787224665.061237,27.986789078244318,0.1715322580645161,88.70675990670622,0.0,0.013457015939378102,-0.3921843089858906,1.0,1.0,follow,0,0,0,0,-1.0
1787224665.0960956,27.670481633943076,0.18115207373271888,83.07692307692326,0.0,0.01358766657956624,-0.28688708841876553,1.0,1.0,follow,0,0,0,0,-1.0
1787224665.1294613,27.901095933523976,0.1972004608294931,115.46703296703731,0.0,0.018029788345962895,-0.28688708841876553,1.0,1.0,follow,0,0,0,0,-1.0
1787224665.171865,28.31555802579851,0.19753456221198157,119.42164291754466,0.0,0.015024823621635746,-0.1668870884187655,1.0,1.0,follow,0,0,0,0,-1.0
1787224665.210078,27.278961613039822,0.27806451612903227,71.42164291754466,0.0,0.01437157042069506,-0.28688708841876553,1.0,1.0,follow,0,0,0,0,-1.0
1787224665.2449865,27.170129530170893,0.1896774193548387,119.42164291754466,0.0,0.01437157042069506,-0.19857796183155355,1.0,1.0,follow,0,0,0,0,-1.0
1787224665.2831924,27.463506891947244,0.18467741935483872,139.32731018986692,0.0,0.014110269140318788,-0.19857796183155355,1.0,1.0,follow,0,0,0,0,-1.0
1787224665.3197029,27.126322721230384,0.20753456221198158,116.59134615387461,0.0,0.014240919780506924,-0.3185779618315535,1.0,1.0,follow,0,0,0,0,-1.0
1787224665.353165,27.253312454686164,0.183963133640553,136.28805777561547,0.0,0.012281160177684871,-0.3244860703980707,1.0,1.0,follow,0,0,0,0,-1.0
1787224665.3917112,27.786373875684347,0.2766359447004608,88.28805777561547,0.0,0.01437157042069506,-0.4444860703980707,1.0,1.0,follow,0,0,0,0,-1.0
1787224665.4351208,27.41646493905081,0.208963133640553,122.73763736266665,0.0,0.012803762738437419,-0.3244860703980707,1.0,1.0,follow,0,0,0,0,-1.0
1787224665.4713454,26.5342644760593,0.2766359447004608,74.73763736266665,0.0,0.015416775542200157,-0.4444860703980707,1.0,1.0,follow,0,0,0,0,-1.0
1787224665.5104206,26.76480571418304,0.27735023041474655,68.90965556182944,0.0,0.014240919780506924,-0.5644860703980706,1.0,1.0,follow,0,0,0,0,-1.0
1787224665.54933,26.461604654718148,0.19110599078341012,112.47089449013697,0.0,0.014763522341259471,-0.4444860703980707,1.0,1.0,follow,0,0,0,0,-1.0
1787224665.5872827,26.38415180286795,0.2003917050691244,119.42164291754466,0.0,0.014632871701071335,-0.3244860703980707,1.0,1.0,follow,0,0,0,0,-1.0
1787224665.6303053,26.356915904558868,0.18753456221198156,126.09946303700235,0.0,0.01620067938332898,-0.2044860703980707,1.0,1.0,follow,0,0,0,0,-1.0
1787224665.6724987,25.72897120841665,0.27735023041474655,78.09946303700235,0.0,0.015416775542200157,-0.0844860703980707,1.0,1.0,follow,0,0,0,0,-1.0
1787224665.710399,25.337851227566542,0.2096774193548387,118.91346153848576,0.0,0.01319571465900183,0.035513929601929305,1.0,1.0,follow,0,0,0,0,-1.0
1787224665.752606,25.55826205150272,0.26844470046082947,70.91346153848576,0.0,0.014632871701071335,0.1555139296019293,1.0,1.0,follow,0,0,0,0,-1.0
1787224665.7905977,25.117089318617936,0.2698732718894009,69.0776397515528,0.0,0.01567807682257643,0.13336985846399477,1.0,1.0,follow,0,0,0,0,-1.0
1787224665.8276148,25.443894801306346,0.2096774193548387,117.0776397515528,0.0,0.01437157042069506,0.2533698584639948,1.0,1.0,follow,0,0,0,0,-1.0
1787224665.8697028,25.75931143692871,0.18824884792626728,131.44712787216872,0.0,0.014763522341259471,0.3733698584639948,1.0,1.0,follow,0,0,0,0,-1.0
1787224665.9092963,25.341338528680613,0.2096774193548387,118.91346153848576,0.0,0.014110269140318788,0.48507791310111387,1.0,1.0,follow,0,0,0,0,-1.0
1787224665.9464698,25.344378479907743,0.27058755760368663,70.91346153848576,0.0,0.01437157042069506,0.3650779131011139,1.0,1.0,follow,0,0,0,0,-1.0
1787224665.9907722,25.56540685125071,0.27058755760368663,69.0761686825758,0.0,0.016331330023517117,0.2450779131011139,1.0,1.0,follow,0,0,0,0,-1.0
1787224666.0292888,25.003801215080962,0.2677304147465438,69.07175547564543,0.0,0.014502221060883199,0.1250779131011139,1.0,1.0,follow,0,0,0,0,-1.0
1787224666.0729167,25.233612680356824,0.20824884792626727,117.07175547564543,0.0,0.014110269140318788,0.2450779131011139,1.0,1.0,follow,0,0,0,0,-1.0
1787224666.11487,24.763746501201684,0.19682027649769585,119.8742075232633,0.0,0.014763522341259471,0.3650779131011139,1.0,1.0,follow,0,0,0,0,-1.0
1787224666.1594908,24.563873986573796,0.18824884792626728,119.06829708754867,0.0,0.01489417298144761,0.48507791310111387,1.0,1.0,follow,0,0,0,0,-1.0
1787224666.198805,24.150495257825014,0.2103917050691244,112.13667582420021,0.0,0.015939378102952706,0.3685752287684832,1.0,1.0,follow,0,0,0,0,-1.0
1787224666.2421858,24.411508923160536,0.2096774193548387,118.91346153848576,0.0,0.01437157042069506,0.4885752287684832,1.0,1.0,follow,0,0,0,0,-1.0
1787224666.293685,24.133894604463052,0.19682027649769585,116.932322485231,0.0,0.015939378102952706,0.47635904745706975,1.0,1.0,follow,0,0,0,0,-1.0
1787224666.331524,23.19271969362385,0.27877880184331794,68.932322485231,0.0,0.014502221060883199,0.35635904745706976,1.0,1.0,follow,0,0,0,0,-1.0
1787224666.3761652,23.842328800817054,0.2698732718894009,69.01013403072898,0.0,0.01437157042069506,0.23635904745706976,1.0,1.0,follow,0,0,0,0,-1.0
1787224666.4205217,23.41370429143064,0.20682027649769585,117.01013403072898,0.0,0.014632871701071335,0.35635904745706976,1.0,1.0,follow,0,0,0,0,-1.0
1787224666.4581547,23.387734058646043,0.208963133640553,122.73763736266665,0.0,0.01646198066370525,0.47635904745706975,1.0,1.0,follow,0,0,0,0,-1.0
1787224666.5013652,24.029215090319845,0.26915898617511524,74.73763736266665,0.0,0.014110269140318788,0.35635904745706976,1.0,1.0,follow,0,0,0,0,-1.0
1787224666.5427074,23.773718136315793,0.17610599078341013,122.73763736266665,0.0,0.015547426182388293,0.47635904745706975,1.0,1.0,follow,0,0,0,0,-1.0
1787224666.5867815,23.93885584052788,0.21110599078341014,108.3949175824348,0.0,0.01437157042069506,0.35635904745706976,1.0,1.0,follow,0,0,0,0,-1.0
1787224666.6320422,23.667621883089854,0.2103917050691244,112.13667582420021,0.0,0.012803762738437419,0.4082567566669065,1.0,1.0,follow,0,0,0,0,-1.0
1787224666.6733866,23.322854669251903,0.2103917050691244,112.13667582420021,0.0,0.014240919780506924,0.41675831630459176,1.0,1.0,follow,0,0,0,0,-1.0
1787224666.7130706,23.562757341192782,0.272016129032258,69.07535142203324,0.0,0.014240919780506924,0.31078292603247454,1.0,1.0,follow,0,0,0,0,-1.0
1787224666.7562277,23.891775378070278,0.17824884792626727,117.07535142203324,0.0,0.014240919780506924,0.43078292603247453,1.0,1.0,follow,0,0,0,0,-1.0
1787224666.797614,23.656197706593115,0.20753456221198158,122.73763736266665,0.0,0.013457015939378102,0.5507829260324745,1.0,1.0,follow,0,0,0,0,-1.0
1787224666.8397543,23.782516225659723,0.19182027649769584,117.33802735727681,0.0,0.014240919780506924,0.5097649953032346,1.0,1.0,follow,0,0,0,0,-1.0
1787224666.882801,23.83425488414002,0.27130184331797236,69.33802735727681,0.0,0.014240919780506924,0.3897649953032346,1.0,1.0,follow,0,0,0,0,-1.0
1787224666.925283,23.717706067672978,0.27806451612903227,68.90711462450588,0.0,0.016853932584269662,0.2697649953032346,1.0,1.0,follow,0,0,0,0,-1.0
1787224666.963069,23.687031342543904,0.2752073732718894,68.85601355166567,0.0,0.01319571465900183,0.14976499530323462,1.0,1.0,follow,0,0,0,0,-1.0
1787224667.0088828,24.2343793954447,0.27735023041474655,69.02343308865044,0.0,0.01437157042069506,0.029764995303234607,1.0,1.0,follow,0,0,0,0,-1.0
1787224667.0499096,23.750534767223478,0.20824884792626727,117.02343308865044,0.0,0.01489417298144761,-0.09023500469676539,1.0,1.0,follow,0,0,0,0,-1.0
1787224667.087727,23.888268130575067,0.1953917050691244,117.12256973797412,0.0,0.014763522341259471,-0.12719902197049984,1.0,1.0,follow,0,0,0,0,-1.0
1787224667.1305916,24.39089691086058,0.27806451612903227,69.12256973797412,0.0,0.014763522341259471,-0.24719902197049987,1.0,1.0,follow,0,0,0,0,-1.0
1787224667.1701744,24.08924419391344,0.18253456221198155,117.12256973797412,0.0,0.014632871701071335,-0.20452229585392376,1.0,1.0,follow,0,0,0,0,-1.0
1787224667.2087839,24.424043191360603,0.27735023041474655,69.12256973797412,0.0,0.014502221060883199,-0.3245222958539237,1.0,1.0,follow,0,0,0,0,-1.0
1787224667.2512002,24.73404757384749,0.27735023041474655,68.95821569734609,0.0,0.01489417298144761,-0.4445222958539237,1.0,1.0,follow,0,0,0,0,-1.0
1787224667.3043244,24.436721413134286,0.208963133640553,112.13667582420021,0.0,0.013979618500130651,-1.0,1.0,1.0,follow,0,0,0,0,-1.0
1787224667.3427563,23.354782476674803,0.2698732718894009,69.0776397515528,0.0,0.01489417298144761,-1.0,1.0,1.0,follow,0,0,0,0,-1.0
1787224667.3876696,23.889216100343166,0.27058755760368663,69.00866296175204,0.0,0.014240919780506924,-1.0,1.0,1.0,follow,0,0,0,0,-1.0
1787224667.4278998,23.559063743698445,0.18539170506912442,117.00866296175204,0.0,0.015024823621635746,-1.0,1.0,1.0,follow,0,0,0,0,-1.0
1787224667.4648213,23.830465038455113,0.27058755760368663,69.00866296175204,0.0,0.014632871701071335,-1.0,1.0,1.0,follow,0,0,0,0,-1.0
1787224667.5090358,24.4806437947924,0.20182027649769585,111.71484422172625,0.0,0.01319571465900183,-1.0,1.0,1.0,follow,0,0,0,0,-1.0
1787224667.5482616,24.08913946074637,0.27806451612903227,68.88848108413316,0.0,0.013979618500130651,-1.0,1.0,1.0,follow,0,0,0,0,-1.0
1787224667.592837,24.389851580812312,0.21110599078341014,115.9608516483811,0.0,0.014763522341259471,-1.0,1.0,1.0,follow,0,0,0,0,-1.0
1787224667.6357625,23.999963331030113,0.2103917050691244,112.13667582420021,0.0,0.016331330023517117,-0.9822336933969755,1.0,1.0,follow,0,0,0,0,-1.0
1787224667.6751688,23.757670402876162,0.20253456221198157,113.00739644971873,0.0,0.013326365299189966,-0.6072336933969755,1.0,1.0,follow,0,0,0,0,-1.0
1787224667.7120605,24.202095154932373,0.208963133640553,122.73763736266665,0.0,0.014502221060883199,-0.23223369339697547,1.0,1.0,follow,0,0,0,0,-1.0
1787224667.7557986,24.79218722246941,0.2766359447004608,74.73763736266665,0.0,0.015808727462764568,0.14276630660302453,1.0,1.0,follow,0,0,0,0,-1.0
1787224667.7958536,24.365160041213002,0.2103917050691244,112.13667582420021,0.0,0.013979618500130651,0.5177663066030246,1.0,1.0,follow,0,0,0,0,-1.0
1787224667.835736,24.395640995464177,0.2096774193548387,118.91346153848576,0.0,0.014240919780506924,0.8927663066030246,1.0,1.0,follow,0,0,0,0,-1.0
1787224667.879701,24.549522419114155,0.26844470046082947,70.91346153848576,0.0,0.013326365299189966,0.5177663066030246,1.0,1.0,follow,0,0,0,0,-1.0
1787224667.917903,24.23764802884127,0.27806451612903227,68.83342744212308,0.0,0.015155474261823882,0.43110588235880154,1.0,1.0,follow,0,0,0,0,-1.0
1787224667.95604,24.68095001244445,0.18682027649769584,116.83342744212308,0.0,0.014502221060883199,0.8061058823588015,1.0,1.0,follow,0,0,0,0,-1.0
1787224667.9989576,24.99447807384657,0.20110599078341013,116.700443787003,0.0,0.014763522341259471,1.0,1.0,1.0,follow,0,0,0,0,-1.0
1787224668.0410829,24.64970927914665,0.2698732718894009,69.02108532200037,0.0,0.015416775542200157,0.8061058823588015,1.0,1.0,follow,0,0,0,0,-1.0
1787224668.0776446,24.48140349289713,0.2766359447004608,68.99378881987569,0.0,0.0169845832244578,0.43110588235880154,1.0,1.0,follow,0,0,0,0,-1.0
1787224668.1196666,25.0569457786553,0.19253456221198156,116.99378881987569,0.0,0.017245884504834073,0.8061058823588015,1.0,1.0,follow,0,0,0,0,-1.0
1787224668.1633437,24.47182562650371,0.208963133640553,122.73763736266665,0.0,0.01620067938332898,1.0,1.0,1.0,follow,0,0,0,0,-1.0
1787224668.2020137,24.512841557037675,0.17467741935483871,139.27243589748764,0.0,0.016331330023517117,1.0,1.0,1.0,follow,0,0,0,0,-1.0
1787224668.2447846,24.760036868908692,0.26915898617511524,91.27243589748764,0.0,0.015416775542200157,1.0,1.0,1.0,follow,0,0,0,0,-1.0
1787224668.2867112,24.451303686917086,0.19039170506912442,105.96664873588634,0.0,0.015547426182388293,1.0,1.0,1.0,follow,0,0,0,0,-1.0
1787224668.3245287,24.326963453363625,0.203963133640553,110.25369822486391,0.0,0.013848967859942513,1.0,1.0,1.0,follow,0,0,0,0,-1.0
1787224668.3683126,24.823035774426543,0.27735023041474655,68.89356295878032,0.0,0.014110269140318788,1.0,1.0,1.0,follow,0,0,0,0,-1.0
1787224668.4069693,24.362580400267472,0.19039170506912442,116.89356295878032,0.0,0.013979618500130651,1.0,1.0,1.0,follow,0,0,0,0,-1.0
1787224668.4468944,24.738423637167642,0.27877880184331794,68.89356295878032,0.0,0.014240919780506924,1.0,1.0,1.0,follow,0,0,0,0,-1.0
1787224668.4901688,24.72203826618561,0.18682027649769584,116.89356295878032,0.0,0.014632871701071335,1.0,1.0,1.0,follow,0,0,0,0,-1.0
1787224668.5301762,24.44361419517437,0.27735023041474655,68.90965556182944,0.0,0.015024823621635746,1.0,1.0,1.0,follow,0,0,0,0,-1.0
1787224668.569046,24.5905384501332,0.20824884792626727,116.90965556182944,0.0,0.014240919780506924,1.0,1.0,1.0,follow,0,0,0,0,-1.0
1787224668.6108408,24.80990996038227,0.18539170506912442,115.85570679322359,0.0,0.01646198066370525,1.0,1.0,1.0,follow,0,0,0,0,-1.0
1787224668.64952,24.61592554997401,0.1996774193548387,121.15511411667762,0.0,0.014240919780506924,1.0,1.0,1.0,follow,0,0,0,0,-1.0
1787224668.6888301,24.696771186747785,0.27130184331797236,73.15511411667762,0.0,0.014763522341259471,1.0,1.0,1.0,follow,0,0,0,0,-1.0
1787224668.731455,25.045979707898983,0.1946774193548387,113.55262525937997,0.0,0.015547426182388293,1.0,1.0,1.0,follow,0,0,0,0,-1.0
1787224668.77427,24.663163471296134,0.208963133640553,122.73763736266665,0.0,0.013848967859942513,1.0,1.0,1.0,follow,0,0,0,0,-1.0
1787224668.812411,24.47074746751379,0.208963133640553,112.13667582420021,0.0,0.015024823621635746,1.0,1.0,1.0,follow,0,0,0,0,-1.0
1787224668.854818,24.819711720845923,0.2103917050691244,122.73763736266665,0.0,0.013848967859942513,1.0,1.0,1.0,follow,0,0,0,0,-1.0
1787224668.8955853,24.555721495916483,0.2766359447004608,74.73763736266665,0.0,0.01437157042069506,1.0,1.0,1.0,follow,0,0,0,0,-1.0
1787224668.9319892,24.564005932002445,0.0,172.92362990026731,0.0,0.01528612490201202,1.0,1.0,1.0,slow:lane_dropout,0,0,0,0,-1.0
1787224668.9739552,25.15113976387335,0.21182027649769586,109.66758241760317,0.0,0.01437157042069506,1.0,1.0,1.0,follow,0,0,0,0,-1.0
1787224669.0146708,24.66974396781241,0.27058755760368663,69.0761686825758,0.0,0.014763522341259471,1.0,1.0,1.0,follow,0,0,0,0,-1.0
1787224669.0519164,24.901408348547662,0.2096774193548387,117.0761686825758,0.0,0.01737653514502221,1.0,1.0,1.0,follow,0,0,0,0,-1.0
1787224669.097818,25.288081767457577,0.18753456221198156,135.19512987017492,0.0,0.017637836425398484,1.0,1.0,1.0,follow,1,0,0,0,-1.0
1787224669.1373622,24.585084138136956,0.2096774193548387,118.91346153848576,0.0,0.015155474261823882,1.0,1.0,1.0,follow,1,0,0,0,-1.0
1787224669.1740093,24.724905923682886,0.18682027649769584,126.20619380624248,0.0,0.014763522341259471,1.0,1.0,1.0,follow,1,0,0,0,-1.0
1787224669.2168028,25.24331368183538,0.27877880184331794,78.20619380624248,0.0,0.014240919780506924,1.0,1.0,1.0,follow,1,0,0,0,-1.0
1787224669.256031,24.670883905372357,0.2698732718894009,68.99591369728658,0.0,0.012934413378625555,1.0,1.0,1.0,follow,1,0,0,0,-1.0
1787224669.2940764,25.016824478076863,0.2766359447004608,69.04291360813093,0.0,0.01437157042069506,0.8872203845105945,1.0,1.0,follow,1,0,0,0,-1.0
1787224669.3388379,25.350072584681637,0.20824884792626727,115.9608516483811,0.0,0.014763522341259471,1.0,1.0,1.0,follow,1,0,0,0,-1.0
1787224669.3800724,24.6200937905784,0.27735023041474655,68.86307171089774,0.0,0.01528612490201202,0.9027588706676928,1.0,1.0,follow,1,0,0,0,-1.0
1787224669.4197378,24.698890742216143,0.27877880184331794,68.95793337097679,0.0,0.01607002874314084,0.5027588706676928,1.0,1.0,follow,1,0,0,0,-1.0
1787224669.4625194,24.79677871963092,0.18467741935483872,116.95793337097679,0.0,0.014110269140318788,0.9027588706676928,1.0,1.0,follow,1,0,0,0,-1.0
1787224669.50145,24.508716979497454,0.2103917050691244,112.13667582420021,0.0,0.015547426182388293,1.0,1.0,1.0,follow,1,0,0,0,-1.0
1787224669.5384123,24.75411862180949,0.1953917050691244,118.59959271499656,0.0,0.014763522341259471,1.0,1.0,1.0,follow,1,0,0,0,-1.0
1787224669.580854,25.218644641310632,0.2003917050691244,118.75961538463889,0.0,0.013065064018813691,1.0,1.0,1.0,follow,1,0,0,0,-1.0
1787224669.6199107,24.841843929930498,0.20682027649769585,123.36813186815994,0.0,0.013457015939378102,1.0,1.0,1.0,follow,1,0,0,0,-1.0
1787224669.6571455,25.041019061477208,0.1708179723502304,86.13986013988568,0.0,0.015416775542200157,1.0,1.0,1.0,follow,1,0,0,0,-1.0
1787224669.6994274,25.412974620257913,0.3054953917050691,63.24742474916388,0.0,0.012281160177684871,1.0,1.0,1.0,follow,1,0,0,0,-1.0
1787224669.7373693,25.057150371679878,0.36544930875576037,58.88078396699082,0.0,0.008753592892605173,0.7951801781232727,1.0,1.0,follow,1,0,0,0,-1.0
1787224669.774771,25.321506758833365,0.4125,51.548892709070515,0.0,0.022210608831983277,0.39518017812327266,1.0,1.0,follow,1,0,0,0,-1.0
1787224669.8190715,25.608140892393653,0.4737903225806452,40.906296406296434,0.0,0.03436111836948001,-0.004819821876727359,1.0,1.0,follow,1,0,0,0,-1.0
1787224669.858512,24.86095452146927,0.5282258064516129,88.90629640629643,0.0,0.0569636791220277,0.2372238645493343,1.0,1.0,follow,1,0,0,0,-1.0
1787224669.8963556,25.147362168579406,0.5282258064516129,120.55887295713785,0.0,0.0958975698980925,-0.16277613545066572,1.0,1.0,follow,1,0,0,0,-1.0
1787224669.941017,25.403792731091432,0.5342741935483871,106.79980822116016,0.0,0.14489155996864383,-0.5627761354506657,1.0,1.0,follow,1,0,0,0,-1.0
1787224669.9797466,24.789229496731146,0.5766129032258065,86.1888614530123,0.0,0.3212699242226287,-0.9627761354506658,1.0,1.0,follow,1,0,0,0,-1.0
1787224670.0162222,25.011754797922208,0.594758064516129,72.44236760809102,0.0,0.4101123595505618,-1.0,1.0,1.0,follow,1,0,0,0,-1.0
1787224670.058652,25.474362373916744,0.0,49.30338791187846,0.0,0.5395871439770055,-1.0,1.0,1.0,slow:lane_dropout,1,0,0,0,-1.0
1787224670.0963037,25.017706241503245,0.0,34.52992080273346,0.0,0.548602038149987,-1.0,1.0,1.0,slow:lane_dropout,1,0,0,0,-1.0
1787224670.1321435,25.439895478286957,0.0,21.999674021871648,0.0,0.4669453880324014,-1.0,1.0,1.0,slow:lane_dropout,1,0,0,0,-1.0
1787224670.1759346,25.919007879610483,0.0,9.101453129818054,0.0,0.4430363208779723,-1.0,0.4,1.0,reacquire:road,1,0,0,0,-1.0
1787224670.2118983,25.2532223217762,0.0,3.1712235133299487,0.0,0.3822837731904886,-1.0,0.4,1.0,reacquire:road,1,0,0,0,-1.0
1787224670.2414625,25.852156845143522,0.0,112.0,0.0,0.36386203292396135,-1.0,0.4,1.0,reacquire:road,1,0,0,0,-1.0
1787224670.2757318,27.44506254855672,0.0,112.0,0.0,0.3758818918212699,-1.0,0.4,1.0,reacquire:road,1,0,0,0,-1.0
1787224670.3067691,27.71228604992942,0.0,112.0,0.0,0.34308858113404755,-1.0,0.4,1.0,reacquire:road,1,0,0,0,-1.0
1787224670.3364458,28.713091963304606,0.0,112.0,0.0,0.13757512411810818,-1.0,0.4,1.0,reacquire:road,1,0,0,0,-1.0
1787224670.370609,29.707929337556227,0.0,112.0,0.0,0.03475307029004442,-1.0,0.4,1.0,reacquire:road,1,0,0,0,-1.0
1787224670.4019158,29.53039053199,0.0,112.0,0.0,0.0,-1.0,0.4,1.0,reacquire:road,1,0,0,0,-1.0
1787224670.4325578,30.11658728396955,0.0,112.0,0.0,0.005226025607525477,-0.802776135450666,0.4,1.0,reacquire:road,1,0,0,0,-1.0
1787224670.4695625,30.59898573290718,0.0,112.0,0.0,0.0,-0.2427761354506659,0.4,1.0,reacquire:road,1,0,0,0,-1.0
1787224670.5013332,29.84767174100782,0.0,112.0,0.0,0.0,0.31722386454933416,0.4,1.0,reacquire:road,1,0,0,0,-1.0
1787224670.531751,30.23012409733497,0.0,112.0,0.0,0.0013065064018813691,0.8772238645493342,0.4,1.0,reacquire:road,1,0,0,0,-1.0
1787224670.5715792,30.76312390654325,0.0,112.0,0.0,0.0,1.0,0.4,1.0,reacquire:road,1,0,0,0,-1.0
1787224670.602903,29.63318546934516,0.0,112.0,0.0,0.0036582179252678338,1.0,0.4,1.0,reacquire:road,1,0,0,0,-1.0
1787224670.6332362,30.09046906675904,0.0,112.0,0.0,0.0009145544813169584,1.0,0.4,1.0,reacquire:road,1,0,0,0,-1.0
1787224670.6698525,30.66494256227998,0.0,112.0,0.0,0.0006532532009406846,0.8772238645493342,0.4,1.0,reacquire:road,1,0,0,0,-1.0
1787224670.7055268,29.964431546130456,0.0,112.0,0.0,0.005356676247713614,0.4772238645493342,0.0,1.0,stop:lane_lost,1,0,0,0,-1.0
1787224670.7394433,29.61629903517889,0.0,112.0,0.0,0.002221060883198328,-0.08277613545066587,0.4,1.0,reacquire:road,1,0,0,0,-1.0
1787224670.77923,29.503055754731342,0.0,112.0,0.0,0.0019597596028220537,-0.6427761354506659,0.4,1.0,reacquire:road,1,0,0,0,-1.0
1787224670.811195,28.68051949746846,0.0,112.0,0.0,0.0018291089626339169,-1.0,0.4,1.0,reacquire:road,1,0,0,0,-1.0
1787224670.841893,29.224062990750994,0.0,112.0,0.0,0.0011758557616932323,-1.0,0.4,1.0,reacquire:road,1,0,0,0,-1.0
1787224670.879247,29.90282697347093,0.0,112.0,0.0,0.0001306506401881369,-1.0,0.4,1.0,reacquire:road,1,0,0,0,-1.0
1787224670.9150312,29.258983089865097,0.0,112.0,0.0,0.0,-1.0,0.0,1.0,stop:lane_lost,1,0,0,0,-1.0
1787224670.945885,28.976789184332162,0.0,112.0,0.0,0.0,-1.0,0.0,1.0,stop:lane_lost,1,0,0,0,-1.0
1787224670.9861445,29.711097776838663,0.0,112.0,0.0,0.0,-1.0,0.4,1.0,reacquire:road,1,0,0,0,-1.0
1787224671.023006,28.562518824453914,0.0,112.0,0.0,0.0,-1.0,0.0,1.0,stop:lane_lost,1,0,0,0,-1.0
1787224671.058527,28.489743244964757,0.0,112.0,0.0,0.0,-1.0,0.4,1.0,reacquire:road,1,0,0,0,-1.0
1787224671.0955021,28.43857116039607,0.0,112.0,0.0,0.0,-1.0,0.0,1.0,stop:lane_lost,1,0,0,0,-1.0
1787224671.130274,28.150393329517176,0.0,112.0,0.0,0.00039195192056441075,-1.0,0.4,1.0,reacquire:road,1,0,0,0,-1.0
1787224671.1610456,28.277402351000134,0.0,112.0,0.0,0.0,-1.0,0.4,1.0,reacquire:road,1,0,0,0,-1.0
1787224671.1986718,29.125552077094657,0.0,112.0,0.0,0.0010452051215050953,-1.0,0.4,1.0,reacquire:road,1,0,0,0,-1.0
1787224671.2328203,28.41364177637975,0.0,112.0,0.0,0.0019597596028220537,-1.0,0.0,1.0,stop:lane_lost,1,0,0,0,-1.0
1787224671.2632775,28.834146682157005,0.0,112.0,0.0,0.00339691664489156,-1.0,0.0,1.0,stop:lane_lost,1,0,0,0,-1.0
1787224671.2983098,29.650433082398113,0.0,112.0,0.0,0.003527567285079697,-1.0,0.0,1.0,stop:lane_lost,1,0,0,0,-1.0
1787224671.3293753,29.403888924729166,0.0,112.0,0.0,0.0006532532009406846,-1.0,0.0,1.0,stop:lane_lost,1,0,0,0,-1.0
1787224671.3613396,29.999593107003705,0.0,112.0,0.0,0.0023517115233864646,-1.0,0.4,1.0,reacquire:road,1,0,0,0,-1.0
1787224671.3961265,30.26221581172208,0.0,112.0,0.0,0.005487326887901751,-1.0,0.4,1.0,reacquire:road,1,0,0,0,-1.0
1787224671.4305422,29.867331476110802,0.0,112.0,0.0,0.0,-1.0,0.0,1.0,stop:lane_lost,1,0,0,0,-1.0
1787224671.4639862,29.693331467605965,0.0,112.0,0.0,0.001567807682257643,-1.0,0.0,1.0,stop:lane_lost,1,0,0,0,-1.0
1787224671.499988,29.810848385733024,0.0,112.0,0.0,0.0026130128037627383,-1.0,0.0,1.0,stop:lane_lost,1,0,0,0,-1.0
1787224671.531857,29.26608601383678,0.0,112.0,0.0,0.0014371570420695062,-1.0,0.0,1.0,stop:lane_lost,1,0,0,0,-1.0
1787224671.5616262,29.898988498721266,0.0,112.0,0.0,0.0006532532009406846,-1.0,0.0,1.0,stop:lane_lost,1,0,0,0,-1.0
1787224671.600235,30.651056708963953,0.0,112.0,0.0,0.0,-1.0,0.4,1.0,reacquire:road,1,0,0,0,-1.0
1787224671.632378,29.69270630616969,0.0,112.0,0.0,0.0,-1.0,0.0,1.0,stop:lane_lost,1,0,0,0,-1.0
1787224671.662667,29.979304754973477,0.0,112.0,0.0,0.0,-0.8027761354506676,0.0,1.0,stop:lane_lost,1,0,0,0,-1.0
1787224671.701812,30.59816418948816,0.0,112.0,0.0,0.0,-0.4027761354506676,0.0,1.0,stop:lane_lost,1,0,0,0,-1.0
1787224671.7340782,29.505100918677556,0.0,112.0,0.0,0.0002613012803762738,-0.0027761354506675717,0.0,1.0,stop:lane_lost,1,0,0,0,-1.0
1787224671.763858,29.922690969252088,0.0,112.0,0.0,0.0,0.0,0.0,1.0,stop:lane_lost,1,0,0,0,-1.0
1787224671.798746,30.656344840051272,0.0,112.0,0.0,0.0,0.0,0.0,1.0,stop:lane_lost,1,0,0,0,-1.0
1787224671.8306797,30.090454165690144,0.0,112.0,0.0,0.0,0.0,0.0,1.0,stop:lane_lost,1,0,0,0,-1.0
1787224671.8607013,30.546967136171915,0.0,112.0,0.0,0.0,0.0,0.0,1.0,stop:lane_lost,1,0,0,0,-1.0
1787224671.8973122,31.106968602733787,0.0,112.0,0.0,0.0,0.0,0.0,1.0,stop:lane_lost,1,0,0,0,-1.0
1787224671.933382,30.333379075254733,0.0,112.0,0.0,0.0,0.0,0.0,1.0,stop:lane_lost,1,0,0,0,-1.0
1787224671.963248,29.804240438882594,0.0,112.0,0.0,0.0,0.0,0.0,1.0,stop:lane_lost,1,0,0,0,-1.0
1787224671.9985325,30.559821714567395,0.0,112.0,0.0,0.0,0.0,0.0,1.0,stop:lane_lost,1,0,0,0,-1.0
1787224672.0305595,29.852394253372353,0.0,112.0,0.0,0.0,0.0,0.0,1.0,stop:lane_lost,1,0,0,0,-1.0
1787224672.060559,30.484281406775267,0.0,112.0,0.0,0.0,0.0,0.0,1.0,stop:lane_lost,1,0,0,0,-1.0
1787224672.0957236,31.064087646095437,0.0,112.0,0.0,0.0,0.0,0.0,1.0,stop:lane_lost,1,0,0,0,-1.0
1787224672.1296835,30.172891625600105,0.0,112.0,0.0,0.0,0.0,0.0,1.0,stop:lane_lost,1,0,0,0,-1.0
1787224672.1607962,30.467804390082698,0.0,112.0,0.0,0.0,0.0,0.0,1.0,stop:lane_lost,1,0,0,0,-1.0
1787224672.1956272,30.81020125949763,0.0,112.0,0.0,0.0,0.0,0.0,1.0,stop:lane_lost,1,0,0,0,-1.0
1787224672.2268438,30.38631942827555,0.0,112.0,0.0,0.0,0.0,0.0,1.0,stop:lane_lost,1,0,0,0,-1.0
1787224672.256761,30.722836654508068,0.0,112.0,0.0,0.0,0.0,0.0,1.0,stop:lane_lost,1,0,0,0,-1.0
1787224672.292189,31.26585050875989,0.0,112.0,0.0,0.0,0.0,0.0,1.0,stop:lane_lost,1,0,0,0,-1.0
1787224672.3243396,30.640898446195227,0.0,112.0,0.0,0.0,0.0,0.0,1.0,stop:lane_lost,1,0,0,0,-1.0
1787224672.3549256,30.751833840811873,0.0,112.0,0.0,0.0,0.0,0.0,1.0,stop:lane_lost,1,0,0,0,-1.0
1787224672.392675,31.129051584062257,0.0,112.0,0.0,0.0,0.0,0.0,1.0,stop:lane_lost,1,0,0,0,-1.0
1787224672.4249694,30.043550637794702,0.0,112.0,0.0,0.0,0.0,0.0,1.0,stop:lane_lost,1,0,0,0,-1.0
1787224672.469587,30.465689446921203,0.0,112.0,0.0,0.0,0.0,0.0,1.0,stop:lane_lost,0,0,0,0,-1.0
1787224673.988364,24.506086037507423,0.0,112.0,0.0,0.0,0.0,0.0,1.0,stop:lane_lost,0,0,0,0,-1.0
1787224674.0160234,22.611531157757955,0.0,112.0,0.0,0.0,0.0,0.0,1.0,stop:lane_lost,0,0,0,0,-1.0
1787224674.0436141,25.5324175497017,0.0,112.0,0.0,0.0,0.0,0.0,1.0,stop:lane_lost,0,0,0,0,-1.0
1787224674.0783534,27.702370707607315,0.0,112.0,0.0,0.0,0.0,0.0,1.0,stop:lane_lost,0,0,0,0,-1.0
1787224674.1101675,27.895594287377154,0.0,112.0,0.0,0.0,0.0,0.0,1.0,stop:lane_lost,0,0,0,0,-1.0
1787224674.1402106,28.630028045121332,0.0,112.0,0.0,0.0,0.0,0.0,1.0,stop:lane_lost,0,0,0,0,-1.0
1787224674.175623,29.56084011911091,0.0,112.0,0.0,0.0,0.0,0.0,1.0,stop:lane_lost,0,0,0,0,-1.0
1787224674.2101815,29.220939499932804,0.0,112.0,0.0,0.0,0.0,0.0,1.0,stop:lane_lost,0,0,0,0,-1.0
1787224674.2413936,29.24635696671279,0.0,112.0,0.0,0.0,0.0,0.0,1.0,stop:lane_lost,0,0,0,0,-1.0
1787224674.2766085,29.803787290893037,0.0,112.0,0.0,0.0,0.0,0.0,1.0,stop:lane_lost,0,0,0,0,-1.0
1787224674.3081903,29.50688089517813,0.0,112.0,0.0,0.0,0.0,0.0,1.0,stop:lane_lost,0,0,0,0,-1.0
1787224674.337991,29.95811001168138,0.0,112.0,0.0,0.0,0.0,0.0,1.0,stop:lane_lost,0,0,0,0,-1.0
1787224674.3736188,30.67857604697177,0.0,112.0,0.0,0.0,0.0,0.0,1.0,stop:lane_lost,0,0,0,0,-1.0
1787224674.4018831,30.05492224767294,0.0,112.0,0.0,0.0,0.0,0.0,1.0,stop:lane_lost,0,0,0,0,-1.0
1787224674.4283526,31.287104259913256,0.0,112.0,0.0,0.0,0.0,0.0,1.0,stop:lane_lost,0,0,0,0,-1.0
1787224674.4600644,32.58557499917334,0.0,112.0,0.0,0.0,0.0,0.0,1.0,stop:lane_lost,0,0,0,0,-1.0
1787224674.4892316,32.28164512998138,0.0,112.0,0.0,0.0,0.0,0.0,1.0,stop:lane_lost,0,0,0,0,-1.0
1787224674.5152962,32.79644933837376,0.0,112.0,0.0,0.0,0.0,0.0,1.0,stop:lane_lost,0,0,0,0,-1.0
1787224674.5458622,33.885211123794114,0.0,112.0,0.0,0.0,0.0,0.0,1.0,stop:lane_lost,0,0,0,0,-1.0
1787224674.5737026,33.42830962329352,0.0,112.0,0.0,0.0,0.0,0.0,1.0,stop:lane_lost,0,0,0,0,-1.0
1787224674.5999212,34.23499810252258,0.0,112.0,0.0,0.0,0.0,0.0,1.0,stop:lane_lost,0,0,0,0,-1.0
1787224674.630692,35.00428595848027,0.0,112.0,0.0,0.0,0.0,0.0,1.0,stop:lane_lost,0,0,0,0,-1.0
1787224674.6588109,34.48486463816763,0.0,112.0,0.0,0.0,0.0,0.0,1.0,stop:lane_lost,0,0,0,0,-1.0
1787224674.6854105,34.734525338789005,0.0,112.0,0.0,0.0,0.0,0.0,1.0,stop:lane_lost,0,0,0,0,-1.0
1787224674.716576,35.30883677664841,0.0,112.0,0.0,0.0,0.0,0.0,1.0,stop:lane_lost,0,0,0,0,-1.0
1787224674.7441463,34.54101175987385,0.0,112.0,0.0,0.0,0.0,0.0,1.0,stop:lane_lost,0,0,0,0,-1.0
1787224674.7704763,35.053332177049796,0.0,112.0,0.0,0.0,0.0,0.0,1.0,stop:lane_lost,0,0,0,0,-1.0
1787224674.8022022,35.636450790511205,0.0,112.0,0.0,0.0,0.0,0.0,1.0,stop:lane_lost,0,0,0,0,-1.0
1787224674.8334446,34.769569540416526,0.0,112.0,0.0,0.0,0.0,0.0,1.0,stop:lane_lost,0,0,0,0,-1.0
1787224674.861246,34.253463383678266,0.0,112.0,0.0,0.0,0.0,0.0,1.0,stop:lane_lost,0,0,0,0,-1.0
1787224674.8976185,34.26764788776719,0.0,112.0,0.0,0.0,0.0,0.0,1.0,stop:lane_lost,0,0,0,0,-1.0
1787224674.9259226,32.91149422028185,0.0,112.0,0.0,0.0,0.0,0.0,1.0,stop:lane_lost,0,0,0,0,-1.0
1787224674.9527342,33.671749268474144,0.0,112.0,0.0,0.0,0.0,0.0,1.0,stop:lane_lost,0,0,0,0,-1.0
1787224674.9836073,34.48470707126598,0.0,112.0,0.0,0.0,0.0,0.0,1.0,stop:lane_lost,0,0,0,0,-1.0
1787224675.0112906,33.929502044718966,0.0,112.0,0.0,0.0,0.0,0.0,1.0,stop:lane_lost,0,0,0,0,-1.0
1787224675.0379868,34.52481203397155,0.0,112.0,0.0,0.0,0.0,0.0,1.0,stop:lane_lost,0,0,0,0,-1.0
1787224675.069636,35.137337276797325,0.0,112.0,0.0,0.0,0.0,0.0,1.0,stop:lane_lost,0,0,0,0,-1.0
1787224675.100895,34.41336641511994,0.0,112.0,0.0,0.0,0.0,0.0,1.0,stop:lane_lost,0,0,0,0,-1.0
1787224675.1277854,33.93821525550514,0.0,112.0,0.0,0.0,0.0,0.0,1.0,stop:lane_lost,0,0,0,0,-1.0
1787224675.1605494,34.378493200628185,0.0,112.0,0.0,0.0,0.0,0.0,1.0,stop:lane_lost,0,0,0,0,-1.0
1787224675.1896484,33.40195542552115,0.0,112.0,0.0,0.0,0.0,0.0,1.0,stop:lane_lost,0,0,0,0,-1.0
1787224675.2159636,34.08599782362738,0.0,112.0,0.0,0.0,0.0,0.0,1.0,stop:lane_lost,0,0,0,0,-1.0
1787224675.2465913,34.85834754062029,0.0,112.0,0.0,0.0,0.0,0.0,1.0,stop:lane_lost,0,0,0,0,-1.0
1787224675.2756085,34.11090816369514,0.0,112.0,0.0,0.0,0.0,0.0,1.0,stop:lane_lost,0,0,0,0,-1.0
1787224675.304287,34.56396045245682,0.0,112.0,0.0,0.0,0.0,0.0,1.0,stop:lane_lost,0,0,0,0,-1.0
1787224675.335369,34.62751627522921,0.0,112.0,0.0,0.0,0.0,0.0,1.0,stop:lane_lost,0,0,0,0,-1.0
1787224675.3629262,34.04127578294823,0.0,112.0,0.0,0.0,0.0,0.0,1.0,stop:lane_lost,0,0,0,0,-1.0
1787224675.3889797,34.58777804935059,0.0,112.0,0.0,0.0,0.0,0.0,1.0,stop:lane_lost,0,0,0,0,-1.0
1787224675.420627,35.38072751688254,0.0,112.0,0.0,0.0,0.0,0.0,1.0,stop:lane_lost,0,0,0,0,-1.0
1787224675.448255,34.60029637594264,0.0,112.0,0.0,0.0,0.0,0.0,1.0,stop:lane_lost,0,0,0,0,-1.0
1787224675.4740407,34.9403818825661,0.0,112.0,0.0,0.0,0.0,0.0,1.0,stop:lane_lost,0,0,0,0,-1.0
1787224675.505603,35.72184420599798,0.0,112.0,0.0,0.0,0.0,0.0,1.0,stop:lane_lost,0,0,0,0,-1.0
1787224675.5376518,34.5501042400982,0.0,112.0,0.0,0.0,0.0,0.0,1.0,stop:lane_lost,0,0,0,0,-1.0
1787224675.564417,34.27956426168775,0.0,112.0,0.0,0.0,0.0,0.0,1.0,stop:lane_lost,0,0,0,0,-1.0
1787224675.5961614,34.8775598867601,0.0,112.0,0.0,0.0,0.0,0.0,1.0,stop:lane_lost,0,0,0,0,-1.0
1787224675.6241803,34.109123845629696,0.0,112.0,0.0,0.0,0.0,0.0,1.0,stop:lane_lost,0,0,0,0,-1.0
1787224675.6511223,34.56493226791888,0.0,112.0,0.0,0.0,0.0,0.0,1.0,stop:lane_lost,0,0,0,0,-1.0
1787224675.6826487,35.06073921491607,0.0,112.0,0.0,0.0,0.0,0.0,1.0,stop:lane_lost,0,0,0,0,-1.0
1787224675.710347,34.31175458376653,0.0,112.0,0.0,0.0,0.0,0.0,1.0,stop:lane_lost,0,0,0,0,-1.0
1787224675.7381918,34.625724249038,0.0,112.0,0.0,0.0,0.0,0.0,1.0,stop:lane_lost,0,0,0,0,-1.0
1787224675.770879,35.04957994433596,0.0,112.0,0.0,0.0,0.0,0.0,1.0,stop:lane_lost,0,0,0,0,-1.0
1787224675.799851,34.0559744741004,0.0,112.0,0.0,0.0,0.0,0.0,1.0,stop:lane_lost,0,0,0,0,-1.0
1787224675.8258722,34.283932155411534,0.0,112.0,0.0,0.0,0.0,0.0,1.0,stop:lane_lost,0,0,0,0,-1.0
1787224675.8582995,35.11180452106769,0.0,112.0,0.0,0.0,0.0,0.0,1.0,stop:lane_lost,0,0,0,0,-1.0
1787224675.888406,34.20228427132386,0.0,112.0,0.0,0.0,0.0,0.0,1.0,stop:lane_lost,0,0,0,0,-1.0
1787224675.915148,34.071637041313735,0.0,112.0,0.0,0.0,0.0,0.0,1.0,stop:lane_lost,0,0,0,0,-1.0
1787224675.947764,34.71079837262165,0.0,112.0,0.0,0.0,0.0,0.0,1.0,stop:lane_lost,0,0,0,0,-1.0
1787224675.9767475,33.89413623779882,0.0,112.0,0.0,0.0,0.0,0.0,1.0,stop:lane_lost,0,0,0,0,-1.0
1787224676.0046024,33.96725994794971,0.0,112.0,0.0,0.0,0.0,0.0,1.0,stop:lane_lost,0,0,0,0,-1.0
1787224676.0357158,34.44119330645548,0.0,112.0,0.0,0.0,0.0,0.0,1.0,stop:lane_lost,0,0,0,0,-1.0
1787224676.0637283,33.9114027463693,0.0,112.0,0.0,0.0,0.0,0.0,1.0,stop:lane_lost,0,0,0,0,-1.0
1787224676.089888,34.329918489952064,0.0,112.0,0.0,0.0,0.0,0.0,1.0,stop:lane_lost,0,0,0,0,-1.0
1787224676.1213272,35.13719626878844,0.0,112.0,0.0,0.0,0.0,0.0,1.0,stop:lane_lost,0,0,0,0,-1.0
1787224676.14933,34.46220956831693,0.0,112.0,0.0,0.0,0.0,0.0,1.0,stop:lane_lost,0,0,0,0,-1.0
1787224676.175404,34.71155684497177,0.0,112.0,0.0,0.0,0.0,0.0,1.0,stop:lane_lost,0,0,0,0,-1.0
1787224676.2096868,35.44131101351108,0.0,112.0,0.0,0.0,0.0,0.0,1.0,stop:lane_lost,0,0,0,0,-1.0
1787224676.2404697,34.179613933266104,0.0,112.0,0.0,0.0,0.0,0.0,1.0,stop:lane_lost,0,0,0,0,-1.0
1787224676.2684534,33.85106468410717,0.0,112.0,0.0,0.0,0.0,0.0,1.0,stop:lane_lost,0,0,0,0,-1.0
1787224676.302484,34.215899580292046,0.0,112.0,0.0,0.0,0.0,0.0,1.0,stop:lane_lost,0,0,0,0,-1.0
1787224676.330658,33.142423382736304,0.0,112.0,0.0,0.0,0.0,0.0,1.0,stop:lane_lost,0,0,0,0,-1.0
1787224676.3567944,33.77864020087078,0.0,112.0,0.0,0.0,0.0,0.0,1.0,stop:lane_lost,0,0,0,0,-1.0
1787224676.3887033,34.69312344931789,0.0,112.0,0.0,0.0,0.0,0.0,1.0,stop:lane_lost,0,0,0,0,-1.0
1787224676.4179027,34.00539400486518,0.0,112.0,0.0,0.0,0.0,0.0,1.0,stop:lane_lost,0,0,0,0,-1.0
1787224676.444211,34.0718626701404,0.0,112.0,0.0,0.0,0.0,0.0,1.0,stop:lane_lost,0,0,0,0,-1.0
1787224676.4757035,34.823751766919024,0.0,112.0,0.0,0.0,0.0,0.0,1.0,stop:lane_lost,0,0,0,0,-1.0
1787224676.5041192,34.22691852261958,0.0,112.0,0.0,0.0,0.0,0.0,1.0,stop:lane_lost,0,0,0,0,-1.0
1787224676.5316956,34.42765899356171,0.0,112.0,0.0,0.0,0.0,0.0,1.0,stop:lane_lost,0,0,0,0,-1.0
1787224676.5634387,34.685962532878996,0.0,112.0,0.0,0.0,0.0,0.0,1.0,stop:lane_lost,0,0,0,0,-1.0
1787224676.5908911,34.05319514326429,0.0,112.0,0.0,0.0,0.0,0.0,1.0,stop:lane_lost,0,0,0,0,-1.0
1787224676.6179168,34.622668858380855,0.0,112.0,0.0,0.0,0.0,0.0,1.0,stop:lane_lost,0,0,0,0,-1.0
1787224676.652596,34.60027063850776,0.0,112.0,0.0,0.0,0.0,0.0,1.0,stop:lane_lost,0,0,0,0,-1.0
1787224676.6801648,33.67652290598801,0.0,112.0,0.0,0.0,0.0,0.0,1.0,stop:lane_lost,0,0,0,0,-1.0
1787224676.7062898,34.37249029882751,0.0,112.0,0.0,0.0,0.0,0.0,1.0,stop:lane_lost,0,0,0,0,-1.0
1787224676.7381363,35.16736084986729,0.0,112.0,0.0,0.0,0.0,0.0,1.0,stop:lane_lost,0,0,0,0,-1.0
1787224676.7673385,34.07120105153898,0.0,112.0,0.0,0.0,0.0,0.0,1.0,stop:lane_lost,0,0,0,0,-1.0
1787224676.7931268,34.56468627260698,0.0,112.0,0.0,0.0,0.0,0.0,1.0,stop:lane_lost,0,0,0,0,-1.0
1787224676.8249407,35.39749430923467,0.0,112.0,0.0,0.0,0.0,0.0,1.0,stop:lane_lost,0,0,0,0,-1.0
1787224676.8551965,34.53024014198663,0.0,112.0,0.0,0.0,0.0,0.0,1.0,stop:lane_lost,0,0,0,0,-1.0
1787224676.8819387,34.3099794635034,0.0,112.0,0.0,0.0,0.0,0.0,1.0,stop:lane_lost,0,0,0,0,-1.0
1787224676.9149292,34.83258105061178,0.0,112.0,0.0,0.0,0.0,0.0,1.0,stop:lane_lost,0,0,0,0,-1.0
1787224676.9431813,33.70905834629329,0.0,112.0,0.0,0.0,0.0,0.0,1.0,stop:lane_lost,0,0,0,0,-1.0
1787224676.9699492,34.46753712578713,0.0,112.0,0.0,0.0,0.0,0.0,1.0,stop:lane_lost,0,0,0,0,-1.0
1787224677.001731,35.06383074492731,0.0,112.0,0.0,0.0,0.0,0.0,1.0,stop:lane_lost,0,0,0,0,-1.0
1787224677.029483,34.333057411162045,0.0,112.0,0.0,0.0,0.0,0.0,1.0,stop:lane_lost,0,0,0,0,-1.0
1787224677.0594046,34.65801464883059,0.0,112.0,0.0,0.0,0.0,0.0,1.0,stop:lane_lost,0,0,0,0,-1.0
1787224677.0924976,34.42571493457673,0.0,112.0,0.0,0.0,0.0,0.0,1.0,stop:lane_lost,0,0,0,0,-1.0
1787224677.1225848,33.22013943951487,0.0,112.0,0.0,0.0,0.0,0.0,1.0,stop:lane_lost,0,0,0,0,-1.0
1787224677.1497116,33.739173132942526,0.0,112.0,0.0,0.0,0.0,0.0,1.0,stop:lane_lost,0,0,0,0,-1.0
1787224677.1807888,34.365962976651865,0.0,112.0,0.0,0.0,0.0,0.0,1.0,stop:lane_lost,0,0,0,0,-1.0
1787224677.20851,33.84438994268974,0.0,112.0,0.0,0.0,0.0,0.0,1.0,stop:lane_lost,0,0,0,0,-1.0
1787224677.236519,34.347047223935675,0.0,112.0,0.0,0.0,0.0,0.0,1.0,stop:lane_lost,0,0,0,0,-1.0
1787224677.2684493,34.668465964089165,0.0,112.0,0.0,0.0002613012803762738,0.0,0.0,1.0,stop:lane_lost,0,0,0,0,-1.0
1787224677.299474,33.981882116633635,0.0,112.0,0.0,0.0005226025607525476,0.0,0.0,1.0,stop:lane_lost,0,0,0,0,-1.0
1787224677.3259103,33.64456172100958,0.0,112.0,0.0,0.0,0.0,0.0,1.0,stop:lane_lost,0,0,0,0,-1.0
1787224677.358371,34.425485384511,0.0,112.0,0.0,0.0007839038411288215,0.0,0.0,1.0,stop:lane_lost,0,0,0,0,-1.0
1787224677.3872643,33.723531525778384,0.0,112.0,0.0,0.0007839038411288215,0.0,0.0,1.0,stop:lane_lost,0,0,0,0,-1.0
1787224677.414041,33.91780136636078,0.0,112.0,0.0,0.0011758557616932323,0.0,0.0,1.0,stop:lane_lost,0,0,0,0,-1.0
1787224677.4456158,34.59760298311341,0.0,112.0,0.0,0.0009145544813169584,0.0,0.0,1.0,stop:lane_lost,0,0,0,0,-1.0
1787224677.4749289,33.425443176860185,0.0,112.0,0.0,0.0006532532009406846,0.0,0.0,1.0,stop:lane_lost,0,0,0,0,-1.0
1787224677.5055337,33.90507354497864,0.0,112.0,0.0,0.0010452051215050953,0.0,0.0,1.0,stop:lane_lost,0,0,0,0,-1.0
1787224677.5377612,34.07907176066169,0.0,112.0,0.0,0.0,0.0,0.0,1.0,stop:lane_lost,0,0,0,0,-1.0
1787224677.5665789,33.455414150339315,0.0,112.0,0.0,0.0,0.0,0.0,1.0,stop:lane_lost,0,0,0,0,-1.0
1787224677.5927744,33.7203519839691,0.0,112.0,0.0,0.0002613012803762738,0.0,0.0,1.0,stop:lane_lost,0,0,0,0,-1.0
1787224677.6251166,34.60983382787623,0.0,112.0,0.0,0.0,0.0,0.0,1.0,stop:lane_lost,0,0,0,0,-1.0
1787224677.6557863,33.74116972153288,0.0,112.0,0.0,0.0,0.0,0.0,1.0,stop:lane_lost,0,0,0,0,-1.0
1787224677.6836078,33.66450226471152,0.0,112.0,0.0,0.0,0.0,0.0,1.0,stop:lane_lost,0,0,0,0,-1.0
1787224677.7182755,34.12792817351151,0.0,112.0,0.0,0.0002613012803762738,0.0,0.0,1.0,stop:lane_lost,0,0,0,0,-1.0
1787224677.747154,33.047089362794786,0.0,112.0,0.0,0.0,0.0,0.0,1.0,stop:lane_lost,0,0,0,0,-1.0
1787224677.7733433,33.371335291231674,0.0,112.0,0.0,0.0,0.0,0.0,1.0,stop:lane_lost,0,0,0,0,-1.0
1787224677.8059225,34.36985075951338,0.0,112.0,0.0,0.0,0.0,0.0,1.0,stop:lane_lost,0,0,0,0,-1.0
1787224677.8347745,33.6033199940212,0.0,112.0,0.0,0.0,0.0,0.0,1.0,stop:lane_lost,0,0,0,0,-1.0
1787224677.8610587,33.85472921649189,0.0,112.0,0.0,0.0,0.0,0.0,1.0,stop:lane_lost,0,0,0,0,-1.0
1787224677.8931358,34.666207163191494,0.0,112.0,0.0,0.0,0.0,0.0,1.0,stop:lane_lost,0,0,0,0,-1.0
1787224677.9242907,33.95353021380794,0.0,112.0,0.0,0.0,0.0,0.0,1.0,stop:lane_lost,0,0,0,0,-1.0
1787224677.952522,33.61312433415956,0.0,112.0,0.0,0.0002613012803762738,0.0,0.0,1.0,stop:lane_lost,0,0,0,0,-1.0
1787224677.9848,33.98122257501916,0.0,112.0,0.0,0.0,0.0,0.0,1.0,stop:lane_lost,0,0,0,0,-1.0
1787224678.0136373,33.331482072966324,0.0,112.0,0.0,0.0002613012803762738,0.0,0.0,1.0,stop:lane_lost,0,0,0,0,-1.0
1787224678.0401428,33.63723238740879,0.0,112.0,0.0,0.0,0.0,0.0,1.0,stop:lane_lost,0,0,0,0,-1.0
1787224678.0725048,34.487253869455316,0.0,112.0,0.0,0.0,0.0,0.0,1.0,stop:lane_lost,0,0,0,0,-1.0
1787224678.1037788,33.64463981417394,0.0,112.0,0.0,0.0,0.0,0.0,1.0,stop:lane_lost,0,0,0,0,-1.0
1787224678.132933,33.45045469384913,0.0,112.0,0.0,0.0,-0.56,0.4,1.0,reacquire:road,0,0,0,0,-1.0
1787224678.1653593,33.61481308782284,0.0,112.0,0.0,0.0,-0.16000000000000003,0.0,1.0,stop:lane_lost,0,0,0,0,-1.0
1787224678.194632,33.03992632385948,0.0,112.0,0.0,0.0,0.0,0.0,1.0,stop:lane_lost,0,0,0,0,-1.0
1787224678.2213807,33.27944763542919,0.0,112.0,0.0,0.0,0.0,0.0,1.0,stop:lane_lost,0,0,0,0,-1.0
1787224678.2532153,34.11791335997088,0.0,112.0,0.0,0.0,0.0,0.0,1.0,stop:lane_lost,0,0,0,0,-1.0
1787224678.2819018,33.55774084485248,0.0,112.0,0.0,0.0005226025607525476,0.0,0.0,1.0,stop:lane_lost,0,0,0,0,-1.0
1787224678.3080993,33.84062668017236,0.0,112.0,0.0,0.0007839038411288215,0.0,0.0,1.0,stop:lane_lost,0,0,0,0,-1.0
1787224678.3424952,34.70782631253489,0.0,112.0,0.0,0.0007839038411288215,0.0,0.0,1.0,stop:lane_lost,0,0,0,0,-1.0
1787224678.3729463,33.29714471627181,0.0,112.0,0.0,0.0,0.0,0.0,1.0,stop:lane_lost,0,0,0,0,-1.0
1787224678.4007988,33.55419171785876,0.0,112.0,0.0,0.0005226025607525476,0.0,0.0,1.0,stop:lane_lost,0,0,0,0,-1.0
1787224678.4327793,34.08400797000837,0.0,112.0,0.0,0.0,0.0,0.0,1.0,stop:lane_lost,0,0,0,0,-1.0
1787224678.4615328,33.502525511948825,0.0,112.0,0.0,0.0001306506401881369,0.0,0.0,1.0,stop:lane_lost,0,0,0,0,-1.0
1787224678.488201,33.770902157362485,0.0,112.0,0.0,0.0005226025607525476,0.0,0.0,1.0,stop:lane_lost,0,0,0,0,-1.0
1787224678.5208101,34.46739491656005,0.0,112.0,0.0,0.0,0.0,0.0,1.0,stop:lane_lost,0,0,0,0,-1.0
1787224678.5511289,33.7176540311048,0.0,112.0,0.0,0.0,0.0,0.0,1.0,stop:lane_lost,0,0,0,0,-1.0
1787224678.5781982,33.57759532391343,0.0,112.0,0.0,0.0,0.0,0.0,1.0,stop:lane_lost,0,0,0,0,-1.0
1787224678.6098442,34.22818109824709,0.0,112.0,0.0,0.0,0.0,0.0,1.0,stop:lane_lost,0,0,0,0,-1.0
1787224678.6383276,33.613382133333,0.0,112.0,0.0,0.0,0.0,0.0,1.0,stop:lane_lost,0,0,0,0,-1.0
1787224678.6650445,34.078529102566954,0.0,112.0,0.0,0.0,0.0,0.0,1.0,stop:lane_lost,0,0,0,0,-1.0
1787224678.696632,34.62163013099021,0.0,112.0,0.0,0.0,0.0,0.0,1.0,stop:lane_lost,0,0,0,0,-1.0
1787224678.724643,34.06332584571452,0.0,112.0,0.0,0.0,0.0,0.0,1.0,stop:lane_lost,0,0,0,0,-1.0
1787224678.7519948,34.464748693932876,0.0,112.0,0.0,0.0,0.0,0.0,1.0,stop:lane_lost,0,0,0,0,-1.0
1787224678.7857654,34.88558662973763,0.0,112.0,0.0,0.0,0.0,0.0,1.0,stop:lane_lost,0,0,0,0,-1.0
1787224678.813508,33.772390388781034,0.0,112.0,0.0,0.0,0.0,0.0,1.0,stop:lane_lost,0,0,0,0,-1.0
1787224678.839883,34.294115492164664,0.0,112.0,0.0,0.0,0.0,0.0,1.0,stop:lane_lost,0,0,0,0,-1.0
1787224678.8720276,35.04215136154175,0.0,112.0,0.0,0.0,0.0,0.0,1.0,stop:lane_lost,0,0,0,0,-1.0
1787224678.8999913,34.23831162999506,0.0,112.0,0.0,0.0,0.0,0.0,1.0,stop:lane_lost,0,0,0,0,-1.0
1787224678.9268303,34.564654697198705,0.0,112.0,0.0,0.0,0.0,0.0,1.0,stop:lane_lost,0,0,0,0,-1.0
1787224678.9586039,35.07350963835542,0.0,112.0,0.0,0.0,0.0,0.0,1.0,stop:lane_lost,0,0,0,0,-1.0
1787224678.989149,34.3403325244408,0.0,112.0,0.0,0.0,0.0,0.0,1.0,stop:lane_lost,0,0,0,0,-1.0
1787224679.016937,34.05895166027334,0.0,112.0,0.0,0.0,0.0,0.0,1.0,stop:lane_lost,0,0,0,0,-1.0
1787224679.0502846,34.44334812640194,0.0,112.0,0.0,0.0,0.0,0.0,1.0,stop:lane_lost,0,0,0,0,-1.0
1787224679.0784097,33.532969115925596,0.0,112.0,0.0,0.0,0.0,0.0,1.0,stop:lane_lost,0,0,0,0,-1.0
1787224679.1049678,33.941846258471735,0.0,112.0,0.0,0.0,0.0,0.0,1.0,stop:lane_lost,0,0,0,0,-1.0
1787224679.1373298,34.70378090651803,0.0,112.0,0.0,0.0,0.0,0.0,1.0,stop:lane_lost,0,0,0,0,-1.0
1787224679.165691,33.90073060112972,0.0,112.0,0.0,0.0,0.0,0.0,1.0,stop:lane_lost,0,0,0,0,-1.0
1787224679.1972497,34.222146295439686,0.0,112.0,0.0,0.0,0.0,0.0,1.0,stop:lane_lost,0,0,0,0,-1.0
1787224679.2304702,33.71286880108273,0.0,112.0,0.0,0.0,0.0,0.0,1.0,stop:lane_lost,0,0,0,0,-1.0
1787224679.2583344,32.96348659547055,0.0,112.0,0.0,0.0,0.0,0.0,1.0,stop:lane_lost,0,0,0,0,-1.0
1787224679.2857978,33.443014339467446,0.0,112.0,0.0,0.0,0.0,0.0,1.0,stop:lane_lost,0,0,0,0,-1.0
1787224679.3185306,34.20029950410953,0.0,112.0,0.0,0.0,0.0,0.0,1.0,stop:lane_lost,0,0,0,0,-1.0
1787224679.3497698,33.44324439353328,0.0,112.0,0.0,0.0,0.0,0.0,1.0,stop:lane_lost,0,0,0,0,-1.0
1787224679.3794713,33.17264430027937,0.0,112.0,0.0,0.0,0.0,0.0,1.0,stop:lane_lost,0,0,0,0,-1.0
1787224679.4152615,33.282407105477304,0.0,112.0,0.0,0.0,0.0,0.0,1.0,stop:lane_lost,0,0,0,0,-1.0
1787224679.4451876,32.07777108771043,0.0,112.0,0.0,0.0,0.0,0.0,1.0,stop:lane_lost,0,0,0,0,-1.0
1787224679.473265,32.54273769256174,0.0,112.0,0.0,0.0,0.0,0.0,1.0,stop:lane_lost,0,0,0,0,-1.0
1787224679.50762,33.17072712878632,0.0,112.0,0.0,0.0,0.0,0.0,1.0,stop:lane_lost,0,0,0,0,-1.0
1787224679.5382633,32.1889817120709,0.0,112.0,0.0,0.0,0.0,0.0,1.0,stop:lane_lost,0,0,0,0,-1.0
1787224679.567668,32.503232801447304,0.0,112.0,0.0,0.0,0.0,0.0,1.0,stop:lane_lost,0,0,0,0,-1.0
1787224679.6018374,32.80404998416974,0.0,112.0,0.0,0.0,0.0,0.0,1.0,stop:lane_lost,0,0,0,0,-1.0
1787224679.6323376,32.062363022212104,0.0,112.0,0.0,0.0,0.0,0.0,1.0,stop:lane_lost,0,0,0,0,-1.0
1787224679.660273,32.250056887173095,0.0,112.0,0.0,0.0,0.0,0.0,1.0,stop:lane_lost,0,0,0,0,-1.0
1787224679.6930568,32.95840074734712,0.0,112.0,0.0,0.0,0.0,0.0,1.0,stop:lane_lost,0,0,0,0,-1.0
1787224679.7206917,32.41287908793867,0.0,112.0,0.0,0.0,0.0,0.0,1.0,stop:lane_lost,0,0,0,0,-1.0
1787224679.748164,33.245411353268906,0.0,112.0,0.0,0.0,0.0,0.0,1.0,stop:lane_lost,0,0,0,0,-1.0
1787224679.7810748,33.88053467407922,0.0,112.0,0.0,0.0,0.0,0.0,1.0,stop:lane_lost,0,0,0,0,-1.0
1787224679.8098063,33.15549292036925,0.0,112.0,0.0,0.0,0.0,0.0,1.0,stop:lane_lost,0,0,0,0,-1.0
1787224679.8397977,33.47564932107783,0.0,112.0,0.0,0.0,0.0,0.0,1.0,stop:lane_lost,0,0,0,0,-1.0
1787224679.8746738,33.48944970049577,0.0,112.0,0.0,0.0,0.0,0.0,1.0,stop:lane_lost,0,0,0,0,-1.0
1787224679.904836,32.115976045302816,0.0,112.0,0.0,0.0,0.0,0.0,1.0,stop:lane_lost,0,0,0,0,-1.0
1787224679.932057,32.971090704974834,0.0,112.0,0.0,0.0,0.0,0.0,1.0,stop:lane_lost,0,0,0,0,-1.0
1787224679.964759,33.732082227731034,0.0,112.0,0.0,0.0,0.0,0.0,1.0,stop:lane_lost,0,0,0,0,-1.0
1787224679.9927244,33.07339581618781,0.0,112.0,0.0,0.0,0.0,0.0,1.0,stop:lane_lost,0,0,0,0,-1.0
1787224680.0192423,33.62373699498264,0.0,112.0,0.0,0.0,0.0,0.0,1.0,stop:lane_lost,0,0,0,0,-1.0
1787224680.0541,34.45853652512313,0.0,112.0,0.0,0.0,0.0,0.0,1.0,stop:lane_lost,0,0,0,0,-1.0
1787224680.0845816,33.295243003131986,0.0,112.0,0.0,0.0,0.0,0.0,1.0,stop:lane_lost,0,0,0,0,-1.0
1787224680.1111884,33.21578696058645,0.0,112.0,0.0,0.0,0.0,0.0,1.0,stop:lane_lost,0,0,0,0,-1.0
1787224680.1434648,34.06702245106242,0.0,112.0,0.0,0.0,0.0,0.0,1.0,stop:lane_lost,0,0,0,0,-1.0
1787224680.1714954,33.398854921344075,0.0,112.0,0.0,0.0,0.0,0.0,1.0,stop:lane_lost,0,0,0,0,-1.0
1787224680.1987772,33.93827891019975,0.0,112.0,0.0,0.0,0.0,0.0,1.0,stop:lane_lost,0,0,0,0,-1.0
1787224680.2305024,34.4879947796454,0.0,112.0,0.0,0.0,0.0,0.0,1.0,stop:lane_lost,0,0,0,0,-1.0
1787224680.2602015,33.860407349254004,0.0,112.0,0.0,0.0,0.0,0.0,1.0,stop:lane_lost,0,0,0,0,-1.0
1787224680.2866318,33.840524901818284,0.0,112.0,0.0,0.0,0.0,0.0,1.0,stop:lane_lost,0,0,0,0,-1.0
1787224680.318652,34.668723772695394,0.0,112.0,0.0,0.0,0.0,0.0,1.0,stop:lane_lost,0,0,0,0,-1.0
1787224680.3466566,33.9616785140605,0.0,112.0,0.0,0.0,0.0,0.0,1.0,stop:lane_lost,0,0,0,0,-1.0
1787224680.37281,34.334413464408044,0.0,112.0,0.0,0.0,0.0,0.0,1.0,stop:lane_lost,0,0,0,0,-1.0
1787224680.4062524,35.11652222522554,0.0,112.0,0.0,0.0,0.0,0.0,1.0,stop:lane_lost,0,0,0,0,-1.0
1787224680.4354846,34.05425341116381,0.0,112.0,0.0,0.0,0.0,0.0,1.0,stop:lane_lost,0,0,0,0,-1.0
1787224680.465594,34.093419689577075,0.0,112.0,0.0,0.0,0.0,0.0,1.0,stop:lane_lost,0,0,0,0,-1.0
1787224680.500223,33.833167955817046,0.0,112.0,0.0,0.0,0.0,0.0,1.0,stop:lane_lost,0,0,0,0,-1.0
1787224680.5297542,32.63222906993425,0.0,112.0,0.0,0.0,0.0,0.0,1.0,stop:lane_lost,0,0,0,0,-1.0
1787224680.5562398,33.30785013391331,0.0,112.0,0.0,0.0,0.0,0.0,1.0,stop:lane_lost,0,0,0,0,-1.0
1787224680.5885022,34.19441380088962,0.0,112.0,0.0,0.0,0.0,0.0,1.0,stop:lane_lost,0,0,0,0,-1.0
1787224680.618333,33.536506542040705,0.0,112.0,0.0,0.0,0.0,0.0,1.0,stop:lane_lost,0,0,0,0,-1.0
1787224680.6462379,33.55703391808859,0.0,112.0,0.0,0.0,0.0,0.0,1.0,stop:lane_lost,0,0,0,0,-1.0
1787224680.6806085,34.01182098760706,0.0,112.0,0.0,0.0,0.0,0.0,1.0,stop:lane_lost,0,0,0,0,-1.0
1787224680.7091055,33.00247793751156,0.0,112.0,0.0,0.0,0.0,0.0,1.0,stop:lane_lost,0,0,0,0,-1.0
1787224680.7364063,33.43669658954131,0.0,112.0,0.0,0.0,0.0,0.0,1.0,stop:lane_lost,0,0,0,0,-1.0
1787224680.768867,34.09450422102879,0.0,112.0,0.0,0.0,0.0,0.0,1.0,stop:lane_lost,0,0,0,0,-1.0
1787224680.7976007,33.32736213290362,0.0,112.0,0.0,0.0,0.0,0.0,1.0,stop:lane_lost,0,0,0,0,-1.0
1787224680.8239622,33.77402370034475,0.0,112.0,0.0,0.0,0.0,0.0,1.0,stop:lane_lost,0,0,0,0,-1.0
1787224680.8583004,34.56120017312195,0.0,112.0,0.0,0.0,0.0,0.0,1.0,stop:lane_lost,0,0,0,0,-1.0
1787224680.8881552,33.4758335329244,0.0,112.0,0.0,0.0,0.0,0.0,1.0,stop:lane_lost,0,0,0,0,-1.0
1787224680.9155803,33.5112194498026,0.0,112.0,0.0,0.0,0.0,0.0,1.0,stop:lane_lost,0,0,0,0,-1.0
1787224680.9478662,34.10228135899654,0.0,112.0,0.0,0.0,0.0,0.0,1.0,stop:lane_lost,0,0,0,0,-1.0
1787224680.9754815,33.45428605387384,0.0,112.0,0.0,0.0,0.0,0.0,1.0,stop:lane_lost,0,0,0,0,-1.0
1787224681.0035477,33.99341637317437,0.0,112.0,0.0,0.0,0.0,0.0,1.0,stop:lane_lost,0,0,0,0,-1.0
1787224681.0356135,34.36223775401552,0.0,112.0,0.0,0.0,0.0,0.0,1.0,stop:lane_lost,0,0,0,0,-1.0
1787224681.064187,33.631103165566095,0.0,112.0,0.0,0.0,0.0,0.0,1.0,stop:lane_lost,0,0,0,0,-1.0
1787224681.0929835,33.924727423361745,0.0,112.0,0.0,0.0,0.0,0.0,1.0,stop:lane_lost,0,0,0,0,-1.0
1787224681.128118,34.16998559173345,0.0,112.0,0.0,0.0,0.0,0.0,1.0,stop:lane_lost,0,0,0,0,-1.0
1787224681.1558597,33.023546402937846,0.0,112.0,0.0,0.0,0.0,0.0,1.0,stop:lane_lost,0,0,0,0,-1.0
1787224681.1834671,33.654556976993405,0.0,112.0,0.0,0.0,0.0,0.0,1.0,stop:lane_lost,0,0,0,0,-1.0
1787224681.2149298,34.16508299823748,0.0,112.0,0.0,0.0,0.0,0.0,1.0,stop:lane_lost,0,0,0,0,-1.0
1787224681.2427948,33.529909419057596,0.0,112.0,0.0,0.0,0.0,0.0,1.0,stop:lane_lost,0,0,0,0,-1.0
1787224681.269557,34.21247362638728,0.0,112.0,0.0,0.0,0.0,0.0,1.0,stop:lane_lost,0,0,0,0,-1.0
1787224681.3047135,34.85022226932831,0.0,112.0,0.0,0.0,0.0,0.0,1.0,stop:lane_lost,0,0,0,0,-1.0
1787224681.3347871,33.553970482025186,0.0,112.0,0.0,0.0,0.0,0.0,1.0,stop:lane_lost,0,0,0,0,-1.0
1787224681.361807,33.51285441192212,0.0,112.0,0.0,0.0,0.0,0.0,1.0,stop:lane_lost,0,0,0,0,-1.0
1787224681.3935804,34.209821117629815,0.0,112.0,0.0,0.0,0.0,0.0,1.0,stop:lane_lost,0,0,0,0,-1.0
1787224681.4217136,33.64763777371121,0.0,112.0,0.0,0.0,0.0,0.0,1.0,stop:lane_lost,0,0,0,0,-1.0
1787224681.450797,34.04736728550675,0.0,112.0,0.0,0.0,0.0,0.0,1.0,stop:lane_lost,0,0,0,0,-1.0
1787224681.4837186,34.11616571486467,0.0,112.0,0.0,0.0,0.0,0.0,1.0,stop:lane_lost,0,0,0,0,-1.0
1787224681.5140734,33.31757190083333,0.0,112.0,0.0,0.0,0.0,0.0,1.0,stop:lane_lost,0,0,0,0,-1.0
1787224681.541393,33.29562261344991,0.0,112.0,0.0,0.0,0.0,0.0,1.0,stop:lane_lost,0,0,0,0,-1.0
1787224681.575079,33.95316126067125,0.0,112.0,0.0,0.0,0.0,0.0,1.0,stop:lane_lost,0,0,0,0,-1.0
1787224681.6093774,33.008837224213934,0.06271889400921658,223.0,0.0,0.0,-0.021931818962222627,0.08,1.0,follow,0,0,0,0,-1.0
1787224681.6417716,32.31014215735455,0.07162442396313363,223.0,0.0,0.0,-0.021931818962222627,0.16,1.0,follow,0,0,0,0,-1.0
1787224681.6802523,32.0364979183457,0.07162442396313363,223.0,0.0,0.0,-0.021931818962222627,0.24,1.0,follow,0,0,0,0,-1.0
1787224681.7102082,30.762848949869372,0.0,112.0,0.0,0.0,-0.021931818962222627,0.32,1.0,slow:lane_dropout,0,0,0,0,-1.0
1787224681.737738,31.396675963229725,0.0,112.0,0.0,0.0,-0.021931818962222627,0.4,1.0,slow:lane_dropout,0,0,0,0,-1.0
1787224681.7759492,32.40234181306185,0.10338709677419355,223.0,0.0,0.0,0.3780681810377774,0.48000000000000004,1.0,follow,0,0,0,0,-1.0
1787224681.8046727,31.131700538895068,0.0,112.0,0.0,0.0,0.3780681810377774,0.56,1.0,slow:lane_dropout,0,0,0,0,-1.0
1787224681.8390524,31.90891953480554,0.09338709677419355,223.0,0.0,0.0,0.7780681810377774,0.64,1.0,follow,0,0,0,0,-1.0
1787224681.879545,31.29068719286971,0.08838709677419354,223.0,0.0,0.0,1.0,0.72,1.0,follow,0,0,0,0,-1.0
1787224681.91482,29.982336518718913,0.09800691244239632,223.0,0.0,0.0,1.0,0.7999999999999999,1.0,follow,0,0,0,0,-1.0
1787224681.9447672,29.69002044525368,0.0,112.0,0.0,0.0,1.0,0.8799999999999999,1.0,slow:lane_dropout,0,0,0,0,-1.0
1787224681.9785068,30.41090344508557,0.0,112.0,0.0,0.0,1.0,0.9599999999999999,1.0,slow:lane_dropout,0,0,0,0,-1.0
1787224682.0075374,30.231023912776763,0.0,112.0,0.0,0.0,1.0,1.0,1.0,slow:lane_dropout,0,0,0,0,-1.0
1787224682.035388,31.120975349670896,0.0,112.0,0.0,0.0,1.0,0.4,1.0,reacquire:road,0,0,0,0,-1.0
1787224682.0677338,32.09406275860335,0.0,112.0,0.0,0.0,1.0,0.4,1.0,reacquire:road,0,0,0,0,-1.0
1787224682.0963364,31.82720647976167,0.0,112.0,0.0,0.0,1.0,0.4,1.0,reacquire:road,0,0,0,0,-1.0
1787224682.1236432,32.48952123606032,0.0,112.0,0.0,0.0,1.0,0.4,1.0,reacquire:road,0,0,0,0,-1.0
1787224682.1585736,33.277817638860405,0.0,112.0,0.0,0.0,1.0,0.4,1.0,reacquire:road,0,0,0,0,-1.0
1787224682.1870105,32.362737917346045,0.0,112.0,0.0,0.0,1.0,0.4,1.0,reacquire:road,0,0,0,0,-1.0
1787224682.2143004,32.92470539304751,0.0,112.0,0.0,0.0,1.0,0.4,1.0,reacquire:road,0,0,0,0,-1.0
1787224682.246136,33.687153889780745,0.0,112.0,0.0,0.0,1.0,0.4,1.0,reacquire:road,0,0,0,0,-1.0
1787224682.2741735,33.17405571476964,0.0,112.0,0.0,0.0,1.0,0.4,1.0,reacquire:road,0,0,0,0,-1.0
1787224682.3011632,33.73157958531386,0.0,112.0,0.0,0.0,1.0,0.4,1.0,reacquire:road,0,0,0,0,-1.0
1787224682.3336344,34.288023074304206,0.0,112.0,0.0,0.0,1.0,0.4,1.0,reacquire:road,0,0,0,0,-1.0
1787224682.3638449,33.513608270052345,0.0,112.0,0.0,0.0,1.0,0.4,1.0,reacquire:road,0,0,0,0,-1.0
1787224682.3903644,33.61994012423993,0.0,112.0,0.0,0.0,1.0,0.4,1.0,reacquire:road,0,0,0,0,-1.0
1787224682.421885,34.42578510953775,0.0,112.0,0.0,0.0,1.0,0.4,1.0,reacquire:road,0,0,0,0,-1.0
1787224682.4505818,33.77010041893405,0.0,112.0,0.0,0.0,1.0,0.4,1.0,reacquire:road,0,0,0,0,-1.0
1787224682.4772255,34.14860525146104,0.0,112.0,0.0,0.0,1.0,0.4,1.0,reacquire:road,0,0,0,0,-1.0
1787224682.5092647,34.80793614336177,0.0,112.0,0.0,0.0,1.0,0.4,1.0,reacquire:road,0,0,0,0,-1.0
1787224682.5368965,34.0845649246502,0.0,112.0,0.0,0.0,1.0,0.4,1.0,reacquire:road,0,0,0,0,-1.0
1787224682.565364,34.51246088014909,0.0,112.0,0.0,0.0,1.0,0.4,1.0,reacquire:road,0,0,0,0,-1.0
1787224682.5979311,34.5744277463798,0.0,112.0,0.0,0.0,1.0,0.4,1.0,reacquire:road,0,0,0,0,-1.0
1787224682.6260135,33.81568032853535,0.0,112.0,0.0,0.0,1.0,0.4,1.0,reacquire:road,0,0,0,0,-1.0
1787224682.6523926,34.215751052859645,0.0,112.0,0.0,0.0,1.0,0.4,1.0,reacquire:road,0,0,0,0,-1.0
1787224682.6848087,34.97252184870175,0.0,112.0,0.0,0.0,1.0,0.4,1.0,reacquire:road,0,0,0,0,-1.0
1787224682.713237,34.099346942353854,0.0,112.0,0.0,0.0,1.0,0.4,1.0,reacquire:road,0,0,0,0,-1.0
1787224682.739413,34.377223955517124,0.0,112.0,0.0,0.0,1.0,0.4,1.0,reacquire:road,0,0,0,0,-1.0
1787224682.7716236,35.10522133392924,0.0,112.0,0.0,0.0,1.0,0.4,1.0,reacquire:road,0,0,0,0,-1.0
1787224682.804967,34.28424924218261,0.0,112.0,0.0,0.0,1.0,0.4,1.0,reacquire:road,0,0,0,0,-1.0
1787224682.832543,33.44983453046768,0.0,112.0,0.0,0.0,1.0,0.4,1.0,reacquire:road,0,0,0,0,-1.0
1787224682.8656073,34.02622771603547,0.0,112.0,0.0,0.0,1.0,0.4,1.0,reacquire:road,0,0,0,0,-1.0
1787224682.8937705,33.12378903423249,0.0,112.0,0.0,0.0,1.0,0.4,1.0,reacquire:road,0,0,0,0,-1.0
1787224682.9208584,33.6774234627688,0.0,112.0,0.0,0.0,1.0,0.4,1.0,reacquire:road,0,0,0,0,-1.0
1787224682.9550917,34.4691002501497,0.0,112.0,0.0,0.0,1.0,0.4,1.0,reacquire:road,0,0,0,0,-1.0
1787224682.9852986,33.334170494213055,0.0,112.0,0.0,0.0,1.0,0.4,1.0,reacquire:road,0,0,0,0,-1.0
1787224683.0148685,33.39833185878211,0.0,112.0,0.0,0.0,1.0,0.4,1.0,reacquire:road,0,0,0,0,-1.0
1787224683.047071,33.462307909702005,0.0,112.0,0.0,0.0,1.0,0.4,1.0,reacquire:road,0,0,0,0,-1.0
1787224683.0757906,32.924186343716144,0.0,112.0,0.0,0.0,1.0,0.4,1.0,reacquire:road,0,0,0,0,-1.0
1787224683.1023934,33.377948720238294,0.0,112.0,0.0,0.0,1.0,0.4,1.0,reacquire:road,0,0,0,0,-1.0
1787224683.1350582,34.24197636698982,0.0,112.0,0.0,0.0,1.0,0.4,1.0,reacquire:road,0,0,0,0,-1.0
1787224683.1642914,33.4779734407663,0.0,112.0,0.0,0.0,1.0,0.4,1.0,reacquire:road,0,0,0,0,-1.0
1787224683.1911654,33.67243149390142,0.0,112.0,0.0,0.0,1.0,0.4,1.0,reacquire:road,0,0,0,0,-1.0
1787224683.2262697,34.31236708653215,0.0,112.0,0.0,0.0,1.0,0.4,1.0,reacquire:road,0,0,0,0,-1.0
1787224683.2575176,32.808203011176744,0.0,112.0,0.0,0.0,1.0,0.4,1.0,reacquire:road,0,0,0,0,-1.0
1787224683.2855077,32.898361639152604,0.0,112.0,0.0,0.0,1.0,0.4,1.0,reacquire:road,0,0,0,0,-1.0
1787224683.31808,33.803256788083935,0.0,112.0,0.0,0.0,1.0,0.4,1.0,reacquire:road,0,0,0,0,-1.0
1787224683.346805,33.164332296153255,0.0,112.0,0.0,0.0,1.0,0.4,1.0,reacquire:road,0,0,0,0,-1.0
1787224683.3732457,33.522931040741824,0.0,112.0,0.0,0.0,1.0,0.4,1.0,reacquire:road,0,0,0,0,-1.0
1787224683.404703,34.361664988737516,0.0,112.0,0.0,0.0,1.0,0.4,1.0,reacquire:road,0,0,0,0,-1.0
1787224683.4344563,33.7281740169994,0.0,112.0,0.0,0.0,1.0,0.4,1.0,reacquire:road,0,0,0,0,-1.0
1787224683.4612546,33.85312627846108,0.0,112.0,0.0,0.0,1.0,0.4,1.0,reacquire:road,0,0,0,0,-1.0
1787224683.4929225,34.553394980224944,0.0,112.0,0.0,0.0,1.0,0.4,1.0,reacquire:road,0,0,0,0,-1.0
1787224683.5228624,33.85673178381728,0.0,112.0,0.0,0.0,1.0,0.4,1.0,reacquire:road,0,0,0,0,-1.0
1787224683.5500011,33.87024180402295,0.0,112.0,0.0,0.0,1.0,0.4,1.0,reacquire:road,0,0,0,0,-1.0
1787224683.5817754,34.48112467566854,0.0,112.0,0.0,0.0,1.0,0.4,1.0,reacquire:road,0,0,0,0,-1.0
1787224683.61135,33.84126578849474,0.0,112.0,0.0,0.0,1.0,0.4,1.0,reacquire:road,0,0,0,0,-1.0
1787224683.6391537,33.87140679570811,0.0,112.0,0.0,0.0,1.0,0.4,1.0,reacquire:road,0,0,0,0,-1.0
1787224683.6709828,34.25558879652567,0.0,112.0,0.0,0.0,1.0,0.4,1.0,reacquire:road,0,0,0,0,-1.0
1787224683.7029827,32.92591922694368,0.0,112.0,0.0,0.0,1.0,0.0,1.0,stop:lane_lost,0,0,0,0,-1.0
1787224683.7302964,33.618109323712545,0.0,112.0,0.0,0.0,1.0,0.0,1.0,stop:lane_lost,0,0,0,0,-1.0
1787224683.7620456,34.22897700123118,0.0,112.0,0.0,0.0,1.0,0.0,1.0,stop:lane_lost,0,0,0,0,-1.0
1787224683.7899702,33.6453633056417,0.0,112.0,0.0,0.0,1.0,0.0,1.0,stop:lane_lost,0,0,0,0,-1.0
1787224683.8170907,34.093606593904546,0.0,112.0,0.0,0.0,1.0,0.0,1.0,stop:lane_lost,0,0,0,0,-1.0
1787224683.8516634,34.68476895588974,0.0,112.0,0.0,0.0,1.0,0.0,1.0,stop:lane_lost,0,0,0,0,-1.0
1787224683.8801625,33.50309524569825,0.0,112.0,0.0,0.0,1.0,0.0,1.0,stop:lane_lost,0,0,0,0,-1.0
1787224683.9072268,33.8660644902392,0.0,112.0,0.0,0.0,0.8000000000000006,0.0,1.0,stop:lane_lost,0,0,0,0,-1.0
1787224683.9401448,34.46295644224047,0.0,112.0,0.0,0.0,0.4000000000000006,0.0,1.0,stop:lane_lost,0,0,0,0,-1.0
1787224683.968264,33.64510326424004,0.0,112.0,0.0,0.0,5.551115123125783e-16,0.0,1.0,stop:lane_lost,0,0,0,0,-1.0
1787224683.9955487,34.047425691469726,0.0,112.0,0.0,0.0,0.0,0.0,1.0,stop:lane_lost,0,0,0,0,-1.0
1787224684.0277705,34.568663709225916,0.0,112.0,0.0,0.0,0.0,0.0,1.0,stop:lane_lost,0,0,0,0,-1.0
1787224684.0571864,33.839221718589464,0.0,112.0,0.0,0.0,0.0,0.0,1.0,stop:lane_lost,0,0,0,0,-1.0
1787224684.0836837,33.87948381444399,0.0,112.0,0.0,0.0,0.0,0.0,1.0,stop:lane_lost,0,0,0,0,-1.0
1787224684.115871,34.541354876275854,0.0,112.0,0.0,0.0,0.0,0.0,1.0,stop:lane_lost,0,0,0,0,-1.0
1787224684.1445243,33.860197507140384,0.0,112.0,0.0,0.0,0.0,0.0,1.0,stop:lane_lost,0,0,0,0,-1.0
1787224684.1708817,34.16481304071873,0.0,112.0,0.0,0.0,0.0,0.0,1.0,stop:lane_lost,0,0,0,0,-1.0
1787224684.2032835,34.89807198977414,0.0,112.0,0.0,0.0,0.0,0.0,1.0,stop:lane_lost,0,0,0,0,-1.0
1787224684.2319043,34.05620000924159,0.0,112.0,0.0,0.0,0.0,0.0,1.0,stop:lane_lost,0,0,0,0,-1.0
1787224684.2589986,34.298917633855474,0.0,112.0,0.0,0.0,0.0,0.0,1.0,stop:lane_lost,0,0,0,0,-1.0
1787224684.2927432,34.79518808433332,0.0,112.0,0.0,0.0,0.0,0.0,1.0,stop:lane_lost,0,0,0,0,-1.0
1787224684.3206701,33.755549795237236,0.0,112.0,0.0,0.0,0.0,0.0,1.0,stop:lane_lost,0,0,0,0,-1.0
1787224684.3478558,34.189475189436266,0.0,112.0,0.0,0.0,0.0,0.0,1.0,stop:lane_lost,0,0,0,0,-1.0
1787224684.379817,34.72149815089827,0.0,112.0,0.0,0.0,0.0,0.0,1.0,stop:lane_lost,0,0,0,0,-1.0
1787224684.4073477,33.99277104720164,0.0,112.0,0.0,0.0,0.0,0.0,1.0,stop:lane_lost,0,0,0,0,-1.0
1787224684.4335668,34.48529535743026,0.0,112.0,0.0,0.0,0.0,0.0,1.0,stop:lane_lost,0,0,0,0,-1.0
1787224684.4656413,35.24888898274149,0.0,112.0,0.0,0.0,0.0,0.0,1.0,stop:lane_lost,0,0,0,0,-1.0
1787224684.4963136,34.27965683003637,0.0,112.0,0.0,0.0,0.0,0.0,1.0,stop:lane_lost,0,0,0,0,-1.0
1787224684.5229201,34.119504933446265,0.0,112.0,0.0,0.0,0.0,0.0,1.0,stop:lane_lost,0,0,0,0,-1.0
1787224684.5544727,34.784007031313166,0.0,112.0,0.0,0.0,0.0,0.0,1.0,stop:lane_lost,0,0,0,0,-1.0
1787224684.584365,34.091366740033614,0.0,112.0,0.0,0.0,0.0,0.0,1.0,stop:lane_lost,0,0,0,0,-1.0
1787224684.6119924,34.07519396230559,0.0,112.0,0.0,0.0,0.0,0.0,1.0,stop:lane_lost,0,0,0,0,-1.0
1787224684.646695,34.50318181918373,0.0,112.0,0.0,0.0,0.0,0.0,1.0,stop:lane_lost,0,0,0,0,-1.0
1787224684.6750758,33.2826929960393,0.0,112.0,0.0,0.0,0.0,0.0,1.0,stop:lane_lost,0,0,0,0,-1.0
1787224684.7043877,33.653004765047854,0.0,112.0,0.0,0.0,0.0,0.0,1.0,stop:lane_lost,0,0,0,0,-1.0
1787224684.7388678,33.778745456680326,0.0,112.0,0.0,0.0,0.0,0.0,1.0,stop:lane_lost,0,0,0,0,-1.0
1787224684.767018,32.82296434372209,0.0,112.0,0.0,0.0,0.0,0.0,1.0,stop:lane_lost,0,0,0,0,-1.0
1787224684.7938464,33.458009592370345,0.0,112.0,0.0,0.0,0.0,0.0,1.0,stop:lane_lost,0,0,0,0,-1.0
1787224684.8257747,34.23680463846758,0.0,112.0,0.0,0.0,0.0,0.0,1.0,stop:lane_lost,0,0,0,0,-1.0
1787224684.853165,33.598995466830786,0.0,112.0,0.0,0.0,0.0,0.0,1.0,stop:lane_lost,0,0,0,0,-1.0
1787224684.8802068,34.25925628553151,0.0,112.0,0.0,0.0,0.0,0.0,1.0,stop:lane_lost,0,0,0,0,-1.0
1787224684.9142284,34.801704533711366,0.0,112.0,0.0,0.0,0.0,0.0,1.0,stop:lane_lost,0,0,0,0,-1.0
1787224684.944813,33.67241276827572,0.0,112.0,0.0,0.0,0.0,0.0,1.0,stop:lane_lost,0,0,0,0,-1.0
1787224684.9726934,33.31021150471301,0.0,112.0,0.0,0.0,0.0,0.0,1.0,stop:lane_lost,0,0,0,0,-1.0
1787224685.0059545,34.09603507365016,0.0,112.0,0.0,0.0,0.0,0.0,1.0,stop:lane_lost,0,0,0,0,-1.0
1787224685.0352151,33.21175273746157,0.0,112.0,0.0,0.0,0.0,0.0,1.0,stop:lane_lost,0,0,0,0,-1.0
1787224685.0635042,33.511742719547335,0.0,112.0,0.0,0.0,0.0,0.0,1.0,stop:lane_lost,0,0,0,0,-1.0
1787224685.0958111,33.8898828341504,0.0,112.0,0.0,0.0,0.0,0.0,1.0,stop:lane_lost,0,0,0,0,-1.0
1787224685.125593,33.05996602509469,0.0,112.0,0.0,0.0,0.0,0.0,1.0,stop:lane_lost,0,0,0,0,-1.0
1787224685.1541584,33.47068219047767,0.0,112.0,0.0,0.0,0.0,0.0,1.0,stop:lane_lost,0,0,0,0,-1.0
1787224685.1877906,33.70534482417025,0.0,112.0,0.0,0.0,0.0,0.0,1.0,stop:lane_lost,0,0,0,0,-1.0
1787224685.217179,32.942933546061745,0.0,112.0,0.0,0.0,0.0,0.0,1.0,stop:lane_lost,0,0,0,0,-1.0
1787224685.2441378,33.19098369008554,0.0,112.0,0.0,0.0,0.0,0.0,1.0,stop:lane_lost,0,0,0,0,-1.0
1787224685.2765582,33.97208557163091,0.0,112.0,0.0,0.0,0.0,0.0,1.0,stop:lane_lost,0,0,0,0,-1.0
1787224685.3046153,33.15489296060725,0.0,112.0,0.0,0.0,0.0,0.0,1.0,stop:lane_lost,0,0,0,0,-1.0
1787224685.330989,33.89469255719031,0.0,112.0,0.0,0.0,0.0,0.0,1.0,stop:lane_lost,0,0,0,0,-1.0
1787224685.3636754,34.71986487368932,0.0,112.0,0.0,0.0,0.0,0.0,1.0,stop:lane_lost,0,0,0,0,-1.0
1787224685.3916802,33.89408330406266,0.0,112.0,0.0,0.0,0.0,0.0,1.0,stop:lane_lost,0,0,0,0,-1.0
1787224685.4178045,34.25035418542502,0.0,112.0,0.0,0.0,0.0,0.0,1.0,stop:lane_lost,0,0,0,0,-1.0
1787224685.450172,35.0775972466007,0.0,112.0,0.0,0.0,0.0,0.0,1.0,stop:lane_lost,0,0,0,0,-1.0
1787224685.4786496,34.191597866278286,0.0,112.0,0.0,0.0,0.0,0.0,1.0,stop:lane_lost,0,0,0,0,-1.0
1787224685.5050194,34.44151751486019,0.0,112.0,0.0,0.0,0.0,0.0,1.0,stop:lane_lost,0,0,0,0,-1.0
1787224685.5357125,35.11186670019126,0.0,112.0,0.0,0.0,0.0,0.0,1.0,stop:lane_lost,0,0,0,0,-1.0
1787224685.5697238,34.302348253949326,0.0,112.0,0.0,0.0,0.0,0.0,1.0,stop:lane_lost,0,0,0,0,-1.0
1787224685.5972774,33.599174168711315,0.0,112.0,0.0,0.0,0.0,0.0,1.0,stop:lane_lost,0,0,0,0,-1.0
1787224685.6302726,34.15279289508887,0.0,112.0,0.0,0.0,0.0,0.0,1.0,stop:lane_lost,0,0,0,0,-1.0
1787224685.6590283,33.36559975388209,0.0,112.0,0.0,0.0,0.0,0.0,1.0,stop:lane_lost,0,0,0,0,-1.0
1787224685.685392,33.65823170864865,0.0,112.0,0.0,0.0,0.0,0.0,1.0,stop:lane_lost,0,0,0,0,-1.0
1787224685.7192712,34.52925090707576,0.0,112.0,0.0,0.0,0.0,0.0,1.0,stop:lane_lost,0,0,0,0,-1.0
1787224685.7480485,33.46785769218181,0.0,112.0,0.0,0.0,0.0,0.0,1.0,stop:lane_lost,0,0,0,0,-1.0
1787224685.7760394,33.80647398939388,0.0,112.0,0.0,0.0,0.0,0.0,1.0,stop:lane_lost,0,0,0,0,-1.0
1787224685.8083775,34.18193771932792,0.0,112.0,0.0,0.0,0.0,0.0,1.0,stop:lane_lost,0,0,0,0,-1.0
1787224685.8369393,33.46696020185438,0.0,112.0,0.0,0.0010452051215050953,0.0,0.0,1.0,stop:lane_lost,0,0,0,0,-1.0
1787224685.8640869,33.82484160208445,0.0,112.0,0.0,0.0010452051215050953,0.0,0.0,1.0,stop:lane_lost,0,0,0,0,-1.0
1787224685.8972716,34.362832415147444,0.0,112.0,0.0,0.0024823621635746015,0.0,0.0,1.0,stop:lane_lost,0,0,0,0,-1.0
1787224685.9252226,33.578232235711916,0.0,112.0,0.0,0.0020904102430101905,0.0,0.0,1.0,stop:lane_lost,0,0,0,0,-1.0
1787224685.951397,34.03741525272873,0.0,112.0,0.0,0.005226025607525477,0.0,0.0,1.0,stop:lane_lost,0,0,0,0,-1.0
1787224685.9856331,34.87176908885569,0.0,112.0,0.0,0.004572772406584792,0.0,0.0,1.0,stop:lane_lost,0,0,0,0,-1.0
1787224686.0133922,33.72336649307638,0.0,112.0,0.0,0.004311471126208518,0.0,0.0,1.0,stop:lane_lost,0,0,0,0,-1.0
1787224686.0409753,34.201158673328536,0.0,112.0,0.0,0.004572772406584792,0.0,0.0,1.0,stop:lane_lost,0,0,0,0,-1.0
1787224686.0737917,34.60322392296334,0.0,112.0,0.0,0.0024823621635746015,0.56,0.4,1.0,reacquire:road,0,0,0,0,-1.0
1787224686.1069453,33.39608912124054,0.0,112.0,0.0,0.0014371570420695062,1.0,0.4,1.0,reacquire:road,0,0,0,0,-1.0
1787224686.1336806,33.15561833742508,0.0,112.0,0.0,0.0018291089626339169,1.0,0.4,1.0,reacquire:road,0,0,0,0,-1.0
1787224686.1656365,34.04685205638994,0.0,112.0,0.0,0.00718578521034753,1.0,0.4,1.0,reacquire:road,0,0,0,0,-1.0
1787224686.1961293,33.39667132240657,0.0,112.0,0.0,0.01620067938332898,1.0,0.4,1.0,reacquire:road,0,0,0,0,-1.0
1787224686.2235544,33.38470891029021,0.0,112.0,0.0,0.02377841651424092,1.0,0.4,1.0,reacquire:road,0,0,0,0,-1.0
1787224686.2571478,33.99289182880343,0.0,112.0,0.0,0.018552390906715444,1.0,0.4,1.0,reacquire:road,0,0,0,0,-1.0
1787224686.286098,32.948207007728925,0.0,112.0,0.0,0.02939639404233081,1.0,0.4,1.0,reacquire:road,0,0,0,0,-1.0
1787224686.314286,33.56261497351025,0.0,112.0,0.0,0.023125163313300234,1.0,0.4,1.0,reacquire:road,0,0,0,0,-1.0
1787224686.3461525,33.95050462994297,0.0,112.0,0.0,0.01567807682257643,1.0,0.4,1.0,reacquire:road,0,0,0,0,-1.0
1787224686.3742034,33.42265991783732,0.0,112.0,0.0,0.017245884504834073,1.0,0.4,1.0,reacquire:road,0,0,0,0,-1.0
1787224686.4025955,33.88608284540681,0.0,112.0,0.0,0.0037888685654559706,1.0,0.0,1.0,stop:lane_lost,0,0,0,0,-1.0
1787224686.4354918,34.13439976987098,0.0,112.0,0.0,0.0,1.0,0.0,1.0,stop:lane_lost,0,0,0,0,-1.0
1787224686.4639528,33.371880083045475,0.0,112.0,0.0,0.01358766657956624,1.0,0.0,1.0,stop:lane_lost,0,0,0,0,-1.0
1787224686.4914255,33.64108466194467,0.0,112.0,0.0,0.022341259472171415,1.0,0.0,1.0,stop:lane_lost,0,0,0,0,-1.0
1787224686.5228207,34.32779387206709,0.0,112.0,0.0,0.01319571465900183,1.0,0.0,1.0,stop:lane_lost,0,0,0,0,-1.0
1787224686.551281,33.527792675094176,0.0,112.0,0.0,0.01907499346746799,1.0,0.0,1.0,stop:lane_lost,0,0,0,0,-1.0
1787224686.5785146,34.25689978532316,0.0,112.0,0.0,0.012542461458061144,1.0,0.0,1.0,stop:lane_lost,0,0,0,0,-1.0
1787224686.6124203,34.756892891997936,0.0,112.0,0.0,0.009537496733733995,0.8000000000000006,0.0,1.0,stop:lane_lost,0,0,0,0,-1.0
1787224686.6406033,33.666257144583625,0.0,112.0,0.0,0.015155474261823882,0.4000000000000006,0.0,1.0,stop:lane_lost,0,0,0,0,-1.0
1787224686.6668637,34.06325479558693,0.0,112.0,0.0,0.011758557616932322,5.551115123125783e-16,0.0,1.0,stop:lane_lost,0,0,0,0,-1.0
1787224686.699085,34.892453278662146,0.0,112.0,0.0,0.012281160177684871,0.0,0.0,1.0,stop:lane_lost,0,0,0,0,-1.0
1787224686.7298582,33.91781012855884,0.0,112.0,0.0,0.011366605696367911,0.0,0.0,1.0,stop:lane_lost,0,0,0,0,-1.0
1787224686.7569933,33.870558564313384,0.0,112.0,0.0,0.02038149986934936,0.0,0.0,1.0,stop:lane_lost,0,0,0,0,-1.0
1787224686.7900748,34.46199123257884,0.0,112.0,0.0,0.01019074993467468,0.0,0.0,1.0,stop:lane_lost,0,0,0,0,-1.0
1787224686.817731,33.594617261632465,0.0,112.0,0.0,0.01959759602822054,0.0,0.0,1.0,stop:lane_lost,0,0,0,0,-1.0
1787224686.8450878,34.138757773518925,0.0,112.0,0.0,0.012411810817873008,0.0,0.0,1.0,stop:lane_lost,0,0,0,0,-1.0
1787224686.8774664,34.62885401050439,0.0,112.0,0.0,0.010582701855239091,0.0,0.0,1.0,stop:lane_lost,0,0,0,0,-1.0
1787224686.9053526,33.730840912072104,0.0,112.0,0.0,0.010582701855239091,0.0,0.0,1.0,stop:lane_lost,0,0,0,0,-1.0
1787224686.9318125,34.33191034281883,0.0,112.0,0.0,0.02377841651424092,0.0,0.0,1.0,stop:lane_lost,0,0,0,0,-1.0
1787224686.9638588,35.06280600250484,0.0,112.0,0.0,0.025346224196498564,0.0,0.0,1.0,stop:lane_lost,0,0,0,0,-1.0
1787224686.991593,34.23443095367865,0.0,112.0,0.0,0.018944342827279855,0.0,0.0,1.0,stop:lane_lost,0,0,0,0,-1.0
1787224687.0177555,34.66608269100406,0.0,112.0,0.0,0.028612490201201986,0.56,0.4,1.0,reacquire:road,0,0,0,0,-1.0
1787224687.054886,35.38734189315491,0.0,112.0,0.0,0.023517115233864645,1.0,0.4,1.0,reacquire:road,0,0,0,0,-1.0
1787224687.0831754,33.59626663731094,0.0,112.0,0.0,0.03174810556571727,1.0,0.4,1.0,reacquire:road,0,0,0,0,-1.0
1787224687.1130695,34.10715792286229,0.0,112.0,0.0,0.014632871701071335,1.0,0.4,1.0,reacquire:road,0,0,0,0,-1.0
1787224687.1453815,33.99236209496377,0.0,112.0,0.0,0.010713352495427228,1.0,0.4,1.0,reacquire:road,0,0,0,0,-1.0
1787224687.172931,33.333980703432964,0.0,112.0,0.0,0.017507185785210346,1.0,0.4,1.0,reacquire:road,0,0,0,0,-1.0
1787224687.1991112,33.98380249708593,0.0,112.0,0.0,0.03423046772929187,1.0,0.4,1.0,reacquire:road,0,0,0,0,-1.0
1787224687.2313697,34.8295426315205,0.0,112.0,0.0,0.024823621635746015,1.0,0.4,1.0,reacquire:road,0,0,0,0,-1.0
1787224687.2610307,33.83597351385595,0.0,112.0,0.0,0.04220015678076822,1.0,0.4,1.0,reacquire:road,0,0,0,0,-1.0
1787224687.2876403,34.10647740482374,0.0,112.0,0.0,0.04076299973869872,1.0,0.4,1.0,reacquire:road,0,0,0,0,-1.0
1787224687.319736,34.79086287995955,0.0,112.0,0.0,0.03344656388816305,1.0,0.4,1.0,reacquire:road,0,0,0,0,-1.0
1787224687.3477824,33.968317232816176,0.0,112.0,0.0,0.03723543245361902,1.0,0.4,1.0,reacquire:road,0,0,0,0,-1.0
1787224687.3748143,34.43263574283056,0.0,112.0,0.0,0.027959237000261303,1.0,0.4,1.0,reacquire:road,0,0,0,0,-1.0
1787224687.4083414,34.96439808285761,0.0,112.0,0.0,0.03357721452835119,1.0,0.4,1.0,reacquire:road,0,0,0,0,-1.0
1787224687.4374034,33.9178697123197,0.0,112.0,0.0,0.04154690357982754,1.0,0.4,1.0,reacquire:road,0,0,0,0,-1.0
1787224687.4672818,33.964980380000924,0.0,112.0,0.0,0.02939639404233081,1.0,0.4,1.0,reacquire:road,0,0,0,0,-1.0
1787224687.5020525,33.905858627816244,0.0,112.0,0.0,0.024954272275934154,1.0,0.4,1.0,reacquire:road,0,0,0,0,-1.0
1787224687.531577,32.5777149278167,0.0,112.0,0.0,0.016853932584269662,1.0,0.4,1.0,reacquire:road,0,0,0,0,-1.0
1787224687.5584722,33.342501202427115,0.0,112.0,0.0,0.03788868565455971,1.0,0.4,1.0,reacquire:road,0,0,0,0,-1.0
1787224687.5911486,34.109628780063204,0.0,112.0,0.0,0.02038149986934936,1.0,0.4,1.0,reacquire:road,0,0,0,0,-1.0
1787224687.620754,33.18969101132228,0.0,112.0,0.0,0.019336294747844266,1.0,0.0,1.0,stop:lane_lost,0,0,0,0,-1.0
1787224687.647722,33.5744698238306,0.0,112.0,0.0,0.014502221060883199,1.0,0.0,1.0,stop:lane_lost,0,0,0,0,-1.0
1787224687.6831825,34.16397420618233,0.0,112.0,0.0,0.012934413378625555,1.0,0.0,1.0,stop:lane_lost,0,0,0,0,-1.0
1787224687.7178004,32.777131058212206,0.0,112.0,0.0,0.00810033969166449,1.0,0.0,1.0,stop:lane_lost,0,0,0,0,-1.0
1787224687.745404,32.29419513870119,0.0,112.0,0.0,0.00169845832244578,1.0,0.0,1.0,stop:lane_lost,0,0,0,0,-1.0
1787224687.7773702,33.10090475743055,0.0,112.0,0.0,0.0006532532009406846,1.0,0.0,1.0,stop:lane_lost,0,0,0,0,-1.0
1787224687.8055327,32.71427968553891,0.0,112.0,0.0,0.00339691664489156,1.0,0.0,1.0,stop:lane_lost,0,0,0,0,-1.0
1787224687.8319054,33.29743576238484,0.0,112.0,0.0,0.004964724327149203,0.8000000000000006,0.0,1.0,stop:lane_lost,0,0,0,0,-1.0
1787224687.8634934,34.22909579886233,0.0,112.0,0.0,0.00339691664489156,0.4000000000000006,0.0,1.0,stop:lane_lost,0,0,0,0,-1.0
1787224687.8926497,33.6171968264034,0.0,112.0,0.0,0.0013065064018813691,5.551115123125783e-16,0.0,1.0,stop:lane_lost,0,0,0,0,-1.0
1787224687.9191098,33.8644103502438,0.0,112.0,0.0,0.005226025607525477,0.0,0.0,1.0,stop:lane_lost,0,0,0,0,-1.0
1787224687.9525194,34.626030177103836,0.0,112.0,0.0,0.0073164358505356675,0.0,0.0,1.0,stop:lane_lost,0,0,0,0,-1.0
1787224687.9812646,33.68095789813979,0.0,112.0,0.0,0.0018291089626339169,0.0,0.0,1.0,stop:lane_lost,0,0,0,0,-1.0
1787224688.0084326,33.93977398153514,0.0,112.0,0.0,0.0026130128037627383,0.0,0.0,1.0,stop:lane_lost,0,0,0,0,-1.0
1787224688.0404127,34.510894908877724,0.0,112.0,0.0,0.011627906976744186,0.56,0.4,1.0,reacquire:road,0,0,0,0,-1.0
1787224688.0693355,33.73347756668176,0.0,112.0,0.0,0.024431669715181605,1.0,0.4,1.0,reacquire:road,0,0,0,0,-1.0
1787224688.0984807,34.05775792827378,0.0,112.0,0.0,0.033315913247974914,1.0,0.4,1.0,reacquire:road,0,0,0,0,-1.0
1787224688.13174,34.10967001839209,0.0,112.0,0.0,0.027959237000261303,1.0,0.4,1.0,reacquire:road,0,0,0,0,-1.0
1787224688.1601748,33.291785746264104,0.0,112.0,0.0,0.0169845832244578,1.0,0.4,1.0,reacquire:road,0,0,0,0,-1.0
1787224688.186735,33.68872323403857,0.0,112.0,0.0,0.026130128037627383,1.0,0.4,1.0,reacquire:road,0,0,0,0,-1.0
1787224688.219132,34.468088186431125,0.0,112.0,0.0,0.02247191011235955,1.0,0.4,1.0,reacquire:road,0,0,0,0,-1.0
1787224688.2474544,33.719973568094375,0.0,112.0,0.0,0.01620067938332898,1.0,0.4,1.0,reacquire:road,0,0,0,0,-1.0
1787224688.2750437,33.96597990263251,0.0,112.0,0.0,0.020250849229161223,1.0,0.4,1.0,reacquire:road,0,0,0,0,-1.0
1787224688.3092895,34.53917037879446,0.0,112.0,0.0,0.014502221060883199,1.0,0.4,1.0,reacquire:road,0,0,0,0,-1.0
1787224688.337445,33.4456719487618,0.0,112.0,0.0,0.01437157042069506,1.0,0.4,1.0,reacquire:road,0,0,0,0,-1.0
1787224688.364371,33.87911037759781,0.0,112.0,0.0,0.005226025607525477,1.0,0.4,1.0,reacquire:road,0,0,0,0,-1.0
1787224688.3960545,34.563659370504375,0.0,112.0,0.0,0.004572772406584792,1.0,0.4,1.0,reacquire:road,0,0,0,0,-1.0
1787224688.4247334,33.9563056623966,0.0,112.0,0.0,0.005226025607525477,1.0,0.4,1.0,reacquire:road,0,0,0,0,-1.0
1787224688.4508696,34.147342972006015,0.0,112.0,0.0,0.006140580088842436,1.0,0.4,1.0,reacquire:road,0,0,0,0,-1.0
1787224688.483452,34.951544910519765,0.0,112.0,0.0,0.006924483929971257,1.0,0.4,1.0,reacquire:road,0,0,0,0,-1.0
1787224688.5138385,34.0217152699094,0.0,112.0,0.0,0.01188920825712046,1.0,0.4,1.0,reacquire:road,0,0,0,0,-1.0
1787224688.5414538,33.9029409911846,0.0,112.0,0.0,0.006140580088842436,0.6399999999999997,0.4,1.0,reacquire:road,0,0,0,0,-1.0
1787224688.5738432,34.36815676597888,0.0,112.0,0.0,0.005487326887901751,0.07999999999999963,0.4,1.0,reacquire:road,0,0,0,0,-1.0
1787224688.6037145,33.648271781271156,0.0,112.0,0.0,0.004703423046772929,-0.4800000000000004,0.4,1.0,reacquire:road,0,0,0,0,-1.0
1787224688.6307194,33.5966518871418,0.0,112.0,0.0,0.0056179775280898875,-1.0,0.4,1.0,reacquire:road,0,0,0,0,-1.0
1787224688.6633852,34.33588137815663,0.0,112.0,0.0,0.005748628168278025,-1.0,0.4,1.0,reacquire:road,0,0,0,0,-1.0
1787224688.69208,33.56056647320572,0.0,112.0,0.0,0.003135615364515286,-1.0,0.4,1.0,reacquire:road,0,0,0,0,-1.0
1787224688.7215295,33.85823241643392,0.0,112.0,0.0,0.004703423046772929,-1.0,0.4,1.0,reacquire:road,0,0,0,0,-1.0
1787224688.753733,33.85401923044594,0.0,112.0,0.0,0.00339691664489156,-1.0,0.4,1.0,reacquire:road,0,0,0,0,-1.0
1787224688.78166,33.283413455884926,0.0,112.0,0.0,0.0009145544813169584,-1.0,0.4,1.0,reacquire:road,0,0,0,0,-1.0
1787224688.808763,33.82708686551722,0.0,112.0,0.0,0.0018291089626339169,-1.0,0.4,1.0,reacquire:road,0,0,0,0,-1.0
1787224688.841561,34.442427443118966,0.0,112.0,0.0,0.0009145544813169584,-1.0,0.4,1.0,reacquire:road,0,0,0,0,-1.0
1787224688.8712347,33.51954310513537,0.0,112.0,0.0,0.0009145544813169584,-1.0,0.4,1.0,reacquire:road,0,0,0,0,-1.0
1787224688.8980093,33.67450075878173,0.0,112.0,0.0,0.0084922916122289,-1.0,0.4,1.0,reacquire:road,0,0,0,0,-1.0
1787224688.931943,34.46280716017322,0.0,112.0,0.0,0.007839038411288215,-1.0,0.4,1.0,reacquire:road,0,0,0,0,-1.0
1787224688.9636211,33.14362153356049,0.0,112.0,0.0,0.013718317219754377,-1.0,0.4,1.0,reacquire:road,0,0,0,0,-1.0
1787224688.9904108,33.24794251826199,0.0,112.0,0.0,0.013848967859942513,-1.0,0.4,1.0,reacquire:road,0,0,0,0,-1.0
1787224689.0223994,34.06481783238661,0.0,112.0,0.0,0.017637836425398484,-1.0,0.4,1.0,reacquire:road,0,0,0,0,-1.0
1787224689.0500321,33.48119950908828,0.0,112.0,0.0,0.02077345178991377,-1.0,0.4,1.0,reacquire:road,0,0,0,0,-1.0
1787224689.0772426,34.05339084068516,0.0,112.0,0.0,0.03344656388816305,-1.0,0.4,1.0,reacquire:road,0,0,0,0,-1.0
1787224689.1089923,34.59272654385466,0.0,112.0,0.0,0.025346224196498564,-1.0,0.4,1.0,reacquire:road,0,0,0,0,-1.0
1787224689.140279,33.67010059224759,0.0,112.0,0.0,0.014502221060883199,-1.0,0.4,1.0,reacquire:road,0,0,0,0,-1.0
1787224689.166987,33.67054025328653,0.0,112.0,0.0,0.019336294747844266,-1.0,0.4,1.0,reacquire:road,0,0,0,0,-1.0
1787224689.1998935,34.35402836517102,0.0,112.0,0.0,0.017899137705774757,-1.0,0.4,1.0,reacquire:road,0,0,0,0,-1.0
1787224689.231415,33.3121633358074,0.0,112.0,0.0,0.018421740266527306,-1.0,0.4,1.0,reacquire:road,0,0,0,0,-1.0
1787224689.259188,33.3509894565441,0.0,112.0,0.0,0.010060099294486542,-1.0,0.4,1.0,reacquire:road,0,0,0,0,-1.0
1787224689.2916586,33.87157192059096,0.0,112.0,0.0,0.010452051215050953,-1.0,0.4,1.0,reacquire:road,0,0,0,0,-1.0
1787224689.320647,33.17167424364764,0.0,112.0,0.0,0.044421217663966554,-1.0,0.4,1.0,reacquire:road,0,0,0,0,-1.0
1787224689.3498101,33.54411003738048,0.0,112.0,0.0,0.03187875620590541,-1.0,0.4,1.0,reacquire:road,0,0,0,0,-1.0
1787224689.3820126,33.70279988812972,0.0,112.0,0.0,0.010452051215050953,-1.0,0.4,1.0,reacquire:road,0,0,0,0,-1.0
1787224689.4104729,33.151073731835176,0.0,112.0,0.0,0.013065064018813691,-1.0,0.4,1.0,reacquire:road,0,0,0,0,-1.0
1787224689.4369607,33.57967886090513,0.0,112.0,0.0,0.004572772406584792,-1.0,0.4,1.0,reacquire:road,0,0,0,0,-1.0
1787224689.4695573,34.24208747087336,0.0,112.0,0.0,0.021426704990854455,-1.0,0.4,1.0,reacquire:road,0,0,0,0,-1.0
1787224689.4974124,33.600750921539046,0.0,112.0,0.0,0.011235955056179775,-1.0,0.4,1.0,reacquire:road,0,0,0,0,-1.0
1787224689.5244117,34.1216608791245,0.0,112.0,0.0,0.04572772406584792,-1.0,0.4,1.0,reacquire:road,0,0,0,0,-1.0
1787224689.557647,34.7058945908949,0.0,112.0,0.0,0.008622942252417037,-1.0,0.4,1.0,reacquire:road,0,0,0,0,-1.0
1787224689.5874736,33.55106491106729,0.0,112.0,0.0,0.002221060883198328,-1.0,0.4,1.0,reacquire:road,0,0,0,0,-1.0
1787224689.613943,33.85010372065735,0.0,112.0,0.0,0.03605957669192579,-1.0,0.4,1.0,reacquire:road,0,0,0,0,-1.0
1787224689.6468801,34.64728960879973,0.0,112.0,0.0,0.009668147373922133,-1.0,0.4,1.0,reacquire:road,0,0,0,0,-1.0
1787224689.6760385,33.76846318993428,0.0,112.0,0.0,0.0194669453880324,-1.0,0.4,1.0,reacquire:road,0,0,0,0,-1.0
1787224689.7030945,33.902496486570314,0.0,112.0,0.0,0.03240135876665796,-1.0,0.0,1.0,stop:lane_lost,0,0,0,0,-1.0
1787224689.7359128,34.46082972998595,0.0,112.0,0.0,0.06963679122027698,-1.0,0.4,1.0,reacquire:road,0,0,0,0,-1.0
1787224689.7650096,33.32898118208199,0.0,112.0,0.0,0.0484713875097988,-1.0,0.4,1.0,reacquire:road,0,0,0,0,-1.0
1787224689.7942193,34.06855066631882,0.0,112.0,0.0,0.056571727201463286,-1.0,0.4,1.0,reacquire:road,0,0,0,0,-1.0
1787224689.826275,34.09644895141218,0.0,112.0,0.0,0.03958714397700549,-1.0,0.4,1.0,reacquire:road,0,0,0,0,-1.0
1787224689.8541753,33.502171572245125,0.0,112.0,0.0,0.05252155735563104,-0.7999999999999998,0.4,1.0,reacquire:road,0,0,0,0,-1.0
1787224689.880517,33.99092899817518,0.0,112.0,0.0,0.05644107656127515,-0.23999999999999977,0.4,1.0,reacquire:road,0,0,0,0,-1.0
1787224689.912485,34.792012164058626,0.0,112.0,0.0,0.03527567285079697,0.3200000000000003,0.4,1.0,reacquire:road,0,0,0,0,-1.0
1787224689.9416013,34.00514635747206,0.0,112.0,0.0,0.028089887640449437,0.8800000000000003,0.4,1.0,reacquire:road,0,0,0,0,-1.0
1787224689.968479,34.17218448864227,0.0,112.0,0.0,0.040109746537758034,1.0,0.4,1.0,reacquire:road,0,0,0,0,-1.0
1787224690.0054572,34.766407293196714,0.0,112.0,0.0,0.054089365037888686,1.0,0.4,1.0,reacquire:road,0,0,0,0,-1.0
1787224690.0351992,33.03569092978003,0.0,112.0,0.0,0.05069244839299713,1.0,0.4,1.0,reacquire:road,0,0,0,0,-1.0
1787224690.0629659,33.31926755729655,0.0,112.0,0.0,0.04024039717794617,1.0,0.4,1.0,reacquire:road,0,0,0,0,-1.0
1787224690.0952587,34.009845305785774,0.0,112.0,0.0,0.055134570159393784,1.0,0.4,1.0,reacquire:road,0,0,0,0,-1.0
1787224690.1241536,33.36859833300886,0.0,112.0,0.0,0.0509537496733734,1.0,0.4,1.0,reacquire:road,0,0,0,0,-1.0
1787224690.1512434,33.67364458471352,0.0,112.0,0.0,0.07734517899137706,1.0,0.4,1.0,reacquire:road,0,0,0,0,-1.0
1787224690.1853957,34.309383111291325,0.0,112.0,0.0,0.02586882675725111,1.0,0.4,1.0,reacquire:road,0,0,0,0,-1.0
1787224690.2158368,33.272351082174815,0.0,112.0,0.0,0.04677292918735302,1.0,0.4,1.0,reacquire:road,0,0,0,0,-1.0
1787224690.2448206,33.237395187348056,0.0,112.0,0.0,0.04625032662660047,1.0,0.4,1.0,reacquire:road,0,0,0,0,-1.0
1787224690.28226,33.489545346550656,0.0,112.0,0.0,0.040893650378886856,1.0,0.4,1.0,reacquire:road,0,0,0,0,-1.0
1787224690.3113573,31.989689242539146,0.0,112.0,0.0,0.04794878494904625,1.0,0.4,1.0,reacquire:road,0,0,0,0,-1.0
1787224690.338256,32.71958128951184,0.0,112.0,0.0,0.06637052521557356,1.0,0.4,1.0,reacquire:road,0,0,0,0,-1.0
1787224690.3701832,33.61379051985817,0.0,112.0,0.0,0.06271230729030572,1.0,0.4,1.0,reacquire:road,0,0,0,0,-1.0
1787224690.397881,33.07564769678864,0.0,112.0,0.0,0.055787823360334464,1.0,0.4,1.0,reacquire:road,0,0,0,0,-1.0
1787224690.4278483,33.79151593262135,0.0,112.0,0.0,0.062973608570682,1.0,0.4,1.0,reacquire:road,0,0,0,0,-1.0
1787224690.4594254,33.70959376970489,0.0,112.0,0.0,0.0668931277763261,1.0,0.4,1.0,reacquire:road,0,0,0,0,-1.0
1787224690.4871798,33.26618099124986,0.0,112.0,0.0,0.05422001567807682,1.0,0.4,1.0,reacquire:road,0,0,0,0,-1.0
1787224690.513558,33.84197899438372,0.0,112.0,0.0,0.05853148680428534,1.0,0.4,1.0,reacquire:road,0,0,0,0,-1.0
1787224690.5478911,34.676776491079075,0.0,112.0,0.0,0.055134570159393784,1.0,0.4,1.0,reacquire:road,0,0,0,0,-1.0
1787224690.578233,33.34381399723566,0.0,112.0,0.0,0.06022994512673112,1.0,0.4,1.0,reacquire:road,0,0,0,0,-1.0
1787224690.605074,33.581170278283196,0.0,112.0,0.0,0.0424614580611445,1.0,0.4,1.0,reacquire:road,0,0,0,0,-1.0
1787224690.6395133,34.30610310176516,0.0,112.0,0.0,0.056571727201463286,1.0,0.4,1.0,reacquire:road,0,0,0,0,-1.0
1787224690.667792,33.14936154424528,0.0,112.0,0.0,0.03632087797230207,1.0,0.4,1.0,reacquire:road,0,0,0,0,-1.0
1787224690.6946056,33.748006371617336,0.0,112.0,0.0,0.019205644107656128,0.6399999999999997,0.4,1.0,reacquire:road,0,0,0,0,-1.0
1787224690.7291114,34.46975899252801,0.0,112.0,0.0,0.025999477397439248,0.07999999999999963,0.4,1.0,reacquire:road,0,0,0,0,-1.0
1787224690.75739,33.36258151552309,0.0,112.0,0.0,0.0194669453880324,-0.4800000000000004,0.4,1.0,reacquire:road,0,0,0,0,-1.0
1787224690.7839735,33.769966607802246,0.0,112.0,0.0,0.022733211392735823,-1.0,0.4,1.0,reacquire:road,0,0,0,0,-1.0
1787224690.815846,34.52585892421369,0.0,112.0,0.0,0.017115233864645935,-1.0,0.4,1.0,reacquire:road,0,0,0,0,-1.0
1787224690.8465645,33.75686619527685,0.0,112.0,0.0,0.021165403710478183,-1.0,0.4,1.0,reacquire:road,0,0,0,0,-1.0
1787224690.8738945,33.68439381085352,0.0,112.0,0.0,0.025738176117062972,-1.0,0.4,1.0,reacquire:road,0,0,0,0,-1.0
1787224690.906239,34.273226126153496,0.0,112.0,0.0,0.02377841651424092,-1.0,0.4,1.0,reacquire:road,0,0,0,0,-1.0
1787224690.9348726,33.570636901119286,0.0,112.0,0.0,0.03227070812646982,-1.0,0.4,1.0,reacquire:road,0,0,0,0,-1.0
1787224690.9624107,33.85927827560677,0.0,112.0,0.0,0.021034753070290044,-1.0,0.4,1.0,reacquire:road,0,0,0,0,-1.0
1787224690.9970212,34.372826761342,0.0,112.0,0.0,0.018029788345962895,-1.0,0.4,1.0,reacquire:road,0,0,0,0,-1.0
1787224691.0254712,33.24747738848661,0.0,112.0,0.0,0.014763522341259471,-1.0,0.4,1.0,reacquire:road,0,0,0,0,-1.0
1787224691.0545375,33.66509824393361,0.0,112.0,0.0,0.012673112098249282,-1.0,0.4,1.0,reacquire:road,0,0,0,0,-1.0
1787224691.086944,33.802141252863755,0.0,112.0,0.0,0.004703423046772929,-1.0,0.4,1.0,reacquire:road,0,0,0,0,-1.0
1787224691.1144226,33.16942962971738,0.0,112.0,0.0,0.004964724327149203,-1.0,0.4,1.0,reacquire:road,0,0,0,0,-1.0
1787224691.1416855,33.89396094941925,0.0,112.0,0.0,0.006663182649594983,-1.0,0.4,1.0,reacquire:road,0,0,0,0,-1.0
1787224691.1741865,34.45322447416832,0.0,112.0,0.0,0.004964724327149203,-1.0,0.4,1.0,reacquire:road,0,0,0,0,-1.0
1787224691.2049136,33.632565423526735,0.0,112.0,0.0,0.007577737130911941,-1.0,0.4,1.0,reacquire:road,0,0,0,0,-1.0
1787224691.231219,33.511535933864074,0.0,112.0,0.0,0.0073164358505356675,-1.0,0.4,1.0,reacquire:road,0,0,0,0,-1.0
1787224691.267238,34.26659275982138,0.0,112.0,0.0,0.016723281944081524,-1.0,0.4,1.0,reacquire:road,0,0,0,0,-1.0
1787224691.2948515,32.99185022221527,0.0,112.0,0.0,0.012150509537496733,-1.0,0.4,1.0,reacquire:road,0,0,0,0,-1.0
1787224691.3216183,33.72640704698244,0.0,112.0,0.0,0.020250849229161223,-1.0,0.4,1.0,reacquire:road,0,0,0,0,-1.0
1787224691.3534117,34.455473023346975,0.0,112.0,0.0,0.02639142931800366,-1.0,0.4,1.0,reacquire:road,0,0,0,0,-1.0
1787224691.3817112,33.83683184178978,0.0,112.0,0.0,0.014763522341259471,-1.0,0.4,1.0,reacquire:road,0,0,0,0,-1.0
1787224691.4091876,34.156734130808005,0.0,112.0,0.0,0.015416775542200157,-1.0,0.4,1.0,reacquire:road,0,0,0,0,-1.0
1787224691.4410865,34.60722455295895,0.0,112.0,0.0,0.013718317219754377,-1.0,0.4,1.0,reacquire:road,0,0,0,0,-1.0
1787224691.4723642,33.895074609211626,0.0,112.0,0.0,0.024562320355369743,-1.0,0.4,1.0,reacquire:road,0,0,0,0,-1.0
1787224691.4988556,33.56901272323049,0.0,112.0,0.0,0.01437157042069506,-1.0,0.4,1.0,reacquire:road,0,0,0,0,-1.0
1787224691.5312324,34.4103958994075,0.0,112.0,0.0,0.033315913247974914,-1.0,0.4,1.0,reacquire:road,0,0,0,0,-1.0
1787224691.5610435,33.62287891040848,0.0,112.0,0.0,0.04533577214528351,-1.0,0.4,1.0,reacquire:road,0,0,0,0,-1.0
1787224691.5880194,33.70907250756124,0.0,112.0,0.0,0.014240919780506924,-1.0,0.4,1.0,reacquire:road,0,0,0,0,-1.0
1787224691.6202195,34.381340284269804,0.0,112.0,0.0,0.03984844525738176,-1.0,0.4,1.0,reacquire:road,0,0,0,0,-1.0
1787224691.6490252,33.635919404134754,0.0,112.0,0.0,0.030310948523647765,-1.0,0.4,1.0,reacquire:road,0,0,0,0,-1.0
1787224691.6792202,33.905058675628304,0.0,112.0,0.0,0.036582179252678336,-1.0,0.4,1.0,reacquire:road,0,0,0,0,-1.0
1787224691.7120943,33.760914954700276,0.0,112.0,0.0,0.02678338123856807,-1.0,0.4,1.0,reacquire:road,0,0,0,0,-1.0
1787224691.743072,32.850215480933976,0.0,112.0,0.0,0.030310948523647765,-0.6399999999999997,0.4,1.0,reacquire:road,0,0,0,0,-1.0
1787224691.7700372,33.05295799117873,0.0,112.0,0.0,0.042330807420956365,-0.07999999999999963,0.4,1.0,reacquire:road,0,0,0,0,-1.0
1787224691.802309,33.87465876683001,0.0,112.0,0.0,0.05239090671544291,0.4800000000000004,0.4,1.0,reacquire:road,0,0,0,0,-1.0
1787224691.8305202,33.28141300835412,0.0,112.0,0.0,0.024954272275934154,1.0,0.4,1.0,reacquire:road,0,0,0,0,-1.0
1787224691.8592255,33.593837566557895,0.0,112.0,0.0,0.04311471126208519,1.0,0.4,1.0,reacquire:road,0,0,0,0,-1.0
1787224691.8937104,33.97381584330081,0.0,112.0,0.0,0.007577737130911941,1.0,0.0,1.0,stop:lane_lost,0,0,0,0,-1.0
1787224691.9216979,32.92694120215292,0.0,112.0,0.0,0.018029788345962895,0.8000000000000006,0.0,1.0,stop:lane_lost,0,0,0,0,-1.0
1787224691.94975,33.559116527355265,0.0,112.0,0.0,0.014502221060883199,1.0,0.4,1.0,reacquire:road,0,0,0,0,-1.0
1787224691.9819849,33.97437964970344,0.0,112.0,0.0,0.033315913247974914,1.0,0.4,1.0,reacquire:road,0,0,0,0,-1.0
1787224692.0124178,33.28037907030464,0.0,112.0,0.0,0.047295531748105565,1.0,0.4,1.0,reacquire:road,0,0,0,0,-1.0
1787224692.039683,33.336051167555794,0.0,112.0,0.0,0.050169845832244576,1.0,0.4,1.0,reacquire:road,0,0,0,0,-1.0
1787224692.0716426,34.001037385882796,0.0,112.0,0.0,0.06179775280898876,1.0,0.4,1.0,reacquire:road,0,0,0,0,-1.0
1787224692.1013963,33.44764871622953,0.0,112.0,0.0,0.07734517899137706,1.0,0.4,1.0,reacquire:road,0,0,0,0,-1.0
1787224692.128209,33.47142611726283,0.0,112.0,0.0,0.0644107656127515,1.0,0.4,1.0,reacquire:road,0,0,0,0,-1.0
1787224692.1605594,34.26650076024453,0.0,112.0,0.0,0.08191795139796185,1.0,0.4,1.0,reacquire:road,0,0,0,0,-1.0
1787224692.1893468,33.58402659670268,0.0,112.0,0.0,0.08453096420172458,1.0,0.4,1.0,reacquire:road,0,0,0,0,-1.0
1787224692.2163312,33.82712250244093,0.0,112.0,0.0,0.08074209563626862,1.0,0.4,1.0,reacquire:road,0,0,0,0,-1.0
1787224692.2504034,34.46582784787911,0.0,112.0,0.0,0.04429056702377842,1.0,0.4,1.0,reacquire:road,0,0,0,0,-1.0
1787224692.2799609,33.41766479384707,0.0,112.0,0.0,0.06467206689312778,1.0,0.4,1.0,reacquire:road,0,0,0,0,-1.0
1787224692.3103042,33.54074589002748,0.0,112.0,0.0,0.027697935719885027,1.0,0.4,1.0,reacquire:road,0,0,0,0,-1.0
1787224692.3423517,33.415655893851195,0.0,112.0,0.0,0.019728246668408674,1.0,0.4,1.0,reacquire:road,0,0,0,0,-1.0
1787224692.3714976,32.946268684103224,0.0,112.0,0.0,0.035536974131173245,1.0,0.4,1.0,reacquire:road,0,0,0,0,-1.0
1787224692.397829,33.261936865387874,0.0,112.0,0.0,0.01567807682257643,1.0,0.4,1.0,reacquire:road,0,0,0,0,-1.0
1787224692.4305418,34.169090706772124,0.0,112.0,0.0,0.012019858897308597,1.0,0.4,1.0,reacquire:road,0,0,0,0,-1.0
1787224692.460281,33.336611224021254,0.0,112.0,0.0,0.022210608831983277,0.6399999999999997,0.4,1.0,reacquire:road,0,0,0,0,-1.0
1787224692.4871542,33.560951187838704,0.0,112.0,0.0,0.027436634439508754,0.07999999999999963,0.4,1.0,reacquire:road,0,0,0,0,-1.0
1787224692.5211294,34.28379943905432,0.0,112.0,0.0,0.02207995819179514,-0.4800000000000004,0.4,1.0,reacquire:road,0,0,0,0,-1.0
1787224692.549532,33.285006980065276,0.0,112.0,0.0,0.03357721452835119,-1.0,0.4,1.0,reacquire:road,0,0,0,0,-1.0
1787224692.5773335,33.69973977057432,0.0,112.0,0.0,0.029004442121766397,-1.0,0.4,1.0,reacquire:road,0,0,0,0,-1.0
1787224692.6094244,34.17740695474009,0.0,112.0,0.0,0.016723281944081524,-1.0,0.4,1.0,reacquire:road,0,0,0,0,-1.0
1787224692.6373887,33.54202464757406,0.0,112.0,0.0,0.024692970995557877,-1.0,0.0,1.0,stop:lane_lost,0,0,0,0,-1.0
1787224692.6635795,34.017827364082926,0.0,112.0,0.0,0.00979879801411027,-1.0,0.4,1.0,reacquire:road,0,0,0,0,-1.0
1787224692.6957183,34.862594027125276,0.0,112.0,0.0,0.021688006271230728,-1.0,0.4,1.0,reacquire:road,0,0,0,0,-1.0
1787224692.7268243,34.10205981721413,0.0,112.0,0.0,0.02338646459367651,-1.0,0.4,1.0,reacquire:road,0,0,0,0,-1.0
1787224692.7537048,33.71667996265549,0.0,112.0,0.0,0.04716488110791743,-1.0,0.4,1.0,reacquire:road,0,0,0,0,-1.0
1787224692.7858763,34.421144662506315,0.0,112.0,0.0,0.05474261823882937,-1.0,0.4,1.0,reacquire:road,0,0,0,0,-1.0
1787224692.8142672,33.68800165501419,0.0,112.0,0.0,0.04821008622942252,-1.0,0.4,1.0,reacquire:road,0,0,0,0,-1.0
1787224692.8421485,34.072198042227825,0.0,112.0,0.0,0.02874314084139012,-1.0,0.4,1.0,reacquire:road,0,0,0,0,-1.0
1787224692.874159,34.44021915201046,0.0,112.0,0.0,0.029527044682518943,-1.0,0.4,1.0,reacquire:road,0,0,0,0,-1.0
1787224692.9023702,33.76922901695939,0.0,112.0,0.0,0.07564672066893127,-1.0,0.4,1.0,reacquire:road,0,0,0,0,-1.0
1787224692.9305522,34.132638825423626,0.0,112.0,0.0,0.04128560229945127,-1.0,0.4,1.0,reacquire:road,0,0,0,0,-1.0
1787224692.9636939,34.412434593915265,0.0,112.0,0.0,0.09668147373922133,-1.0,0.4,1.0,reacquire:road,0,0,0,0,-1.0
1787224692.9918745,33.558174848874295,0.0,112.0,0.0,0.09367650901489417,-1.0,0.4,1.0,reacquire:road,0,0,0,0,-1.0
1787224693.0185418,33.954428747260806,0.0,112.0,0.0,0.08400836164097204,-1.0,0.4,1.0,reacquire:road,0,0,0,0,-1.0
1787224693.0524514,34.500795402217975,0.0,112.0,0.0,0.08923438724849751,-1.0,0.4,1.0,reacquire:road,0,0,0,0,-1.0
1787224693.082402,33.54029720753141,0.0,112.0,0.0,0.10857068199634178,-1.0,0.4,1.0,reacquire:road,0,0,0,0,-1.0
1787224693.1095648,33.570103232476775,0.0,112.0,0.0,0.09132479749150771,-1.0,0.4,1.0,reacquire:road,0,0,0,0,-1.0
1787224693.1436942,34.240304902765,0.0,112.0,0.0,0.06637052521557356,-1.0,0.4,1.0,reacquire:road,0,0,0,0,-1.0
1787224693.1750371,33.17264437043651,0.0,112.0,0.0,0.07055134570159394,-1.0,0.4,1.0,reacquire:road,0,0,0,0,-1.0
1787224693.2017372,33.00780743193285,0.0,112.0,0.0,0.04821008622942252,-1.0,0.4,1.0,reacquire:road,0,0,0,0,-1.0
1787224693.2344396,33.889312700861815,0.0,112.0,0.0,0.01620067938332898,-1.0,0.4,1.0,reacquire:road,0,0,0,0,-1.0
1787224693.2624485,33.225658933778234,0.0,112.0,0.0,0.03057224980402404,-1.0,0.4,1.0,reacquire:road,0,0,0,0,-1.0
1787224693.291455,33.74222210536075,0.0,112.0,0.0,0.018160438986151033,-1.0,0.4,1.0,reacquire:road,0,0,0,0,-1.0
1787224693.323216,33.88815958002907,0.0,112.0,0.0,0.024954272275934154,-1.0,0.4,1.0,reacquire:road,0,0,0,0,-1.0
1787224693.3530915,33.37593567288113,0.0,112.0,0.0,0.049777893911680166,-1.0,0.4,1.0,reacquire:road,0,0,0,0,-1.0
1787224693.380126,33.322527709055244,0.0,112.0,0.0,0.04285340998170891,-1.0,0.4,1.0,reacquire:road,0,0,0,0,-1.0
1787224693.413345,34.19397194465092,0.0,112.0,0.0,0.005356676247713614,-1.0,0.4,1.0,reacquire:road,0,0,0,0,-1.0
1787224693.4425232,33.326185565176985,0.0,112.0,0.0,0.01607002874314084,-1.0,0.4,1.0,reacquire:road,0,0,0,0,-1.0
1787224693.4706955,33.58222177125274,0.0,112.0,0.0,0.025999477397439248,-1.0,0.4,1.0,reacquire:road,0,0,0,0,-1.0
1787224693.5029778,33.962629218052825,0.0,112.0,0.0,0.012281160177684871,-1.0,0.4,1.0,reacquire:road,0,0,0,0,-1.0
1787224693.5306056,33.29359434725059,0.0,112.0,0.0,0.028089887640449437,-1.0,0.4,1.0,reacquire:road,0,0,0,0,-1.0
1787224693.559189,33.966803133969584,0.0,112.0,0.0,0.02887379148157826,-1.0,0.4,1.0,reacquire:road,0,0,0,0,-1.0
1787224693.591223,34.15566538370196,0.0,112.0,0.0,0.01998954794878495,-1.0,0.4,1.0,reacquire:road,0,0,0,0,-1.0
1787224693.6202643,33.51037659615201,0.0,112.0,0.0,0.051998954794878496,-1.0,0.4,1.0,reacquire:road,0,0,0,0,-1.0
1787224693.6474934,33.66768225208475,0.0,112.0,0.0,0.06114449960804808,-1.0,0.4,1.0,reacquire:road,0,0,0,0,-1.0
1787224693.6796227,34.37596833079839,0.0,112.0,0.0,0.04559707342565979,-1.0,0.4,1.0,reacquire:road,0,0,0,0,-1.0
1787224693.710514,33.15714128565642,0.0,112.0,0.0,0.0329239613274105,-1.0,0.4,1.0,reacquire:road,0,0,0,0,-1.0
1787224693.7380662,33.7959094797817,0.0,112.0,0.0,0.056571727201463286,-1.0,0.4,1.0,reacquire:road,0,0,0,0,-1.0
1787224693.7719634,34.29553088806823,0.0,112.0,0.0,0.08387771100078391,-1.0,0.4,1.0,reacquire:road,0,0,0,0,-1.0
1787224693.8033876,33.089152541671524,0.0,112.0,0.0,0.03018029788345963,-1.0,0.4,1.0,reacquire:road,0,0,0,0,-1.0
1787224693.829587,33.15115688111076,0.0,112.0,0.0,0.02586882675725111,-1.0,0.4,1.0,reacquire:road,0,0,0,0,-1.0
1787224693.8618765,34.15593363578917,0.0,112.0,0.0,0.03775803501437157,-1.0,0.4,1.0,reacquire:road,0,0,0,0,-1.0
1787224693.8916845,33.49681052544713,0.0,112.0,0.0,0.03253200940684609,-1.0,0.4,1.0,reacquire:road,0,0,0,0,-1.0
1787224693.9184463,33.532867551339024,0.0,112.0,0.0,0.051998954794878496,-1.0,0.4,1.0,reacquire:road,0,0,0,0,-1.0
1787224693.952666,34.29045143717453,0.0,112.0,0.0,0.05212960543506663,-1.0,0.4,1.0,reacquire:road,0,0,0,0,-1.0
1787224693.980093,33.26955157689718,0.0,112.0,0.0,0.08348575908021949,-1.0,0.4,1.0,reacquire:road,0,0,0,0,-1.0
1787224694.007905,33.91093460088208,0.0,112.0,0.0,0.05853148680428534,-1.0,0.4,1.0,reacquire:road,0,0,0,0,-1.0
1787224694.0394332,34.33614526710213,0.0,112.0,0.0,0.09655082309903318,-1.0,0.4,1.0,reacquire:road,0,0,0,0,-1.0
1787224694.0681317,33.71708276731162,0.0,112.0,0.0,0.08831983276718056,-1.0,0.4,1.0,reacquire:road,0,0,0,0,-1.0
1787224694.094526,34.051208760847075,0.0,112.0,0.0,0.09459106349621113,-1.0,0.4,1.0,reacquire:road,0,0,0,0,-1.0
1787224694.1270356,34.829934850235254,0.0,112.0,0.0,0.09498301541677555,-1.0,0.4,1.0,reacquire:road,0,0,0,0,-1.0
1787224694.156171,33.96307287227105,0.0,112.0,0.0,0.11405800888424353,-1.0,0.4,1.0,reacquire:road,0,0,0,0,-1.0
1787224694.1855953,34.10207419853532,0.0,112.0,0.0,0.09289260517376535,-1.0,0.4,1.0,reacquire:road,0,0,0,0,-1.0
1787224694.2184317,34.064031945347246,0.0,112.0,0.0,0.0683302848183956,-1.0,0.4,1.0,reacquire:road,0,0,0,0,-1.0
1787224694.2465172,33.21314611386595,0.0,112.0,0.0,0.09668147373922133,-1.0,0.4,1.0,reacquire:road,0,0,0,0,-1.0
1787224694.2760797,33.84498051215858,0.0,112.0,0.0,0.09472171413639927,-1.0,0.4,1.0,reacquire:road,0,0,0,0,-1.0
1787224694.3085985,33.884174744395565,0.0,112.0,0.0,0.05291350927619545,-1.0,0.4,1.0,reacquire:road,0,0,0,0,-1.0
1787224694.3370466,33.23914033405679,0.0,112.0,0.0,0.07434021426704991,-1.0,0.0,1.0,stop:lane_lost,0,0,0,0,-1.0
1787224694.3630638,33.64009087251499,0.0,112.0,0.0,0.07355631042592109,-1.0,0.0,1.0,stop:lane_lost,0,0,0,0,-1.0
1787224694.3972967,34.5566689947078,0.0,112.0,0.0,0.08074209563626862,-1.0,0.0,1.0,stop:lane_lost,0,0,0,0,-1.0
1787224694.4277363,33.4160394366419,0.0,112.0,0.0,0.08871178468774497,-1.0,0.4,1.0,reacquire:road,0,0,0,0,-1.0
1787224694.4575386,33.433260112080326,0.0,112.0,0.0,0.1139273582440554,-0.7200000000000001,0.0,1.0,stop:lane_lost,0,0,0,0,-1.0
1787224694.4912894,33.44924714990367,0.0,112.0,0.0,0.08139534883720931,-0.16000000000000003,0.4,1.0,reacquire:road,0,0,0,0,-1.0
1787224694.5219998,32.473061461092875,0.0,112.0,0.0,0.12111314345440292,0.4,0.4,1.0,reacquire:road,0,0,0,0,-1.0
1787224694.5485258,32.770250703737034,0.0,112.0,0.0,0.094460412856023,0.9600000000000001,0.4,1.0,reacquire:road,0,0,0,0,-1.0
1787224694.5799592,33.749989228477155,0.0,112.0,0.0,0.08270185523909067,1.0,0.4,1.0,reacquire:road,0,0,0,0,-1.0
1787224694.6088386,33.2919352502127,0.0,112.0,0.0,0.1033446563888163,1.0,0.4,1.0,reacquire:road,0,0,0,0,-1.0
1787224694.6373208,33.649934479172664,0.0,112.0,0.0,0.0898876404494382,1.0,0.4,1.0,reacquire:road,0,0,0,0,-1.0
1787224694.6691732,33.948586087214764,0.0,112.0,0.0,0.11222889992160962,1.0,0.4,1.0,reacquire:road,0,0,0,0,-1.0
1787224694.697231,33.397888585011295,0.0,112.0,0.0,0.11484191272537235,1.0,0.4,1.0,reacquire:road,0,0,0,0,-1.0
1787224694.7267036,33.86692417642648,0.0,112.0,0.0,0.131695845309642,1.0,0.4,1.0,reacquire:road,0,0,0,0,-1.0
1787224694.7590067,33.897965702142855,0.0,112.0,0.0,0.15599686438463548,1.0,0.4,1.0,reacquire:road,0,0,0,0,-1.0
1787224694.7877438,33.21579299921349,0.0,112.0,0.0,0.10569636791220277,1.0,0.4,1.0,reacquire:road,0,0,0,0,-1.0
1787224694.8166602,33.662473472439025,0.0,112.0,0.0,0.11183694800104521,1.0,0.4,1.0,reacquire:road,0,0,0,0,-1.0
1787224694.8488882,33.71568321226794,0.0,112.0,0.0,0.12372615625816566,1.0,0.4,1.0,reacquire:road,0,0,0,0,-1.0
1787224694.8781414,32.99157573051157,0.0,112.0,0.0,0.10726417559446041,1.0,0.4,1.0,reacquire:road,0,0,0,0,-1.0
1787224694.905565,33.617062491573485,0.0,112.0,0.0,0.11157564672066893,1.0,0.4,1.0,reacquire:road,0,0,0,0,-1.0
1787224694.9379568,34.187222561608635,0.0,112.0,0.0,0.12150509537496734,1.0,0.4,1.0,reacquire:road,0,0,0,0,-1.0
1787224694.966203,33.50624420570317,0.0,112.0,0.0,0.11170629736085706,1.0,0.0,1.0,stop:lane_lost,0,0,0,0,-1.0
1787224694.9927614,33.89771558802397,0.0,112.0,0.0,0.07434021426704991,1.0,0.0,1.0,stop:lane_lost,0,0,0,0,-1.0
1787224695.026602,34.66164028931784,0.0,112.0,0.0,0.062973608570682,1.0,0.0,1.0,stop:lane_lost,0,0,0,0,-1.0
1787224695.0571709,33.33838991791043,0.0,112.0,0.0,0.07473216618761432,1.0,0.4,1.0,reacquire:road,0,0,0,0,-1.0
1787224695.0840993,33.62572776133743,0.0,112.0,0.0,0.08962633916906193,1.0,0.4,1.0,reacquire:road,0,0,0,0,-1.0
1787224695.115845,34.325018247981305,0.0,112.0,0.0,0.04990854455186831,1.0,0.4,1.0,reacquire:road,0,0,0,0,-1.0
1787224695.1448247,33.74113973256236,0.0,112.0,0.0,0.05735563104259211,0.56,0.4,1.0,reacquire:road,0,0,0,0,-1.0
1787224695.1728854,33.9203738459028,0.0,112.0,0.0,0.05683302848183956,0.0,0.4,1.0,reacquire:road,0,0,0,0,-1.0
1787224695.2046938,34.26382541951578,0.0,112.0,0.0,0.04807943558923439,-0.56,0.4,1.0,reacquire:road,0,0,0,0,-1.0
1787224695.2339728,33.677537842389015,0.0,112.0,0.0,0.042722759341520776,-1.0,0.4,1.0,reacquire:road,0,0,0,0,-1.0
1787224695.2604094,33.78998138063574,0.0,112.0,0.0,0.030964201724588452,-1.0,0.4,1.0,reacquire:road,0,0,0,0,-1.0
1787224695.2924037,34.60971863170437,0.0,112.0,0.0,0.05787823360334465,-1.0,0.4,1.0,reacquire:road,0,0,0,0,-1.0
1787224695.3234353,33.829321525517095,0.0,112.0,0.0,0.05030049647243272,-1.0,0.4,1.0,reacquire:road,0,0,0,0,-1.0
1787224695.3501759,33.62654975486837,0.0,112.0,0.0,0.054481316958453097,-1.0,0.0,1.0,stop:lane_lost,0,0,0,0,-1.0
1787224695.3823175,34.36646594071435,0.0,112.0,0.0,0.05461196759864123,-1.0,0.0,1.0,stop:lane_lost,0,0,0,0,-1.0
1787224695.4103558,33.60148361037095,0.0,112.0,0.0,0.03880324013587667,-1.0,0.4,1.0,reacquire:road,0,0,0,0,-1.0
1787224695.4400592,34.05848506546104,0.0,112.0,0.0,0.04455186830415469,-1.0,0.0,1.0,stop:lane_lost,0,0,0,0,-1.0
1787224695.4720666,34.08323024068594,0.0,112.0,0.0,0.06218970472955317,-0.4800000000000004,0.4,1.0,reacquire:road,0,0,0,0,-1.0
1787224695.5008307,33.4984937381305,0.0,112.0,0.0,0.038411288215312256,0.07999999999999963,0.4,1.0,reacquire:road,0,0,0,0,-1.0
1787224695.5272565,33.76875772699657,0.0,112.0,0.0,0.06519466945388032,0.6399999999999997,0.4,1.0,reacquire:road,0,0,0,0,-1.0
1787224695.5595596,34.58886857041861,0.0,112.0,0.0,0.08831983276718056,1.0,0.4,1.0,reacquire:road,0,0,0,0,-1.0
1787224695.590039,33.758952751606465,0.0,112.0,0.0,0.09367650901489417,1.0,0.4,1.0,reacquire:road,0,0,0,0,-1.0
1787224695.6169183,33.694169853626846,0.0,112.0,0.0,0.06022994512673112,1.0,0.4,1.0,reacquire:road,0,0,0,0,-1.0
1787224695.6506813,34.392771800096746,0.0,112.0,0.0,0.11118369480010452,1.0,0.4,1.0,reacquire:road,0,0,0,0,-1.0
1787224695.6784623,33.407864168466375,0.0,112.0,0.0,0.12921348314606743,1.0,0.4,1.0,reacquire:road,0,0,0,0,-1.0
1787224695.705926,33.97334926478712,0.0,112.0,0.0,0.09027959237000262,1.0,0.4,1.0,reacquire:road,0,0,0,0,-1.0
1787224695.7380311,34.46391954809726,0.0,112.0,0.0,0.053697413117324275,1.0,0.0,1.0,stop:lane_lost,0,0,0,0,-1.0
1787224695.7660081,33.77915699804822,0.0,112.0,0.0,0.0689835380193363,1.0,0.4,1.0,reacquire:road,0,0,0,0,-1.0
1787224695.792391,34.17575806025068,0.0,112.0,0.0,0.05604912464071074,1.0,0.4,1.0,reacquire:road,0,0,0,0,-1.0
1787224695.824263,34.94827589192054,0.0,112.0,0.0,0.043376012542461456,1.0,0.4,1.0,reacquire:road,0,0,0,0,-1.0
1787224695.8575687,34.127319004998405,0.0,112.0,0.0,0.03788868565455971,1.0,0.0,1.0,stop:lane_lost,0,0,0,0,-1.0
1787224695.8850827,33.39626399530623,0.0,112.0,0.0,0.03880324013587667,1.0,0.0,1.0,stop:lane_lost,0,0,0,0,-1.0
1787224695.917474,33.98867574825329,0.0,112.0,0.0,0.007839038411288215,1.0,0.0,1.0,stop:lane_lost,0,0,0,0,-1.0
1787224695.9447765,33.359500190593295,0.0,112.0,0.0,0.03501437157042069,1.0,0.4,1.0,reacquire:road,0,0,0,0,-1.0
1787224695.9719977,34.02814282850824,0.0,112.0,0.0,0.011627906976744186,1.0,0.0,1.0,stop:lane_lost,0,0,0,0,-1.0
1787224696.0039213,34.5774826524448,0.0,112.0,0.0,0.016723281944081524,1.0,0.0,1.0,stop:lane_lost,0,0,0,0,-1.0
1787224696.040221,32.521218414278266,0.0,112.0,0.0,0.02207995819179514,1.0,0.0,1.0,stop:lane_lost,0,0,0,0,-1.0
1787224696.0693998,33.406518327708994,0.0,112.0,0.0,0.02377841651424092,1.0,0.4,1.0,reacquire:road,0,0,0,0,-1.0
1787224696.1019194,33.5506088278294,0.0,112.0,0.0,0.018029788345962895,1.0,0.0,1.0,stop:lane_lost,0,0,0,0,-1.0
1787224696.1308677,32.797178460913244,0.0,112.0,0.0,0.009668147373922133,0.8000000000000006,0.0,1.0,stop:lane_lost,0,0,0,0,-1.0
1787224696.1585472,33.39549237655231,0.0,112.0,0.0,0.011235955056179775,0.4000000000000006,0.0,1.0,stop:lane_lost,0,0,0,0,-1.0
1787224696.1910164,33.975176129454006,0.0,112.0,0.0,0.017768487065586622,-0.15999999999999948,0.4,1.0,reacquire:road,0,0,0,0,-1.0
1787224696.219791,33.31507240291575,0.0,112.0,0.0,0.010974653775803502,0.0,0.0,1.0,stop:lane_lost,0,0,0,0,-1.0
1787224696.2463603,33.647145587039304,0.0,112.0,0.0,0.02038149986934936,-0.56,0.4,1.0,reacquire:road,0,0,0,0,-1.0
1787224696.2817986,34.410398086523884,0.0,112.0,0.0,0.007969689051476353,-0.16000000000000003,0.0,1.0,stop:lane_lost,0,0,0,0,-1.0
1787224696.3097498,33.1717693615651,0.0,112.0,0.0,0.025084922916122288,0.0,0.0,1.0,stop:lane_lost,0,0,0,0,-1.0
1787224696.3369896,33.720713058139964,0.0,112.0,0.0,0.03214005748628168,-0.56,0.4,1.0,reacquire:road,0,0,0,0,-1.0
1787224696.369273,34.320648508777246,0.0,112.0,0.0,0.0665011758557617,-1.0,0.4,1.0,reacquire:road,0,0,0,0,-1.0
1787224696.3980708,33.423429008157456,0.0,112.0,0.0,0.0665011758557617,-1.0,0.4,1.0,reacquire:road,0,0,0,0,-1.0
1787224696.4245572,33.972774462314646,0.0,112.0,0.0,0.06754638097726678,-1.0,0.4,1.0,reacquire:road,0,0,0,0,-1.0
1787224696.456191,34.75260228038571,0.0,112.0,0.0,0.08649072380454664,-1.0,0.4,1.0,reacquire:road,0,0,0,0,-1.0
1787224696.4871836,34.117626321334726,0.0,112.0,0.0,0.051998954794878496,-1.0,0.4,1.0,reacquire:road,0,0,0,0,-1.0
1787224696.5138452,33.73903949889061,0.0,112.0,0.0,0.08021949307551607,-1.0,0.4,1.0,reacquire:road,0,0,0,0,-1.0
1787224696.5455387,34.49621406315422,0.0,112.0,0.0,0.07460151554742618,-1.0,0.4,1.0,reacquire:road,0,0,0,0,-1.0
1787224696.5745692,33.793690310866275,0.0,112.0,0.0,0.04664227854716488,-1.0,0.4,1.0,reacquire:road,0,0,0,0,-1.0
1787224696.601485,34.08027321326052,0.0,112.0,0.0,0.050169845832244576,-1.0,0.4,1.0,reacquire:road,0,0,0,0,-1.0
1787224696.6344573,34.56421997584818,0.0,112.0,0.0,0.03932584269662921,-1.0,0.4,1.0,reacquire:road,0,0,0,0,-1.0
1787224696.663415,33.55963856479033,0.0,112.0,0.0,0.040501698458322445,-1.0,0.4,1.0,reacquire:road,0,0,0,0,-1.0
1787224696.691999,34.07317987870518,0.0,112.0,0.0,0.06702377841651425,-1.0,0.4,1.0,reacquire:road,0,0,0,0,-1.0
1787224696.7249923,34.272951953025,0.0,112.0,0.0,0.05043114711262085,-1.0,0.4,1.0,reacquire:road,0,0,0,0,-1.0
1787224696.75529,33.454331719376874,0.0,112.0,0.0,0.055526522079958195,-1.0,0.4,1.0,reacquire:road,0,0,0,0,-1.0
1787224696.7821958,33.39048347647058,0.0,112.0,0.0,0.05291350927619545,-1.0,0.4,1.0,reacquire:road,0,0,0,0,-1.0
1787224696.8136644,34.13862961583818,0.0,112.0,0.0,0.05957669192579044,-1.0,0.4,1.0,reacquire:road,0,0,0,0,-1.0
1787224696.8414075,33.67039869534652,0.0,112.0,0.0,0.051215050953749675,-1.0,0.4,1.0,reacquire:road,0,0,0,0,-1.0
1787224696.8688927,34.15545816487932,0.0,112.0,0.0,0.05709432976221584,-1.0,0.4,1.0,reacquire:road,0,0,0,0,-1.0
1787224696.9036992,34.60122388426085,0.0,112.0,0.0,0.05879278808466162,-0.6399999999999997,0.4,1.0,reacquire:road,0,0,0,0,-1.0
1787224696.9325557,33.342385346366314,0.0,112.0,0.0,0.055918474000522606,-0.07999999999999963,0.4,1.0,reacquire:road,0,0,0,0,-1.0
1787224696.9586809,33.70011137736627,0.0,112.0,0.0,0.05644107656127515,0.4800000000000004,0.4,1.0,reacquire:road,0,0,0,0,-1.0
1787224696.9908433,34.6539861757775,0.0,112.0,0.0,0.07447086490723805,1.0,0.4,1.0,reacquire:road,0,0,0,0,-1.0
1787224697.0192242,33.880984041098245,0.0,112.0,0.0,0.07264175594460413,1.0,0.4,1.0,reacquire:road,0,0,0,0,-1.0
1787224697.0452418,34.218010686831725,0.0,112.0,0.0,0.08831983276718056,1.0,0.4,1.0,reacquire:road,0,0,0,0,-1.0
1787224697.0775805,35.06041844351734,0.0,112.0,0.0,0.10073164358505357,1.0,0.4,1.0,reacquire:road,0,0,0,0,-1.0
1787224697.1088803,34.1958948865494,0.0,112.0,0.0,0.09785732950091455,1.0,0.4,1.0,reacquire:road,0,0,0,0,-1.0
1787224697.1363866,33.79599986859481,0.0,112.0,0.0,0.045466422785471645,1.0,0.0,1.0,stop:lane_lost,0,0,0,0,-1.0
1787224697.1680176,34.311710963629494,0.0,112.0,0.0,0.03174810556571727,1.0,0.0,1.0,stop:lane_lost,0,0,0,0,-1.0
1787224697.1957767,33.761879592919335,0.0,112.0,0.0,0.03488372093023256,1.0,0.4,1.0,reacquire:road,0,0,0,0,-1.0
1787224697.2229152,34.05977663270948,0.0,112.0,0.0,0.03880324013587667,1.0,0.4,1.0,reacquire:road,0,0,0,0,-1.0
1787224697.2562015,34.789133652119126,0.0,112.0,0.0,0.031486804285341,1.0,0.0,1.0,stop:lane_lost,0,0,0,0,-1.0
1787224697.2902431,33.723692689472685,0.0,112.0,0.0,0.0594460412856023,1.0,0.4,1.0,reacquire:road,0,0,0,0,-1.0
1787224697.3213768,32.971722438376844,0.0,112.0,0.0,0.05892343872484975,1.0,0.4,1.0,reacquire:road,0,0,0,0,-1.0
1787224697.3555098,32.6000834144094,0.0,112.0,0.0,0.053305461196759864,1.0,0.4,1.0,reacquire:road,0,0,0,0,-1.0
1787224697.3843906,32.05400221206689,0.0,112.0,0.0,0.03867258949568853,1.0,0.0,1.0,stop:lane_lost,0,0,0,0,-1.0
1787224697.4112134,32.65573720267727,0.0,112.0,0.0,0.059054089365037886,1.0,0.4,1.0,reacquire:road,0,0,0,0,-1.0
1787224697.4438376,33.51676272242266,0.0,112.0,0.0,0.05853148680428534,1.0,0.4,1.0,reacquire:road,0,0,0,0,-1.0
1787224697.4739954,32.72947196919524,0.0,112.0,0.0,0.056571727201463286,1.0,0.4,1.0,reacquire:road,0,0,0,0,-1.0
1787224697.5016177,33.145675531168195,0.0,112.0,0.0,0.060491246407107395,1.0,0.0,1.0,stop:lane_lost,0,0,0,0,-1.0
1787224697.5372546,33.75467363220859,0.0,112.0,0.0,0.05291350927619545,1.0,0.0,1.0,stop:lane_lost,0,0,0,0,-1.0
1787224697.5681016,32.588868030320285,0.0,112.0,0.0,0.05996864384635485,1.0,0.4,1.0,reacquire:road,0,0,0,0,-1.0
1787224697.5956295,32.58587951729594,0.0,112.0,0.0,0.03057224980402404,0.96,0.4,1.0,reacquire:road,0,0,0,0,-1.0
1787224697.6285934,33.335354645100594,0.0,112.0,0.0,0.09001829108962633,0.5599999999999999,0.0,1.0,stop:lane_lost,0,0,0,0,-1.0
1787224697.6587386,32.413864459554375,0.0,112.0,0.0,0.08322445779984322,-1.1102230246251565e-16,0.4,1.0,reacquire:road,0,0,0,0,-1.0
1787224697.6859317,33.006436276667166,0.0,112.0,0.0,0.07577737130911942,-0.5600000000000002,0.4,1.0,reacquire:road,0,0,0,0,-1.0
1787224697.7174752,33.7603943906771,0.0,112.0,0.0,0.08544551868304155,-1.0,0.4,1.0,reacquire:road,0,0,0,0,-1.0
1787224697.7472076,33.090942711147164,0.0,112.0,0.0,0.11314345440292657,-1.0,0.4,1.0,reacquire:road,0,0,0,0,-1.0
1787224697.774111,33.47513602910269,0.0,112.0,0.0,0.10360595766919257,-1.0,0.0,1.0,stop:lane_lost,0,0,0,0,-1.0
1787224697.806499,34.23032489631308,0.0,112.0,0.0,0.08505356676247713,-0.8800000000000002,0.0,1.0,stop:lane_lost,0,0,0,0,-1.0
1787224697.836257,33.45692131464863,0.0,112.0,0.0,0.12385680689835381,-0.4800000000000002,0.0,1.0,stop:lane_lost,0,0,0,0,-1.0
1787224697.8627975,33.63176538066223,0.0,112.0,0.0,0.12646981970211654,-0.08000000000000018,0.0,1.0,stop:lane_lost,0,0,0,0,-1.0
1787224697.8943264,34.4303650478288,0.0,112.0,0.0,0.11053044159916384,0.0,0.0,1.0,stop:lane_lost,0,0,0,0,-1.0
1787224697.9240682,33.73812040238272,0.0,112.0,0.0,0.12777632610399792,0.0,0.0,1.0,stop:lane_lost,0,0,0,0,-1.0
1787224697.9528847,33.90674911136731,0.0,112.0,0.0,0.13247974915077085,0.0,0.0,1.0,stop:lane_lost,0,0,0,0,-1.0
1787224697.9854198,34.06129043111105,0.0,112.0,0.0,0.1252939639404233,0.0,0.0,1.0,stop:lane_lost,0,0,0,0,-1.0
1787224698.0134435,33.381874740093245,0.0,112.0,0.0,0.11157564672066893,0.0,0.0,1.0,stop:lane_lost,0,0,0,0,-1.0
1787224698.0397565,33.84460227696548,0.0,112.0,0.0,0.12346485497778939,0.0,0.0,1.0,stop:lane_lost,0,0,0,0,-1.0
1787224698.0718482,34.70218540106042,0.0,112.0,0.0,0.12660047034230468,0.0,0.0,1.0,stop:lane_lost,0,0,0,0,-1.0
1787224698.0998974,33.96582208319146,0.0,112.0,0.0,0.15717272014632871,0.0,0.0,1.0,stop:lane_lost,0,0,0,0,-1.0
1787224698.1260262,34.33798912743726,0.0,112.0,0.0,0.16200679383328978,0.0,0.0,1.0,stop:lane_lost,0,0,0,0,-1.0
1787224698.161683,35.12715717057387,0.0,112.0,0.0,0.1539064541416253,-0.56,0.4,1.0,reacquire:road,0,0,0,0,-1.0
1787224698.1915488,33.66944195753091,0.0,112.0,0.0,0.1416252939639404,-0.16000000000000003,0.0,1.0,stop:lane_lost,0,0,0,0,-1.0
1787224698.2191055,33.67872079053445,0.0,112.0,0.0,0.13639926835641494,-0.7200000000000001,0.4,1.0,reacquire:road,0,0,0,0,-1.0
1787224698.2510798,34.20340131354033,0.0,112.0,0.0,0.16357460151554742,-0.16000000000000003,0.4,1.0,reacquire:road,0,0,0,0,-1.0
1787224698.2804747,33.538705734394,0.0,112.0,0.0,0.1352234125947217,0.4,0.4,1.0,reacquire:road,0,0,0,0,-1.0
1787224698.306865,33.72670950950149,0.0,112.0,0.0,0.1079174287954011,0.9600000000000001,0.4,1.0,reacquire:road,0,0,0,0,-1.0
1787224698.339277,34.57786246332647,0.0,112.0,0.0,0.10478181343088581,1.0,0.4,1.0,reacquire:road,0,0,0,0,-1.0
1787224698.3684094,33.79905081584815,0.0,112.0,0.0,0.11092239351972824,1.0,0.4,1.0,reacquire:road,0,0,0,0,-1.0
1787224698.395138,33.942175449214446,0.0,112.0,0.0,0.09380715965508231,1.0,0.4,1.0,reacquire:road,0,0,0,0,-1.0
1787224698.4278781,34.46289406206437,0.0,112.0,0.0,0.11588711784687745,1.0,0.4,1.0,reacquire:road,0,0,0,0,-1.0
1787224698.4578435,33.71463713740417,0.0,112.0,0.0,0.1298667363470081,1.0,0.4,1.0,reacquire:road,0,0,0,0,-1.0
1787224698.4851985,33.750696964475026,0.0,112.0,0.0,0.06780768225764307,1.0,0.0,1.0,stop:lane_lost,0,0,0,0,-1.0
1787224698.5172443,34.31373415696072,0.0,112.0,0.0,0.0435066631826496,1.0,0.0,1.0,stop:lane_lost,0,0,0,0,-1.0
1787224698.5453875,33.67040528134359,0.0,112.0,0.0,0.08753592892605173,1.0,0.0,1.0,stop:lane_lost,0,0,0,0,-1.0
1787224698.5737083,34.042936124398715,0.0,112.0,0.0,0.049385941991115755,1.0,0.0,1.0,stop:lane_lost,0,0,0,0,-1.0
1787224698.6058109,34.318371714897175,0.0,112.0,0.0,0.04455186830415469,1.0,0.0,1.0,stop:lane_lost,0,0,0,0,-1.0
1787224698.6346102,33.611185322100326,0.0,112.0,0.0,0.0056179775280898875,1.0,0.0,1.0,stop:lane_lost,0,0,0,0,-1.0
1787224698.6633987,33.93069869036799,0.0,112.0,0.0,0.004311471126208518,0.9600000000000007,0.0,1.0,stop:lane_lost,0,0,0,0,-1.0
1787224698.697209,34.06368851195319,0.0,112.0,0.0,0.0018291089626339169,0.4000000000000007,0.4,1.0,reacquire:road,0,0,0,0,-1.0
1787224698.7261941,33.168961856000756,0.0,112.0,0.0,0.007055134570159394,-0.15999999999999936,0.4,1.0,reacquire:road,0,0,0,0,-1.0
1787224698.754279,33.40634713456286,0.0,112.0,0.0,0.005487326887901751,-0.7199999999999994,0.4,1.0,reacquire:road,0,0,0,0,-1.0
1787224698.7889585,33.90375104646939,0.0,112.0,0.0,0.009276195453357722,-1.0,0.4,1.0,reacquire:road,0,0,0,0,-1.0
1787224698.8181849,32.859926920470144,0.0,112.0,0.0,0.0048340736869610665,-1.0,0.4,1.0,reacquire:road,0,0,0,0,-1.0
1787224698.8452263,33.1739175885257,0.0,112.0,0.0,0.007447086490723805,-1.0,0.4,1.0,reacquire:road,0,0,0,0,-1.0
1787224698.8775046,33.89384172910802,0.0,112.0,0.0,0.017768487065586622,-1.0,0.0,1.0,stop:lane_lost,0,0,0,0,-1.0
1787224698.9069276,33.30592406126988,0.0,112.0,0.0,0.018421740266527306,-1.0,0.0,1.0,stop:lane_lost,0,0,0,0,-1.0
1787224698.9371095,33.45979605386802,0.0,112.0,0.0,0.017899137705774757,-1.0,0.0,1.0,stop:lane_lost,0,0,0,0,-1.0
1787224698.9699988,33.410866723716126,0.0,112.0,0.0,0.003919519205644107,-0.7999999999999997,0.0,1.0,stop:lane_lost,0,0,0,0,-1.0
1787224698.9995837,32.695117624850994,0.0,112.0,0.0,0.008622942252417037,-0.3999999999999997,0.0,1.0,stop:lane_lost,0,0,0,0,-1.0
1787224699.0271118,32.939787850292696,0.0,112.0,0.0,0.008622942252417037,0.0,0.0,1.0,stop:lane_lost,0,0,0,0,-1.0
1787224699.0593932,33.71655067715811,0.0,112.0,0.0,0.008753592892605173,0.0,0.0,1.0,stop:lane_lost,0,0,0,0,-1.0
1787224699.0892112,33.075874331667194,0.0,112.0,0.0,0.009929448654298406,0.0,0.0,1.0,stop:lane_lost,0,0,0,0,-1.0
1787224699.116038,33.325008582752325,0.0,112.0,0.0,0.009668147373922133,0.0,0.0,1.0,stop:lane_lost,0,0,0,0,-1.0
1787224699.1483946,34.11322617620598,0.0,112.0,0.0,0.005356676247713614,0.0,0.0,1.0,stop:lane_lost,0,0,0,0,-1.0
1787224699.1762087,33.458775834458145,0.0,112.0,0.0,0.004964724327149203,0.0,0.0,1.0,stop:lane_lost,0,0,0,0,-1.0
1787224699.2046769,33.96539320191468,0.0,112.0,0.0,0.0002613012803762738,0.0,0.0,1.0,stop:lane_lost,0,0,0,0,-1.0
1787224699.2367606,34.205125296085754,0.0,112.0,0.0,0.0007839038411288215,0.0,0.0,1.0,stop:lane_lost,0,0,0,0,-1.0
1787224699.2654366,33.58075739048799,0.0,112.0,0.0,0.0,0.0,0.0,1.0,stop:lane_lost,0,0,0,0,-1.0
1787224699.2920182,33.864251800314065,0.0,112.0,0.0,0.0002613012803762738,0.0,0.0,1.0,stop:lane_lost,0,0,0,0,-1.0
1787224699.3245656,34.616998347078614,0.0,112.0,0.0,0.0024823621635746015,0.0,0.0,1.0,stop:lane_lost,0,0,0,0,-1.0
1787224699.3541963,33.74448646240874,0.0,112.0,0.0,0.005487326887901751,0.0,0.0,1.0,stop:lane_lost,0,0,0,0,-1.0
1787224699.3830807,33.860745351195604,0.0,112.0,0.0,0.004311471126208518,0.0,0.0,1.0,stop:lane_lost,0,0,0,0,-1.0
1787224699.416503,33.99980333882292,0.0,112.0,0.0,0.004050169845832245,0.0,0.0,1.0,stop:lane_lost,0,0,0,0,-1.0
1787224699.445083,33.061337826518916,0.0,112.0,0.0,0.004964724327149203,0.0,0.0,1.0,stop:lane_lost,0,0,0,0,-1.0
1787224699.4719498,33.6247765058793,0.0,112.0,0.0,0.006532532009406846,0.0,0.0,1.0,stop:lane_lost,0,0,0,0,-1.0
1787224699.503623,34.356268005729355,0.0,112.0,0.0,0.009276195453357722,0.0,0.0,1.0,stop:lane_lost,0,0,0,0,-1.0
1787224699.535788,33.67118549130751,0.0,112.0,0.0,0.015939378102952706,0.0,0.0,1.0,stop:lane_lost,0,0,0,0,-1.0
1787224699.5622945,33.285649667799184,0.0,112.0,0.0,0.020512150509537495,0.0,0.0,1.0,stop:lane_lost,0,0,0,0,-1.0
1787224699.5940866,34.148162827909395,0.0,112.0,0.0,0.0036582179252678338,0.0,0.0,1.0,stop:lane_lost,0,0,0,0,-1.0
1787224699.6236126,33.43633127381665,0.0,112.0,0.0,0.015939378102952706,-0.56,0.4,1.0,reacquire:road,0,0,0,0,-1.0
1787224699.6528008,33.75043399673499,0.0,112.0,0.0,0.016331330023517117,-0.16000000000000003,0.0,1.0,stop:lane_lost,0,0,0,0,-1.0
1787224699.6852257,33.858244971919746,0.0,112.0,0.0,0.01646198066370525,0.0,0.0,1.0,stop:lane_lost,0,0,0,0,-1.0
1787224699.7139802,33.23381769610579,0.0,112.0,0.0,0.017899137705774757,-0.56,0.4,1.0,reacquire:road,0,0,0,0,-1.0
1787224699.7405865,33.56761329967976,0.0,112.0,0.0,0.01659263130389339,-1.0,0.4,1.0,reacquire:road,0,0,0,0,-1.0
1787224699.7735147,34.37441092116115,0.0,112.0,0.0,0.00169845832244578,-0.7200000000000001,0.0,1.0,stop:lane_lost,0,0,0,0,-1.0
1787224699.8057935,33.51834071432473,0.0,112.0,0.0,0.020120198588973084,-1.0,0.4,1.0,reacquire:road,0,0,0,0,-1.0
1787224699.8352726,33.06668454706842,0.0,112.0,0.0,0.009406846093545859,-0.8800000000000002,0.0,1.0,stop:lane_lost,0,0,0,0,-1.0
1787224699.8670025,33.22487341239942,0.0,112.0,0.0,0.009537496733733995,-1.0,0.4,1.0,reacquire:road,0,0,0,0,-1.0
1787224699.8962774,32.83133050315054,0.0,112.0,0.0,0.008361640972040762,-1.0,0.0,1.0,stop:lane_lost,0,0,0,0,-1.0
1787224699.92277,33.15483136924497,0.0,112.0,0.0,0.01659263130389339,-0.6400000000000005,0.0,1.0,stop:lane_lost,0,0,0,0,-1.0
1787224699.9549658,34.095851019075226,0.0,112.0,0.0,0.00679383328978312,-0.24000000000000044,0.0,1.0,stop:lane_lost,0,0,0,0,-1.0
1787224699.9840682,33.45562508022095,0.0,112.0,0.0,0.012542461458061144,0.0,0.0,1.0,stop:lane_lost,0,0,0,0,-1.0
1787224700.0105019,33.67937860087361,0.0,112.0,0.0,0.013848967859942513,0.0,0.0,1.0,stop:lane_lost,0,0,0,0,-1.0
1787224700.0458455,34.487668975171644,0.0,112.0,0.0,0.013979618500130651,0.0,0.0,1.0,stop:lane_lost,0,0,0,0,-1.0
1787224700.07754,32.956305036962085,0.0,112.0,0.0,0.022733211392735823,0.0,0.0,1.0,stop:lane_lost,0,0,0,0,-1.0
1787224700.1056998,33.01377485832666,0.0,112.0,0.0,0.016853932584269662,0.0,0.0,1.0,stop:lane_lost,0,0,0,0,-1.0
1787224700.1378942,33.60696200855759,0.0,112.0,0.0,0.021949307551607004,0.0,0.0,1.0,stop:lane_lost,0,0,0,0,-1.0
1787224700.166998,33.09211640894964,0.0,112.0,0.0,0.012803762738437419,0.0,0.0,1.0,stop:lane_lost,0,0,0,0,-1.0
1787224700.1935127,33.340897498219135,0.0,112.0,0.0,0.014763522341259471,0.0,0.0,1.0,stop:lane_lost,0,0,0,0,-1.0
1787224700.226697,34.05760532883225,0.0,112.0,0.0,0.01868304154690358,0.0,0.0,1.0,stop:lane_lost,0,0,0,0,-1.0
1787224700.2565894,33.341702260438254,0.0,112.0,0.0,0.015416775542200157,0.0,0.0,1.0,stop:lane_lost,0,0,0,0,-1.0
1787224700.2859855,33.42011468053026,0.0,112.0,0.0,0.023909067154429055,0.0,0.0,1.0,stop:lane_lost,0,0,0,0,-1.0
1787224700.3181841,33.538841524726266,0.0,112.0,0.0,0.009406846093545859,0.0,0.0,1.0,stop:lane_lost,0,0,0,0,-1.0
1787224700.3482022,33.02495567692776,0.0,112.0,0.0,0.009537496733733995,0.0,0.0,1.0,stop:lane_lost,0,0,0,0,-1.0
1787224700.3763003,33.074191352987334,0.0,112.0,0.0,0.013065064018813691,0.0,0.0,1.0,stop:lane_lost,0,0,0,0,-1.0
1787224700.4095755,33.59347602045361,0.0,112.0,0.0,0.010582701855239091,0.0,0.0,1.0,stop:lane_lost,0,0,0,0,-1.0
1787224700.438795,32.8635246728426,0.0,112.0,0.0,0.017899137705774757,0.0,0.0,1.0,stop:lane_lost,0,0,0,0,-1.0
1787224700.4696152,33.17618654018777,0.0,112.0,0.0,0.021949307551607004,0.0,0.0,1.0,stop:lane_lost,0,0,0,0,-1.0
1787224700.5026357,33.02980229103881,0.0,112.0,0.0,0.021296054350666317,0.0,0.0,1.0,stop:lane_lost,0,0,0,0,-1.0
1787224700.5309892,32.47031654911292,0.0,112.0,0.0,0.023909067154429055,0.0,0.0,1.0,stop:lane_lost,0,0,0,0,-1.0
1787224700.5581896,33.02349168905106,0.0,112.0,0.0,0.007577737130911941,0.0,0.0,1.0,stop:lane_lost,0,0,0,0,-1.0
1787224700.5935237,33.75465464683138,0.0,112.0,0.0,0.029135092761954532,0.0,0.0,1.0,stop:lane_lost,0,0,0,0,-1.0
1787224700.6244407,32.64732525741705,0.0,112.0,0.0,0.037627384374183434,0.0,0.0,1.0,stop:lane_lost,0,0,0,0,-1.0
1787224700.653749,32.64197028306376,0.0,112.0,0.0,0.025215573556310426,0.0,0.0,1.0,stop:lane_lost,0,0,0,0,-1.0
1787224700.6871758,32.94151027421087,0.0,112.0,0.0,0.023909067154429055,0.0,0.0,1.0,stop:lane_lost,0,0,0,0,-1.0
1787224700.7158666,32.29793162490852,0.0,112.0,0.0,0.02207995819179514,0.0,0.0,1.0,stop:lane_lost,0,0,0,0,-1.0
1787224700.743235,32.864848073889966,0.0,112.0,0.0,0.013718317219754377,0.0,0.0,1.0,stop:lane_lost,0,0,0,0,-1.0
1787224700.7768853,33.57515854255627,0.0,112.0,0.0,0.013065064018813691,0.0,0.0,1.0,stop:lane_lost,0,0,0,0,-1.0
1787224700.8062434,32.72489667775605,0.0,112.0,0.0,0.018029788345962895,0.0,0.0,1.0,stop:lane_lost,0,0,0,0,-1.0
1787224700.836776,33.008446554848646,0.0,112.0,0.0,0.03462241964985628,0.56,0.4,1.0,reacquire:road,0,0,0,0,-1.0
1787224700.8695426,33.058862894757645,0.0,112.0,0.0,0.036582179252678336,0.16000000000000003,0.0,1.0,stop:lane_lost,0,0,0,0,-1.0
1787224700.899175,32.51698165473604,0.0,112.0,0.0,0.03449176900966815,0.0,0.0,1.0,stop:lane_lost,0,0,0,0,-1.0
1787224700.9282873,32.795118273705654,0.0,112.0,0.0,0.026130128037627383,0.0,0.0,1.0,stop:lane_lost,0,0,0,0,-1.0
1787224700.9612148,33.11099562039183,0.0,112.0,0.0,0.02247191011235955,0.0,0.0,1.0,stop:lane_lost,0,0,0,0,-1.0
1787224700.9906037,32.53697574789645,0.0,112.0,0.0,0.020642801149725633,0.0,0.0,1.0,stop:lane_lost,0,0,0,0,-1.0
1787224701.0183692,32.87261507352402,0.0,112.0,0.0,0.010452051215050953,0.0,0.0,1.0,stop:lane_lost,0,0,0,0,-1.0
1787224701.0516148,33.50193020615383,0.0,112.0,0.0,0.007839038411288215,0.0,0.0,1.0,stop:lane_lost,0,0,0,0,-1.0
1787224701.0813155,32.77070823931196,0.0,112.0,0.0,0.030310948523647765,0.0,0.0,1.0,stop:lane_lost,0,0,0,0,-1.0
1787224701.110265,33.00673164846798,0.0,112.0,0.0,0.043376012542461456,-0.56,0.4,1.0,reacquire:road,0,0,0,0,-1.0
1787224701.1426442,33.28071503381368,0.0,112.0,0.0,0.01646198066370525,-0.16000000000000003,0.0,1.0,stop:lane_lost,0,0,0,0,-1.0
1787224701.1715398,32.70135835991637,0.0,112.0,0.0,0.02207995819179514,0.0,0.0,1.0,stop:lane_lost,0,0,0,0,-1.0
1787224701.1988626,33.240127040486634,0.0,112.0,0.0,0.036582179252678336,0.0,0.0,1.0,stop:lane_lost,0,0,0,0,-1.0
1787224701.2310166,33.921953505971935,0.0,112.0,0.0,0.021557355631042593,0.0,0.0,1.0,stop:lane_lost,0,0,0,0,-1.0
1787224701.2596548,33.31239979448559,0.0,112.0,0.0,0.015808727462764568,0.0,0.0,1.0,stop:lane_lost,0,0,0,0,-1.0
1787224701.2868328,33.68011236830858,0.0,112.0,0.0,0.018552390906715444,0.0,0.0,1.0,stop:lane_lost,0,0,0,0,-1.0
1787224701.319977,34.31658308568555,0.0,112.0,0.0,0.053305461196759864,-0.56,0.4,1.0,reacquire:road,0,0,0,0,-1.0
1787224701.3490055,33.402519459520896,0.0,112.0,0.0,0.04507447086490724,-1.0,0.4,1.0,reacquire:road,0,0,0,0,-1.0
1787224701.375458,33.71910631722268,0.0,112.0,0.0,0.05173765351450222,-1.0,0.4,1.0,reacquire:road,0,0,0,0,-1.0
1787224701.4077263,34.50787461419634,0.0,112.0,0.0,0.026652730598379932,-1.0,0.4,1.0,reacquire:road,0,0,0,0,-1.0
1787224701.4379323,33.47094244635109,0.0,112.0,0.0,0.03488372093023256,-1.0,0.4,1.0,reacquire:road,0,0,0,0,-1.0
1787224701.4658442,33.84712639920493,0.0,112.0,0.0,0.052260256075254766,-1.0,0.4,1.0,reacquire:road,0,0,0,0,-1.0
1787224701.4988766,34.248070457203355,0.0,112.0,0.0,0.03214005748628168,-1.0,0.4,1.0,reacquire:road,0,0,0,0,-1.0
1787224701.5284634,33.42074769645387,0.0,112.0,0.0,0.025346224196498564,-1.0,0.4,1.0,reacquire:road,0,0,0,0,-1.0
1787224701.5574975,33.529778524149016,0.0,112.0,0.0,0.022602560752547688,-1.0,0.4,1.0,reacquire:road,0,0,0,0,-1.0
1787224701.5898168,33.71755595746329,0.0,112.0,0.0,0.04429056702377842,-1.0,0.4,1.0,reacquire:road,0,0,0,0,-1.0
1787224701.6188076,32.9439698356499,0.0,112.0,0.0,0.031617454925529136,-1.0,0.4,1.0,reacquire:road,0,0,0,0,-1.0
1787224701.6457446,33.55539328629088,0.0,112.0,0.0,0.03566762477136138,-1.0,0.4,1.0,reacquire:road,0,0,0,0,-1.0
1787224701.6797898,34.25225101796469,0.0,112.0,0.0,0.0364515286124902,-1.0,0.4,1.0,reacquire:road,0,0,0,0,-1.0
1787224701.706966,33.269328928046974,0.0,112.0,0.0,0.004964724327149203,-1.0,0.4,1.0,reacquire:road,0,0,0,0,-1.0
1787224701.7383041,33.97284146722218,0.0,112.0,0.0,0.01188920825712046,-1.0,0.4,1.0,reacquire:road,0,0,0,0,-1.0
1787224701.7716954,33.573163605167935,0.0,112.0,0.0,0.01985889730859681,-1.0,0.4,1.0,reacquire:road,0,0,0,0,-1.0
1787224701.8022547,32.82213281501203,0.0,112.0,0.0,0.0084922916122289,-1.0,0.4,1.0,reacquire:road,0,0,0,0,-1.0
1787224701.8294795,32.84424699192055,0.0,112.0,0.0,0.0014371570420695062,-1.0,0.4,1.0,reacquire:road,0,0,0,0,-1.0
1787224701.8621197,33.61978741612386,0.0,112.0,0.0,0.0007839038411288215,-1.0,0.4,1.0,reacquire:road,0,0,0,0,-1.0
1787224701.8897498,32.961634755861226,0.0,112.0,0.0,0.0005226025607525476,-1.0,0.0,1.0,stop:lane_lost,0,0,0,0,-1.0
1787224701.9175322,33.69562133303523,0.0,112.0,0.0,0.0007839038411288215,-1.0,0.0,1.0,stop:lane_lost,0,0,0,0,-1.0
1787224701.9515743,34.157456954374815,0.0,112.0,0.0,0.0023517115233864646,-1.0,0.4,1.0,reacquire:road,0,0,0,0,-1.0
1787224701.9805233,33.13036238248234,0.0,112.0,0.0,0.0027436634439508755,-1.0,0.0,1.0,stop:lane_lost,0,0,0,0,-1.0
1787224702.0065858,33.51208137877558,0.0,112.0,0.0,0.0014371570420695062,-1.0,0.0,1.0,stop:lane_lost,0,0,0,0,-1.0
1787224702.0408735,34.33357580909722,0.0,112.0,0.0,0.003266266004703423,-1.0,0.0,1.0,stop:lane_lost,0,0,0,0,-1.0
1787224702.0695758,33.223811618673594,0.0,112.0,0.0,0.005748628168278025,-1.0,0.4,1.0,reacquire:road,0,0,0,0,-1.0
1787224702.0962515,33.78679234264333,0.0,112.0,0.0,0.004050169845832245,-1.0,0.4,1.0,reacquire:road,0,0,0,0,-1.0
1787224702.128197,34.52817371088756,0.0,112.0,0.0,0.005487326887901751,-0.8800000000000003,0.4,1.0,reacquire:road,0,0,0,0,-1.0
1787224702.1568966,33.84365220146373,0.0,112.0,0.0,0.008753592892605173,-0.3200000000000003,0.4,1.0,reacquire:road,0,0,0,0,-1.0
1787224702.183706,34.089073232603816,0.0,112.0,0.0,0.014763522341259471,0.23999999999999977,0.4,1.0,reacquire:road,0,0,0,0,-1.0
1787224702.2150211,34.7400550746813,0.0,112.0,0.0,0.00509537496733734,0.7999999999999998,0.4,1.0,reacquire:road,0,0,0,0,-1.0
1787224702.2429855,34.14337538293844,0.0,112.0,0.0,0.0077083877711000785,1.0,0.4,1.0,reacquire:road,0,0,0,0,-1.0
1787224702.2694952,34.49421038663921,0.0,112.0,0.0,0.009014894172981448,1.0,0.4,1.0,reacquire:road,0,0,0,0,-1.0
1787224702.3006518,35.15817600922823,0.0,112.0,0.0,0.011366605696367911,1.0,0.4,1.0,reacquire:road,0,0,0,0,-1.0
1787224702.3288598,34.438533451390235,0.0,112.0,0.0,0.013065064018813691,1.0,0.4,1.0,reacquire:road,0,0,0,0,-1.0
1787224702.354505,34.771975078233126,0.0,112.0,0.0,0.015155474261823882,1.0,0.4,1.0,reacquire:road,0,0,0,0,-1.0
1787224702.3885326,35.62133711118355,0.0,112.0,0.0,0.018552390906715444,1.0,0.4,1.0,reacquire:road,0,0,0,0,-1.0
1787224702.4167204,34.33479391520393,0.0,112.0,0.0,0.011235955056179775,1.0,0.4,1.0,reacquire:road,0,0,0,0,-1.0
1787224702.4427552,34.62289062247514,0.0,112.0,0.0,0.012281160177684871,1.0,0.4,1.0,reacquire:road,0,0,0,0,-1.0
1787224702.4740734,35.37378669453996,0.0,112.0,0.0,0.023255813953488372,1.0,0.4,1.0,reacquire:road,0,0,0,0,-1.0
1787224702.5036917,34.627218282698564,0.0,112.0,0.0,0.03357721452835119,1.0,0.4,1.0,reacquire:road,0,0,0,0,-1.0
1787224702.5300179,34.52490034166516,0.0,112.0,0.0,0.024823621635746015,1.0,0.4,1.0,reacquire:road,0,0,0,0,-1.0
1787224702.5615032,35.21738270568359,0.0,112.0,0.0,0.03174810556571727,1.0,0.4,1.0,reacquire:road,0,0,0,0,-1.0
1787224702.5909498,34.451721201163195,0.0,112.0,0.0,0.042722759341520776,1.0,0.4,1.0,reacquire:road,0,0,0,0,-1.0
1787224702.6181045,34.275930480381305,0.0,112.0,0.0,0.04559707342565979,1.0,0.4,1.0,reacquire:road,0,0,0,0,-1.0
1787224702.6500342,34.985354761676426,0.0,112.0,0.0,0.049385941991115755,1.0,0.4,1.0,reacquire:road,0,0,0,0,-1.0
1787224702.6779912,34.23345726606053,0.0,112.0,0.0,0.05212960543506663,1.0,0.4,1.0,reacquire:road,0,0,0,0,-1.0
1787224702.704198,34.553292200745105,0.0,112.0,0.0,0.05957669192579044,1.0,0.4,1.0,reacquire:road,0,0,0,0,-1.0
1787224702.7367153,35.28928126195652,0.0,112.0,0.0,0.0749934674679906,1.0,0.4,1.0,reacquire:road,0,0,0,0,-1.0
1787224702.7645793,34.35975562319777,0.0,112.0,0.0,0.08322445779984322,1.0,0.4,1.0,reacquire:road,0,0,0,0,-1.0
1787224702.79277,34.6943030018116,0.0,112.0,0.0,0.09576691925790437,1.0,0.4,1.0,reacquire:road,0,0,0,0,-1.0
1787224702.827209,34.833737153889494,0.0,112.0,0.0,0.11797752808988764,1.0,0.4,1.0,reacquire:road,0,0,0,0,-1.0
1787224702.8560274,33.6502467256509,0.0,112.0,0.0,0.13051998954794877,1.0,0.4,1.0,reacquire:road,0,0,0,0,-1.0
1787224702.884107,33.909008398910586,0.0,112.0,0.0,0.1454141625293964,1.0,0.4,1.0,reacquire:road,0,0,0,0,-1.0
1787224702.9179013,34.247673300522386,0.0,112.0,0.0,0.15965508230990333,1.0,0.4,1.0,reacquire:road,0,0,0,0,-1.0
1787224702.9448667,33.300931913028215,0.0,112.0,0.0,0.18264959498301542,1.0,0.4,1.0,reacquire:road,0,0,0,0,-1.0
1787224702.9705656,34.07737282360482,0.0,112.0,0.0,0.19662921348314608,1.0,0.4,1.0,reacquire:road,0,0,0,0,-1.0
1787224703.0038521,35.050918318769945,0.0,112.0,0.0,0.21034753070290044,1.0,0.4,1.0,reacquire:road,0,0,0,0,-1.0
1787224703.0345616,33.98092989794583,0.0,112.0,0.0,0.2307290305722498,1.0,0.4,1.0,reacquire:road,0,0,0,0,-1.0
1787224703.0608008,33.775045031527824,0.0,112.0,0.0,0.24679905931539065,1.0,0.4,1.0,reacquire:road,0,0,0,0,-1.0
1787224703.0917013,34.63178825095882,0.0,112.0,0.0,0.2887379148157826,1.0,0.4,1.0,reacquire:road,0,0,0,0,-1.0
1787224703.1207724,34.148581775909236,0.0,112.0,0.0,0.3058531486804285,1.0,0.4,1.0,reacquire:road,0,0,0,0,-1.0
1787224703.1480906,34.2357908294038,0.0,112.0,0.0,0.34152077345178994,1.0,0.4,1.0,reacquire:road,0,0,0,0,-1.0
1787224703.1790543,34.71813049506963,0.0,112.0,0.0,0.37692709694277504,1.0,0.4,1.0,reacquire:road,0,0,0,0,-1.0
1787224703.2074032,34.026936592173676,0.0,112.0,0.0,0.3867258949568853,1.0,0.4,1.0,reacquire:road,0,0,0,0,-1.0
1787224703.2336273,34.519592529693114,0.0,112.0,0.0,0.38842435327933106,1.0,0.4,1.0,reacquire:road,0,0,0,0,-1.0
1787224703.265832,35.271375098012605,0.0,112.0,0.0,0.39900705513457013,1.0,0.4,1.0,reacquire:road,0,0,0,0,-1.0
1787224703.2941134,34.318281770538356,0.0,112.0,0.0,0.42735824405539585,1.0,0.4,1.0,reacquire:road,0,0,0,0,-1.0
1787224703.3197346,34.65679655412654,0.0,112.0,0.0,0.41494643323752284,1.0,0.4,1.0,reacquire:road,0,0,0,0,-1.0
1787224703.3510795,35.55249526548751,0.0,112.0,0.0,0.4776587405278286,1.0,0.4,1.0,reacquire:road,0,0,0,0,-1.0
1787224703.3782423,34.77773218351684,0.0,112.0,0.0,0.47400052260256076,1.0,0.4,1.0,reacquire:road,0,0,0,0,-1.0
1787224703.4040675,35.23227643039605,0.0,112.0,0.0,0.44773974392474525,1.0,0.4,1.0,reacquire:road,0,0,0,0,-1.0
1787224703.4356427,35.94452754760584,0.0,112.0,0.0,0.4861510321400575,1.0,0.4,1.0,reacquire:road,0,0,0,0,-1.0
1787224703.464559,35.04561083844792,0.0,112.0,0.0,0.4634178207473217,1.0,0.4,1.0,reacquire:road,0,0,0,0,-1.0
1787224703.4904356,34.997084840252036,0.0,112.0,0.0,0.4466945388032401,1.0,0.4,1.0,reacquire:road,0,0,0,0,-1.0
1787224703.521822,35.71004554425214,0.0,112.0,0.0,0.4868042853409982,1.0,0.4,1.0,reacquire:road,0,0,0,0,-1.0
1787224703.551765,34.94217030215269,0.0,112.0,0.0,0.48105565717272014,1.0,0.4,1.0,reacquire:road,0,0,0,0,-1.0
1787224703.5798476,34.65166840922033,0.0,112.0,0.0,0.468513195714659,1.0,0.4,1.0,reacquire:road,0,0,0,0,-1.0
1787224703.6114893,34.840676937170805,0.0,112.0,0.0,0.44251371831721975,1.0,0.4,1.0,reacquire:road,0,0,0,0,-1.0
1787224703.6386557,34.152983440377824,0.0,112.0,0.0,0.3871178468774497,1.0,0.4,1.0,reacquire:road,0,0,0,0,-1.0
1787224703.6660616,34.737485539583105,0.0,112.0,0.0,0.3630781290828325,1.0,0.4,1.0,reacquire:road,0,0,0,0,-1.0
1787224703.698329,34.99676894552969,0.0,112.0,0.0,0.3882937026391429,1.0,0.4,1.0,reacquire:road,0,0,0,0,-1.0
1787224703.7265232,34.193350969495995,0.0,112.0,0.0,0.3974392474523125,1.0,0.4,1.0,reacquire:road,0,0,0,0,-1.0
1787224703.752225,34.540274751889015,0.0,112.0,0.0,0.39900705513457013,1.0,0.4,1.0,reacquire:road,0,0,0,0,-1.0
1787224703.7840106,35.27094010807959,0.0,112.0,0.0,0.3896002090410243,1.0,0.4,1.0,reacquire:road,0,0,0,0,-1.0
1787224703.8133256,34.52264814026939,0.0,112.0,0.0,0.3722236738960021,1.0,0.4,1.0,reacquire:road,0,0,0,0,-1.0
1787224703.839637,34.54045570368771,0.0,112.0,0.0,0.3570681996341782,1.0,0.4,1.0,reacquire:road,0,0,0,0,-1.0
1787224703.871504,35.21332572193801,0.0,112.0,0.0,0.3663443950875359,1.0,0.4,1.0,reacquire:road,0,0,0,0,-1.0
1787224703.9019432,34.43083943272984,0.0,112.0,0.0,0.358766657956624,1.0,0.4,1.0,reacquire:road,0,0,0,0,-1.0
1787224703.929262,34.14655241544658,0.0,112.0,0.0,0.3433498824144238,1.0,0.4,1.0,reacquire:road,0,0,0,0,-1.0
1787224703.9610991,34.63917874426456,0.0,112.0,0.0,0.3297622158348576,1.0,0.4,1.0,reacquire:road,0,0,0,0,-1.0
1787224703.9885428,33.968778001462695,0.0,112.0,0.0,0.31617454925529137,1.0,0.4,1.0,reacquire:road,0,0,0,0,-1.0
1787224704.01521,34.49888622271182,0.0,112.0,0.0,0.31617454925529137,1.0,0.4,1.0,reacquire:road,0,0,0,0,-1.0
1787224704.046674,35.083347359253736,0.0,112.0,0.0,0.31016461980663707,1.0,0.4,1.0,reacquire:road,0,0,0,0,-1.0
1787224704.0754623,34.40524630777501,0.0,112.0,0.0,0.2931800365821792,1.0,0.4,1.0,reacquire:road,0,0,0,0,-1.0
1787224704.1016867,34.4228780839401,0.0,112.0,0.0,0.3027175333159132,1.0,0.4,1.0,reacquire:road,0,0,0,0,-1.0
1787224704.1361804,35.26372727281213,0.0,112.0,0.0,0.2940945910634962,1.0,0.4,1.0,reacquire:road,0,0,0,0,-1.0
1787224704.1650069,34.00154379286854,0.0,112.0,0.0,0.277632610399791,1.0,0.4,1.0,reacquire:road,0,0,0,0,-1.0
1787224704.1910837,34.14717357907038,0.0,112.0,0.0,0.27697935719885025,1.0,0.4,1.0,reacquire:road,0,0,0,0,-1.0
1787224704.2223773,34.94565287895756,0.0,112.0,0.0,0.27305983799320616,1.0,0.4,1.0,reacquire:road,0,0,0,0,-1.0
1787224704.2512026,34.242709525693726,0.0,112.0,0.0,0.27018552390906714,1.0,0.4,1.0,reacquire:road,0,0,0,0,-1.0
1787224704.2789135,34.479929214857215,0.0,112.0,0.0,0.2823360334465639,1.0,0.4,1.0,reacquire:road,0,0,0,0,-1.0
1787224704.311892,34.79322503365373,0.0,112.0,0.0,0.2912202769793572,1.0,0.4,1.0,reacquire:road,0,0,0,0,-1.0
1787224704.3421872,33.71719526353276,0.0,112.0,0.0,0.29448654298406063,1.0,0.4,1.0,reacquire:road,0,0,0,0,-1.0
1787224704.3705184,33.42474232792012,0.0,112.0,0.0,0.30023517115233866,1.0,0.4,1.0,reacquire:road,0,0,0,0,-1.0
1787224704.4024532,34.289675363158906,0.0,112.0,0.0,0.30533054611967597,1.0,0.4,1.0,reacquire:road,0,0,0,0,-1.0
1787224704.4302344,33.52492346264371,0.0,112.0,0.0,0.3057224980402404,1.0,0.4,1.0,reacquire:road,0,0,0,0,-1.0
1787224704.4564145,34.25012961940329,0.0,112.0,0.0,0.30559184740005224,1.0,0.4,1.0,reacquire:road,0,0,0,0,-1.0
1787224704.4880788,35.01218589687108,0.0,112.0,0.0,0.31042592108701333,1.0,0.4,1.0,reacquire:road,0,0,0,0,-1.0
1787224704.5170588,34.24596278677102,0.0,112.0,0.0,0.31447609093284556,1.0,0.4,1.0,reacquire:road,0,0,0,0,-1.0
1787224704.5458972,34.413455345284454,0.0,112.0,0.0,0.32636529918996604,1.0,0.4,1.0,reacquire:road,0,0,0,0,-1.0
1787224704.5790596,34.4593696401179,0.0,112.0,0.0,0.3344656388816305,1.0,0.4,1.0,reacquire:road,0,0,0,0,-1.0
1787224704.607598,33.557970198714216,0.0,112.0,0.0,0.3552390906715443,1.0,0.4,1.0,reacquire:road,0,0,0,0,-1.0
1787224704.634401,33.89219699902671,0.0,112.0,0.0,0.3671282989286648,1.0,0.4,1.0,reacquire:road,0,0,0,0,-1.0
1787224704.6660879,34.61853138583691,0.0,112.0,0.0,0.38528873791481577,1.0,0.4,1.0,reacquire:road,0,0,0,0,-1.0
1787224704.693841,33.97444351760327,0.0,112.0,0.0,0.39992160961588713,1.0,0.4,1.0,reacquire:road,0,0,0,0,-1.0
1787224704.719636,34.411020657529164,0.0,112.0,0.0,0.40958975698980926,1.0,0.4,1.0,reacquire:road,0,0,0,0,-1.0
1787224704.7515404,35.30371728815387,0.0,112.0,0.0,0.4223935197282467,1.0,0.4,1.0,reacquire:road,0,0,0,0,-1.0
1787224704.7824745,34.49326681300938,0.0,112.0,0.0,0.43728769270969425,1.0,0.4,1.0,reacquire:road,0,0,0,0,-1.0
1787224704.8090775,34.07384606823433,0.0,112.0,0.0,0.42513718317219756,1.0,0.4,1.0,reacquire:road,0,0,0,0,-1.0
1787224704.8409793,34.76432011134988,0.0,112.0,0.0,0.4455186830415469,1.0,0.4,1.0,reacquire:road,0,0,0,0,-1.0
1787224704.8680134,34.02180996622476,0.0,112.0,0.0,0.4472171413639927,1.0,0.4,1.0,reacquire:road,0,0,0,0,-1.0
1787224704.8942823,34.716974284145785,0.0,112.0,0.0,0.44564933368173504,1.0,0.4,1.0,reacquire:road,0,0,0,0,-1.0
1787224704.925997,35.38487715052594,0.0,112.0,0.0,0.480925006532532,1.0,0.4,1.0,reacquire:road,0,0,0,0,-1.0
1787224704.95397,34.48803015400411,0.0,112.0,0.0,0.4896785994251372,1.0,0.4,1.0,reacquire:road,0,0,0,0,-1.0
1787224704.980538,34.9104467274189,0.0,112.0,0.0,0.48850274366344393,1.0,0.4,1.0,reacquire:road,0,0,0,0,-1.0
1787224705.0124292,35.45658390267108,0.0,112.0,0.0,0.5203814998693493,1.0,0.4,1.0,reacquire:road,0,0,0,0,-1.0
1787224705.0398715,34.57105380100853,0.0,112.0,0.0,0.5646720668931278,1.0,0.4,1.0,reacquire:road,0,0,0,0,-1.0
1787224705.0661519,35.01859965017143,0.0,112.0,0.0,0.5680689835380194,1.0,0.4,1.0,reacquire:road,0,0,0,0,-1.0
1787224705.0977213,35.643988753481885,0.0,112.0,0.0,0.5823099033185263,1.0,0.4,1.0,reacquire:road,0,0,0,0,-1.0
1787224705.1254048,34.73605693799084,0.0,112.0,0.0,0.5860987718839822,1.0,0.4,1.0,reacquire:road,0,0,0,0,-1.0
1787224705.1511693,35.13835758505641,0.0,112.0,0.0,0.5888424353279331,1.0,0.4,1.0,reacquire:road,0,0,0,0,-1.0
1787224705.1825213,35.880298716722464,0.0,112.0,0.0,0.5888424353279331,1.0,0.4,1.0,reacquire:road,0,0,0,0,-1.0
1787224705.2133524,34.83179170418514,0.0,112.0,0.0,0.5893650378886857,1.0,0.4,1.0,reacquire:road,0,0,0,0,-1.0
1787224705.2403507,34.64996406346396,0.0,112.0,0.0,0.5853148680428534,1.0,0.4,1.0,reacquire:road,0,0,0,0,-1.0
1787224705.2726254,35.09929894973309,0.0,112.0,0.0,0.6276456754638098,1.0,0.4,1.0,reacquire:road,0,0,0,0,-1.0
1787224705.3015444,34.1461280871559,0.0,112.0,0.0,0.6414946433237523,0.6399999999999997,0.4,1.0,reacquire:road,0,0,0,0,-1.0
1787224705.3284047,34.42894895719018,0.0,112.0,0.0,0.6463287170107134,0.07999999999999963,0.4,1.0,reacquire:road,0,0,0,0,-1.0
1787224705.3601868,34.99535259965307,0.0,112.0,0.0,0.630781290828325,-0.4800000000000004,0.4,1.0,reacquire:road,0,0,0,0,-1.0
1787224705.3880906,34.239236710328754,0.0,112.0,0.0,0.6708910373660831,-1.0,0.4,1.0,reacquire:road,0,0,0,0,-1.0
1787224705.415665,34.62093365285878,0.0,112.0,0.0,0.6621374444734779,-1.0,0.4,1.0,reacquire:road,0,0,0,0,-1.0
1787224705.4479692,34.94614983428487,0.0,112.0,0.0,0.6448915599686439,-1.0,0.4,1.0,reacquire:road,0,0,0,0,-1.0
1787224705.4758162,34.08193135181713,0.0,112.0,0.0,0.6229422524170368,-1.0,0.4,1.0,reacquire:road,0,0,0,0,-1.0
1787224705.501994,34.41586485984056,0.0,112.0,0.0,0.6348314606741573,-1.0,0.4,1.0,reacquire:road,0,0,0,0,-1.0
1787224705.5347853,35.16835470922036,0.0,112.0,0.0,0.6282989286647505,-1.0,0.4,1.0,reacquire:road,0,0,0,0,-1.0
1787224705.5630329,34.31235463163536,0.0,112.0,0.0,0.5917167494120721,-1.0,0.4,1.0,reacquire:road,0,0,0,0,-1.0
1787224705.5894678,34.53723875826613,0.0,112.0,0.0,0.5858374706036059,-1.0,0.4,1.0,reacquire:road,0,0,0,0,-1.0
1787224705.623358,35.19205595488939,0.0,112.0,0.0,0.5957669192579044,-1.0,0.4,1.0,reacquire:road,0,0,0,0,-1.0
1787224705.6554244,34.04778911421574,0.0,112.0,0.0,0.5955056179775281,-1.0,0.4,1.0,reacquire:road,0,0,0,0,-1.0
1787224705.6833518,33.44834238932248,0.0,112.0,0.0,0.5960282205382806,-1.0,0.4,1.0,reacquire:road,0,0,0,0,-1.0
1787224705.7155855,33.97498485248967,0.0,112.0,0.0,0.6003396916644892,-1.0,0.4,1.0,reacquire:road,0,0,0,0,-1.0
1787224705.7448504,33.3051167929845,0.0,112.0,0.0,0.6332636529918997,-1.0,0.4,1.0,reacquire:road,0,0,0,0,-1.0
1787224705.7711825,33.57190919661025,0.0,112.0,0.0,0.6175855761693232,-1.0,0.4,1.0,reacquire:road,0,0,0,0,-1.0
1787224705.803015,34.45484808616446,0.0,112.0,0.0,0.6037366083093807,-1.0,0.4,1.0,reacquire:road,0,0,0,0,-1.0
1787224705.8312724,33.80822401889275,0.0,112.0,0.0,0.6152338646459368,-1.0,0.4,1.0,reacquire:road,0,0,0,0,-1.0
1787224705.8582954,34.17767107513198,0.0,112.0,0.0,0.7094329762215835,-1.0,0.4,1.0,reacquire:road,0,0,0,0,-1.0
1787224705.8909674,34.747221813471924,0.0,112.0,0.0,0.7326887901750718,-1.0,0.4,1.0,reacquire:road,0,0,0,0,-1.0
1787224705.9183588,33.907430323513594,0.0,112.0,0.0,0.7026391429318004,-1.0,0.4,1.0,reacquire:road,0,0,0,0,-1.0
1787224705.945484,34.45039064602347,0.0,112.0,0.0,0.7053828063757512,-1.0,0.4,1.0,reacquire:road,0,0,0,0,-1.0
1787224705.9780796,34.92115198228689,0.0,112.0,0.0,0.679383328978312,-1.0,0.4,1.0,reacquire:road,0,0,0,0,-1.0
1787224706.0058708,34.04145568884785,0.0,112.0,0.0,0.6550823099033185,-1.0,0.4,1.0,reacquire:road,0,0,0,0,-1.0
1787224706.032642,34.46942501810894,0.0,112.0,0.0,0.6596550823099033,-1.0,0.4,1.0,reacquire:road,0,0,0,0,-1.0
1787224706.0642755,35.06856494489978,0.0,112.0,0.0,0.603997909589757,-1.0,0.4,1.0,reacquire:road,0,0,0,0,-1.0
1787224706.0937526,34.2632843667861,0.0,112.0,0.0,0.5808727462764568,-0.6399999999999997,0.4,1.0,reacquire:road,0,0,0,0,-1.0
1787224706.1203544,34.21489643732441,0.0,112.0,0.0,0.5837470603605958,-0.07999999999999963,0.4,1.0,reacquire:road,0,0,0,0,-1.0
1787224706.1523206,35.03306459821883,0.0,112.0,0.0,0.5382806375751241,0.4800000000000004,0.4,1.0,reacquire:road,0,0,0,0,-1.0
1787224706.1838582,34.2730199701196,0.0,112.0,0.0,0.5408936503788868,1.0,0.4,1.0,reacquire:road,0,0,0,0,-1.0
1787224706.2101834,33.769487927492364,0.0,112.0,0.0,0.5293963940423309,1.0,0.4,1.0,reacquire:road,0,0,0,0,-1.0
1787224706.242068,34.61196199584727,0.0,112.0,0.0,0.5049647243271492,1.0,0.4,1.0,reacquire:road,0,0,0,0,-1.0
1787224706.2696326,33.88938153778019,0.0,112.0,0.0,0.4947739743924745,1.0,0.4,1.0,reacquire:road,0,0,0,0,-1.0
1787224706.302738,34.46515338425942,0.0,112.0,0.0,0.4784426443689574,1.0,0.4,1.0,reacquire:road,0,0,0,0,-1.0
1787224706.3351872,33.61343081614729,0.0,112.0,0.0,0.4536190227332114,1.0,0.4,1.0,reacquire:road,0,0,0,0,-1.0
1787224706.3638437,33.022238775093655,0.0,112.0,0.0,0.4344133786255553,1.0,0.4,1.0,reacquire:road,0,0,0,0,-1.0
1787224706.3910134,33.440786202513465,0.0,112.0,0.0,0.43049385941991114,1.0,0.4,1.0,reacquire:road,0,0,0,0,-1.0
1787224706.4222918,34.09161823421089,0.0,112.0,0.0,0.4175594460412856,1.0,0.4,1.0,reacquire:road,0,0,0,0,-1.0
1787224706.4515383,33.54566755370485,0.0,112.0,0.0,0.41507708387771103,1.0,0.4,1.0,reacquire:road,0,0,0,0,-1.0
1787224706.4782596,33.83949748700951,0.0,112.0,0.0,0.41468513195714657,1.0,0.4,1.0,reacquire:road,0,0,0,0,-1.0
1787224706.513381,34.556370780715426,0.0,112.0,0.0,0.4116801672328194,1.0,0.4,1.0,reacquire:road,0,0,0,0,-1.0
1787224706.5405245,33.32510204556462,0.0,112.0,0.0,0.4140318787562059,1.0,0.4,1.0,reacquire:road,0,0,0,0,-1.0
1787224706.5668247,34.040456643652405,0.0,112.0,0.0,0.41599163835902797,1.0,0.4,1.0,reacquire:road,0,0,0,0,-1.0
1787224706.5987642,34.85030260146756,0.0,112.0,0.0,0.4167755422001568,1.0,0.4,1.0,reacquire:road,0,0,0,0,-1.0
1787224706.6267748,34.09756093889281,0.0,112.0,0.0,0.41703684348053305,1.0,0.4,1.0,reacquire:road,0,0,0,0,-1.0
1787224706.6527176,34.4754620295682,0.0,112.0,0.0,0.41546903579827543,1.0,0.4,1.0,reacquire:road,0,0,0,0,-1.0
1787224706.6853137,35.29159473066592,0.0,112.0,0.0,0.41664489155996864,1.0,0.4,1.0,reacquire:road,0,0,0,0,-1.0
1787224706.71764,34.13129333992447,0.0,112.0,0.0,0.4172981447609093,1.0,0.4,1.0,reacquire:road,0,0,0,0,-1.0
1787224706.7446408,33.752908224492046,0.0,112.0,0.0,0.4171674941207212,1.0,0.4,1.0,reacquire:road,0,0,0,0,-1.0
1787224706.775915,34.41093829798988,0.0,112.0,0.0,0.41782074732166186,1.0,0.4,1.0,reacquire:road,0,0,0,0,-1.0
1787224706.8034756,33.81843540442543,0.0,112.0,0.0,0.4204337601254246,1.0,0.4,1.0,reacquire:road,0,0,0,0,-1.0
1787224706.8307269,34.44338831172977,0.0,112.0,0.0,0.4167755422001568,1.0,0.4,1.0,reacquire:road,0,0,0,0,-1.0
1787224706.8626723,34.90287038911658,0.0,112.0,0.0,0.4193885550039195,1.0,0.4,1.0,reacquire:road,0,0,0,0,-1.0
1787224706.8902183,34.142193176692686,0.0,112.0,0.0,0.42017245884504834,1.0,0.4,1.0,reacquire:road,0,0,0,0,-1.0
1787224706.916231,34.61008611000887,0.0,112.0,0.0,0.4210870133263653,1.0,0.4,1.0,reacquire:road,0,0,0,0,-1.0
1787224706.9485476,35.40064166191574,0.0,112.0,0.0,0.4233080742095636,1.0,0.4,1.0,reacquire:road,0,0,0,0,-1.0
1787224706.976486,34.48702169678905,0.0,112.0,0.0,0.4200418082048602,1.0,0.4,1.0,reacquire:road,0,0,0,0,-1.0
1787224707.0023308,34.77621392363784,0.0,112.0,0.0,0.42030310948523647,1.0,0.4,1.0,reacquire:road,0,0,0,0,-1.0
1787224707.0344932,35.557582835672676,0.0,112.0,0.0,0.42134831460674155,1.0,0.4,1.0,reacquire:road,0,0,0,0,-1.0
1787224707.0643044,34.63281105646807,0.0,112.0,0.0,0.42095636268617714,1.0,0.4,1.0,reacquire:road,0,0,0,0,-1.0
1787224707.0917766,34.36904065421044,0.0,112.0,0.0,0.41873530180297885,1.0,0.4,1.0,reacquire:road,0,0,0,0,-1.0
1787224707.1242163,34.87159337435889,0.0,112.0,0.0,0.42134831460674155,1.0,0.4,1.0,reacquire:road,0,0,0,0,-1.0
1787224707.1544194,34.00629231813702,0.0,112.0,0.0,0.4175594460412856,1.0,0.4,1.0,reacquire:road,0,0,0,0,-1.0
1787224707.1825187,33.863493304059155,0.0,112.0,0.0,0.4192579043637314,1.0,0.4,1.0,reacquire:road,0,0,0,0,-1.0
1787224707.2143376,34.24578690851577,0.0,112.0,0.0,0.4225241703684348,1.0,0.4,1.0,reacquire:road,0,0,0,0,-1.0
1787224707.2426865,33.63695293032518,0.0,112.0,0.0,0.4196498562842958,1.0,0.4,1.0,reacquire:road,0,0,0,0,-1.0
1787224707.2685964,34.02099887470345,0.0,112.0,0.0,0.4223935197282467,1.0,0.4,1.0,reacquire:road,0,0,0,0,-1.0
1787224707.3013012,34.80450789170197,0.0,112.0,0.0,0.4252678338123857,1.0,0.4,1.0,reacquire:road,0,0,0,0,-1.0
1787224707.3296967,34.02541096264983,0.0,112.0,0.0,0.42343872484975176,1.0,0.4,1.0,reacquire:road,0,0,0,0,-1.0
1787224707.3586812,34.27734437515574,0.0,112.0,0.0,0.42030310948523647,1.0,0.4,1.0,reacquire:road,0,0,0,0,-1.0
1787224707.3904943,34.3253878691494,0.0,112.0,0.0,0.4225241703684348,1.0,0.4,1.0,reacquire:road,0,0,0,0,-1.0
1787224707.4182491,33.70238870767963,0.0,112.0,0.0,0.4210870133263653,1.0,0.4,1.0,reacquire:road,0,0,0,0,-1.0
1787224707.4453874,34.222632437901524,0.0,112.0,0.0,0.4193885550039195,1.0,0.4,1.0,reacquire:road,0,0,0,0,-1.0
1787224707.4765766,34.76337614708088,0.0,112.0,0.0,0.41991115756467207,1.0,0.4,1.0,reacquire:road,0,0,0,0,-1.0
1787224707.5048761,34.1295295483775,0.0,112.0,0.0,0.41978050692448393,1.0,0.4,1.0,reacquire:road,0,0,0,0,-1.0
1787224707.5311098,34.47169164474631,0.0,112.0,0.0,0.42095636268617714,1.0,0.4,1.0,reacquire:road,0,0,0,0,-1.0
1787224707.5638297,35.19394360519269,0.0,112.0,0.0,0.4212176639665534,1.0,0.4,1.0,reacquire:road,0,0,0,0,-1.0
1787224707.5922039,34.20707771923891,0.0,112.0,0.0,0.4210870133263653,1.0,0.4,1.0,reacquire:road,0,0,0,0,-1.0
1787224707.618245,34.506829157042404,0.0,112.0,0.0,0.420825712045989,1.0,0.4,1.0,reacquire:road,0,0,0,0,-1.0
1787224707.650443,35.29466724121315,0.0,112.0,0.0,0.42461458061144497,1.0,0.4,1.0,reacquire:road,0,0,0,0,-1.0
1787224707.6798613,34.43008336922206,0.0,112.0,0.0,0.423700026130128,1.0,0.4,1.0,reacquire:road,0,0,0,0,-1.0
1787224707.7061265,34.36692822125136,0.0,112.0,0.0,0.42409197805069243,1.0,0.4,1.0,reacquire:road,0,0,0,0,-1.0
1787224707.7378962,35.08671267235476,0.0,112.0,0.0,0.42422262869088057,1.0,0.4,1.0,reacquire:road,0,0,0,0,-1.0
1787224707.7670047,34.33113462359299,0.0,112.0,0.0,0.42409197805069243,1.0,0.4,1.0,reacquire:road,0,0,0,0,-1.0
1787224707.795675,34.378674702849466,0.0,112.0,0.0,0.42409197805069243,1.0,0.4,1.0,reacquire:road,0,0,0,0,-1.0
1787224707.8275902,34.488536893047886,0.0,112.0,0.0,0.42383067677031616,1.0,0.4,1.0,reacquire:road,0,0,0,0,-1.0
1787224707.8553596,33.64878641213072,0.0,112.0,0.0,0.4216096158871179,1.0,0.4,1.0,reacquire:road,0,0,0,0,-1.0
1787224707.8820512,34.253012229495226,0.0,112.0,0.0,0.42147896524692974,1.0,0.4,1.0,reacquire:road,0,0,0,0,-1.0
1787224707.9134548,35.07520467318152,0.0,112.0,0.0,0.4223935197282467,1.0,0.4,1.0,reacquire:road,0,0,0,0,-1.0
1787224707.9412935,34.42063883041979,0.0,112.0,0.0,0.42030310948523647,1.0,0.4,1.0,reacquire:road,0,0,0,0,-1.0
1787224707.9672039,34.71523258714987,0.0,112.0,0.0,0.41991115756467207,1.0,0.4,1.0,reacquire:road,0,0,0,0,-1.0
1787224708.0021594,35.49083364688509,0.0,112.0,0.0,0.41991115756467207,1.0,0.4,1.0,reacquire:road,0,0,0,0,-1.0
1787224708.0337763,34.09771745898128,0.0,112.0,0.0,0.4171674941207212,1.0,0.4,1.0,reacquire:road,0,0,0,0,-1.0
1787224708.0613015,33.6358776396331,0.0,112.0,0.0,0.42134831460674155,1.0,0.4,1.0,reacquire:road,0,0,0,0,-1.0
1787224708.0934443,34.17640251427817,0.0,112.0,0.0,0.41978050692448393,1.0,0.4,1.0,reacquire:road,0,0,0,0,-1.0
1787224708.1212976,33.52509534168103,0.0,112.0,0.0,0.4223935197282467,1.0,0.4,1.0,reacquire:road,0,0,0,0,-1.0
1787224708.1491601,34.008902364644825,0.0,112.0,0.0,0.42422262869088057,1.0,0.4,1.0,reacquire:road,0,0,0,0,-1.0
1787224708.1815014,34.42866575017951,0.0,112.0,0.0,0.4223935197282467,1.0,0.4,1.0,reacquire:road,0,0,0,0,-1.0
1787224708.210307,33.69322993781039,0.0,112.0,0.0,0.42265482100862295,1.0,0.4,1.0,reacquire:road,0,0,0,0,-1.0
1787224708.2415812,33.94101807671812,0.0,112.0,0.0,0.42265482100862295,1.0,0.4,1.0,reacquire:road,0,0,0,0,-1.0
1787224708.2742264,33.53173605492721,0.0,112.0,0.0,0.4225241703684348,1.0,0.4,1.0,reacquire:road,0,0,0,0,-1.0
1787224708.3018043,32.94662650554979,0.0,112.0,0.0,0.4227854716488111,1.0,0.4,1.0,reacquire:road,0,0,0,0,-1.0
1787224708.329306,33.63752684484,0.0,112.0,0.0,0.42383067677031616,1.0,0.4,1.0,reacquire:road,0,0,0,0,-1.0
1787224708.3613474,34.18321449742963,0.0,112.0,0.0,0.420825712045989,1.0,0.4,1.0,reacquire:road,0,0,0,0,-1.0
1787224708.3899913,33.54545925095412,0.0,112.0,0.0,0.42134831460674155,1.0,0.4,1.0,reacquire:road,0,0,0,0,-1.0
1787224708.4164488,33.85177586853378,0.0,112.0,0.0,0.4200418082048602,1.0,0.4,1.0,reacquire:road,0,0,0,0,-1.0
1787224708.4520876,34.663583762348416,0.0,112.0,0.0,0.42265482100862295,1.0,0.4,1.0,reacquire:road,0,0,0,0,-1.0
1787224708.4830384,33.20087019615801,0.0,112.0,0.0,0.42265482100862295,1.0,0.4,1.0,reacquire:road,0,0,0,0,-1.0
1787224708.5136316,33.19805754559209,0.0,112.0,0.0,0.4210870133263653,1.0,0.4,1.0,reacquire:road,0,0,0,0,-1.0
1787224708.5466409,33.11511410561485,0.0,112.0,0.0,0.42187091716749414,1.0,0.4,1.0,reacquire:road,0,0,0,0,-1.0
1787224708.575478,32.364372572404314,0.0,112.0,0.0,0.42095636268617714,1.0,0.4,1.0,reacquire:road,0,0,0,0,-1.0
1787224708.601478,33.07619502698071,0.0,112.0,0.0,0.4206950614058009,1.0,0.4,1.0,reacquire:road,0,0,0,0,-1.0
1787224708.6335127,34.17312165051645,0.0,112.0,0.0,0.4212176639665534,1.0,0.4,1.0,reacquire:road,0,0,0,0,-1.0
1787224708.6625388,33.56165663980159,0.0,112.0,0.0,0.42147896524692974,1.0,0.4,1.0,reacquire:road,0,0,0,0,-1.0
1787224708.6896994,33.760713641797196,0.0,112.0,0.0,0.42095636268617714,1.0,0.4,1.0,reacquire:road,0,0,0,0,-1.0
1787224708.7236931,34.36211632425103,0.0,112.0,0.0,0.4206950614058009,1.0,0.4,1.0,reacquire:road,0,0,0,0,-1.0
1787224708.752086,33.292543367251554,0.0,112.0,0.0,0.42187091716749414,1.0,0.4,1.0,reacquire:road,0,0,0,0,-1.0
1787224708.7797525,33.75633814074455,0.0,112.0,0.0,0.4220015678076823,1.0,0.4,1.0,reacquire:road,0,0,0,0,-1.0
1787224708.8116453,34.289328633480515,0.0,112.0,0.0,0.4220015678076823,1.0,0.4,1.0,reacquire:road,0,0,0,0,-1.0
1787224708.8405828,33.59932491025353,0.0,112.0,0.0,0.4212176639665534,1.0,0.4,1.0,reacquire:road,0,0,0,0,-1.0
1787224708.8682783,33.90571535844139,0.0,112.0,0.0,0.4225241703684348,1.0,0.4,1.0,reacquire:road,0,0,0,0,-1.0
1787224708.9012442,34.35818256247699,0.0,112.0,0.0,0.4212176639665534,1.0,0.4,1.0,reacquire:road,0,0,0,0,-1.0
1787224708.9303904,33.521347300441555,0.0,112.0,0.0,0.41991115756467207,1.0,0.4,1.0,reacquire:road,0,0,0,0,-1.0
1787224708.9573338,33.724040262228215,0.0,112.0,0.0,0.42265482100862295,1.0,0.4,1.0,reacquire:road,0,0,0,0,-1.0
1787224708.988434,34.39903480963959,0.0,112.0,0.0,0.42383067677031616,1.0,0.4,1.0,reacquire:road,0,0,0,0,-1.0
1787224709.015985,33.92392920593809,0.0,112.0,0.0,0.42343872484975176,1.0,0.4,1.0,reacquire:road,0,0,0,0,-1.0
1787224709.0436168,34.43440237653466,0.0,112.0,0.0,0.42409197805069243,1.0,0.4,1.0,reacquire:road,0,0,0,0,-1.0
1787224709.0771203,34.65970571931684,0.0,112.0,0.0,0.4235693754899399,1.0,0.4,1.0,reacquire:road,0,0,0,0,-1.0
1787224709.1050725,33.70285049867875,0.0,112.0,0.0,0.42383067677031616,1.0,0.4,1.0,reacquire:road,0,0,0,0,-1.0
1787224709.1320431,34.20466130560789,0.0,112.0,0.0,0.4227854716488111,1.0,0.4,1.0,reacquire:road,0,0,0,0,-1.0
1787224709.1641319,34.81582751442178,0.0,112.0,0.0,0.42343872484975176,1.0,0.4,1.0,reacquire:road,0,0,0,0,-1.0
1787224709.1926894,33.98771715218736,0.0,112.0,0.0,0.42226286908805855,1.0,0.4,1.0,reacquire:road,0,0,0,0,-1.0
1787224709.2187502,34.3101906132685,0.0,112.0,0.0,0.4221322184478704,1.0,0.4,1.0,reacquire:road,0,0,0,0,-1.0
1787224709.250852,35.10645173782078,0.0,112.0,0.0,0.420825712045989,1.0,0.4,1.0,reacquire:road,0,0,0,0,-1.0
1787224709.281806,34.30480138380863,0.0,112.0,0.0,0.4235693754899399,1.0,0.4,1.0,reacquire:road,0,0,0,0,-1.0
1787224709.3093624,33.929959532607924,0.0,112.0,0.0,0.421740266527306,1.0,0.4,1.0,reacquire:road,0,0,0,0,-1.0
1787224709.3416505,34.406896283679885,0.0,112.0,0.0,0.4221322184478704,1.0,0.4,1.0,reacquire:road,0,0,0,0,-1.0
1787224709.3698819,33.68690490914429,0.0,112.0,0.0,0.42187091716749414,1.0,0.4,1.0,reacquire:road,0,0,0,0,-1.0
1787224709.398098,34.06963333777098,0.0,112.0,0.0,0.4225241703684348,1.0,0.4,1.0,reacquire:road,0,0,0,0,-1.0
1787224709.4295385,34.35206517739745,0.0,112.0,0.0,0.4233080742095636,1.0,0.4,1.0,reacquire:road,0,0,0,0,-1.0
1787224709.457385,33.66681922058916,0.0,112.0,0.0,0.4223935197282467,1.0,0.4,1.0,reacquire:road,0,0,0,0,-1.0
1787224709.485486,34.35364282006192,0.0,112.0,0.0,0.423700026130128,1.0,0.4,1.0,reacquire:road,0,0,0,0,-1.0
1787224709.5184674,34.54652076118089,0.0,112.0,0.0,0.4235693754899399,1.0,0.4,1.0,reacquire:road,0,0,0,0,-1.0
1787224709.5467374,33.6730217292107,0.0,112.0,0.0,0.4204337601254246,1.0,0.4,1.0,reacquire:road,0,0,0,0,-1.0
1787224709.575165,34.10786010007459,0.0,112.0,0.0,0.4225241703684348,1.0,0.4,1.0,reacquire:road,0,0,0,0,-1.0
1787224709.6068766,34.310613494576096,0.0,112.0,0.0,0.4229161222889992,1.0,0.4,1.0,reacquire:road,0,0,0,0,-1.0
1787224709.6345284,33.719650079031496,0.0,112.0,0.0,0.4239613274105043,1.0,0.4,1.0,reacquire:road,0,0,0,0,-1.0
1787224709.661795,34.12621827955148,0.0,112.0,0.0,0.420825712045989,1.0,0.4,1.0,reacquire:road,0,0,0,0,-1.0
1787224709.6951737,34.78537656865615,0.0,112.0,0.0,0.4235693754899399,1.0,0.4,1.0,reacquire:road,0,0,0,0,-1.0
1787224709.7232034,33.63644254981344,0.0,112.0,0.0,0.42552913509276197,1.0,0.4,1.0,reacquire:road,0,0,0,0,-1.0
1787224709.749274,34.304817954709804,0.0,112.0,0.0,0.42343872484975176,1.0,0.4,1.0,reacquire:road,0,0,0,0,-1.0
1787224709.7817779,35.135410650181555,0.0,112.0,0.0,0.4239613274105043,1.0,0.4,1.0,reacquire:road,0,0,0,0,-1.0
1787224709.8101213,34.16579479406617,0.0,112.0,0.0,0.42422262869088057,1.0,0.4,1.0,reacquire:road,0,0,0,0,-1.0
1787224709.8374035,34.51805684595495,0.0,112.0,0.0,0.42474523125163316,1.0,0.4,1.0,reacquire:road,0,0,0,0,-1.0
1787224709.8702111,34.91701503190983,0.0,112.0,0.0,0.421740266527306,1.0,0.4,1.0,reacquire:road,0,0,0,0,-1.0
1787224709.9005265,34.02020007051968,0.0,112.0,0.0,0.4252678338123857,1.0,0.4,1.0,reacquire:road,0,0,0,0,-1.0
1787224709.9280252,33.830755525128396,0.0,112.0,0.0,0.42579043637313824,1.0,0.4,1.0,reacquire:road,0,0,0,0,-1.0
1787224709.9599133,34.35605321676074,0.0,112.0,0.0,0.42513718317219756,1.0,0.4,1.0,reacquire:road,0,0,0,0,-1.0
1787224709.9891024,33.44678285825113,0.0,112.0,0.0,0.4278808466161484,1.0,0.4,1.0,reacquire:road,0,0,0,0,-1.0
1787224710.015056,34.00991594844782,0.0,112.0,0.0,0.42827279853671285,1.0,0.4,1.0,reacquire:road,0,0,0,0,-1.0
1787224710.0469534,34.90928361421989,0.0,112.0,0.0,0.4281421478965247,1.0,0.4,1.0,reacquire:road,0,0,0,0,-1.0
1787224710.0780456,33.9706776514363,0.0,112.0,0.0,0.4289260517376535,1.0,0.4,1.0,reacquire:road,0,0,0,0,-1.0
1787224710.1061783,33.88252057471372,0.0,112.0,0.0,0.4287954010974654,1.0,0.4,1.0,reacquire:road,0,0,0,0,-1.0
1787224710.1391847,34.208555532248766,0.0,112.0,0.0,0.4289260517376535,1.0,0.4,1.0,reacquire:road,0,0,0,0,-1.0
1787224710.1667104,33.40801311767563,0.0,112.0,0.0,0.4270969427750196,1.0,0.4,1.0,reacquire:road,0,0,0,0,-1.0
1787224710.1950314,33.69564678675555,0.0,112.0,0.0,0.42735824405539585,1.0,0.4,1.0,reacquire:road,0,0,0,0,-1.0
1787224710.2270977,34.346514824066006,0.0,112.0,0.0,0.4299712568591586,1.0,0.4,1.0,reacquire:road,0,0,0,0,-1.0
1787224710.2563498,33.449898345864916,0.0,112.0,0.0,0.4295793049385942,1.0,0.4,1.0,reacquire:road,0,0,0,0,-1.0
1787224710.2827234,33.95272704793387,0.0,112.0,0.0,0.4306245100600993,1.0,0.4,1.0,reacquire:road,0,0,0,0,-1.0
1787224710.317056,34.75156388009136,0.0,112.0,0.0,0.4307551607002874,1.0,0.4,1.0,reacquire:road,0,0,0,0,-1.0
1787224710.345646,33.61214188137959,0.0,112.0,0.0,0.43023255813953487,1.0,0.4,1.0,reacquire:road,0,0,0,0,-1.0
1787224710.3723233,33.900609559308585,0.0,112.0,0.0,0.4310164619806637,1.0,0.4,1.0,reacquire:road,0,0,0,0,-1.0
1787224710.404348,34.61660550170782,0.0,112.0,0.0,0.43114711262085187,1.0,0.4,1.0,reacquire:road,0,0,0,0,-1.0
1787224710.4323063,33.87897774011661,0.0,112.0,0.0,0.43023255813953487,1.0,0.4,1.0,reacquire:road,0,0,0,0,-1.0
1787224710.4592054,34.342366244833514,0.0,112.0,0.0,0.42944865429840606,1.0,0.4,1.0,reacquire:road,0,0,0,0,-1.0
1787224710.4912355,34.897435335081774,0.0,112.0,0.0,0.4306245100600993,1.0,0.4,1.0,reacquire:road,0,0,0,0,-1.0
1787224710.5225108,34.07043992720581,0.0,112.0,0.0,0.43023255813953487,1.0,0.4,1.0,reacquire:road,0,0,0,0,-1.0
1787224710.5485444,33.74618493695135,0.0,112.0,0.0,0.4310164619806637,1.0,0.4,1.0,reacquire:road,0,0,0,0,-1.0
1787224710.582232,34.696568208136725,0.0,112.0,0.0,0.43049385941991114,1.0,0.4,1.0,reacquire:road,0,0,0,0,-1.0
1787224710.6134946,33.678512260594715,0.0,112.0,0.0,0.4270969427750196,1.0,0.4,1.0,reacquire:road,0,0,0,0,-1.0
1787224710.640294,33.360695892207886,0.0,112.0,0.0,0.4285340998170891,1.0,0.4,1.0,reacquire:road,0,0,0,0,-1.0
1787224710.6727886,34.148746344329176,0.0,112.0,0.0,0.4260517376535145,1.0,0.4,1.0,reacquire:road,0,0,0,0,-1.0
1787224710.7010376,33.43653554438321,0.0,112.0,0.0,0.4264436895740789,1.0,0.4,1.0,reacquire:road,0,0,0,0,-1.0
1787224710.7308638,33.83801333979755,0.0,112.0,0.0,0.42409197805069243,1.0,0.4,1.0,reacquire:road,0,0,0,0,-1.0
1787224710.7649183,33.80677626787545,0.0,112.0,0.0,0.4189966030833551,1.0,0.4,1.0,reacquire:road,0,0,0,0,-1.0
1787224710.7965627,32.89438069639922,0.0,112.0,0.0,0.42056441076561274,1.0,0.4,1.0,reacquire:road,0,0,0,0,-1.0
1787224710.8233495,32.66528823268078,0.0,112.0,0.0,0.42147896524692974,1.0,0.4,1.0,reacquire:road,0,0,0,0,-1.0
1787224710.8572237,33.45739404259909,0.0,112.0,0.0,0.42095636268617714,1.0,0.4,1.0,reacquire:road,0,0,0,0,-1.0
1787224710.886048,32.55286352450987,0.0,112.0,0.0,0.42147896524692974,1.0,0.4,1.0,reacquire:road,0,0,0,0,-1.0
1787224710.9136705,33.23917031023881,0.0,112.0,0.0,0.4231774235693755,1.0,0.4,1.0,reacquire:road,0,0,0,0,-1.0
1787224710.9472296,33.87669633530806,0.0,112.0,0.0,0.4239613274105043,1.0,0.4,1.0,reacquire:road,0,0,0,0,-1.0
1787224710.9762049,32.97681602238029,0.0,112.0,0.0,0.42226286908805855,1.0,0.4,1.0,reacquire:road,0,0,0,0,-1.0
1787224711.0028918,33.3982418187685,0.0,112.0,0.0,0.42461458061144497,1.0,0.4,1.0,reacquire:road,0,0,0,0,-1.0
1787224711.0342937,34.196769892727005,0.0,112.0,0.0,0.41834334988241445,1.0,0.4,1.0,reacquire:road,0,0,0,0,-1.0
1787224711.0632625,33.44606592773809,0.0,112.0,0.0,0.4186046511627907,1.0,0.4,1.0,reacquire:road,0,0,0,0,-1.0
1787224711.0898073,34.03110072952232,0.0,112.0,0.0,0.420825712045989,1.0,0.4,1.0,reacquire:road,0,0,0,0,-1.0
1787224711.121808,34.77229931735952,0.0,112.0,0.0,0.4200418082048602,1.0,0.4,1.0,reacquire:road,0,0,0,0,-1.0
1787224711.1525836,34.05719316665238,0.0,112.0,0.0,0.42095636268617714,1.0,0.4,1.0,reacquire:road,0,0,0,0,-1.0
1787224711.1790743,33.717439890592345,0.0,112.0,0.0,0.4161222889992161,1.0,0.4,1.0,reacquire:road,0,0,0,0,-1.0
1787224711.2107267,34.56651349507969,0.0,112.0,0.0,0.41664489155996864,1.0,0.4,1.0,reacquire:road,0,0,0,0,-1.0
1787224711.239896,33.5662153616147,0.0,112.0,0.0,0.4171674941207212,1.0,0.4,1.0,reacquire:road,0,0,0,0,-1.0
1787224711.2669811,34.25905921882725,0.0,112.0,0.0,0.41821269924222626,1.0,0.4,1.0,reacquire:road,0,0,0,0,-1.0
1787224711.3051305,34.756128834878915,0.0,112.0,0.0,0.41991115756467207,1.0,0.4,1.0,reacquire:road,0,0,0,0,-1.0
1787224711.3332422,32.91509085325317,0.0,112.0,0.0,0.42030310948523647,1.0,0.4,1.0,reacquire:road,0,0,0,0,-1.0
1787224711.3677793,33.648566690369194,0.0,112.0,0.0,0.4206950614058009,1.0,0.4,1.0,reacquire:road,0,0,0,0,-1.0
1787224711.3996925,32.76603908280167,0.0,112.0,0.0,0.420825712045989,1.0,0.4,1.0,reacquire:road,0,0,0,0,-1.0
1787224711.4292743,32.40112488976587,0.0,112.0,0.0,0.4186046511627907,1.0,0.4,1.0,reacquire:road,0,0,0,0,-1.0
1787224711.456245,32.68155363727359,0.0,112.0,0.0,0.41507708387771103,1.0,0.4,1.0,reacquire:road,0,0,0,0,-1.0
1787224711.4882514,33.68953251065696,0.0,112.0,0.0,0.41873530180297885,1.0,0.4,1.0,reacquire:road,0,0,0,0,-1.0
1787224711.5158582,33.17074903444118,0.0,112.0,0.0,0.4212176639665534,1.0,0.4,1.0,reacquire:road,0,0,0,0,-1.0
1787224711.5431802,33.811109151998444,0.0,112.0,0.0,0.41991115756467207,1.0,0.4,1.0,reacquire:road,0,0,0,0,-1.0
1787224711.5769129,34.3596980696752,0.0,112.0,0.0,0.4169061928403449,1.0,0.4,1.0,reacquire:road,0,0,0,0,-1.0
1787224711.6066442,33.35520773061742,0.0,112.0,0.0,0.4184740005226026,1.0,0.4,1.0,reacquire:road,0,0,0,0,-1.0
1787224711.6329122,33.5073598710513,0.0,112.0,0.0,0.4169061928403449,1.0,0.4,1.0,reacquire:road,0,0,0,0,-1.0
1787224711.6642344,34.41760854608247,0.0,112.0,0.0,0.4206950614058009,1.0,0.4,1.0,reacquire:road,0,0,0,0,-1.0
1787224711.6920693,33.79153867982425,0.0,112.0,0.0,0.420825712045989,1.0,0.4,1.0,reacquire:road,0,0,0,0,-1.0
1787224711.718319,34.39261943166155,0.0,112.0,0.0,0.4171674941207212,1.0,0.4,1.0,reacquire:road,0,0,0,0,-1.0
1787224711.7503524,35.114336260163356,0.0,112.0,0.0,0.41494643323752284,1.0,0.4,1.0,reacquire:road,0,0,0,0,-1.0
1787224711.7821498,34.31252651013923,0.0,112.0,0.0,0.4193885550039195,1.0,0.4,1.0,reacquire:road,0,0,0,0,-1.0
1787224711.8095841,33.77114191499631,0.0,112.0,0.0,0.4210870133263653,1.0,0.4,1.0,reacquire:road,0,0,0,0,-1.0
1787224711.8414242,34.31129503829404,0.0,112.0,0.0,0.4196498562842958,1.0,0.4,1.0,reacquire:road,0,0,0,0,-1.0
1787224711.8690279,33.58121728245472,0.0,112.0,0.0,0.42056441076561274,1.0,0.4,1.0,reacquire:road,0,0,0,0,-1.0
1787224711.895455,34.31338251627558,0.0,112.0,0.0,0.42095636268617714,1.0,0.4,1.0,reacquire:road,0,0,0,0,-1.0
1787224711.9271936,35.028509021527896,0.0,112.0,0.0,0.42030310948523647,1.0,0.4,1.0,reacquire:road,0,0,0,0,-1.0
1787224711.9548035,34.29063625277938,0.0,112.0,0.0,0.41978050692448393,1.0,0.4,1.0,reacquire:road,0,0,0,0,-1.0
1787224711.9809735,34.711983686214936,0.0,112.0,0.0,0.420825712045989,1.0,0.4,1.0,reacquire:road,0,0,0,0,-1.0
1787224712.0155764,35.42054269679541,0.0,112.0,0.0,0.42017245884504834,1.0,0.4,1.0,reacquire:road,0,0,0,0,-1.0
1787224712.046498,33.966348368808774,0.0,112.0,0.0,0.41912725372354326,1.0,0.4,1.0,reacquire:road,0,0,0,0,-1.0
1787224712.0731332,33.83893857047352,0.0,112.0,0.0,0.420825712045989,1.0,0.4,1.0,reacquire:road,0,0,0,0,-1.0
1787224712.1051135,34.5716427011171,0.0,112.0,0.0,0.4212176639665534,1.0,0.4,1.0,reacquire:road,0,0,0,0,-1.0
1787224712.1326013,33.83383079143228,0.0,112.0,0.0,0.42187091716749414,1.0,0.4,1.0,reacquire:road,0,0,0,0,-1.0
1787224712.1597452,34.45545132312964,0.0,112.0,0.0,0.4210870133263653,1.0,0.4,1.0,reacquire:road,0,0,0,0,-1.0
1787224712.1912184,34.93635069731263,0.0,112.0,0.0,0.4227854716488111,1.0,0.4,1.0,reacquire:road,0,0,0,0,-1.0
1787224712.220024,34.281572545748276,0.0,112.0,0.0,0.42226286908805855,1.0,0.4,1.0,reacquire:road,0,0,0,0,-1.0
1787224712.2475464,34.38966251263377,0.0,112.0,0.0,0.42304677292918735,1.0,0.4,1.0,reacquire:road,0,0,0,0,-1.0
1787224712.279922,34.78428168376803,0.0,112.0,0.0,0.4263130389338908,1.0,0.4,1.0,reacquire:road,0,0,0,0,-1.0
1787224712.308928,33.99092486863967,0.0,112.0,0.0,0.423700026130128,1.0,0.4,1.0,reacquire:road,0,0,0,0,-1.0
1787224712.3359494,34.10507892467517,0.0,112.0,0.0,0.4220015678076823,1.0,0.4,1.0,reacquire:road,0,0,0,0,-1.0
1787224712.3680623,34.657397549580196,0.0,112.0,0.0,0.4229161222889992,1.0,0.4,1.0,reacquire:road,0,0,0,0,-1.0
1787224712.3962383,33.90931722671471,0.0,112.0,0.0,0.4239613274105043,1.0,0.4,1.0,reacquire:road,0,0,0,0,-1.0
1787224712.422946,34.301619495849295,0.0,112.0,0.0,0.42265482100862295,1.0,0.4,1.0,reacquire:road,0,0,0,0,-1.0
1787224712.4562304,34.67511622548441,0.0,112.0,0.0,0.42422262869088057,1.0,0.4,1.0,reacquire:road,0,0,0,0,-1.0
1787224712.484251,33.678526743422815,0.0,112.0,0.0,0.42409197805069243,1.0,0.4,1.0,reacquire:road,0,0,0,0,-1.0
1787224712.5107903,34.43048658948342,0.0,112.0,0.0,0.42474523125163316,1.0,0.4,1.0,reacquire:road,0,0,0,0,-1.0
1787224712.5424368,35.09871060211889,0.0,112.0,0.0,0.4225241703684348,1.0,0.4,1.0,reacquire:road,0,0,0,0,-1.0
1787224712.5699549,34.37688539529768,0.0,112.0,0.0,0.4252678338123857,1.0,0.4,1.0,reacquire:road,0,0,0,0,-1.0
1787224712.596181,34.77171930285329,0.0,112.0,0.0,0.42552913509276197,1.0,0.4,1.0,reacquire:road,0,0,0,0,-1.0
1787224712.62875,35.33818410970993,0.0,112.0,0.0,0.42500653253200943,1.0,0.4,1.0,reacquire:road,0,0,0,0,-1.0
1787224712.6609979,34.481922626644156,0.0,112.0,0.0,0.4252678338123857,1.0,0.4,1.0,reacquire:road,0,0,0,0,-1.0
1787224712.6898174,33.78797394672883,0.0,112.0,0.0,0.4264436895740789,1.0,0.4,1.0,reacquire:road,0,0,0,0,-1.0
1787224712.722613,33.98708697332281,0.0,112.0,0.0,0.42422262869088057,1.0,0.4,1.0,reacquire:road,0,0,0,0,-1.0
1787224712.7499,33.26633183823176,0.0,112.0,0.0,0.42095636268617714,1.0,0.4,1.0,reacquire:road,0,0,0,0,-1.0
1787224712.778347,33.96557549802828,0.0,112.0,0.0,0.42343872484975176,1.0,0.4,1.0,reacquire:road,0,0,0,0,-1.0
1787224712.8098962,34.21556529204901,0.0,112.0,0.0,0.4216096158871179,1.0,0.4,1.0,reacquire:road,0,0,0,0,-1.0
1787224712.8378956,33.682270294767186,0.0,112.0,0.0,0.4248758818918213,1.0,0.4,1.0,reacquire:road,0,0,0,0,-1.0
1787224712.8658764,34.1209334745436,0.0,112.0,0.0,0.418865952443167,1.0,0.4,1.0,reacquire:road,0,0,0,0,-1.0
1787224712.8979008,34.431893377286315,0.0,112.0,0.0,0.4212176639665534,1.0,0.4,1.0,reacquire:road,0,0,0,0,-1.0
1787224712.9286919,33.672430515648514,0.0,112.0,0.0,0.41742879540109745,1.0,0.4,1.0,reacquire:road,0,0,0,0,-1.0
1787224712.955714,33.5790064644356,0.0,112.0,0.0,0.4204337601254246,1.0,0.4,1.0,reacquire:road,0,0,0,0,-1.0
1787224712.988893,34.264765072513896,0.0,112.0,0.0,0.41912725372354326,1.0,0.4,1.0,reacquire:road,0,0,0,0,-1.0
1787224713.0172932,33.42108887910366,0.0,112.0,0.0,0.4184740005226026,1.0,0.4,1.0,reacquire:road,0,0,0,0,-1.0
1787224713.0443175,33.792087342127616,0.0,112.0,0.0,0.4193885550039195,1.0,0.4,1.0,reacquire:road,0,0,0,0,-1.0
1787224713.0783508,34.45460977730048,0.0,112.0,0.0,0.41625293963940424,1.0,0.4,1.0,reacquire:road,0,0,0,0,-1.0
1787224713.1093822,33.17988993592447,0.0,112.0,0.0,0.41703684348053305,1.0,0.4,1.0,reacquire:road,0,0,0,0,-1.0
1787224713.1356137,33.33454732302148,0.0,112.0,0.0,0.42030310948523647,1.0,0.4,1.0,reacquire:road,0,0,0,0,-1.0
1787224713.1670766,34.27579552287987,0.0,112.0,0.0,0.4165142409197805,1.0,0.4,1.0,reacquire:road,0,0,0,0,-1.0
1787224713.195498,33.73261033697327,0.0,112.0,0.0,0.41821269924222626,1.0,0.4,1.0,reacquire:road,0,0,0,0,-1.0
1787224713.222725,33.96973083278635,0.0,112.0,0.0,0.41664489155996864,1.0,0.4,1.0,reacquire:road,0,0,0,0,-1.0
1787224713.2546258,34.65646086399991,0.0,112.0,0.0,0.4171674941207212,1.0,0.4,1.0,reacquire:road,0,0,0,0,-1.0
1787224713.2844324,33.8496692534914,0.0,112.0,0.0,0.41599163835902797,1.0,0.4,1.0,reacquire:road,0,0,0,0,-1.0
1787224713.3108335,33.9357696196133,0.0,112.0,0.0,0.41782074732166186,1.0,0.4,1.0,reacquire:road,0,0,0,0,-1.0
1787224713.344251,34.75938222088632,0.0,112.0,0.0,0.4175594460412856,1.0,0.4,1.0,reacquire:road,0,0,0,0,-1.0
1787224713.3736877,33.71337746225922,0.0,112.0,0.0,0.4210870133263653,1.0,0.4,1.0,reacquire:road,0,0,0,0,-1.0
1787224713.3998246,33.869279734877395,0.0,112.0,0.0,0.418865952443167,1.0,0.4,1.0,reacquire:road,0,0,0,0,-1.0
1787224713.4314206,34.71655248314792,0.0,112.0,0.0,0.4180820486020381,1.0,0.4,1.0,reacquire:road,0,0,0,0,-1.0
1787224713.4615142,34.01886419570429,0.0,112.0,0.0,0.4184740005226026,1.0,0.4,1.0,reacquire:road,0,0,0,0,-1.0
1787224713.48987,33.979945826952395,0.0,112.0,0.0,0.41703684348053305,1.0,0.4,1.0,reacquire:road,0,0,0,0,-1.0
1787224713.5215573,34.23098926184224,0.0,112.0,0.0,0.41782074732166186,1.0,0.4,1.0,reacquire:road,0,0,0,0,-1.0
1787224713.5491624,33.6699037789548,0.0,112.0,0.0,0.4204337601254246,1.0,0.4,1.0,reacquire:road,0,0,0,0,-1.0
1787224713.576238,34.18913125315649,0.0,112.0,0.0,0.4165142409197805,1.0,0.4,1.0,reacquire:road,0,0,0,0,-1.0
1787224713.607643,34.77109796804537,0.0,112.0,0.0,0.41782074732166186,1.0,0.4,1.0,reacquire:road,0,0,0,0,-1.0
1787224713.6378973,34.08523623987378,0.0,112.0,0.0,0.41742879540109745,1.0,0.4,1.0,reacquire:road,0,0,0,0,-1.0
1787224713.664166,33.987034436256565,0.0,112.0,0.0,0.42030310948523647,1.0,0.4,1.0,reacquire:road,0,0,0,0,-1.0
1787224713.6968236,34.80945572873181,0.0,112.0,0.0,0.42030310948523647,1.0,0.4,1.0,reacquire:road,0,0,0,0,-1.0
1787224713.7268076,33.896503523488285,0.0,112.0,0.0,0.42056441076561274,1.0,0.4,1.0,reacquire:road,0,0,0,0,-1.0
1787224713.7534592,33.87909130063625,0.0,112.0,0.0,0.4184740005226026,1.0,0.4,1.0,reacquire:road,0,0,0,0,-1.0
1787224713.7847698,34.600029006787565,0.0,112.0,0.0,0.4186046511627907,1.0,0.4,1.0,reacquire:road,0,0,0,0,-1.0
1787224713.8131497,33.809049631032075,0.0,112.0,0.0,0.42017245884504834,1.0,0.4,1.0,reacquire:road,0,0,0,0,-1.0
1787224713.8408237,34.44658703059585,0.0,112.0,0.0,0.4186046511627907,1.0,0.4,1.0,reacquire:road,0,0,0,0,-1.0
1787224713.8730056,34.783519758530865,0.0,112.0,0.0,0.41782074732166186,1.0,0.4,1.0,reacquire:road,0,0,0,0,-1.0
1787224713.9016573,33.80885825378091,0.0,112.0,0.0,0.42147896524692974,1.0,0.4,1.0,reacquire:road,0,0,0,0,-1.0
1787224713.9289532,34.33302181910801,0.0,112.0,0.0,0.42030310948523647,1.0,0.4,1.0,reacquire:road,0,0,0,0,-1.0
1787224713.9615762,34.80731524121538,0.0,112.0,0.0,0.42095636268617714,1.0,0.4,1.0,reacquire:road,0,0,0,0,-1.0
1787224713.9900067,33.85459154383225,0.0,112.0,0.0,0.4200418082048602,1.0,0.4,1.0,reacquire:road,0,0,0,0,-1.0
1787224714.0166867,34.28536589209822,0.0,112.0,0.0,0.4233080742095636,1.0,0.4,1.0,reacquire:road,0,0,0,0,-1.0
1787224714.0491784,34.89657213039795,0.0,112.0,0.0,0.42056441076561274,1.0,0.4,1.0,reacquire:road,0,0,0,0,-1.0
1787224714.07897,33.83766037695225,0.0,112.0,0.0,0.42017245884504834,1.0,0.4,1.0,reacquire:road,0,0,0,0,-1.0
1787224714.1095493,34.091285470412764,0.0,112.0,0.0,0.4189966030833551,1.0,0.4,1.0,reacquire:road,0,0,0,0,-1.0
1787224714.1422496,33.818934208429305,0.0,112.0,0.0,0.41834334988241445,1.0,0.4,1.0,reacquire:road,0,0,0,0,-1.0
1787224714.1731353,32.78620017661831,0.0,112.0,0.0,0.42147896524692974,1.0,0.4,1.0,reacquire:road,0,0,0,0,-1.0
1787224714.2002614,33.20256879828006,0.0,112.0,0.0,0.4229161222889992,1.0,0.4,1.0,reacquire:road,0,0,0,0,-1.0
1787224714.2322664,33.914969452657,0.0,112.0,0.0,0.4233080742095636,1.0,0.4,1.0,reacquire:road,0,0,0,0,-1.0
1787224714.261468,33.08071928262644,0.0,112.0,0.0,0.42579043637313824,1.0,0.4,1.0,reacquire:road,0,0,0,0,-1.0
1787224714.2889318,33.746943760064234,0.0,112.0,0.0,0.4221322184478704,1.0,0.4,1.0,reacquire:road,0,0,0,0,-1.0
1787224714.3212068,34.27957784912853,0.0,112.0,0.0,0.42343872484975176,1.0,0.4,1.0,reacquire:road,0,0,0,0,-1.0
1787224714.3501453,33.53013349004702,0.0,112.0,0.0,0.4281421478965247,1.0,0.4,1.0,reacquire:road,0,0,0,0,-1.0
1787224714.3810086,33.81984726054943,0.0,112.0,0.0,0.4270969427750196,1.0,0.4,1.0,reacquire:road,0,0,0,0,-1.0
1787224714.4140503,33.422257213455794,0.0,112.0,0.0,0.42539848445257383,1.0,0.4,1.0,reacquire:road,0,0,0,0,-1.0
1787224714.4420202,32.90786836791129,0.0,112.0,0.0,0.42657434021426704,1.0,0.4,1.0,reacquire:road,0,0,0,0,-1.0
1787224714.4687285,33.484621748913504,0.0,112.0,0.0,0.423700026130128,1.0,0.4,1.0,reacquire:road,0,0,0,0,-1.0
1787224714.500113,34.27111274756779,0.0,112.0,0.0,0.4227854716488111,1.0,0.4,1.0,reacquire:road,0,0,0,0,-1.0
1787224714.5286973,33.52733564403464,0.0,112.0,0.0,0.4210870133263653,1.0,0.4,1.0,reacquire:road,0,0,0,0,-1.0
1787224714.5562944,34.17764247596102,0.0,112.0,0.0,0.4233080742095636,1.0,0.4,1.0,reacquire:road,0,0,0,0,-1.0
1787224714.5905347,34.58803897218607,0.0,112.0,0.0,0.4227854716488111,1.0,0.4,1.0,reacquire:road,0,0,0,0,-1.0
1787224714.6183863,33.49401524899061,0.0,112.0,0.0,0.4221322184478704,1.0,0.4,1.0,reacquire:road,0,0,0,0,-1.0
1787224714.644449,33.99289382594088,0.0,112.0,0.0,0.42552913509276197,1.0,0.4,1.0,reacquire:road,0,0,0,0,-1.0
1787224714.6758323,34.88019617401355,0.0,112.0,0.0,0.42592108701332637,1.0,0.4,1.0,reacquire:road,0,0,0,0,-1.0
1787224714.70375,34.265969371218155,0.0,112.0,0.0,0.42657434021426704,1.0,0.4,1.0,reacquire:road,0,0,0,0,-1.0
1787224714.7297592,34.58456569055652,0.0,112.0,0.0,0.4307551607002874,1.0,0.4,1.0,reacquire:road,0,0,0,0,-1.0
1787224714.761445,35.365737065017626,0.0,112.0,0.0,0.4328455709432976,1.0,0.4,1.0,reacquire:road,0,0,0,0,-1.0
1787224714.792804,34.392716400449544,0.0,112.0,0.0,0.4316697151816044,1.0,0.4,1.0,reacquire:road,0,0,0,0,-1.0
1787224714.8195822,34.116840571598814,0.0,112.0,0.0,0.43127776326104,1.0,0.4,1.0,reacquire:road,0,0,0,0,-1.0
1787224714.8507528,34.7659365206167,0.0,112.0,0.0,0.4315390645414163,1.0,0.4,1.0,reacquire:road,0,0,0,0,-1.0
1787224714.8782804,34.088471637649775,0.0,112.0,0.0,0.4323229683825451,1.0,0.4,1.0,reacquire:road,0,0,0,0,-1.0
1787224714.9050913,34.728525623492416,0.0,112.0,0.0,0.4336294747844264,1.0,0.4,1.0,reacquire:road,0,0,0,0,-1.0
1787224714.9369564,35.241857982352656,0.0,112.0,0.0,0.43297622158348575,1.0,0.4,1.0,reacquire:road,0,0,0,0,-1.0
1787224714.9640648,34.42325928667682,0.0,112.0,0.0,0.43376012542461456,1.0,0.4,1.0,reacquire:road,0,0,0,0,-1.0
1787224714.9915652,34.804041527225415,0.0,112.0,0.0,0.4327149203031095,1.0,0.4,1.0,reacquire:road,0,0,0,0,-1.0
1787224715.0245252,35.29506208501925,0.0,112.0,0.0,0.43297622158348575,1.0,0.4,1.0,reacquire:road,0,0,0,0,-1.0
1787224715.0527067,34.262591159393395,0.0,112.0,0.0,0.43180036582179254,1.0,0.4,1.0,reacquire:road,0,0,0,0,-1.0
1787224715.078925,34.55280609293287,0.0,112.0,0.0,0.43127776326104,1.0,0.4,1.0,reacquire:road,0,0,0,0,-1.0
1787224715.11022,35.27277433275506,0.0,112.0,0.0,0.42944865429840606,1.0,0.4,1.0,reacquire:road,0,0,0,0,-1.0
1787224715.138799,34.46321897799377,0.0,112.0,0.0,0.42775019597596026,1.0,0.4,1.0,reacquire:road,0,0,0,0,-1.0
1787224715.1651762,34.75979250669024,0.0,112.0,0.0,0.42735824405539585,1.0,0.4,1.0,reacquire:road,0,0,0,0,-1.0
1787224715.1996806,35.35647651410106,0.0,112.0,0.0,0.4263130389338908,1.0,0.4,1.0,reacquire:road,0,0,0,0,-1.0
1787224715.229492,33.956114101855434,0.0,112.0,0.0,0.42735824405539585,1.0,0.4,1.0,reacquire:road,0,0,0,0,-1.0
1787224715.2565866,34.07228881066736,0.0,112.0,0.0,0.42579043637313824,1.0,0.4,1.0,reacquire:road,0,0,0,0,-1.0
1787224715.2879672,34.648331181427864,0.0,112.0,0.0,0.42461458061144497,1.0,0.4,1.0,reacquire:road,0,0,0,0,-1.0
1787224715.315603,34.00276640723149,0.0,112.0,0.0,0.42500653253200943,1.0,0.4,1.0,reacquire:road,0,0,0,0,-1.0
1787224715.341934,34.54649102445312,0.0,112.0,0.0,0.42579043637313824,1.0,0.4,1.0,reacquire:road,0,0,0,0,-1.0
1787224715.373889,35.2438246767634,0.0,112.0,0.0,0.42539848445257383,1.0,0.4,1.0,reacquire:road,0,0,0,0,-1.0
1787224715.4026163,34.27645237058903,0.0,112.0,0.0,0.4243532793310687,1.0,0.4,1.0,reacquire:road,0,0,0,0,-1.0
1787224715.4286048,34.61493140148305,0.0,112.0,0.0,0.423700026130128,1.0,0.4,1.0,reacquire:road,0,0,0,0,-1.0
1787224715.4628155,35.3909073819101,0.0,112.0,0.0,0.4235693754899399,1.0,0.4,1.0,reacquire:road,0,0,0,0,-1.0
1787224715.4916348,34.118074989001585,0.0,112.0,0.0,0.4235693754899399,1.0,0.4,1.0,reacquire:road,0,0,0,0,-1.0
1787224715.5193753,34.278556156619,0.0,112.0,0.0,0.42513718317219756,1.0,0.4,1.0,reacquire:road,0,0,0,0,-1.0
1787224715.5522192,34.632566051845664,0.0,112.0,0.0,0.4252678338123857,1.0,0.4,1.0,reacquire:road,0,0,0,0,-1.0
1787224715.581191,33.62616215037753,0.0,112.0,0.0,0.4231774235693755,1.0,0.4,1.0,reacquire:road,0,0,0,0,-1.0
1787224715.6083474,34.022982837275144,0.0,112.0,0.0,0.4252678338123857,1.0,0.4,1.0,reacquire:road,0,0,0,0,-1.0
1787224715.6405141,34.61161838685437,0.0,112.0,0.0,0.42383067677031616,1.0,0.4,1.0,reacquire:road,0,0,0,0,-1.0
1787224715.6700642,33.88805133188171,0.0,112.0,0.0,0.4233080742095636,1.0,0.4,1.0,reacquire:road,0,0,0,0,-1.0
1787224715.6964455,33.89261746524376,0.0,112.0,0.0,0.423700026130128,1.0,0.4,1.0,reacquire:road,0,0,0,0,-1.0
1787224715.7292438,34.70516221501367,0.0,112.0,0.0,0.4231774235693755,1.0,0.4,1.0,reacquire:road,0,0,0,0,-1.0
1787224715.761024,33.78018077658084,0.0,112.0,0.0,0.4233080742095636,1.0,0.4,1.0,reacquire:road,0,0,0,0,-1.0
1787224715.788146,33.39721092141494,0.0,112.0,0.0,0.42474523125163316,1.0,0.4,1.0,reacquire:road,0,0,0,0,-1.0
1787224715.8198528,34.1039046203119,0.0,112.0,0.0,0.4233080742095636,1.0,0.4,1.0,reacquire:road,0,0,0,0,-1.0
1787224715.8478847,33.47343631509041,0.0,112.0,0.0,0.4248758818918213,1.0,0.4,1.0,reacquire:road,0,0,0,0,-1.0
1787224715.8780036,34.05660231533901,0.0,112.0,0.0,0.4248758818918213,1.0,0.4,1.0,reacquire:road,0,0,0,0,-1.0
1787224715.910079,33.89859354814406,0.0,112.0,0.0,0.423700026130128,1.0,0.4,1.0,reacquire:road,0,0,0,0,-1.0
1787224715.9382715,33.321837385839004,0.0,112.0,0.0,0.42409197805069243,1.0,0.4,1.0,reacquire:road,0,0,0,0,-1.0
1787224715.9645865,33.79163025527298,0.0,112.0,0.0,0.42513718317219756,1.0,0.4,1.0,reacquire:road,0,0,0,0,-1.0
1787224715.9970903,34.62321696727087,0.0,112.0,0.0,0.42513718317219756,1.0,0.4,1.0,reacquire:road,0,0,0,0,-1.0
1787224716.0272315,33.762755848097925,0.0,112.0,0.0,0.4243532793310687,1.0,0.4,1.0,reacquire:road,0,0,0,0,-1.0
1787224716.0554788,33.754381040041046,0.0,112.0,0.0,0.42461458061144497,1.0,0.4,1.0,reacquire:road,0,0,0,0,-1.0
1787224716.089483,34.098172961908425,0.0,112.0,0.0,0.42409197805069243,1.0,0.4,1.0,reacquire:road,0,0,0,0,-1.0
1787224716.118352,33.120246253574294,0.0,112.0,0.0,0.42265482100862295,1.0,0.4,1.0,reacquire:road,0,0,0,0,-1.0
1787224716.1451745,33.47266561839457,0.0,112.0,0.0,0.42187091716749414,1.0,0.4,1.0,reacquire:road,0,0,0,0,-1.0
1787224716.1772275,34.11057249245472,0.0,112.0,0.0,0.42265482100862295,1.0,0.4,1.0,reacquire:road,0,0,0,0,-1.0
1787224716.2065723,33.52093790862797,0.0,112.0,0.0,0.4223935197282467,1.0,0.4,1.0,reacquire:road,0,0,0,0,-1.0
1787224716.233592,33.75085164430842,0.0,112.0,0.0,0.42343872484975176,1.0,0.4,1.0,reacquire:road,0,0,0,0,-1.0
1787224716.2657225,34.38566463129084,0.0,112.0,0.0,0.42265482100862295,1.0,0.4,1.0,reacquire:road,0,0,0,0,-1.0
1787224716.2963772,33.33295221888091,0.0,112.0,0.0,0.4227854716488111,1.0,0.4,1.0,reacquire:road,0,0,0,0,-1.0
1787224716.3231962,33.694737965424096,0.0,112.0,0.0,0.42265482100862295,1.0,0.4,1.0,reacquire:road,0,0,0,0,-1.0
1787224716.3538861,34.421466274132655,0.0,112.0,0.0,0.4231774235693755,1.0,0.4,1.0,reacquire:road,0,0,0,0,-1.0
1787224716.3812916,33.89544282981894,0.0,112.0,0.0,0.4239613274105043,1.0,0.4,1.0,reacquire:road,0,0,0,0,-1.0
1787224716.4088962,34.62563958902355,0.0,112.0,0.0,0.4239613274105043,1.0,0.4,1.0,reacquire:road,0,0,0,0,-1.0
1787224716.440612,34.95397480091353,0.0,112.0,0.0,0.42422262869088057,1.0,0.4,1.0,reacquire:road,0,0,0,0,-1.0
1787224716.4680011,34.230489759022,0.0,112.0,0.0,0.42147896524692974,1.0,0.4,1.0,reacquire:road,0,0,0,0,-1.0
1787224716.4940581,34.730283898047105,0.0,112.0,0.0,0.4216096158871179,1.0,0.4,1.0,reacquire:road,0,0,0,0,-1.0
1787224716.5274248,35.46816670499383,0.0,112.0,0.0,0.4221322184478704,1.0,0.4,1.0,reacquire:road,0,0,0,0,-1.0
1787224716.5567648,34.29829426500993,0.0,112.0,0.0,0.4221322184478704,1.0,0.4,1.0,reacquire:road,0,0,0,0,-1.0
1787224716.5831754,34.34308797263881,0.0,112.0,0.0,0.4233080742095636,1.0,0.4,1.0,reacquire:road,0,0,0,0,-1.0
1787224716.6145406,35.03107339640003,0.0,112.0,0.0,0.4210870133263653,1.0,0.4,1.0,reacquire:road,0,0,0,0,-1.0
1787224716.6430805,34.39714102235111,0.0,112.0,0.0,0.42147896524692974,1.0,0.4,1.0,reacquire:road,0,0,0,0,-1.0
1787224716.6704345,34.533119809174636,0.0,112.0,0.0,0.4206950614058009,1.0,0.4,1.0,reacquire:road,0,0,0,0,-1.0
1787224716.7009764,34.95582875747774,0.0,112.0,0.0,0.4206950614058009,1.0,0.4,1.0,reacquire:road,0,0,0,0,-1.0
1787224716.7301943,34.39900385521054,0.0,112.0,0.0,0.4227854716488111,1.0,0.4,1.0,reacquire:road,0,0,0,0,-1.0
1787224716.7574239,34.34128542793898,0.0,112.0,0.0,0.42265482100862295,1.0,0.4,1.0,reacquire:road,0,0,0,0,-1.0
1787224716.7880995,34.99685045602627,0.0,112.0,0.0,0.4221322184478704,1.0,0.4,1.0,reacquire:road,0,0,0,0,-1.0
1787224716.8152926,34.41537818751884,0.0,112.0,0.0,0.42147896524692974,1.0,0.4,1.0,reacquire:road,0,0,0,0,-1.0
1787224716.8416352,35.006450499943355,0.0,112.0,0.0,0.4220015678076823,1.0,0.4,1.0,reacquire:road,0,0,0,0,-1.0
1787224716.8742537,35.612197304669245,0.0,112.0,0.0,0.4220015678076823,1.0,0.4,1.0,reacquire:road,0,0,0,0,-1.0
1787224716.9052064,34.59974332579947,0.0,112.0,0.0,0.4212176639665534,1.0,0.4,1.0,reacquire:road,0,0,0,0,-1.0
1787224716.9351263,34.160723732923934,0.0,112.0,0.0,0.4206950614058009,1.0,0.4,1.0,reacquire:road,0,0,0,0,-1.0
1787224716.9678998,33.98489951214442,0.0,112.0,0.0,0.42304677292918735,1.0,0.4,1.0,reacquire:road,0,0,0,0,-1.0
1787224716.9953525,33.26104883084167,0.0,112.0,0.0,0.42056441076561274,1.0,0.4,1.0,reacquire:road,0,0,0,0,-1.0
1787224717.0227065,33.971717962103654,0.0,112.0,0.0,0.4225241703684348,1.0,0.4,1.0,reacquire:road,0,0,0,0,-1.0
1787224717.054333,34.4946248498838,0.0,112.0,0.0,0.4221322184478704,1.0,0.4,1.0,reacquire:road,0,0,0,0,-1.0
1787224717.0819376,33.86443065155126,0.0,112.0,0.0,0.42265482100862295,1.0,0.4,1.0,reacquire:road,0,0,0,0,-1.0
1787224717.1079042,34.39925553386101,0.0,112.0,0.0,0.41991115756467207,1.0,0.4,1.0,reacquire:road,0,0,0,0,-1.0
1787224717.1399915,35.22943154093977,0.0,112.0,0.0,0.4204337601254246,1.0,0.4,1.0,reacquire:road,0,0,0,0,-1.0
1787224717.1707911,34.27542219000152,0.0,112.0,0.0,0.4200418082048602,1.0,0.4,1.0,reacquire:road,0,0,0,0,-1.0
1787224717.19756,34.07159522876212,0.0,112.0,0.0,0.42134831460674155,1.0,0.4,1.0,reacquire:road,0,0,0,0,-1.0
1787224717.2293506,34.72878973009355,0.0,112.0,0.0,0.4221322184478704,1.0,0.4,1.0,reacquire:road,0,0,0,0,-1.0
1787224717.260024,34.00140049702291,0.0,112.0,0.0,0.4212176639665534,1.0,0.4,1.0,reacquire:road,0,0,0,0,-1.0
1787224717.2870493,33.80630446972997,0.0,112.0,0.0,0.4212176639665534,1.0,0.4,1.0,reacquire:road,0,0,0,0,-1.0
1787224717.3188112,34.43327933233185,0.0,112.0,0.0,0.42187091716749414,1.0,0.4,1.0,reacquire:road,0,0,0,0,-1.0
1787224717.3467824,33.562219198581154,0.0,112.0,0.0,0.4192579043637314,1.0,0.4,1.0,reacquire:road,0,0,0,0,-1.0
1787224717.3757904,34.37197459114337,0.0,112.0,0.0,0.4192579043637314,1.0,0.4,1.0,reacquire:road,0,0,0,0,-1.0
1787224717.4076734,34.4243620249327,0.0,112.0,0.0,0.4200418082048602,1.0,0.4,1.0,reacquire:road,0,0,0,0,-1.0
1787224717.4367013,33.6909554404359,0.0,112.0,0.0,0.41978050692448393,1.0,0.4,1.0,reacquire:road,0,0,0,0,-1.0
1787224717.4634032,33.99913056946956,0.0,112.0,0.0,0.41978050692448393,1.0,0.4,1.0,reacquire:road,0,0,0,0,-1.0
1787224717.495462,34.65680110595197,0.0,112.0,0.0,0.4184740005226026,1.0,0.4,1.0,reacquire:road,0,0,0,0,-1.0
1787224717.5238476,33.94700328955536,0.0,112.0,0.0,0.4196498562842958,1.0,0.4,1.0,reacquire:road,0,0,0,0,-1.0
1787224717.5501866,34.25352758030821,0.0,112.0,0.0,0.41991115756467207,1.0,0.4,1.0,reacquire:road,0,0,0,0,-1.0
1787224717.5836525,34.98592663427178,0.0,112.0,0.0,0.4204337601254246,1.0,0.4,1.0,reacquire:road,0,0,0,0,-1.0
1787224717.611851,33.94111393356408,0.0,112.0,0.0,0.4184740005226026,1.0,0.4,1.0,reacquire:road,0,0,0,0,-1.0
1787224717.6387842,34.28230603257045,0.0,112.0,0.0,0.41599163835902797,1.0,0.4,1.0,reacquire:road,0,0,0,0,-1.0
1787224717.6705048,34.858959522986424,0.0,112.0,0.0,0.4192579043637314,1.0,0.4,1.0,reacquire:road,0,0,0,0,-1.0
1787224717.699136,34.17143059845738,0.0,112.0,0.0,0.41782074732166186,1.0,0.4,1.0,reacquire:road,0,0,0,0,-1.0
1787224717.7251282,34.32919849882283,0.0,112.0,0.0,0.4193885550039195,1.0,0.4,1.0,reacquire:road,0,0,0,0,-1.0
1787224717.7566671,35.18153723176712,0.0,112.0,0.0,0.4186046511627907,1.0,0.4,1.0,reacquire:road,0,0,0,0,-1.0
1787224717.7842426,34.46478078889629,0.0,112.0,0.0,0.42056441076561274,1.0,0.4,1.0,reacquire:road,0,0,0,0,-1.0
1787224717.8102682,34.83770744223504,0.0,112.0,0.0,0.41703684348053305,1.0,0.4,1.0,reacquire:road,0,0,0,0,-1.0
1787224717.8452551,35.57272278670877,0.0,112.0,0.0,0.4193885550039195,1.0,0.4,1.0,reacquire:road,0,0,0,0,-1.0
1787224717.8734243,34.00444255966564,0.0,112.0,0.0,0.41991115756467207,1.0,0.4,1.0,reacquire:road,0,0,0,0,-1.0
1787224717.899973,34.582121368287474,0.0,112.0,0.0,0.4186046511627907,1.0,0.4,1.0,reacquire:road,0,0,0,0,-1.0
1787224717.9314866,35.0611042214096,0.0,112.0,0.0,0.4180820486020381,1.0,0.4,1.0,reacquire:road,0,0,0,0,-1.0
1787224717.9594486,34.21799989764021,0.0,112.0,0.0,0.418865952443167,1.0,0.4,1.0,reacquire:road,0,0,0,0,-1.0
1787224717.9860709,34.90845053073478,0.0,112.0,0.0,0.4171674941207212,1.0,0.4,1.0,reacquire:road,0,0,0,0,-1.0
1787224718.0184093,35.43576522314184,0.0,112.0,0.0,0.41873530180297885,1.0,0.4,1.0,reacquire:road,0,0,0,0,-1.0
1787224718.0491853,34.495380281606586,0.0,112.0,0.0,0.4196498562842958,1.0,0.4,1.0,reacquire:road,0,0,0,0,-1.0
1787224718.0757198,34.11539901247148,0.0,112.0,0.0,0.41873530180297885,1.0,0.4,1.0,reacquire:road,0,0,0,0,-1.0
1787224718.107712,34.85919344734891,0.0,112.0,0.0,0.4200418082048602,1.0,0.4,1.0,reacquire:road,0,0,0,0,-1.0
1787224718.1379812,34.11163873959362,0.0,112.0,0.0,0.42056441076561274,1.0,0.4,1.0,reacquire:road,0,0,0,0,-1.0
1787224718.164333,33.9264032178611,0.0,112.0,0.0,0.42147896524692974,1.0,0.4,1.0,reacquire:road,0,0,0,0,-1.0
1787224718.197064,34.72632257476483,0.0,112.0,0.0,0.418865952443167,1.0,0.4,1.0,reacquire:road,0,0,0,0,-1.0
1787224718.2246828,33.83841535779262,0.0,112.0,0.0,0.41978050692448393,1.0,0.4,1.0,reacquire:road,0,0,0,0,-1.0
1787224718.253289,34.389263718975585,0.0,112.0,0.0,0.4196498562842958,1.0,0.4,1.0,reacquire:road,0,0,0,0,-1.0
1787224718.288542,34.49667141205986,0.0,112.0,0.0,0.4221322184478704,1.0,0.4,1.0,reacquire:road,0,0,0,0,-1.0
1787224718.316706,33.24886888125419,0.0,112.0,0.0,0.41951920564410766,1.0,0.4,1.0,reacquire:road,0,0,0,0,-1.0
1787224718.3432813,33.73019001616734,0.0,112.0,0.0,0.41978050692448393,1.0,0.4,1.0,reacquire:road,0,0,0,0,-1.0
1787224718.3746803,34.50103389606072,0.0,112.0,0.0,0.42147896524692974,1.0,0.4,1.0,reacquire:road,0,0,0,0,-1.0
1787224718.4028916,33.78660807865464,0.0,112.0,0.0,0.42056441076561274,1.0,0.4,1.0,reacquire:road,0,0,0,0,-1.0
1787224718.428978,34.378493053613525,0.0,112.0,0.0,0.41873530180297885,1.0,0.4,1.0,reacquire:road,0,0,0,0,-1.0
1787224718.46299,35.14924256259477,0.0,112.0,0.0,0.4200418082048602,1.0,0.4,1.0,reacquire:road,0,0,0,0,-1.0
1787224718.4926581,33.4938752715589,0.0,112.0,0.0,0.4196498562842958,1.0,0.4,1.0,reacquire:road,0,0,0,0,-1.0
1787224718.5219047,34.23766409119293,0.0,112.0,0.0,0.42134831460674155,1.0,0.4,1.0,reacquire:road,0,0,0,0,-1.0
1787224718.554642,34.34354127040888,0.0,112.0,0.0,0.418865952443167,1.0,0.4,1.0,reacquire:road,0,0,0,0,-1.0
1787224718.5828493,33.349795082429665,0.0,112.0,0.0,0.42030310948523647,1.0,0.4,1.0,reacquire:road,0,0,0,0,-1.0
1787224718.6089168,34.11585645358643,0.0,112.0,0.0,0.42017245884504834,1.0,0.4,1.0,reacquire:road,0,0,0,0,-1.0
1787224718.6407957,34.97124321565807,0.0,112.0,0.0,0.42056441076561274,1.0,0.4,1.0,reacquire:road,0,0,0,0,-1.0
1787224718.6700873,34.214401832034326,0.0,112.0,0.0,0.4196498562842958,1.0,0.4,1.0,reacquire:road,0,0,0,0,-1.0
1787224718.6964424,34.23674103782763,0.0,112.0,0.0,0.4223935197282467,1.0,0.4,1.0,reacquire:road,0,0,0,0,-1.0
1787224718.728176,34.96422306316494,0.0,112.0,0.0,0.42226286908805855,1.0,0.4,1.0,reacquire:road,0,0,0,0,-1.0
1787224718.755887,34.271756073114666,0.0,112.0,0.0,0.421740266527306,1.0,0.4,1.0,reacquire:road,0,0,0,0,-1.0
1787224718.782176,34.654582849763344,0.0,112.0,0.0,0.4229161222889992,1.0,0.4,1.0,reacquire:road,0,0,0,0,-1.0
1787224718.815142,35.309780050268614,0.0,112.0,0.0,0.4220015678076823,1.0,0.4,1.0,reacquire:road,0,0,0,0,-1.0
1787224718.8428469,34.249287497081944,0.0,112.0,0.0,0.41991115756467207,1.0,0.4,1.0,reacquire:road,0,0,0,0,-1.0
1787224718.8698292,34.732356598004266,0.0,112.0,0.0,0.421740266527306,1.0,0.4,1.0,reacquire:road,0,0,0,0,-1.0
1787224718.9035497,35.20042574835128,0.0,112.0,0.0,0.42030310948523647,1.0,0.4,1.0,reacquire:road,0,0,0,0,-1.0
1787224718.9314306,34.070422776303,0.0,112.0,0.0,0.41912725372354326,1.0,0.4,1.0,reacquire:road,0,0,0,0,-1.0
1787224718.9574678,34.44771817278423,0.0,112.0,0.0,0.4223935197282467,1.0,0.4,1.0,reacquire:road,0,0,0,0,-1.0
1787224718.9897766,35.255156074563345,0.0,112.0,0.0,0.4200418082048602,1.0,0.4,1.0,reacquire:road,0,0,0,0,-1.0
1787224719.019641,34.15044923288769,0.0,112.0,0.0,0.421740266527306,1.0,0.4,1.0,reacquire:road,0,0,0,0,-1.0
1787224719.0458171,34.31966281564327,0.0,112.0,0.0,0.4220015678076823,1.0,0.4,1.0,reacquire:road,0,0,0,0,-1.0
1787224719.0771325,35.088998432083926,0.0,112.0,0.0,0.42147896524692974,1.0,0.4,1.0,reacquire:road,0,0,0,0,-1.0
1787224719.1083353,34.1389207732447,0.0,112.0,0.0,0.4196498562842958,1.0,0.4,1.0,reacquire:road,0,0,0,0,-1.0
1787224719.1355247,34.08454956391435,0.0,112.0,0.0,0.42095636268617714,1.0,0.4,1.0,reacquire:road,0,0,0,0,-1.0
1787224719.167367,34.628353958404844,0.0,112.0,0.0,0.4206950614058009,1.0,0.4,1.0,reacquire:road,0,0,0,0,-1.0
1787224719.1947412,33.96710562909954,0.0,112.0,0.0,0.4192579043637314,1.0,0.4,1.0,reacquire:road,0,0,0,0,-1.0
1787224719.2214816,34.45460824280973,0.0,112.0,0.0,0.4210870133263653,1.0,0.4,1.0,reacquire:road,0,0,0,0,-1.0
1787224719.2532284,35.09495548126141,0.0,112.0,0.0,0.420825712045989,1.0,0.4,1.0,reacquire:road,0,0,0,0,-1.0
1787224719.2816706,34.17187147412411,0.0,112.0,0.0,0.41991115756467207,1.0,0.4,1.0,reacquire:road,0,0,0,0,-1.0
1787224719.3076942,34.628997546589446,0.0,112.0,0.0,0.4204337601254246,1.0,0.4,1.0,reacquire:road,0,0,0,0,-1.0
1787224719.3416383,35.403851460807346,0.0,112.0,0.0,0.42095636268617714,1.0,0.4,1.0,reacquire:road,0,0,0,0,-1.0
1787224719.3714583,34.207549229950075,0.0,112.0,0.0,0.4192579043637314,1.0,0.4,1.0,reacquire:road,0,0,0,0,-1.0
1787224719.3984184,34.082877247149995,0.0,112.0,0.0,0.4206950614058009,1.0,0.4,1.0,reacquire:road,0,0,0,0,-1.0
1787224719.4300652,34.66820602640393,0.0,112.0,0.0,0.421740266527306,1.0,0.4,1.0,reacquire:road,0,0,0,0,-1.0
1787224719.4578168,34.00442872965096,0.0,112.0,0.0,0.4210870133263653,1.0,0.4,1.0,reacquire:road,0,0,0,0,-1.0
1787224719.4879475,34.49169410440924,0.0,112.0,0.0,0.4204337601254246,1.0,0.4,1.0,reacquire:road,0,0,0,0,-1.0
1787224719.519293,34.23199516165168,0.0,112.0,0.0,0.42017245884504834,1.0,0.4,1.0,reacquire:road,0,0,0,0,-1.0
1787224719.5492299,33.72398355544689,0.0,112.0,0.0,0.4204337601254246,1.0,0.4,1.0,reacquire:road,0,0,0,0,-1.0
1787224719.5752285,33.69533157312033,0.0,112.0,0.0,0.42056441076561274,1.0,0.4,1.0,reacquire:road,0,0,0,0,-1.0
1787224719.6074247,34.646986295890486,0.0,112.0,0.0,0.4196498562842958,1.0,0.4,1.0,reacquire:road,0,0,0,0,-1.0
1787224719.636116,33.90534236526389,0.0,112.0,0.0,0.41821269924222626,1.0,0.4,1.0,reacquire:road,0,0,0,0,-1.0
1787224719.6646354,34.131738558915224,0.0,112.0,0.0,0.4196498562842958,1.0,0.4,1.0,reacquire:road,0,0,0,0,-1.0
1787224719.6985257,34.18518434325385,0.0,112.0,0.0,0.4196498562842958,1.0,0.4,1.0,reacquire:road,0,0,0,0,-1.0
1787224719.7291005,33.31860148882089,0.0,112.0,0.0,0.42095636268617714,1.0,0.4,1.0,reacquire:road,0,0,0,0,-1.0
1787224719.7584345,33.21264031033499,0.0,112.0,0.0,0.41873530180297885,1.0,0.4,1.0,reacquire:road,0,0,0,0,-1.0
1787224719.7908375,33.41363703855164,0.0,112.0,0.0,0.41912725372354326,1.0,0.4,1.0,reacquire:road,0,0,0,0,-1.0
1787224719.8202744,32.87399800832138,0.0,112.0,0.0,0.4200418082048602,1.0,0.4,1.0,reacquire:road,0,0,0,0,-1.0
1787224719.8469098,33.12612746043209,0.0,112.0,0.0,0.421740266527306,1.0,0.4,1.0,reacquire:road,0,0,0,0,-1.0
1787224719.8780527,33.97815886336949,0.0,112.0,0.0,0.4196498562842958,1.0,0.4,1.0,reacquire:road,0,0,0,0,-1.0
1787224719.9088378,32.99212169428623,0.0,112.0,0.0,0.42030310948523647,1.0,0.4,1.0,reacquire:road,0,0,0,0,-1.0
1787224719.9371972,33.697971922808506,0.0,112.0,0.0,0.42056441076561274,1.0,0.4,1.0,reacquire:road,0,0,0,0,-1.0
1787224719.9710703,34.00701677906718,0.0,112.0,0.0,0.41951920564410766,1.0,0.4,1.0,reacquire:road,0,0,0,0,-1.0
1787224719.998966,32.98473694057041,0.0,112.0,0.0,0.41978050692448393,1.0,0.4,1.0,reacquire:road,0,0,0,0,-1.0
1787224720.0252414,33.74354078815706,0.0,112.0,0.0,0.4200418082048602,1.0,0.4,1.0,reacquire:road,0,0,0,0,-1.0
1787224720.057909,34.61896009678799,0.0,112.0,0.0,0.42017245884504834,1.0,0.4,1.0,reacquire:road,0,0,0,0,-1.0
1787224720.0880282,33.798728592514856,0.0,112.0,0.0,0.42030310948523647,1.0,0.4,1.0,reacquire:road,0,0,0,0,-1.0
1787224720.1149194,33.70252811396951,0.0,112.0,0.0,0.41951920564410766,1.0,0.4,1.0,reacquire:road,0,0,0,0,-1.0
1787224720.1482813,34.38442783073849,0.0,112.0,0.0,0.4225241703684348,1.0,0.4,1.0,reacquire:road,0,0,0,0,-1.0
1787224720.177195,33.502996630992854,0.0,112.0,0.0,0.4192579043637314,1.0,0.4,1.0,reacquire:road,0,0,0,0,-1.0
1787224720.2040899,33.68984002968976,0.0,112.0,0.0,0.420825712045989,1.0,0.4,1.0,reacquire:road,0,0,0,0,-1.0
1787224720.234706,34.43844270683843,0.0,112.0,0.0,0.41951920564410766,1.0,0.4,1.0,reacquire:road,0,0,0,0,-1.0
1787224720.2619941,33.92588706706812,0.0,112.0,0.0,0.41873530180297885,1.0,0.4,1.0,reacquire:road,0,0,0,0,-1.0
1787224720.288598,34.528868990540104,0.0,112.0,0.0,0.420825712045989,1.0,0.4,1.0,reacquire:road,0,0,0,0,-1.0
1787224720.3199773,35.29698495900682,0.0,112.0,0.0,0.42095636268617714,1.0,0.4,1.0,reacquire:road,0,0,0,0,-1.0
1787224720.3481832,34.3851694517749,0.0,112.0,0.0,0.4212176639665534,1.0,0.4,1.0,reacquire:road,0,0,0,0,-1.0
1787224720.3742933,34.88654200566123,0.0,112.0,0.0,0.4193885550039195,1.0,0.4,1.0,reacquire:road,0,0,0,0,-1.0
1787224720.4095285,35.58395143393798,0.0,112.0,0.0,0.418865952443167,1.0,0.4,1.0,reacquire:road,0,0,0,0,-1.0
1787224720.4401782,34.127346005957136,0.0,112.0,0.0,0.41742879540109745,1.0,0.4,1.0,reacquire:road,0,0,0,0,-1.0
1787224720.4671764,33.84320144328986,0.0,112.0,0.0,0.4196498562842958,1.0,0.4,1.0,reacquire:road,0,0,0,0,-1.0
1787224720.4992821,34.47291270572484,0.0,112.0,0.0,0.4186046511627907,1.0,0.4,1.0,reacquire:road,0,0,0,0,-1.0
1787224720.5267217,33.77011308661735,0.0,112.0,0.0,0.41991115756467207,1.0,0.4,1.0,reacquire:road,0,0,0,0,-1.0
1787224720.5548866,34.36305791296592,0.0,112.0,0.0,0.4206950614058009,1.0,0.4,1.0,reacquire:road,0,0,0,0,-1.0
1787224720.5900538,34.58343042219991,0.0,112.0,0.0,0.4206950614058009,1.0,0.4,1.0,reacquire:road,0,0,0,0,-1.0
1787224720.6191397,33.33472411474165,0.0,112.0,0.0,0.4212176639665534,1.0,0.4,1.0,reacquire:road,0,0,0,0,-1.0
1787224720.645948,33.56545367189844,0.0,112.0,0.0,0.4200418082048602,1.0,0.4,1.0,reacquire:road,0,0,0,0,-1.0
1787224720.6781402,34.32558730876127,0.0,112.0,0.0,0.4206950614058009,1.0,0.4,1.0,reacquire:road,0,0,0,0,-1.0
1787224720.7063532,33.62529375019668,0.0,112.0,0.0,0.41834334988241445,1.0,0.4,1.0,reacquire:road,0,0,0,0,-1.0
1787224720.733361,34.057591413386085,0.0,112.0,0.0,0.4204337601254246,1.0,0.4,1.0,reacquire:road,0,0,0,0,-1.0
1787224720.7679458,34.65414479520603,0.0,112.0,0.0,0.41912725372354326,1.0,0.4,1.0,reacquire:road,0,0,0,0,-1.0
1787224720.7964478,33.46320144024499,0.0,112.0,0.0,0.4204337601254246,1.0,0.4,1.0,reacquire:road,0,0,0,0,-1.0
1787224720.8244674,33.84408988209338,0.0,112.0,0.0,0.4193885550039195,1.0,0.4,1.0,reacquire:road,0,0,0,0,-1.0
1787224720.8582816,34.2208413025211,0.0,112.0,0.0,0.42030310948523647,1.0,0.4,1.0,reacquire:road,0,0,0,0,-1.0
1787224720.889655,33.193095128131574,0.0,112.0,0.0,0.42017245884504834,1.0,0.4,1.0,reacquire:road,0,0,0,0,-1.0
1787224720.9171114,33.05201338968198,0.0,112.0,0.0,0.4204337601254246,1.0,0.4,1.0,reacquire:road,0,0,0,0,-1.0
1787224720.9492831,33.71511320759558,0.0,112.0,0.0,0.41978050692448393,1.0,0.4,1.0,reacquire:road,0,0,0,0,-1.0
1787224720.9775758,33.14863523651648,0.0,112.0,0.0,0.41991115756467207,1.0,0.4,1.0,reacquire:road,0,0,0,0,-1.0
1787224721.0048275,33.625781203457386,0.0,112.0,0.0,0.4206950614058009,1.0,0.4,1.0,reacquire:road,0,0,0,0,-1.0
1787224721.0405548,34.265996828983745,0.0,112.0,0.0,0.4220015678076823,1.0,0.4,1.0,reacquire:road,0,0,0,0,-1.0
1787224721.07212,32.62727315012758,0.0,112.0,0.0,0.42095636268617714,1.0,0.4,1.0,reacquire:road,0,0,0,0,-1.0
1787224721.1016426,32.76206825816589,0.0,112.0,0.0,0.41978050692448393,1.0,0.4,1.0,reacquire:road,0,0,0,0,-1.0
1787224721.133972,33.24715533666984,0.0,112.0,0.0,0.4192579043637314,1.0,0.4,1.0,reacquire:road,0,0,0,0,-1.0
1787224721.1620307,32.728863137272114,0.0,112.0,0.0,0.4212176639665534,1.0,0.4,1.0,reacquire:road,0,0,0,0,-1.0
1787224721.1893523,33.364526325872724,0.0,112.0,0.0,0.42187091716749414,1.0,0.4,1.0,reacquire:road,0,0,0,0,-1.0
1787224721.2213128,34.03016223870001,0.0,112.0,0.0,0.418865952443167,1.0,0.4,1.0,reacquire:road,0,0,0,0,-1.0
1787224721.2509913,33.39645379378189,0.0,112.0,0.0,0.4200418082048602,1.0,0.4,1.0,reacquire:road,0,0,0,0,-1.0
1787224721.2778528,33.53462282223694,0.0,112.0,0.0,0.4192579043637314,1.0,0.4,1.0,reacquire:road,0,0,0,0,-1.0
1787224721.3101192,34.267026998233916,0.0,112.0,0.0,0.42265482100862295,1.0,0.4,1.0,reacquire:road,0,0,0,0,-1.0
1787224721.3390567,33.602858188123854,0.0,112.0,0.0,0.42017245884504834,1.0,0.4,1.0,reacquire:road,0,0,0,0,-1.0
1787224721.3668075,33.80870043330596,0.0,112.0,0.0,0.4220015678076823,1.0,0.4,1.0,reacquire:road,0,0,0,0,-1.0
1787224721.3981392,34.282796956238535,0.0,112.0,0.0,0.41991115756467207,1.0,0.4,1.0,reacquire:road,0,0,0,0,-1.0
1787224721.4252841,33.716455449015385,0.0,112.0,0.0,0.42030310948523647,1.0,0.4,1.0,reacquire:road,0,0,0,0,-1.0
1787224721.4541976,34.46545975090313,0.0,112.0,0.0,0.42017245884504834,1.0,0.4,1.0,reacquire:road,0,0,0,0,-1.0
1787224721.4864132,34.376286054780046,0.0,112.0,0.0,0.4200418082048602,1.0,0.4,1.0,reacquire:road,0,0,0,0,-1.0
1787224721.514806,33.769160393728924,0.0,112.0,0.0,0.4192579043637314,1.0,0.4,1.0,reacquire:road,0,0,0,0,-1.0
1787224721.541002,34.10508922554968,0.0,112.0,0.0,0.42030310948523647,1.0,0.4,1.0,reacquire:road,0,0,0,0,-1.0
1787224721.5735328,34.918565107200095,0.0,112.0,0.0,0.4216096158871179,1.0,0.4,1.0,reacquire:road,0,0,0,0,-1.0
1787224721.6015096,34.06185273911342,0.0,112.0,0.0,0.4204337601254246,1.0,0.4,1.0,reacquire:road,0,0,0,0,-1.0
1787224721.627733,34.42918582963235,0.0,112.0,0.0,0.4216096158871179,1.0,0.4,1.0,reacquire:road,0,0,0,0,-1.0
1787224721.6610377,35.13257596805041,0.0,112.0,0.0,0.41991115756467207,1.0,0.4,1.0,reacquire:road,0,0,0,0,-1.0
1787224721.6899276,34.086880882436624,0.0,112.0,0.0,0.42187091716749414,1.0,0.4,1.0,reacquire:road,0,0,0,0,-1.0
1787224721.7170446,34.25091230991357,0.0,112.0,0.0,0.4212176639665534,1.0,0.4,1.0,reacquire:road,0,0,0,0,-1.0
1787224721.7490704,34.781233678761524,0.0,112.0,0.0,0.4220015678076823,1.0,0.4,1.0,reacquire:road,0,0,0,0,-1.0
1787224721.7768009,33.95382592517618,0.0,112.0,0.0,0.4206950614058009,1.0,0.4,1.0,reacquire:road,0,0,0,0,-1.0
1787224721.8033385,34.521656131449376,0.0,112.0,0.0,0.4204337601254246,1.0,0.4,1.0,reacquire:road,0,0,0,0,-1.0
1787224721.8349931,35.168317513342664,0.0,112.0,0.0,0.4216096158871179,1.0,0.4,1.0,reacquire:road,0,0,0,0,-1.0
1787224721.8630757,34.41755402390764,0.0,112.0,0.0,0.420825712045989,1.0,0.4,1.0,reacquire:road,0,0,0,0,-1.0
1787224721.8890495,34.67595635411068,0.0,112.0,0.0,0.4216096158871179,1.0,0.4,1.0,reacquire:road,0,0,0,0,-1.0
1787224721.923001,35.469966632817936,0.0,112.0,0.0,0.4206950614058009,1.0,0.4,1.0,reacquire:road,0,0,0,0,-1.0
1787224721.9519572,34.08190293113919,0.0,112.0,0.0,0.42017245884504834,1.0,0.4,1.0,reacquire:road,0,0,0,0,-1.0
1787224721.9783685,34.44114749255372,0.0,112.0,0.0,0.42030310948523647,1.0,0.4,1.0,reacquire:road,0,0,0,0,-1.0
1787224722.0096402,35.10112005759739,0.0,112.0,0.0,0.42056441076561274,1.0,0.4,1.0,reacquire:road,0,0,0,0,-1.0
1787224722.037259,34.387840262859044,0.0,112.0,0.0,0.42030310948523647,1.0,0.4,1.0,reacquire:road,0,0,0,0,-1.0
1787224722.06437,34.75149699539564,0.0,112.0,0.0,0.4200418082048602,1.0,0.4,1.0,reacquire:road,0,0,0,0,-1.0
1787224722.0974026,35.32781179821094,0.0,112.0,0.0,0.4204337601254246,1.0,0.4,1.0,reacquire:road,0,0,0,0,-1.0
1787224722.1282644,34.20215746801021,0.0,112.0,0.0,0.42147896524692974,1.0,0.4,1.0,reacquire:road,0,0,0,0,-1.0
1787224722.1547768,33.9557643636416,0.0,112.0,0.0,0.41951920564410766,1.0,0.4,1.0,reacquire:road,0,0,0,0,-1.0
1787224722.1860473,34.74052603732153,0.0,112.0,0.0,0.42147896524692974,1.0,0.4,1.0,reacquire:road,0,0,0,0,-1.0
1787224722.2140985,34.10229682060024,0.0,112.0,0.0,0.42030310948523647,1.0,0.4,1.0,reacquire:road,0,0,0,0,-1.0
1787224722.2400737,34.51906363467483,0.0,112.0,0.0,0.4206950614058009,1.0,0.4,1.0,reacquire:road,0,0,0,0,-1.0
1787224722.2719493,35.31911291154157,0.0,112.0,0.0,0.4206950614058009,1.0,0.4,1.0,reacquire:road,0,0,0,0,-1.0
1787224722.3027594,34.43467502442191,0.0,112.0,0.0,0.4216096158871179,1.0,0.4,1.0,reacquire:road,0,0,0,0,-1.0
1787224722.329272,34.14286562155324,0.0,112.0,0.0,0.4210870133263653,1.0,0.4,1.0,reacquire:road,0,0,0,0,-1.0
1787224722.3627276,34.59002425033662,0.0,112.0,0.0,0.41991115756467207,1.0,0.4,1.0,reacquire:road,0,0,0,0,-1.0
1787224722.389922,33.811508783231844,0.0,112.0,0.0,0.4196498562842958,1.0,0.4,1.0,reacquire:road,0,0,0,0,-1.0
1787224722.416896,34.42001889903293,0.0,112.0,0.0,0.4204337601254246,1.0,0.4,1.0,reacquire:road,0,0,0,0,-1.0
1787224722.4514556,34.961130050721465,0.0,112.0,0.0,0.42187091716749414,1.0,0.4,1.0,reacquire:road,0,0,0,0,-1.0
1787224722.4806278,33.6613914315785,0.0,112.0,0.0,0.4212176639665534,1.0,0.4,1.0,reacquire:road,0,0,0,0,-1.0
1787224722.507179,33.90550899823574,0.0,112.0,0.0,0.4200418082048602,1.0,0.4,1.0,reacquire:road,0,0,0,0,-1.0
1787224722.5406876,34.659794791606956,0.0,112.0,0.0,0.420825712045989,1.0,0.4,1.0,reacquire:road,0,0,0,0,-1.0
1787224722.5716624,33.6713478628675,0.0,112.0,0.0,0.41978050692448393,1.0,0.4,1.0,reacquire:road,0,0,0,0,-1.0
1787224722.5981183,33.43286526901858,0.0,112.0,0.0,0.4200418082048602,1.0,0.4,1.0,reacquire:road,0,0,0,0,-1.0
1787224722.6297312,34.310744945589136,0.0,112.0,0.0,0.4204337601254246,1.0,0.4,1.0,reacquire:road,0,0,0,0,-1.0
1787224722.659678,33.420893989547054,0.0,112.0,0.0,0.42030310948523647,1.0,0.4,1.0,reacquire:road,0,0,0,0,-1.0
1787224722.686315,33.83216031675997,0.0,112.0,0.0,0.42134831460674155,1.0,0.4,1.0,reacquire:road,0,0,0,0,-1.0
1787224722.7182374,34.60166298136579,0.0,112.0,0.0,0.42265482100862295,1.0,0.4,1.0,reacquire:road,0,0,0,0,-1.0
1787224722.7482395,33.93379385569632,0.0,112.0,0.0,0.41912725372354326,1.0,0.4,1.0,reacquire:road,0,0,0,0,-1.0
1787224722.776229,33.82017736850055,0.0,112.0,0.0,0.4196498562842958,1.0,0.4,1.0,reacquire:road,0,0,0,0,-1.0
1787224722.8092713,34.18780004204533,0.0,112.0,0.0,0.41951920564410766,1.0,0.4,1.0,reacquire:road,0,0,0,0,-1.0
1787224722.8385053,33.32182300205454,0.0,112.0,0.0,0.4193885550039195,1.0,0.4,1.0,reacquire:road,0,0,0,0,-1.0
1787224722.8652847,33.630623813242735,0.0,112.0,0.0,0.42265482100862295,1.0,0.4,1.0,reacquire:road,0,0,0,0,-1.0
1787224722.8966942,34.37287997955713,0.0,112.0,0.0,0.4204337601254246,1.0,0.4,1.0,reacquire:road,0,0,0,0,-1.0
1787224722.9240522,33.82754569428359,0.0,112.0,0.0,0.4196498562842958,1.0,0.4,1.0,reacquire:road,0,0,0,0,-1.0
1787224722.9536352,34.422097237656736,0.0,112.0,0.0,0.41978050692448393,1.0,0.4,1.0,reacquire:road,0,0,0,0,-1.0
1787224722.987004,34.300469195844734,0.0,112.0,0.0,0.4216096158871179,1.0,0.4,1.0,reacquire:road,0,0,0,0,-1.0
1787224723.015525,33.41062120363946,0.0,112.0,0.0,0.42095636268617714,1.0,0.4,1.0,reacquire:road,0,0,0,0,-1.0
1787224723.0415905,33.76299173353948,0.0,112.0,0.0,0.4221322184478704,1.0,0.4,1.0,reacquire:road,0,0,0,0,-1.0
1787224723.0739853,34.67300727146486,0.0,112.0,0.0,0.41991115756467207,1.0,0.4,1.0,reacquire:road,0,0,0,0,-1.0
1787224723.1037197,33.90212720094169,0.0,112.0,0.0,0.4206950614058009,1.0,0.4,1.0,reacquire:road,0,0,0,0,-1.0
1787224723.130079,33.87710355736258,0.0,112.0,0.0,0.42017245884504834,1.0,0.4,1.0,reacquire:road,0,0,0,0,-1.0
1787224723.1609707,34.6872787096069,0.0,112.0,0.0,0.4204337601254246,1.0,0.4,1.0,reacquire:road,0,0,0,0,-1.0
1787224723.1903725,34.13798616124393,0.0,112.0,0.0,0.41991115756467207,1.0,0.4,1.0,reacquire:road,0,0,0,0,-1.0
1787224723.2172549,34.207525958440634,0.0,112.0,0.0,0.42056441076561274,1.0,0.4,1.0,reacquire:road,0,0,0,0,-1.0
1787224723.2489245,34.67254056068102,0.0,112.0,0.0,0.42095636268617714,1.0,0.4,1.0,reacquire:road,0,0,0,0,-1.0
1787224723.2763503,34.02499309726944,0.0,112.0,0.0,0.42095636268617714,1.0,0.4,1.0,reacquire:road,0,0,0,0,-1.0
1787224723.302847,34.670246629735956,0.0,112.0,0.0,0.4231774235693755,1.0,0.4,1.0,reacquire:road,0,0,0,0,-1.0
1787224723.3342962,35.30269051112541,0.0,112.0,0.0,0.42056441076561274,1.0,0.4,1.0,reacquire:road,0,0,0,0,-1.0
1787224723.3622656,34.58127713488052,0.0,112.0,0.0,0.4216096158871179,1.0,0.4,1.0,reacquire:road,0,0,0,0,-1.0
1787224723.3883119,34.832192710474374,0.0,112.0,0.0,0.4221322184478704,1.0,0.4,1.0,reacquire:road,0,0,0,0,-1.0
1787224723.4234836,35.55671475936011,0.0,112.0,0.0,0.42056441076561274,1.0,0.4,1.0,reacquire:road,0,0,0,0,-1.0
1787224723.4537172,34.062497615214,0.0,112.0,0.0,0.4200418082048602,1.0,0.4,1.0,reacquire:road,0,0,0,0,-1.0
1787224723.4801972,33.96106630463596,0.0,112.0,0.0,0.4220015678076823,1.0,0.4,1.0,reacquire:road,0,0,0,0,-1.0
1787224723.511826,34.71264750518236,0.0,112.0,0.0,0.41873530180297885,1.0,0.4,1.0,reacquire:road,0,0,0,0,-1.0
1787224723.5395586,34.04175829898358,0.0,112.0,0.0,0.4184740005226026,1.0,0.4,1.0,reacquire:road,0,0,0,0,-1.0
1787224723.566533,34.52254746671217,0.0,112.0,0.0,0.418865952443167,1.0,0.4,1.0,reacquire:road,0,0,0,0,-1.0
1787224723.598001,35.03228406168736,0.0,112.0,0.0,0.41873530180297885,1.0,0.4,1.0,reacquire:road,0,0,0,0,-1.0
1787224723.6281924,34.241479941048844,0.0,112.0,0.0,0.41834334988241445,1.0,0.4,1.0,reacquire:road,0,0,0,0,-1.0
1787224723.6544163,34.15697436610738,0.0,112.0,0.0,0.4206950614058009,1.0,0.4,1.0,reacquire:road,0,0,0,0,-1.0
1787224723.685126,34.978206547915384,0.0,112.0,0.0,0.4210870133263653,1.0,0.4,1.0,reacquire:road,0,0,0,0,-1.0
1787224723.7125235,34.39278199565332,0.0,112.0,0.0,0.42056441076561274,1.0,0.4,1.0,reacquire:road,0,0,0,0,-1.0
1787224723.7384005,34.944712371054806,0.0,112.0,0.0,0.42030310948523647,1.0,0.4,1.0,reacquire:road,0,0,0,0,-1.0
1787224723.7708824,35.687177996160514,0.0,112.0,0.0,0.42056441076561274,1.0,0.4,1.0,reacquire:road,0,0,0,0,-1.0
1787224723.7988706,34.65953357251135,0.0,112.0,0.0,0.4212176639665534,1.0,0.4,1.0,reacquire:road,0,0,0,0,-1.0
1787224723.8263829,34.792522623785196,0.0,112.0,0.0,0.420825712045989,1.0,0.4,1.0,reacquire:road,0,0,0,0,-1.0
1787224723.8618317,35.23092545945388,0.0,112.0,0.0,0.4227854716488111,1.0,0.4,1.0,reacquire:road,0,0,0,0,-1.0
1787224723.889723,33.79936930571376,0.0,112.0,0.0,0.41821269924222626,1.0,0.4,1.0,reacquire:road,0,0,0,0,-1.0
1787224723.9178653,34.26564740881908,0.0,112.0,0.0,0.4212176639665534,1.0,0.4,1.0,reacquire:road,0,0,0,0,-1.0
1787224723.9494598,34.53216806174544,0.0,112.0,0.0,0.4210870133263653,1.0,0.4,1.0,reacquire:road,0,0,0,0,-1.0
1787224723.9772065,33.918887583752436,0.0,112.0,0.0,0.4206950614058009,1.0,0.4,1.0,reacquire:road,0,0,0,0,-1.0
1787224724.0037472,34.36470426626099,0.0,112.0,0.0,0.41834334988241445,1.0,0.4,1.0,reacquire:road,0,0,0,0,-1.0
1787224724.0355606,35.059777820689106,0.0,112.0,0.0,0.4212176639665534,1.0,0.4,1.0,reacquire:road,0,0,0,0,-1.0
1787224724.0661008,34.22081684969396,0.0,112.0,0.0,0.4184740005226026,1.0,0.4,1.0,reacquire:road,0,0,0,0,-1.0
1787224724.0925896,34.04734702174677,0.0,112.0,0.0,0.41951920564410766,1.0,0.4,1.0,reacquire:road,0,0,0,0,-1.0
1787224724.1258852,34.75385188119914,0.0,112.0,0.0,0.41951920564410766,1.0,0.4,1.0,reacquire:road,0,0,0,0,-1.0
1787224724.1544523,33.75495601659222,0.0,112.0,0.0,0.4189966030833551,1.0,0.4,1.0,reacquire:road,0,0,0,0,-1.0
1787224724.1816504,34.11608388550386,0.0,112.0,0.0,0.41912725372354326,1.0,0.4,1.0,reacquire:road,0,0,0,0,-1.0
1787224724.2143264,34.636779053148786,0.0,112.0,0.0,0.4200418082048602,1.0,0.4,1.0,reacquire:road,0,0,0,0,-1.0
1787224724.2423184,33.818396637175994,0.0,112.0,0.0,0.421740266527306,1.0,0.4,1.0,reacquire:road,0,0,0,0,-1.0
1787224724.2707925,34.21265469281873,0.0,112.0,0.0,0.4196498562842958,1.0,0.4,1.0,reacquire:road,0,0,0,0,-1.0
1787224724.3034403,34.4008167366084,0.0,112.0,0.0,0.4200418082048602,1.0,0.4,1.0,reacquire:road,0,0,0,0,-1.0
1787224724.332639,33.60227458408463,0.0,112.0,0.0,0.4206950614058009,1.0,0.4,1.0,reacquire:road,0,0,0,0,-1.0
1787224724.3592873,33.737151463270045,0.0,112.0,0.0,0.42030310948523647,1.0,0.4,1.0,reacquire:road,0,0,0,0,-1.0
1787224724.391565,34.53027009543026,0.0,112.0,0.0,0.420825712045989,1.0,0.4,1.0,reacquire:road,0,0,0,0,-1.0
1787224724.4208095,33.69721916057989,0.0,112.0,0.0,0.42056441076561274,1.0,0.4,1.0,reacquire:road,0,0,0,0,-1.0
1787224724.4502337,33.98145936662654,0.0,112.0,0.0,0.42134831460674155,1.0,0.4,1.0,reacquire:road,0,0,0,0,-1.0
1787224724.4838812,33.9812783237324,0.0,112.0,0.0,0.4189966030833551,1.0,0.4,1.0,reacquire:road,0,0,0,0,-1.0
1787224724.511975,33.110930675501116,0.0,112.0,0.0,0.42056441076561274,1.0,0.4,1.0,reacquire:road,0,0,0,0,-1.0
1787224724.5383604,33.626988593040785,0.0,112.0,0.0,0.418865952443167,1.0,0.4,1.0,reacquire:road,0,0,0,0,-1.0
1787224724.5710258,34.49112834790534,0.0,112.0,0.0,0.4229161222889992,1.0,0.4,1.0,reacquire:road,0,0,0,0,-1.0
1787224724.600557,33.66198964427919,0.0,112.0,0.0,0.41951920564410766,1.0,0.4,1.0,reacquire:road,0,0,0,0,-1.0
1787224724.6270146,33.76694305815134,0.0,112.0,0.0,0.4200418082048602,1.0,0.4,1.0,reacquire:road,0,0,0,0,-1.0
1787224724.6572838,34.54682494736399,0.0,112.0,0.0,0.420825712045989,1.0,0.4,1.0,reacquire:road,0,0,0,0,-1.0
1787224724.6885087,34.09583582231492,0.0,112.0,0.0,0.41978050692448393,1.0,0.4,1.0,reacquire:road,0,0,0,0,-1.0
1787224724.7163985,33.84593111822019,0.0,112.0,0.0,0.41978050692448393,1.0,0.4,1.0,reacquire:road,0,0,0,0,-1.0
1787224724.7480614,34.25137334208731,0.0,112.0,0.0,0.4196498562842958,1.0,0.4,1.0,reacquire:road,0,0,0,0,-1.0
1787224724.7751508,33.6648907608788,0.0,112.0,0.0,0.41951920564410766,1.0,0.4,1.0,reacquire:road,0,0,0,0,-1.0
1787224724.802382,34.352791109362286,0.0,112.0,0.0,0.420825712045989,1.0,0.4,1.0,reacquire:road,0,0,0,0,-1.0
1787224724.8346124,34.860619188656315,0.0,112.0,0.0,0.41991115756467207,1.0,0.4,1.0,reacquire:road,0,0,0,0,-1.0
1787224724.8627331,34.067320498604246,0.0,112.0,0.0,0.4206950614058009,1.0,0.4,1.0,reacquire:road,0,0,0,0,-1.0
1787224724.8899992,34.40205350027031,0.0,112.0,0.0,0.41951920564410766,1.0,0.4,1.0,reacquire:road,0,0,0,0,-1.0
1787224724.923445,34.83687422762597,0.0,112.0,0.0,0.4192579043637314,1.0,0.4,1.0,reacquire:road,0,0,0,0,-1.0
1787224724.9537027,33.834465703307636,0.0,112.0,0.0,0.4196498562842958,1.0,0.4,1.0,reacquire:road,0,0,0,0,-1.0
1787224724.9812143,33.711995031766435,0.0,112.0,0.0,0.41978050692448393,1.0,0.4,1.0,reacquire:road,0,0,0,0,-1.0
1787224725.013882,34.10620812292853,0.0,112.0,0.0,0.41912725372354326,1.0,0.4,1.0,reacquire:road,0,0,0,0,-1.0
1787224725.0426383,33.26352892789089,0.0,112.0,0.0,0.42147896524692974,1.0,0.4,1.0,reacquire:road,0,0,0,0,-1.0
1787224725.0687854,33.86915279234583,0.0,112.0,0.0,0.4186046511627907,1.0,0.4,1.0,reacquire:road,0,0,0,0,-1.0
1787224725.1000295,34.7742066455583,0.0,112.0,0.0,0.4212176639665534,1.0,0.4,1.0,reacquire:road,0,0,0,0,-1.0
1787224725.1299117,33.88213615367773,0.0,112.0,0.0,0.41951920564410766,1.0,0.4,1.0,reacquire:road,0,0,0,0,-1.0
1787224725.1559138,34.203890869150385,0.0,112.0,0.0,0.420825712045989,1.0,0.4,1.0,reacquire:road,0,0,0,0,-1.0
1787224725.1876786,35.062181354383604,0.0,112.0,0.0,0.4206950614058009,1.0,0.4,1.0,reacquire:road,0,0,0,0,-1.0
1787224725.2168272,34.19900351215516,0.0,112.0,0.0,0.420825712045989,1.0,0.4,1.0,reacquire:road,0,0,0,0,-1.0
1787224725.2465167,34.3886456662692,0.0,112.0,0.0,0.421740266527306,1.0,0.4,1.0,reacquire:road,0,0,0,0,-1.0
1787224725.278487,34.257129141793015,0.0,112.0,0.0,0.41912725372354326,1.0,0.4,1.0,reacquire:road,0,0,0,0,-1.0
1787224725.3075871,33.637654997112776,0.0,112.0,0.0,0.42030310948523647,1.0,0.4,1.0,reacquire:road,0,0,0,0,-1.0
1787224725.337347,33.78594204814648,0.0,112.0,0.0,0.41795139796185,1.0,0.4,1.0,reacquire:road,0,0,0,0,-1.0
1787224725.3700542,33.77462265384101,0.0,112.0,0.0,0.4186046511627907,1.0,0.4,1.0,reacquire:road,0,0,0,0,-1.0
1787224725.3987582,33.04943376438725,0.0,112.0,0.0,0.41873530180297885,1.0,0.4,1.0,reacquire:road,0,0,0,0,-1.0
1787224725.4249651,33.52618785729316,0.0,112.0,0.0,0.4186046511627907,1.0,0.4,1.0,reacquire:road,0,0,0,0,-1.0
1787224725.4580681,34.42797214515077,0.0,112.0,0.0,0.4210870133263653,1.0,0.4,1.0,reacquire:road,0,0,0,0,-1.0
1787224725.486039,33.5253546509895,0.0,112.0,0.0,0.4186046511627907,1.0,0.4,1.0,reacquire:road,0,0,0,0,-1.0
1787224725.5140631,34.08035629102939,0.0,112.0,0.0,0.41873530180297885,1.0,0.4,1.0,reacquire:road,0,0,0,0,-1.0
1787224725.5489912,34.395025011112544,0.0,112.0,0.0,0.41978050692448393,1.0,0.4,1.0,reacquire:road,0,0,0,0,-1.0
1787224725.577764,33.174113579326544,0.0,112.0,0.0,0.41873530180297885,1.0,0.4,1.0,reacquire:road,0,0,0,0,-1.0
1787224725.604359,33.47662333772351,0.0,112.0,0.0,0.41834334988241445,1.0,0.4,1.0,reacquire:road,0,0,0,0,-1.0
1787224725.6357987,34.442548832978666,0.0,112.0,0.0,0.42017245884504834,1.0,0.4,1.0,reacquire:road,0,0,0,0,-1.0
1787224725.6648154,33.61434119365119,0.0,112.0,0.0,0.4172981447609093,1.0,0.4,1.0,reacquire:road,0,0,0,0,-1.0
1787224725.6914723,34.176130642669854,0.0,112.0,0.0,0.4189966030833551,1.0,0.4,1.0,reacquire:road,0,0,0,0,-1.0
1787224725.7239635,34.79819984633445,0.0,112.0,0.0,0.4186046511627907,1.0,0.4,1.0,reacquire:road,0,0,0,0,-1.0
1787224725.7552936,33.99204572064561,0.0,112.0,0.0,0.41821269924222626,1.0,0.4,1.0,reacquire:road,0,0,0,0,-1.0
1787224725.782772,33.59901730129922,0.0,112.0,0.0,0.41782074732166186,1.0,0.4,1.0,reacquire:road,0,0,0,0,-1.0
1787224725.8146956,34.17663558896384,0.0,112.0,0.0,0.41664489155996864,1.0,0.4,1.0,reacquire:road,0,0,0,0,-1.0
1787224725.8433733,33.5862533834238,0.0,112.0,0.0,0.41795139796185,1.0,0.4,1.0,reacquire:road,0,0,0,0,-1.0
1787224725.8697045,33.84150517901064,0.0,112.0,0.0,0.4171674941207212,1.0,0.4,1.0,reacquire:road,0,0,0,0,-1.0
1787224725.9014397,34.70045810638761,0.0,112.0,0.0,0.41742879540109745,1.0,0.4,1.0,reacquire:road,0,0,0,0,-1.0
1787224725.9298127,34.0239019853257,0.0,112.0,0.0,0.4176900966814737,1.0,0.4,1.0,reacquire:road,0,0,0,0,-1.0
1787224725.9569833,34.31381488538902,0.0,112.0,0.0,0.4184740005226026,1.0,0.4,1.0,reacquire:road,0,0,0,0,-1.0
1787224725.989704,34.57356486478439,0.0,112.0,0.0,0.4165142409197805,1.0,0.4,1.0,reacquire:road,0,0,0,0,-1.0
1787224726.01856,33.8217497307629,0.0,112.0,0.0,0.4184740005226026,1.0,0.4,1.0,reacquire:road,0,0,0,0,-1.0
1787224726.0449324,34.14090223657025,0.0,112.0,0.0,0.41978050692448393,1.0,0.4,1.0,reacquire:road,0,0,0,0,-1.0
1787224726.078223,34.90369639372231,0.0,112.0,0.0,0.41834334988241445,1.0,0.4,1.0,reacquire:road,0,0,0,0,-1.0
1787224726.1050477,33.92552669496164,0.0,112.0,0.0,0.41795139796185,1.0,0.4,1.0,reacquire:road,0,0,0,0,-1.0
1787224726.133555,34.60425256291468,0.0,112.0,0.0,0.4192579043637314,1.0,0.4,1.0,reacquire:road,0,0,0,0,-1.0
1787224726.1651363,34.699883343898996,0.0,112.0,0.0,0.4184740005226026,1.0,0.4,1.0,reacquire:road,0,0,0,0,-1.0
1787224726.195857,33.935182175003455,0.0,112.0,0.0,0.4175594460412856,1.0,0.4,1.0,reacquire:road,0,0,0,0,-1.0
1787224726.2218509,33.825367090458954,0.0,112.0,0.0,0.4184740005226026,1.0,0.4,1.0,reacquire:road,0,0,0,0,-1.0
1787224726.2538314,34.763901668732196,0.0,112.0,0.0,0.4186046511627907,1.0,0.4,1.0,reacquire:road,0,0,0,0,-1.0
1787224726.2829201,33.95187219590814,0.0,112.0,0.0,0.4184740005226026,1.0,0.4,1.0,reacquire:road,0,0,0,0,-1.0
1787224726.3090315,34.17094754646861,0.0,112.0,0.0,0.41951920564410766,1.0,0.4,1.0,reacquire:road,0,0,0,0,-1.0
1787224726.3404295,34.99276741118462,0.0,112.0,0.0,0.41821269924222626,1.0,0.4,1.0,reacquire:road,0,0,0,0,-1.0
1787224726.3682585,34.29956724643178,0.0,112.0,0.0,0.41834334988241445,1.0,0.4,1.0,reacquire:road,0,0,0,0,-1.0
1787224726.3946974,34.72374318981953,0.0,112.0,0.0,0.41795139796185,1.0,0.4,1.0,reacquire:road,0,0,0,0,-1.0
1787224726.4279966,35.33772322811123,0.0,112.0,0.0,0.41912725372354326,1.0,0.4,1.0,reacquire:road,0,0,0,0,-1.0
1787224726.4568422,34.01990644068613,0.0,112.0,0.0,0.4189966030833551,1.0,0.4,1.0,reacquire:road,0,0,0,0,-1.0
1787224726.4847279,34.512707395610256,0.0,112.0,0.0,0.41951920564410766,1.0,0.4,1.0,reacquire:road,0,0,0,0,-1.0
1787224726.516504,34.80275907037367,0.0,112.0,0.0,0.4176900966814737,1.0,0.4,1.0,reacquire:road,0,0,0,0,-1.0
1787224726.5446672,34.03796859347104,0.0,112.0,0.0,0.41703684348053305,1.0,0.4,1.0,reacquire:road,0,0,0,0,-1.0
1787224726.5709264,34.45834497959147,0.0,112.0,0.0,0.41795139796185,1.0,0.4,1.0,reacquire:road,0,0,0,0,-1.0
1787224726.6055007,35.16680059532306,0.0,112.0,0.0,0.4165142409197805,1.0,0.4,1.0,reacquire:road,0,0,0,0,-1.0
1787224726.6370044,33.560544911980564,0.0,112.0,0.0,0.41795139796185,1.0,0.4,1.0,reacquire:road,0,0,0,0,-1.0
1787224726.6653237,33.68319249845905,0.0,112.0,0.0,0.41873530180297885,1.0,0.4,1.0,reacquire:road,0,0,0,0,-1.0
1787224726.6979616,34.020360432747765,0.0,112.0,0.0,0.4186046511627907,1.0,0.4,1.0,reacquire:road,0,0,0,0,-1.0
1787224726.7269652,33.33348271824897,0.0,112.0,0.0,0.41742879540109745,1.0,0.4,1.0,reacquire:road,0,0,0,0,-1.0
1787224726.7534008,33.574229269183384,0.0,112.0,0.0,0.4196498562842958,1.0,0.4,1.0,reacquire:road,0,0,0,0,-1.0
1787224726.7861092,34.30656788996622,0.0,112.0,0.0,0.41742879540109745,1.0,0.4,1.0,reacquire:road,0,0,0,0,-1.0
1787224726.814942,33.64036562572897,0.0,112.0,0.0,0.41703684348053305,1.0,0.4,1.0,reacquire:road,0,0,0,0,-1.0
1787224726.842075,33.85205573738118,0.0,112.0,0.0,0.4180820486020381,1.0,0.4,1.0,reacquire:road,0,0,0,0,-1.0
1787224726.875604,34.46009839801158,0.0,112.0,0.0,0.41703684348053305,1.0,0.4,1.0,reacquire:road,0,0,0,0,-1.0
1787224726.906868,33.489753145283046,0.0,112.0,0.0,0.41821269924222626,1.0,0.4,1.0,reacquire:road,0,0,0,0,-1.0
1787224726.933907,33.211853825917096,0.0,112.0,0.0,0.4184740005226026,1.0,0.4,1.0,reacquire:road,0,0,0,0,-1.0
1787224726.96629,34.0064701201176,0.0,112.0,0.0,0.4180820486020381,1.0,0.4,1.0,reacquire:road,0,0,0,0,-1.0
1787224726.995001,33.31729752389795,0.0,112.0,0.0,0.4192579043637314,1.0,0.4,1.0,reacquire:road,0,0,0,0,-1.0
1787224727.0216594,33.68407750457384,0.0,112.0,0.0,0.4184740005226026,1.0,0.4,1.0,reacquire:road,0,0,0,0,-1.0
1787224727.054053,34.46268807326932,0.0,112.0,0.0,0.41795139796185,1.0,0.4,1.0,reacquire:road,0,0,0,0,-1.0
1787224727.0842597,33.726771069857676,0.0,112.0,0.0,0.41703684348053305,1.0,0.4,1.0,reacquire:road,0,0,0,0,-1.0
1787224727.1106062,33.62411114598285,0.0,112.0,0.0,0.4196498562842958,1.0,0.4,1.0,reacquire:road,0,0,0,0,-1.0
1787224727.1410549,34.49430071051355,0.0,112.0,0.0,0.4165142409197805,1.0,0.4,1.0,reacquire:road,0,0,0,0,-1.0
1787224727.1690469,33.800551824031245,0.0,112.0,0.0,0.4189966030833551,1.0,0.4,1.0,reacquire:road,0,0,0,0,-1.0
1787224727.195549,34.673378115209516,0.0,112.0,0.0,0.4186046511627907,1.0,0.4,1.0,reacquire:road,0,0,0,0,-1.0
1787224727.226564,35.284225101670586,0.0,112.0,0.0,0.4180820486020381,1.0,0.4,1.0,reacquire:road,0,0,0,0,-1.0
1787224727.2549784,34.53749855190874,0.0,112.0,0.0,0.41834334988241445,1.0,0.4,1.0,reacquire:road,0,0,0,0,-1.0
1787224727.2815623,34.8172862550447,0.0,112.0,0.0,0.41951920564410766,1.0,0.4,1.0,reacquire:road,0,0,0,0,-1.0
1787224727.3138146,35.406178587204074,0.0,112.0,0.0,0.41991115756467207,1.0,0.4,1.0,reacquire:road,0,0,0,0,-1.0
1787224727.3417645,34.50573365805624,0.0,112.0,0.0,0.4193885550039195,1.0,0.4,1.0,reacquire:road,0,0,0,0,-1.0
1787224727.3683817,34.63506934056961,0.0,112.0,0.0,0.4184740005226026,1.0,0.4,1.0,reacquire:road,0,0,0,0,-1.0
1787224727.3992817,35.39449929502424,0.0,112.0,0.0,0.4210870133263653,1.0,0.4,1.0,reacquire:road,0,0,0,0,-1.0
1787224727.427245,34.51209924395648,0.0,112.0,0.0,0.4196498562842958,1.0,0.4,1.0,reacquire:road,0,0,0,0,-1.0
1787224727.4533834,35.119284461653585,0.0,112.0,0.0,0.418865952443167,1.0,0.4,1.0,reacquire:road,0,0,0,0,-1.0
1787224727.486221,35.761737624806,0.0,112.0,0.0,0.41912725372354326,1.0,0.4,1.0,reacquire:road,0,0,0,0,-1.0
1787224727.5158749,34.676919763390984,0.0,112.0,0.0,0.4184740005226026,1.0,0.4,1.0,reacquire:road,0,0,0,0,-1.0
1787224727.542507,34.50842003270649,0.0,112.0,0.0,0.41795139796185,1.0,0.4,1.0,reacquire:road,0,0,0,0,-1.0
1787224727.5741758,35.10893201271152,0.0,112.0,0.0,0.4175594460412856,1.0,0.4,1.0,reacquire:road,0,0,0,0,-1.0
1787224727.6018462,34.38067520093045,0.0,112.0,0.0,0.4186046511627907,1.0,0.4,1.0,reacquire:road,0,0,0,0,-1.0
1787224727.6306062,34.766229929083856,0.0,112.0,0.0,0.4180820486020381,1.0,0.4,1.0,reacquire:road,0,0,0,0,-1.0
1787224727.6620796,34.775420241764344,0.0,112.0,0.0,0.4186046511627907,1.0,0.4,1.0,reacquire:road,0,0,0,0,-1.0
1787224727.6896236,34.15256693761804,0.0,112.0,0.0,0.42017245884504834,1.0,0.4,1.0,reacquire:road,0,0,0,0,-1.0
1787224727.7181027,34.59564148664595,0.0,112.0,0.0,0.41821269924222626,1.0,0.4,1.0,reacquire:road,0,0,0,0,-1.0
1787224727.7516706,34.63007355824889,0.0,112.0,0.0,0.4176900966814737,1.0,0.4,1.0,reacquire:road,0,0,0,0,-1.0
1787224727.7809012,33.70683362924135,0.0,112.0,0.0,0.4175594460412856,1.0,0.4,1.0,reacquire:road,0,0,0,0,-1.0
1787224727.8074183,33.83055050466422,0.0,112.0,0.0,0.4192579043637314,1.0,0.4,1.0,reacquire:road,0,0,0,0,-1.0
1787224727.8376634,34.567471722172655,0.0,112.0,0.0,0.418865952443167,1.0,0.4,1.0,reacquire:road,0,0,0,0,-1.0
1787224727.8653705,34.16229769579117,0.0,112.0,0.0,0.4200418082048602,1.0,0.4,1.0,reacquire:road,0,0,0,0,-1.0
1787224727.8919094,34.71298645289092,0.0,112.0,0.0,0.4196498562842958,1.0,0.4,1.0,reacquire:road,0,0,0,0,-1.0
1787224727.9236922,35.29717275127987,0.0,112.0,0.0,0.4186046511627907,1.0,0.4,1.0,reacquire:road,0,0,0,0,-1.0
1787224727.9540567,34.410490831418045,0.0,112.0,0.0,0.41782074732166186,1.0,0.4,1.0,reacquire:road,0,0,0,0,-1.0
1787224727.9806106,34.24893410421265,0.0,112.0,0.0,0.41834334988241445,1.0,0.4,1.0,reacquire:road,0,0,0,0,-1.0
1787224728.0163343,34.94551518631175,0.0,112.0,0.0,0.41991115756467207,1.0,0.4,1.0,reacquire:road,0,0,0,0,-1.0
1787224728.044883,33.49125601137873,0.0,112.0,0.0,0.4210870133263653,1.0,0.4,1.0,reacquire:road,0,0,0,0,-1.0
1787224728.071132,33.8926655873135,0.0,112.0,0.0,0.4193885550039195,1.0,0.4,1.0,reacquire:road,0,0,0,0,-1.0
1787224728.1035185,34.683422030344936,0.0,112.0,0.0,0.4200418082048602,1.0,0.4,1.0,reacquire:road,0,0,0,0,-1.0
1787224728.1320734,33.950424003606415,0.0,112.0,0.0,0.42056441076561274,1.0,0.4,1.0,reacquire:road,0,0,0,0,-1.0
1787224728.1607656,34.17686923549287,0.0,112.0,0.0,0.4221322184478704,1.0,0.4,1.0,reacquire:road,0,0,0,0,-1.0
1787224728.1930602,34.30533194144839,0.0,112.0,0.0,0.421740266527306,1.0,0.4,1.0,reacquire:road,0,0,0,0,-1.0
1787224728.2207205,33.59137409775417,0.0,112.0,0.0,0.42147896524692974,1.0,0.4,1.0,reacquire:road,0,0,0,0,-1.0
1787224728.247691,34.15830544680321,0.0,112.0,0.0,0.4206950614058009,1.0,0.4,1.0,reacquire:road,0,0,0,0,-1.0
1787224728.279295,34.76681275523461,0.0,112.0,0.0,0.4196498562842958,1.0,0.4,1.0,reacquire:road,0,0,0,0,-1.0
1787224728.3118782,33.8048627126405,0.0,112.0,0.0,0.4206950614058009,1.0,0.4,1.0,reacquire:road,0,0,0,0,-1.0
1787224728.3383443,33.51875934133139,0.0,112.0,0.0,0.4206950614058009,1.0,0.4,1.0,reacquire:road,0,0,0,0,-1.0
1787224728.372056,34.37644214489886,0.0,112.0,0.0,0.4189966030833551,1.0,0.4,1.0,reacquire:road,0,0,0,0,-1.0
1787224728.4016404,33.394614964869156,0.0,112.0,0.0,0.418865952443167,1.0,0.4,1.0,reacquire:road,0,0,0,0,-1.0
1787224728.4287424,33.53741713365133,0.0,112.0,0.0,0.4204337601254246,1.0,0.4,1.0,reacquire:road,0,0,0,0,-1.0
1787224728.46052,34.20939155439565,0.0,112.0,0.0,0.42056441076561274,1.0,0.4,1.0,reacquire:road,0,0,0,0,-1.0
1787224728.4898202,33.606903939565726,0.0,112.0,0.0,0.42134831460674155,1.0,0.4,1.0,reacquire:road,0,0,0,0,-1.0
1787224728.5165262,33.760524354767654,0.0,112.0,0.0,0.4216096158871179,1.0,0.4,1.0,reacquire:road,0,0,0,0,-1.0
1787224728.5488033,34.376492840946575,0.0,112.0,0.0,0.4204337601254246,1.0,0.4,1.0,reacquire:road,0,0,0,0,-1.0
1787224728.5811834,33.73596545447179,0.0,112.0,0.0,0.4223935197282467,1.0,0.4,1.0,reacquire:road,0,0,0,0,-1.0
1787224728.6078594,33.210158846219876,0.0,112.0,0.0,0.42030310948523647,1.0,0.4,1.0,reacquire:road,0,0,0,0,-1.0
1787224728.6397839,34.06636620923567,0.0,112.0,0.0,0.41978050692448393,1.0,0.4,1.0,reacquire:road,0,0,0,0,-1.0
1787224728.6686714,33.24923001605401,0.0,112.0,0.0,0.42226286908805855,1.0,0.4,1.0,reacquire:road,0,0,0,0,-1.0
1787224728.6958604,33.90349185771345,0.0,112.0,0.0,0.4210870133263653,1.0,0.4,1.0,reacquire:road,0,0,0,0,-1.0
1787224728.7277892,34.47836184449697,0.0,112.0,0.0,0.4196498562842958,1.0,0.4,1.0,reacquire:road,0,0,0,0,-1.0
1787224728.7555425,33.83530815045573,0.0,112.0,0.0,0.42134831460674155,1.0,0.4,1.0,reacquire:road,0,0,0,0,-1.0
1787224728.784643,34.26803833118281,0.0,112.0,0.0,0.42187091716749414,1.0,0.4,1.0,reacquire:road,0,0,0,0,-1.0
1787224728.8197894,34.30176310088477,0.0,112.0,0.0,0.4204337601254246,1.0,0.4,1.0,reacquire:road,0,0,0,0,-1.0
1787224728.8495805,33.078469453417995,0.0,112.0,0.0,0.4212176639665534,1.0,0.4,1.0,reacquire:road,0,0,0,0,-1.0
1787224728.87611,33.25575496419012,0.0,112.0,0.0,0.420825712045989,1.0,0.4,1.0,reacquire:road,0,0,0,0,-1.0
1787224728.9078755,34.140825501286706,0.0,112.0,0.0,0.421740266527306,1.0,0.4,1.0,reacquire:road,0,0,0,0,-1.0
1787224728.93505,33.54921361274277,0.0,112.0,0.0,0.4193885550039195,1.0,0.4,1.0,reacquire:road,0,0,0,0,-1.0
1787224728.9617903,34.27194996539249,0.0,112.0,0.0,0.42134831460674155,1.0,0.4,1.0,reacquire:road,0,0,0,0,-1.0
1787224728.9954767,34.91060483441728,0.0,112.0,0.0,0.42147896524692974,1.0,0.4,1.0,reacquire:road,0,0,0,0,-1.0
1787224729.0247648,33.770994324161116,0.0,112.0,0.0,0.4200418082048602,1.0,0.4,1.0,reacquire:road,0,0,0,0,-1.0
1787224729.0507913,33.95993035139736,0.0,112.0,0.0,0.42134831460674155,1.0,0.4,1.0,reacquire:road,0,0,0,0,-1.0
1787224729.0815094,34.870620664598796,0.0,112.0,0.0,0.4212176639665534,1.0,0.4,1.0,reacquire:road,0,0,0,0,-1.0
1787224729.1104522,34.070735722637735,0.0,112.0,0.0,0.4204337601254246,1.0,0.4,1.0,reacquire:road,0,0,0,0,-1.0
1787224729.1367702,34.458904180193656,0.0,112.0,0.0,0.42017245884504834,1.0,0.4,1.0,reacquire:road,0,0,0,0,-1.0
1787224729.168992,35.29976778133634,0.0,112.0,0.0,0.41951920564410766,1.0,0.4,1.0,reacquire:road,0,0,0,0,-1.0
1787224729.2002065,34.44426136803599,0.0,112.0,0.0,0.42134831460674155,1.0,0.4,1.0,reacquire:road,0,0,0,0,-1.0
1787224729.2268765,33.97159471828069,0.0,112.0,0.0,0.41978050692448393,1.0,0.4,1.0,reacquire:road,0,0,0,0,-1.0
1787224729.2584634,34.68031919661334,0.0,112.0,0.0,0.42056441076561274,1.0,0.4,1.0,reacquire:road,0,0,0,0,-1.0
1787224729.285846,34.04255167757837,0.0,112.0,0.0,0.41978050692448393,1.0,0.4,1.0,reacquire:road,0,0,0,0,-1.0
1787224729.3126311,34.58233067316,0.0,112.0,0.0,0.4192579043637314,1.0,0.4,1.0,reacquire:road,0,0,0,0,-1.0
1787224729.3437881,35.133596004132144,0.0,112.0,0.0,0.42030310948523647,1.0,0.4,1.0,reacquire:road,0,0,0,0,-1.0
1787224729.3709269,34.4536844621885,0.0,112.0,0.0,0.42147896524692974,1.0,0.4,1.0,reacquire:road,0,0,0,0,-1.0
1787224729.3992476,34.98487997376934,0.0,112.0,0.0,0.4216096158871179,1.0,0.4,1.0,reacquire:road,0,0,0,0,-1.0
1787224729.4338691,35.06198013208105,0.0,112.0,0.0,0.41873530180297885,1.0,0.4,1.0,reacquire:road,0,0,0,0,-1.0
1787224729.4632666,33.60159994267956,0.0,112.0,0.0,0.41991115756467207,1.0,0.4,1.0,reacquire:road,0,0,0,0,-1.0
1787224729.4896717,34.037356158767935,0.0,112.0,0.0,0.42030310948523647,1.0,0.4,1.0,reacquire:road,0,0,0,0,-1.0
1787224729.5208635,34.80631204081203,0.0,112.0,0.0,0.4196498562842958,1.0,0.4,1.0,reacquire:road,0,0,0,0,-1.0
1787224729.550087,34.235054642411825,0.0,112.0,0.0,0.42017245884504834,1.0,0.4,1.0,reacquire:road,0,0,0,0,-1.0
1787224729.577509,34.264151820238624,0.0,112.0,0.0,0.4204337601254246,1.0,0.4,1.0,reacquire:road,0,0,0,0,-1.0
1787224729.6096497,34.712747315153386,0.0,112.0,0.0,0.4220015678076823,1.0,0.4,1.0,reacquire:road,0,0,0,0,-1.0
1787224729.6436439,33.95812769472626,0.0,112.0,0.0,0.420825712045989,1.0,0.4,1.0,reacquire:road,0,0,0,0,-1.0
1787224729.6701093,33.08022058987305,0.0,112.0,0.0,0.42056441076561274,1.0,0.4,1.0,reacquire:road,0,0,0,0,-1.0
1787224729.7031903,33.96048173043887,0.0,112.0,0.0,0.421740266527306,1.0,0.4,1.0,reacquire:road,0,0,0,0,-1.0
1787224729.7327578,33.017614143071896,0.0,112.0,0.0,0.4204337601254246,1.0,0.4,1.0,reacquire:road,0,0,0,0,-1.0
1787224729.7600646,33.49687055311404,0.0,112.0,0.0,0.4196498562842958,1.0,0.4,1.0,reacquire:road,0,0,0,0,-1.0
1787224729.792464,34.12265641116722,0.0,112.0,0.0,0.4204337601254246,1.0,0.4,1.0,reacquire:road,0,0,0,0,-1.0
1787224729.8198957,33.42369827584542,0.0,112.0,0.0,0.42030310948523647,1.0,0.4,1.0,reacquire:road,0,0,0,0,-1.0
1787224729.8487368,34.074375701477436,0.0,112.0,0.0,0.42134831460674155,1.0,0.4,1.0,reacquire:road,0,0,0,0,-1.0
1787224729.880942,34.207069723108745,0.0,112.0,0.0,0.41951920564410766,1.0,0.4,1.0,reacquire:road,0,0,0,0,-1.0
1787224729.9089544,33.572198728478526,0.0,112.0,0.0,0.41821269924222626,1.0,0.4,1.0,reacquire:road,0,0,0,0,-1.0
1787224729.9351954,34.00918378796152,0.0,112.0,0.0,0.4189966030833551,1.0,0.4,1.0,reacquire:road,0,0,0,0,-1.0
1787224729.967647,34.8126301010917,0.0,112.0,0.0,0.41978050692448393,1.0,0.4,1.0,reacquire:road,0,0,0,0,-1.0
1787224729.9987297,34.01488674885753,0.0,112.0,0.0,0.41951920564410766,1.0,0.4,1.0,reacquire:road,0,0,0,0,-1.0
1787224730.0267344,33.65640487677999,0.0,112.0,0.0,0.41991115756467207,1.0,0.4,1.0,reacquire:road,0,0,0,0,-1.0
1787224730.0614147,34.06673177301691,0.0,112.0,0.0,0.4220015678076823,1.0,0.4,1.0,reacquire:road,0,0,0,0,-1.0
1787224730.0898418,33.00178311003983,0.0,112.0,0.0,0.42056441076561274,1.0,0.4,1.0,reacquire:road,0,0,0,0,-1.0
1787224730.1162615,33.4440127961559,0.0,112.0,0.0,0.42095636268617714,1.0,0.4,1.0,reacquire:road,0,0,0,0,-1.0
1787224730.14882,34.351434746227596,0.0,112.0,0.0,0.42030310948523647,1.0,0.4,1.0,reacquire:road,0,0,0,0,-1.0
1787224730.1773553,33.58128273196674,0.0,112.0,0.0,0.42095636268617714,1.0,0.4,1.0,reacquire:road,0,0,0,0,-1.0
1787224730.2040117,33.92824852367289,0.0,112.0,0.0,0.42030310948523647,1.0,0.4,1.0,reacquire:road,0,0,0,0,-1.0
1787224730.2373612,34.627111397719005,0.0,112.0,0.0,0.41951920564410766,1.0,0.4,1.0,reacquire:road,0,0,0,0,-1.0
1787224730.2663896,33.68279647474864,0.0,112.0,0.0,0.42056441076561274,1.0,0.4,1.0,reacquire:road,0,0,0,0,-1.0
1787224730.293977,33.86897954804066,0.0,112.0,0.0,0.4189966030833551,1.0,0.4,1.0,reacquire:road,0,0,0,0,-1.0
1787224730.3266907,34.21845585314181,0.0,112.0,0.0,0.4220015678076823,1.0,0.4,1.0,reacquire:road,0,0,0,0,-1.0
1787224730.3546934,33.562204637267556,0.0,112.0,0.0,0.423700026130128,1.0,0.4,1.0,reacquire:road,0,0,0,0,-1.0
1787224730.3814924,33.98623498524941,0.0,112.0,0.0,0.4225241703684348,1.0,0.4,1.0,reacquire:road,0,0,0,0,-1.0
1787224730.4134688,34.69068112035045,0.0,112.0,0.0,0.421740266527306,1.0,0.4,1.0,reacquire:road,0,0,0,0,-1.0
1787224730.441461,33.978326993032596,0.0,112.0,0.0,0.4221322184478704,1.0,0.4,1.0,reacquire:road,0,0,0,0,-1.0
1787224730.4681056,34.361627396923886,0.0,112.0,0.0,0.4225241703684348,1.0,0.4,1.0,reacquire:road,0,0,0,0,-1.0
1787224730.501229,34.9996373595373,0.0,112.0,0.0,0.4229161222889992,1.0,0.4,1.0,reacquire:road,0,0,0,0,-1.0
1787224730.5311267,33.59776384732993,0.0,112.0,0.0,0.42147896524692974,1.0,0.4,1.0,reacquire:road,0,0,0,0,-1.0
1787224730.5576007,34.19028555396574,0.0,112.0,0.0,0.4192579043637314,1.0,0.4,1.0,reacquire:road,0,0,0,0,-1.0
1787224730.5889487,34.920754349772736,0.0,112.0,0.0,0.42095636268617714,1.0,0.4,1.0,reacquire:road,0,0,0,0,-1.0
1787224730.6184716,34.28945818272031,0.0,112.0,0.0,0.4210870133263653,1.0,0.4,1.0,reacquire:road,0,0,0,0,-1.0
1787224730.6455963,34.23670230046858,0.0,112.0,0.0,0.4212176639665534,1.0,0.4,1.0,reacquire:road,0,0,0,0,-1.0
1787224730.6780093,34.76595312786699,0.0,112.0,0.0,0.4221322184478704,1.0,0.4,1.0,reacquire:road,0,0,0,0,-1.0
1787224730.7072732,33.94035803687479,0.0,112.0,0.0,0.42017245884504834,1.0,0.4,1.0,reacquire:road,0,0,0,0,-1.0
1787224730.7336783,34.00878532425453,0.0,112.0,0.0,0.4184740005226026,1.0,0.4,1.0,reacquire:road,0,0,0,0,-1.0
1787224730.765098,34.81948653457191,0.0,112.0,0.0,0.4193885550039195,1.0,0.4,1.0,reacquire:road,0,0,0,0,-1.0
1787224730.7964778,34.130418334255474,0.0,112.0,0.0,0.42056441076561274,1.0,0.4,1.0,reacquire:road,0,0,0,0,-1.0
1787224730.8253949,33.75410044094251,0.0,112.0,0.0,0.41978050692448393,1.0,0.4,1.0,reacquire:road,0,0,0,0,-1.0
1787224730.8636694,33.91520658425476,0.0,112.0,0.0,0.42056441076561274,1.0,0.4,1.0,reacquire:road,0,0,0,0,-1.0
1787224730.8979142,32.35269983291281,0.0,112.0,0.0,0.420825712045989,1.0,0.4,1.0,reacquire:road,0,0,0,0,-1.0
1787224730.9284327,31.657740998087682,0.0,112.0,0.0,0.4193885550039195,1.0,0.4,1.0,reacquire:road,0,0,0,0,-1.0
1787224730.9614582,31.957079641789107,0.0,112.0,0.0,0.42056441076561274,1.0,0.4,1.0,reacquire:road,0,0,0,0,-1.0
1787224730.989951,31.615457143230756,0.0,112.0,0.0,0.42030310948523647,1.0,0.4,1.0,reacquire:road,0,0,0,0,-1.0
1787224731.0170302,32.348423767320256,0.0,112.0,0.0,0.4189966030833551,1.0,0.4,1.0,reacquire:road,0,0,0,0,-1.0
1787224731.0502431,33.269072287948205,0.0,112.0,0.0,0.42017245884504834,1.0,0.4,1.0,reacquire:road,0,0,0,0,-1.0
1787224731.08306,32.61852522870806,0.0,112.0,0.0,0.4192579043637314,1.0,0.4,1.0,reacquire:road,0,0,0,0,-1.0
1787224731.113514,32.19762007736937,0.0,112.0,0.0,0.4184740005226026,1.0,0.4,1.0,reacquire:road,0,0,0,0,-1.0
1787224731.1468878,32.33820144229435,0.0,112.0,0.0,0.41599163835902797,1.0,0.4,1.0,reacquire:road,0,0,0,0,-1.0
1787224731.1757236,31.811616439118257,0.0,112.0,0.0,0.4163835902795924,1.0,0.4,1.0,reacquire:road,0,0,0,0,-1.0
1787224731.202183,32.46150084392184,0.0,112.0,0.0,0.41873530180297885,1.0,0.4,1.0,reacquire:road,0,0,0,0,-1.0
1787224731.2343688,33.493220355554676,0.0,112.0,0.0,0.41821269924222626,1.0,0.4,1.0,reacquire:road,0,0,0,0,-1.0
1787224731.2630317,33.01364187481815,0.0,112.0,0.0,0.41873530180297885,1.0,0.4,1.0,reacquire:road,0,0,0,0,-1.0
1787224731.2898352,33.39811232276746,0.0,112.0,0.0,0.4204337601254246,1.0,0.4,1.0,reacquire:road,0,0,0,0,-1.0
1787224731.3220627,34.19453483453704,0.0,112.0,0.0,0.4210870133263653,1.0,0.4,1.0,reacquire:road,0,0,0,0,-1.0
1787224731.352763,33.54712729184001,0.0,112.0,0.0,0.41978050692448393,1.0,0.4,1.0,reacquire:road,0,0,0,0,-1.0
1787224731.3800504,33.338238615295246,0.0,112.0,0.0,0.42134831460674155,1.0,0.4,1.0,reacquire:road,0,0,0,0,-1.0
1787224731.411395,34.04172902396796,0.0,112.0,0.0,0.41912725372354326,1.0,0.4,1.0,reacquire:road,0,0,0,0,-1.0
1787224731.4395516,33.52948782240533,0.0,112.0,0.0,0.41821269924222626,1.0,0.4,1.0,reacquire:road,0,0,0,0,-1.0
1787224731.4655664,34.01119511834919,0.0,112.0,0.0,0.4193885550039195,1.0,0.4,1.0,reacquire:road,0,0,0,0,-1.0
1787224731.497515,34.923436985326816,0.0,112.0,0.0,0.4196498562842958,1.0,0.4,1.0,reacquire:road,0,0,0,0,-1.0
1787224731.5258958,33.94884823682183,0.0,112.0,0.0,0.4212176639665534,1.0,0.4,1.0,reacquire:road,0,0,0,0,-1.0
1787224731.5516667,34.551075599547175,0.0,112.0,0.0,0.42095636268617714,1.0,0.4,1.0,reacquire:road,0,0,0,0,-1.0
1787224731.5870008,35.39610015220783,0.0,112.0,0.0,0.4200418082048602,1.0,0.4,1.0,reacquire:road,0,0,0,0,-1.0
1787224731.6166255,33.55781342507549,0.0,112.0,0.0,0.42017245884504834,1.0,0.4,1.0,reacquire:road,0,0,0,0,-1.0
1787224731.643605,34.315068705139815,0.0,112.0,0.0,0.4189966030833551,1.0,0.4,1.0,reacquire:road,0,0,0,0,-1.0
1787224731.6754444,34.865831079773145,0.0,112.0,0.0,0.42017245884504834,1.0,0.4,1.0,reacquire:road,0,0,0,0,-1.0
1787224731.702799,34.14875360218474,0.0,112.0,0.0,0.42017245884504834,1.0,0.4,1.0,reacquire:road,0,0,0,0,-1.0
1787224731.7294025,34.644593480941964,0.0,112.0,0.0,0.4206950614058009,1.0,0.4,1.0,reacquire:road,0,0,0,0,-1.0
1787224731.761476,35.25485107771217,0.0,112.0,0.0,0.4180820486020381,1.0,0.4,1.0,reacquire:road,0,0,0,0,-1.0
1787224731.791154,34.41899040255084,0.0,112.0,0.0,0.41742879540109745,1.0,0.4,1.0,reacquire:road,0,0,0,0,-1.0
1787224731.817197,34.27800898872877,0.0,112.0,0.0,0.4184740005226026,1.0,0.4,1.0,reacquire:road,0,0,0,0,-1.0
1787224731.8492024,35.130353416800894,0.0,112.0,0.0,0.42030310948523647,1.0,0.4,1.0,reacquire:road,0,0,0,0,-1.0
1787224731.8775146,34.32897372344418,0.0,112.0,0.0,0.4200418082048602,1.0,0.4,1.0,reacquire:road,0,0,0,0,-1.0
1787224731.9042225,34.55757556538662,0.0,112.0,0.0,0.421740266527306,1.0,0.4,1.0,reacquire:road,0,0,0,0,-1.0
1787224731.9355626,35.076449226597376,0.0,112.0,0.0,0.4204337601254246,1.0,0.4,1.0,reacquire:road,0,0,0,0,-1.0
1787224731.9639256,34.355901424157686,0.0,112.0,0.0,0.4171674941207212,1.0,0.4,1.0,reacquire:road,0,0,0,0,-1.0
1787224731.9909668,34.69773592814545,0.0,112.0,0.0,0.4186046511627907,1.0,0.4,1.0,reacquire:road,0,0,0,0,-1.0
1787224732.0243967,35.138819494914074,0.0,112.0,0.0,0.4193885550039195,1.0,0.4,1.0,reacquire:road,0,0,0,0,-1.0
1787224732.0510962,34.04572861443336,0.0,112.0,0.0,0.42187091716749414,1.0,0.4,1.0,reacquire:road,0,0,0,0,-1.0
1787224732.0786102,34.76036509686826,0.0,112.0,0.0,0.42030310948523647,1.0,0.4,1.0,reacquire:road,0,0,0,0,-1.0
1787224732.1110175,34.99951662617541,0.0,112.0,0.0,0.4223935197282467,1.0,0.4,1.0,reacquire:road,0,0,0,0,-1.0
1787224732.1395307,34.22752368130282,0.0,112.0,0.0,0.4216096158871179,1.0,0.4,1.0,reacquire:road,0,0,0,0,-1.0
1787224732.1657348,34.432257357671155,0.0,112.0,0.0,0.41951920564410766,1.0,0.4,1.0,reacquire:road,0,0,0,0,-1.0
1787224732.1988068,35.198815667570514,0.0,112.0,0.0,0.41991115756467207,1.0,0.4,1.0,reacquire:road,0,0,0,0,-1.0
1787224732.2335346,34.17401722485834,0.0,112.0,0.0,0.4192579043637314,1.0,0.4,1.0,reacquire:road,0,0,0,0,-1.0
1787224732.2611408,33.12094972124356,0.0,112.0,0.0,0.42017245884504834,1.0,0.4,1.0,reacquire:road,0,0,0,0,-1.0
1787224732.294471,33.74007392641096,0.0,112.0,0.0,0.4212176639665534,1.0,0.4,1.0,reacquire:road,0,0,0,0,-1.0
1787224732.3247826,32.770732484859465,0.0,112.0,0.0,0.418865952443167,1.0,0.4,1.0,reacquire:road,0,0,0,0,-1.0
1787224732.3513632,33.11711931975776,0.0,112.0,0.0,0.418865952443167,1.0,0.4,1.0,reacquire:road,0,0,0,0,-1.0
1787224732.3838892,33.9573294588896,0.0,112.0,0.0,0.4176900966814737,1.0,0.4,1.0,reacquire:road,0,0,0,0,-1.0
1787224732.4146206,33.22557425955479,0.0,112.0,0.0,0.4186046511627907,1.0,0.4,1.0,reacquire:road,0,0,0,0,-1.0
1787224732.444055,33.237980859014804,0.0,112.0,0.0,0.4204337601254246,1.0,0.4,1.0,reacquire:road,0,0,0,0,-1.0
1787224732.4759912,33.38176117392032,0.0,112.0,0.0,0.42017245884504834,1.0,0.4,1.0,reacquire:road,0,0,0,0,-1.0
1787224732.505611,32.88101488805705,0.0,112.0,0.0,0.4196498562842958,1.0,0.4,1.0,reacquire:road,0,0,0,0,-1.0
1787224732.5328538,33.11317861696433,0.0,112.0,0.0,0.4196498562842958,1.0,0.4,1.0,reacquire:road,0,0,0,0,-1.0
1787224732.5650942,33.89465410036772,0.0,112.0,0.0,0.4193885550039195,1.0,0.4,1.0,reacquire:road,0,0,0,0,-1.0
1787224732.5947747,33.191532488465626,0.0,112.0,0.0,0.41821269924222626,1.0,0.4,1.0,reacquire:road,0,0,0,0,-1.0
1787224732.6210766,33.4461166392286,0.0,112.0,0.0,0.41742879540109745,1.0,0.4,1.0,reacquire:road,0,0,0,0,-1.0
1787224732.6544266,34.34316534523941,0.0,112.0,0.0,0.41912725372354326,1.0,0.4,1.0,reacquire:road,0,0,0,0,-1.0
1787224732.6829526,33.466201818357206,0.0,112.0,0.0,0.4165142409197805,1.0,0.4,1.0,reacquire:road,0,0,0,0,-1.0
1787224732.711016,33.67652195910619,0.0,112.0,0.0,0.4192579043637314,1.0,0.4,1.0,reacquire:road,0,0,0,0,-1.0
1787224732.7428982,34.19631495337689,0.0,112.0,0.0,0.41991115756467207,1.0,0.4,1.0,reacquire:road,0,0,0,0,-1.0
1787224732.7701223,33.49321294536631,0.0,112.0,0.0,0.41821269924222626,1.0,0.4,1.0,reacquire:road,0,0,0,0,-1.0
1787224732.7968726,34.35019676683319,0.0,112.0,0.0,0.4196498562842958,1.0,0.4,1.0,reacquire:road,0,0,0,0,-1.0
1787224732.8294666,34.958486804051745,0.0,112.0,0.0,0.4172981447609093,1.0,0.4,1.0,reacquire:road,0,0,0,0,-1.0
1787224732.8629618,34.08582899388956,0.0,112.0,0.0,0.3400836164097204,1.0,0.4,1.0,reacquire:road,0,0,0,0,-1.0
1787224732.8896735,33.24343977954412,0.0,112.0,0.0,0.2645675463809773,1.0,0.4,1.0,reacquire:road,0,0,0,0,-1.0
1787224732.9221802,34.09856798314658,0.0,112.0,0.0,0.1998954794878495,1.0,0.4,1.0,reacquire:road,0,0,0,0,-1.0
1787224732.9511135,33.408315845290524,0.0,112.0,0.0,0.25568330284818397,1.0,0.4,1.0,reacquire:road,0,0,0,0,-1.0
1787224732.9780831,33.62464489143945,0.0,112.0,0.0,0.2653514502221061,1.0,0.4,1.0,reacquire:road,0,0,0,0,-1.0
1787224733.009685,34.36962208887993,0.0,112.0,0.0,0.2667886072641756,1.0,0.4,1.0,reacquire:road,0,0,0,0,-1.0
1787224733.0376494,33.7858807365095,0.0,112.0,0.0,0.25947217141363993,1.0,0.4,1.0,reacquire:road,0,0,0,0,-1.0
1787224733.064634,34.200318880848066,0.0,112.0,0.0,0.25960282205382806,1.0,0.4,1.0,reacquire:road,0,0,0,0,-1.0
1787224733.0981636,34.577361320784014,0.0,112.0,0.0,0.2609093284557094,1.0,0.4,1.0,reacquire:road,0,0,0,0,-1.0
1787224733.1263924,33.76196222090218,0.0,112.0,0.0,0.26378364253984843,1.0,0.4,1.0,reacquire:road,0,0,0,0,-1.0
1787224733.152739,34.11939846433309,0.0,112.0,0.0,0.2636529918996603,1.0,0.4,1.0,reacquire:road,0,0,0,0,-1.0
1787224733.184436,34.86412974365637,0.0,112.0,0.0,0.26025607525476874,1.0,0.4,1.0,reacquire:road,0,0,0,0,-1.0
1787224733.2133572,34.09558599049194,0.0,112.0,0.0,0.2521557355631043,1.0,0.4,1.0,reacquire:road,0,0,0,0,-1.0
1787224733.23986,34.34092161025637,0.0,112.0,0.0,0.22498040240397177,1.0,0.4,1.0,reacquire:road,0,0,0,0,-1.0
1787224733.271478,35.017035995663825,0.0,112.0,0.0,0.2106088319832767,1.0,0.4,1.0,reacquire:road,0,0,0,0,-1.0
1787224733.3013146,34.19387525177888,0.0,112.0,0.0,0.2686177162268095,1.0,0.4,1.0,reacquire:road,0,0,0,0,-1.0
1787224733.3285213,34.20419642722538,0.0,112.0,0.0,0.2686177162268095,1.0,0.4,1.0,reacquire:road,0,0,0,0,-1.0
1787224733.359924,34.74658202661311,0.0,112.0,0.0,0.2501959759602822,1.0,0.4,1.0,reacquire:road,0,0,0,0,-1.0
1787224733.388037,34.074655836480176,0.0,112.0,0.0,0.24287954010974655,1.0,0.4,1.0,reacquire:road,0,0,0,0,-1.0
1787224733.4143977,34.47601686320388,0.0,112.0,0.0,0.24052782858636007,1.0,0.4,1.0,reacquire:road,0,0,0,0,-1.0
1787224733.4466028,35.183410826712766,0.0,112.0,0.0,0.23791481578259732,1.0,0.4,1.0,reacquire:road,0,0,0,0,-1.0
1787224733.4739933,34.33851541723068,0.0,112.0,0.0,0.2311209824928142,1.0,0.4,1.0,reacquire:road,0,0,0,0,-1.0
1787224733.4999542,34.79841294320944,0.0,112.0,0.0,0.1839561013848968,1.0,0.4,1.0,reacquire:road,0,0,0,0,-1.0
1787224733.5341842,35.52805902350019,0.0,112.0,0.0,0.14058008884243534,1.0,0.4,1.0,reacquire:road,0,0,0,0,-1.0
1787224733.5629425,34.21484004034535,0.0,112.0,0.0,0.16736347008100338,1.0,0.4,1.0,reacquire:road,0,0,0,0,-1.0
1787224733.5896475,34.39617351641833,0.0,112.0,0.0,0.418865952443167,1.0,0.4,1.0,reacquire:road,0,0,0,0,-1.0
1787224733.6223066,35.0249057045021,0.0,112.0,0.0,0.4193885550039195,1.0,0.4,1.0,reacquire:road,0,0,0,0,-1.0
1787224733.6499684,34.105158858205364,0.0,112.0,0.0,0.4169061928403449,1.0,0.4,1.0,reacquire:road,0,0,0,0,-1.0
1787224733.6779764,34.54858370939054,0.0,112.0,0.0,0.41795139796185,1.0,0.4,1.0,reacquire:road,0,0,0,0,-1.0
1787224733.7099118,34.78703826514494,0.0,112.0,0.0,0.4144238306767703,1.0,0.4,1.0,reacquire:road,0,0,0,0,-1.0
1787224733.7399406,34.06929928071448,0.0,112.0,0.0,0.4175594460412856,1.0,0.4,1.0,reacquire:road,0,0,0,0,-1.0
1787224733.766066,33.94557665366821,0.0,112.0,0.0,0.4169061928403449,1.0,0.4,1.0,reacquire:road,0,0,0,0,-1.0
1787224733.7986374,34.819167392259494,0.0,112.0,0.0,0.4153383851580873,1.0,0.4,1.0,reacquire:road,0,0,0,0,-1.0
1787224733.826967,33.97632316238468,0.0,112.0,0.0,0.4171674941207212,1.0,0.4,1.0,reacquire:road,0,0,0,0,-1.0
1787224733.853459,34.25464705190033,0.0,112.0,0.0,0.42030310948523647,1.0,0.4,1.0,reacquire:road,0,0,0,0,-1.0
1787224733.8872888,34.46446834053047,0.0,112.0,0.0,0.4157303370786517,1.0,0.4,1.0,reacquire:road,0,0,0,0,-1.0
1787224733.9154086,33.78127468957962,0.0,112.0,0.0,0.41703684348053305,1.0,0.4,1.0,reacquire:road,0,0,0,0,-1.0
1787224733.9461703,34.1982282769105,0.0,112.0,0.0,0.4184740005226026,1.0,0.4,1.0,reacquire:road,0,0,0,0,-1.0
1787224733.9784076,33.86295987228913,0.0,112.0,0.0,0.41494643323752284,1.0,0.4,1.0,reacquire:road,0,0,0,0,-1.0
1787224734.0060186,33.282683766378,0.0,112.0,0.0,0.41494643323752284,1.0,0.4,1.0,reacquire:road,0,0,0,0,-1.0
1787224734.0321412,33.879050123556354,0.0,112.0,0.0,0.41703684348053305,1.0,0.4,1.0,reacquire:road,0,0,0,0,-1.0
1787224734.063914,34.774073293631204,0.0,112.0,0.0,0.4172981447609093,1.0,0.4,1.0,reacquire:road,0,0,0,0,-1.0
1787224734.0946643,34.00340577778377,0.0,112.0,0.0,0.4176900966814737,1.0,0.4,1.0,reacquire:road,0,0,0,0,-1.0
1787224734.122616,33.826811876825275,0.0,112.0,0.0,0.41912725372354326,1.0,0.4,1.0,reacquire:road,0,0,0,0,-1.0
1787224734.1565065,34.21667880240034,0.0,112.0,0.0,0.4206950614058009,1.0,0.4,1.0,reacquire:road,0,0,0,0,-1.0
1787224734.1851153,33.13459613751836,0.0,112.0,0.0,0.41664489155996864,1.0,0.4,1.0,reacquire:road,0,0,0,0,-1.0
1787224734.2114842,33.67237178697572,0.0,112.0,0.0,0.42030310948523647,1.0,0.4,1.0,reacquire:road,0,0,0,0,-1.0
1787224734.2441509,34.56032359827263,0.0,112.0,0.0,0.4175594460412856,1.0,0.4,1.0,reacquire:road,0,0,0,0,-1.0
1787224734.2718248,33.71302077137339,0.0,112.0,0.0,0.4175594460412856,1.0,0.4,1.0,reacquire:road,0,0,0,0,-1.0
1787224734.2979226,34.27226605506984,0.0,112.0,0.0,0.41782074732166186,1.0,0.4,1.0,reacquire:road,0,0,0,0,-1.0
1787224734.3304408,35.090347234863785,0.0,112.0,0.0,0.4171674941207212,1.0,0.4,1.0,reacquire:road,0,0,0,0,-1.0
1787224734.3617027,34.20767188557505,0.0,112.0,0.0,0.4176900966814737,1.0,0.4,1.0,reacquire:road,0,0,0,0,-1.0
1787224734.3883488,33.77306765414129,0.0,112.0,0.0,0.41834334988241445,1.0,0.4,1.0,reacquire:road,0,0,0,0,-1.0
1787224734.4198565,34.53025328185166,0.0,112.0,0.0,0.42056441076561274,1.0,0.4,1.0,reacquire:road,0,0,0,0,-1.0
1787224734.4476967,33.946530650804945,0.0,112.0,0.0,0.41664489155996864,1.0,0.4,1.0,reacquire:road,0,0,0,0,-1.0
1787224734.4750714,34.25570903678537,0.0,112.0,0.0,0.4172981447609093,1.0,0.4,1.0,reacquire:road,0,0,0,0,-1.0
1787224734.5066772,34.8280855963169,0.0,112.0,0.0,0.41782074732166186,1.0,0.4,1.0,reacquire:road,0,0,0,0,-1.0
1787224734.5347364,34.18222655924079,0.0,112.0,0.0,0.418865952443167,1.0,0.4,1.0,reacquire:road,0,0,0,0,-1.0
1787224734.5610344,34.469484279307466,0.0,112.0,0.0,0.41834334988241445,1.0,0.4,1.0,reacquire:road,0,0,0,0,-1.0
1787224734.5944197,35.20804345047308,0.0,112.0,0.0,0.4186046511627907,1.0,0.4,1.0,reacquire:road,0,0,0,0,-1.0
1787224734.6231668,34.1396851117276,0.0,112.0,0.0,0.41821269924222626,1.0,0.4,1.0,reacquire:road,0,0,0,0,-1.0
1787224734.6489987,34.281833979310434,0.0,112.0,0.0,0.41821269924222626,1.0,0.4,1.0,reacquire:road,0,0,0,0,-1.0
1787224734.6799762,35.17247260755437,0.0,112.0,0.0,0.42030310948523647,1.0,0.4,1.0,reacquire:road,0,0,0,0,-1.0
1787224734.7082303,34.36867519170306,0.0,112.0,0.0,0.41795139796185,1.0,0.4,1.0,reacquire:road,0,0,0,0,-1.0
1787224734.7343218,34.873893496782216,0.0,112.0,0.0,0.42017245884504834,1.0,0.4,1.0,reacquire:road,0,0,0,0,-1.0
1787224734.7660723,35.53431763308965,0.0,112.0,0.0,0.4169061928403449,1.0,0.4,1.0,reacquire:road,0,0,0,0,-1.0
1787224734.7958617,34.70381698807303,0.0,112.0,0.0,0.4176900966814737,1.0,0.4,1.0,reacquire:road,0,0,0,0,-1.0
1787224734.8226573,34.51884490811397,0.0,112.0,0.0,0.4189966030833551,1.0,0.4,1.0,reacquire:road,0,0,0,0,-1.0
1787224734.8543637,35.08659282299959,0.0,112.0,0.0,0.4200418082048602,1.0,0.4,1.0,reacquire:road,0,0,0,0,-1.0
1787224734.8814092,34.35645823623264,0.0,112.0,0.0,0.41834334988241445,1.0,0.4,1.0,reacquire:road,0,0,0,0,-1.0
1787224734.9085019,34.90277678184932,0.0,112.0,0.0,0.4196498562842958,1.0,0.4,1.0,reacquire:road,0,0,0,0,-1.0
1787224734.9397824,35.311711235893185,0.0,112.0,0.0,0.4169061928403449,1.0,0.4,1.0,reacquire:road,0,0,0,0,-1.0
1787224734.967743,34.544984857178,0.0,112.0,0.0,0.4180820486020381,1.0,0.4,1.0,reacquire:road,0,0,0,0,-1.0
1787224734.9951696,34.8937017196736,0.0,112.0,0.0,0.42017245884504834,1.0,0.4,1.0,reacquire:road,0,0,0,0,-1.0
1787224735.0308728,35.19640148732081,0.0,112.0,0.0,0.41821269924222626,1.0,0.4,1.0,reacquire:road,0,0,0,0,-1.0
1787224735.0597742,33.66807142040975,0.0,112.0,0.0,0.41795139796185,1.0,0.4,1.0,reacquire:road,0,0,0,0,-1.0
1787224735.0866413,34.01622267004411,0.0,112.0,0.0,0.4196498562842958,1.0,0.4,1.0,reacquire:road,0,0,0,0,-1.0
1787224735.1187937,34.654319437813015,0.0,112.0,0.0,0.4193885550039195,1.0,0.4,1.0,reacquire:road,0,0,0,0,-1.0
1787224735.1462011,33.91150830772866,0.0,112.0,0.0,0.41873530180297885,1.0,0.4,1.0,reacquire:road,0,0,0,0,-1.0
1787224735.1729133,34.487513976480514,0.0,112.0,0.0,0.418865952443167,1.0,0.4,1.0,reacquire:road,0,0,0,0,-1.0
1787224735.204958,35.07740643206318,0.0,112.0,0.0,0.41951920564410766,1.0,0.4,1.0,reacquire:road,0,0,0,0,-1.0
1787224735.2349632,34.249529153470846,0.0,112.0,0.0,0.418865952443167,1.0,0.4,1.0,reacquire:road,0,0,0,0,-1.0
1787224735.2613955,34.08456371968778,0.0,112.0,0.0,0.41873530180297885,1.0,0.4,1.0,reacquire:road,0,0,0,0,-1.0
1787224735.294319,34.884904405148845,0.0,112.0,0.0,0.41912725372354326,1.0,0.4,1.0,reacquire:road,0,0,0,0,-1.0
1787224735.3238556,33.96124029074301,0.0,112.0,0.0,0.4189966030833551,1.0,0.4,1.0,reacquire:road,0,0,0,0,-1.0
1787224735.3500664,33.97084296175945,0.0,112.0,0.0,0.4196498562842958,1.0,0.4,1.0,reacquire:road,0,0,0,0,-1.0
1787224735.382839,34.77731251898043,0.0,112.0,0.0,0.420825712045989,1.0,0.4,1.0,reacquire:road,0,0,0,0,-1.0
1787224735.4107828,33.81490059360123,0.0,112.0,0.0,0.41834334988241445,1.0,0.4,1.0,reacquire:road,0,0,0,0,-1.0
1787224735.43944,34.392517843145924,0.0,112.0,0.0,0.4192579043637314,1.0,0.4,1.0,reacquire:road,0,0,0,0,-1.0
1787224735.4714856,34.488213121266284,0.0,112.0,0.0,0.4175594460412856,1.0,0.4,1.0,reacquire:road,0,0,0,0,-1.0
1787224735.4992273,33.777566384453486,0.0,112.0,0.0,0.41834334988241445,1.0,0.4,1.0,reacquire:road,0,0,0,0,-1.0
1787224735.526031,34.2754744103891,0.0,112.0,0.0,0.41951920564410766,1.0,0.4,1.0,reacquire:road,0,0,0,0,-1.0
1787224735.558104,34.916910976931106,0.0,112.0,0.0,0.4175594460412856,1.0,0.4,1.0,reacquire:road,0,0,0,0,-1.0
1787224735.5862405,34.13684648953752,0.0,112.0,0.0,0.41912725372354326,1.0,0.4,1.0,reacquire:road,0,0,0,0,-1.0
1787224735.612315,34.457805358519565,0.0,112.0,0.0,0.4193885550039195,1.0,0.4,1.0,reacquire:road,0,0,0,0,-1.0
1787224735.645607,35.10910271411446,0.0,112.0,0.0,0.4171674941207212,1.0,0.4,1.0,reacquire:road,0,0,0,0,-1.0
1787224735.6745584,34.16169445063945,0.0,112.0,0.0,0.42030310948523647,1.0,0.4,1.0,reacquire:road,0,0,0,0,-1.0
1787224735.701024,34.25511320463659,0.0,112.0,0.0,0.41782074732166186,1.0,0.4,1.0,reacquire:road,0,0,0,0,-1.0
1787224735.7325246,34.96377379030604,0.0,112.0,0.0,0.4180820486020381,1.0,0.4,1.0,reacquire:road,0,0,0,0,-1.0
1787224735.7606094,34.20103780453103,0.0,112.0,0.0,0.41703684348053305,1.0,0.4,1.0,reacquire:road,0,0,0,0,-1.0
1787224735.7892685,34.633691072531015,0.0,112.0,0.0,0.41834334988241445,1.0,0.4,1.0,reacquire:road,0,0,0,0,-1.0
1787224735.8208468,34.691147555580855,0.0,112.0,0.0,0.41742879540109745,1.0,0.4,1.0,reacquire:road,0,0,0,0,-1.0
1787224735.8487065,34.066450729280746,0.0,112.0,0.0,0.41951920564410766,1.0,0.4,1.0,reacquire:road,0,0,0,0,-1.0
1787224735.876229,34.4192047417954,0.0,112.0,0.0,0.418865952443167,1.0,0.4,1.0,reacquire:road,0,0,0,0,-1.0
1787224735.9102666,34.494874854385486,0.0,112.0,0.0,0.41664489155996864,1.0,0.4,1.0,reacquire:road,0,0,0,0,-1.0
1787224735.9381561,33.7092078457914,0.0,112.0,0.0,0.4196498562842958,1.0,0.4,1.0,reacquire:road,0,0,0,0,-1.0
1787224735.964067,34.14984376091523,0.0,112.0,0.0,0.41664489155996864,1.0,0.4,1.0,reacquire:road,0,0,0,0,-1.0
1787224735.9958389,35.03948398893361,0.0,112.0,0.0,0.420825712045989,1.0,0.4,1.0,reacquire:road,0,0,0,0,-1.0
1787224736.0272484,34.200264934145466,0.0,112.0,0.0,0.4186046511627907,1.0,0.4,1.0,reacquire:road,0,0,0,0,-1.0
1787224736.0537767,33.84847390284469,0.0,112.0,0.0,0.41834334988241445,1.0,0.4,1.0,reacquire:road,0,0,0,0,-1.0
1787224736.085386,34.61735666205391,0.0,112.0,0.0,0.41703684348053305,1.0,0.4,1.0,reacquire:road,0,0,0,0,-1.0
1787224736.1152775,34.00874605349515,0.0,112.0,0.0,0.41821269924222626,1.0,0.4,1.0,reacquire:road,0,0,0,0,-1.0
1787224736.1419466,33.87697982499448,0.0,112.0,0.0,0.4172981447609093,1.0,0.4,1.0,reacquire:road,0,0,0,0,-1.0
1787224736.1737561,34.66421368436028,0.0,112.0,0.0,0.41782074732166186,1.0,0.4,1.0,reacquire:road,0,0,0,0,-1.0
1787224736.20179,33.972709724641916,0.0,112.0,0.0,0.4176900966814737,1.0,0.4,1.0,reacquire:road,0,0,0,0,-1.0
1787224736.2285209,34.208471270175174,0.0,112.0,0.0,0.4167755422001568,1.0,0.4,1.0,reacquire:road,0,0,0,0,-1.0
1787224736.2606096,35.03534018238789,0.0,112.0,0.0,0.41821269924222626,1.0,0.4,1.0,reacquire:road,0,0,0,0,-1.0
1787224736.288978,34.13105677024586,0.0,112.0,0.0,0.42030310948523647,1.0,0.4,1.0,reacquire:road,0,0,0,0,-1.0
1787224736.3149724,34.52889937758093,0.0,112.0,0.0,0.4184740005226026,1.0,0.4,1.0,reacquire:road,0,0,0,0,-1.0
1787224736.3522766,35.26902273726263,0.0,112.0,0.0,0.41873530180297885,1.0,0.4,1.0,reacquire:road,0,0,0,0,-1.0
1787224736.3790913,33.58724414894679,0.0,112.0,0.0,0.4216096158871179,1.0,0.4,1.0,reacquire:road,0,0,0,0,-1.0
1787224736.4069045,34.33567299187497,0.0,112.0,0.0,0.41991115756467207,1.0,0.4,1.0,reacquire:road,0,0,0,0,-1.0
1787224736.4402113,34.65328595037974,0.0,112.0,0.0,0.41782074732166186,1.0,0.4,1.0,reacquire:road,0,0,0,0,-1.0
1787224736.4689722,33.70248126185741,0.0,112.0,0.0,0.41873530180297885,1.0,0.4,1.0,reacquire:road,0,0,0,0,-1.0
1787224736.495355,33.957515530070886,0.0,112.0,0.0,0.418865952443167,1.0,0.4,1.0,reacquire:road,0,0,0,0,-1.0
1787224736.5275908,34.75943477380918,0.0,112.0,0.0,0.41978050692448393,1.0,0.4,1.0,reacquire:road,0,0,0,0,-1.0
1787224736.5565581,33.982732179950226,0.0,112.0,0.0,0.420825712045989,1.0,0.4,1.0,reacquire:road,0,0,0,0,-1.0
1787224736.582851,34.11920755351338,0.0,112.0,0.0,0.4200418082048602,1.0,0.4,1.0,reacquire:road,0,0,0,0,-1.0
1787224736.6158507,34.90647317500303,0.0,112.0,0.0,0.4172981447609093,1.0,0.4,1.0,reacquire:road,0,0,0,0,-1.0
1787224736.6440241,33.96705514929091,0.0,112.0,0.0,0.4196498562842958,1.0,0.4,1.0,reacquire:road,0,0,0,0,-1.0
1787224736.671066,34.302383557625994,0.0,112.0,0.0,0.41978050692448393,1.0,0.4,1.0,reacquire:road,0,0,0,0,-1.0
1787224736.7045028,34.8222755892531,0.0,112.0,0.0,0.42017245884504834,1.0,0.4,1.0,reacquire:road,0,0,0,0,-1.0
1787224736.7319994,33.81011515094072,0.0,112.0,0.0,0.4184740005226026,1.0,0.4,1.0,reacquire:road,0,0,0,0,-1.0
1787224736.7622445,34.34999460954413,0.0,112.0,0.0,0.41991115756467207,1.0,0.4,1.0,reacquire:road,0,0,0,0,-1.0
1787224736.7943943,34.11661682187573,0.0,112.0,0.0,0.41834334988241445,1.0,0.4,1.0,reacquire:road,0,0,0,0,-1.0
1787224736.8250694,33.38859954152751,0.0,112.0,0.0,0.41782074732166186,1.0,0.4,1.0,reacquire:road,0,0,0,0,-1.0
1787224736.8515623,33.37677527795979,0.0,112.0,0.0,0.4193885550039195,1.0,0.4,1.0,reacquire:road,0,0,0,0,-1.0
1787224736.883603,34.232737888906904,0.0,112.0,0.0,0.4196498562842958,1.0,0.4,1.0,reacquire:road,0,0,0,0,-1.0
1787224736.9109292,33.56550875639996,0.0,112.0,0.0,0.41978050692448393,1.0,0.4,1.0,reacquire:road,0,0,0,0,-1.0
1787224736.9392295,34.26537496214693,0.0,112.0,0.0,0.4204337601254246,1.0,0.4,1.0,reacquire:road,0,0,0,0,-1.0
1787224736.971876,34.463582111402,0.0,112.0,0.0,0.41978050692448393,1.0,0.4,1.0,reacquire:road,0,0,0,0,-1.0
1787224737.0007315,33.569888508301666,0.0,112.0,0.0,0.4196498562842958,1.0,0.4,1.0,reacquire:road,0,0,0,0,-1.0
1787224737.0268548,33.96311693440531,0.0,112.0,0.0,0.4204337601254246,1.0,0.4,1.0,reacquire:road,0,0,0,0,-1.0
1787224737.0606158,34.85131132727946,0.0,112.0,0.0,0.4184740005226026,1.0,0.4,1.0,reacquire:road,0,0,0,0,-1.0
1787224737.0892518,33.77640976960873,0.0,112.0,0.0,0.4180820486020381,1.0,0.4,1.0,reacquire:road,0,0,0,0,-1.0
1787224737.1156285,34.046413786985774,0.0,112.0,0.0,0.41991115756467207,1.0,0.4,1.0,reacquire:road,0,0,0,0,-1.0
1787224737.1481307,34.80078732826812,0.0,112.0,0.0,0.42017245884504834,1.0,0.4,1.0,reacquire:road,0,0,0,0,-1.0
1787224737.17775,33.88353241615914,0.0,112.0,0.0,0.41782074732166186,1.0,0.4,1.0,reacquire:road,0,0,0,0,-1.0
1787224737.204584,34.00712999482775,0.0,112.0,0.0,0.41782074732166186,1.0,0.4,1.0,reacquire:road,0,0,0,0,-1.0
1787224737.2360961,34.665749762486726,0.0,112.0,0.0,0.41559968643846357,1.0,0.4,1.0,reacquire:road,0,0,0,0,-1.0
1787224737.2638702,33.994568780932234,0.0,112.0,0.0,0.4184740005226026,1.0,0.4,1.0,reacquire:road,0,0,0,0,-1.0
1787224737.290785,34.50152944824779,0.0,112.0,0.0,0.4184740005226026,1.0,0.4,1.0,reacquire:road,0,0,0,0,-1.0
1787224737.3225834,35.040716949921716,0.0,112.0,0.0,0.4180820486020381,1.0,0.4,1.0,reacquire:road,0,0,0,0,-1.0
1787224737.3500974,34.119771637579866,0.0,112.0,0.0,0.42030310948523647,1.0,0.4,1.0,reacquire:road,0,0,0,0,-1.0
1787224737.3763926,34.820743156619756,0.0,112.0,0.0,0.4180820486020381,1.0,0.4,1.0,reacquire:road,0,0,0,0,-1.0
1787224737.4110572,35.35468944682765,0.0,112.0,0.0,0.41912725372354326,1.0,0.4,1.0,reacquire:road,0,0,0,0,-1.0
1787224737.4403543,34.108810249294784,0.0,112.0,0.0,0.41782074732166186,1.0,0.4,1.0,reacquire:road,0,0,0,0,-1.0
1787224737.466879,34.148071180703084,0.0,112.0,0.0,0.4175594460412856,1.0,0.4,1.0,reacquire:road,0,0,0,0,-1.0
1787224737.4980595,34.82552344009948,0.0,112.0,0.0,0.4180820486020381,1.0,0.4,1.0,reacquire:road,0,0,0,0,-1.0
1787224737.5272708,34.28032807214517,0.0,112.0,0.0,0.418865952443167,1.0,0.4,1.0,reacquire:road,0,0,0,0,-1.0
1787224737.553995,34.28924756000814,0.0,112.0,0.0,0.4186046511627907,1.0,0.4,1.0,reacquire:road,0,0,0,0,-1.0
1787224737.5858219,34.91455943824753,0.0,112.0,0.0,0.4189966030833551,1.0,0.4,1.0,reacquire:road,0,0,0,0,-1.0
1787224737.6157293,34.19638495379586,0.0,112.0,0.0,0.42056441076561274,1.0,0.4,1.0,reacquire:road,0,0,0,0,-1.0
1787224737.6424685,34.04539943663542,0.0,112.0,0.0,0.4200418082048602,1.0,0.4,1.0,reacquire:road,0,0,0,0,-1.0
1787224737.6742506,34.75145192591708,0.0,112.0,0.0,0.41873530180297885,1.0,0.4,1.0,reacquire:road,0,0,0,0,-1.0
1787224737.7022696,33.850489820302585,0.0,112.0,0.0,0.4186046511627907,1.0,0.4,1.0,reacquire:road,0,0,0,0,-1.0
1787224737.7283738,34.556574607036076,0.0,112.0,0.0,0.4196498562842958,1.0,0.4,1.0,reacquire:road,0,0,0,0,-1.0
1787224737.7602975,35.3116626024899,0.0,112.0,0.0,0.41912725372354326,1.0,0.4,1.0,reacquire:road,0,0,0,0,-1.0
1787224737.7924256,34.43064676796127,0.0,112.0,0.0,0.4176900966814737,1.0,0.4,1.0,reacquire:road,0,0,0,0,-1.0
1787224737.824107,33.84372406079684,0.0,112.0,0.0,0.4172981447609093,1.0,0.4,1.0,reacquire:road,0,0,0,0,-1.0
1787224737.8565967,33.387544662590514,0.0,112.0,0.0,0.41978050692448393,1.0,0.4,1.0,reacquire:road,0,0,0,0,-1.0
1787224737.8845012,32.847348718089314,0.0,112.0,0.0,0.41873530180297885,1.0,0.4,1.0,reacquire:road,0,0,0,0,-1.0
1787224737.9105587,33.46873353059423,0.0,112.0,0.0,0.4186046511627907,1.0,0.4,1.0,reacquire:road,0,0,0,0,-1.0
1787224737.942504,34.46981102024786,0.0,112.0,0.0,0.4163835902795924,1.0,0.4,1.0,reacquire:road,0,0,0,0,-1.0
1787224737.970665,33.814752730628015,0.0,112.0,0.0,0.4172981447609093,1.0,0.4,1.0,reacquire:road,0,0,0,0,-1.0
1787224737.9971244,34.04339570220462,0.0,112.0,0.0,0.4165142409197805,1.0,0.4,1.0,reacquire:road,0,0,0,0,-1.0
1787224738.0303512,34.89648444727497,0.0,112.0,0.0,0.42030310948523647,1.0,0.4,1.0,reacquire:road,0,0,0,0,-1.0
1787224738.060898,33.91494367729679,0.0,112.0,0.0,0.4175594460412856,1.0,0.4,1.0,reacquire:road,0,0,0,0,-1.0
1787224738.0911055,33.742512954908904,0.0,112.0,0.0,0.4193885550039195,1.0,0.4,1.0,reacquire:road,0,0,0,0,-1.0
1787224738.1225994,33.59035080660198,0.0,112.0,0.0,0.4172981447609093,1.0,0.4,1.0,reacquire:road,0,0,0,0,-1.0
1787224738.1521745,33.128800134101404,0.0,112.0,0.0,0.4196498562842958,1.0,0.4,1.0,reacquire:road,0,0,0,0,-1.0
1787224738.1781864,33.40366534188311,0.0,112.0,0.0,0.42017245884504834,1.0,0.4,1.0,reacquire:road,0,0,0,0,-1.0
1787224738.2102666,34.41510387353726,0.0,112.0,0.0,0.41834334988241445,1.0,0.4,1.0,reacquire:road,0,0,0,0,-1.0
1787224738.240365,33.5918543800396,0.0,112.0,0.0,0.41951920564410766,1.0,0.4,1.0,reacquire:road,0,0,0,0,-1.0
1787224738.2688875,33.73080520012369,0.0,112.0,0.0,0.4176900966814737,1.0,0.4,1.0,reacquire:road,0,0,0,0,-1.0
1787224738.3008537,33.98658842496916,0.0,112.0,0.0,0.420825712045989,1.0,0.4,1.0,reacquire:road,0,0,0,0,-1.0
1787224738.3286843,33.409628209620905,0.0,112.0,0.0,0.41821269924222626,1.0,0.4,1.0,reacquire:road,0,0,0,0,-1.0
1787224738.355664,33.9721706194447,0.0,112.0,0.0,0.420825712045989,1.0,0.4,1.0,reacquire:road,0,0,0,0,-1.0
1787224738.387382,34.58968578077715,0.0,112.0,0.0,0.42134831460674155,1.0,0.4,1.0,reacquire:road,0,0,0,0,-1.0
1787224738.414987,33.963131176381694,0.0,112.0,0.0,0.42226286908805855,1.0,0.4,1.0,reacquire:road,0,0,0,0,-1.0
1787224738.441527,34.38862230018821,0.0,112.0,0.0,0.42147896524692974,1.0,0.4,1.0,reacquire:road,0,0,0,0,-1.0
1787224738.474063,35.096802137595404,0.0,112.0,0.0,0.41951920564410766,1.0,0.4,1.0,reacquire:road,0,0,0,0,-1.0
1787224738.5026026,34.20802202866414,0.0,112.0,0.0,0.4192579043637314,1.0,0.4,1.0,reacquire:road,0,0,0,0,-1.0
1787224738.5288374,34.37142767617156,0.0,112.0,0.0,0.42134831460674155,1.0,0.4,1.0,reacquire:road,0,0,0,0,-1.0
1787224738.5608404,35.15134895806564,0.0,112.0,0.0,0.41991115756467207,1.0,0.4,1.0,reacquire:road,0,0,0,0,-1.0
1787224738.5898054,34.23867919892523,0.0,112.0,0.0,0.41834334988241445,1.0,0.4,1.0,reacquire:road,0,0,0,0,-1.0
1787224738.6160536,34.46391349450605,0.0,112.0,0.0,0.41821269924222626,1.0,0.4,1.0,reacquire:road,0,0,0,0,-1.0
1787224738.6465452,35.16767527944567,0.0,112.0,0.0,0.41951920564410766,1.0,0.4,1.0,reacquire:road,0,0,0,0,-1.0
1787224738.6737545,34.702127047917955,0.0,112.0,0.0,0.4204337601254246,1.0,0.4,1.0,reacquire:road,0,0,0,0,-1.0
1787224738.6999822,35.1220643334496,0.0,112.0,0.0,0.420825712045989,1.0,0.4,1.0,reacquire:road,0,0,0,0,-1.0
1787224738.7326393,35.70574024981555,0.0,112.0,0.0,0.420825712045989,1.0,0.4,1.0,reacquire:road,0,0,0,0,-1.0
1787224738.7604303,34.55032472751679,0.0,112.0,0.0,0.42017245884504834,1.0,0.4,1.0,reacquire:road,0,0,0,0,-1.0
1787224738.7871828,35.05438466115899,0.0,112.0,0.0,0.4212176639665534,1.0,0.4,1.0,reacquire:road,0,0,0,0,-1.0
1787224738.818239,35.506698618421815,0.0,112.0,0.0,0.418865952443167,1.0,0.4,1.0,reacquire:road,0,0,0,0,-1.0
1787224738.8464859,34.658322604137,0.0,112.0,0.0,0.41664489155996864,1.0,0.4,1.0,reacquire:road,0,0,0,0,-1.0
1787224738.8731036,35.019530124970316,0.0,112.0,0.0,0.42017245884504834,1.0,0.4,1.0,reacquire:road,0,0,0,0,-1.0
1787224738.9053445,35.570603479238166,0.0,112.0,0.0,0.42056441076561274,1.0,0.4,1.0,reacquire:road,0,0,0,0,-1.0
1787224738.9351501,34.6325788458913,0.0,112.0,0.0,0.4220015678076823,1.0,0.4,1.0,reacquire:road,0,0,0,0,-1.0
1787224738.9612563,34.427426179908025,0.0,112.0,0.0,0.42030310948523647,1.0,0.4,1.0,reacquire:road,0,0,0,0,-1.0
1787224738.9929872,35.23023120885739,0.0,112.0,0.0,0.4184740005226026,1.0,0.4,1.0,reacquire:road,0,0,0,0,-1.0
1787224739.0215971,34.411543459236356,0.0,112.0,0.0,0.4221322184478704,1.0,0.4,1.0,reacquire:road,0,0,0,0,-1.0
1787224739.047806,34.61659007151156,0.0,112.0,0.0,0.4192579043637314,1.0,0.4,1.0,reacquire:road,0,0,0,0,-1.0
1787224739.080473,35.28983039087361,0.0,112.0,0.0,0.42030310948523647,1.0,0.4,1.0,reacquire:road,0,0,0,0,-1.0
1787224739.109511,34.335334489493746,0.0,112.0,0.0,0.41782074732166186,1.0,0.4,1.0,reacquire:road,0,0,0,0,-1.0
1787224739.1394396,34.40490518762877,0.0,112.0,0.0,0.4172981447609093,1.0,0.4,1.0,reacquire:road,0,0,0,0,-1.0
1787224739.1737187,34.09485476701562,0.0,112.0,0.0,0.4220015678076823,1.0,0.4,1.0,reacquire:road,0,0,0,0,-1.0
1787224739.2020981,33.18498691694277,0.0,112.0,0.0,0.4200418082048602,1.0,0.4,1.0,reacquire:road,0,0,0,0,-1.0
1787224739.2288156,33.594894259930996,0.0,112.0,0.0,0.4210870133263653,1.0,0.4,1.0,reacquire:road,0,0,0,0,-1.0
1787224739.2619042,34.3643131652761,0.0,112.0,0.0,0.42056441076561274,1.0,0.4,1.0,reacquire:road,0,0,0,0,-1.0
1787224739.2925508,32.84334036614201,0.0,112.0,0.0,0.420825712045989,1.0,0.4,1.0,reacquire:road,0,0,0,0,-1.0
1787224739.3191714,33.88194588104539,0.0,112.0,0.0,0.41978050692448393,1.0,0.4,1.0,reacquire:road,0,0,0,0,-1.0
1787224739.3532114,34.60995005811949,0.0,112.0,0.0,0.4204337601254246,1.0,0.4,1.0,reacquire:road,0,0,0,0,-1.0
1787224739.3809464,33.517588796500696,0.0,112.0,0.0,0.4216096158871179,1.0,0.4,1.0,reacquire:road,0,0,0,0,-1.0
1787224739.4086633,34.07051669297062,0.0,112.0,0.0,0.42017245884504834,1.0,0.4,1.0,reacquire:road,0,0,0,0,-1.0
1787224739.44011,34.50766584509511,0.0,112.0,0.0,0.4204337601254246,1.0,0.4,1.0,reacquire:road,0,0,0,0,-1.0
1787224739.468994,33.70443641764036,0.0,112.0,0.0,0.41821269924222626,1.0,0.4,1.0,reacquire:road,0,0,0,0,-1.0
1787224739.4957418,34.21188588546567,0.0,112.0,0.0,0.41951920564410766,1.0,0.4,1.0,reacquire:road,0,0,0,0,-1.0
1787224739.5277164,34.84938783352608,0.0,112.0,0.0,0.42095636268617714,1.0,0.4,1.0,reacquire:road,0,0,0,0,-1.0
1787224739.5597908,34.12937901956966,0.0,112.0,0.0,0.41782074732166186,1.0,0.4,1.0,reacquire:road,0,0,0,0,-1.0
1787224739.5867898,33.546442256517736,0.0,112.0,0.0,0.4196498562842958,1.0,0.4,1.0,reacquire:road,0,0,0,0,-1.0
1787224739.6191463,34.25273785530849,0.0,112.0,0.0,0.4216096158871179,1.0,0.4,1.0,reacquire:road,0,0,0,0,-1.0
1787224739.6470988,33.5394620275994,0.0,112.0,0.0,0.421740266527306,1.0,0.4,1.0,reacquire:road,0,0,0,0,-1.0
1787224739.6736653,34.02026780958566,0.0,112.0,0.0,0.41978050692448393,1.0,0.4,1.0,reacquire:road,0,0,0,0,-1.0
1787224739.705463,34.77471667856024,0.0,112.0,0.0,0.4210870133263653,1.0,0.4,1.0,reacquire:road,0,0,0,0,-1.0
1787224739.7336152,34.08889651945966,0.0,112.0,0.0,0.4220015678076823,1.0,0.4,1.0,reacquire:road,0,0,0,0,-1.0
1787224739.7611606,34.28223962510502,0.0,112.0,0.0,0.4223935197282467,1.0,0.4,1.0,reacquire:road,0,0,0,0,-1.0
1787224739.7939057,34.687946595671036,0.0,112.0,0.0,0.4220015678076823,1.0,0.4,1.0,reacquire:road,0,0,0,0,-1.0
1787224739.8249724,33.93738876358027,0.0,112.0,0.0,0.42265482100862295,1.0,0.4,1.0,reacquire:road,0,0,0,0,-1.0
1787224739.8515313,33.597738623289324,0.0,112.0,0.0,0.41978050692448393,1.0,0.4,1.0,reacquire:road,0,0,0,0,-1.0
1787224739.8836749,34.40621226435307,0.0,112.0,0.0,0.42056441076561274,1.0,0.4,1.0,reacquire:road,0,0,0,0,-1.0
1787224739.9110034,33.703072145572264,0.0,112.0,0.0,0.4210870133263653,1.0,0.4,1.0,reacquire:road,0,0,0,0,-1.0
1787224739.9380083,34.32647524165154,0.0,112.0,0.0,0.4206950614058009,1.0,0.4,1.0,reacquire:road,0,0,0,0,-1.0
1787224739.9696896,34.88536681241864,0.0,112.0,0.0,0.4204337601254246,1.0,0.4,1.0,reacquire:road,0,0,0,0,-1.0
1787224740.0011528,34.17890101788255,0.0,112.0,0.0,0.4204337601254246,1.0,0.4,1.0,reacquire:road,0,0,0,0,-1.0
1787224740.0272205,33.73571031998407,0.0,112.0,0.0,0.42134831460674155,1.0,0.4,1.0,reacquire:road,0,0,0,0,-1.0
1787224740.059643,34.652870881292905,0.0,112.0,0.0,0.42017245884504834,1.0,0.4,1.0,reacquire:road,0,0,0,0,-1.0
1787224740.0886092,33.79320822993628,0.0,112.0,0.0,0.4206950614058009,1.0,0.4,1.0,reacquire:road,0,0,0,0,-1.0
1787224740.115023,34.07423525771185,0.0,112.0,0.0,0.41991115756467207,1.0,0.4,1.0,reacquire:road,0,0,0,0,-1.0
1787224740.1467984,34.80661383848887,0.0,112.0,0.0,0.42056441076561274,1.0,0.4,1.0,reacquire:road,0,0,0,0,-1.0
1787224740.175124,34.12012962703933,0.0,112.0,0.0,0.41912725372354326,1.0,0.4,1.0,reacquire:road,0,0,0,0,-1.0
1787224740.2035084,34.38921809984359,0.0,112.0,0.0,0.4204337601254246,1.0,0.4,1.0,reacquire:road,0,0,0,0,-1.0
1787224740.235401,34.57259732972848,0.0,112.0,0.0,0.42095636268617714,1.0,0.4,1.0,reacquire:road,0,0,0,0,-1.0
1787224740.2636292,33.84832993766046,0.0,112.0,0.0,0.4193885550039195,1.0,0.4,1.0,reacquire:road,0,0,0,0,-1.0
1787224740.2906976,34.24885025809273,0.0,112.0,0.0,0.4184740005226026,1.0,0.4,1.0,reacquire:road,0,0,0,0,-1.0
1787224740.322297,34.81775740885626,0.0,112.0,0.0,0.418865952443167,1.0,0.4,1.0,reacquire:road,0,0,0,0,-1.0
1787224740.3505754,33.90160684639174,0.0,112.0,0.0,0.4184740005226026,1.0,0.4,1.0,reacquire:road,0,0,0,0,-1.0
1787224740.3765366,34.577778703257344,0.0,112.0,0.0,0.4192579043637314,1.0,0.4,1.0,reacquire:road,0,0,0,0,-1.0
1787224740.4089406,35.3704353653293,0.0,112.0,0.0,0.41742879540109745,1.0,0.4,1.0,reacquire:road,0,0,0,0,-1.0
1787224740.4375353,34.46014926917296,0.0,112.0,0.0,0.4200418082048602,1.0,0.4,1.0,reacquire:road,0,0,0,0,-1.0
1787224740.4640372,34.56481777833237,0.0,112.0,0.0,0.4200418082048602,1.0,0.4,1.0,reacquire:road,0,0,0,0,-1.0
1787224740.4955835,35.204973326625755,0.0,112.0,0.0,0.4184740005226026,1.0,0.4,1.0,reacquire:road,0,0,0,0,-1.0
1787224740.523735,34.40265663053474,0.0,112.0,0.0,0.418865952443167,1.0,0.4,1.0,reacquire:road,0,0,0,0,-1.0
1787224740.5501184,34.76205595459106,0.0,112.0,0.0,0.42147896524692974,1.0,0.4,1.0,reacquire:road,0,0,0,0,-1.0
1787224740.5827873,35.37293980542512,0.0,112.0,0.0,0.4225241703684348,1.0,0.4,1.0,reacquire:road,0,0,0,0,-1.0
1787224740.6114557,34.402946690465235,0.0,112.0,0.0,0.41834334988241445,1.0,0.4,1.0,reacquire:road,0,0,0,0,-1.0
1787224740.6407294,34.51971885727064,0.0,112.0,0.0,0.42134831460674155,1.0,0.4,1.0,reacquire:road,0,0,0,0,-1.0
1787224740.6751409,34.22104314377967,0.0,112.0,0.0,0.4189966030833551,1.0,0.4,1.0,reacquire:road,0,0,0,0,-1.0
1787224740.7037992,33.30207592195406,0.0,112.0,0.0,0.42017245884504834,1.0,0.4,1.0,reacquire:road,0,0,0,0,-1.0
1787224740.7300172,33.72199699405185,0.0,112.0,0.0,0.4221322184478704,1.0,0.4,1.0,reacquire:road,0,0,0,0,-1.0
1787224740.7620413,34.57469553421555,0.0,112.0,0.0,0.4192579043637314,1.0,0.4,1.0,reacquire:road,0,0,0,0,-1.0
1787224740.790152,33.789199664605945,0.0,112.0,0.0,0.4216096158871179,1.0,0.4,1.0,reacquire:road,0,0,0,0,-1.0
1787224740.8167036,34.329191279573514,0.0,112.0,0.0,0.4204337601254246,1.0,0.4,1.0,reacquire:road,0,0,0,0,-1.0
1787224740.8502707,34.99541919480618,0.0,112.0,0.0,0.4204337601254246,1.0,0.4,1.0,reacquire:road,0,0,0,0,-1.0
1787224740.8780649,33.93796055195173,0.0,112.0,0.0,0.41873530180297885,1.0,0.4,1.0,reacquire:road,0,0,0,0,-1.0
1787224740.9051309,34.3689990341262,0.0,112.0,0.0,0.4196498562842958,1.0,0.4,1.0,reacquire:road,0,0,0,0,-1.0
1787224740.9373605,34.76129664852939,0.0,112.0,0.0,0.41834334988241445,1.0,0.4,1.0,reacquire:road,0,0,0,0,-1.0
1787224740.965339,33.914039696719705,0.0,112.0,0.0,0.4196498562842958,1.0,0.4,1.0,reacquire:road,0,0,0,0,-1.0
1787224740.9912126,34.53286369878987,0.0,112.0,0.0,0.4171674941207212,1.0,0.4,1.0,reacquire:road,0,0,0,0,-1.0
1787224741.0230107,35.33790913646078,0.0,112.0,0.0,0.41991115756467207,1.0,0.4,1.0,reacquire:road,0,0,0,0,-1.0
1787224741.0535235,34.5458317436268,0.0,112.0,0.0,0.418865952443167,1.0,0.4,1.0,reacquire:road,0,0,0,0,-1.0
1787224741.080173,34.22748882008645,0.0,112.0,0.0,0.4189966030833551,1.0,0.4,1.0,reacquire:road,0,0,0,0,-1.0
1787224741.1115367,34.88669021725639,0.0,112.0,0.0,0.41834334988241445,1.0,0.4,1.0,reacquire:road,0,0,0,0,-1.0
1787224741.1405325,34.13175290979646,0.0,112.0,0.0,0.41834334988241445,1.0,0.4,1.0,reacquire:road,0,0,0,0,-1.0
1787224741.1669936,34.39535927619063,0.0,112.0,0.0,0.4180820486020381,1.0,0.4,1.0,reacquire:road,0,0,0,0,-1.0
1787224741.1988974,35.061598523192075,0.0,112.0,0.0,0.41821269924222626,1.0,0.4,1.0,reacquire:road,0,0,0,0,-1.0
1787224741.225842,34.273545366544184,0.0,112.0,0.0,0.4175594460412856,1.0,0.4,1.0,reacquire:road,0,0,0,0,-1.0
1787224741.252794,34.91919649803683,0.0,112.0,0.0,0.4180820486020381,1.0,0.4,1.0,reacquire:road,0,0,0,0,-1.0
1787224741.28642,35.35464976293923,0.0,112.0,0.0,0.4180820486020381,1.0,0.4,1.0,reacquire:road,0,0,0,0,-1.0
1787224741.3141832,34.19768987915599,0.0,112.0,0.0,0.42030310948523647,1.0,0.4,1.0,reacquire:road,0,0,0,0,-1.0
1787224741.3403366,34.59816353802721,0.0,112.0,0.0,0.4180820486020381,1.0,0.4,1.0,reacquire:road,0,0,0,0,-1.0
1787224741.3717024,35.34306196709799,0.0,112.0,0.0,0.4184740005226026,1.0,0.4,1.0,reacquire:road,0,0,0,0,-1.0
1787224741.3998404,34.4020725180022,0.0,112.0,0.0,0.4186046511627907,1.0,0.4,1.0,reacquire:road,0,0,0,0,-1.0
1787224741.4257734,34.96191027763355,0.0,112.0,0.0,0.4169061928403449,1.0,0.4,1.0,reacquire:road,0,0,0,0,-1.0
1787224741.459893,35.67871458494564,0.0,112.0,0.0,0.41599163835902797,1.0,0.4,1.0,reacquire:road,0,0,0,0,-1.0
1787224741.4903915,34.34212736307687,0.0,112.0,0.0,0.4189966030833551,1.0,0.4,1.0,reacquire:road,0,0,0,0,-1.0
1787224741.5176485,33.98622261860555,0.0,112.0,0.0,0.4167755422001568,1.0,0.4,1.0,reacquire:road,0,0,0,0,-1.0
1787224741.549372,34.69304680092842,0.0,112.0,0.0,0.4172981447609093,1.0,0.4,1.0,reacquire:road,0,0,0,0,-1.0
1787224741.5771496,34.03635803871046,0.0,112.0,0.0,0.4157303370786517,1.0,0.4,1.0,reacquire:road,0,0,0,0,-1.0
1787224741.6041472,34.449358297307256,0.0,112.0,0.0,0.41782074732166186,1.0,0.4,1.0,reacquire:road,0,0,0,0,-1.0
1787224741.6363487,34.97819163390486,0.0,112.0,0.0,0.41782074732166186,1.0,0.4,1.0,reacquire:road,0,0,0,0,-1.0
1787224741.6644144,34.175909452443136,0.0,112.0,0.0,0.4172981447609093,1.0,0.4,1.0,reacquire:road,0,0,0,0,-1.0
1787224741.6903195,34.48790440744897,0.0,112.0,0.0,0.4167755422001568,1.0,0.4,1.0,reacquire:road,0,0,0,0,-1.0
1787224741.7235103,35.31194278194441,0.0,112.0,0.0,0.4163835902795924,1.0,0.4,1.0,reacquire:road,0,0,0,0,-1.0
1787224741.751449,34.231134368212324,0.0,112.0,0.0,0.41664489155996864,1.0,0.4,1.0,reacquire:road,0,0,0,0,-1.0
1787224741.7774887,34.608004473968705,0.0,112.0,0.0,0.41821269924222626,1.0,0.4,1.0,reacquire:road,0,0,0,0,-1.0
1787224741.8088288,35.32582035707641,0.0,112.0,0.0,0.41991115756467207,1.0,0.4,1.0,reacquire:road,0,0,0,0,-1.0
1787224741.837276,34.58710189112515,0.0,112.0,0.0,0.42056441076561274,1.0,0.4,1.0,reacquire:road,0,0,0,0,-1.0
1787224741.8639631,34.802056357293196,0.0,112.0,0.0,0.4189966030833551,1.0,0.4,1.0,reacquire:road,0,0,0,0,-1.0
1787224741.894277,35.318681704436926,0.0,112.0,0.0,0.42134831460674155,1.0,0.4,1.0,reacquire:road,0,0,0,0,-1.0
1787224741.9256485,34.760051855882,0.0,112.0,0.0,0.4216096158871179,1.0,0.4,1.0,reacquire:road,0,0,0,0,-1.0
1787224741.9527683,34.276962089348764,0.0,112.0,0.0,0.4176900966814737,1.0,0.4,1.0,reacquire:road,0,0,0,0,-1.0
1787224741.9855971,34.806914591815335,0.0,112.0,0.0,0.4200418082048602,1.0,0.4,1.0,reacquire:road,0,0,0,0,-1.0
1787224742.0144508,33.88080349183858,0.0,112.0,0.0,0.41951920564410766,1.0,0.4,1.0,reacquire:road,0,0,0,0,-1.0
1787224742.041418,34.08903310019443,0.0,112.0,0.0,0.4169061928403449,1.0,0.4,1.0,reacquire:road,0,0,0,0,-1.0
1787224742.0750332,34.45075460136675,0.0,112.0,0.0,0.4193885550039195,1.0,0.4,1.0,reacquire:road,0,0,0,0,-1.0
1787224742.1043694,33.512873914158504,0.0,112.0,0.0,0.4171674941207212,1.0,0.4,1.0,reacquire:road,0,0,0,0,-1.0
1787224742.1331034,33.8598007315625,0.0,112.0,0.0,0.4189966030833551,1.0,0.4,1.0,reacquire:road,0,0,0,0,-1.0
1787224742.1651154,34.043120534759055,0.0,112.0,0.0,0.4184740005226026,1.0,0.4,1.0,reacquire:road,0,0,0,0,-1.0
1787224742.1924946,33.45090238720531,0.0,112.0,0.0,0.41795139796185,1.0,0.4,1.0,reacquire:road,0,0,0,0,-1.0
1787224742.2204602,34.11707540654368,0.0,112.0,0.0,0.41912725372354326,1.0,0.4,1.0,reacquire:road,0,0,0,0,-1.0
1787224742.2526155,34.4426990887074,0.0,112.0,0.0,0.4175594460412856,1.0,0.4,1.0,reacquire:road,0,0,0,0,-1.0
1787224742.2828364,33.549205144909635,0.0,112.0,0.0,0.4189966030833551,1.0,0.4,1.0,reacquire:road,0,0,0,0,-1.0
1787224742.3091333,33.71341304829517,0.0,112.0,0.0,0.4167755422001568,1.0,0.4,1.0,reacquire:road,0,0,0,0,-1.0
1787224742.3434186,34.60023440185473,0.0,112.0,0.0,0.4186046511627907,1.0,0.4,1.0,reacquire:road,0,0,0,0,-1.0
1787224742.3721538,33.27067477074761,0.0,112.0,0.0,0.41782074732166186,1.0,0.4,1.0,reacquire:road,0,0,0,0,-1.0
1787224742.398796,33.95864464019375,0.0,112.0,0.0,0.4192579043637314,1.0,0.4,1.0,reacquire:road,0,0,0,0,-1.0
1787224742.4306557,34.669516676336386,0.0,112.0,0.0,0.42017245884504834,1.0,0.4,1.0,reacquire:road,0,0,0,0,-1.0
1787224742.457897,33.9913236316182,0.0,112.0,0.0,0.4193885550039195,1.0,0.4,1.0,reacquire:road,0,0,0,0,-1.0
1787224742.4850328,34.568402416533004,0.0,112.0,0.0,0.41951920564410766,1.0,0.4,1.0,reacquire:road,0,0,0,0,-1.0
1787224742.5170796,35.02516710406413,0.0,112.0,0.0,0.420825712045989,1.0,0.4,1.0,reacquire:road,0,0,0,0,-1.0
1787224742.5471356,34.21721717463832,0.0,112.0,0.0,0.420825712045989,1.0,0.4,1.0,reacquire:road,0,0,0,0,-1.0
1787224742.5734434,34.04682184226581,0.0,112.0,0.0,0.4200418082048602,1.0,0.4,1.0,reacquire:road,0,0,0,0,-1.0
1787224742.605539,34.87907741930025,0.0,112.0,0.0,0.4192579043637314,1.0,0.4,1.0,reacquire:road,0,0,0,0,-1.0
1787224742.634212,34.1256919038624,0.0,112.0,0.0,0.42030310948523647,1.0,0.4,1.0,reacquire:road,0,0,0,0,-1.0
1787224742.6606233,34.2892399928252,0.0,112.0,0.0,0.421740266527306,1.0,0.4,1.0,reacquire:road,0,0,0,0,-1.0
1787224742.6945288,34.80662209221852,0.0,112.0,0.0,0.4196498562842958,1.0,0.4,1.0,reacquire:road,0,0,0,0,-1.0
1787224742.7239654,33.82130073468245,0.0,112.0,0.0,0.41912725372354326,1.0,0.4,1.0,reacquire:road,0,0,0,0,-1.0
1787224742.7541118,33.913145783171665,0.0,112.0,0.0,0.4210870133263653,1.0,0.4,1.0,reacquire:road,0,0,0,0,-1.0
1787224742.7867181,33.75939800644578,0.0,112.0,0.0,0.42147896524692974,1.0,0.4,1.0,reacquire:road,0,0,0,0,-1.0
1787224742.815174,33.04793483146948,0.0,112.0,0.0,0.41873530180297885,1.0,0.4,1.0,reacquire:road,0,0,0,0,-1.0
1787224742.84195,33.59014270821049,0.0,112.0,0.0,0.420825712045989,1.0,0.4,1.0,reacquire:road,0,0,0,0,-1.0
1787224742.8750143,34.351319451647186,0.0,112.0,0.0,0.4184740005226026,1.0,0.4,1.0,reacquire:road,0,0,0,0,-1.0
1787224742.903671,33.48971331610289,0.0,112.0,0.0,0.41951920564410766,1.0,0.4,1.0,reacquire:road,0,0,0,0,-1.0
1787224742.9300318,33.817886620541046,0.0,112.0,0.0,0.4175594460412856,1.0,0.4,1.0,reacquire:road,0,0,0,0,-1.0
1787224742.964549,34.63739230271551,0.0,112.0,0.0,0.42017245884504834,1.0,0.4,1.0,reacquire:road,0,0,0,0,-1.0
1787224742.991934,33.41119558437617,0.0,112.0,0.0,0.4184740005226026,1.0,0.4,1.0,reacquire:road,0,0,0,0,-1.0
1787224743.0189452,34.19144644818635,0.0,112.0,0.0,0.42056441076561274,1.0,0.4,1.0,reacquire:road,0,0,0,0,-1.0
1787224743.0501611,34.75280315948455,0.0,112.0,0.0,0.4216096158871179,1.0,0.4,1.0,reacquire:road,0,0,0,0,-1.0
1787224743.0789094,34.10241473648912,0.0,112.0,0.0,0.4200418082048602,1.0,0.4,1.0,reacquire:road,0,0,0,0,-1.0
1787224743.105061,34.35906761570404,0.0,112.0,0.0,0.42017245884504834,1.0,0.4,1.0,reacquire:road,0,0,0,0,-1.0
1787224743.1370063,35.15907183502913,0.0,112.0,0.0,0.420825712045989,1.0,0.4,1.0,reacquire:road,0,0,0,0,-1.0
1787224743.1678147,34.348063226606214,0.0,112.0,0.0,0.420825712045989,1.0,0.4,1.0,reacquire:road,0,0,0,0,-1.0
1787224743.1945794,34.007068959474495,0.0,112.0,0.0,0.4192579043637314,1.0,0.4,1.0,reacquire:road,0,0,0,0,-1.0
1787224743.2257648,34.66137731130209,0.0,112.0,0.0,0.41912725372354326,1.0,0.4,1.0,reacquire:road,0,0,0,0,-1.0
1787224743.2538495,34.05063992982957,0.0,112.0,0.0,0.41873530180297885,1.0,0.4,1.0,reacquire:road,0,0,0,0,-1.0
1787224743.2807539,34.379634051015714,0.0,112.0,0.0,0.42056441076561274,1.0,0.4,1.0,reacquire:road,0,0,0,0,-1.0
1787224743.3119001,35.06238335380861,0.0,112.0,0.0,0.4196498562842958,1.0,0.4,1.0,reacquire:road,0,0,0,0,-1.0
1787224743.3406613,34.01946147604413,0.0,112.0,0.0,0.4200418082048602,1.0,0.4,1.0,reacquire:road,0,0,0,0,-1.0
1787224743.3678532,34.79736318569279,0.0,112.0,0.0,0.42095636268617714,1.0,0.4,1.0,reacquire:road,0,0,0,0,-1.0
1787224743.407829,35.179882170240596,0.0,112.0,0.0,0.41951920564410766,1.0,0.4,1.0,reacquire:road,0,0,0,0,-1.0
1787224743.4376898,33.13907066629773,0.0,112.0,0.0,0.42095636268617714,1.0,0.4,1.0,reacquire:road,0,0,0,0,-1.0
1787224743.4645734,33.226161284796085,0.0,112.0,0.0,0.4186046511627907,1.0,0.4,1.0,reacquire:road,0,0,0,0,-1.0
1787224743.496263,34.02236169710482,0.0,112.0,0.0,0.42095636268617714,1.0,0.4,1.0,reacquire:road,0,0,0,0,-1.0
1787224743.5236685,33.50471404033055,0.0,112.0,0.0,0.42030310948523647,1.0,0.4,1.0,reacquire:road,0,0,0,0,-1.0
1787224743.5504537,34.136719072535236,0.0,112.0,0.0,0.42030310948523647,1.0,0.4,1.0,reacquire:road,0,0,0,0,-1.0
1787224743.5819929,34.78130275940855,0.0,112.0,0.0,0.4220015678076823,1.0,0.4,1.0,reacquire:road,0,0,0,0,-1.0
1787224743.6109495,34.075598702387786,0.0,112.0,0.0,0.41991115756467207,1.0,0.4,1.0,reacquire:road,0,0,0,0,-1.0
1787224743.6377213,34.25042382138415,0.0,112.0,0.0,0.41873530180297885,1.0,0.4,1.0,reacquire:road,0,0,0,0,-1.0
1787224743.6701908,34.899788597504305,0.0,112.0,0.0,0.4212176639665534,1.0,0.4,1.0,reacquire:road,0,0,0,0,-1.0
1787224743.700587,34.03226482169005,0.0,112.0,0.0,0.4186046511627907,1.0,0.4,1.0,reacquire:road,0,0,0,0,-1.0
1787224743.7269204,33.856420610561955,0.0,112.0,0.0,0.42147896524692974,1.0,0.4,1.0,reacquire:road,0,0,0,0,-1.0
1787224743.7590091,34.64959007714529,0.0,112.0,0.0,0.42017245884504834,1.0,0.4,1.0,reacquire:road,0,0,0,0,-1.0
1787224743.7875178,33.859285081290054,0.0,112.0,0.0,0.41834334988241445,1.0,0.4,1.0,reacquire:road,0,0,0,0,-1.0
1787224743.8158157,34.2535030348585,0.0,112.0,0.0,0.4193885550039195,1.0,0.4,1.0,reacquire:road,0,0,0,0,-1.0
1787224743.8475387,34.470988476540654,0.0,112.0,0.0,0.41782074732166186,1.0,0.4,1.0,reacquire:road,0,0,0,0,-1.0
1787224743.8757167,33.690850023780925,0.0,112.0,0.0,0.42056441076561274,1.0,0.4,1.0,reacquire:road,0,0,0,0,-1.0
1787224743.9048917,34.294671371189764,0.0,112.0,0.0,0.41912725372354326,1.0,0.4,1.0,reacquire:road,0,0,0,0,-1.0
1787224743.9367347,34.30887464850061,0.0,112.0,0.0,0.4192579043637314,1.0,0.4,1.0,reacquire:road,0,0,0,0,-1.0
1787224743.964213,33.59369062586105,0.0,112.0,0.0,0.4200418082048602,1.0,0.4,1.0,reacquire:road,0,0,0,0,-1.0
1787224743.9901996,34.34098150875297,0.0,112.0,0.0,0.4200418082048602,1.0,0.4,1.0,reacquire:road,0,0,0,0,-1.0
1787224744.0233564,35.169190347010286,0.0,112.0,0.0,0.42017245884504834,1.0,0.4,1.0,reacquire:road,0,0,0,0,-1.0
1787224744.052333,34.1017528507625,0.0,112.0,0.0,0.42147896524692974,1.0,0.4,1.0,reacquire:road,0,0,0,0,-1.0
1787224744.0788395,34.26604406609507,0.0,112.0,0.0,0.4204337601254246,1.0,0.4,1.0,reacquire:road,0,0,0,0,-1.0
1787224744.1104562,34.93555593809819,0.0,112.0,0.0,0.41873530180297885,1.0,0.4,1.0,reacquire:road,0,0,0,0,-1.0
1787224744.1393626,34.21732760514616,0.0,112.0,0.0,0.41873530180297885,1.0,0.4,1.0,reacquire:road,0,0,0,0,-1.0
1787224744.1660607,34.37974716769885,0.0,112.0,0.0,0.418865952443167,1.0,0.4,1.0,reacquire:road,0,0,0,0,-1.0
1787224744.1973622,35.00270429985873,0.0,112.0,0.0,0.41912725372354326,1.0,0.4,1.0,reacquire:road,0,0,0,0,-1.0
1787224744.2277744,34.37203324228858,0.0,112.0,0.0,0.4210870133263653,1.0,0.4,1.0,reacquire:road,0,0,0,0,-1.0
1787224744.255136,33.82338146197789,0.0,112.0,0.0,0.41795139796185,1.0,0.4,1.0,reacquire:road,0,0,0,0,-1.0
1787224744.288405,34.71301158570185,0.0,112.0,0.0,0.41991115756467207,1.0,0.4,1.0,reacquire:road,0,0,0,0,-1.0
1787224744.3163204,33.77449901433612,0.0,112.0,0.0,0.41742879540109745,1.0,0.4,1.0,reacquire:road,0,0,0,0,-1.0
1787224744.3421924,34.21277596540274,0.0,112.0,0.0,0.4189966030833551,1.0,0.4,1.0,reacquire:road,0,0,0,0,-1.0
1787224744.374429,35.07711346262205,0.0,112.0,0.0,0.4184740005226026,1.0,0.4,1.0,reacquire:road,0,0,0,0,-1.0
1787224744.4029763,34.25216855241318,0.0,112.0,0.0,0.4193885550039195,1.0,0.4,1.0,reacquire:road,0,0,0,0,-1.0
1787224744.4310603,34.42310769024457,0.0,112.0,0.0,0.4180820486020381,1.0,0.4,1.0,reacquire:road,0,0,0,0,-1.0
1787224744.4656162,34.23516824087733,0.0,112.0,0.0,0.41795139796185,1.0,0.4,1.0,reacquire:road,0,0,0,0,-1.0
1787224744.4930909,33.473570152424955,0.0,112.0,0.0,0.41821269924222626,1.0,0.4,1.0,reacquire:road,0,0,0,0,-1.0
1787224744.5195975,34.092431441492224,0.0,112.0,0.0,0.41951920564410766,1.0,0.4,1.0,reacquire:road,0,0,0,0,-1.0
1787224744.5510366,34.835075950546944,0.0,112.0,0.0,0.41821269924222626,1.0,0.4,1.0,reacquire:road,0,0,0,0,-1.0
1787224744.579154,34.19379462068236,0.0,112.0,0.0,0.41795139796185,1.0,0.4,1.0,reacquire:road,0,0,0,0,-1.0
1787224744.60516,34.49519233015991,0.0,112.0,0.0,0.4200418082048602,1.0,0.4,1.0,reacquire:road,0,0,0,0,-1.0
1787224744.637271,35.30696186080945,0.0,112.0,0.0,0.4176900966814737,1.0,0.4,1.0,reacquire:road,0,0,0,0,-1.0
1787224744.6672182,34.38255196996031,0.0,112.0,0.0,0.4184740005226026,1.0,0.4,1.0,reacquire:road,0,0,0,0,-1.0
1787224744.6938055,34.27474257457964,0.0,112.0,0.0,0.41782074732166186,1.0,0.4,1.0,reacquire:road,0,0,0,0,-1.0
1787224744.7265608,34.942662168181556,0.0,112.0,0.0,0.41742879540109745,1.0,0.4,1.0,reacquire:road,0,0,0,0,-1.0
1787224744.7552488,34.04890532338069,0.0,112.0,0.0,0.4165142409197805,1.0,0.4,1.0,reacquire:road,0,0,0,0,-1.0
1787224744.7828927,34.236277431955855,0.0,112.0,0.0,0.4192579043637314,1.0,0.4,1.0,reacquire:road,0,0,0,0,-1.0
1787224744.8156629,34.59741678452623,0.0,112.0,0.0,0.4196498562842958,1.0,0.4,1.0,reacquire:road,0,0,0,0,-1.0
1787224744.8442266,33.766427744194175,0.0,112.0,0.0,0.4186046511627907,1.0,0.4,1.0,reacquire:road,0,0,0,0,-1.0
1787224744.8728209,34.049323789070044,0.0,112.0,0.0,0.41795139796185,1.0,0.4,1.0,reacquire:road,0,0,0,0,-1.0
1787224744.9051943,34.24250756332502,0.0,112.0,0.0,0.4189966030833551,1.0,0.4,1.0,reacquire:road,0,0,0,0,-1.0
1787224744.9340918,33.5264016507688,0.0,112.0,0.0,0.4184740005226026,1.0,0.4,1.0,reacquire:road,0,0,0,0,-1.0
1787224744.9601676,33.80962756898675,0.0,112.0,0.0,0.4186046511627907,1.0,0.4,1.0,reacquire:road,0,0,0,0,-1.0
1787224744.9915957,34.6827711031278,0.0,112.0,0.0,0.42056441076561274,1.0,0.4,1.0,reacquire:road,0,0,0,0,-1.0
1787224745.0207562,33.8054658549498,0.0,112.0,0.0,0.418865952443167,1.0,0.4,1.0,reacquire:road,0,0,0,0,-1.0
1787224745.048145,34.20463283911801,0.0,112.0,0.0,0.4200418082048602,1.0,0.4,1.0,reacquire:road,0,0,0,0,-1.0
1787224745.0811613,34.78807258121487,0.0,112.0,0.0,0.4192579043637314,1.0,0.4,1.0,reacquire:road,0,0,0,0,-1.0
1787224745.1100667,33.78198755895871,0.0,112.0,0.0,0.4193885550039195,1.0,0.4,1.0,reacquire:road,0,0,0,0,-1.0
1787224745.1371279,33.90929701147177,0.0,112.0,0.0,0.4200418082048602,1.0,0.4,1.0,reacquire:road,0,0,0,0,-1.0
1787224745.1689448,34.73050170484226,0.0,112.0,0.0,0.4193885550039195,1.0,0.4,1.0,reacquire:road,0,0,0,0,-1.0
1787224745.1971633,34.02474735361068,0.0,112.0,0.0,0.4184740005226026,1.0,0.4,1.0,reacquire:road,0,0,0,0,-1.0
1787224745.2230153,34.36392514952226,0.0,112.0,0.0,0.41951920564410766,1.0,0.4,1.0,reacquire:road,0,0,0,0,-1.0
1787224745.2552602,35.209681352364385,0.0,112.0,0.0,0.4210870133263653,1.0,0.4,1.0,reacquire:road,0,0,0,0,-1.0
1787224745.2837052,34.33941711344211,0.0,112.0,0.0,0.42056441076561274,1.0,0.4,1.0,reacquire:road,0,0,0,0,-1.0
1787224745.30979,34.55907836929951,0.0,112.0,0.0,0.42017245884504834,1.0,0.4,1.0,reacquire:road,0,0,0,0,-1.0
1787224745.3426118,35.28579336907545,0.0,112.0,0.0,0.4204337601254246,1.0,0.4,1.0,reacquire:road,0,0,0,0,-1.0
1787224745.370883,34.21098472866291,0.0,112.0,0.0,0.418865952443167,1.0,0.4,1.0,reacquire:road,0,0,0,0,-1.0
1787224745.397209,34.62539141014061,0.0,112.0,0.0,0.4196498562842958,1.0,0.4,1.0,reacquire:road,0,0,0,0,-1.0
1787224745.4276311,35.29648830200321,0.0,112.0,0.0,0.4196498562842958,1.0,0.4,1.0,reacquire:road,0,0,0,0,-1.0
1787224745.4545567,34.78992727902523,0.0,112.0,0.0,0.4171674941207212,1.0,0.4,1.0,reacquire:road,0,0,0,0,-1.0
1787224745.4814095,35.28855931584841,0.0,112.0,0.0,0.4196498562842958,1.0,0.4,1.0,reacquire:road,0,0,0,0,-1.0
1787224745.5130806,35.678093766324636,0.0,112.0,0.0,0.4200418082048602,1.0,0.4,1.0,reacquire:road,0,0,0,0,-1.0
1787224745.5423448,34.73884561910087,0.0,112.0,0.0,0.4180820486020381,1.0,0.4,1.0,reacquire:road,0,0,0,0,-1.0
1787224745.570001,34.5350973054459,0.0,112.0,0.0,0.41978050692448393,1.0,0.4,1.0,reacquire:road,0,0,0,0,-1.0
1787224745.6023276,35.132185686784815,0.0,112.0,0.0,0.4186046511627907,1.0,0.4,1.0,reacquire:road,0,0,0,0,-1.0
1787224745.6305192,34.04437345489452,0.0,112.0,0.0,0.4200418082048602,1.0,0.4,1.0,reacquire:road,0,0,0,0,-1.0
1787224745.6566236,34.685533615172375,0.0,112.0,0.0,0.4184740005226026,1.0,0.4,1.0,reacquire:road,0,0,0,0,-1.0
1787224745.6897507,35.40913064575771,0.0,112.0,0.0,0.4206950614058009,1.0,0.4,1.0,reacquire:road,0,0,0,0,-1.0
1787224745.7171018,34.347357856083164,0.0,112.0,0.0,0.41795139796185,1.0,0.4,1.0,reacquire:road,0,0,0,0,-1.0
1787224745.7433631,34.81573657870913,0.0,112.0,0.0,0.41978050692448393,1.0,0.4,1.0,reacquire:road,0,0,0,0,-1.0
1787224745.7786582,34.91641755627306,0.0,112.0,0.0,0.4210870133263653,1.0,0.4,1.0,reacquire:road,0,0,0,0,-1.0
1787224745.8060448,33.93958016299333,0.0,112.0,0.0,0.41742879540109745,1.0,0.4,1.0,reacquire:road,0,0,0,0,-1.0
1787224745.8327718,34.46964285636844,0.0,112.0,0.0,0.41912725372354326,1.0,0.4,1.0,reacquire:road,0,0,0,0,-1.0
1787224745.8640907,35.06084983510904,0.0,112.0,0.0,0.41978050692448393,1.0,0.4,1.0,reacquire:road,0,0,0,0,-1.0
1787224745.8917856,34.364829694733544,0.0,112.0,0.0,0.4169061928403449,1.0,0.4,1.0,reacquire:road,0,0,0,0,-1.0
1787224745.9184177,34.78518498074684,0.0,112.0,0.0,0.41991115756467207,1.0,0.4,1.0,reacquire:road,0,0,0,0,-1.0
1787224745.951987,35.357283952637175,0.0,112.0,0.0,0.418865952443167,1.0,0.4,1.0,reacquire:road,0,0,0,0,-1.0
1787224745.983393,34.17406574411023,0.0,112.0,0.0,0.4186046511627907,1.0,0.4,1.0,reacquire:road,0,0,0,0,-1.0
1787224746.0099604,33.78590511134494,0.0,112.0,0.0,0.418865952443167,1.0,0.4,1.0,reacquire:road,0,0,0,0,-1.0
1787224746.0420387,34.55508535757395,0.0,112.0,0.0,0.4192579043637314,1.0,0.4,1.0,reacquire:road,0,0,0,0,-1.0
1787224746.0702555,33.79933678041322,0.0,112.0,0.0,0.418865952443167,1.0,0.4,1.0,reacquire:road,0,0,0,0,-1.0
1787224746.096623,34.239563198339184,0.0,112.0,0.0,0.4189966030833551,1.0,0.4,1.0,reacquire:road,0,0,0,0,-1.0
1787224746.128593,34.97248327221551,0.0,112.0,0.0,0.420825712045989,1.0,0.4,1.0,reacquire:road,0,0,0,0,-1.0
1787224746.1559157,34.052936002054324,0.0,112.0,0.0,0.4192579043637314,1.0,0.4,1.0,reacquire:road,0,0,0,0,-1.0
1787224746.1828642,34.830402185568445,0.0,112.0,0.0,0.4196498562842958,1.0,0.4,1.0,reacquire:road,0,0,0,0,-1.0
1787224746.2203102,35.14914606800379,0.0,112.0,0.0,0.42056441076561274,1.0,0.4,1.0,reacquire:road,0,0,0,0,-1.0
1787224746.2506146,33.46251744063631,0.0,112.0,0.0,0.41873530180297885,1.0,0.4,1.0,reacquire:road,0,0,0,0,-1.0
1787224746.278379,33.45651389240546,0.0,112.0,0.0,0.41703684348053305,1.0,0.4,1.0,reacquire:road,0,0,0,0,-1.0
1787224746.311033,33.976961593994275,0.0,112.0,0.0,0.41795139796185,1.0,0.4,1.0,reacquire:road,0,0,0,0,-1.0
1787224746.3395162,33.206438912830464,0.0,112.0,0.0,0.4167755422001568,1.0,0.4,1.0,reacquire:road,0,0,0,0,-1.0
1787224746.3671339,33.738464882365946,0.0,112.0,0.0,0.4176900966814737,1.0,0.4,1.0,reacquire:road,0,0,0,0,-1.0
1787224746.399116,34.22322336593458,0.0,112.0,0.0,0.4176900966814737,1.0,0.4,1.0,reacquire:road,0,0,0,0,-1.0
1787224746.4289432,33.540731998056586,0.0,112.0,0.0,0.4175594460412856,1.0,0.4,1.0,reacquire:road,0,0,0,0,-1.0
1787224746.455527,33.64651838752802,0.0,112.0,0.0,0.41873530180297885,1.0,0.4,1.0,reacquire:road,0,0,0,0,-1.0
1787224746.4901242,34.44657120037875,0.0,112.0,0.0,0.41703684348053305,1.0,0.4,1.0,reacquire:road,0,0,0,0,-1.0
1787224746.5185623,33.16048305135186,0.0,112.0,0.0,0.41951920564410766,1.0,0.4,1.0,reacquire:road,0,0,0,0,-1.0
1787224746.5455594,33.840177021454934,0.0,112.0,0.0,0.4196498562842958,1.0,0.4,1.0,reacquire:road,0,0,0,0,-1.0
1787224746.5769153,34.47997785597163,0.0,112.0,0.0,0.4196498562842958,1.0,0.4,1.0,reacquire:road,0,0,0,0,-1.0
1787224746.6049948,33.94918307010455,0.0,112.0,0.0,0.4172981447609093,1.0,0.4,1.0,reacquire:road,0,0,0,0,-1.0
1787224746.6340075,34.297085330330155,0.0,112.0,0.0,0.4176900966814737,1.0,0.4,1.0,reacquire:road,0,0,0,0,-1.0
1787224746.6654155,34.333080343223344,0.0,112.0,0.0,0.4175594460412856,1.0,0.4,1.0,reacquire:road,0,0,0,0,-1.0
1787224746.6936269,33.72521949078419,0.0,112.0,0.0,0.4204337601254246,1.0,0.4,1.0,reacquire:road,0,0,0,0,-1.0
1787224746.7198436,34.202234475947215,0.0,112.0,0.0,0.41978050692448393,1.0,0.4,1.0,reacquire:road,0,0,0,0,-1.0
1787224746.751214,35.00557807685218,0.0,112.0,0.0,0.4186046511627907,1.0,0.4,1.0,reacquire:road,0,0,0,0,-1.0
1787224746.7792866,34.2933950815087,0.0,112.0,0.0,0.4175594460412856,1.0,0.4,1.0,reacquire:road,0,0,0,0,-1.0
1787224746.8056438,34.53464374889574,0.0,112.0,0.0,0.41873530180297885,1.0,0.4,1.0,reacquire:road,0,0,0,0,-1.0
1787224746.8388145,35.37425202592827,0.0,112.0,0.0,0.41951920564410766,1.0,0.4,1.0,reacquire:road,0,0,0,0,-1.0
1787224746.867665,34.2359232263281,0.0,112.0,0.0,0.418865952443167,1.0,0.4,1.0,reacquire:road,0,0,0,0,-1.0
1787224746.8942826,34.43861117752955,0.0,112.0,0.0,0.42056441076561274,1.0,0.4,1.0,reacquire:road,0,0,0,0,-1.0
1787224746.9256115,35.05026199443937,0.0,112.0,0.0,0.41951920564410766,1.0,0.4,1.0,reacquire:road,0,0,0,0,-1.0
1787224746.9546204,34.402014742496846,0.0,112.0,0.0,0.42030310948523647,1.0,0.4,1.0,reacquire:road,0,0,0,0,-1.0
1787224746.9836643,34.45460981056264,0.0,112.0,0.0,0.42017245884504834,1.0,0.4,1.0,reacquire:road,0,0,0,0,-1.0
1787224747.0152545,34.4569956770042,0.0,112.0,0.0,0.4193885550039195,1.0,0.4,1.0,reacquire:road,0,0,0,0,-1.0
1787224747.042177,33.88046763361725,0.0,112.0,0.0,0.41821269924222626,1.0,0.4,1.0,reacquire:road,0,0,0,0,-1.0
1787224747.0698674,34.539289600159506,0.0,112.0,0.0,0.41991115756467207,1.0,0.4,1.0,reacquire:road,0,0,0,0,-1.0
1787224747.102822,34.74213928228647,0.0,112.0,0.0,0.42030310948523647,1.0,0.4,1.0,reacquire:road,0,0,0,0,-1.0
1787224747.1311245,33.914725777060596,0.0,112.0,0.0,0.41978050692448393,1.0,0.4,1.0,reacquire:road,0,0,0,0,-1.0
1787224747.157317,34.233414302768125,0.0,112.0,0.0,0.4196498562842958,1.0,0.4,1.0,reacquire:road,0,0,0,0,-1.0
1787224747.189123,35.016835881939166,0.0,112.0,0.0,0.4184740005226026,1.0,0.4,1.0,reacquire:road,0,0,0,0,-1.0
1787224747.217359,34.30986646713068,0.0,112.0,0.0,0.4180820486020381,1.0,0.4,1.0,reacquire:road,0,0,0,0,-1.0
1787224747.243694,34.5435950693637,0.0,112.0,0.0,0.41991115756467207,1.0,0.4,1.0,reacquire:road,0,0,0,0,-1.0
1787224747.2749782,35.20923294903572,0.0,112.0,0.0,0.418865952443167,1.0,0.4,1.0,reacquire:road,0,0,0,0,-1.0
1787224747.3056183,34.22311627270865,0.0,112.0,0.0,0.41951920564410766,1.0,0.4,1.0,reacquire:road,0,0,0,0,-1.0
1787224747.33253,34.311026984112424,0.0,112.0,0.0,0.41912725372354326,1.0,0.4,1.0,reacquire:road,0,0,0,0,-1.0
1787224747.3639097,34.88687653591759,0.0,112.0,0.0,0.4200418082048602,1.0,0.4,1.0,reacquire:road,0,0,0,0,-1.0
1787224747.392188,34.085648214115274,0.0,112.0,0.0,0.4210870133263653,1.0,0.4,1.0,reacquire:road,0,0,0,0,-1.0
1787224747.418591,34.587108653695665,0.0,112.0,0.0,0.42147896524692974,1.0,0.4,1.0,reacquire:road,0,0,0,0,-1.0
1787224747.4523306,35.25704971498642,0.0,112.0,0.0,0.42017245884504834,1.0,0.4,1.0,reacquire:road,0,0,0,0,-1.0
1787224747.4808147,34.116773152311715,0.0,112.0,0.0,0.41978050692448393,1.0,0.4,1.0,reacquire:road,0,0,0,0,-1.0
1787224747.5084696,34.332021635039894,0.0,112.0,0.0,0.42030310948523647,1.0,0.4,1.0,reacquire:road,0,0,0,0,-1.0
1787224747.5405807,34.56746104964707,0.0,112.0,0.0,0.4210870133263653,1.0,0.4,1.0,reacquire:road,0,0,0,0,-1.0
1787224747.5695362,33.9550159855433,0.0,112.0,0.0,0.420825712045989,1.0,0.4,1.0,reacquire:road,0,0,0,0,-1.0
1787224747.601197,33.81612065182876,0.0,112.0,0.0,0.4206950614058009,1.0,0.4,1.0,reacquire:road,0,0,0,0,-1.0
1787224747.6344855,33.62931067245732,0.0,112.0,0.0,0.4200418082048602,1.0,0.4,1.0,reacquire:road,0,0,0,0,-1.0
1787224747.6649582,32.88003323537437,0.0,112.0,0.0,0.4212176639665534,1.0,0.4,1.0,reacquire:road,0,0,0,0,-1.0
1787224747.6921163,32.90907192483716,0.0,112.0,0.0,0.4192579043637314,1.0,0.4,1.0,reacquire:road,0,0,0,0,-1.0
1787224747.7246447,33.66116748964491,0.0,112.0,0.0,0.4180820486020381,1.0,0.4,1.0,reacquire:road,0,0,0,0,-1.0
1787224747.7541294,33.04634989858292,0.0,112.0,0.0,0.41978050692448393,1.0,0.4,1.0,reacquire:road,0,0,0,0,-1.0
1787224747.7818272,33.280045558907275,0.0,112.0,0.0,0.4192579043637314,1.0,0.4,1.0,reacquire:road,0,0,0,0,-1.0
1787224747.8140209,33.85340930227386,0.0,112.0,0.0,0.4161222889992161,1.0,0.4,1.0,reacquire:road,0,0,0,0,-1.0
1787224747.8438928,33.24360438844016,0.0,112.0,0.0,0.4196498562842958,1.0,0.4,1.0,reacquire:road,0,0,0,0,-1.0
1787224747.871214,33.33519686320382,0.0,112.0,0.0,0.4189966030833551,1.0,0.4,1.0,reacquire:road,0,0,0,0,-1.0
1787224747.9038866,33.98122818203485,0.0,112.0,0.0,0.41991115756467207,1.0,0.4,1.0,reacquire:road,0,0,0,0,-1.0
1787224747.933832,33.237839115616055,0.0,112.0,0.0,0.42095636268617714,1.0,0.4,1.0,reacquire:road,0,0,0,0,-1.0
1787224747.9629755,33.37583459942842,0.0,112.0,0.0,0.41951920564410766,1.0,0.4,1.0,reacquire:road,0,0,0,0,-1.0
1787224747.9951062,33.43177686368344,0.0,112.0,0.0,0.4192579043637314,1.0,0.4,1.0,reacquire:road,0,0,0,0,-1.0
1787224748.0242262,32.875924763274995,0.0,112.0,0.0,0.4175594460412856,1.0,0.4,1.0,reacquire:road,0,0,0,0,-1.0
1787224748.0508587,33.407761825541314,0.0,112.0,0.0,0.41795139796185,1.0,0.4,1.0,reacquire:road,0,0,0,0,-1.0
1787224748.0823495,34.25718795219599,0.0,112.0,0.0,0.4180820486020381,1.0,0.4,1.0,reacquire:road,0,0,0,0,-1.0
1787224748.1103609,33.737634886028836,0.0,112.0,0.0,0.4193885550039195,1.0,0.4,1.0,reacquire:road,0,0,0,0,-1.0
1787224748.136451,34.1463346723381,0.0,112.0,0.0,0.4180820486020381,1.0,0.4,1.0,reacquire:road,0,0,0,0,-1.0
1787224748.1686459,34.99360369180836,0.0,112.0,0.0,0.4184740005226026,1.0,0.4,1.0,reacquire:road,0,0,0,0,-1.0
1787224748.197944,34.15339745077597,0.0,112.0,0.0,0.41625293963940424,1.0,0.4,1.0,reacquire:road,0,0,0,0,-1.0
1787224748.2248495,34.20792784470587,0.0,112.0,0.0,0.4167755422001568,1.0,0.4,1.0,reacquire:road,0,0,0,0,-1.0
1787224748.2574172,34.80093993429906,0.0,112.0,0.0,0.39874575385419386,1.0,0.4,1.0,reacquire:road,0,0,0,0,-1.0
1787224748.286603,33.885946243155885,0.0,112.0,0.0,0.3739221322184479,1.0,0.4,1.0,reacquire:road,0,0,0,0,-1.0
1787224748.3185894,34.08341040656004,0.0,0.0,0.0,0.25672850796968905,1.0,0.4,1.0,reacquire:road,0,0,0,0,-1.0
1787224748.3562732,33.526348775045086,0.11691244239631336,0.0,0.0,0.24601515547426184,1.0,0.48000000000000004,1.0,follow,0,0,0,0,-1.0
1787224748.3860734,32.01155764756214,0.0,112.0,0.0,0.3194408152599948,1.0,0.56,1.0,slow:lane_dropout,0,0,0,0,-1.0
1787224748.4140613,32.51642727946279,0.0,112.0,0.0,0.3289783119937288,1.0,0.64,1.0,slow:lane_dropout,0,0,0,0,-1.0
1787224748.446603,33.15751867745495,0.0,112.0,0.0,0.33603344656388817,1.0,0.72,1.0,slow:lane_dropout,0,0,0,0,-1.0
1787224748.476483,32.473513458286526,0.0,112.0,0.0,0.34034491769009667,1.0,0.4,1.0,reacquire:road,0,0,0,0,-1.0
1787224748.5029159,32.911343771370824,0.0,112.0,0.0,0.33668669976482885,1.0,0.4,1.0,reacquire:road,0,0,0,0,-1.0
1787224748.5353832,33.90289266273735,0.0,112.0,0.0,0.33916906192840346,1.0,0.4,1.0,reacquire:road,0,0,0,0,-1.0
1787224748.5661793,33.17730794547062,0.0,112.0,0.0,0.33943036320877973,1.0,0.0,1.0,stop:lane_lost,0,0,0,0,-1.0
1787224748.5943522,33.05993174570988,0.0,112.0,0.0,0.34034491769009667,1.0,0.4,1.0,reacquire:road,0,0,0,0,-1.0
1787224748.6288161,33.65641739837156,0.0,112.0,0.0,0.33916906192840346,1.0,0.4,1.0,reacquire:road,0,0,0,0,-1.0
1787224748.6570442,32.72914836976856,0.0,112.0,0.0,0.3390384112882153,1.0,0.4,1.0,reacquire:road,0,0,0,0,-1.0
1787224748.683786,33.26298050178676,0.0,112.0,0.0,0.3381238568068983,1.0,0.4,1.0,reacquire:road,0,0,0,0,-1.0
1787224748.7157059,34.11067822544112,0.0,112.0,0.0,0.251894434282728,1.0,0.4,1.0,reacquire:road,0,0,0,0,-1.0
1787224748.7440505,33.5070066116549,0.0,112.0,0.0,0.24928142147896526,1.0,0.4,1.0,reacquire:road,0,0,0,0,-1.0
1787224748.7704241,33.90051981421634,0.0,112.0,0.0,0.2353018029788346,1.0,0.4,1.0,reacquire:road,0,0,0,0,-1.0
1787224748.8027697,34.728296840073924,0.0,112.0,0.0,0.29540109746537757,1.0,0.4,1.0,reacquire:road,0,0,0,0,-1.0
1787224748.8333786,33.94525369246169,0.0,112.0,0.0,0.34478703945649336,1.0,0.4,1.0,reacquire:road,0,0,0,0,-1.0
1787224748.8616974,33.70801976621057,0.0,112.0,0.0,0.34517899137705776,1.0,0.4,1.0,reacquire:road,0,0,0,0,-1.0
1787224748.8939443,34.034987068464616,0.0,112.0,0.0,0.35118892082571207,1.0,0.4,1.0,reacquire:road,0,0,0,0,-1.0
1787224748.9234004,33.414334869047366,0.0,112.0,0.0,0.3467467990593154,1.0,0.4,1.0,reacquire:road,0,0,0,0,-1.0
1787224748.9554214,33.52898194917971,0.0,0.0,0.0,0.3443950875359289,1.0,0.4,1.0,reacquire:road,0,0,0,0,-1.0
1787224748.9898388,33.06061966358175,0.0,112.0,0.0,0.3407368696106611,1.0,0.4,1.0,reacquire:road,0,0,0,0,-1.0
1787224749.0211797,32.18592541687052,0.0,112.0,0.0,0.3276718055918474,1.0,0.4,1.0,reacquire:road,0,0,0,0,-1.0
1787224749.0528548,32.24445304942655,0.0,112.0,0.0,0.3146067415730337,1.0,0.4,1.0,reacquire:road,0,0,0,0,-1.0
1787224749.0853403,32.10390554502061,0.0,112.0,0.0,0.2678338123856807,1.0,0.4,1.0,reacquire:road,0,0,0,0,-1.0
1787224749.116845,31.550916451315796,0.0,112.0,0.0,0.2147896524692971,1.0,0.4,1.0,reacquire:road,0,0,0,0,-1.0
1787224749.14389,31.9315295156922,0.0,112.0,0.0,0.2513718317219754,1.0,0.4,1.0,reacquire:road,0,0,0,0,-1.0
1787224749.176024,32.93694305362279,0.0,112.0,0.0,0.3369480010452051,1.0,0.4,1.0,reacquire:road,0,0,0,0,-1.0
1787224749.20524,32.384553271959916,0.0,112.0,0.0,0.3867258949568853,1.0,0.4,1.0,reacquire:road,0,0,0,0,-1.0
1787224749.2331522,32.944386665436625,0.0,112.0,0.0,0.40462503266266003,1.0,0.4,1.0,reacquire:road,0,0,0,0,-1.0
1787224749.268774,33.57042727185713,0.0,112.0,0.0,0.4077606480271753,1.0,0.4,1.0,reacquire:road,0,0,0,0,-1.0
1787224749.2996094,32.3124118467945,0.0,112.0,0.0,0.4137705774758296,1.0,0.4,1.0,reacquire:road,0,0,0,0,-1.0
1787224749.327027,32.557989570528264,0.0,112.0,0.0,0.4153383851580873,1.0,0.4,1.0,reacquire:road,0,0,0,0,-1.0
1787224749.3599722,33.339237371123296,0.0,112.0,0.0,0.41664489155996864,1.0,0.4,1.0,reacquire:road,0,0,0,0,-1.0
1787224749.3880093,32.64629910217615,0.0,112.0,0.0,0.41494643323752284,1.0,0.4,1.0,reacquire:road,0,0,0,0,-1.0
1787224749.4157274,33.35025033884977,0.0,112.0,0.0,0.4196498562842958,1.0,0.4,1.0,reacquire:road,0,0,0,0,-1.0
1787224749.4474504,33.94694793534479,0.0,112.0,0.0,0.41625293963940424,1.0,0.4,1.0,reacquire:road,0,0,0,0,-1.0
1787224749.4761026,33.40691935111384,0.0,112.0,0.0,0.4161222889992161,1.0,0.4,1.0,reacquire:road,0,0,0,0,-1.0
1787224749.502766,33.75440914499354,0.0,112.0,0.0,0.41978050692448393,1.0,0.4,1.0,reacquire:road,0,0,0,0,-1.0
1787224749.5349581,34.524710163405835,0.0,112.0,0.0,0.42017245884504834,1.0,0.4,1.0,reacquire:road,0,0,0,0,-1.0
1787224749.56518,33.80675042918132,0.0,112.0,0.0,0.41795139796185,1.0,0.4,1.0,reacquire:road,0,0,0,0,-1.0
1787224749.592137,33.693152824645466,0.0,112.0,0.0,0.418865952443167,1.0,0.4,1.0,reacquire:road,0,0,0,0,-1.0
1787224749.6238012,34.363399094362094,0.0,112.0,0.0,0.41742879540109745,1.0,0.4,1.0,reacquire:road,0,0,0,0,-1.0
1787224749.6520388,33.77493526047865,0.0,112.0,0.0,0.41742879540109745,1.0,0.4,1.0,reacquire:road,0,0,0,0,-1.0
1787224749.680294,34.153652808240004,0.0,112.0,0.0,0.418865952443167,1.0,0.4,1.0,reacquire:road,0,0,0,0,-1.0
1787224749.7135112,34.39177881203182,0.0,112.0,0.0,0.41821269924222626,1.0,0.4,1.0,reacquire:road,0,0,0,0,-1.0
1787224749.7407515,33.452264856700054,0.0,112.0,0.0,0.4176900966814737,1.0,0.4,1.0,reacquire:road,0,0,0,0,-1.0
1787224749.7669652,34.20931388518772,0.0,112.0,0.0,0.41951920564410766,1.0,0.4,1.0,reacquire:road,0,0,0,0,-1.0
1787224749.7991915,34.882716773368486,0.0,112.0,0.0,0.41873530180297885,1.0,0.4,1.0,reacquire:road,0,0,0,0,-1.0
1787224749.8268418,34.18349605395806,0.0,112.0,0.0,0.41873530180297885,1.0,0.4,1.0,reacquire:road,0,0,0,0,-1.0
1787224749.8529313,34.61008079028888,0.0,112.0,0.0,0.41782074732166186,1.0,0.4,1.0,reacquire:road,0,0,0,0,-1.0
1787224749.885132,35.36295769697841,0.0,112.0,0.0,0.4165142409197805,1.0,0.4,1.0,reacquire:road,0,0,0,0,-1.0
1787224749.917509,34.4722684469932,0.0,112.0,0.0,0.4163835902795924,1.0,0.4,1.0,reacquire:road,0,0,0,0,-1.0
1787224749.9441388,33.77953571655982,0.0,112.0,0.0,0.41599163835902797,1.0,0.4,1.0,reacquire:road,0,0,0,0,-1.0
1787224749.975193,34.5395118894593,0.0,112.0,0.0,0.41742879540109745,1.0,0.4,1.0,reacquire:road,0,0,0,0,-1.0
1787224750.0030732,34.046027069627144,0.0,112.0,0.0,0.4184740005226026,1.0,0.4,1.0,reacquire:road,0,0,0,0,-1.0
1787224750.0301015,34.43144876572989,0.0,112.0,0.0,0.4196498562842958,1.0,0.4,1.0,reacquire:road,0,0,0,0,-1.0
1787224750.0620818,34.959527963220644,0.0,112.0,0.0,0.4193885550039195,1.0,0.4,1.0,reacquire:road,0,0,0,0,-1.0
1787224750.089481,34.18053072523678,0.0,112.0,0.0,0.42095636268617714,1.0,0.4,1.0,reacquire:road,0,0,0,0,-1.0
1787224750.1159837,34.66946167418175,0.0,112.0,0.0,0.41978050692448393,1.0,0.4,1.0,reacquire:road,0,0,0,0,-1.0
1787224750.1493132,35.31524566518951,0.0,112.0,0.0,0.41782074732166186,1.0,0.4,1.0,reacquire:road,0,0,0,0,-1.0
1787224750.177342,34.23249247366807,0.0,112.0,0.0,0.4189966030833551,1.0,0.4,1.0,reacquire:road,0,0,0,0,-1.0
1787224750.2033672,34.54160548819965,0.0,112.0,0.0,0.4200418082048602,1.0,0.4,1.0,reacquire:road,0,0,0,0,-1.0
1787224750.2343664,35.327368528524204,0.0,112.0,0.0,0.4192579043637314,1.0,0.4,1.0,reacquire:road,0,0,0,0,-1.0
1787224750.2619865,34.586529264475935,0.0,112.0,0.0,0.4189966030833551,1.0,0.4,1.0,reacquire:road,0,0,0,0,-1.0
1787224750.2882524,35.07424146649657,0.0,112.0,0.0,0.42030310948523647,1.0,0.4,1.0,reacquire:road,0,0,0,0,-1.0
1787224750.3197234,35.66221073177233,0.0,112.0,0.0,0.41821269924222626,1.0,0.4,1.0,reacquire:road,0,0,0,0,-1.0
1787224750.355531,34.79037738266943,0.0,112.0,0.0,0.4184740005226026,1.0,0.4,1.0,reacquire:road,0,0,0,0,-1.0
1787224750.3840406,33.3941660060484,0.0,112.0,0.0,0.41912725372354326,1.0,0.4,1.0,reacquire:road,0,0,0,0,-1.0
1787224750.4165907,33.89316135378266,0.0,112.0,0.0,0.4204337601254246,1.0,0.4,1.0,reacquire:road,0,0,0,0,-1.0
1787224750.4451814,33.23773696550182,0.0,112.0,0.0,0.4210870133263653,1.0,0.4,1.0,reacquire:road,0,0,0,0,-1.0
1787224750.4710083,33.619628475917125,0.0,112.0,0.0,0.4216096158871179,1.0,0.4,1.0,reacquire:road,0,0,0,0,-1.0
1787224750.5029328,34.57968694495722,0.0,112.0,0.0,0.42056441076561274,1.0,0.4,1.0,reacquire:road,0,0,0,0,-1.0
1787224750.5330808,33.90437496648708,0.0,112.0,0.0,0.41873530180297885,1.0,0.4,1.0,reacquire:road,0,0,0,0,-1.0
1787224750.5614707,33.82900537417291,0.0,112.0,0.0,0.4186046511627907,1.0,0.4,1.0,reacquire:road,0,0,0,0,-1.0
1787224750.5930212,34.10477325103402,0.0,112.0,0.0,0.41586098771883984,1.0,0.4,1.0,reacquire:road,0,0,0,0,-1.0
1787224750.629824,33.555655175825294,0.0,112.0,0.0,0.41782074732166186,1.0,0.4,1.0,reacquire:road,0,0,0,0,-1.0
1787224750.657081,32.324271050884306,0.0,112.0,0.0,0.4189966030833551,1.0,0.4,1.0,reacquire:road,0,0,0,0,-1.0
1787224750.6885514,33.086786455796364,0.0,112.0,0.0,0.4180820486020381,1.0,0.4,1.0,reacquire:road,0,0,0,0,-1.0
1787224750.7177753,32.83461576947283,0.0,112.0,0.0,0.4169061928403449,1.0,0.4,1.0,reacquire:road,0,0,0,0,-1.0
1787224750.7474458,33.19760877952017,0.0,112.0,0.0,0.4169061928403449,1.0,0.4,1.0,reacquire:road,0,0,0,0,-1.0
1787224750.7797291,33.31215014134867,0.0,112.0,0.0,0.4184740005226026,1.0,0.4,1.0,reacquire:road,0,0,0,0,-1.0
1787224750.8077924,32.75372360383828,0.0,112.0,0.0,0.4176900966814737,1.0,0.4,1.0,reacquire:road,0,0,0,0,-1.0
1787224750.8337836,33.44403194652264,0.0,112.0,0.0,0.41873530180297885,1.0,0.4,1.0,reacquire:road,0,0,0,0,-1.0
1787224750.865201,34.460456700279465,0.0,112.0,0.0,0.418865952443167,1.0,0.4,1.0,reacquire:road,0,0,0,0,-1.0
1787224750.8941875,33.92572204252765,0.0,112.0,0.0,0.41951920564410766,1.0,0.4,1.0,reacquire:road,0,0,0,0,-1.0
1787224750.9201133,34.04912378540634,0.0,112.0,0.0,0.4189966030833551,1.0,0.4,1.0,reacquire:road,0,0,0,0,-1.0
1787224750.95194,34.95076645463536,0.0,112.0,0.0,0.4184740005226026,1.0,0.4,1.0,reacquire:road,0,0,0,0,-1.0
1787224750.9856539,34.07403324565425,0.0,112.0,0.0,0.42017245884504834,1.0,0.4,1.0,reacquire:road,0,0,0,0,-1.0
1787224751.0155122,33.35432593247543,0.0,112.0,0.0,0.420825712045989,1.0,0.4,1.0,reacquire:road,0,0,0,0,-1.0
1787224751.0477848,33.383116068817685,0.0,112.0,0.0,0.42056441076561274,1.0,0.4,1.0,reacquire:road,0,0,0,0,-1.0
1787224751.076527,32.80504726286314,0.0,112.0,0.0,0.42187091716749414,1.0,0.4,1.0,reacquire:road,0,0,0,0,-1.0
1787224751.1038325,33.33731094726711,0.0,112.0,0.0,0.42147896524692974,1.0,0.4,1.0,reacquire:road,0,0,0,0,-1.0
1787224751.1361089,33.9292446120171,0.0,112.0,0.0,0.4210870133263653,1.0,0.4,1.0,reacquire:road,0,0,0,0,-1.0
1787224751.1664665,33.0540435976983,0.0,112.0,0.0,0.42134831460674155,1.0,0.4,1.0,reacquire:road,0,0,0,0,-1.0
1787224751.1979163,33.439959921064954,0.0,112.0,0.0,0.4200418082048602,1.0,0.4,1.0,reacquire:road,0,0,0,0,-1.0
1787224751.2302182,33.11312579099291,0.0,112.0,0.0,0.42134831460674155,1.0,0.4,1.0,reacquire:road,0,0,0,0,-1.0
1787224751.2578018,32.65421213879651,0.0,112.0,0.0,0.4210870133263653,1.0,0.4,1.0,reacquire:road,0,0,0,0,-1.0
1787224751.2837417,33.39211001362506,0.0,112.0,0.0,0.4193885550039195,1.0,0.4,1.0,reacquire:road,0,0,0,0,-1.0
1787224751.3154922,34.44797144424292,0.0,112.0,0.0,0.42187091716749414,1.0,0.4,1.0,reacquire:road,0,0,0,0,-1.0
1787224751.3437781,33.834846399166636,0.0,112.0,0.0,0.42147896524692974,1.0,0.4,1.0,reacquire:road,0,0,0,0,-1.0
1787224751.3697712,34.163312930578016,0.0,112.0,0.0,0.4223935197282467,1.0,0.4,1.0,reacquire:road,0,0,0,0,-1.0
1787224751.4022496,35.017571279108914,0.0,112.0,0.0,0.4229161222889992,1.0,0.4,1.0,reacquire:road,0,0,0,0,-1.0
1787224751.4336925,34.11894274500766,0.0,112.0,0.0,0.42474523125163316,1.0,0.4,1.0,reacquire:road,0,0,0,0,-1.0
1787224751.4603603,33.71880886753431,0.0,112.0,0.0,0.4233080742095636,1.0,0.4,1.0,reacquire:road,0,0,0,0,-1.0
1787224751.4922318,34.47734523550071,0.0,112.0,0.0,0.4256597857329501,1.0,0.4,1.0,reacquire:road,0,0,0,0,-1.0
1787224751.5200474,33.81715022479321,0.0,112.0,0.0,0.4248758818918213,1.0,0.4,1.0,reacquire:road,0,0,0,0,-1.0
1787224751.548132,34.27612723549609,0.0,112.0,0.0,0.4270969427750196,1.0,0.4,1.0,reacquire:road,0,0,0,0,-1.0
1787224751.581193,34.41211111171235,0.0,112.0,0.0,0.4252678338123857,1.0,0.4,1.0,reacquire:road,0,0,0,0,-1.0
1787224751.610716,33.667145767211665,0.0,112.0,0.0,0.42513718317219756,1.0,0.4,1.0,reacquire:road,0,0,0,0,-1.0
1787224751.6404333,33.73628568561095,0.0,112.0,0.0,0.42657434021426704,1.0,0.4,1.0,reacquire:road,0,0,0,0,-1.0
1787224751.6720164,33.69713363993803,0.0,112.0,0.0,0.43140841390122814,1.0,0.4,1.0,reacquire:road,0,0,0,0,-1.0
1787224751.7001004,33.19007631794479,0.0,112.0,0.0,0.4280114972563366,1.0,0.4,1.0,reacquire:road,0,0,0,0,-1.0
1787224751.728804,33.83335775136111,0.0,112.0,0.0,0.4235693754899399,1.0,0.4,1.0,reacquire:road,0,0,0,0,-1.0
1787224751.762332,34.03173437049315,0.0,112.0,0.0,0.42618238829370264,1.0,0.4,1.0,reacquire:road,0,0,0,0,-1.0
1787224751.793317,33.113675312140245,0.0,112.0,0.0,0.4263130389338908,1.0,0.4,1.0,reacquire:road,0,0,0,0,-1.0
1787224751.822477,32.81485515523736,0.0,112.0,0.0,0.4280114972563366,1.0,0.4,1.0,reacquire:road,0,0,0,0,-1.0
1787224751.8576312,33.29961676111899,0.0,112.0,0.0,0.4289260517376535,1.0,0.4,1.0,reacquire:road,0,0,0,0,-1.0
1787224751.8860538,32.08082513817388,0.0,112.0,0.0,0.4256597857329501,1.0,0.4,1.0,reacquire:road,0,0,0,0,-1.0
1787224751.9131908,33.19235818150801,0.0,112.0,0.0,0.4252678338123857,1.0,0.4,1.0,reacquire:road,0,0,0,0,-1.0
1787224751.9446976,33.93876624034047,0.0,112.0,0.0,0.42500653253200943,1.0,0.4,1.0,reacquire:road,0,0,0,0,-1.0
1787224751.9722514,33.4487496392473,0.0,112.0,0.0,0.42500653253200943,1.0,0.4,1.0,reacquire:road,0,0,0,0,-1.0
1787224751.998459,34.07879941826756,0.0,112.0,0.0,0.42513718317219756,1.0,0.4,1.0,reacquire:road,0,0,0,0,-1.0
1787224752.0305567,34.89857146718455,0.0,112.0,0.0,0.4256597857329501,1.0,0.4,1.0,reacquire:road,0,0,0,0,-1.0
1787224752.0632708,34.09672897598847,0.0,112.0,0.0,0.4264436895740789,1.0,0.4,1.0,reacquire:road,0,0,0,0,-1.0
1787224752.0912824,33.221959753358874,0.0,112.0,0.0,0.4263130389338908,1.0,0.4,1.0,reacquire:road,0,0,0,0,-1.0
1787224752.122614,34.00787431396793,0.0,112.0,0.0,0.42226286908805855,1.0,0.4,1.0,reacquire:road,0,0,0,0,-1.0
1787224752.1495862,33.58776400239263,0.0,112.0,0.0,0.423700026130128,1.0,0.4,1.0,reacquire:road,0,0,0,0,-1.0
1787224752.1769884,34.182524680794124,0.0,112.0,0.0,0.42134831460674155,1.0,0.4,1.0,reacquire:road,0,0,0,0,-1.0
1787224752.2089272,34.78154915042431,0.0,112.0,0.0,0.4189966030833551,1.0,0.4,1.0,reacquire:road,0,0,0,0,-1.0
1787224752.2370868,34.027999678957116,0.0,112.0,0.0,0.4176900966814737,1.0,0.4,1.0,reacquire:road,0,0,0,0,-1.0
1787224752.2647872,34.38145117172912,0.0,112.0,0.0,0.4212176639665534,1.0,0.4,1.0,reacquire:road,0,0,0,0,-1.0
1787224752.2981007,34.602313683890785,0.0,112.0,0.0,0.4210870133263653,1.0,0.4,1.0,reacquire:road,0,0,0,0,-1.0
1787224752.3269503,33.74871359771313,0.0,112.0,0.0,0.42147896524692974,1.0,0.4,1.0,reacquire:road,0,0,0,0,-1.0
1787224752.3530905,33.97365809919585,0.0,112.0,0.0,0.421740266527306,1.0,0.4,1.0,reacquire:road,0,0,0,0,-1.0
1787224752.3847597,34.808070725871346,0.0,112.0,0.0,0.42187091716749414,1.0,0.4,1.0,reacquire:road,0,0,0,0,-1.0
1787224752.4123304,34.1402285849084,0.0,112.0,0.0,0.4223935197282467,1.0,0.4,1.0,reacquire:road,0,0,0,0,-1.0
1787224752.4385622,34.62526238377252,0.0,112.0,0.0,0.4221322184478704,1.0,0.4,1.0,reacquire:road,0,0,0,0,-1.0
1787224752.4717553,35.31922704998807,0.0,112.0,0.0,0.420825712045989,1.0,0.4,1.0,reacquire:road,0,0,0,0,-1.0
1787224752.5020978,34.26200977394138,0.0,112.0,0.0,0.4216096158871179,1.0,0.4,1.0,reacquire:road,0,0,0,0,-1.0
1787224752.5296118,33.98948827522956,0.0,112.0,0.0,0.41951920564410766,1.0,0.4,1.0,reacquire:road,0,0,0,0,-1.0
1787224752.5618439,34.50712226564936,0.0,112.0,0.0,0.41978050692448393,1.0,0.4,1.0,reacquire:road,0,0,0,0,-1.0
1787224752.59082,33.79128210420682,0.0,112.0,0.0,0.4212176639665534,1.0,0.4,1.0,reacquire:road,0,0,0,0,-1.0
1787224752.617328,33.9494219794536,0.0,112.0,0.0,0.4189966030833551,1.0,0.4,1.0,reacquire:road,0,0,0,0,-1.0
1787224752.649838,34.71686501330534,0.0,112.0,0.0,0.4175594460412856,1.0,0.4,1.0,reacquire:road,0,0,0,0,-1.0
1787224752.6792283,33.8312142283451,0.0,112.0,0.0,0.42017245884504834,1.0,0.4,1.0,reacquire:road,0,0,0,0,-1.0
1787224752.7084825,33.855641802822184,0.0,112.0,0.0,0.4206950614058009,1.0,0.4,1.0,reacquire:road,0,0,0,0,-1.0
1787224752.7409003,34.04944712546673,0.0,112.0,0.0,0.41782074732166186,1.0,0.4,1.0,reacquire:road,0,0,0,0,-1.0
1787224752.7693105,33.18737529590932,0.0,112.0,0.0,0.41795139796185,1.0,0.4,1.0,reacquire:road,0,0,0,0,-1.0
1787224752.7962446,33.8731191063265,0.0,112.0,0.0,0.4193885550039195,1.0,0.4,1.0,reacquire:road,0,0,0,0,-1.0
1787224752.8280373,34.56016255505726,0.0,112.0,0.0,0.4172981447609093,1.0,0.4,1.0,reacquire:road,0,0,0,0,-1.0
1787224752.8562658,33.92896166509244,0.0,112.0,0.0,0.42017245884504834,1.0,0.4,1.0,reacquire:road,0,0,0,0,-1.0
1787224752.8825564,34.21746668014947,0.0,112.0,0.0,0.42187091716749414,1.0,0.4,1.0,reacquire:road,0,0,0,0,-1.0
1787224752.9179988,35.00812291054578,0.0,112.0,0.0,0.41821269924222626,1.0,0.4,1.0,reacquire:road,0,0,0,0,-1.0
1787224752.9483736,33.620516869573656,0.0,112.0,0.0,0.420825712045989,1.0,0.4,1.0,reacquire:road,0,0,0,0,-1.0
1787224752.974783,33.521213633715284,0.0,112.0,0.0,0.4229161222889992,1.0,0.4,1.0,reacquire:road,0,0,0,0,-1.0
1787224753.0060258,34.38903738715427,0.0,112.0,0.0,0.41782074732166186,1.0,0.4,1.0,reacquire:road,0,0,0,0,-1.0
1787224753.0342917,33.89588813784259,0.0,112.0,0.0,0.4192579043637314,1.0,0.4,1.0,reacquire:road,0,0,0,0,-1.0
1787224753.0613089,34.20584367021418,0.0,112.0,0.0,0.41795139796185,1.0,0.4,1.0,reacquire:road,0,0,0,0,-1.0
1787224753.0929606,34.77519174154591,0.0,112.0,0.0,0.42134831460674155,1.0,0.4,1.0,reacquire:road,0,0,0,0,-1.0
1787224753.1227784,34.10841056030876,0.0,112.0,0.0,0.4196498562842958,1.0,0.4,1.0,reacquire:road,0,0,0,0,-1.0
1787224753.1496317,34.008005942650826,0.0,112.0,0.0,0.4221322184478704,1.0,0.4,1.0,reacquire:road,0,0,0,0,-1.0
1787224753.1836545,34.657342193808105,0.0,112.0,0.0,0.4221322184478704,1.0,0.4,1.0,reacquire:road,0,0,0,0,-1.0
1787224753.2140508,33.557960625613134,0.0,112.0,0.0,0.42226286908805855,1.0,0.4,1.0,reacquire:road,0,0,0,0,-1.0
1787224753.2418783,33.49221925495421,0.0,112.0,0.0,0.4212176639665534,1.0,0.4,1.0,reacquire:road,0,0,0,0,-1.0
1787224753.2739582,33.75546259391952,0.0,112.0,0.0,0.4227854716488111,1.0,0.4,1.0,reacquire:road,0,0,0,0,-1.0
1787224753.301692,33.30977845720496,0.0,112.0,0.0,0.4193885550039195,1.0,0.4,1.0,reacquire:road,0,0,0,0,-1.0
1787224753.3310235,34.005729176494256,0.0,112.0,0.0,0.4196498562842958,1.0,0.4,1.0,reacquire:road,0,0,0,0,-1.0
1787224753.3641574,33.88833009991966,0.0,112.0,0.0,0.4223935197282467,1.0,0.4,1.0,reacquire:road,0,0,0,0,-1.0
1787224753.3940973,33.17797635918731,0.0,112.0,0.0,0.4252678338123857,1.0,0.4,1.0,reacquire:road,0,0,0,0,-1.0
1787224753.4211464,33.28245229688252,0.0,112.0,0.0,0.4221322184478704,1.0,0.4,1.0,reacquire:road,0,0,0,0,-1.0
1787224753.455727,34.02122211903944,0.0,112.0,0.0,0.42500653253200943,1.0,0.4,1.0,reacquire:road,0,0,0,0,-1.0
1787224753.4842966,32.98537127088696,0.0,112.0,0.0,0.42383067677031616,1.0,0.4,1.0,reacquire:road,0,0,0,0,-1.0
1787224753.512216,33.458412268775,0.0,112.0,0.0,0.42500653253200943,1.0,0.4,1.0,reacquire:road,0,0,0,0,-1.0
1787224753.5475352,33.93052160427938,0.0,112.0,0.0,0.4225241703684348,1.0,0.4,1.0,reacquire:road,0,0,0,0,-1.0
1787224753.5780938,32.799160170749886,0.0,112.0,0.0,0.4204337601254246,1.0,0.4,1.0,reacquire:road,0,0,0,0,-1.0
1787224753.6043394,32.79498824764786,0.0,112.0,0.0,0.41991115756467207,1.0,0.4,1.0,reacquire:road,0,0,0,0,-1.0
1787224753.6356215,33.84864764532333,0.0,112.0,0.0,0.4206950614058009,1.0,0.4,1.0,reacquire:road,0,0,0,0,-1.0
1787224753.6639569,33.1844332005593,0.0,112.0,0.0,0.4223935197282467,1.0,0.4,1.0,reacquire:road,0,0,0,0,-1.0
1787224753.691124,33.989703881107886,0.0,112.0,0.0,0.41978050692448393,1.0,0.4,1.0,reacquire:road,0,0,0,0,-1.0
1787224753.7231863,34.54948626040234,0.0,112.0,0.0,0.41978050692448393,1.0,0.4,1.0,reacquire:road,0,0,0,0,-1.0
1787224753.7527409,33.66415991955588,0.0,112.0,0.0,0.420825712045989,1.0,0.4,1.0,reacquire:road,0,0,0,0,-1.0
1787224753.7795293,33.95685427226151,0.0,112.0,0.0,0.4221322184478704,1.0,0.4,1.0,reacquire:road,0,0,0,0,-1.0
1787224753.8111103,34.66098433708122,0.0,112.0,0.0,0.42474523125163316,1.0,0.4,1.0,reacquire:road,0,0,0,0,-1.0
1787224753.8390102,34.02300216426465,0.0,112.0,0.0,0.4233080742095636,1.0,0.4,1.0,reacquire:road,0,0,0,0,-1.0
1787224753.865173,34.40462335872695,0.0,112.0,0.0,0.4225241703684348,1.0,0.4,1.0,reacquire:road,0,0,0,0,-1.0
1787224753.8967667,35.2030999639868,0.0,112.0,0.0,0.4206950614058009,1.0,0.4,1.0,reacquire:road,0,0,0,0,-1.0
1787224753.9264016,34.373627303639466,0.0,112.0,0.0,0.42187091716749414,1.0,0.4,1.0,reacquire:road,0,0,0,0,-1.0
1787224753.9531138,34.2791634301516,0.0,112.0,0.0,0.42304677292918735,1.0,0.4,1.0,reacquire:road,0,0,0,0,-1.0
1787224753.987131,34.600834466465464,0.0,112.0,0.0,0.42187091716749414,1.0,0.4,1.0,reacquire:road,0,0,0,0,-1.0
1787224754.0166008,33.41387023535443,0.0,112.0,0.0,0.4180820486020381,1.0,0.4,1.0,reacquire:road,0,0,0,0,-1.0
1787224754.0446675,34.14551901271406,0.0,112.0,0.0,0.418865952443167,1.0,0.4,1.0,reacquire:road,0,0,0,0,-1.0
1787224754.0759647,34.44118028441041,0.0,112.0,0.0,0.42134831460674155,1.0,0.4,1.0,reacquire:road,0,0,0,0,-1.0
1787224754.1041198,33.85464713985615,0.0,112.0,0.0,0.42095636268617714,1.0,0.4,1.0,reacquire:road,0,0,0,0,-1.0
1787224754.1303902,34.29088492256346,0.0,112.0,0.0,0.42095636268617714,1.0,0.4,1.0,reacquire:road,0,0,0,0,-1.0
1787224754.162109,35.05689701976256,0.0,112.0,0.0,0.4229161222889992,1.0,0.4,1.0,reacquire:road,0,0,0,0,-1.0
1787224754.192279,34.31451443933815,0.0,112.0,0.0,0.4231774235693755,1.0,0.4,1.0,reacquire:road,0,0,0,0,-1.0
1787224754.2185688,34.112251449144715,0.0,112.0,0.0,0.42409197805069243,1.0,0.4,1.0,reacquire:road,0,0,0,0,-1.0
1787224754.2504644,34.888071200379095,0.0,112.0,0.0,0.42618238829370264,1.0,0.4,1.0,reacquire:road,0,0,0,0,-1.0
1787224754.2805912,34.176814503382026,0.0,112.0,0.0,0.42539848445257383,1.0,0.4,1.0,reacquire:road,0,0,0,0,-1.0
1787224754.3070495,33.99974701648797,0.0,112.0,0.0,0.4287954010974654,1.0,0.4,1.0,reacquire:road,0,0,0,0,-1.0
1787224754.3387103,34.744545987349625,0.0,112.0,0.0,0.4306245100600993,1.0,0.4,1.0,reacquire:road,0,0,0,0,-1.0
1787224754.3667753,34.09946041191509,0.0,112.0,0.0,0.4316697151816044,1.0,0.4,1.0,reacquire:road,0,0,0,0,-1.0
1787224754.3949661,34.43430949747053,0.0,112.0,0.0,0.43180036582179254,1.0,0.4,1.0,reacquire:road,0,0,0,0,-1.0
1787224754.4274275,34.615167307768665,0.0,112.0,0.0,0.43088581134047554,1.0,0.4,1.0,reacquire:road,0,0,0,0,-1.0
1787224754.455499,33.835774750888184,0.0,112.0,0.0,0.43140841390122814,1.0,0.4,1.0,reacquire:road,0,0,0,0,-1.0
1787224754.48156,34.23401466951008,0.0,112.0,0.0,0.4319310164619807,1.0,0.4,1.0,reacquire:road,0,0,0,0,-1.0
1787224754.5132966,35.07711633271953,0.0,112.0,0.0,0.43127776326104,1.0,0.4,1.0,reacquire:road,0,0,0,0,-1.0
1787224754.5430906,34.17295967507488,0.0,112.0,0.0,0.43088581134047554,1.0,0.4,1.0,reacquire:road,0,0,0,0,-1.0
1787224754.570365,34.253803133616515,0.0,112.0,0.0,0.43114711262085187,1.0,0.4,1.0,reacquire:road,0,0,0,0,-1.0
1787224754.6041086,34.50992663284816,0.0,112.0,0.0,0.42657434021426704,1.0,0.4,1.0,reacquire:road,0,0,0,0,-1.0
1787224754.6356113,33.69355147937753,0.0,112.0,0.0,0.427488894695584,1.0,0.4,1.0,reacquire:road,0,0,0,0,-1.0
1787224754.662179,33.300365114376376,0.0,112.0,0.0,0.42552913509276197,1.0,0.4,1.0,reacquire:road,0,0,0,0,-1.0
1787224754.694079,34.1991350382358,0.0,112.0,0.0,0.42696629213483145,1.0,0.4,1.0,reacquire:road,0,0,0,0,-1.0
1787224754.7222137,33.40008478386736,0.0,112.0,0.0,0.4225241703684348,1.0,0.4,1.0,reacquire:road,0,0,0,0,-1.0
1787224754.748124,34.14634871480704,0.0,112.0,0.0,0.42461458061144497,1.0,0.4,1.0,reacquire:road,0,0,0,0,-1.0
1787224754.7798862,35.04065616052678,0.0,112.0,0.0,0.4256597857329501,1.0,0.4,1.0,reacquire:road,0,0,0,0,-1.0
1787224754.8084598,34.235403789954454,0.0,112.0,0.0,0.42461458061144497,1.0,0.4,1.0,reacquire:road,0,0,0,0,-1.0
1787224754.8352282,34.50277875937168,0.0,112.0,0.0,0.42500653253200943,1.0,0.4,1.0,reacquire:road,0,0,0,0,-1.0
1787224754.87114,35.05161269203938,0.0,112.0,0.0,0.42343872484975176,1.0,0.4,1.0,reacquire:road,0,0,0,0,-1.0
1787224754.8995984,33.55923295860747,0.0,112.0,0.0,0.42265482100862295,1.0,0.4,1.0,reacquire:road,0,0,0,0,-1.0
1787224754.9277112,33.983379448974375,0.0,112.0,0.0,0.4216096158871179,1.0,0.4,1.0,reacquire:road,0,0,0,0,-1.0
1787224754.9604542,34.29965683034922,0.0,112.0,0.0,0.4225241703684348,1.0,0.4,1.0,reacquire:road,0,0,0,0,-1.0
1787224754.988605,33.53957555741155,0.0,112.0,0.0,0.4221322184478704,1.0,0.4,1.0,reacquire:road,0,0,0,0,-1.0
1787224755.0145795,33.93556005702916,0.0,112.0,0.0,0.42147896524692974,1.0,0.4,1.0,reacquire:road,0,0,0,0,-1.0
1787224755.0466385,34.86163027899887,0.0,112.0,0.0,0.4220015678076823,1.0,0.4,1.0,reacquire:road,0,0,0,0,-1.0
1787224755.0763857,34.04316419956084,0.0,112.0,0.0,0.4189966030833551,1.0,0.4,1.0,reacquire:road,0,0,0,0,-1.0
1787224755.102839,34.04862503135904,0.0,112.0,0.0,0.4210870133263653,1.0,0.4,1.0,reacquire:road,0,0,0,0,-1.0
1787224755.1345415,34.66440448694215,0.0,112.0,0.0,0.42095636268617714,1.0,0.4,1.0,reacquire:road,0,0,0,0,-1.0
1787224755.1639152,33.96685516687827,0.0,112.0,0.0,0.4204337601254246,1.0,0.4,1.0,reacquire:road,0,0,0,0,-1.0
1787224755.190691,34.19263870441293,0.0,112.0,0.0,0.4200418082048602,1.0,0.4,1.0,reacquire:road,0,0,0,0,-1.0
1787224755.2223506,34.82903660576575,0.0,112.0,0.0,0.4186046511627907,1.0,0.4,1.0,reacquire:road,0,0,0,0,-1.0
1787224755.2497191,34.12906442064962,0.0,112.0,0.0,0.41912725372354326,1.0,0.4,1.0,reacquire:road,0,0,0,0,-1.0
1787224755.2766795,34.68120315524683,0.0,112.0,0.0,0.4210870133263653,1.0,0.4,1.0,reacquire:road,0,0,0,0,-1.0
1787224755.310668,35.1641972909613,0.0,112.0,0.0,0.420825712045989,1.0,0.4,1.0,reacquire:road,0,0,0,0,-1.0
1787224755.3388417,33.980642702130275,0.0,112.0,0.0,0.4225241703684348,1.0,0.4,1.0,reacquire:road,0,0,0,0,-1.0
1787224755.364991,34.29848097717974,0.0,112.0,0.0,0.4225241703684348,1.0,0.4,1.0,reacquire:road,0,0,0,0,-1.0
1787224755.3971622,35.1290270524441,0.0,112.0,0.0,0.42056441076561274,1.0,0.4,1.0,reacquire:road,0,0,0,0,-1.0
1787224755.4276817,34.20952151458421,0.0,112.0,0.0,0.421740266527306,1.0,0.4,1.0,reacquire:road,0,0,0,0,-1.0
1787224755.4539328,34.04729299223427,0.0,112.0,0.0,0.42147896524692974,1.0,0.4,1.0,reacquire:road,0,0,0,0,-1.0
1787224755.4857497,34.837953229247695,0.0,112.0,0.0,0.4227854716488111,1.0,0.4,1.0,reacquire:road,0,0,0,0,-1.0
1787224755.5157392,34.140699834427174,0.0,112.0,0.0,0.42226286908805855,1.0,0.4,1.0,reacquire:road,0,0,0,0,-1.0
1787224755.543208,34.00839089582796,0.0,112.0,0.0,0.42448392997125683,1.0,0.4,1.0,reacquire:road,0,0,0,0,-1.0
1787224755.5748863,34.482445528470805,0.0,112.0,0.0,0.42448392997125683,1.0,0.4,1.0,reacquire:road,0,0,0,0,-1.0
1787224755.6028948,33.84110480084161,0.0,112.0,0.0,0.42134831460674155,1.0,0.4,1.0,reacquire:road,0,0,0,0,-1.0
1787224755.6292458,34.2647429725819,0.0,112.0,0.0,0.4220015678076823,1.0,0.4,1.0,reacquire:road,0,0,0,0,-1.0
1787224755.6605325,35.042042329064586,0.0,112.0,0.0,0.4216096158871179,1.0,0.4,1.0,reacquire:road,0,0,0,0,-1.0
1787224755.6886199,34.327970779099616,0.0,112.0,0.0,0.421740266527306,1.0,0.4,1.0,reacquire:road,0,0,0,0,-1.0
1787224755.714989,34.57314237238969,0.0,112.0,0.0,0.4196498562842958,1.0,0.4,1.0,reacquire:road,0,0,0,0,-1.0
1787224755.7497857,35.37025488089742,0.0,112.0,0.0,0.42030310948523647,1.0,0.4,1.0,reacquire:road,0,0,0,0,-1.0
1787224755.779905,33.99830488088634,0.0,112.0,0.0,0.42134831460674155,1.0,0.4,1.0,reacquire:road,0,0,0,0,-1.0
1787224755.8066547,33.92300333381808,0.0,112.0,0.0,0.4204337601254246,1.0,0.4,1.0,reacquire:road,0,0,0,0,-1.0
1787224755.838676,34.61249894417562,0.0,112.0,0.0,0.4192579043637314,1.0,0.4,1.0,reacquire:road,0,0,0,0,-1.0
1787224755.8664243,33.896155761995615,0.0,112.0,0.0,0.4186046511627907,1.0,0.4,1.0,reacquire:road,0,0,0,0,-1.0
1787224755.8947093,34.337290576022276,0.0,112.0,0.0,0.41951920564410766,1.0,0.4,1.0,reacquire:road,0,0,0,0,-1.0
1787224755.9255383,34.582112894051434,0.0,112.0,0.0,0.4204337601254246,1.0,0.4,1.0,reacquire:road,0,0,0,0,-1.0
1787224755.9583337,34.0312101783264,0.0,112.0,0.0,0.41873530180297885,1.0,0.4,1.0,reacquire:road,0,0,0,0,-1.0
1787224755.9855685,33.41738313404885,0.0,112.0,0.0,0.41834334988241445,1.0,0.4,1.0,reacquire:road,0,0,0,0,-1.0
1787224756.0173752,34.078118331933155,0.0,112.0,0.0,0.42095636268617714,1.0,0.4,1.0,reacquire:road,0,0,0,0,-1.0
1787224756.0461833,33.46069667870667,0.0,112.0,0.0,0.4196498562842958,1.0,0.4,1.0,reacquire:road,0,0,0,0,-1.0
1787224756.0726914,33.838188258747664,0.0,112.0,0.0,0.42017245884504834,1.0,0.4,1.0,reacquire:road,0,0,0,0,-1.0
1787224756.1041365,34.62334026383896,0.0,112.0,0.0,0.4189966030833551,1.0,0.4,1.0,reacquire:road,0,0,0,0,-1.0
1787224756.1317675,33.94636993446174,0.0,112.0,0.0,0.4210870133263653,1.0,0.4,1.0,reacquire:road,0,0,0,0,-1.0
1787224756.15959,34.54563712554855,0.0,112.0,0.0,0.4196498562842958,1.0,0.4,1.0,reacquire:road,0,0,0,0,-1.0
1787224756.1923351,34.7390016061739,0.0,112.0,0.0,0.4176900966814737,1.0,0.4,1.0,reacquire:road,0,0,0,0,-1.0
1787224756.2224572,33.72246042334279,0.0,112.0,0.0,0.4204337601254246,1.0,0.4,1.0,reacquire:road,0,0,0,0,-1.0
1787224756.2497344,33.91610558273038,0.0,112.0,0.0,0.4223935197282467,1.0,0.4,1.0,reacquire:road,0,0,0,0,-1.0
1787224756.2823894,34.46420901658896,0.0,112.0,0.0,0.42017245884504834,1.0,0.4,1.0,reacquire:road,0,0,0,0,-1.0
1787224756.3129747,33.55350323903361,0.0,112.0,0.0,0.4189966030833551,1.0,0.4,1.0,reacquire:road,0,0,0,0,-1.0
1787224756.3394384,33.558846282717326,0.0,112.0,0.0,0.42095636268617714,1.0,0.4,1.0,reacquire:road,0,0,0,0,-1.0
1787224756.3706298,34.410459018149396,0.0,112.0,0.0,0.4223935197282467,1.0,0.4,1.0,reacquire:road,0,0,0,0,-1.0
1787224756.3996518,33.91882406411586,0.0,112.0,0.0,0.4221322184478704,1.0,0.4,1.0,reacquire:road,0,0,0,0,-1.0
1787224756.4269035,34.02295407920016,0.0,112.0,0.0,0.4223935197282467,1.0,0.4,1.0,reacquire:road,0,0,0,0,-1.0
1787224756.459167,34.57305388278948,0.0,112.0,0.0,0.4233080742095636,1.0,0.4,1.0,reacquire:road,0,0,0,0,-1.0
1787224756.4871786,33.81796834234219,0.0,112.0,0.0,0.42304677292918735,1.0,0.4,1.0,reacquire:road,0,0,0,0,-1.0
1787224756.5132499,34.21696116122173,0.0,112.0,0.0,0.4256597857329501,1.0,0.4,1.0,reacquire:road,0,0,0,0,-1.0
1787224756.5450916,35.08971000040613,0.0,112.0,0.0,0.42592108701332637,1.0,0.4,1.0,reacquire:road,0,0,0,0,-1.0
1787224756.5767765,34.17738746288841,0.0,112.0,0.0,0.42552913509276197,1.0,0.4,1.0,reacquire:road,0,0,0,0,-1.0
1787224756.6050754,33.847333428004916,0.0,112.0,0.0,0.4270969427750196,1.0,0.4,1.0,reacquire:road,0,0,0,0,-1.0
1787224756.6370842,34.130228731810405,0.0,112.0,0.0,0.42735824405539585,1.0,0.4,1.0,reacquire:road,0,0,0,0,-1.0
1787224756.6647215,33.4917376041618,0.0,112.0,0.0,0.4256597857329501,1.0,0.4,1.0,reacquire:road,0,0,0,0,-1.0
1787224756.6936367,34.12281163108287,0.0,112.0,0.0,0.4263130389338908,1.0,0.4,1.0,reacquire:road,0,0,0,0,-1.0
1787224756.7253184,34.21452983847136,0.0,112.0,0.0,0.4281421478965247,1.0,0.4,1.0,reacquire:road,0,0,0,0,-1.0
1787224756.7531958,33.64251318290822,0.0,112.0,0.0,0.4291873530180298,1.0,0.4,1.0,reacquire:road,0,0,0,0,-1.0
1787224756.7792876,34.13754032776054,0.0,112.0,0.0,0.4289260517376535,1.0,0.4,1.0,reacquire:road,0,0,0,0,-1.0
1787224756.812363,34.9623583167995,0.0,112.0,0.0,0.4306245100600993,1.0,0.4,1.0,reacquire:road,0,0,0,0,-1.0
1787224756.8426013,33.92700227167192,0.0,112.0,0.0,0.4291873530180298,1.0,0.4,1.0,reacquire:road,0,0,0,0,-1.0
1787224756.8696966,33.87642171848789,0.0,112.0,0.0,0.43088581134047554,1.0,0.4,1.0,reacquire:road,0,0,0,0,-1.0
1787224756.902566,34.33056954988568,0.0,112.0,0.0,0.43023255813953487,1.0,0.4,1.0,reacquire:road,0,0,0,0,-1.0
1787224756.930831,33.6396318022484,0.0,112.0,0.0,0.43023255813953487,1.0,0.4,1.0,reacquire:road,0,0,0,0,-1.0
1787224756.9584472,34.01526165252547,0.0,112.0,0.0,0.4285340998170891,1.0,0.4,1.0,reacquire:road,0,0,0,0,-1.0
1787224756.991176,34.45452676220862,0.0,112.0,0.0,0.4276195453357721,1.0,0.4,1.0,reacquire:road,0,0,0,0,-1.0
1787224757.021012,33.63620868506254,0.0,112.0,0.0,0.42474523125163316,1.0,0.4,1.0,reacquire:road,0,0,0,0,-1.0
1787224757.0509205,33.65797921323118,0.0,112.0,0.0,0.42474523125163316,1.0,0.4,1.0,reacquire:road,0,0,0,0,-1.0
1787224757.083981,33.5773760861264,0.0,112.0,0.0,0.42147896524692974,1.0,0.4,1.0,reacquire:road,0,0,0,0,-1.0
1787224757.1129363,32.83540009665923,0.0,112.0,0.0,0.420825712045989,1.0,0.4,1.0,reacquire:road,0,0,0,0,-1.0
1787224757.1404808,33.319437896324565,0.0,112.0,0.0,0.42095636268617714,1.0,0.4,1.0,reacquire:road,0,0,0,0,-1.0
1787224757.172869,33.91414471057944,0.0,112.0,0.0,0.42134831460674155,1.0,0.4,1.0,reacquire:road,0,0,0,0,-1.0
1787224757.201468,33.284562880038834,0.0,112.0,0.0,0.4204337601254246,1.0,0.4,1.0,reacquire:road,0,0,0,0,-1.0
1787224757.2280812,33.6156225363441,0.0,112.0,0.0,0.4169061928403449,1.0,0.4,1.0,reacquire:road,0,0,0,0,-1.0
1787224757.2619536,34.44886893383922,0.0,112.0,0.0,0.4129866736347008,1.0,0.4,1.0,reacquire:road,0,0,0,0,-1.0
1787224757.2907555,33.44279493635119,0.0,112.0,0.0,0.41795139796185,1.0,0.4,1.0,reacquire:road,0,0,0,0,-1.0
1787224757.316983,33.72579102833918,0.0,112.0,0.0,0.41586098771883984,1.0,0.4,1.0,reacquire:road,0,0,0,0,-1.0
1787224757.351062,34.59225990272418,0.0,112.0,0.0,0.4069767441860465,1.0,0.4,1.0,reacquire:road,0,0,0,0,-1.0
1787224757.379259,33.412877233379135,0.0,112.0,0.0,0.4073686961066109,1.0,0.4,1.0,reacquire:road,0,0,0,0,-1.0
1787224757.4066956,34.018074201804076,0.0,112.0,0.0,0.4068460935458584,1.0,0.4,1.0,reacquire:road,0,0,0,0,-1.0
1787224757.4388602,34.51733929596595,0.0,112.0,0.0,0.4136399268356415,1.0,0.4,1.0,reacquire:road,0,0,0,0,-1.0
1787224757.4681134,33.78879841131811,0.0,112.0,0.0,0.4165142409197805,1.0,0.4,1.0,reacquire:road,0,0,0,0,-1.0
1787224757.4948683,33.77309461517437,0.0,112.0,0.0,0.4171674941207212,1.0,0.4,1.0,reacquire:road,0,0,0,0,-1.0
1787224757.528149,34.68124605717691,0.0,112.0,0.0,0.4169061928403449,1.0,0.4,1.0,reacquire:road,0,0,0,0,-1.0
1787224757.556833,33.67316019225345,0.0,112.0,0.0,0.4210870133263653,1.0,0.4,1.0,reacquire:road,0,0,0,0,-1.0
1787224757.5830004,34.02436104420936,0.0,112.0,0.0,0.418865952443167,1.0,0.4,1.0,reacquire:road,0,0,0,0,-1.0
1787224757.6149423,34.82662208985914,0.0,112.0,0.0,0.41978050692448393,1.0,0.4,1.0,reacquire:road,0,0,0,0,-1.0
1787224757.645341,34.10031544086857,0.0,112.0,0.0,0.41991115756467207,1.0,0.4,1.0,reacquire:road,0,0,0,0,-1.0
1787224757.6748903,33.89765028594118,0.0,112.0,0.0,0.4204337601254246,1.0,0.4,1.0,reacquire:road,0,0,0,0,-1.0
1787224757.7071579,33.86765407219619,0.0,112.0,0.0,0.4193885550039195,1.0,0.4,1.0,reacquire:road,0,0,0,0,-1.0
1787224757.7351964,33.277163826696416,0.0,112.0,0.0,0.4229161222889992,1.0,0.4,1.0,reacquire:road,0,0,0,0,-1.0
1787224757.761391,33.787738503109836,0.0,112.0,0.0,0.4260517376535145,1.0,0.4,1.0,reacquire:road,0,0,0,0,-1.0
1787224757.7927527,34.69019419817405,0.0,112.0,0.0,0.42696629213483145,1.0,0.4,1.0,reacquire:road,0,0,0,0,-1.0
1787224757.8207073,34.122415315784195,0.0,112.0,0.0,0.42513718317219756,1.0,0.4,1.0,reacquire:road,0,0,0,0,-1.0
1787224757.8467286,34.45671205579352,0.0,112.0,0.0,0.42618238829370264,1.0,0.4,1.0,reacquire:road,0,0,0,0,-1.0
1787224757.8785183,35.25964707197239,0.0,112.0,0.0,0.4263130389338908,1.0,0.4,1.0,reacquire:road,0,0,0,0,-1.0
1787224757.9088066,34.47076122869039,0.0,112.0,0.0,0.4252678338123857,1.0,0.4,1.0,reacquire:road,0,0,0,0,-1.0
1787224757.9352262,34.203108460390126,0.0,112.0,0.0,0.4235693754899399,1.0,0.4,1.0,reacquire:road,0,0,0,0,-1.0
1787224757.9670043,34.920344816921684,0.0,112.0,0.0,0.42017245884504834,1.0,0.4,1.0,reacquire:road,0,0,0,0,-1.0
1787224757.9942548,34.155014448953494,0.0,112.0,0.0,0.4243532793310687,1.0,0.4,1.0,reacquire:road,0,0,0,0,-1.0
1787224758.021004,34.7853113825059,0.0,112.0,0.0,0.42448392997125683,1.0,0.4,1.0,reacquire:road,0,0,0,0,-1.0
1787224758.0528836,35.30918664852078,0.0,112.0,0.0,0.4235693754899399,1.0,0.4,1.0,reacquire:road,0,0,0,0,-1.0
1787224758.0810006,34.3828589828714,0.0,112.0,0.0,0.4221322184478704,1.0,0.4,1.0,reacquire:road,0,0,0,0,-1.0
1787224758.1081386,34.799415327469795,0.0,112.0,0.0,0.4248758818918213,1.0,0.4,1.0,reacquire:road,0,0,0,0,-1.0
1787224758.1418316,35.21555360581647,0.0,112.0,0.0,0.4225241703684348,1.0,0.4,1.0,reacquire:road,0,0,0,0,-1.0
1787224758.1696353,34.07875791964535,0.0,112.0,0.0,0.4223935197282467,1.0,0.4,1.0,reacquire:road,0,0,0,0,-1.0
1787224758.1957958,34.48444224386869,0.0,112.0,0.0,0.42461458061144497,1.0,0.4,1.0,reacquire:road,0,0,0,0,-1.0
1787224758.2276947,35.252280851477806,0.0,112.0,0.0,0.4193885550039195,1.0,0.4,1.0,reacquire:road,0,0,0,0,-1.0
1787224758.259669,34.40067506098498,0.0,112.0,0.0,0.42592108701332637,1.0,0.4,1.0,reacquire:road,0,0,0,0,-1.0
1787224758.2867217,33.84706450235322,0.0,112.0,0.0,0.42448392997125683,1.0,0.4,1.0,reacquire:road,0,0,0,0,-1.0
1787224758.3181381,34.46452787068253,0.0,112.0,0.0,0.4243532793310687,1.0,0.4,1.0,reacquire:road,0,0,0,0,-1.0
1787224758.3472712,33.920017461924914,0.0,112.0,0.0,0.41978050692448393,1.0,0.4,1.0,reacquire:road,0,0,0,0,-1.0
1787224758.376065,34.00820236398044,0.0,112.0,0.0,0.4196498562842958,1.0,0.4,1.0,reacquire:road,0,0,0,0,-1.0
1787224758.407615,34.17119967412723,0.0,112.0,0.0,0.4231774235693755,1.0,0.4,1.0,reacquire:road,0,0,0,0,-1.0
1787224758.4355862,33.6246463645235,0.0,112.0,0.0,0.420825712045989,1.0,0.4,1.0,reacquire:road,0,0,0,0,-1.0
1787224758.461846,34.09199106460774,0.0,112.0,0.0,0.4206950614058009,1.0,0.4,1.0,reacquire:road,0,0,0,0,-1.0
1787224758.4935937,34.917066975775064,0.0,112.0,0.0,0.4200418082048602,1.0,0.4,1.0,reacquire:road,0,0,0,0,-1.0
1787224758.523628,34.1448470145478,0.0,112.0,0.0,0.4220015678076823,1.0,0.4,1.0,reacquire:road,0,0,0,0,-1.0
1787224758.5525331,34.07847441905747,0.0,112.0,0.0,0.42409197805069243,1.0,0.4,1.0,reacquire:road,0,0,0,0,-1.0
1787224758.5854695,34.16703283489694,0.0,112.0,0.0,0.42226286908805855,1.0,0.4,1.0,reacquire:road,0,0,0,0,-1.0
1787224758.613369,33.32306688410859,0.0,112.0,0.0,0.4216096158871179,1.0,0.4,1.0,reacquire:road,0,0,0,0,-1.0
1787224758.6404598,33.95510184660624,0.0,112.0,0.0,0.41782074732166186,1.0,0.4,1.0,reacquire:road,0,0,0,0,-1.0
1787224758.672706,34.418793848253294,0.0,112.0,0.0,0.41991115756467207,1.0,0.4,1.0,reacquire:road,0,0,0,0,-1.0
1787224758.7004619,33.810329417354524,0.0,112.0,0.0,0.4216096158871179,1.0,0.4,1.0,reacquire:road,0,0,0,0,-1.0
1787224758.72708,34.282951867681874,0.0,112.0,0.0,0.41978050692448393,1.0,0.4,1.0,reacquire:road,0,0,0,0,-1.0
1787224758.7617471,34.920643450687166,0.0,112.0,0.0,0.4193885550039195,1.0,0.4,1.0,reacquire:road,0,0,0,0,-1.0
1787224758.7926188,33.65749058396287,0.0,112.0,0.0,0.4192579043637314,1.0,0.4,1.0,reacquire:road,0,0,0,0,-1.0
1787224758.8196323,33.47508523607799,0.0,112.0,0.0,0.4210870133263653,1.0,0.4,1.0,reacquire:road,0,0,0,0,-1.0
1787224758.8516815,34.18704955767725,0.0,112.0,0.0,0.4204337601254246,1.0,0.4,1.0,reacquire:road,0,0,0,0,-1.0
1787224758.8787603,33.560983927319995,0.0,112.0,0.0,0.41978050692448393,1.0,0.4,1.0,reacquire:road,0,0,0,0,-1.0
1787224758.907685,34.28383558102094,0.0,112.0,0.0,0.41834334988241445,1.0,0.4,1.0,reacquire:road,0,0,0,0,-1.0
1787224758.9392047,34.34303593292814,0.0,112.0,0.0,0.42095636268617714,1.0,0.4,1.0,reacquire:road,0,0,0,0,-1.0
1787224758.9698765,33.747191032497696,0.0,112.0,0.0,0.42030310948523647,1.0,0.4,1.0,reacquire:road,0,0,0,0,-1.0
1787224758.9959981,33.585507632529186,0.0,112.0,0.0,0.4206950614058009,1.0,0.4,1.0,reacquire:road,0,0,0,0,-1.0
1787224759.028385,34.53628629139985,0.0,112.0,0.0,0.42187091716749414,1.0,0.4,1.0,reacquire:road,0,0,0,0,-1.0
1787224759.0595787,33.71396043677939,0.0,112.0,0.0,0.42343872484975176,1.0,0.4,1.0,reacquire:road,0,0,0,0,-1.0
1787224759.0864546,33.47458410596362,0.0,112.0,0.0,0.41873530180297885,1.0,0.4,1.0,reacquire:road,0,0,0,0,-1.0
1787224759.1184015,34.23255136272735,0.0,112.0,0.0,0.42095636268617714,1.0,0.4,1.0,reacquire:road,0,0,0,0,-1.0
1787224759.1463544,33.622594885308104,0.0,112.0,0.0,0.4220015678076823,1.0,0.4,1.0,reacquire:road,0,0,0,0,-1.0
1787224759.175581,34.077667688853865,0.0,112.0,0.0,0.4192579043637314,1.0,0.4,1.0,reacquire:road,0,0,0,0,-1.0
1787224759.2072568,34.102504732270134,0.0,112.0,0.0,0.42017245884504834,1.0,0.4,1.0,reacquire:road,0,0,0,0,-1.0
1787224759.235161,33.55660020377339,0.0,112.0,0.0,0.4216096158871179,1.0,0.4,1.0,reacquire:road,0,0,0,0,-1.0
1787224759.2617838,33.918111726569364,0.0,112.0,0.0,0.423700026130128,1.0,0.4,1.0,reacquire:road,0,0,0,0,-1.0
1787224759.2943997,34.8251589609449,0.0,112.0,0.0,0.42304677292918735,1.0,0.4,1.0,reacquire:road,0,0,0,0,-1.0
1787224759.3229363,33.95992498485859,0.0,112.0,0.0,0.42409197805069243,1.0,0.4,1.0,reacquire:road,0,0,0,0,-1.0
1787224759.3493438,34.20768051995374,0.0,112.0,0.0,0.4233080742095636,1.0,0.4,1.0,reacquire:road,0,0,0,0,-1.0
1787224759.3854764,34.924342922356985,0.0,112.0,0.0,0.42304677292918735,1.0,0.4,1.0,reacquire:road,0,0,0,0,-1.0
1787224759.413177,33.4747140262186,0.0,112.0,0.0,0.42095636268617714,1.0,0.4,1.0,reacquire:road,0,0,0,0,-1.0
1787224759.441385,33.86583759106743,0.0,112.0,0.0,0.4225241703684348,1.0,0.4,1.0,reacquire:road,0,0,0,0,-1.0
1787224759.473578,34.34261511826534,0.0,112.0,0.0,0.42461458061144497,1.0,0.4,1.0,reacquire:road,0,0,0,0,-1.0
1787224759.5027642,33.654364522880265,0.0,112.0,0.0,0.4239613274105043,1.0,0.4,1.0,reacquire:road,0,0,0,0,-1.0
1787224759.529098,33.81563688500833,0.0,112.0,0.0,0.42134831460674155,1.0,0.4,1.0,reacquire:road,0,0,0,0,-1.0
1787224759.5614629,34.64823492237961,0.0,112.0,0.0,0.4235693754899399,1.0,0.4,1.0,reacquire:road,0,0,0,0,-1.0
1787224759.5923436,33.79698860857377,0.0,112.0,0.0,0.4229161222889992,1.0,0.4,1.0,reacquire:road,0,0,0,0,-1.0
1787224759.621484,33.62822818137835,0.0,112.0,0.0,0.42304677292918735,1.0,0.4,1.0,reacquire:road,0,0,0,0,-1.0
1787224759.6533978,33.76190494214176,0.0,112.0,0.0,0.4200418082048602,1.0,0.4,1.0,reacquire:road,0,0,0,0,-1.0
1787224759.681497,33.07884556014061,0.0,112.0,0.0,0.42383067677031616,1.0,0.4,1.0,reacquire:road,0,0,0,0,-1.0
1787224759.7094288,33.83190639325168,0.0,112.0,0.0,0.42187091716749414,1.0,0.4,1.0,reacquire:road,0,0,0,0,-1.0
1787224759.7416048,34.251646816459285,0.0,112.0,0.0,0.4206950614058009,1.0,0.4,1.0,reacquire:road,0,0,0,0,-1.0
1787224759.769459,33.59948681144358,0.0,112.0,0.0,0.41951920564410766,1.0,0.4,1.0,reacquire:road,0,0,0,0,-1.0
1787224759.7956848,34.07508342936136,0.0,112.0,0.0,0.42134831460674155,1.0,0.4,1.0,reacquire:road,0,0,0,0,-1.0
1787224759.8294206,34.89560625524504,0.0,112.0,0.0,0.4235693754899399,1.0,0.4,1.0,reacquire:road,0,0,0,0,-1.0
1787224759.8596847,33.71957002284625,0.0,112.0,0.0,0.42017245884504834,1.0,0.4,1.0,reacquire:road,0,0,0,0,-1.0
1787224759.8862603,33.74696926842827,0.0,112.0,0.0,0.4225241703684348,1.0,0.4,1.0,reacquire:road,0,0,0,0,-1.0
1787224759.9176207,34.522920022858784,0.0,112.0,0.0,0.4221322184478704,1.0,0.4,1.0,reacquire:road,0,0,0,0,-1.0
1787224759.945745,33.96976496435156,0.0,112.0,0.0,0.42226286908805855,1.0,0.4,1.0,reacquire:road,0,0,0,0,-1.0
1787224759.9729495,34.31924824292658,0.0,112.0,0.0,0.42304677292918735,1.0,0.4,1.0,reacquire:road,0,0,0,0,-1.0
1787224760.0042987,34.80643985095777,0.0,112.0,0.0,0.4223935197282467,1.0,0.4,1.0,reacquire:road,0,0,0,0,-1.0
1787224760.0341866,34.1477194301869,0.0,112.0,0.0,0.4227854716488111,1.0,0.4,1.0,reacquire:road,0,0,0,0,-1.0
1787224760.0606542,34.088735780594725,0.0,112.0,0.0,0.4239613274105043,1.0,0.4,1.0,reacquire:road,0,0,0,0,-1.0
1787224760.0916495,34.840002610151615,0.0,112.0,0.0,0.42343872484975176,1.0,0.4,1.0,reacquire:road,0,0,0,0,-1.0
1787224760.1193712,34.207397275815886,0.0,112.0,0.0,0.42265482100862295,1.0,0.4,1.0,reacquire:road,0,0,0,0,-1.0
1787224760.146223,34.7304079797667,0.0,112.0,0.0,0.4193885550039195,1.0,0.4,1.0,reacquire:road,0,0,0,0,-1.0
1787224760.1817033,35.22753036456076,0.0,112.0,0.0,0.42030310948523647,1.0,0.4,1.0,reacquire:road,0,0,0,0,-1.0
1787224760.2119021,33.798968838393826,0.0,112.0,0.0,0.4189966030833551,1.0,0.4,1.0,reacquire:road,0,0,0,0,-1.0
1787224760.2422874,33.69026908754662,0.0,112.0,0.0,0.4210870133263653,1.0,0.4,1.0,reacquire:road,0,0,0,0,-1.0
1787224760.2746956,33.534446392309896,0.0,112.0,0.0,0.421740266527306,1.0,0.4,1.0,reacquire:road,0,0,0,0,-1.0
1787224760.30417,32.82758111395136,0.0,112.0,0.0,0.420825712045989,1.0,0.4,1.0,reacquire:road,0,0,0,0,-1.0
1787224760.3311808,33.2202897617114,0.0,112.0,0.0,0.4180820486020381,1.0,0.4,1.0,reacquire:road,0,0,0,0,-1.0
1787224760.3635752,33.99956391377536,0.0,112.0,0.0,0.42030310948523647,1.0,0.4,1.0,reacquire:road,0,0,0,0,-1.0
1787224760.3932111,33.34364137927838,0.0,112.0,0.0,0.4140318787562059,1.0,0.4,1.0,reacquire:road,0,0,0,0,-1.0
1787224760.420212,33.49017566583566,0.0,112.0,0.0,0.42147896524692974,1.0,0.4,1.0,reacquire:road,0,0,0,0,-1.0
1787224760.4576092,34.069854759837725,0.0,112.0,0.0,0.42017245884504834,1.0,0.4,1.0,reacquire:road,0,0,0,0,-1.0
1787224760.4861782,32.61304421927516,0.0,112.0,0.0,0.4227854716488111,1.0,0.4,1.0,reacquire:road,0,0,0,0,-1.0
1787224760.5123272,33.19209629057139,0.0,112.0,0.0,0.4193885550039195,1.0,0.4,1.0,reacquire:road,0,0,0,0,-1.0
1787224760.544197,34.2104854052136,0.0,112.0,0.0,0.4225241703684348,1.0,0.4,1.0,reacquire:road,0,0,0,0,-1.0
1787224760.5737157,33.53371602551164,0.0,112.0,0.0,0.4189966030833551,1.0,0.4,1.0,reacquire:road,0,0,0,0,-1.0
1787224760.600196,33.73526148878684,0.0,112.0,0.0,0.42343872484975176,1.0,0.4,1.0,reacquire:road,0,0,0,0,-1.0
1787224760.6341043,34.51957478689665,0.0,112.0,0.0,0.41912725372354326,1.0,0.4,1.0,reacquire:road,0,0,0,0,-1.0
1787224760.662691,33.49769911959322,0.0,112.0,0.0,0.42265482100862295,1.0,0.4,1.0,reacquire:road,0,0,0,0,-1.0
1787224760.6926374,33.82514520534211,0.0,112.0,0.0,0.4227854716488111,1.0,0.4,1.0,reacquire:road,0,0,0,0,-1.0
1787224760.7251487,33.74641737732553,0.0,112.0,0.0,0.4233080742095636,1.0,0.4,1.0,reacquire:road,0,0,0,0,-1.0
1787224760.7535,33.09945133624084,0.0,112.0,0.0,0.4223935197282467,1.0,0.4,1.0,reacquire:road,0,0,0,0,-1.0
1787224760.7801726,33.601295148573605,0.0,112.0,0.0,0.42265482100862295,1.0,0.4,1.0,reacquire:road,0,0,0,0,-1.0
1787224760.815383,34.337045106626995,0.0,112.0,0.0,0.4220015678076823,1.0,0.4,1.0,reacquire:road,0,0,0,0,-1.0
1787224760.8442707,33.10459113146405,0.0,112.0,0.0,0.4233080742095636,1.0,0.4,1.0,reacquire:road,0,0,0,0,-1.0
1787224760.8743784,33.512935408646996,0.0,112.0,0.0,0.4233080742095636,1.0,0.4,1.0,reacquire:road,0,0,0,0,-1.0
1787224760.9062052,33.45218140111298,0.0,112.0,0.0,0.42304677292918735,1.0,0.4,1.0,reacquire:road,0,0,0,0,-1.0
1787224760.9381642,32.94908726052676,0.0,112.0,0.0,0.42226286908805855,1.0,0.4,1.0,reacquire:road,0,0,0,0,-1.0
1787224760.9649103,32.71692356208334,0.0,112.0,0.0,0.423700026130128,1.0,0.4,1.0,reacquire:road,0,0,0,0,-1.0
1787224760.9967666,33.634299538372,0.0,112.0,0.0,0.42696629213483145,1.0,0.4,1.0,reacquire:road,0,0,0,0,-1.0
1787224761.0251799,33.05933402507261,0.0,112.0,0.0,0.421740266527306,1.0,0.4,1.0,reacquire:road,0,0,0,0,-1.0
1787224761.0525696,33.53690745628687,0.0,112.0,0.0,0.4200418082048602,1.0,0.4,1.0,reacquire:road,0,0,0,0,-1.0
1787224761.0869427,34.27095475804883,0.0,112.0,0.0,0.4231774235693755,1.0,0.4,1.0,reacquire:road,0,0,0,0,-1.0
1787224761.115733,33.095737177533834,0.0,112.0,0.0,0.4231774235693755,1.0,0.4,1.0,reacquire:road,0,0,0,0,-1.0
1787224761.1424346,33.603887992808936,0.0,112.0,0.0,0.4210870133263653,1.0,0.4,1.0,reacquire:road,0,0,0,0,-1.0
1787224761.1753988,34.405386863773984,0.0,112.0,0.0,0.42304677292918735,1.0,0.4,1.0,reacquire:road,0,0,0,0,-1.0
1787224761.204516,33.555895944224616,0.0,112.0,0.0,0.42304677292918735,1.0,0.4,1.0,reacquire:road,0,0,0,0,-1.0
1787224761.2319362,33.76169072590157,0.0,112.0,0.0,0.42134831460674155,1.0,0.4,1.0,reacquire:road,0,0,0,0,-1.0
1787224761.2649932,34.25815984385555,0.0,112.0,0.0,0.42187091716749414,1.0,0.4,1.0,reacquire:road,0,0,0,0,-1.0
1787224761.2959888,33.21054148399062,0.0,112.0,0.0,0.4227854716488111,1.0,0.4,1.0,reacquire:road,0,0,0,0,-1.0
1787224761.3238347,33.35250937290301,0.0,112.0,0.0,0.4263130389338908,1.0,0.4,1.0,reacquire:road,0,0,0,0,-1.0
1787224761.3567271,33.87874067084465,0.0,112.0,0.0,0.4252678338123857,1.0,0.4,1.0,reacquire:road,0,0,0,0,-1.0
1787224761.3865912,33.17313773849089,0.0,112.0,0.0,0.4231774235693755,1.0,0.4,1.0,reacquire:road,0,0,0,0,-1.0
1787224761.4128747,33.24622021716207,0.0,112.0,0.0,0.4220015678076823,1.0,0.4,1.0,reacquire:road,0,0,0,0,-1.0
1787224761.4451916,34.13576342259489,0.0,112.0,0.0,0.4220015678076823,1.0,0.4,1.0,reacquire:road,0,0,0,0,-1.0
1787224761.4749808,33.17021326151751,0.0,112.0,0.0,0.4212176639665534,1.0,0.4,1.0,reacquire:road,0,0,0,0,-1.0
1787224761.504261,33.73423951128733,0.0,112.0,0.0,0.4220015678076823,1.0,0.4,1.0,reacquire:road,0,0,0,0,-1.0
1787224761.5362499,33.82318164555778,0.0,112.0,0.0,0.42422262869088057,1.0,0.4,1.0,reacquire:road,0,0,0,0,-1.0
1787224761.5649135,33.16222988803423,0.0,112.0,0.0,0.42030310948523647,1.0,0.4,1.0,reacquire:road,0,0,0,0,-1.0
1787224761.5922647,33.67448106797154,0.0,112.0,0.0,0.41991115756467207,1.0,0.4,1.0,reacquire:road,0,0,0,0,-1.0
1787224761.6262825,34.00128066625729,0.0,112.0,0.0,0.4206950614058009,1.0,0.4,1.0,reacquire:road,0,0,0,0,-1.0
1787224761.6557956,33.10236312183389,0.0,112.0,0.0,0.4192579043637314,1.0,0.4,1.0,reacquire:road,0,0,0,0,-1.0
1787224761.6826007,33.47872177251998,0.0,112.0,0.0,0.41951920564410766,1.0,0.4,1.0,reacquire:road,0,0,0,0,-1.0
1787224761.7170315,34.243461750423016,0.0,112.0,0.0,0.4184740005226026,1.0,0.4,1.0,reacquire:road,0,0,0,0,-1.0
1787224761.7451487,33.13350145733259,0.0,112.0,0.0,0.4206950614058009,1.0,0.4,1.0,reacquire:road,0,0,0,0,-1.0
1787224761.7722182,33.71647914919288,0.0,112.0,0.0,0.4204337601254246,1.0,0.4,1.0,reacquire:road,0,0,0,0,-1.0
1787224761.804068,34.388343688884504,0.0,112.0,0.0,0.42147896524692974,1.0,0.4,1.0,reacquire:road,0,0,0,0,-1.0
1787224761.8345268,33.70384449203203,0.0,112.0,0.0,0.4172981447609093,1.0,0.4,1.0,reacquire:road,0,0,0,0,-1.0
1787224761.8609383,33.62275093313051,0.0,112.0,0.0,0.4196498562842958,1.0,0.4,1.0,reacquire:road,0,0,0,0,-1.0
1787224761.894741,34.4718715464493,0.0,112.0,0.0,0.4169061928403449,1.0,0.4,1.0,reacquire:road,0,0,0,0,-1.0
1787224761.9243376,33.44118536916594,0.0,112.0,0.0,0.4223935197282467,1.0,0.4,1.0,reacquire:road,0,0,0,0,-1.0
1787224761.9510825,33.57524519896672,0.0,112.0,0.0,0.4216096158871179,1.0,0.4,1.0,reacquire:road,0,0,0,0,-1.0
1787224761.9829743,34.33668829223328,0.0,112.0,0.0,0.42226286908805855,1.0,0.4,1.0,reacquire:road,0,0,0,0,-1.0
1787224762.0110037,33.6885092431952,0.0,112.0,0.0,0.42017245884504834,1.0,0.4,1.0,reacquire:road,0,0,0,0,-1.0
1787224762.0387697,34.1500904611525,0.0,112.0,0.0,0.41181081787300755,1.0,0.4,1.0,reacquire:road,0,0,0,0,-1.0
1787224762.0708857,34.537772160901895,0.0,112.0,0.0,0.4172981447609093,1.0,0.4,1.0,reacquire:road,0,0,0,0,-1.0
1787224762.100377,33.827054485226,0.0,112.0,0.0,0.41742879540109745,1.0,0.4,1.0,reacquire:road,0,0,0,0,-1.0
1787224762.1274047,33.877908641653,0.0,112.0,0.0,0.41821269924222626,1.0,0.4,1.0,reacquire:road,0,0,0,0,-1.0
1787224762.1601846,34.30755326748794,0.0,112.0,0.0,0.42134831460674155,1.0,0.4,1.0,reacquire:road,0,0,0,0,-1.0
1787224762.1887114,33.57535980621452,0.0,112.0,0.0,0.4235693754899399,1.0,0.4,1.0,reacquire:road,0,0,0,0,-1.0
1787224762.2149048,34.01961066323969,0.0,112.0,0.0,0.4212176639665534,1.0,0.4,1.0,reacquire:road,0,0,0,0,-1.0
1787224762.2468474,34.671753666780035,0.0,112.0,0.0,0.42409197805069243,1.0,0.4,1.0,reacquire:road,0,0,0,0,-1.0
1787224762.275049,33.946153161049345,0.0,112.0,0.0,0.42343872484975176,1.0,0.4,1.0,reacquire:road,0,0,0,0,-1.0
1787224762.304103,34.467890417286824,0.0,112.0,0.0,0.42618238829370264,1.0,0.4,1.0,reacquire:road,0,0,0,0,-1.0
1787224762.3376777,34.47102292012559,0.0,112.0,0.0,0.4280114972563366,1.0,0.4,1.0,reacquire:road,0,0,0,0,-1.0
1787224762.3664021,33.44293335330813,0.0,112.0,0.0,0.42735824405539585,1.0,0.4,1.0,reacquire:road,0,0,0,0,-1.0
1787224762.3924484,33.83801848267031,0.0,112.0,0.0,0.42827279853671285,1.0,0.4,1.0,reacquire:road,0,0,0,0,-1.0
1787224762.4240882,34.75834095191884,0.0,112.0,0.0,0.4280114972563366,1.0,0.4,1.0,reacquire:road,0,0,0,0,-1.0
1787224762.4549491,34.02156290496223,0.0,112.0,0.0,0.4285340998170891,1.0,0.4,1.0,reacquire:road,0,0,0,0,-1.0
1787224762.4812846,33.80587234693894,0.0,112.0,0.0,0.4281421478965247,1.0,0.4,1.0,reacquire:road,0,0,0,0,-1.0
1787224762.5136042,34.61653071995883,0.0,112.0,0.0,0.4264436895740789,1.0,0.4,1.0,reacquire:road,0,0,0,0,-1.0
1787224762.5437176,33.739864547325205,0.0,112.0,0.0,0.42592108701332637,1.0,0.4,1.0,reacquire:road,0,0,0,0,-1.0
1787224762.570762,33.824834787354675,0.0,112.0,0.0,0.427488894695584,1.0,0.4,1.0,reacquire:road,0,0,0,0,-1.0
1787224762.6019437,34.46173425492276,0.0,112.0,0.0,0.4252678338123857,1.0,0.4,1.0,reacquire:road,0,0,0,0,-1.0
1787224762.630878,33.68410295302935,0.0,112.0,0.0,0.4252678338123857,1.0,0.4,1.0,reacquire:road,0,0,0,0,-1.0
1787224762.657409,34.232284997037354,0.0,112.0,0.0,0.42474523125163316,1.0,0.4,1.0,reacquire:road,0,0,0,0,-1.0
1787224762.6895041,34.937884702092305,0.0,112.0,0.0,0.42579043637313824,1.0,0.4,1.0,reacquire:road,0,0,0,0,-1.0
1787224762.7172563,34.113961331435846,0.0,112.0,0.0,0.4248758818918213,1.0,0.4,1.0,reacquire:road,0,0,0,0,-1.0
1787224762.7444026,34.58799416911767,0.0,112.0,0.0,0.42304677292918735,1.0,0.4,1.0,reacquire:road,0,0,0,0,-1.0
1787224762.778411,34.89982228392018,0.0,112.0,0.0,0.4231774235693755,1.0,0.4,1.0,reacquire:road,0,0,0,0,-1.0
1787224762.8059406,33.87078381353291,0.0,112.0,0.0,0.42187091716749414,1.0,0.4,1.0,reacquire:road,0,0,0,0,-1.0
1787224762.8328166,34.2712663081681,0.0,112.0,0.0,0.4180820486020381,1.0,0.4,1.0,reacquire:road,0,0,0,0,-1.0
1787224762.8645024,34.984607939261736,0.0,112.0,0.0,0.41978050692448393,1.0,0.4,1.0,reacquire:road,0,0,0,0,-1.0
1787224762.8926375,34.27306478242086,0.0,112.0,0.0,0.42030310948523647,1.0,0.4,1.0,reacquire:road,0,0,0,0,-1.0
1787224762.919751,34.56783047879837,0.0,112.0,0.0,0.41978050692448393,1.0,0.4,1.0,reacquire:road,0,0,0,0,-1.0
1787224762.9529078,35.03125998943936,0.0,112.0,0.0,0.42134831460674155,1.0,0.4,1.0,reacquire:road,0,0,0,0,-1.0
1787224762.984542,33.971022284528196,0.0,112.0,0.0,0.4186046511627907,1.0,0.4,1.0,reacquire:road,0,0,0,0,-1.0
1787224763.0109289,33.58739106813217,0.0,112.0,0.0,0.42056441076561274,1.0,0.4,1.0,reacquire:road,0,0,0,0,-1.0
1787224763.0432858,34.44349273916593,0.0,112.0,0.0,0.41821269924222626,1.0,0.4,1.0,reacquire:road,0,0,0,0,-1.0
1787224763.0719516,33.72345747438439,0.0,112.0,0.0,0.4186046511627907,1.0,0.4,1.0,reacquire:road,0,0,0,0,-1.0
1787224763.0989437,33.98589945158702,0.0,112.0,0.0,0.41951920564410766,1.0,0.4,1.0,reacquire:road,0,0,0,0,-1.0
1787224763.1315424,34.57368760651778,0.0,112.0,0.0,0.41834334988241445,1.0,0.4,1.0,reacquire:road,0,0,0,0,-1.0
1787224763.1591806,33.76796434506102,0.0,112.0,0.0,0.41625293963940424,1.0,0.4,1.0,reacquire:road,0,0,0,0,-1.0
1787224763.1895864,34.300022964645805,0.0,112.0,0.0,0.4169061928403449,1.0,0.4,1.0,reacquire:road,0,0,0,0,-1.0
1787224763.2218747,34.01828930346009,0.0,112.0,0.0,0.4180820486020381,1.0,0.4,1.0,reacquire:road,0,0,0,0,-1.0
1787224763.253195,33.399848637601245,0.0,112.0,0.0,0.42017245884504834,1.0,0.4,1.0,reacquire:road,0,0,0,0,-1.0
1787224763.2795112,33.12355595267548,0.0,112.0,0.0,0.4176900966814737,1.0,0.4,1.0,reacquire:road,0,0,0,0,-1.0
1787224763.3120227,34.07577159546474,0.0,112.0,0.0,0.4176900966814737,1.0,0.4,1.0,reacquire:road,0,0,0,0,-1.0
1787224763.3412461,33.304078038788546,0.0,112.0,0.0,0.41664489155996864,1.0,0.4,1.0,reacquire:road,0,0,0,0,-1.0
1787224763.3680124,33.63818006379001,0.0,112.0,0.0,0.41664489155996864,1.0,0.4,1.0,reacquire:road,0,0,0,0,-1.0
1787224763.401166,34.39140408361302,0.0,112.0,0.0,0.4176900966814737,1.0,0.4,1.0,reacquire:road,0,0,0,0,-1.0
1787224763.4299464,33.4482920531466,0.0,112.0,0.0,0.4186046511627907,1.0,0.4,1.0,reacquire:road,0,0,0,0,-1.0
1787224763.4561481,33.83212659770176,0.0,112.0,0.0,0.4184740005226026,1.0,0.4,1.0,reacquire:road,0,0,0,0,-1.0
1787224763.4875169,34.710114370320944,0.0,112.0,0.0,0.41951920564410766,1.0,0.4,1.0,reacquire:road,0,0,0,0,-1.0
1787224763.5170975,33.79696812723552,0.0,112.0,0.0,0.4193885550039195,1.0,0.4,1.0,reacquire:road,0,0,0,0,-1.0
1787224763.5429704,34.23258001675712,0.0,112.0,0.0,0.41951920564410766,1.0,0.4,1.0,reacquire:road,0,0,0,0,-1.0
1787224763.5752807,35.09269002403647,0.0,112.0,0.0,0.4180820486020381,1.0,0.4,1.0,reacquire:road,0,0,0,0,-1.0
1787224763.6062896,34.18132975162686,0.0,112.0,0.0,0.41951920564410766,1.0,0.4,1.0,reacquire:road,0,0,0,0,-1.0
1787224763.6334562,33.90618240903514,0.0,112.0,0.0,0.418865952443167,1.0,0.4,1.0,reacquire:road,0,0,0,0,-1.0
1787224763.665108,34.481546471541975,0.0,112.0,0.0,0.4193885550039195,1.0,0.4,1.0,reacquire:road,0,0,0,0,-1.0
1787224763.6933804,33.81511001556477,0.0,112.0,0.0,0.4200418082048602,1.0,0.4,1.0,reacquire:road,0,0,0,0,-1.0
1787224763.7202475,34.24730914803709,0.0,112.0,0.0,0.4193885550039195,1.0,0.4,1.0,reacquire:road,0,0,0,0,-1.0
1787224763.751862,34.842910476572754,0.0,112.0,0.0,0.4171674941207212,1.0,0.4,1.0,reacquire:road,0,0,0,0,-1.0
1787224763.7796848,34.18292976811858,0.0,112.0,0.0,0.41912725372354326,1.0,0.4,1.0,reacquire:road,0,0,0,0,-1.0
1787224763.8061328,34.5436555609746,0.0,112.0,0.0,0.41782074732166186,1.0,0.4,1.0,reacquire:road,0,0,0,0,-1.0
1787224763.839991,35.21264362047991,0.0,112.0,0.0,0.41951920564410766,1.0,0.4,1.0,reacquire:road,0,0,0,0,-1.0
1787224763.8695073,33.987801005396165,0.0,112.0,0.0,0.42056441076561274,1.0,0.4,1.0,reacquire:road,0,0,0,0,-1.0
1787224763.895786,34.08757002394361,0.0,112.0,0.0,0.4180820486020381,1.0,0.4,1.0,reacquire:road,0,0,0,0,-1.0
1787224763.9274256,34.849181425222305,0.0,112.0,0.0,0.4171674941207212,1.0,0.4,1.0,reacquire:road,0,0,0,0,-1.0
1787224763.9567509,34.11350647404699,0.0,112.0,0.0,0.4192579043637314,1.0,0.4,1.0,reacquire:road,0,0,0,0,-1.0
1787224763.9842675,34.24058985753405,0.0,112.0,0.0,0.41742879540109745,1.0,0.4,1.0,reacquire:road,0,0,0,0,-1.0
1787224764.0162604,34.53874954362992,0.0,112.0,0.0,0.41912725372354326,1.0,0.4,1.0,reacquire:road,0,0,0,0,-1.0
1787224764.0458214,33.87531886548876,0.0,112.0,0.0,0.41834334988241445,1.0,0.4,1.0,reacquire:road,0,0,0,0,-1.0
1787224764.0724168,33.95621786203797,0.0,112.0,0.0,0.41912725372354326,1.0,0.4,1.0,reacquire:road,0,0,0,0,-1.0
1787224764.1036415,34.71864852709132,0.0,112.0,0.0,0.4176900966814737,1.0,0.4,1.0,reacquire:road,0,0,0,0,-1.0
1787224764.1323185,34.04194358612886,0.0,112.0,0.0,0.41873530180297885,1.0,0.4,1.0,reacquire:road,0,0,0,0,-1.0
1787224764.1582336,34.36509985323591,0.0,112.0,0.0,0.4169061928403449,1.0,0.4,1.0,reacquire:road,0,0,0,0,-1.0
1787224764.1904814,35.22655324634647,0.0,112.0,0.0,0.41873530180297885,1.0,0.4,1.0,reacquire:road,0,0,0,0,-1.0
1787224764.218636,34.32421757535647,0.0,112.0,0.0,0.4176900966814737,1.0,0.4,1.0,reacquire:road,0,0,0,0,-1.0
1787224764.2448926,34.64202359460984,0.0,112.0,0.0,0.4161222889992161,1.0,0.4,1.0,reacquire:road,0,0,0,0,-1.0
1787224764.2786453,35.31539988176661,0.0,112.0,0.0,0.41703684348053305,1.0,0.4,1.0,reacquire:road,0,0,0,0,-1.0
1787224764.3068993,34.147613362502916,0.0,112.0,0.0,0.41703684348053305,1.0,0.4,1.0,reacquire:road,0,0,0,0,-1.0
1787224764.33566,34.43615130606284,0.0,112.0,0.0,0.4153383851580873,1.0,0.4,1.0,reacquire:road,0,0,0,0,-1.0
1787224764.369021,34.50071798008476,0.0,112.0,0.0,0.4184740005226026,1.0,0.4,1.0,reacquire:road,0,0,0,0,-1.0
1787224764.3991084,33.59106681362758,0.0,112.0,0.0,0.41873530180297885,1.0,0.4,1.0,reacquire:road,0,0,0,0,-1.0
1787224764.4262884,33.51798214793401,0.0,112.0,0.0,0.4172981447609093,1.0,0.4,1.0,reacquire:road,0,0,0,0,-1.0
1787224764.4591138,34.19952337990726,0.0,112.0,0.0,0.4184740005226026,1.0,0.4,1.0,reacquire:road,0,0,0,0,-1.0
1787224764.4881415,33.37192806561924,0.0,112.0,0.0,0.41821269924222626,1.0,0.4,1.0,reacquire:road,0,0,0,0,-1.0
1787224764.5153415,33.69122362657748,0.0,112.0,0.0,0.41782074732166186,1.0,0.4,1.0,reacquire:road,0,0,0,0,-1.0
1787224764.5476167,34.308507763601085,0.0,112.0,0.0,0.4180820486020381,1.0,0.4,1.0,reacquire:road,0,0,0,0,-1.0
1787224764.5755544,33.625871697672466,0.0,112.0,0.0,0.41559968643846357,1.0,0.4,1.0,reacquire:road,0,0,0,0,-1.0
1787224764.6038394,33.960131902375565,0.0,112.0,0.0,0.4186046511627907,1.0,0.4,1.0,reacquire:road,0,0,0,0,-1.0
1787224764.637468,34.361169221800495,0.0,112.0,0.0,0.4167755422001568,1.0,0.4,1.0,reacquire:road,0,0,0,0,-1.0
1787224764.666077,33.38271774940342,0.0,112.0,0.0,0.4193885550039195,1.0,0.4,1.0,reacquire:road,0,0,0,0,-1.0
1787224764.693988,33.77536906947725,0.0,112.0,0.0,0.41978050692448393,1.0,0.4,1.0,reacquire:road,0,0,0,0,-1.0
1787224764.7279904,34.13450500027284,0.0,112.0,0.0,0.4189966030833551,1.0,0.4,1.0,reacquire:road,0,0,0,0,-1.0
1787224764.7560773,33.14221761795582,0.0,112.0,0.0,0.4175594460412856,1.0,0.4,1.0,reacquire:road,0,0,0,0,-1.0
1787224764.782663,33.760185037614995,0.0,112.0,0.0,0.4186046511627907,1.0,0.4,1.0,reacquire:road,0,0,0,0,-1.0
1787224764.8150861,34.52961146619091,0.0,112.0,0.0,0.41834334988241445,1.0,0.4,1.0,reacquire:road,0,0,0,0,-1.0
1787224764.8427584,33.74735526242302,0.0,112.0,0.0,0.4192579043637314,1.0,0.4,1.0,reacquire:road,0,0,0,0,-1.0
1787224764.8701568,34.22412598899617,0.0,112.0,0.0,0.4184740005226026,1.0,0.4,1.0,reacquire:road,0,0,0,0,-1.0
1787224764.9044168,34.74457853711148,0.0,112.0,0.0,0.4192579043637314,1.0,0.4,1.0,reacquire:road,0,0,0,0,-1.0
1787224764.9322455,33.61272252648345,0.0,112.0,0.0,0.41912725372354326,1.0,0.4,1.0,reacquire:road,0,0,0,0,-1.0
1787224764.9583857,34.08277014038598,0.0,112.0,0.0,0.41782074732166186,1.0,0.4,1.0,reacquire:road,0,0,0,0,-1.0
1787224764.9906871,34.949295244582956,0.0,112.0,0.0,0.418865952443167,1.0,0.4,1.0,reacquire:road,0,0,0,0,-1.0
1787224765.0185997,34.1311127979596,0.0,112.0,0.0,0.4189966030833551,1.0,0.4,1.0,reacquire:road,0,0,0,0,-1.0
1787224765.044935,34.49496356560106,0.0,112.0,0.0,0.41978050692448393,1.0,0.4,1.0,reacquire:road,0,0,0,0,-1.0
1787224765.0760481,35.1635482783639,0.0,112.0,0.0,0.41795139796185,1.0,0.4,1.0,reacquire:road,0,0,0,0,-1.0
1787224765.1075454,34.43079630272102,0.0,112.0,0.0,0.41912725372354326,1.0,0.4,1.0,reacquire:road,0,0,0,0,-1.0
1787224765.1351342,34.041028735099175,0.0,112.0,0.0,0.41912725372354326,1.0,0.4,1.0,reacquire:road,0,0,0,0,-1.0
1787224765.1672242,34.47159672678005,0.0,112.0,0.0,0.41978050692448393,1.0,0.4,1.0,reacquire:road,0,0,0,0,-1.0
1787224765.1961565,33.49565864259212,0.0,112.0,0.0,0.41978050692448393,1.0,0.4,1.0,reacquire:road,0,0,0,0,-1.0
1787224765.2226362,34.13693946361349,0.0,112.0,0.0,0.41873530180297885,1.0,0.4,1.0,reacquire:road,0,0,0,0,-1.0
1787224765.254726,34.884130209390456,0.0,112.0,0.0,0.4169061928403449,1.0,0.4,1.0,reacquire:road,0,0,0,0,-1.0
1787224765.2844093,34.03375396888473,0.0,112.0,0.0,0.41912725372354326,1.0,0.4,1.0,reacquire:road,0,0,0,0,-1.0
1787224765.313678,34.09282113055684,0.0,112.0,0.0,0.4163835902795924,1.0,0.4,1.0,reacquire:road,0,0,0,0,-1.0
1787224765.3451912,34.08704887515267,0.0,112.0,0.0,0.4172981447609093,1.0,0.4,1.0,reacquire:road,0,0,0,0,-1.0
1787224765.3740752,33.21883882418673,0.0,112.0,0.0,0.41873530180297885,1.0,0.4,1.0,reacquire:road,0,0,0,0,-1.0
1787224765.40151,34.05832036702847,0.0,112.0,0.0,0.41782074732166186,1.0,0.4,1.0,reacquire:road,0,0,0,0,-1.0
1787224765.4334495,34.54633637418882,0.0,112.0,0.0,0.41873530180297885,1.0,0.4,1.0,reacquire:road,0,0,0,0,-1.0
1787224765.4611335,33.88309350481326,0.0,112.0,0.0,0.4192579043637314,1.0,0.4,1.0,reacquire:road,0,0,0,0,-1.0
1787224765.4889703,34.329643782881334,0.0,112.0,0.0,0.4216096158871179,1.0,0.4,1.0,reacquire:road,0,0,0,0,-1.0
1787224765.5219858,34.66965580566293,0.0,112.0,0.0,0.42030310948523647,1.0,0.4,1.0,reacquire:road,0,0,0,0,-1.0
1787224765.5538452,33.537911332033126,0.0,112.0,0.0,0.42030310948523647,1.0,0.4,1.0,reacquire:road,0,0,0,0,-1.0
1787224765.5805738,33.40637907831739,0.0,112.0,0.0,0.4206950614058009,1.0,0.4,1.0,reacquire:road,0,0,0,0,-1.0
1787224765.6117177,34.19491625440067,0.0,112.0,0.0,0.42030310948523647,1.0,0.4,1.0,reacquire:road,0,0,0,0,-1.0
1787224765.6409643,33.34949166609361,0.0,112.0,0.0,0.41873530180297885,1.0,0.4,1.0,reacquire:road,0,0,0,0,-1.0
1787224765.668284,34.09485047656226,0.0,112.0,0.0,0.4204337601254246,1.0,0.4,1.0,reacquire:road,0,0,0,0,-1.0
1787224765.7001996,34.59711924760717,0.0,112.0,0.0,0.41951920564410766,1.0,0.4,1.0,reacquire:road,0,0,0,0,-1.0
1787224765.7292287,33.927674499720545,0.0,112.0,0.0,0.4193885550039195,1.0,0.4,1.0,reacquire:road,0,0,0,0,-1.0
1787224765.7564583,34.03977710719477,0.0,112.0,0.0,0.4192579043637314,1.0,0.4,1.0,reacquire:road,0,0,0,0,-1.0
1787224765.789829,34.446196732042225,0.0,112.0,0.0,0.42030310948523647,1.0,0.4,1.0,reacquire:road,0,0,0,0,-1.0
1787224765.8201332,33.61310318662086,0.0,112.0,0.0,0.4193885550039195,1.0,0.4,1.0,reacquire:road,0,0,0,0,-1.0
1787224765.8466744,33.53371366810366,0.0,112.0,0.0,0.42017245884504834,1.0,0.4,1.0,reacquire:road,0,0,0,0,-1.0
1787224765.877943,34.34316297303292,0.0,112.0,0.0,0.4196498562842958,1.0,0.4,1.0,reacquire:road,0,0,0,0,-1.0
1787224765.9058514,33.778945956426114,0.0,112.0,0.0,0.4186046511627907,1.0,0.4,1.0,reacquire:road,0,0,0,0,-1.0
1787224765.9340594,34.3255439447198,0.0,112.0,0.0,0.4184740005226026,1.0,0.4,1.0,reacquire:road,0,0,0,0,-1.0
1787224765.9661138,34.54611742231001,0.0,112.0,0.0,0.41873530180297885,1.0,0.4,1.0,reacquire:road,0,0,0,0,-1.0
1787224766.0002909,33.86942493253636,0.0,112.0,0.0,0.41991115756467207,1.0,0.4,1.0,reacquire:road,0,0,0,0,-1.0
1787224766.027969,32.956236235422935,0.0,112.0,0.0,0.4172981447609093,1.0,0.4,1.0,reacquire:road,0,0,0,0,-1.0
1787224766.0600471,33.552598240004976,0.0,112.0,0.0,0.4184740005226026,1.0,0.4,1.0,reacquire:road,0,0,0,0,-1.0
1787224766.0908058,32.81507919575198,0.0,112.0,0.0,0.4210870133263653,1.0,0.4,1.0,reacquire:road,0,0,0,0,-1.0
1787224766.1183276,33.10308273348365,0.0,112.0,0.0,0.42056441076561274,1.0,0.4,1.0,reacquire:road,0,0,0,0,-1.0
1787224766.1516943,33.74772741287276,0.0,112.0,0.0,0.4210870133263653,1.0,0.4,1.0,reacquire:road,0,0,0,0,-1.0
1787224766.1804752,32.95929520397149,0.0,112.0,0.0,0.42017245884504834,1.0,0.4,1.0,reacquire:road,0,0,0,0,-1.0
1787224766.2068555,33.34709419413042,0.0,112.0,0.0,0.4184740005226026,1.0,0.4,1.0,reacquire:road,0,0,0,0,-1.0
1787224766.2394304,34.277648922607966,0.0,112.0,0.0,0.4193885550039195,1.0,0.4,1.0,reacquire:road,0,0,0,0,-1.0
1787224766.2701912,33.47157623257976,0.0,112.0,0.0,0.4193885550039195,1.0,0.4,1.0,reacquire:road,0,0,0,0,-1.0
1787224766.2971244,33.38162036518855,0.0,112.0,0.0,0.4206950614058009,1.0,0.4,1.0,reacquire:road,0,0,0,0,-1.0
1787224766.3290472,34.11667400205145,0.0,112.0,0.0,0.4184740005226026,1.0,0.4,1.0,reacquire:road,0,0,0,0,-1.0
1787224766.3576236,33.43743344909169,0.0,112.0,0.0,0.41912725372354326,1.0,0.4,1.0,reacquire:road,0,0,0,0,-1.0
1787224766.3858814,33.78935898524766,0.0,112.0,0.0,0.41834334988241445,1.0,0.4,1.0,reacquire:road,0,0,0,0,-1.0
1787224766.4179318,34.242826557834874,0.0,112.0,0.0,0.4196498562842958,1.0,0.4,1.0,reacquire:road,0,0,0,0,-1.0
1787224766.4462914,33.61117096716627,0.0,112.0,0.0,0.4176900966814737,1.0,0.4,1.0,reacquire:road,0,0,0,0,-1.0
1787224766.4726672,33.95503414378062,0.0,112.0,0.0,0.4192579043637314,1.0,0.4,1.0,reacquire:road,0,0,0,0,-1.0
1787224766.5052476,34.76360986994846,0.0,112.0,0.0,0.41912725372354326,1.0,0.4,1.0,reacquire:road,0,0,0,0,-1.0
1787224766.5341861,33.93178029513285,0.0,112.0,0.0,0.41821269924222626,1.0,0.4,1.0,reacquire:road,0,0,0,0,-1.0
1787224766.5618744,34.07900582864917,0.0,112.0,0.0,0.41991115756467207,1.0,0.4,1.0,reacquire:road,0,0,0,0,-1.0
1787224766.5945797,34.31659484140498,0.0,112.0,0.0,0.4184740005226026,1.0,0.4,1.0,reacquire:road,0,0,0,0,-1.0
1787224766.6231618,33.54725087886503,0.0,112.0,0.0,0.4189966030833551,1.0,0.4,1.0,reacquire:road,0,0,0,0,-1.0
1787224766.651728,34.013160946533326,0.0,112.0,0.0,0.4176900966814737,1.0,0.4,1.0,reacquire:road,0,0,0,0,-1.0
1787224766.683195,34.230777999249,0.0,112.0,0.0,0.4172981447609093,1.0,0.4,1.0,reacquire:road,0,0,0,0,-1.0
1787224766.7121081,33.69814870649865,0.0,112.0,0.0,0.4165142409197805,1.0,0.4,1.0,reacquire:road,0,0,0,0,-1.0
1787224766.7383447,33.91110735303392,0.0,112.0,0.0,0.41507708387771103,1.0,0.4,1.0,reacquire:road,0,0,0,0,-1.0
1787224766.7718267,34.769873761298975,0.0,112.0,0.0,0.41586098771883984,1.0,0.4,1.0,reacquire:road,0,0,0,0,-1.0
1787224766.8004751,33.75840479019944,0.0,112.0,0.0,0.41782074732166186,1.0,0.4,1.0,reacquire:road,0,0,0,0,-1.0
1787224766.8273523,34.022765766479694,0.0,112.0,0.0,0.41821269924222626,1.0,0.4,1.0,reacquire:road,0,0,0,0,-1.0
1787224766.8596408,34.64557486718917,0.0,112.0,0.0,0.4189966030833551,1.0,0.4,1.0,reacquire:road,0,0,0,0,-1.0
1787224766.8886843,33.817590402725315,0.0,112.0,0.0,0.4180820486020381,1.0,0.4,1.0,reacquire:road,0,0,0,0,-1.0
1787224766.9155848,34.07789128633403,0.0,112.0,0.0,0.4175594460412856,1.0,0.4,1.0,reacquire:road,0,0,0,0,-1.0
1787224766.9479957,34.698953042081754,0.0,112.0,0.0,0.4186046511627907,1.0,0.4,1.0,reacquire:road,0,0,0,0,-1.0
1787224766.9777126,33.65768756938251,0.0,112.0,0.0,0.4189966030833551,1.0,0.4,1.0,reacquire:road,0,0,0,0,-1.0
1787224767.0045414,33.87071627099313,0.0,112.0,0.0,0.41978050692448393,1.0,0.4,1.0,reacquire:road,0,0,0,0,-1.0
1787224767.0353916,34.7163030733885,0.0,112.0,0.0,0.41742879540109745,1.0,0.4,1.0,reacquire:road,0,0,0,0,-1.0
1787224767.0630996,34.247525533547915,0.0,112.0,0.0,0.41951920564410766,1.0,0.4,1.0,reacquire:road,0,0,0,0,-1.0
1787224767.0895584,34.61147227382217,0.0,112.0,0.0,0.41873530180297885,1.0,0.4,1.0,reacquire:road,0,0,0,0,-1.0
1787224767.1231515,35.263441199213105,0.0,112.0,0.0,0.41795139796185,1.0,0.4,1.0,reacquire:road,0,0,0,0,-1.0
1787224767.1529562,34.1267804510397,0.0,112.0,0.0,0.4176900966814737,1.0,0.4,1.0,reacquire:road,0,0,0,0,-1.0
1787224767.182677,34.05226751582175,0.0,112.0,0.0,0.41703684348053305,1.0,0.4,1.0,reacquire:road,0,0,0,0,-1.0
1787224767.214931,33.96604638437702,0.0,112.0,0.0,0.4196498562842958,1.0,0.4,1.0,reacquire:road,0,0,0,0,-1.0
1787224767.2427697,33.19111878156377,0.0,112.0,0.0,0.418865952443167,1.0,0.4,1.0,reacquire:road,0,0,0,0,-1.0
1787224767.2693427,33.99008147811794,0.0,112.0,0.0,0.418865952443167,1.0,0.4,1.0,reacquire:road,0,0,0,0,-1.0
1787224767.3008626,34.745320922735694,0.0,112.0,0.0,0.4184740005226026,1.0,0.4,1.0,reacquire:road,0,0,0,0,-1.0
1787224767.3289065,34.02579348865048,0.0,112.0,0.0,0.41978050692448393,1.0,0.4,1.0,reacquire:road,0,0,0,0,-1.0
1787224767.3555024,34.47793120417371,0.0,112.0,0.0,0.41912725372354326,1.0,0.4,1.0,reacquire:road,0,0,0,0,-1.0
1787224767.3876874,35.12724504093239,0.0,112.0,0.0,0.4165142409197805,1.0,0.4,1.0,reacquire:road,0,0,0,0,-1.0
1787224767.418246,34.19564459122876,0.0,112.0,0.0,0.41625293963940424,1.0,0.4,1.0,reacquire:road,0,0,0,0,-1.0
1787224767.445721,34.02239487711744,0.0,112.0,0.0,0.4171674941207212,1.0,0.4,1.0,reacquire:road,0,0,0,0,-1.0
1787224767.4782145,34.507201781293965,0.0,112.0,0.0,0.4171674941207212,1.0,0.4,1.0,reacquire:road,0,0,0,0,-1.0
1787224767.507074,33.75202819181837,0.0,112.0,0.0,0.4176900966814737,1.0,0.4,1.0,reacquire:road,0,0,0,0,-1.0
1787224767.5340774,33.94553511349384,0.0,112.0,0.0,0.4180820486020381,1.0,0.4,1.0,reacquire:road,0,0,0,0,-1.0
1787224767.5662067,34.441371286074016,0.0,112.0,0.0,0.4186046511627907,1.0,0.4,1.0,reacquire:road,0,0,0,0,-1.0
1787224767.5948768,33.85345659038922,0.0,112.0,0.0,0.4184740005226026,1.0,0.4,1.0,reacquire:road,0,0,0,0,-1.0
1787224767.6238213,34.06973781745387,0.0,112.0,0.0,0.41834334988241445,1.0,0.4,1.0,reacquire:road,0,0,0,0,-1.0
1787224767.6560125,34.174404723927665,0.0,112.0,0.0,0.4180820486020381,1.0,0.4,1.0,reacquire:road,0,0,0,0,-1.0
1787224767.6868548,32.91491114241571,0.0,112.0,0.0,0.41795139796185,1.0,0.4,1.0,reacquire:road,0,0,0,0,-1.0
1787224767.7138293,33.70004488778471,0.0,112.0,0.0,0.41742879540109745,1.0,0.4,1.0,reacquire:road,0,0,0,0,-1.0
1787224767.746254,34.37497662276931,0.0,112.0,0.0,0.41821269924222626,1.0,0.4,1.0,reacquire:road,0,0,0,0,-1.0
1787224767.774508,33.44107982159607,0.0,112.0,0.0,0.4200418082048602,1.0,0.4,1.0,reacquire:road,0,0,0,0,-1.0
1787224767.8012524,34.135670658677135,0.0,112.0,0.0,0.418865952443167,1.0,0.4,1.0,reacquire:road,0,0,0,0,-1.0
1787224767.834985,34.808724594157894,0.0,112.0,0.0,0.41821269924222626,1.0,0.4,1.0,reacquire:road,0,0,0,0,-1.0
1787224767.8624282,33.724845557414724,0.0,112.0,0.0,0.41912725372354326,1.0,0.4,1.0,reacquire:road,0,0,0,0,-1.0
1787224767.8887997,34.34307575012577,0.0,112.0,0.0,0.4180820486020381,1.0,0.4,1.0,reacquire:road,0,0,0,0,-1.0
1787224767.920717,35.061129760260336,0.0,112.0,0.0,0.41873530180297885,1.0,0.4,1.0,reacquire:road,0,0,0,0,-1.0
1787224767.9491274,34.242249021620204,0.0,112.0,0.0,0.4175594460412856,1.0,0.4,1.0,reacquire:road,0,0,0,0,-1.0
1787224767.9752958,34.524626654261965,0.0,112.0,0.0,0.41742879540109745,1.0,0.4,1.0,reacquire:road,0,0,0,0,-1.0
1787224768.0087323,35.21433818831688,0.0,112.0,0.0,0.41703684348053305,1.0,0.4,1.0,reacquire:road,0,0,0,0,-1.0
1787224768.0386162,34.1409417793675,0.0,112.0,0.0,0.4161222889992161,1.0,0.4,1.0,reacquire:road,0,0,0,0,-1.0
1787224768.0655966,34.05445773106477,0.0,112.0,0.0,0.4161222889992161,1.0,0.4,1.0,reacquire:road,0,0,0,0,-1.0
1787224768.0975037,34.66455344925265,0.0,112.0,0.0,0.41821269924222626,1.0,0.4,1.0,reacquire:road,0,0,0,0,-1.0
1787224768.1251082,33.96075421277516,0.0,112.0,0.0,0.4171674941207212,1.0,0.4,1.0,reacquire:road,0,0,0,0,-1.0
1787224768.1523468,34.31538281879413,0.0,112.0,0.0,0.41559968643846357,1.0,0.4,1.0,reacquire:road,0,0,0,0,-1.0
1787224768.1845922,34.95445721549244,0.0,112.0,0.0,0.41742879540109745,1.0,0.4,1.0,reacquire:road,0,0,0,0,-1.0
1787224768.2132132,34.14367300837233,0.0,112.0,0.0,0.4171674941207212,1.0,0.4,1.0,reacquire:road,0,0,0,0,-1.0
1787224768.240217,34.330119996256265,0.0,112.0,0.0,0.41951920564410766,1.0,0.4,1.0,reacquire:road,0,0,0,0,-1.0
1787224768.2765982,34.505985521863764,0.0,112.0,0.0,0.4175594460412856,1.0,0.4,1.0,reacquire:road,0,0,0,0,-1.0
1787224768.3041205,33.264722272112216,0.0,112.0,0.0,0.41912725372354326,1.0,0.4,1.0,reacquire:road,0,0,0,0,-1.0
1787224768.3317113,33.975061158739095,0.0,112.0,0.0,0.4171674941207212,1.0,0.4,1.0,reacquire:road,0,0,0,0,-1.0
1787224768.363811,34.42917909480966,0.0,112.0,0.0,0.418865952443167,1.0,0.4,1.0,reacquire:road,0,0,0,0,-1.0
1787224768.3921013,33.722038239697085,0.0,112.0,0.0,0.41494643323752284,1.0,0.4,1.0,reacquire:road,0,0,0,0,-1.0
1787224768.4188938,34.105889315329506,0.0,112.0,0.0,0.41912725372354326,1.0,0.4,1.0,reacquire:road,0,0,0,0,-1.0
1787224768.4512854,34.74803212321419,0.0,112.0,0.0,0.41782074732166186,1.0,0.4,1.0,reacquire:road,0,0,0,0,-1.0
1787224768.4822738,33.92138594533799,0.0,112.0,0.0,0.4161222889992161,1.0,0.4,1.0,reacquire:road,0,0,0,0,-1.0
1787224768.5108342,33.65170583479241,0.0,112.0,0.0,0.4175594460412856,1.0,0.4,1.0,reacquire:road,0,0,0,0,-1.0
1787224768.54416,33.877931896864624,0.0,112.0,0.0,0.41951920564410766,1.0,0.4,1.0,reacquire:road,0,0,0,0,-1.0
1787224768.5726013,33.0873545660843,0.0,112.0,0.0,0.41821269924222626,1.0,0.4,1.0,reacquire:road,0,0,0,0,-1.0
1787224768.6009626,33.5632471055672,0.0,112.0,0.0,0.41782074732166186,1.0,0.4,1.0,reacquire:road,0,0,0,0,-1.0
1787224768.6316257,33.91274258214372,0.0,112.0,0.0,0.41795139796185,1.0,0.4,1.0,reacquire:road,0,0,0,0,-1.0
1787224768.658806,33.540805936179964,0.0,112.0,0.0,0.4167755422001568,1.0,0.4,1.0,reacquire:road,0,0,0,0,-1.0
1787224768.6886702,34.32459352618992,0.0,112.0,0.0,0.4163835902795924,1.0,0.4,1.0,reacquire:road,0,0,0,0,-1.0
1787224768.7212746,34.16452179170317,0.0,112.0,0.0,0.41742879540109745,1.0,0.4,1.0,reacquire:road,0,0,0,0,-1.0
1787224768.7499158,33.253428621682886,0.0,112.0,0.0,0.4186046511627907,1.0,0.4,1.0,reacquire:road,0,0,0,0,-1.0
1787224768.7765374,33.883031080273916,0.0,112.0,0.0,0.4163835902795924,1.0,0.4,1.0,reacquire:road,0,0,0,0,-1.0
1787224768.8118293,34.59606463277004,0.0,112.0,0.0,0.41742879540109745,1.0,0.4,1.0,reacquire:road,0,0,0,0,-1.0
1787224768.8395648,33.26702721872715,0.0,112.0,0.0,0.4171674941207212,1.0,0.4,1.0,reacquire:road,0,0,0,0,-1.0
1787224768.8692086,33.97384226362461,0.0,112.0,0.0,0.41834334988241445,1.0,0.4,1.0,reacquire:road,0,0,0,0,-1.0
1787224768.9031281,33.93232663330332,0.0,112.0,0.0,0.4192579043637314,1.0,0.4,1.0,reacquire:road,0,0,0,0,-1.0
1787224768.9336522,33.00616210826298,0.0,112.0,0.0,0.41821269924222626,1.0,0.4,1.0,reacquire:road,0,0,0,0,-1.0
1787224768.9599564,33.00411201492543,0.0,112.0,0.0,0.4180820486020381,1.0,0.4,1.0,reacquire:road,0,0,0,0,-1.0
1787224768.9917052,33.98131887420092,0.0,112.0,0.0,0.41599163835902797,1.0,0.4,1.0,reacquire:road,0,0,0,0,-1.0
1787224769.0189328,33.45567977177884,0.0,112.0,0.0,0.41951920564410766,1.0,0.4,1.0,reacquire:road,0,0,0,0,-1.0
1787224769.0452943,34.16201286215605,0.0,112.0,0.0,0.4186046511627907,1.0,0.4,1.0,reacquire:road,0,0,0,0,-1.0
1787224769.0776484,34.92731111909023,0.0,112.0,0.0,0.41873530180297885,1.0,0.4,1.0,reacquire:road,0,0,0,0,-1.0
1787224769.1070244,34.08072525744186,0.0,112.0,0.0,0.418865952443167,1.0,0.4,1.0,reacquire:road,0,0,0,0,-1.0
1787224769.1340504,34.071343215088255,0.0,112.0,0.0,0.4172981447609093,1.0,0.4,1.0,reacquire:road,0,0,0,0,-1.0
1787224769.1656914,34.72168578339067,0.0,112.0,0.0,0.4192579043637314,1.0,0.4,1.0,reacquire:road,0,0,0,0,-1.0
1787224769.194175,34.06400849792663,0.0,112.0,0.0,0.41782074732166186,1.0,0.4,1.0,reacquire:road,0,0,0,0,-1.0
1787224769.2200723,34.29936439231762,0.0,112.0,0.0,0.4184740005226026,1.0,0.4,1.0,reacquire:road,0,0,0,0,-1.0
1787224769.255636,35.18372548636724,0.0,112.0,0.0,0.41834334988241445,1.0,0.4,1.0,reacquire:road,0,0,0,0,-1.0
1787224769.2844343,33.70079559495205,0.0,112.0,0.0,0.4175594460412856,1.0,0.4,1.0,reacquire:road,0,0,0,0,-1.0
1787224769.3135412,34.01372642408195,0.0,112.0,0.0,0.4175594460412856,1.0,0.4,1.0,reacquire:road,0,0,0,0,-1.0
1787224769.3467066,33.96696597910473,0.0,112.0,0.0,0.4184740005226026,1.0,0.4,1.0,reacquire:road,0,0,0,0,-1.0
1787224769.3749323,33.27286964109504,0.0,112.0,0.0,0.41703684348053305,1.0,0.4,1.0,reacquire:road,0,0,0,0,-1.0
1787224769.4017868,33.701805440358804,0.0,112.0,0.0,0.41795139796185,1.0,0.4,1.0,reacquire:road,0,0,0,0,-1.0
1787224769.4349692,34.44489470184038,0.0,112.0,0.0,0.41742879540109745,1.0,0.4,1.0,reacquire:road,0,0,0,0,-1.0
1787224769.4631398,33.399965596839486,0.0,112.0,0.0,0.41782074732166186,1.0,0.4,1.0,reacquire:road,0,0,0,0,-1.0
1787224769.4890444,34.07359575656785,0.0,112.0,0.0,0.41586098771883984,1.0,0.4,1.0,reacquire:road,0,0,0,0,-1.0
1787224769.5227096,35.00234539587402,0.0,112.0,0.0,0.41978050692448393,1.0,0.4,1.0,reacquire:road,0,0,0,0,-1.0
1787224769.5516653,33.650287037496014,0.0,112.0,0.0,0.4189966030833551,1.0,0.4,1.0,reacquire:road,0,0,0,0,-1.0
1787224769.5781145,34.25976913112923,0.0,112.0,0.0,0.41834334988241445,1.0,0.4,1.0,reacquire:road,0,0,0,0,-1.0
1787224769.6086714,34.9605938380778,0.0,112.0,0.0,0.41821269924222626,1.0,0.4,1.0,reacquire:road,0,0,0,0,-1.0
1787224769.6362805,34.29910113265399,0.0,112.0,0.0,0.4196498562842958,1.0,0.4,1.0,reacquire:road,0,0,0,0,-1.0
1787224769.6628792,34.983097562115574,0.0,112.0,0.0,0.4193885550039195,1.0,0.4,1.0,reacquire:road,0,0,0,0,-1.0
1787224769.6946077,35.50322602188152,0.0,112.0,0.0,0.41782074732166186,1.0,0.4,1.0,reacquire:road,0,0,0,0,-1.0
1787224769.7247417,34.685393592583864,0.0,112.0,0.0,0.418865952443167,1.0,0.4,1.0,reacquire:road,0,0,0,0,-1.0
1787224769.7511444,34.391267307703245,0.0,112.0,0.0,0.41821269924222626,1.0,0.4,1.0,reacquire:road,0,0,0,0,-1.0
1787224769.7830124,35.09992130204244,0.0,112.0,0.0,0.4192579043637314,1.0,0.4,1.0,reacquire:road,0,0,0,0,-1.0
1787224769.8121104,34.14190281954014,0.0,112.0,0.0,0.41703684348053305,1.0,0.4,1.0,reacquire:road,0,0,0,0,-1.0
1787224769.8380713,34.47259931027257,0.0,112.0,0.0,0.4192579043637314,1.0,0.4,1.0,reacquire:road,0,0,0,0,-1.0
1787224769.8702931,35.28269021861185,0.0,112.0,0.0,0.41834334988241445,1.0,0.4,1.0,reacquire:road,0,0,0,0,-1.0
1787224769.902588,34.41343861295793,0.0,112.0,0.0,0.4189966030833551,1.0,0.4,1.0,reacquire:road,0,0,0,0,-1.0
1787224769.934979,33.62344755354953,0.0,112.0,0.0,0.41821269924222626,1.0,0.4,1.0,reacquire:road,0,0,0,0,-1.0
1787224769.9690475,33.16709940555723,0.0,112.0,0.0,0.4193885550039195,1.0,0.4,1.0,reacquire:road,0,0,0,0,-1.0
1787224769.997397,32.35758240597752,0.0,112.0,0.0,0.4189966030833551,1.0,0.4,1.0,reacquire:road,0,0,0,0,-1.0
1787224770.0237696,33.03265843840314,0.0,112.0,0.0,0.4192579043637314,1.0,0.4,1.0,reacquire:road,0,0,0,0,-1.0
1787224770.055657,33.99462516176348,0.0,112.0,0.0,0.4180820486020381,1.0,0.4,1.0,reacquire:road,0,0,0,0,-1.0
1787224770.0860405,33.476611043640965,0.0,112.0,0.0,0.41834334988241445,1.0,0.4,1.0,reacquire:road,0,0,0,0,-1.0
1787224770.1126504,33.37817974662114,0.0,112.0,0.0,0.4180820486020381,1.0,0.4,1.0,reacquire:road,0,0,0,0,-1.0
1787224770.1456664,34.219423137777355,0.0,112.0,0.0,0.4196498562842958,1.0,0.4,1.0,reacquire:road,0,0,0,0,-1.0
1787224770.1739976,33.24079732708087,0.0,112.0,0.0,0.42056441076561274,1.0,0.4,1.0,reacquire:road,0,0,0,0,-1.0
1787224770.20336,33.9330323608858,0.0,112.0,0.0,0.41991115756467207,1.0,0.4,1.0,reacquire:road,0,0,0,0,-1.0
1787224770.2368376,33.937298290699474,0.0,112.0,0.0,0.41834334988241445,1.0,0.4,1.0,reacquire:road,0,0,0,0,-1.0
1787224770.2666056,33.11047737580141,0.0,112.0,0.0,0.41912725372354326,1.0,0.4,1.0,reacquire:road,0,0,0,0,-1.0
1787224770.2931647,33.24032698410265,0.0,112.0,0.0,0.4216096158871179,1.0,0.4,1.0,reacquire:road,0,0,0,0,-1.0
1787224770.3249085,34.10968566072344,0.0,112.0,0.0,0.41834334988241445,1.0,0.4,1.0,reacquire:road,0,0,0,0,-1.0
1787224770.3544972,33.33707900380841,0.0,112.0,0.0,0.41978050692448393,1.0,0.4,1.0,reacquire:road,0,0,0,0,-1.0
1787224770.382713,33.755237275366554,0.0,112.0,0.0,0.4216096158871179,1.0,0.4,1.0,reacquire:road,0,0,0,0,-1.0
1787224770.4133399,34.093426760000426,0.0,112.0,0.0,0.41821269924222626,1.0,0.4,1.0,reacquire:road,0,0,0,0,-1.0
1787224770.4403489,33.73285617451738,0.0,112.0,0.0,0.4193885550039195,1.0,0.4,1.0,reacquire:road,0,0,0,0,-1.0
1787224770.4681313,34.47868530426294,0.0,112.0,0.0,0.4196498562842958,1.0,0.4,1.0,reacquire:road,0,0,0,0,-1.0
1787224770.499461,34.79289003214914,0.0,112.0,0.0,0.41912725372354326,1.0,0.4,1.0,reacquire:road,0,0,0,0,-1.0
1787224770.5286589,33.92493043909272,0.0,112.0,0.0,0.421740266527306,1.0,0.4,1.0,reacquire:road,0,0,0,0,-1.0
1787224770.5546074,34.360990465673865,0.0,112.0,0.0,0.4206950614058009,1.0,0.4,1.0,reacquire:road,0,0,0,0,-1.0
1787224770.5885363,35.19748578215161,0.0,112.0,0.0,0.418865952443167,1.0,0.4,1.0,reacquire:road,0,0,0,0,-1.0
1787224770.6173797,33.94781050676676,0.0,112.0,0.0,0.4196498562842958,1.0,0.4,1.0,reacquire:road,0,0,0,0,-1.0
1787224770.6441844,34.242619761502255,0.0,112.0,0.0,0.41951920564410766,1.0,0.4,1.0,reacquire:road,0,0,0,0,-1.0
1787224770.6759534,34.85534135372401,0.0,112.0,0.0,0.41912725372354326,1.0,0.4,1.0,reacquire:road,0,0,0,0,-1.0
1787224770.7042978,33.890775842994046,0.0,112.0,0.0,0.41834334988241445,1.0,0.4,1.0,reacquire:road,0,0,0,0,-1.0
1787224770.7319703,34.569577349448544,0.0,112.0,0.0,0.4193885550039195,1.0,0.4,1.0,reacquire:road,0,0,0,0,-1.0
1787224770.7632556,34.88500102469249,0.0,112.0,0.0,0.41795139796185,1.0,0.4,1.0,reacquire:road,0,0,0,0,-1.0
1787224770.793284,34.13780826170157,0.0,112.0,0.0,0.41912725372354326,1.0,0.4,1.0,reacquire:road,0,0,0,0,-1.0
1787224770.8193781,34.12528413959903,0.0,112.0,0.0,0.41978050692448393,1.0,0.4,1.0,reacquire:road,0,0,0,0,-1.0
1787224770.8509967,35.0023492847962,0.0,112.0,0.0,0.41821269924222626,1.0,0.4,1.0,reacquire:road,0,0,0,0,-1.0
1787224770.8791697,34.10962581540132,0.0,112.0,0.0,0.42017245884504834,1.0,0.4,1.0,reacquire:road,0,0,0,0,-1.0
1787224770.9051385,34.66277709037903,0.0,112.0,0.0,0.4171674941207212,1.0,0.4,1.0,reacquire:road,0,0,0,0,-1.0
1787224770.9387224,35.44165520273001,0.0,112.0,0.0,0.41978050692448393,1.0,0.4,1.0,reacquire:road,0,0,0,0,-1.0
1787224770.9667344,34.304420138336894,0.0,112.0,0.0,0.42030310948523647,1.0,0.4,1.0,reacquire:road,0,0,0,0,-1.0
1787224770.9932828,34.600811072703735,0.0,112.0,0.0,0.41834334988241445,1.0,0.4,1.0,reacquire:road,0,0,0,0,-1.0
1787224771.0272202,34.84005906880638,0.0,112.0,0.0,0.41873530180297885,1.0,0.4,1.0,reacquire:road,0,0,0,0,-1.0
1787224771.0547416,33.96350562937167,0.0,112.0,0.0,0.41795139796185,1.0,0.4,1.0,reacquire:road,0,0,0,0,-1.0
1787224771.0816226,34.513542513574855,0.0,112.0,0.0,0.41821269924222626,1.0,0.4,1.0,reacquire:road,0,0,0,0,-1.0
1787224771.113833,34.918566918639286,0.0,112.0,0.0,0.41951920564410766,1.0,0.4,1.0,reacquire:road,0,0,0,0,-1.0
1787224771.1412494,34.21945438686876,0.0,112.0,0.0,0.41873530180297885,1.0,0.4,1.0,reacquire:road,0,0,0,0,-1.0
1787224771.1672227,34.673338337666074,0.0,112.0,0.0,0.4193885550039195,1.0,0.4,1.0,reacquire:road,0,0,0,0,-1.0
1787224771.199369,35.449205176341906,0.0,112.0,0.0,0.4192579043637314,1.0,0.4,1.0,reacquire:road,0,0,0,0,-1.0
1787224771.2303536,34.548155064834965,0.0,112.0,0.0,0.41912725372354326,1.0,0.4,1.0,reacquire:road,0,0,0,0,-1.0
1787224771.2572365,34.13653864849552,0.0,112.0,0.0,0.418865952443167,1.0,0.4,1.0,reacquire:road,0,0,0,0,-1.0
1787224771.2885463,34.74157770347263,0.0,112.0,0.0,0.41742879540109745,1.0,0.4,1.0,reacquire:road,0,0,0,0,-1.0
1787224771.3212233,33.869933099924886,0.0,112.0,0.0,0.41951920564410766,1.0,0.4,1.0,reacquire:road,0,0,0,0,-1.0
1787224771.3489585,33.525900187812184,0.0,112.0,0.0,0.41912725372354326,1.0,0.4,1.0,reacquire:road,0,0,0,0,-1.0
1787224771.381295,34.04601846294463,0.0,112.0,0.0,0.4176900966814737,1.0,0.4,1.0,reacquire:road,0,0,0,0,-1.0
1787224771.4104972,33.409350031505554,0.0,112.0,0.0,0.4186046511627907,1.0,0.4,1.0,reacquire:road,0,0,0,0,-1.0
1787224771.439236,33.58732048520352,0.0,112.0,0.0,0.41742879540109745,1.0,0.4,1.0,reacquire:road,0,0,0,0,-1.0
1787224771.4714026,33.80221998551125,0.0,112.0,0.0,0.4186046511627907,1.0,0.4,1.0,reacquire:road,0,0,0,0,-1.0
1787224771.5011585,33.17978758323412,0.0,112.0,0.0,0.4196498562842958,1.0,0.4,1.0,reacquire:road,0,0,0,0,-1.0
1787224771.5305,33.39661893579579,0.0,112.0,0.0,0.41703684348053305,1.0,0.4,1.0,reacquire:road,0,0,0,0,-1.0
1787224771.5623558,33.53294882401062,0.0,112.0,0.0,0.42056441076561274,1.0,0.4,1.0,reacquire:road,0,0,0,0,-1.0
1787224771.5915632,33.01227853937647,0.0,112.0,0.0,0.4167755422001568,1.0,0.4,1.0,reacquire:road,0,0,0,0,-1.0
1787224771.619033,33.34758486210159,0.0,112.0,0.0,0.41873530180297885,1.0,0.4,1.0,reacquire:road,0,0,0,0,-1.0
1787224771.654414,33.9607149221462,0.0,112.0,0.0,0.41951920564410766,1.0,0.4,1.0,reacquire:road,0,0,0,0,-1.0
1787224771.6833534,32.673656874567676,0.0,112.0,0.0,0.41873530180297885,1.0,0.4,1.0,reacquire:road,0,0,0,0,-1.0
1787224771.7103205,33.17919881996866,0.0,112.0,0.0,0.4189966030833551,1.0,0.4,1.0,reacquire:road,0,0,0,0,-1.0
1787224771.7415724,34.10214258163712,0.0,112.0,0.0,0.41951920564410766,1.0,0.4,1.0,reacquire:road,0,0,0,0,-1.0
1787224771.7702715,33.401940028942086,0.0,112.0,0.0,0.4167755422001568,1.0,0.4,1.0,reacquire:road,0,0,0,0,-1.0
1787224771.7973144,34.05485262552603,0.0,112.0,0.0,0.41821269924222626,1.0,0.4,1.0,reacquire:road,0,0,0,0,-1.0
1787224771.8297071,34.64049456286707,0.0,112.0,0.0,0.4210870133263653,1.0,0.4,1.0,reacquire:road,0,0,0,0,-1.0
1787224771.8602698,33.855100638349256,0.0,112.0,0.0,0.4180820486020381,1.0,0.4,1.0,reacquire:road,0,0,0,0,-1.0
1787224771.8864915,33.65590609547121,0.0,112.0,0.0,0.41912725372354326,1.0,0.4,1.0,reacquire:road,0,0,0,0,-1.0
1787224771.9182868,34.559358490882175,0.0,112.0,0.0,0.418865952443167,1.0,0.4,1.0,reacquire:road,0,0,0,0,-1.0
1787224771.9482167,33.83113508708007,0.0,112.0,0.0,0.4192579043637314,1.0,0.4,1.0,reacquire:road,0,0,0,0,-1.0
1787224771.9746678,33.87559325830441,0.0,112.0,0.0,0.41782074732166186,1.0,0.4,1.0,reacquire:road,0,0,0,0,-1.0
1787224772.006208,34.654054129001274,0.0,112.0,0.0,0.4180820486020381,1.0,0.4,1.0,reacquire:road,0,0,0,0,-1.0
1787224772.03586,33.94402739074003,0.0,112.0,0.0,0.41821269924222626,1.0,0.4,1.0,reacquire:road,0,0,0,0,-1.0
1787224772.066727,34.04509449920273,0.0,112.0,0.0,0.4193885550039195,1.0,0.4,1.0,reacquire:road,0,0,0,0,-1.0
1787224772.0991685,33.712673755825804,0.0,112.0,0.0,0.42030310948523647,1.0,0.4,1.0,reacquire:road,0,0,0,0,-1.0
1787224772.128181,33.067865065045275,0.0,112.0,0.0,0.4167755422001568,1.0,0.4,1.0,reacquire:road,0,0,0,0,-1.0
1787224772.1542673,33.4379316889726,0.0,112.0,0.0,0.4193885550039195,1.0,0.4,1.0,reacquire:road,0,0,0,0,-1.0
1787224772.1862032,34.39035570339328,0.0,112.0,0.0,0.41834334988241445,1.0,0.4,1.0,reacquire:road,0,0,0,0,-1.0
1787224772.2151196,33.76408058649115,0.0,112.0,0.0,0.4171674941207212,1.0,0.4,1.0,reacquire:road,0,0,0,0,-1.0
1787224772.2419436,33.95035473085932,0.0,112.0,0.0,0.41795139796185,1.0,0.4,1.0,reacquire:road,0,0,0,0,-1.0
1787224772.275411,34.61299817505759,0.0,112.0,0.0,0.4186046511627907,1.0,0.4,1.0,reacquire:road,0,0,0,0,-1.0
1787224772.3040323,33.44206069132301,0.0,112.0,0.0,0.4184740005226026,1.0,0.4,1.0,reacquire:road,0,0,0,0,-1.0
1787224772.3312612,34.07947742939219,0.0,112.0,0.0,0.4196498562842958,1.0,0.4,1.0,reacquire:road,0,0,0,0,-1.0
1787224772.3617892,34.60485912606401,0.0,112.0,0.0,0.41951920564410766,1.0,0.4,1.0,reacquire:road,0,0,0,0,-1.0
1787224772.3893287,34.16681672661097,0.0,112.0,0.0,0.41912725372354326,1.0,0.4,1.0,reacquire:road,0,0,0,0,-1.0
1787224772.4156976,34.67359383854852,0.0,112.0,0.0,0.4192579043637314,1.0,0.4,1.0,reacquire:road,0,0,0,0,-1.0
1787224772.4472353,35.35201373417629,0.0,112.0,0.0,0.4189966030833551,1.0,0.4,1.0,reacquire:road,0,0,0,0,-1.0
1787224772.4749582,34.562068655603284,0.0,112.0,0.0,0.4192579043637314,1.0,0.4,1.0,reacquire:road,0,0,0,0,-1.0
1787224772.5010586,34.90495944085054,0.0,112.0,0.0,0.41991115756467207,1.0,0.4,1.0,reacquire:road,0,0,0,0,-1.0
1787224772.5340397,35.628792622337116,0.0,112.0,0.0,0.41978050692448393,1.0,0.4,1.0,reacquire:road,0,0,0,0,-1.0
1787224772.5646212,34.54588041626703,0.0,112.0,0.0,0.4196498562842958,1.0,0.4,1.0,reacquire:road,0,0,0,0,-1.0
1787224772.5910218,34.20232651205075,0.0,112.0,0.0,0.42030310948523647,1.0,0.4,1.0,reacquire:road,0,0,0,0,-1.0
1787224772.6219318,34.91242478559435,0.0,112.0,0.0,0.41782074732166186,1.0,0.4,1.0,reacquire:road,0,0,0,0,-1.0
1787224772.6497462,34.28464996186141,0.0,112.0,0.0,0.42095636268617714,1.0,0.4,1.0,reacquire:road,0,0,0,0,-1.0
1787224772.6771712,34.788332690445095,0.0,112.0,0.0,0.41912725372354326,1.0,0.4,1.0,reacquire:road,0,0,0,0,-1.0
1787224772.7095091,35.12418472695829,0.0,112.0,0.0,0.4220015678076823,1.0,0.4,1.0,reacquire:road,0,0,0,0,-1.0
1787224772.7398164,34.13378031394921,0.0,112.0,0.0,0.4171674941207212,1.0,0.4,1.0,reacquire:road,0,0,0,0,-1.0
1787224772.7679243,34.05565711311223,0.0,112.0,0.0,0.4212176639665534,1.0,0.4,1.0,reacquire:road,0,0,0,0,-1.0
1787224772.8009567,34.395335044114404,0.0,112.0,0.0,0.41782074732166186,1.0,0.4,1.0,reacquire:road,0,0,0,0,-1.0
1787224772.83063,33.35399021681013,0.0,112.0,0.0,0.41834334988241445,1.0,0.4,1.0,reacquire:road,0,0,0,0,-1.0
1787224772.8573785,33.71280625044132,0.0,112.0,0.0,0.41912725372354326,1.0,0.4,1.0,reacquire:road,0,0,0,0,-1.0
1787224772.89084,34.28840875597945,0.0,112.0,0.0,0.4206950614058009,1.0,0.4,1.0,reacquire:road,0,0,0,0,-1.0
1787224772.91774,33.474790829010374,0.0,112.0,0.0,0.41978050692448393,1.0,0.4,1.0,reacquire:road,0,0,0,0,-1.0
1787224772.9469726,34.27452744982411,0.0,112.0,0.0,0.4189966030833551,1.0,0.4,1.0,reacquire:road,0,0,0,0,-1.0
1787224772.9797268,34.23895461791809,0.0,112.0,0.0,0.41978050692448393,1.0,0.4,1.0,reacquire:road,0,0,0,0,-1.0
1787224773.0099316,33.48551213077896,0.0,112.0,0.0,0.4189966030833551,1.0,0.4,1.0,reacquire:road,0,0,0,0,-1.0
1787224773.0365138,33.41338891048002,0.0,112.0,0.0,0.41991115756467207,1.0,0.4,1.0,reacquire:road,0,0,0,0,-1.0
1787224773.069216,34.2958374092517,0.0,112.0,0.0,0.4180820486020381,1.0,0.4,1.0,reacquire:road,0,0,0,0,-1.0
1787224773.1001484,33.53121113216191,0.0,112.0,0.0,0.41834334988241445,1.0,0.4,1.0,reacquire:road,0,0,0,0,-1.0
1787224773.1268516,33.314997965811784,0.0,112.0,0.0,0.4175594460412856,1.0,0.4,1.0,reacquire:road,0,0,0,0,-1.0
1787224773.1612127,34.13834907089415,0.0,112.0,0.0,0.418865952443167,1.0,0.4,1.0,reacquire:road,0,0,0,0,-1.0
1787224773.1887078,33.11486972552064,0.0,112.0,0.0,0.4180820486020381,1.0,0.4,1.0,reacquire:road,0,0,0,0,-1.0
1787224773.214988,33.7739196820548,0.0,112.0,0.0,0.41912725372354326,1.0,0.4,1.0,reacquire:road,0,0,0,0,-1.0
1787224773.246618,34.63610951664231,0.0,112.0,0.0,0.4193885550039195,1.0,0.4,1.0,reacquire:road,0,0,0,0,-1.0
1787224773.274614,34.00436773559065,0.0,112.0,0.0,0.4172981447609093,1.0,0.4,1.0,reacquire:road,0,0,0,0,-1.0
1787224773.3009055,34.37964044866272,0.0,112.0,0.0,0.41991115756467207,1.0,0.4,1.0,reacquire:road,0,0,0,0,-1.0
1787224773.3349524,35.12808164251519,0.0,112.0,0.0,0.4180820486020381,1.0,0.4,1.0,reacquire:road,0,0,0,0,-1.0
1787224773.3671684,33.94720665702527,0.0,112.0,0.0,0.418865952443167,1.0,0.4,1.0,reacquire:road,0,0,0,0,-1.0
1787224773.3944914,33.38098815910416,0.0,112.0,0.0,0.4186046511627907,1.0,0.4,1.0,reacquire:road,0,0,0,0,-1.0
1787224773.4263005,34.04981635826173,0.0,112.0,0.0,0.4176900966814737,1.0,0.4,1.0,reacquire:road,0,0,0,0,-1.0
1787224773.4540317,33.48876948544647,0.0,112.0,0.0,0.42095636268617714,1.0,0.4,1.0,reacquire:road,0,0,0,0,-1.0
1787224773.4815786,33.899700268434074,0.0,112.0,0.0,0.41821269924222626,1.0,0.4,1.0,reacquire:road,0,0,0,0,-1.0
1787224773.5131824,34.543053469729486,0.0,112.0,0.0,0.41951920564410766,1.0,0.4,1.0,reacquire:road,0,0,0,0,-1.0
1787224773.5401862,33.952265191711916,0.0,112.0,0.0,0.4180820486020381,1.0,0.4,1.0,reacquire:road,0,0,0,0,-1.0
1787224773.5663035,34.57018210009545,0.0,112.0,0.0,0.41873530180297885,1.0,0.4,1.0,reacquire:road,0,0,0,0,-1.0
1787224773.5997727,35.32245191535155,0.0,112.0,0.0,0.42017245884504834,1.0,0.4,1.0,reacquire:road,0,0,0,0,-1.0
1787224773.6279335,34.21711836522735,0.0,112.0,0.0,0.4193885550039195,1.0,0.4,1.0,reacquire:road,0,0,0,0,-1.0
1787224773.6539752,34.49363604949379,0.0,112.0,0.0,0.41951920564410766,1.0,0.4,1.0,reacquire:road,0,0,0,0,-1.0
1787224773.6853275,35.25355442804519,0.0,112.0,0.0,0.41703684348053305,1.0,0.4,1.0,reacquire:road,0,0,0,0,-1.0
1787224773.7128365,34.52396285084498,0.0,112.0,0.0,0.4192579043637314,1.0,0.4,1.0,reacquire:road,0,0,0,0,-1.0
1787224773.7390335,34.99970216460671,0.0,112.0,0.0,0.41978050692448393,1.0,0.4,1.0,reacquire:road,0,0,0,0,-1.0
1787224773.7703407,35.61510379781505,0.0,112.0,0.0,0.4189966030833551,1.0,0.4,1.0,reacquire:road,0,0,0,0,-1.0
1787224773.802015,34.795924343837584,0.0,112.0,0.0,0.4184740005226026,1.0,0.4,1.0,reacquire:road,0,0,0,0,-1.0
1787224773.8302817,34.24297391993226,0.0,112.0,0.0,0.4200418082048602,1.0,0.4,1.0,reacquire:road,0,0,0,0,-1.0
1787224773.8621035,34.47535186474798,0.0,112.0,0.0,0.4180820486020381,1.0,0.4,1.0,reacquire:road,0,0,0,0,-1.0
1787224773.8908606,33.816846177427905,0.0,112.0,0.0,0.41742879540109745,1.0,0.4,1.0,reacquire:road,0,0,0,0,-1.0
1787224773.9171658,34.041157172550335,0.0,112.0,0.0,0.4175594460412856,1.0,0.4,1.0,reacquire:road,0,0,0,0,-1.0
1787224773.9495058,34.86728453626793,0.0,112.0,0.0,0.4206950614058009,1.0,0.4,1.0,reacquire:road,0,0,0,0,-1.0
1787224773.9787078,33.90852351591846,0.0,112.0,0.0,0.4192579043637314,1.0,0.4,1.0,reacquire:road,0,0,0,0,-1.0
1787224774.0067022,34.19586376531504,0.0,112.0,0.0,0.42030310948523647,1.0,0.4,1.0,reacquire:road,0,0,0,0,-1.0
1787224774.0391378,34.483305328479226,0.0,112.0,0.0,0.4180820486020381,1.0,0.4,1.0,reacquire:road,0,0,0,0,-1.0
1787224774.0667973,33.61572244657152,0.0,112.0,0.0,0.4175594460412856,1.0,0.4,1.0,reacquire:road,0,0,0,0,-1.0
1787224774.0938704,34.33396771120697,0.0,112.0,0.0,0.41821269924222626,1.0,0.4,1.0,reacquire:road,0,0,0,0,-1.0
1787224774.127291,34.85989689100415,0.0,112.0,0.0,0.4184740005226026,1.0,0.4,1.0,reacquire:road,0,0,0,0,-1.0
1787224774.1625862,33.538752583319535,0.0,112.0,0.0,0.41912725372354326,1.0,0.4,1.0,reacquire:road,0,0,0,0,-1.0
1787224774.1899548,32.827203832606955,0.0,112.0,0.0,0.4200418082048602,1.0,0.4,1.0,reacquire:road,0,0,0,0,-1.0
1787224774.2237403,33.55916138305066,0.0,112.0,0.0,0.41873530180297885,1.0,0.4,1.0,reacquire:road,0,0,0,0,-1.0
1787224774.2531748,32.45157512980846,0.0,112.0,0.0,0.420825712045989,1.0,0.4,1.0,reacquire:road,0,0,0,0,-1.0
1787224774.2807,33.18950789382549,0.0,112.0,0.0,0.4193885550039195,1.0,0.4,1.0,reacquire:road,0,0,0,0,-1.0
1787224774.3127055,33.87483483797776,0.0,112.0,0.0,0.4196498562842958,1.0,0.4,1.0,reacquire:road,0,0,0,0,-1.0
1787224774.3417027,33.326813964618864,0.0,112.0,0.0,0.41978050692448393,1.0,0.4,1.0,reacquire:road,0,0,0,0,-1.0
1787224774.3681471,33.584513929113164,0.0,112.0,0.0,0.4196498562842958,1.0,0.4,1.0,reacquire:road,0,0,0,0,-1.0
1787224774.4018521,34.42695834981461,0.0,112.0,0.0,0.4192579043637314,1.0,0.4,1.0,reacquire:road,0,0,0,0,-1.0
1787224774.4346018,33.42430009546321,0.0,112.0,0.0,0.41951920564410766,1.0,0.4,1.0,reacquire:road,0,0,0,0,-1.0
1787224774.461739,32.90150357890362,0.0,112.0,0.0,0.42030310948523647,1.0,0.4,1.0,reacquire:road,0,0,0,0,-1.0
1787224774.4933634,33.69511495760531,0.0,112.0,0.0,0.4184740005226026,1.0,0.4,1.0,reacquire:road,0,0,0,0,-1.0
1787224774.5210314,33.24070130973775,0.0,112.0,0.0,0.41821269924222626,1.0,0.4,1.0,reacquire:road,0,0,0,0,-1.0
1787224774.5490732,33.85403831183052,0.0,112.0,0.0,0.41742879540109745,1.0,0.4,1.0,reacquire:road,0,0,0,0,-1.0
1787224774.5805862,34.23421156204147,0.0,112.0,0.0,0.42056441076561274,1.0,0.4,1.0,reacquire:road,0,0,0,0,-1.0
1787224774.6096885,33.601014570092325,0.0,112.0,0.0,0.42030310948523647,1.0,0.4,1.0,reacquire:road,0,0,0,0,-1.0
1787224774.6370616,33.91605247887687,0.0,112.0,0.0,0.42017245884504834,1.0,0.4,1.0,reacquire:road,0,0,0,0,-1.0
1787224774.6693912,34.24944394799582,0.0,112.0,0.0,0.4192579043637314,1.0,0.4,1.0,reacquire:road,0,0,0,0,-1.0
1787224774.6978438,33.408603041884305,0.0,112.0,0.0,0.42030310948523647,1.0,0.4,1.0,reacquire:road,0,0,0,0,-1.0
1787224774.7243404,34.19443684304474,0.0,112.0,0.0,0.4193885550039195,1.0,0.4,1.0,reacquire:road,0,0,0,0,-1.0
1787224774.7566998,34.908562182381516,0.0,112.0,0.0,0.42017245884504834,1.0,0.4,1.0,reacquire:road,0,0,0,0,-1.0
1787224774.7844985,34.01174227209363,0.0,112.0,0.0,0.4210870133263653,1.0,0.4,1.0,reacquire:road,0,0,0,0,-1.0
1787224774.811483,34.53666127264683,0.0,112.0,0.0,0.421740266527306,1.0,0.4,1.0,reacquire:road,0,0,0,0,-1.0
1787224774.843146,35.04217443401592,0.0,112.0,0.0,0.41912725372354326,1.0,0.4,1.0,reacquire:road,0,0,0,0,-1.0
1787224774.8726537,34.191672484302735,0.0,112.0,0.0,0.4200418082048602,1.0,0.4,1.0,reacquire:road,0,0,0,0,-1.0
1787224774.8994367,34.307356038205164,0.0,112.0,0.0,0.4206950614058009,1.0,0.4,1.0,reacquire:road,0,0,0,0,-1.0
1787224774.9328828,34.9350237068989,0.0,112.0,0.0,0.4193885550039195,1.0,0.4,1.0,reacquire:road,0,0,0,0,-1.0
1787224774.961789,33.90900698140416,0.0,112.0,0.0,0.4192579043637314,1.0,0.4,1.0,reacquire:road,0,0,0,0,-1.0
1787224774.9883468,34.068590035925126,0.0,112.0,0.0,0.42134831460674155,1.0,0.4,1.0,reacquire:road,0,0,0,0,-1.0
1787224775.0203621,34.74446383662335,0.0,112.0,0.0,0.4200418082048602,1.0,0.4,1.0,reacquire:road,0,0,0,0,-1.0
1787224775.0487142,33.945445917808414,0.0,112.0,0.0,0.41795139796185,1.0,0.4,1.0,reacquire:road,0,0,0,0,-1.0
1787224775.0756598,34.36977580002214,0.0,112.0,0.0,0.42095636268617714,1.0,0.4,1.0,reacquire:road,0,0,0,0,-1.0
1787224775.1103504,34.589205477001755,0.0,112.0,0.0,0.4192579043637314,1.0,0.4,1.0,reacquire:road,0,0,0,0,-1.0
1787224775.1379225,33.63867889374272,0.0,112.0,0.0,0.4200418082048602,1.0,0.4,1.0,reacquire:road,0,0,0,0,-1.0
1787224775.1644158,34.1769127717343,0.0,112.0,0.0,0.42030310948523647,1.0,0.4,1.0,reacquire:road,0,0,0,0,-1.0
1787224775.1956835,34.90590970565508,0.0,112.0,0.0,0.420825712045989,1.0,0.4,1.0,reacquire:road,0,0,0,0,-1.0
1787224775.2240045,34.31178054429012,0.0,112.0,0.0,0.421740266527306,1.0,0.4,1.0,reacquire:road,0,0,0,0,-1.0
1787224775.2505677,34.39500187719871,0.0,112.0,0.0,0.41821269924222626,1.0,0.4,1.0,reacquire:road,0,0,0,0,-1.0
1787224775.2826533,35.195937113166835,0.0,112.0,0.0,0.4216096158871179,1.0,0.4,1.0,reacquire:road,0,0,0,0,-1.0
1787224775.3118968,34.37132969181437,0.0,112.0,0.0,0.41991115756467207,1.0,0.4,1.0,reacquire:road,0,0,0,0,-1.0
1787224775.3381374,34.35358192303029,0.0,112.0,0.0,0.42017245884504834,1.0,0.4,1.0,reacquire:road,0,0,0,0,-1.0
1787224775.3695722,35.106961034785996,0.0,112.0,0.0,0.421740266527306,1.0,0.4,1.0,reacquire:road,0,0,0,0,-1.0
1787224775.3987541,34.41929254021984,0.0,112.0,0.0,0.42030310948523647,1.0,0.4,1.0,reacquire:road,0,0,0,0,-1.0
1787224775.4254713,34.42389561449255,0.0,112.0,0.0,0.41978050692448393,1.0,0.4,1.0,reacquire:road,0,0,0,0,-1.0
1787224775.457749,35.01795651603008,0.0,112.0,0.0,0.42095636268617714,1.0,0.4,1.0,reacquire:road,0,0,0,0,-1.0
1787224775.4860518,34.02361928381002,0.0,112.0,0.0,0.4204337601254246,1.0,0.4,1.0,reacquire:road,0,0,0,0,-1.0
1787224775.517807,34.53297276953837,0.0,112.0,0.0,0.4223935197282467,1.0,0.4,1.0,reacquire:road,0,0,0,0,-1.0
1787224775.5514617,33.92795266400977,0.0,112.0,0.0,0.41951920564410766,1.0,0.4,1.0,reacquire:road,0,0,0,0,-1.0
1787224775.5815153,32.84866212321231,0.0,112.0,0.0,0.4206950614058009,1.0,0.4,1.0,reacquire:road,0,0,0,0,-1.0
1787224775.608171,33.26015501950087,0.0,112.0,0.0,0.4189966030833551,1.0,0.4,1.0,reacquire:road,0,0,0,0,-1.0
1787224775.6399672,34.125308769770356,0.0,112.0,0.0,0.42187091716749414,1.0,0.4,1.0,reacquire:road,0,0,0,0,-1.0
1787224775.6674895,33.53325719354318,0.0,112.0,0.0,0.4204337601254246,1.0,0.4,1.0,reacquire:road,0,0,0,0,-1.0
1787224775.6951702,34.16953759733861,0.0,112.0,0.0,0.4216096158871179,1.0,0.4,1.0,reacquire:road,0,0,0,0,-1.0
1787224775.7286563,34.55445999144991,0.0,112.0,0.0,0.4212176639665534,1.0,0.4,1.0,reacquire:road,0,0,0,0,-1.0
1787224775.759198,33.6009485353114,0.0,112.0,0.0,0.420825712045989,1.0,0.4,1.0,reacquire:road,0,0,0,0,-1.0
1787224775.7860284,33.4427886793202,0.0,112.0,0.0,0.4200418082048602,1.0,0.4,1.0,reacquire:road,0,0,0,0,-1.0
1787224775.8198886,34.19980463738261,0.0,112.0,0.0,0.4220015678076823,1.0,0.4,1.0,reacquire:road,0,0,0,0,-1.0
1787224775.8476524,33.15671647674722,0.0,112.0,0.0,0.4212176639665534,1.0,0.4,1.0,reacquire:road,0,0,0,0,-1.0
1787224775.874343,33.92050138925611,0.0,112.0,0.0,0.4200418082048602,1.0,0.4,1.0,reacquire:road,0,0,0,0,-1.0
1787224775.9061022,34.630991422443536,0.0,112.0,0.0,0.4196498562842958,1.0,0.4,1.0,reacquire:road,0,0,0,0,-1.0
1787224775.9343848,33.94999857664045,0.0,112.0,0.0,0.4216096158871179,1.0,0.4,1.0,reacquire:road,0,0,0,0,-1.0
1787224775.9613776,34.29275449374711,0.0,112.0,0.0,0.41991115756467207,1.0,0.4,1.0,reacquire:road,0,0,0,0,-1.0
1787224775.993225,34.84985445963382,0.0,112.0,0.0,0.4210870133263653,1.0,0.4,1.0,reacquire:road,0,0,0,0,-1.0
1787224776.0207314,34.12790392150382,0.0,112.0,0.0,0.41795139796185,1.0,0.4,1.0,reacquire:road,0,0,0,0,-1.0
1787224776.0471377,34.61254279871242,0.0,112.0,0.0,0.42017245884504834,1.0,0.4,1.0,reacquire:road,0,0,0,0,-1.0
1787224776.079013,35.24801110157494,0.0,112.0,0.0,0.4210870133263653,1.0,0.4,1.0,reacquire:road,0,0,0,0,-1.0
1787224776.1076422,34.42055079637347,0.0,112.0,0.0,0.4210870133263653,1.0,0.4,1.0,reacquire:road,0,0,0,0,-1.0
1787224776.1336458,34.60112677552566,0.0,112.0,0.0,0.4223935197282467,1.0,0.4,1.0,reacquire:road,0,0,0,0,-1.0
1787224776.168014,35.37900430378436,0.0,112.0,0.0,0.420825712045989,1.0,0.4,1.0,reacquire:road,0,0,0,0,-1.0
1787224776.1969025,33.8098330533859,0.0,112.0,0.0,0.42017245884504834,1.0,0.4,1.0,reacquire:road,0,0,0,0,-1.0
1787224776.2250774,34.466912409784214,0.0,112.0,0.0,0.4216096158871179,1.0,0.4,1.0,reacquire:road,0,0,0,0,-1.0
1787224776.2568562,34.678384977233094,0.0,112.0,0.0,0.42187091716749414,1.0,0.4,1.0,reacquire:road,0,0,0,0,-1.0
1787224776.2843204,33.99450185589181,0.0,112.0,0.0,0.4193885550039195,1.0,0.4,1.0,reacquire:road,0,0,0,0,-1.0
1787224776.3113422,34.51547834682113,0.0,112.0,0.0,0.41991115756467207,1.0,0.4,1.0,reacquire:road,0,0,0,0,-1.0
1787224776.343502,35.03065455614872,0.0,112.0,0.0,0.4204337601254246,1.0,0.4,1.0,reacquire:road,0,0,0,0,-1.0
1787224776.3735054,34.11313936738843,0.0,112.0,0.0,0.4192579043637314,1.0,0.4,1.0,reacquire:road,0,0,0,0,-1.0
1787224776.3995135,34.10674263068128,0.0,112.0,0.0,0.4196498562842958,1.0,0.4,1.0,reacquire:road,0,0,0,0,-1.0
1787224776.4318643,34.839817017071326,0.0,112.0,0.0,0.4200418082048602,1.0,0.4,1.0,reacquire:road,0,0,0,0,-1.0
1787224776.460265,34.05048425116628,0.0,112.0,0.0,0.4200418082048602,1.0,0.4,1.0,reacquire:road,0,0,0,0,-1.0
1787224776.4871044,34.413421498228175,0.0,112.0,0.0,0.420825712045989,1.0,0.4,1.0,reacquire:road,0,0,0,0,-1.0
1787224776.519396,34.943152104071636,0.0,112.0,0.0,0.4204337601254246,1.0,0.4,1.0,reacquire:road,0,0,0,0,-1.0
1787224776.5481198,34.154000772027366,0.0,112.0,0.0,0.42095636268617714,1.0,0.4,1.0,reacquire:road,0,0,0,0,-1.0
1787224776.5768087,34.31196010651054,0.0,112.0,0.0,0.4204337601254246,1.0,0.4,1.0,reacquire:road,0,0,0,0,-1.0
1787224776.60863,34.41362408513589,0.0,112.0,0.0,0.41912725372354326,1.0,0.4,1.0,reacquire:road,0,0,0,0,-1.0
1787224776.6367025,33.81002972407547,0.0,112.0,0.0,0.4193885550039195,1.0,0.4,1.0,reacquire:road,0,0,0,0,-1.0
1787224776.6630826,34.175721073656376,0.0,112.0,0.0,0.42095636268617714,1.0,0.4,1.0,reacquire:road,0,0,0,0,-1.0
1787224776.6945577,34.92572565338443,0.0,112.0,0.0,0.41951920564410766,1.0,0.4,1.0,reacquire:road,0,0,0,0,-1.0
1787224776.722365,34.25070795225855,0.0,112.0,0.0,0.41978050692448393,1.0,0.4,1.0,reacquire:road,0,0,0,0,-1.0
1787224776.748457,34.64188500737498,0.0,112.0,0.0,0.418865952443167,1.0,0.4,1.0,reacquire:road,0,0,0,0,-1.0
1787224776.7808418,35.399268907952454,0.0,112.0,0.0,0.42056441076561274,1.0,0.4,1.0,reacquire:road,0,0,0,0,-1.0
1787224776.8124065,34.477228238153636,0.0,112.0,0.0,0.42030310948523647,1.0,0.4,1.0,reacquire:road,0,0,0,0,-1.0
1787224776.8389459,33.93399888196545,0.0,112.0,0.0,0.4210870133263653,1.0,0.4,1.0,reacquire:road,0,0,0,0,-1.0
1787224776.870384,34.65598992855539,0.0,112.0,0.0,0.4221322184478704,1.0,0.4,1.0,reacquire:road,0,0,0,0,-1.0
1787224776.8983774,34.08161416868468,0.0,112.0,0.0,0.42187091716749414,1.0,0.4,1.0,reacquire:road,0,0,0,0,-1.0
1787224776.9269931,34.42056159398534,0.0,112.0,0.0,0.4196498562842958,1.0,0.4,1.0,reacquire:road,0,0,0,0,-1.0
1787224776.9593823,34.51375416069614,0.0,112.0,0.0,0.4192579043637314,1.0,0.4,1.0,reacquire:road,0,0,0,0,-1.0
1787224776.9877167,33.795216251257926,0.0,112.0,0.0,0.42017245884504834,1.0,0.4,1.0,reacquire:road,0,0,0,0,-1.0
1787224777.0161786,33.97282888152404,0.0,112.0,0.0,0.41821269924222626,1.0,0.4,1.0,reacquire:road,0,0,0,0,-1.0
1787224777.0483975,34.347694256730236,0.0,112.0,0.0,0.4192579043637314,1.0,0.4,1.0,reacquire:road,0,0,0,0,-1.0
1787224777.0770392,33.599909628345536,0.0,112.0,0.0,0.421740266527306,1.0,0.4,1.0,reacquire:road,0,0,0,0,-1.0
1787224777.10335,33.98070941708183,0.0,112.0,0.0,0.41951920564410766,1.0,0.4,1.0,reacquire:road,0,0,0,0,-1.0
1787224777.1347463,34.7758337211778,0.0,112.0,0.0,0.41951920564410766,1.0,0.4,1.0,reacquire:road,0,0,0,0,-1.0
1787224777.1637735,34.07561718363745,0.0,112.0,0.0,0.4212176639665534,1.0,0.4,1.0,reacquire:road,0,0,0,0,-1.0
1787224777.1910796,34.29146874240806,0.0,112.0,0.0,0.41991115756467207,1.0,0.4,1.0,reacquire:road,0,0,0,0,-1.0
1787224777.2245967,34.74212782892144,0.0,112.0,0.0,0.4204337601254246,1.0,0.4,1.0,reacquire:road,0,0,0,0,-1.0
1787224777.2539446,33.70342329622846,0.0,112.0,0.0,0.4210870133263653,1.0,0.4,1.0,reacquire:road,0,0,0,0,-1.0
1787224777.280506,33.84799972006391,0.0,112.0,0.0,0.42056441076561274,1.0,0.4,1.0,reacquire:road,0,0,0,0,-1.0
1787224777.3120396,34.635840291622856,0.0,112.0,0.0,0.41873530180297885,1.0,0.4,1.0,reacquire:road,0,0,0,0,-1.0
1787224777.3425379,33.94091249090242,0.0,112.0,0.0,0.4206950614058009,1.0,0.4,1.0,reacquire:road,0,0,0,0,-1.0
1787224777.3688297,33.83611023391479,0.0,112.0,0.0,0.4200418082048602,1.0,0.4,1.0,reacquire:road,0,0,0,0,-1.0
1787224777.4002512,34.65809878856208,0.0,112.0,0.0,0.42056441076561274,1.0,0.4,1.0,reacquire:road,0,0,0,0,-1.0
1787224777.4298985,34.09180460722206,0.0,112.0,0.0,0.4206950614058009,1.0,0.4,1.0,reacquire:road,0,0,0,0,-1.0
1787224777.458245,34.03243182199208,0.0,112.0,0.0,0.4204337601254246,1.0,0.4,1.0,reacquire:road,0,0,0,0,-1.0
1787224777.4901612,34.2773464334676,0.0,112.0,0.0,0.42095636268617714,1.0,0.4,1.0,reacquire:road,0,0,0,0,-1.0
1787224777.5174508,33.66969294942488,0.0,112.0,0.0,0.4193885550039195,1.0,0.4,1.0,reacquire:road,0,0,0,0,-1.0
1787224777.5440354,34.265621007999094,0.0,112.0,0.0,0.42134831460674155,1.0,0.4,1.0,reacquire:road,0,0,0,0,-1.0
1787224777.5758162,34.96822711760535,0.0,112.0,0.0,0.418865952443167,1.0,0.4,1.0,reacquire:road,0,0,0,0,-1.0
1787224777.604172,34.12792422051564,0.0,112.0,0.0,0.4200418082048602,1.0,0.4,1.0,reacquire:road,0,0,0,0,-1.0
1787224777.6301875,34.52006886276994,0.0,112.0,0.0,0.42147896524692974,1.0,0.4,1.0,reacquire:road,0,0,0,0,-1.0
1787224777.6624923,35.32802563788765,0.0,112.0,0.0,0.4221322184478704,1.0,0.4,1.0,reacquire:road,0,0,0,0,-1.0
1787224777.6942809,34.41398850192753,0.0,112.0,0.0,0.42095636268617714,1.0,0.4,1.0,reacquire:road,0,0,0,0,-1.0
1787224777.720822,33.856441518669634,0.0,112.0,0.0,0.4172981447609093,1.0,0.4,1.0,reacquire:road,0,0,0,0,-1.0
1787224777.7524114,34.60921563681878,0.0,112.0,0.0,0.42095636268617714,1.0,0.4,1.0,reacquire:road,0,0,0,0,-1.0
1787224777.7797782,34.00122429525186,0.0,112.0,0.0,0.42017245884504834,1.0,0.4,1.0,reacquire:road,0,0,0,0,-1.0
1787224777.806952,34.54774527783443,0.0,112.0,0.0,0.42134831460674155,1.0,0.4,1.0,reacquire:road,0,0,0,0,-1.0
1787224777.8393843,34.988294640090004,0.0,112.0,0.0,0.41951920564410766,1.0,0.4,1.0,reacquire:road,0,0,0,0,-1.0
1787224777.8677013,34.09267089336089,0.0,112.0,0.0,0.4220015678076823,1.0,0.4,1.0,reacquire:road,0,0,0,0,-1.0
1787224777.8947563,34.422426813308704,0.0,112.0,0.0,0.4206950614058009,1.0,0.4,1.0,reacquire:road,0,0,0,0,-1.0
1787224777.9292262,34.94510798798119,0.0,112.0,0.0,0.42226286908805855,1.0,0.4,1.0,reacquire:road,0,0,0,0,-1.0
1787224777.9579895,33.74207454964554,0.0,112.0,0.0,0.42017245884504834,1.0,0.4,1.0,reacquire:road,0,0,0,0,-1.0
1787224777.9847438,33.969442789963495,0.0,112.0,0.0,0.4196498562842958,1.0,0.4,1.0,reacquire:road,0,0,0,0,-1.0
1787224778.0177457,34.63043570514189,0.0,112.0,0.0,0.42147896524692974,1.0,0.4,1.0,reacquire:road,0,0,0,0,-1.0
1787224778.0464387,33.677481709875266,0.0,112.0,0.0,0.42095636268617714,1.0,0.4,1.0,reacquire:road,0,0,0,0,-1.0
1787224778.0737202,34.05100914324184,0.0,112.0,0.0,0.42095636268617714,1.0,0.4,1.0,reacquire:road,0,0,0,0,-1.0
1787224778.1051052,34.571918759113515,0.0,112.0,0.0,0.42030310948523647,1.0,0.4,1.0,reacquire:road,0,0,0,0,-1.0
1787224778.1357243,33.94743320749506,0.0,112.0,0.0,0.41978050692448393,1.0,0.4,1.0,reacquire:road,0,0,0,0,-1.0
1787224778.1624923,33.75082290376696,0.0,112.0,0.0,0.42056441076561274,1.0,0.4,1.0,reacquire:road,0,0,0,0,-1.0
1787224778.1954975,34.34774667925008,0.0,112.0,0.0,0.42030310948523647,1.0,0.4,1.0,reacquire:road,0,0,0,0,-1.0
1787224778.2239592,33.596556449663105,0.0,112.0,0.0,0.4210870133263653,1.0,0.4,1.0,reacquire:road,0,0,0,0,-1.0
1787224778.250644,33.96998626051933,0.0,112.0,0.0,0.41978050692448393,1.0,0.4,1.0,reacquire:road,0,0,0,0,-1.0
1787224778.2828884,34.64095656885222,0.0,112.0,0.0,0.42226286908805855,1.0,0.4,1.0,reacquire:road,0,0,0,0,-1.0
1787224778.3113341,33.89743523320198,0.0,112.0,0.0,0.41951920564410766,1.0,0.4,1.0,reacquire:road,0,0,0,0,-1.0
1787224778.3415668,34.17952805828977,0.0,112.0,0.0,0.42147896524692974,1.0,0.4,1.0,reacquire:road,0,0,0,0,-1.0
1787224778.3740633,33.96165583316001,0.0,112.0,0.0,0.4212176639665534,1.0,0.4,1.0,reacquire:road,0,0,0,0,-1.0
1787224778.4023445,33.27242606735206,0.0,112.0,0.0,0.4200418082048602,1.0,0.4,1.0,reacquire:road,0,0,0,0,-1.0
1787224778.4285624,33.770464376840664,0.0,112.0,0.0,0.418865952443167,1.0,0.4,1.0,reacquire:road,0,0,0,0,-1.0
1787224778.4598835,34.65137963237309,0.0,112.0,0.0,0.41991115756467207,1.0,0.4,1.0,reacquire:road,0,0,0,0,-1.0
1787224778.4879804,34.00658505167897,0.0,112.0,0.0,0.4225241703684348,1.0,0.4,1.0,reacquire:road,0,0,0,0,-1.0
1787224778.514113,34.43437044128777,0.0,112.0,0.0,0.42134831460674155,1.0,0.4,1.0,reacquire:road,0,0,0,0,-1.0
1787224778.5462124,35.21992596058409,0.0,112.0,0.0,0.41978050692448393,1.0,0.4,1.0,reacquire:road,0,0,0,0,-1.0
1787224778.5863347,34.31977209916885,0.0,112.0,0.0,0.41951920564410766,1.0,0.4,1.0,reacquire:road,0,0,0,0,-1.0
1787224778.613172,32.488989426881474,0.0,112.0,0.0,0.4206950614058009,1.0,0.4,1.0,reacquire:road,0,0,0,0,-1.0
1787224778.6446736,33.460224836111735,0.0,112.0,0.0,0.4196498562842958,1.0,0.4,1.0,reacquire:road,0,0,0,0,-1.0
1787224778.6732264,32.99603265128885,0.0,112.0,0.0,0.4204337601254246,1.0,0.4,1.0,reacquire:road,0,0,0,0,-1.0
1787224778.6992564,33.55588369983509,0.0,112.0,0.0,0.4196498562842958,1.0,0.4,1.0,reacquire:road,0,0,0,0,-1.0
1787224778.7314,34.50472414434489,0.0,112.0,0.0,0.41912725372354326,1.0,0.4,1.0,reacquire:road,0,0,0,0,-1.0
1787224778.7589781,33.80745395668637,0.0,112.0,0.0,0.42147896524692974,1.0,0.4,1.0,reacquire:road,0,0,0,0,-1.0
1787224778.7856987,34.21501834015995,0.0,112.0,0.0,0.42056441076561274,1.0,0.4,1.0,reacquire:road,0,0,0,0,-1.0
1787224778.8208597,34.96361050224048,0.0,112.0,0.0,0.420825712045989,1.0,0.4,1.0,reacquire:road,0,0,0,0,-1.0
1787224778.8496506,33.40114677891313,0.0,112.0,0.0,0.42095636268617714,1.0,0.4,1.0,reacquire:road,0,0,0,0,-1.0
1787224778.8765948,34.0790433732085,0.0,112.0,0.0,0.421740266527306,1.0,0.4,1.0,reacquire:road,0,0,0,0,-1.0
1787224778.907866,34.7373563930379,0.0,112.0,0.0,0.4204337601254246,1.0,0.4,1.0,reacquire:road,0,0,0,0,-1.0
1787224778.9364965,34.091850927584524,0.0,112.0,0.0,0.4206950614058009,1.0,0.4,1.0,reacquire:road,0,0,0,0,-1.0
1787224778.9626634,34.356474696704005,0.0,112.0,0.0,0.42017245884504834,1.0,0.4,1.0,reacquire:road,0,0,0,0,-1.0
1787224778.9945488,35.148254000365284,0.0,112.0,0.0,0.4216096158871179,1.0,0.4,1.0,reacquire:road,0,0,0,0,-1.0
1787224779.026683,34.35949306131559,0.0,112.0,0.0,0.41742879540109745,1.0,0.4,1.0,reacquire:road,0,0,0,0,-1.0
1787224779.0532484,33.743002249102055,0.0,112.0,0.0,0.4192579043637314,1.0,0.4,1.0,reacquire:road,0,0,0,0,-1.0
1787224779.0841048,34.505966510404306,0.0,112.0,0.0,0.4189966030833551,1.0,0.4,1.0,reacquire:road,0,0,0,0,-1.0
1787224779.1143308,33.66286002271517,0.0,112.0,0.0,0.4186046511627907,1.0,0.4,1.0,reacquire:road,0,0,0,0,-1.0
1787224779.143266,34.07211520752096,0.0,112.0,0.0,0.4167755422001568,1.0,0.4,1.0,reacquire:road,0,0,0,0,-1.0
1787224779.175019,34.160515700406414,0.0,112.0,0.0,0.4204337601254246,1.0,0.4,1.0,reacquire:road,0,0,0,0,-1.0
1787224779.2029572,33.53908020802355,0.0,112.0,0.0,0.4184740005226026,1.0,0.4,1.0,reacquire:road,0,0,0,0,-1.0
1787224779.2305057,34.08789385958808,0.0,112.0,0.0,0.418865952443167,1.0,0.4,1.0,reacquire:road,0,0,0,0,-1.0
1787224779.262688,34.55465598375987,0.0,112.0,0.0,0.4189966030833551,1.0,0.4,1.0,reacquire:road,0,0,0,0,-1.0
1787224779.2911212,33.81238807005954,0.0,112.0,0.0,0.4196498562842958,1.0,0.4,1.0,reacquire:road,0,0,0,0,-1.0
1787224779.3174,34.12963892438329,0.0,112.0,0.0,0.4200418082048602,1.0,0.4,1.0,reacquire:road,0,0,0,0,-1.0
1787224779.3509026,34.90435246643,0.0,112.0,0.0,0.42030310948523647,1.0,0.4,1.0,reacquire:road,0,0,0,0,-1.0
1787224779.381139,33.34180935715247,0.0,112.0,0.0,0.421740266527306,1.0,0.4,1.0,reacquire:road,0,0,0,0,-1.0
1787224779.4098048,34.15906434078654,0.0,112.0,0.0,0.42056441076561274,1.0,0.4,1.0,reacquire:road,0,0,0,0,-1.0
1787224779.443733,34.30304605836297,0.0,112.0,0.0,0.4204337601254246,1.0,0.4,1.0,reacquire:road,0,0,0,0,-1.0
1787224779.4724603,33.2541526555315,0.0,112.0,0.0,0.4196498562842958,1.0,0.4,1.0,reacquire:road,0,0,0,0,-1.0
1787224779.499565,33.68528350478222,0.0,112.0,0.0,0.4186046511627907,1.0,0.4,1.0,reacquire:road,0,0,0,0,-1.0
1787224779.5310588,34.29333275055507,0.0,112.0,0.0,0.41951920564410766,1.0,0.4,1.0,reacquire:road,0,0,0,0,-1.0
1787224779.5588665,33.67645843870537,0.0,112.0,0.0,0.41951920564410766,1.0,0.4,1.0,reacquire:road,0,0,0,0,-1.0
1787224779.58505,34.3130088427089,0.0,112.0,0.0,0.4180820486020381,1.0,0.4,1.0,reacquire:road,0,0,0,0,-1.0
1787224779.6161776,35.04910812182524,0.0,112.0,0.0,0.4192579043637314,1.0,0.4,1.0,reacquire:road,0,0,0,0,-1.0
1787224779.648313,34.36870647701164,0.0,112.0,0.0,0.41978050692448393,1.0,0.4,1.0,reacquire:road,0,0,0,0,-1.0
1787224779.6754212,33.830713998059345,0.0,112.0,0.0,0.42147896524692974,1.0,0.4,1.0,reacquire:road,0,0,0,0,-1.0
1787224779.7081172,34.443893451961365,0.0,112.0,0.0,0.41912725372354326,1.0,0.4,1.0,reacquire:road,0,0,0,0,-1.0
1787224779.7380798,33.61054563076456,0.0,112.0,0.0,0.42134831460674155,1.0,0.4,1.0,reacquire:road,0,0,0,0,-1.0
1787224779.7646577,33.63205164136178,0.0,112.0,0.0,0.42017245884504834,1.0,0.4,1.0,reacquire:road,0,0,0,0,-1.0
1787224779.7962444,34.439696466668636,0.0,112.0,0.0,0.4200418082048602,1.0,0.4,1.0,reacquire:road,0,0,0,0,-1.0
1787224779.824725,33.739536155159556,0.0,112.0,0.0,0.42030310948523647,1.0,0.4,1.0,reacquire:road,0,0,0,0,-1.0
1787224779.8535352,34.20589935704124,0.0,112.0,0.0,0.4212176639665534,1.0,0.4,1.0,reacquire:road,0,0,0,0,-1.0
1787224779.8852692,34.296514847659736,0.0,112.0,0.0,0.4200418082048602,1.0,0.4,1.0,reacquire:road,0,0,0,0,-1.0
1787224779.9119089,33.73059393062606,0.0,112.0,0.0,0.4200418082048602,1.0,0.4,1.0,reacquire:road,0,0,0,0,-1.0
1787224779.9406822,34.517451407232926,0.0,112.0,0.0,0.41991115756467207,1.0,0.4,1.0,reacquire:road,0,0,0,0,-1.0
1787224779.9728086,34.44719656163905,0.0,112.0,0.0,0.4196498562842958,1.0,0.4,1.0,reacquire:road,0,0,0,0,-1.0
1787224780.000969,33.810424793596034,0.0,112.0,0.0,0.4175594460412856,1.0,0.4,1.0,reacquire:road,0,0,0,0,-1.0
1787224780.0275524,34.21546768830454,0.0,112.0,0.0,0.42017245884504834,1.0,0.4,1.0,reacquire:road,0,0,0,0,-1.0
1787224780.0592089,34.92064629453838,0.0,112.0,0.0,0.41991115756467207,1.0,0.4,1.0,reacquire:road,0,0,0,0,-1.0
1787224780.089056,34.15027973085674,0.0,112.0,0.0,0.420825712045989,1.0,0.4,1.0,reacquire:road,0,0,0,0,-1.0
1787224780.1150057,34.139139798644415,0.0,112.0,0.0,0.42095636268617714,1.0,0.4,1.0,reacquire:road,0,0,0,0,-1.0
1787224780.1469824,34.99770071616767,0.0,112.0,0.0,0.41978050692448393,1.0,0.4,1.0,reacquire:road,0,0,0,0,-1.0
1787224780.1756508,34.23591663750039,0.0,112.0,0.0,0.4192579043637314,1.0,0.4,1.0,reacquire:road,0,0,0,0,-1.0
1787224780.2020204,34.40712528689915,0.0,112.0,0.0,0.42056441076561274,1.0,0.4,1.0,reacquire:road,0,0,0,0,-1.0
1787224780.2337334,35.100895691341634,0.0,112.0,0.0,0.420825712045989,1.0,0.4,1.0,reacquire:road,0,0,0,0,-1.0
1787224780.2616355,34.33645971628886,0.0,112.0,0.0,0.42056441076561274,1.0,0.4,1.0,reacquire:road,0,0,0,0,-1.0
1787224780.288344,34.713038362868,0.0,112.0,0.0,0.42017245884504834,1.0,0.4,1.0,reacquire:road,0,0,0,0,-1.0
1787224780.3221574,35.2603980662564,0.0,112.0,0.0,0.41991115756467207,1.0,0.4,1.0,reacquire:road,0,0,0,0,-1.0
1787224780.3491507,34.11493804587784,0.0,112.0,0.0,0.41873530180297885,1.0,0.4,1.0,reacquire:road,0,0,0,0,-1.0
1787224780.377228,34.686206748471406,0.0,112.0,0.0,0.4180820486020381,1.0,0.4,1.0,reacquire:road,0,0,0,0,-1.0
1787224780.4089515,34.89753271507803,0.0,112.0,0.0,0.41978050692448393,1.0,0.4,1.0,reacquire:road,0,0,0,0,-1.0
1787224780.4380991,33.964322115941734,0.0,112.0,0.0,0.42030310948523647,1.0,0.4,1.0,reacquire:road,0,0,0,0,-1.0
1787224780.4650843,34.36688255380094,0.0,112.0,0.0,0.4206950614058009,1.0,0.4,1.0,reacquire:road,0,0,0,0,-1.0
1787224780.4976985,34.84765686918453,0.0,112.0,0.0,0.4193885550039195,1.0,0.4,1.0,reacquire:road,0,0,0,0,-1.0
1787224780.5278528,33.99489499204468,0.0,112.0,0.0,0.42056441076561274,1.0,0.4,1.0,reacquire:road,0,0,0,0,-1.0
1787224780.5556605,33.780165415537155,0.0,112.0,0.0,0.4200418082048602,1.0,0.4,1.0,reacquire:road,0,0,0,0,-1.0
1787224780.5872724,34.35321357711764,0.0,112.0,0.0,0.4212176639665534,1.0,0.4,1.0,reacquire:road,0,0,0,0,-1.0
1787224780.6157923,33.717906326960154,0.0,112.0,0.0,0.421740266527306,1.0,0.4,1.0,reacquire:road,0,0,0,0,-1.0
1787224780.6427298,34.086481311932246,0.0,112.0,0.0,0.4206950614058009,1.0,0.4,1.0,reacquire:road,0,0,0,0,-1.0
1787224780.674194,34.709806564664554,0.0,112.0,0.0,0.4200418082048602,1.0,0.4,1.0,reacquire:road,0,0,0,0,-1.0
1787224780.702159,34.11619447302969,0.0,112.0,0.0,0.4206950614058009,1.0,0.4,1.0,reacquire:road,0,0,0,0,-1.0
1787224780.7291286,34.44575767076053,0.0,112.0,0.0,0.41978050692448393,1.0,0.4,1.0,reacquire:road,0,0,0,0,-1.0
1787224780.7628787,34.657267598720885,0.0,112.0,0.0,0.4200418082048602,1.0,0.4,1.0,reacquire:road,0,0,0,0,-1.0
1787224780.7908864,33.70408861085017,0.0,112.0,0.0,0.42304677292918735,1.0,0.4,1.0,reacquire:road,0,0,0,0,-1.0
1787224780.8170724,34.35267497093627,0.0,112.0,0.0,0.4186046511627907,1.0,0.4,1.0,reacquire:road,0,0,0,0,-1.0
1787224780.8497236,35.11320164857346,0.0,112.0,0.0,0.4192579043637314,1.0,0.4,1.0,reacquire:road,0,0,0,0,-1.0
1787224780.877564,34.18701471015172,0.0,112.0,0.0,0.41821269924222626,1.0,0.4,1.0,reacquire:road,0,0,0,0,-1.0
1787224780.904227,34.58067313932463,0.0,112.0,0.0,0.4192579043637314,1.0,0.4,1.0,reacquire:road,0,0,0,0,-1.0
1787224780.936264,35.16506889272403,0.0,112.0,0.0,0.4196498562842958,1.0,0.4,1.0,reacquire:road,0,0,0,0,-1.0
1787224780.9661908,34.353418760560615,0.0,112.0,0.0,0.41951920564410766,1.0,0.4,1.0,reacquire:road,0,0,0,0,-1.0
1787224780.9928284,34.17802313916926,0.0,112.0,0.0,0.4204337601254246,1.0,0.4,1.0,reacquire:road,0,0,0,0,-1.0
1787224781.0242004,34.86482795713363,0.0,112.0,0.0,0.4192579043637314,1.0,0.4,1.0,reacquire:road,0,0,0,0,-1.0
1787224781.0522282,34.17791839734999,0.0,112.0,0.0,0.418865952443167,1.0,0.4,1.0,reacquire:road,0,0,0,0,-1.0
1787224781.078153,34.57836924360512,0.0,112.0,0.0,0.4165142409197805,1.0,0.4,1.0,reacquire:road,0,0,0,0,-1.0
1787224781.1114104,35.394663922367,0.0,112.0,0.0,0.4171674941207212,1.0,0.4,1.0,reacquire:road,0,0,0,0,-1.0
1787224781.1414776,34.13269321317007,0.0,112.0,0.0,0.4204337601254246,1.0,0.4,1.0,reacquire:road,0,0,0,0,-1.0
1787224781.1699376,34.2143788114934,0.0,112.0,0.0,0.41978050692448393,1.0,0.4,1.0,reacquire:road,0,0,0,0,-1.0
1787224781.2026086,34.38868890924756,0.0,112.0,0.0,0.42056441076561274,1.0,0.4,1.0,reacquire:road,0,0,0,0,-1.0
1787224781.2305295,33.606745809329354,0.0,112.0,0.0,0.41821269924222626,1.0,0.4,1.0,reacquire:road,0,0,0,0,-1.0
1787224781.257996,34.0608670722026,0.0,112.0,0.0,0.4172981447609093,1.0,0.4,1.0,reacquire:road,0,0,0,0,-1.0
1787224781.2902255,34.56809288000994,0.0,112.0,0.0,0.41742879540109745,1.0,0.4,1.0,reacquire:road,0,0,0,0,-1.0
1787224781.3182137,33.84869054750953,0.0,112.0,0.0,0.41951920564410766,1.0,0.4,1.0,reacquire:road,0,0,0,0,-1.0
1787224781.344592,34.2262684850304,0.0,112.0,0.0,0.4189966030833551,1.0,0.4,1.0,reacquire:road,0,0,0,0,-1.0
1787224781.3772864,34.980586658535216,0.0,112.0,0.0,0.42030310948523647,1.0,0.4,1.0,reacquire:road,0,0,0,0,-1.0
1787224781.4100232,33.86186865756121,0.0,112.0,0.0,0.4169061928403449,1.0,0.4,1.0,reacquire:road,0,0,0,0,-1.0
1787224781.437447,33.44370556914518,0.0,112.0,0.0,0.4180820486020381,1.0,0.4,1.0,reacquire:road,0,0,0,0,-1.0
1787224781.4698634,34.06444325586091,0.0,112.0,0.0,0.41782074732166186,1.0,0.4,1.0,reacquire:road,0,0,0,0,-1.0
1787224781.4978015,33.38795186571611,0.0,112.0,0.0,0.41390122811601776,1.0,0.4,1.0,reacquire:road,0,0,0,0,-1.0
1787224781.524993,33.856773209581085,0.0,112.0,0.0,0.4172981447609093,1.0,0.4,1.0,reacquire:road,0,0,0,0,-1.0
1787224781.5571384,34.501938955828095,0.0,112.0,0.0,0.41703684348053305,1.0,0.4,1.0,reacquire:road,0,0,0,0,-1.0
1787224781.5860703,33.79097488784274,0.0,112.0,0.0,0.41873530180297885,1.0,0.4,1.0,reacquire:road,0,0,0,0,-1.0
1787224781.6136086,33.97934619303152,0.0,112.0,0.0,0.4186046511627907,1.0,0.4,1.0,reacquire:road,0,0,0,0,-1.0
1787224781.6468952,34.43410378924248,0.0,112.0,0.0,0.41742879540109745,1.0,0.4,1.0,reacquire:road,0,0,0,0,-1.0
1787224781.6764321,33.54140321907575,0.0,112.0,0.0,0.41782074732166186,1.0,0.4,1.0,reacquire:road,0,0,0,0,-1.0
1787224781.7029545,33.63748967250753,0.0,112.0,0.0,0.4192579043637314,1.0,0.4,1.0,reacquire:road,0,0,0,0,-1.0
1787224781.7351112,34.30347857885612,0.0,112.0,0.0,0.41782074732166186,1.0,0.4,1.0,reacquire:road,0,0,0,0,-1.0
1787224781.7633631,33.64797959744779,0.0,112.0,0.0,0.41586098771883984,1.0,0.4,1.0,reacquire:road,0,0,0,0,-1.0
1787224781.7902026,34.14986651701041,0.0,112.0,0.0,0.4184740005226026,1.0,0.4,1.0,reacquire:road,0,0,0,0,-1.0
1787224781.823774,34.77617600238731,0.0,112.0,0.0,0.41795139796185,1.0,0.4,1.0,reacquire:road,0,0,0,0,-1.0
1787224781.8524764,33.75440248788069,0.0,112.0,0.0,0.41873530180297885,1.0,0.4,1.0,reacquire:road,0,0,0,0,-1.0
1787224781.8782897,34.00042865787725,0.0,112.0,0.0,0.41873530180297885,1.0,0.4,1.0,reacquire:road,0,0,0,0,-1.0
1787224781.9105968,34.954451760727,0.0,112.0,0.0,0.418865952443167,1.0,0.4,1.0,reacquire:road,0,0,0,0,-1.0
1787224781.9412818,34.13871164071834,0.0,112.0,0.0,0.41978050692448393,1.0,0.4,1.0,reacquire:road,0,0,0,0,-1.0
1787224781.9681687,33.84531354816898,0.0,112.0,0.0,0.4193885550039195,1.0,0.4,1.0,reacquire:road,0,0,0,0,-1.0
1787224782.0000074,34.499509928384775,0.0,112.0,0.0,0.41991115756467207,1.0,0.4,1.0,reacquire:road,0,0,0,0,-1.0
1787224782.0285895,33.8524271825833,0.0,112.0,0.0,0.4186046511627907,1.0,0.4,1.0,reacquire:road,0,0,0,0,-1.0
1787224782.056259,34.12156284550349,0.0,112.0,0.0,0.41795139796185,1.0,0.4,1.0,reacquire:road,0,0,0,0,-1.0
1787224782.0876129,34.53537090996027,0.0,112.0,0.0,0.41873530180297885,1.0,0.4,1.0,reacquire:road,0,0,0,0,-1.0
1787224782.1162004,33.77113321773605,0.0,112.0,0.0,0.4184740005226026,1.0,0.4,1.0,reacquire:road,0,0,0,0,-1.0
1787224782.1433573,34.29574966321757,0.0,112.0,0.0,0.4161222889992161,1.0,0.4,1.0,reacquire:road,0,0,0,0,-1.0
1787224782.1749701,34.82677052259718,0.0,112.0,0.0,0.41742879540109745,1.0,0.4,1.0,reacquire:road,0,0,0,0,-1.0
1787224782.2029996,34.158553638742774,0.0,112.0,0.0,0.418865952443167,1.0,0.4,1.0,reacquire:road,0,0,0,0,-1.0
1787224782.2295673,34.4841099329132,0.0,112.0,0.0,0.41821269924222626,1.0,0.4,1.0,reacquire:road,0,0,0,0,-1.0
1787224782.2624369,35.0196706370335,0.0,112.0,0.0,0.4200418082048602,1.0,0.4,1.0,reacquire:road,0,0,0,0,-1.0
1787224782.291122,34.08073013365366,0.0,112.0,0.0,0.42056441076561274,1.0,0.4,1.0,reacquire:road,0,0,0,0,-1.0
1787224782.318047,34.225177611673836,0.0,112.0,0.0,0.42095636268617714,1.0,0.4,1.0,reacquire:road,0,0,0,0,-1.0
1787224782.3484967,34.959028826661296,0.0,112.0,0.0,0.41742879540109745,1.0,0.4,1.0,reacquire:road,0,0,0,0,-1.0
1787224782.3763192,34.41750887027385,0.0,112.0,0.0,0.41742879540109745,1.0,0.4,1.0,reacquire:road,0,0,0,0,-1.0
1787224782.4026012,34.87320104502266,0.0,112.0,0.0,0.4200418082048602,1.0,0.4,1.0,reacquire:road,0,0,0,0,-1.0
1787224782.4346344,35.50770989422556,0.0,112.0,0.0,0.4180820486020381,1.0,0.4,1.0,reacquire:road,0,0,0,0,-1.0
1787224782.4647415,34.45922031686927,0.0,112.0,0.0,0.41821269924222626,1.0,0.4,1.0,reacquire:road,0,0,0,0,-1.0
1787224782.4936035,34.41762760119789,0.0,112.0,0.0,0.4189966030833551,1.0,0.4,1.0,reacquire:road,0,0,0,0,-1.0
1787224782.5291052,34.461093873372675,0.0,112.0,0.0,0.41834334988241445,1.0,0.4,1.0,reacquire:road,0,0,0,0,-1.0
1787224782.5579207,33.11302894786539,0.0,112.0,0.0,0.4171674941207212,1.0,0.4,1.0,reacquire:road,0,0,0,0,-1.0
1787224782.586157,33.584367302910955,0.0,112.0,0.0,0.418865952443167,1.0,0.4,1.0,reacquire:road,0,0,0,0,-1.0
1787224782.618701,33.92294677435717,0.0,112.0,0.0,0.41742879540109745,1.0,0.4,1.0,reacquire:road,0,0,0,0,-1.0
1787224782.6477845,33.07057202020381,0.0,112.0,0.0,0.41873530180297885,1.0,0.4,1.0,reacquire:road,0,0,0,0,-1.0
1787224782.6768532,33.650330882053574,0.0,112.0,0.0,0.41978050692448393,1.0,0.4,1.0,reacquire:road,0,0,0,0,-1.0
1787224782.708915,33.814819624025745,0.0,112.0,0.0,0.42056441076561274,1.0,0.4,1.0,reacquire:road,0,0,0,0,-1.0
1787224782.73885,33.032550077572694,0.0,112.0,0.0,0.4189966030833551,1.0,0.4,1.0,reacquire:road,0,0,0,0,-1.0
1787224782.7657785,33.429198941919445,0.0,112.0,0.0,0.42134831460674155,1.0,0.4,1.0,reacquire:road,0,0,0,0,-1.0
1787224782.7988095,34.1268083621174,0.0,112.0,0.0,0.42030310948523647,1.0,0.4,1.0,reacquire:road,0,0,0,0,-1.0
1787224782.8278947,33.113715127096626,0.0,112.0,0.0,0.4186046511627907,1.0,0.4,1.0,reacquire:road,0,0,0,0,-1.0
1787224782.855652,33.74923221035734,0.0,112.0,0.0,0.42304677292918735,1.0,0.4,1.0,reacquire:road,0,0,0,0,-1.0
1787224782.8896267,34.20815552505296,0.0,112.0,0.0,0.4192579043637314,1.0,0.4,1.0,reacquire:road,0,0,0,0,-1.0
1787224782.9177294,33.14070338303786,0.0,112.0,0.0,0.42017245884504834,1.0,0.4,1.0,reacquire:road,0,0,0,0,-1.0
1787224782.9437075,33.78925405600249,0.0,112.0,0.0,0.4223935197282467,1.0,0.4,1.0,reacquire:road,0,0,0,0,-1.0
1787224782.9759583,34.74335476068237,0.0,112.0,0.0,0.42226286908805855,1.0,0.4,1.0,reacquire:road,0,0,0,0,-1.0
1787224783.0043304,33.9632068716675,0.0,112.0,0.0,0.42422262869088057,1.0,0.4,1.0,reacquire:road,0,0,0,0,-1.0
1787224783.0305953,34.2616405709681,0.0,112.0,0.0,0.42343872484975176,1.0,0.4,1.0,reacquire:road,0,0,0,0,-1.0
1787224783.0624645,34.98709192187255,0.0,112.0,0.0,0.42304677292918735,1.0,0.4,1.0,reacquire:road,0,0,0,0,-1.0
1787224783.0945754,34.27315684553271,0.0,112.0,0.0,0.4239613274105043,1.0,0.4,1.0,reacquire:road,0,0,0,0,-1.0
1787224783.1230052,33.66305624318884,0.0,112.0,0.0,0.42422262869088057,1.0,0.4,1.0,reacquire:road,0,0,0,0,-1.0
1787224783.1551228,33.956090532811345,0.0,112.0,0.0,0.42343872484975176,1.0,0.4,1.0,reacquire:road,0,0,0,0,-1.0
1787224783.18348,33.3530182346854,0.0,112.0,0.0,0.42226286908805855,1.0,0.4,1.0,reacquire:road,0,0,0,0,-1.0
1787224783.2098207,33.77608296732739,0.0,112.0,0.0,0.42134831460674155,1.0,0.4,1.0,reacquire:road,0,0,0,0,-1.0
1787224783.2418325,34.637727591045135,0.0,112.0,0.0,0.4196498562842958,1.0,0.4,1.0,reacquire:road,0,0,0,0,-1.0
1787224783.2709332,33.92097816925953,0.0,112.0,0.0,0.4180820486020381,1.0,0.4,1.0,reacquire:road,0,0,0,0,-1.0
1787224783.2990065,34.04639795967918,0.0,112.0,0.0,0.4176900966814737,1.0,0.4,1.0,reacquire:road,0,0,0,0,-1.0
1787224783.3306563,34.313426371974415,0.0,112.0,0.0,0.41951920564410766,1.0,0.4,1.0,reacquire:road,0,0,0,0,-1.0
1787224783.3592234,33.776676239229964,0.0,112.0,0.0,0.4184740005226026,1.0,0.4,1.0,reacquire:road,0,0,0,0,-1.0
1787224783.3859825,34.05718223508151,0.0,112.0,0.0,0.4186046511627907,1.0,0.4,1.0,reacquire:road,0,0,0,0,-1.0
1787224783.4187374,34.732717521369935,0.0,112.0,0.0,0.42056441076561274,1.0,0.4,1.0,reacquire:road,0,0,0,0,-1.0
1787224783.445724,33.86976036425443,0.0,112.0,0.0,0.4193885550039195,1.0,0.4,1.0,reacquire:road,0,0,0,0,-1.0
1787224783.4789248,34.52159286545629,0.0,112.0,0.0,0.41978050692448393,1.0,0.4,1.0,reacquire:road,0,0,0,0,-1.0
1787224783.5162766,33.43703874787097,0.0,112.0,0.0,0.42030310948523647,1.0,0.4,1.0,reacquire:road,0,0,0,0,-1.0
1787224783.5444405,32.09806388473236,0.0,112.0,0.0,0.4212176639665534,1.0,0.4,1.0,reacquire:road,0,0,0,0,-1.0
1787224783.5750208,33.10660590176759,0.0,112.0,0.0,0.4212176639665534,1.0,0.4,1.0,reacquire:road,0,0,0,0,-1.0
1787224783.6075706,33.02274288576525,0.0,112.0,0.0,0.4196498562842958,1.0,0.4,1.0,reacquire:road,0,0,0,0,-1.0
1787224783.6360755,32.54257184219219,0.0,112.0,0.0,0.4196498562842958,1.0,0.4,1.0,reacquire:road,0,0,0,0,-1.0
1787224783.663146,33.08665919792102,0.0,112.0,0.0,0.4171674941207212,1.0,0.4,1.0,reacquire:road,0,0,0,0,-1.0
1787224783.6983898,33.79882653293845,0.0,112.0,0.0,0.4192579043637314,1.0,0.4,1.0,reacquire:road,0,0,0,0,-1.0
1787224783.729702,32.724159968552264,0.0,112.0,0.0,0.41586098771883984,1.0,0.4,1.0,reacquire:road,0,0,0,0,-1.0
1787224783.7576423,32.570490377733776,0.0,112.0,0.0,0.41742879540109745,1.0,0.4,1.0,reacquire:road,0,0,0,0,-1.0
1787224783.792561,33.24814980014269,0.0,112.0,0.0,0.4186046511627907,1.0,0.4,1.0,reacquire:road,0,0,0,0,-1.0
1787224783.8207703,32.26425826997062,0.0,112.0,0.0,0.4189966030833551,1.0,0.4,1.0,reacquire:road,0,0,0,0,-1.0
1787224783.8494062,32.85421637028374,0.0,112.0,0.0,0.41782074732166186,1.0,0.4,1.0,reacquire:road,0,0,0,0,-1.0
1787224783.8816354,33.401763821706936,0.0,112.0,0.0,0.41951920564410766,1.0,0.4,1.0,reacquire:road,0,0,0,0,-1.0
1787224783.9148254,32.36704059347194,0.0,112.0,0.0,0.41782074732166186,1.0,0.4,1.0,reacquire:road,0,0,0,0,-1.0
1787224783.9442372,32.52971102218899,0.0,112.0,0.0,0.4189966030833551,1.0,0.4,1.0,reacquire:road,0,0,0,0,-1.0
1787224783.9791198,32.54938387980262,0.0,112.0,0.0,0.42187091716749414,1.0,0.4,1.0,reacquire:road,0,0,0,0,-1.0
1787224784.0086448,31.93402963352517,0.0,112.0,0.0,0.4216096158871179,1.0,0.4,1.0,reacquire:road,0,0,0,0,-1.0
1787224784.0452993,32.430740897743746,0.0,112.0,0.0,0.4210870133263653,1.0,0.4,1.0,reacquire:road,0,0,0,0,-1.0
1787224784.0799327,31.385412419031116,0.0,112.0,0.0,0.4212176639665534,1.0,0.4,1.0,reacquire:road,0,0,0,0,-1.0
1787224784.1077898,30.8706023726423,0.0,112.0,0.0,0.4171674941207212,1.0,0.4,1.0,reacquire:road,0,0,0,0,-1.0
1787224784.1363735,31.793086162334973,0.0,112.0,0.0,0.4133786255552652,1.0,0.4,1.0,reacquire:road,0,0,0,0,-1.0
1787224784.1700659,32.55715031454974,0.0,112.0,0.0,0.4077606480271753,1.0,0.4,1.0,reacquire:road,0,0,0,0,-1.0
1787224784.199877,31.91459325460694,0.0,112.0,0.0,0.401750718578521,1.0,0.4,1.0,reacquire:road,0,0,0,0,-1.0
1787224784.2263074,32.31153120225998,0.0,112.0,0.0,0.3782336033446564,1.0,0.4,1.0,reacquire:road,0,0,0,0,-1.0
1787224784.2614157,33.43831115765337,0.0,112.0,0.0,0.3817611706297361,1.0,0.4,1.0,reacquire:road,0,0,0,0,-1.0
1787224784.2912936,32.361064055883915,0.0,112.0,0.0,0.3889469558400836,1.0,0.4,1.0,reacquire:road,0,0,0,0,-1.0
1787224784.3182714,32.64469619063369,0.0,112.0,0.0,0.37849490462503266,1.0,0.4,1.0,reacquire:road,0,0,0,0,-1.0
1787224784.3515406,33.60285929566845,0.0,112.0,0.0,0.34348053305461196,1.0,0.4,1.0,reacquire:road,0,0,0,0,-1.0
1787224784.3803773,32.881753664017126,0.0,112.0,0.0,0.3142147896524693,1.0,0.4,1.0,reacquire:road,0,0,0,0,-1.0
1787224784.4069855,33.23559404197742,0.0,112.0,0.0,0.18552390906715444,1.0,0.4,1.0,reacquire:road,0,0,0,0,-1.0
1787224784.4387987,34.10873132537945,0.0,112.0,0.0,0.11471126208518422,1.0,0.4,1.0,reacquire:road,0,0,0,0,-1.0
1787224784.4694672,33.50556568171359,0.0,112.0,0.0,0.05735563104259211,1.0,0.4,1.0,reacquire:road,0,0,0,0,-1.0
1787224784.4978185,33.41701216337619,0.0,112.0,0.0,0.010582701855239091,1.0,0.4,1.0,reacquire:road,0,0,0,0,-1.0
1787224784.530283,33.76178808731152,0.0,112.0,0.0,0.024692970995557877,1.0,0.4,1.0,reacquire:road,0,0,0,0,-1.0
1787224784.5606277,33.168187521820435,0.0,112.0,0.0,0.036582179252678336,1.0,0.4,1.0,reacquire:road,0,0,0,0,-1.0
1787224784.590862,33.1502311731216,0.0,112.0,0.0,0.03814998693493598,1.0,0.4,1.0,reacquire:road,0,0,0,0,-1.0
1787224784.622528,33.13521665211305,0.0,112.0,0.0,0.044813169584530965,1.0,0.4,1.0,reacquire:road,0,0,0,0,-1.0
1787224784.6512773,32.80556770863656,0.0,112.0,0.0,0.045466422785471645,1.0,0.4,1.0,reacquire:road,0,0,0,0,-1.0
1787224784.6796813,33.215256230538486,0.0,112.0,0.0,0.04807943558923439,1.0,0.4,1.0,reacquire:road,0,0,0,0,-1.0
1787224784.7139819,33.609038409391474,0.0,112.0,0.0,0.0449438202247191,1.0,0.4,1.0,reacquire:road,0,0,0,0,-1.0
1787224784.742703,32.39992007013086,0.0,112.0,0.0,0.04611967598641233,1.0,0.4,1.0,reacquire:road,0,0,0,0,-1.0
1787224784.7717903,33.4139063139647,0.0,112.0,0.0,0.0459890253462242,1.0,0.4,1.0,reacquire:road,0,0,0,0,-1.0
1787224784.805406,33.60656868917211,0.0,112.0,0.0,0.04638097726678861,1.0,0.4,1.0,reacquire:road,0,0,0,0,-1.0
1787224784.833312,32.79810288400385,0.0,112.0,0.0,0.038411288215312256,1.0,0.4,1.0,reacquire:road,0,0,0,0,-1.0
1787224784.8593931,33.44685844026002,0.0,112.0,0.0,0.035798275411549514,1.0,0.4,1.0,reacquire:road,0,0,0,0,-1.0
1787224784.8938732,34.44099682548783,0.0,112.0,0.0,0.03475307029004442,1.0,0.4,1.0,reacquire:road,0,0,0,0,-1.0
1787224784.923881,33.172926898155495,0.0,112.0,0.0,0.0,1.0,0.4,1.0,reacquire:road,0,0,0,0,-1.0
1787224784.9538128,33.45198735118602,0.0,112.0,0.0,0.007577737130911941,1.0,0.4,1.0,reacquire:road,0,0,0,0,-1.0
1787224784.993078,33.448469200625986,0.07481566820276497,0.9494047619064077,0.0,0.08505356676247713,1.0,0.48000000000000004,1.0,follow,0,0,0,0,-1.0
1787224785.0231252,31.8332299143562,0.0,112.0,0.0,0.05291350927619545,1.0,0.56,1.0,slow:lane_dropout,0,0,0,0,-1.0
1787224785.049849,32.13415360934568,0.0,112.0,0.0,0.047295531748105565,1.0,0.64,1.0,slow:lane_dropout,0,0,0,0,-1.0
1787224785.0811403,33.22023608267875,0.0,112.0,0.0,0.04311471126208519,1.0,0.72,1.0,slow:lane_dropout,0,0,0,0,-1.0
1787224785.10877,32.94539553527009,0.0,112.0,0.0,0.03932584269662921,1.0,0.4,1.0,reacquire:road,0,0,0,0,-1.0
1787224785.1372497,33.61701760357613,0.0,112.0,0.0,0.031225503004964725,1.0,0.4,1.0,reacquire:road,0,0,0,0,-1.0
1787224785.1690862,33.923039891936966,0.0,112.0,0.0,0.031617454925529136,1.0,0.4,1.0,reacquire:road,0,0,0,0,-1.0
1787224785.1988564,33.398251810394136,0.0,112.0,0.0,0.030964201724588452,1.0,0.4,1.0,reacquire:road,0,0,0,0,-1.0
1787224785.22643,33.437469464182975,0.0,112.0,0.0,0.040109746537758034,1.0,0.4,1.0,reacquire:road,0,0,0,0,-1.0
1787224785.2585313,34.027120203173894,0.0,112.0,0.0,0.16723281944081525,1.0,0.4,1.0,reacquire:road,0,0,0,0,-1.0
1787224785.2890115,33.43378745779896,0.0,112.0,0.0,0.2193624248758819,1.0,0.4,1.0,reacquire:road,0,0,0,0,-1.0
1787224785.3201897,33.31808256080453,0.0,112.0,0.0,0.31643585053566764,1.0,0.4,1.0,reacquire:road,0,0,0,0,-1.0
1787224785.3550043,32.77554297010767,0.0,112.0,0.0,0.4204337601254246,1.0,0.4,1.0,reacquire:road,0,0,0,0,-1.0
1787224785.3845649,32.13764630889961,0.0,112.0,0.0,0.42147896524692974,1.0,0.4,1.0,reacquire:road,0,0,0,0,-1.0
1787224785.4118955,32.5979053669327,0.0,112.0,0.0,0.42030310948523647,1.0,0.4,1.0,reacquire:road,0,0,0,0,-1.0
1787224785.4445262,33.37223626944488,0.0,112.0,0.0,0.42056441076561274,1.0,0.4,1.0,reacquire:road,0,0,0,0,-1.0
1787224785.4745495,32.71163071416265,0.0,112.0,0.0,0.4132479749150771,1.0,0.4,1.0,reacquire:road,0,0,0,0,-1.0
1787224785.5012684,32.99867180656195,0.0,112.0,0.0,0.41390122811601776,1.0,0.4,1.0,reacquire:road,0,0,0,0,-1.0
1787224785.5345957,33.8841858918683,0.0,112.0,0.0,0.4140318787562059,1.0,0.4,1.0,reacquire:road,0,0,0,0,-1.0
1787224785.564385,33.084178457160796,0.0,112.0,0.0,0.41350927619545336,1.0,0.4,1.0,reacquire:road,0,0,0,0,-1.0
1787224785.5915637,33.19426154699957,0.0,112.0,0.0,0.4133786255552652,1.0,0.4,1.0,reacquire:road,0,0,0,0,-1.0
1787224785.6255038,33.937039990421994,0.0,112.0,0.0,0.41455448131695843,1.0,0.4,1.0,reacquire:road,0,0,0,0,-1.0
1787224785.6551578,32.97080712226801,0.0,112.0,0.0,0.4163835902795924,1.0,0.4,1.0,reacquire:road,0,0,0,0,-1.0
1787224785.6819496,33.20058785371551,0.0,112.0,0.0,0.4140318787562059,1.0,0.4,1.0,reacquire:road,0,0,0,0,-1.0
1787224785.7135751,34.02601409203541,0.0,112.0,0.0,0.4165142409197805,1.0,0.4,1.0,reacquire:road,0,0,0,0,-1.0
1787224785.7418077,33.52978320583036,0.0,112.0,0.0,0.4157303370786517,1.0,0.4,1.0,reacquire:road,0,0,0,0,-1.0
1787224785.7699976,33.93860219630393,0.0,112.0,0.0,0.4140318787562059,1.0,0.4,1.0,reacquire:road,0,0,0,0,-1.0
1787224785.8022122,34.24633141325842,0.0,112.0,0.0,0.41625293963940424,1.0,0.4,1.0,reacquire:road,0,0,0,0,-1.0
1787224785.83256,33.577540767027656,0.0,112.0,0.0,0.41599163835902797,1.0,0.4,1.0,reacquire:road,0,0,0,0,-1.0
1787224785.8605335,33.48009622115241,0.0,112.0,0.0,0.41559968643846357,1.0,0.4,1.0,reacquire:road,0,0,0,0,-1.0
1787224785.8927786,33.89309670922236,0.0,112.0,0.0,0.41599163835902797,1.0,0.4,1.0,reacquire:road,0,0,0,0,-1.0
1787224785.9242635,33.07416443493763,0.0,112.0,0.0,0.41520773451789916,1.0,0.4,1.0,reacquire:road,0,0,0,0,-1.0
1787224785.9535434,33.022151864845306,0.0,112.0,0.0,0.4148157825973347,1.0,0.4,1.0,reacquire:road,0,0,0,0,-1.0
1787224785.9868016,33.364976921306805,0.0,112.0,0.0,0.418865952443167,1.0,0.4,1.0,reacquire:road,0,0,0,0,-1.0
1787224786.0162804,32.61874669291679,0.0,112.0,0.0,0.4167755422001568,1.0,0.4,1.0,reacquire:road,0,0,0,0,-1.0
1787224786.0440762,32.991073011462404,0.0,112.0,0.0,0.41546903579827543,1.0,0.4,1.0,reacquire:road,0,0,0,0,-1.0
1787224786.0781379,33.57474113325027,0.0,112.0,0.0,0.4144238306767703,1.0,0.4,1.0,reacquire:road,0,0,0,0,-1.0
1787224786.1081614,32.41417802978225,0.0,112.0,0.0,0.4169061928403449,1.0,0.4,1.0,reacquire:road,0,0,0,0,-1.0
1787224786.1358716,33.07238166211927,0.0,112.0,0.0,0.4167755422001568,1.0,0.4,1.0,reacquire:road,0,0,0,0,-1.0
1787224786.170062,33.67493758355312,0.0,112.0,0.0,0.4157303370786517,1.0,0.4,1.0,reacquire:road,0,0,0,0,-1.0
1787224786.1974618,32.770795208493894,0.0,112.0,0.0,0.4161222889992161,1.0,0.4,1.0,reacquire:road,0,0,0,0,-1.0
1787224786.2246232,33.53097136777663,0.0,112.0,0.0,0.4180820486020381,1.0,0.4,1.0,reacquire:road,0,0,0,0,-1.0
1787224786.2593825,34.20385376659077,0.0,112.0,0.0,0.4196498562842958,1.0,0.4,1.0,reacquire:road,0,0,0,0,-1.0
1787224786.2897408,33.06174738596296,0.0,112.0,0.0,0.41782074732166186,1.0,0.4,1.0,reacquire:road,0,0,0,0,-1.0
1787224786.3164093,33.104394373635046,0.0,112.0,0.0,0.4163835902795924,1.0,0.4,1.0,reacquire:road,0,0,0,0,-1.0
1787224786.3498268,33.989657869030324,0.0,112.0,0.0,0.41703684348053305,1.0,0.4,1.0,reacquire:road,0,0,0,0,-1.0
1787224786.379827,33.137165416589106,0.0,112.0,0.0,0.41742879540109745,1.0,0.4,1.0,reacquire:road,0,0,0,0,-1.0
1787224786.4093008,33.10269473489849,0.0,112.0,0.0,0.4172981447609093,1.0,0.4,1.0,reacquire:road,0,0,0,0,-1.0
1787224786.442683,33.3773769721367,0.0,112.0,0.0,0.4172981447609093,1.0,0.4,1.0,reacquire:road,0,0,0,0,-1.0
1787224786.4731188,32.70023278198346,0.0,112.0,0.0,0.41978050692448393,1.0,0.4,1.0,reacquire:road,0,0,0,0,-1.0
1787224786.5029647,32.74152084324235,0.0,112.0,0.0,0.41520773451789916,1.0,0.4,1.0,reacquire:road,0,0,0,0,-1.0
1787224786.5357535,32.84379846583016,0.0,112.0,0.0,0.4192579043637314,1.0,0.4,1.0,reacquire:road,0,0,0,0,-1.0
1787224786.5645685,32.312310230236754,0.0,112.0,0.0,0.4189966030833551,1.0,0.4,1.0,reacquire:road,0,0,0,0,-1.0
1787224786.592368,32.91533421755831,0.0,112.0,0.0,0.4175594460412856,1.0,0.4,1.0,reacquire:road,0,0,0,0,-1.0
1787224786.6259444,33.54171145742847,0.0,112.0,0.0,0.4169061928403449,1.0,0.4,1.0,reacquire:road,0,0,0,0,-1.0
1787224786.655081,32.67940310544293,0.0,112.0,0.0,0.4175594460412856,1.0,0.4,1.0,reacquire:road,0,0,0,0,-1.0
1787224786.6883833,33.14885101744306,0.0,112.0,0.0,0.4186046511627907,1.0,0.4,1.0,reacquire:road,0,0,0,0,-1.0
1787224786.7244723,32.52889357613254,0.0,112.0,0.0,0.41703684348053305,1.0,0.4,1.0,reacquire:road,0,0,0,0,-1.0
1787224786.7569184,31.556872177819404,0.0,112.0,0.0,0.4180820486020381,1.0,0.4,1.0,reacquire:road,0,0,0,0,-1.0
1787224786.7868638,31.258566666518036,0.0,112.0,0.0,0.41782074732166186,1.0,0.4,1.0,reacquire:road,0,0,0,0,-1.0
1787224786.819097,31.885621543927968,0.0,112.0,0.0,0.41821269924222626,1.0,0.4,1.0,reacquire:road,0,0,0,0,-1.0
1787224786.8486693,31.66151945198475,0.0,112.0,0.0,0.4172981447609093,1.0,0.4,1.0,reacquire:road,0,0,0,0,-1.0
1787224786.874667,32.15212666509642,0.0,112.0,0.0,0.41834334988241445,1.0,0.4,1.0,reacquire:road,0,0,0,0,-1.0
1787224786.9076574,33.42269989745644,0.0,112.0,0.0,0.4169061928403449,1.0,0.4,1.0,reacquire:road,0,0,0,0,-1.0
1787224786.9366748,32.75283952545573,0.0,112.0,0.0,0.4189966030833551,1.0,0.4,1.0,reacquire:road,0,0,0,0,-1.0
1787224786.9634833,33.15306010738186,0.0,112.0,0.0,0.41703684348053305,1.0,0.4,1.0,reacquire:road,0,0,0,0,-1.0
1787224786.9968698,33.971047628151965,0.0,112.0,0.0,0.41494643323752284,1.0,0.4,1.0,reacquire:road,0,0,0,0,-1.0
1787224787.0267394,33.07086173054318,0.0,112.0,0.0,0.4161222889992161,1.0,0.4,1.0,reacquire:road,0,0,0,0,-1.0
1787224787.0569885,33.28370000136297,0.0,112.0,0.0,0.41821269924222626,1.0,0.4,1.0,reacquire:road,0,0,0,0,-1.0
1787224787.0903482,33.24015567413443,0.0,112.0,0.0,0.4163835902795924,1.0,0.4,1.0,reacquire:road,0,0,0,0,-1.0
1787224787.1206198,32.571484863751685,0.0,112.0,0.0,0.4172981447609093,1.0,0.4,1.0,reacquire:road,0,0,0,0,-1.0
1787224787.1484284,32.68679109798505,0.0,112.0,0.0,0.41834334988241445,1.0,0.4,1.0,reacquire:road,0,0,0,0,-1.0
1787224787.1794178,33.20921579077117,0.0,112.0,0.0,0.41625293963940424,1.0,0.4,1.0,reacquire:road,0,0,0,0,-1.0
1787224787.2088392,32.74014717223772,0.0,112.0,0.0,0.4163835902795924,1.0,0.4,1.0,reacquire:road,0,0,0,0,-1.0
1787224787.2374368,33.47403638063679,0.0,112.0,0.0,0.4176900966814737,1.0,0.4,1.0,reacquire:road,0,0,0,0,-1.0
1787224787.2715025,33.75777002140633,0.0,112.0,0.0,0.4157303370786517,1.0,0.4,1.0,reacquire:road,0,0,0,0,-1.0
1787224787.3001075,32.854092458742954,0.0,112.0,0.0,0.41586098771883984,1.0,0.4,1.0,reacquire:road,0,0,0,0,-1.0
1787224787.328927,33.32214387361943,0.0,112.0,0.0,0.41599163835902797,1.0,0.4,1.0,reacquire:road,0,0,0,0,-1.0
1787224787.3639774,33.5820932724171,0.0,112.0,0.0,0.41520773451789916,1.0,0.4,1.0,reacquire:road,0,0,0,0,-1.0
1787224787.3914118,32.47943504504289,0.0,112.0,0.0,0.4167755422001568,1.0,0.4,1.0,reacquire:road,0,0,0,0,-1.0
1787224787.419987,33.44163730339325,0.0,112.0,0.0,0.4153383851580873,1.0,0.4,1.0,reacquire:road,0,0,0,0,-1.0
1787224787.4539926,33.757973232388,0.0,112.0,0.0,0.4169061928403449,1.0,0.4,1.0,reacquire:road,0,0,0,0,-1.0
1787224787.4855714,32.87800527398764,0.0,112.0,0.0,0.41795139796185,1.0,0.4,1.0,reacquire:road,0,0,0,0,-1.0
1787224787.5119734,32.641621370889354,0.0,112.0,0.0,0.41520773451789916,1.0,0.4,1.0,reacquire:road,0,0,0,0,-1.0
1787224787.5459332,33.69261494217977,0.0,112.0,0.0,0.4184740005226026,1.0,0.4,1.0,reacquire:road,0,0,0,0,-1.0
1787224787.5743253,32.8234568535445,0.0,112.0,0.0,0.41507708387771103,1.0,0.4,1.0,reacquire:road,0,0,0,0,-1.0
1787224787.602923,33.33053592637661,0.0,112.0,0.0,0.4171674941207212,1.0,0.4,1.0,reacquire:road,0,0,0,0,-1.0
1787224787.6336184,33.65376682037299,0.0,112.0,0.0,0.4163835902795924,1.0,0.4,1.0,reacquire:road,0,0,0,0,-1.0
1787224787.6619458,33.351429730453624,0.0,112.0,0.0,0.4169061928403449,1.0,0.4,1.0,reacquire:road,0,0,0,0,-1.0
1787224787.6905558,33.83535414805147,0.0,112.0,0.0,0.41559968643846357,1.0,0.4,1.0,reacquire:road,0,0,0,0,-1.0
1787224787.7228875,34.07506844392404,0.0,112.0,0.0,0.41664489155996864,1.0,0.4,1.0,reacquire:road,0,0,0,0,-1.0
1787224787.7524085,33.41812894798794,0.0,112.0,0.0,0.4161222889992161,1.0,0.4,1.0,reacquire:road,0,0,0,0,-1.0
1787224787.7844145,33.435699526330765,0.0,112.0,0.0,0.41625293963940424,1.0,0.4,1.0,reacquire:road,0,0,0,0,-1.0
1787224787.8158996,33.088729316339844,0.0,112.0,0.0,0.41625293963940424,1.0,0.4,1.0,reacquire:road,0,0,0,0,-1.0
1787224787.8443394,32.6762776052629,0.0,112.0,0.0,0.4148157825973347,1.0,0.4,1.0,reacquire:road,0,0,0,0,-1.0
1787224787.8727536,33.349761700607615,0.0,112.0,0.0,0.4165142409197805,1.0,0.4,1.0,reacquire:road,0,0,0,0,-1.0
1787224787.9074848,33.73557093839983,0.0,112.0,0.0,0.41625293963940424,1.0,0.4,1.0,reacquire:road,0,0,0,0,-1.0
1787224787.9372897,32.707430880000366,0.0,112.0,0.0,0.41494643323752284,1.0,0.4,1.0,reacquire:road,0,0,0,0,-1.0
1787224787.9662108,32.93091701682866,0.0,112.0,0.0,0.41782074732166186,1.0,0.4,1.0,reacquire:road,0,0,0,0,-1.0
1787224787.9999993,33.26053176537048,0.0,112.0,0.0,0.41664489155996864,1.0,0.4,1.0,reacquire:road,0,0,0,0,-1.0
1787224788.0284975,32.44999440866748,0.0,112.0,0.0,0.4167755422001568,1.0,0.4,1.0,reacquire:road,0,0,0,0,-1.0
1787224788.0552664,33.08542387205113,0.0,112.0,0.0,0.4171674941207212,1.0,0.4,1.0,reacquire:road,0,0,0,0,-1.0
1787224788.0915587,33.93739526476137,0.0,112.0,0.0,0.4175594460412856,1.0,0.4,1.0,reacquire:road,0,0,0,0,-1.0
1787224788.1215022,32.59356501556497,0.0,112.0,0.0,0.4171674941207212,1.0,0.4,1.0,reacquire:road,0,0,0,0,-1.0
1787224788.151191,32.84395002405809,0.0,112.0,0.0,0.4157303370786517,1.0,0.4,1.0,reacquire:road,0,0,0,0,-1.0
1787224788.1845891,33.012640979544884,0.0,112.0,0.0,0.41664489155996864,1.0,0.4,1.0,reacquire:road,0,0,0,0,-1.0
1787224788.2143168,32.332525446629056,0.0,112.0,0.0,0.4148157825973347,1.0,0.4,1.0,reacquire:road,0,0,0,0,-1.0
1787224788.2416244,32.44287892409116,0.0,112.0,0.0,0.41520773451789916,1.0,0.4,1.0,reacquire:road,0,0,0,0,-1.0
1787224788.2736502,33.59412029247693,0.0,112.0,0.0,0.4077606480271753,1.0,0.4,1.0,reacquire:road,0,0,0,0,-1.0
1787224788.3037488,33.06390848812171,0.0,112.0,0.0,0.4044943820224719,1.0,0.4,1.0,reacquire:road,0,0,0,0,-1.0
1787224788.3330824,33.15222908161929,0.0,112.0,0.0,0.40606218970472957,1.0,0.4,1.0,reacquire:road,0,0,0,0,-1.0
1787224788.3641047,33.34597851780425,0.0,112.0,0.0,0.4069767441860465,1.0,0.4,1.0,reacquire:road,0,0,0,0,-1.0
1787224788.3923268,33.018386486588675,0.0,112.0,0.0,0.40462503266266003,1.0,0.4,1.0,reacquire:road,0,0,0,0,-1.0
1787224788.425479,33.622866574485805,0.0,112.0,0.0,0.40710739482623465,1.0,0.4,1.0,reacquire:road,0,0,0,0,-1.0
1787224788.4576392,32.922776518573464,0.0,112.0,0.0,0.4034491769009668,1.0,0.4,1.0,reacquire:road,0,0,0,0,-1.0
1787224788.4858341,32.542411990622554,0.0,112.0,0.0,0.4012281160177685,1.0,0.4,1.0,reacquire:road,0,0,0,0,-1.0
1787224788.5145066,33.17074720345149,0.0,112.0,0.0,0.4008361640972041,1.0,0.4,1.0,reacquire:road,0,0,0,0,-1.0
1787224788.5487926,33.501682558838255,0.0,112.0,0.0,0.3993990070551346,1.0,0.4,1.0,reacquire:road,0,0,0,0,-1.0
1787224788.5765524,32.60789888129979,0.0,112.0,0.0,0.39861510321400573,1.0,0.4,1.0,reacquire:road,0,0,0,0,-1.0
1787224788.6045995,33.31054633126443,0.0,112.0,0.0,0.39717794617193625,1.0,0.4,1.0,reacquire:road,0,0,0,0,-1.0
1787224788.638763,33.81026614889406,0.0,112.0,0.0,0.4008361640972041,1.0,0.4,1.0,reacquire:road,0,0,0,0,-1.0
1787224788.6670854,32.89475339248838,0.0,112.0,0.0,0.4029265743402143,1.0,0.4,1.0,reacquire:road,0,0,0,0,-1.0
1787224788.6938,33.38045566257356,0.0,112.0,0.0,0.3886856545597073,1.0,0.4,1.0,reacquire:road,0,0,0,0,-1.0
1787224788.7301717,34.18366267420775,0.0,112.0,0.0,0.12072119153383852,1.0,0.4,1.0,reacquire:road,0,0,0,0,-1.0
1787224788.7592673,32.839140825293924,0.0,112.0,0.0,0.0007839038411288215,1.0,0.4,1.0,reacquire:road,0,0,0,0,-1.0
1787224788.7863708,33.13679688454947,0.0,112.0,0.0,0.1139273582440554,1.0,0.4,1.0,reacquire:road,0,0,0,0,-1.0
1787224788.8210878,33.92695691706745,0.0,112.0,0.0,0.1652730598379932,1.0,0.4,1.0,reacquire:road,0,0,0,0,-1.0
1787224788.8529413,32.63770688517718,0.0,112.0,0.0,0.1967598641233342,1.0,0.4,1.0,reacquire:road,0,0,0,0,-1.0
1787224788.8796747,32.73702221670746,0.0,112.0,0.0,0.21100078390384114,1.0,0.4,1.0,reacquire:road,0,0,0,0,-1.0
1787224788.9130406,33.651764727066066,0.0,112.0,0.0,0.21322184478703946,1.0,0.4,1.0,reacquire:road,0,0,0,0,-1.0
1787224788.9410088,32.907660291306044,0.0,112.0,0.0,0.22001567807682257,1.0,0.4,1.0,reacquire:road,0,0,0,0,-1.0
1787224788.9715168,33.502774822208714,0.0,112.0,0.0,0.21753331591324798,1.0,0.4,1.0,reacquire:road,0,0,0,0,-1.0
1787224789.0047293,33.258706366931975,0.0,112.0,0.0,0.22419649856284296,1.0,0.4,1.0,reacquire:road,0,0,0,0,-1.0
1787224789.0364075,32.68740850866359,0.0,112.0,0.0,0.24405539587143976,1.0,0.4,1.0,reacquire:road,0,0,0,0,-1.0
1787224789.0641162,32.49506159393956,0.0,112.0,0.0,0.24118108178730074,1.0,0.4,1.0,reacquire:road,0,0,0,0,-1.0
1787224789.0956542,33.21215738918413,0.0,112.0,0.0,0.2349098510582702,1.0,0.4,1.0,reacquire:road,0,0,0,0,-1.0
1787224789.1236415,32.890659826812275,0.0,112.0,0.0,0.22628690880585314,1.0,0.4,1.0,reacquire:road,0,0,0,0,-1.0
1787224789.1526482,33.48753801856955,0.0,112.0,0.0,0.2239351972824667,1.0,0.4,1.0,reacquire:road,0,0,0,0,-1.0
1787224789.1862597,33.684643326297284,0.0,112.0,0.0,0.22772406584792265,1.0,0.4,1.0,reacquire:road,0,0,0,0,-1.0
1787224789.2165265,32.8395302045546,0.0,112.0,0.0,0.22458845048340736,1.0,0.4,1.0,reacquire:road,0,0,0,0,-1.0
1787224789.2452748,32.94720139078703,0.0,112.0,0.0,0.2201463287170107,1.0,0.4,1.0,reacquire:road,0,0,0,0,-1.0
1787224789.2795103,33.31223642180678,0.0,112.0,0.0,0.22249804024039718,1.0,0.4,1.0,reacquire:road,0,0,0,0,-1.0
1787224789.3071122,32.42977078369633,0.0,112.0,0.0,0.2253723543245362,1.0,0.4,1.0,reacquire:road,0,0,0,0,-1.0
1787224789.3343587,33.2789829694533,0.0,112.0,0.0,0.22458845048340736,1.0,0.4,1.0,reacquire:road,0,0,0,0,-1.0
1787224789.3684387,33.97955800121841,0.0,112.0,0.0,0.2253723543245362,1.0,0.4,1.0,reacquire:road,0,0,0,0,-1.0
1787224789.397256,33.01876985292935,0.0,112.0,0.0,0.2292918735301803,1.0,0.4,1.0,reacquire:road,0,0,0,0,-1.0
1787224789.4235394,33.39905180794508,0.0,112.0,0.0,0.2317742356937549,1.0,0.4,1.0,reacquire:road,0,0,0,0,-1.0
1787224789.4572966,34.33631036852094,0.0,112.0,0.0,0.23686961066109224,1.0,0.4,1.0,reacquire:road,0,0,0,0,-1.0
1787224789.4863474,33.303001558607605,0.0,112.0,0.0,0.24902012019858896,1.0,0.4,1.0,reacquire:road,0,0,0,0,-1.0
1787224789.5135465,33.645402943507996,0.0,112.0,0.0,0.3134308858113405,1.0,0.4,1.0,reacquire:road,0,0,0,0,-1.0
1787224789.5460255,34.271214200018434,0.0,112.0,0.0,0.387379148157826,1.0,0.4,1.0,reacquire:road,0,0,0,0,-1.0
1787224789.573947,33.541668478431845,0.0,112.0,0.0,0.41037366083093807,1.0,0.4,1.0,reacquire:road,0,0,0,0,-1.0
1787224789.6030595,33.90634168808806,0.0,112.0,0.0,0.4086752025084923,1.0,0.4,1.0,reacquire:road,0,0,0,0,-1.0
1787224789.635107,34.10220590317753,0.0,112.0,0.0,0.4115495165926313,1.0,0.4,1.0,reacquire:road,0,0,0,0,-1.0
1787224789.6646686,33.5160426528875,0.0,112.0,0.0,0.4133786255552652,1.0,0.4,1.0,reacquire:road,0,0,0,0,-1.0
1787224789.6929607,33.60727592920132,0.0,112.0,0.0,0.4176900966814737,1.0,0.4,1.0,reacquire:road,0,0,0,0,-1.0
1787224789.7248914,33.93988311261961,0.0,112.0,0.0,0.41429318003658216,1.0,0.4,1.0,reacquire:road,0,0,0,0,-1.0
1787224789.7557352,33.3729330310216,0.0,112.0,0.0,0.41625293963940424,1.0,0.4,1.0,reacquire:road,0,0,0,0,-1.0
1787224789.785126,33.237515853511916,0.0,112.0,0.0,0.41494643323752284,1.0,0.4,1.0,reacquire:road,0,0,0,0,-1.0
1787224789.8199415,33.39617250247238,0.0,112.0,0.0,0.41782074732166186,1.0,0.4,1.0,reacquire:road,0,0,0,0,-1.0
1787224789.8485894,32.35490576830447,0.0,112.0,0.0,0.4171674941207212,1.0,0.4,1.0,reacquire:road,0,0,0,0,-1.0
1787224789.8760295,33.0362417186402,0.0,112.0,0.0,0.4163835902795924,1.0,0.4,1.0,reacquire:road,0,0,0,0,-1.0
1787224789.909632,33.706632392364476,0.0,112.0,0.0,0.41821269924222626,1.0,0.4,1.0,reacquire:road,0,0,0,0,-1.0
1787224789.9385011,32.621852509610775,0.0,112.0,0.0,0.41782074732166186,1.0,0.4,1.0,reacquire:road,0,0,0,0,-1.0
1787224789.9653044,33.48450669882704,0.0,112.0,0.0,0.4161222889992161,1.0,0.4,1.0,reacquire:road,0,0,0,0,-1.0
1787224789.9993582,34.25165216519884,0.0,112.0,0.0,0.4165142409197805,1.0,0.4,1.0,reacquire:road,0,0,0,0,-1.0
1787224790.0288236,33.21519730783503,0.0,112.0,0.0,0.4176900966814737,1.0,0.4,1.0,reacquire:road,0,0,0,0,-1.0
1787224790.0549414,33.42157401401719,0.0,112.0,0.0,0.41664489155996864,1.0,0.4,1.0,reacquire:road,0,0,0,0,-1.0
1787224790.0912185,34.406218168055844,0.0,112.0,0.0,0.42017245884504834,1.0,0.4,1.0,reacquire:road,0,0,0,0,-1.0
1787224790.1198046,32.95144432228051,0.0,112.0,0.0,0.41742879540109745,1.0,0.4,1.0,reacquire:road,0,0,0,0,-1.0
1787224790.1462083,33.50660461236229,0.0,112.0,0.0,0.41795139796185,1.0,0.4,1.0,reacquire:road,0,0,0,0,-1.0
1787224790.1766207,34.38542252846642,0.0,112.0,0.0,0.41978050692448393,1.0,0.4,1.0,reacquire:road,0,0,0,0,-1.0
1787224790.206521,33.53506129724992,0.0,112.0,0.0,0.41821269924222626,1.0,0.4,1.0,reacquire:road,0,0,0,0,-1.0
1787224790.2358112,34.20452959425845,0.0,112.0,0.0,0.41873530180297885,1.0,0.4,1.0,reacquire:road,0,0,0,0,-1.0
1787224790.2671661,34.1856718118467,0.0,112.0,0.0,0.41795139796185,1.0,0.4,1.0,reacquire:road,0,0,0,0,-1.0
1787224790.2981608,33.561963283323884,0.0,112.0,0.0,0.41795139796185,1.0,0.4,1.0,reacquire:road,0,0,0,0,-1.0
1787224790.326633,33.476918124266064,0.0,112.0,0.0,0.41782074732166186,1.0,0.4,1.0,reacquire:road,0,0,0,0,-1.0
1787224790.358948,33.768353027843176,0.0,112.0,0.0,0.41559968643846357,1.0,0.4,1.0,reacquire:road,0,0,0,0,-1.0
1787224790.3872516,33.16633272088449,0.0,112.0,0.0,0.4189966030833551,1.0,0.4,1.0,reacquire:road,0,0,0,0,-1.0
1787224790.4171433,33.6898483729229,0.0,112.0,0.0,0.41873530180297885,1.0,0.4,1.0,reacquire:road,0,0,0,0,-1.0
1787224790.4513698,33.64149274809044,0.0,112.0,0.0,0.41951920564410766,1.0,0.4,1.0,reacquire:road,0,0,0,0,-1.0
1787224790.4795547,32.72255710800002,0.0,112.0,0.0,0.42030310948523647,1.0,0.4,1.0,reacquire:road,0,0,0,0,-1.0
1787224790.5080984,33.33609553441806,0.0,112.0,0.0,0.4229161222889992,1.0,0.4,1.0,reacquire:road,0,0,0,0,-1.0
1787224790.541638,33.63310120484988,0.0,112.0,0.0,0.42056441076561274,1.0,0.4,1.0,reacquire:road,0,0,0,0,-1.0
1787224790.5723078,32.46388698127443,0.0,112.0,0.0,0.42226286908805855,1.0,0.4,1.0,reacquire:road,0,0,0,0,-1.0
1787224790.599373,33.09793874362932,0.0,112.0,0.0,0.42134831460674155,1.0,0.4,1.0,reacquire:road,0,0,0,0,-1.0
1787224790.6356192,33.867066593779555,0.0,112.0,0.0,0.4186046511627907,1.0,0.4,1.0,reacquire:road,0,0,0,0,-1.0
1787224790.6653185,32.534586059831575,0.0,112.0,0.0,0.42226286908805855,1.0,0.4,1.0,reacquire:road,0,0,0,0,-1.0
1787224790.692087,32.874568977165794,0.0,112.0,0.0,0.4193885550039195,1.0,0.4,1.0,reacquire:road,0,0,0,0,-1.0
1787224790.7263365,33.76010500582797,0.0,112.0,0.0,0.4171674941207212,1.0,0.4,1.0,reacquire:road,0,0,0,0,-1.0
1787224790.756033,32.62706758335469,0.0,112.0,0.0,0.41782074732166186,1.0,0.4,1.0,reacquire:road,0,0,0,0,-1.0
1787224790.7844388,33.1681002131113,0.0,112.0,0.0,0.4186046511627907,1.0,0.4,1.0,reacquire:road,0,0,0,0,-1.0
1787224790.816822,33.457296582668846,0.0,112.0,0.0,0.41507708387771103,1.0,0.4,1.0,reacquire:road,0,0,0,0,-1.0
1787224790.845756,33.02025092766537,0.0,112.0,0.0,0.4105043114711262,1.0,0.4,1.0,reacquire:road,0,0,0,0,-1.0
1787224790.875997,33.34370047412574,0.0,112.0,0.0,0.40828325058792786,1.0,0.4,1.0,reacquire:road,0,0,0,0,-1.0
1787224790.9089003,33.27526429029402,0.0,112.0,0.0,0.4128560229945127,1.0,0.4,1.0,reacquire:road,0,0,0,0,-1.0
1787224790.939525,32.703601632599174,0.0,112.0,0.0,0.412202769793572,1.0,0.4,1.0,reacquire:road,0,0,0,0,-1.0
1787224790.9694278,32.471177055638,0.0,112.0,0.0,0.4137705774758296,1.0,0.4,1.0,reacquire:road,0,0,0,0,-1.0
1787224791.0035172,32.76011289509878,0.0,112.0,0.0,0.41390122811601776,1.0,0.4,1.0,reacquire:road,0,0,0,0,-1.0
1787224791.0348623,31.912314756317592,0.0,112.0,0.0,0.41455448131695843,1.0,0.4,1.0,reacquire:road,0,0,0,0,-1.0
1787224791.0627286,32.27317613313074,0.0,112.0,0.0,0.4161222889992161,1.0,0.4,1.0,reacquire:road,0,0,0,0,-1.0
1787224791.0962076,32.999265858845305,0.0,112.0,0.0,0.4184740005226026,1.0,0.4,1.0,reacquire:road,0,0,0,0,-1.0
1787224791.1250603,32.31751566993962,0.0,112.0,0.0,0.41507708387771103,1.0,0.4,1.0,reacquire:road,0,0,0,0,-1.0
1787224791.1542985,32.84630123020956,0.0,112.0,0.0,0.4176900966814737,1.0,0.4,1.0,reacquire:road,0,0,0,0,-1.0
1787224791.1883485,33.13355022149578,0.0,112.0,0.0,0.4171674941207212,1.0,0.4,1.0,reacquire:road,0,0,0,0,-1.0
1787224791.2168288,32.30591146173041,0.0,112.0,0.0,0.41664489155996864,1.0,0.4,1.0,reacquire:road,0,0,0,0,-1.0
1787224791.244382,32.963656546360724,0.0,112.0,0.0,0.41782074732166186,1.0,0.4,1.0,reacquire:road,0,0,0,0,-1.0
1787224791.2784317,33.6360191416967,0.0,112.0,0.0,0.4184740005226026,1.0,0.4,1.0,reacquire:road,0,0,0,0,-1.0
1787224791.3072445,32.65161682651223,0.0,112.0,0.0,0.4196498562842958,1.0,0.4,1.0,reacquire:road,0,0,0,0,-1.0
1787224791.3354368,33.209405318992644,0.0,112.0,0.0,0.4204337601254246,1.0,0.4,1.0,reacquire:road,0,0,0,0,-1.0
1787224791.3695302,33.713704116459304,0.0,112.0,0.0,0.4227854716488111,1.0,0.4,1.0,reacquire:road,0,0,0,0,-1.0
1787224791.399754,32.66320523132536,0.0,112.0,0.0,0.4192579043637314,1.0,0.4,1.0,reacquire:road,0,0,0,0,-1.0
1787224791.426455,32.86637734169032,0.0,112.0,0.0,0.418865952443167,1.0,0.4,1.0,reacquire:road,0,0,0,0,-1.0
1787224791.4581487,33.90509629086908,0.0,112.0,0.0,0.4204337601254246,1.0,0.4,1.0,reacquire:road,0,0,0,0,-1.0
1787224791.486586,33.34595937422206,0.0,112.0,0.0,0.4200418082048602,1.0,0.4,1.0,reacquire:road,0,0,0,0,-1.0
1787224791.5162387,33.84079973050815,0.0,112.0,0.0,0.42134831460674155,1.0,0.4,1.0,reacquire:road,0,0,0,0,-1.0
1787224791.5492973,33.81586953116214,0.0,112.0,0.0,0.4210870133263653,1.0,0.4,1.0,reacquire:road,0,0,0,0,-1.0
1787224791.578604,33.02392754321743,0.0,112.0,0.0,0.41951920564410766,1.0,0.4,1.0,reacquire:road,0,0,0,0,-1.0
1787224791.6077237,33.34424260521121,0.0,112.0,0.0,0.418865952443167,1.0,0.4,1.0,reacquire:road,0,0,0,0,-1.0
1787224791.641301,33.53018970261843,0.0,112.0,0.0,0.4210870133263653,1.0,0.4,1.0,reacquire:road,0,0,0,0,-1.0
1787224791.6683016,32.7663407991731,0.0,112.0,0.0,0.4204337601254246,1.0,0.4,1.0,reacquire:road,0,0,0,0,-1.0
1787224791.6969075,33.66636833203018,0.0,112.0,0.0,0.4220015678076823,1.0,0.4,1.0,reacquire:road,0,0,0,0,-1.0
1787224791.7310252,33.909528968195644,0.0,112.0,0.0,0.42056441076561274,1.0,0.4,1.0,reacquire:road,0,0,0,0,-1.0
1787224791.7587605,32.91146085901438,0.0,112.0,0.0,0.42095636268617714,1.0,0.4,1.0,reacquire:road,0,0,0,0,-1.0
1787224791.787947,33.67383226581907,0.0,112.0,0.0,0.42187091716749414,1.0,0.4,1.0,reacquire:road,0,0,0,0,-1.0
1787224791.8231578,33.79368992837937,0.0,112.0,0.0,0.4227854716488111,1.0,0.4,1.0,reacquire:road,0,0,0,0,-1.0
1787224791.8536117,32.68584560892917,0.0,112.0,0.0,0.42187091716749414,1.0,0.4,1.0,reacquire:road,0,0,0,0,-1.0
1787224791.8830242,32.75752236126431,0.0,112.0,0.0,0.4210870133263653,1.0,0.4,1.0,reacquire:road,0,0,0,0,-1.0
1787224791.9155445,32.99390098821592,0.0,112.0,0.0,0.42056441076561274,1.0,0.4,1.0,reacquire:road,0,0,0,0,-1.0
1787224791.9466684,32.53631231069175,0.0,112.0,0.0,0.4235693754899399,1.0,0.4,1.0,reacquire:road,0,0,0,0,-1.0
1787224791.9732516,32.47005856591174,0.0,112.0,0.0,0.4221322184478704,1.0,0.4,1.0,reacquire:road,0,0,0,0,-1.0
1787224792.0083203,33.45209602091766,0.0,112.0,0.0,0.4221322184478704,1.0,0.4,1.0,reacquire:road,0,0,0,0,-1.0
1787224792.0375307,32.40194592412524,0.0,112.0,0.0,0.4227854716488111,1.0,0.4,1.0,reacquire:road,0,0,0,0,-1.0
1787224792.0645297,32.89925816861411,0.0,112.0,0.0,0.4220015678076823,1.0,0.4,1.0,reacquire:road,0,0,0,0,-1.0
1787224792.0958784,33.73862919178365,0.0,112.0,0.0,0.42187091716749414,1.0,0.4,1.0,reacquire:road,0,0,0,0,-1.0
1787224792.1247733,33.27345699409542,0.0,112.0,0.0,0.4235693754899399,1.0,0.4,1.0,reacquire:road,0,0,0,0,-1.0
1787224792.1546795,33.63431728441264,0.0,112.0,0.0,0.42187091716749414,1.0,0.4,1.0,reacquire:road,0,0,0,0,-1.0
1787224792.1869433,33.611560921074634,0.0,112.0,0.0,0.42226286908805855,1.0,0.4,1.0,reacquire:road,0,0,0,0,-1.0
1787224792.2159624,33.05920436007668,0.0,112.0,0.0,0.4227854716488111,1.0,0.4,1.0,reacquire:road,0,0,0,0,-1.0
1787224792.2449331,33.37136457886977,0.0,112.0,0.0,0.42226286908805855,1.0,0.4,1.0,reacquire:road,0,0,0,0,-1.0
1787224792.2754474,33.600392196655754,0.0,112.0,0.0,0.42343872484975176,1.0,0.4,1.0,reacquire:road,0,0,0,0,-1.0
1787224792.302443,33.34138274765084,0.0,112.0,0.0,0.42265482100862295,1.0,0.4,1.0,reacquire:road,0,0,0,0,-1.0
1787224792.3340964,34.21514457729792,0.0,112.0,0.0,0.423700026130128,1.0,0.4,1.0,reacquire:road,0,0,0,0,-1.0
1787224792.3703356,33.675336513144714,0.0,112.0,0.0,0.42304677292918735,1.0,0.4,1.0,reacquire:road,0,0,0,0,-1.0
1787224792.4015613,32.4433955641139,0.0,112.0,0.0,0.4216096158871179,1.0,0.4,1.0,reacquire:road,0,0,0,0,-1.0
1787224792.4310184,32.16823204691463,0.0,112.0,0.0,0.42383067677031616,1.0,0.4,1.0,reacquire:road,0,0,0,0,-1.0
1787224792.4642048,32.777893918876345,0.0,112.0,0.0,0.4243532793310687,1.0,0.4,1.0,reacquire:road,0,0,0,0,-1.0
1787224792.4917865,32.25575153461024,0.0,112.0,0.0,0.4243532793310687,1.0,0.4,1.0,reacquire:road,0,0,0,0,-1.0
1787224792.5184577,33.05067953236711,0.0,112.0,0.0,0.42696629213483145,1.0,0.4,1.0,reacquire:road,0,0,0,0,-1.0
1787224792.5516217,33.95736476825068,0.0,112.0,0.0,0.4268356414946433,1.0,0.4,1.0,reacquire:road,0,0,0,0,-1.0
1787224792.584982,33.16749232142086,0.0,112.0,0.0,0.4276195453357721,1.0,0.4,1.0,reacquire:road,0,0,0,0,-1.0
1787224792.6128607,32.55366813918343,0.0,112.0,0.0,0.42775019597596026,1.0,0.4,1.0,reacquire:road,0,0,0,0,-1.0
1787224792.6474802,33.08536458917054,0.0,112.0,0.0,0.42696629213483145,1.0,0.4,1.0,reacquire:road,0,0,0,0,-1.0
1787224792.6775408,32.1111712587478,0.0,112.0,0.0,0.4280114972563366,1.0,0.4,1.0,reacquire:road,0,0,0,0,-1.0
1787224792.70428,32.65405770243357,0.0,112.0,0.0,0.42513718317219756,1.0,0.4,1.0,reacquire:road,0,0,0,0,-1.0
1787224792.7370272,33.610855291985075,0.0,112.0,0.0,0.42735824405539585,1.0,0.4,1.0,reacquire:road,0,0,0,0,-1.0
1787224792.767848,32.959752768963625,0.0,112.0,0.0,0.4272275934152077,1.0,0.4,1.0,reacquire:road,0,0,0,0,-1.0
1787224792.796117,32.89327952203296,0.0,112.0,0.0,0.4276195453357721,1.0,0.4,1.0,reacquire:road,0,0,0,0,-1.0
1787224792.8299177,33.39345726085793,0.0,112.0,0.0,0.42944865429840606,1.0,0.4,1.0,reacquire:road,0,0,0,0,-1.0
1787224792.8588183,32.617239762766125,0.0,112.0,0.0,0.42984060621897047,1.0,0.4,1.0,reacquire:road,0,0,0,0,-1.0
1787224792.8875046,33.02052834132803,0.0,112.0,0.0,0.43010190749934674,1.0,0.4,1.0,reacquire:road,0,0,0,0,-1.0
1787224792.9198143,33.40189268587524,0.0,112.0,0.0,0.42970995557878233,1.0,0.4,1.0,reacquire:road,0,0,0,0,-1.0
1787224792.9484718,32.742755341463265,0.0,112.0,0.0,0.4295793049385942,1.0,0.4,1.0,reacquire:road,0,0,0,0,-1.0
1787224792.9776666,33.40326635256966,0.0,112.0,0.0,0.4267049908544552,1.0,0.4,1.0,reacquire:road,0,0,0,0,-1.0
1787224793.0110514,33.56023394555159,0.0,112.0,0.0,0.4287954010974654,1.0,0.4,1.0,reacquire:road,0,0,0,0,-1.0
1787224793.0389357,32.83316486240186,0.0,112.0,0.0,0.4310164619806637,1.0,0.4,1.0,reacquire:road,0,0,0,0,-1.0
1787224793.069835,33.41758158177504,0.0,112.0,0.0,0.4287954010974654,1.0,0.4,1.0,reacquire:road,0,0,0,0,-1.0
1787224793.1041186,33.23442203750607,0.0,112.0,0.0,0.4263130389338908,1.0,0.4,1.0,reacquire:road,0,0,0,0,-1.0
1787224793.1344826,32.35840538355164,0.0,112.0,0.0,0.42474523125163316,1.0,0.4,1.0,reacquire:road,0,0,0,0,-1.0
1787224793.1610575,32.56189358162665,0.0,112.0,0.0,0.4220015678076823,1.0,0.4,1.0,reacquire:road,0,0,0,0,-1.0
1787224793.1937332,33.576546883567545,0.0,112.0,0.0,0.4193885550039195,1.0,0.4,1.0,reacquire:road,0,0,0,0,-1.0
1787224793.221557,32.90325557351017,0.0,112.0,0.0,0.42304677292918735,1.0,0.4,1.0,reacquire:road,0,0,0,0,-1.0
1787224793.249207,33.488239877087956,0.0,112.0,0.0,0.4220015678076823,1.0,0.4,1.0,reacquire:road,0,0,0,0,-1.0
1787224793.2852254,34.16234079455008,0.0,112.0,0.0,0.42618238829370264,1.0,0.4,1.0,reacquire:road,0,0,0,0,-1.0
1787224793.313753,32.83150849204485,0.0,112.0,0.0,0.4239613274105043,1.0,0.4,1.0,reacquire:road,0,0,0,0,-1.0
1787224793.3401523,33.35267662537696,0.0,112.0,0.0,0.4220015678076823,1.0,0.4,1.0,reacquire:road,0,0,0,0,-1.0
1787224793.3714292,34.24351565266892,0.0,112.0,0.0,0.4220015678076823,1.0,0.4,1.0,reacquire:road,0,0,0,0,-1.0
1787224793.4020422,33.66051240802797,0.0,112.0,0.0,0.41951920564410766,1.0,0.4,1.0,reacquire:road,0,0,0,0,-1.0
1787224793.43146,33.61018832583744,0.0,112.0,0.0,0.4184740005226026,1.0,0.4,1.0,reacquire:road,0,0,0,0,-1.0
1787224793.4630013,33.690136949494224,0.0,112.0,0.0,0.41978050692448393,1.0,0.4,1.0,reacquire:road,0,0,0,0,-1.0
1787224793.493533,33.26271583342795,0.0,112.0,0.0,0.4196498562842958,1.0,0.4,1.0,reacquire:road,0,0,0,0,-1.0
1787224793.5222604,33.18732170414596,0.0,112.0,0.0,0.42017245884504834,1.0,0.4,1.0,reacquire:road,0,0,0,0,-1.0
1787224793.5539114,33.481920373000875,0.0,112.0,0.0,0.4193885550039195,1.0,0.4,1.0,reacquire:road,0,0,0,0,-1.0
1787224793.5826018,33.069570035996925,0.0,112.0,0.0,0.4193885550039195,1.0,0.4,1.0,reacquire:road,0,0,0,0,-1.0
1787224793.6118221,33.511959046762044,0.0,112.0,0.0,0.41782074732166186,1.0,0.4,1.0,reacquire:road,0,0,0,0,-1.0
1787224793.6458247,33.64754063715206,0.0,112.0,0.0,0.4189966030833551,1.0,0.4,1.0,reacquire:road,0,0,0,0,-1.0
1787224793.6735501,32.788884624274225,0.0,112.0,0.0,0.4184740005226026,1.0,0.4,1.0,reacquire:road,0,0,0,0,-1.0
1787224793.7024543,33.442524815005996,0.0,112.0,0.0,0.4163835902795924,1.0,0.4,1.0,reacquire:road,0,0,0,0,-1.0
1787224793.740766,33.695657030886515,0.0,112.0,0.0,0.41978050692448393,1.0,0.4,1.0,reacquire:road,0,0,0,0,-1.0
1787224793.7760656,31.722108281762868,0.0,112.0,0.0,0.4184740005226026,1.0,0.4,1.0,reacquire:road,0,0,0,0,-1.0
1787224793.8025663,31.691447122310592,0.0,112.0,0.0,0.4169061928403449,1.0,0.4,1.0,reacquire:road,0,0,0,0,-1.0
1787224793.8355744,32.905341874467496,0.0,112.0,0.0,0.41978050692448393,1.0,0.4,1.0,reacquire:road,0,0,0,0,-1.0
1787224793.8646722,32.262592829911284,0.0,112.0,0.0,0.420825712045989,1.0,0.4,1.0,reacquire:road,0,0,0,0,-1.0
1787224793.8909569,32.84812824763471,0.0,112.0,0.0,0.4196498562842958,1.0,0.4,1.0,reacquire:road,0,0,0,0,-1.0
1787224793.923775,33.856530424687975,0.0,112.0,0.0,0.4176900966814737,1.0,0.4,1.0,reacquire:road,0,0,0,0,-1.0
1787224793.9523437,33.1528964803679,0.0,112.0,0.0,0.4200418082048602,1.0,0.4,1.0,reacquire:road,0,0,0,0,-1.0
1787224793.980353,33.579423927208765,0.0,112.0,0.0,0.4220015678076823,1.0,0.4,1.0,reacquire:road,0,0,0,0,-1.0
1787224794.0144026,34.01762666901231,0.0,112.0,0.0,0.41951920564410766,1.0,0.4,1.0,reacquire:road,0,0,0,0,-1.0
1787224794.0432265,33.00500333016504,0.0,112.0,0.0,0.41912725372354326,1.0,0.4,1.0,reacquire:road,0,0,0,0,-1.0
1787224794.071838,33.432703167753594,0.0,112.0,0.0,0.41951920564410766,1.0,0.4,1.0,reacquire:road,0,0,0,0,-1.0
1787224794.10445,33.701454335816976,0.0,112.0,0.0,0.418865952443167,1.0,0.4,1.0,reacquire:road,0,0,0,0,-1.0
1787224794.134162,32.996675698349236,0.0,112.0,0.0,0.4200418082048602,1.0,0.4,1.0,reacquire:road,0,0,0,0,-1.0
1787224794.1640306,33.30289951293101,0.0,112.0,0.0,0.42134831460674155,1.0,0.4,1.0,reacquire:road,0,0,0,0,-1.0
1787224794.1963096,33.34188740782615,0.0,112.0,0.0,0.420825712045989,1.0,0.4,1.0,reacquire:road,0,0,0,0,-1.0
1787224794.2238786,32.86113212019881,0.0,112.0,0.0,0.41821269924222626,1.0,0.4,1.0,reacquire:road,0,0,0,0,-1.0
1787224794.2529805,33.515155569107705,0.0,112.0,0.0,0.42017245884504834,1.0,0.4,1.0,reacquire:road,0,0,0,0,-1.0
1787224794.2892795,33.7162430934492,0.0,112.0,0.0,0.42030310948523647,1.0,0.4,1.0,reacquire:road,0,0,0,0,-1.0
1787224794.31899,32.18387557613575,0.0,112.0,0.0,0.4221322184478704,1.0,0.4,1.0,reacquire:road,0,0,0,0,-1.0
1787224794.3474548,32.97090341174305,0.0,112.0,0.0,0.4206950614058009,1.0,0.4,1.0,reacquire:road,0,0,0,0,-1.0
1787224794.3812096,33.416117859511026,0.0,112.0,0.0,0.4186046511627907,1.0,0.4,1.0,reacquire:road,0,0,0,0,-1.0
1787224794.4098747,32.55531906551381,0.0,112.0,0.0,0.4206950614058009,1.0,0.4,1.0,reacquire:road,0,0,0,0,-1.0
1787224794.4366443,33.16634996303383,0.0,112.0,0.0,0.42030310948523647,1.0,0.4,1.0,reacquire:road,0,0,0,0,-1.0
1787224794.4736505,33.877840379928244,0.0,112.0,0.0,0.420825712045989,1.0,0.4,1.0,reacquire:road,0,0,0,0,-1.0
1787224794.5015962,32.5402832883441,0.0,112.0,0.0,0.42095636268617714,1.0,0.4,1.0,reacquire:road,0,0,0,0,-1.0
1787224794.5317295,33.25384219706997,0.0,112.0,0.0,0.41978050692448393,1.0,0.4,1.0,reacquire:road,0,0,0,0,-1.0
1787224794.565201,33.24165942822648,0.0,112.0,0.0,0.42265482100862295,1.0,0.4,1.0,reacquire:road,0,0,0,0,-1.0
1787224794.5954328,32.51878101234731,0.0,112.0,0.0,0.4212176639665534,1.0,0.4,1.0,reacquire:road,0,0,0,0,-1.0
1787224794.6221397,32.68802415291848,0.0,112.0,0.0,0.42422262869088057,1.0,0.4,1.0,reacquire:road,0,0,0,0,-1.0
1787224794.655081,33.627180334145876,0.0,112.0,0.0,0.4235693754899399,1.0,0.4,1.0,reacquire:road,0,0,0,0,-1.0
1787224794.6858747,32.85688904492772,0.0,112.0,0.0,0.4233080742095636,1.0,0.4,1.0,reacquire:road,0,0,0,0,-1.0
1787224794.7144418,32.9318991085667,0.0,112.0,0.0,0.42409197805069243,1.0,0.4,1.0,reacquire:road,0,0,0,0,-1.0
1787224794.7466266,33.35201967268601,0.0,112.0,0.0,0.4256597857329501,1.0,0.4,1.0,reacquire:road,0,0,0,0,-1.0
1787224794.776295,32.87570575246052,0.0,112.0,0.0,0.4221322184478704,1.0,0.4,1.0,reacquire:road,0,0,0,0,-1.0
1787224794.806673,33.05556049560943,0.0,112.0,0.0,0.4239613274105043,1.0,0.4,1.0,reacquire:road,0,0,0,0,-1.0
1787224794.8382814,33.03175167243912,0.0,112.0,0.0,0.4248758818918213,1.0,0.4,1.0,reacquire:road,0,0,0,0,-1.0
1787224794.8680944,32.59989004243482,0.0,112.0,0.0,0.4248758818918213,1.0,0.4,1.0,reacquire:road,0,0,0,0,-1.0
1787224794.897545,32.97585976817561,0.0,112.0,0.0,0.42657434021426704,1.0,0.4,1.0,reacquire:road,0,0,0,0,-1.0
1787224794.931619,33.17071778267932,0.0,112.0,0.0,0.42513718317219756,1.0,0.4,1.0,reacquire:road,0,0,0,0,-1.0
1787224794.9606433,32.37409960806904,0.0,112.0,0.0,0.423700026130128,1.0,0.4,1.0,reacquire:road,0,0,0,0,-1.0
1787224794.987792,32.83410903816372,0.0,112.0,0.0,0.42696629213483145,1.0,0.4,1.0,reacquire:road,0,0,0,0,-1.0
1787224795.0227635,33.591733349493595,0.0,112.0,0.0,0.42579043637313824,1.0,0.4,1.0,reacquire:road,0,0,0,0,-1.0
1787224795.0505545,32.434775050174466,0.0,112.0,0.0,0.4264436895740789,1.0,0.4,1.0,reacquire:road,0,0,0,0,-1.0
1787224795.0778155,33.29606563364091,0.0,112.0,0.0,0.42552913509276197,1.0,0.4,1.0,reacquire:road,0,0,0,0,-1.0
1787224795.1123953,34.13176720729795,0.0,112.0,0.0,0.4248758818918213,1.0,0.4,1.0,reacquire:road,0,0,0,0,-1.0
1787224795.1452382,33.00311883279198,0.0,112.0,0.0,0.4248758818918213,1.0,0.4,1.0,reacquire:road,0,0,0,0,-1.0
1787224795.1725595,32.57387725003262,0.0,112.0,0.0,0.42592108701332637,1.0,0.4,1.0,reacquire:road,0,0,0,0,-1.0
1787224795.2081873,32.950457679462886,0.0,112.0,0.0,0.42500653253200943,1.0,0.4,1.0,reacquire:road,0,0,0,0,-1.0
1787224795.2363682,32.259719285396514,0.0,112.0,0.0,0.42539848445257383,1.0,0.4,1.0,reacquire:road,0,0,0,0,-1.0
1787224795.2650223,32.91326404523016,0.0,112.0,0.0,0.42383067677031616,1.0,0.4,1.0,reacquire:road,0,0,0,0,-1.0
1787224795.2966092,33.31849532829171,0.0,112.0,0.0,0.42592108701332637,1.0,0.4,1.0,reacquire:road,0,0,0,0,-1.0
1787224795.3245113,32.97533205951421,0.0,112.0,0.0,0.4243532793310687,1.0,0.4,1.0,reacquire:road,0,0,0,0,-1.0
1787224795.3526392,33.54826762942046,0.0,112.0,0.0,0.4212176639665534,1.0,0.4,1.0,reacquire:road,0,0,0,0,-1.0
1787224795.3852203,33.95809392585646,0.0,112.0,0.0,0.42474523125163316,1.0,0.4,1.0,reacquire:road,0,0,0,0,-1.0
1787224795.4168806,33.08314476568849,0.0,112.0,0.0,0.42474523125163316,1.0,0.4,1.0,reacquire:road,0,0,0,0,-1.0
1787224795.446848,33.024769517482724,0.0,112.0,0.0,0.42775019597596026,1.0,0.4,1.0,reacquire:road,0,0,0,0,-1.0
1787224795.4792204,33.1010464730939,0.0,112.0,0.0,0.43049385941991114,1.0,0.4,1.0,reacquire:road,0,0,0,0,-1.0
1787224795.5079494,32.59321825559933,0.0,112.0,0.0,0.43088581134047554,1.0,0.4,1.0,reacquire:road,0,0,0,0,-1.0
1787224795.5357442,33.114924256407896,0.0,112.0,0.0,0.4327149203031095,1.0,0.4,1.0,reacquire:road,0,0,0,0,-1.0
1787224795.5716708,33.7031118476699,0.0,112.0,0.0,0.43114711262085187,1.0,0.4,1.0,reacquire:road,0,0,0,0,-1.0
1787224795.6001256,32.52001409553838,0.0,112.0,0.0,0.4320616671021688,1.0,0.4,1.0,reacquire:road,0,0,0,0,-1.0
1787224795.6293168,33.062510809753526,0.0,112.0,0.0,0.4324536190227332,1.0,0.4,1.0,reacquire:road,0,0,0,0,-1.0
1787224795.663149,33.299947717595714,0.0,112.0,0.0,0.4328455709432976,1.0,0.4,1.0,reacquire:road,0,0,0,0,-1.0
1787224795.6917465,32.41883271803094,0.0,112.0,0.0,0.430363208779723,1.0,0.4,1.0,reacquire:road,0,0,0,0,-1.0
1787224795.717537,33.12163510950016,0.0,112.0,0.0,0.42984060621897047,1.0,0.4,1.0,reacquire:road,0,0,0,0,-1.0
1787224795.7528148,34.25700275913158,0.0,112.0,0.0,0.42984060621897047,1.0,0.4,1.0,reacquire:road,0,0,0,0,-1.0
1787224795.7843525,33.059156632312515,0.0,112.0,0.0,0.42500653253200943,1.0,0.4,1.0,reacquire:road,0,0,0,0,-1.0
1787224795.8125134,32.80595898552977,0.0,112.0,0.0,0.42905670237784166,1.0,0.4,1.0,reacquire:road,0,0,0,0,-1.0
1787224795.845845,33.34913868226181,0.0,112.0,0.0,0.4276195453357721,1.0,0.4,1.0,reacquire:road,0,0,0,0,-1.0
1787224795.8734255,32.67582085711005,0.0,112.0,0.0,0.4267049908544552,1.0,0.4,1.0,reacquire:road,0,0,0,0,-1.0
1787224795.900689,33.377556305262736,0.0,112.0,0.0,0.4263130389338908,1.0,0.4,1.0,reacquire:road,0,0,0,0,-1.0
1787224795.933645,34.058638823593846,0.0,112.0,0.0,0.42579043637313824,1.0,0.4,1.0,reacquire:road,0,0,0,0,-1.0
1787224795.9640663,33.23623795855021,0.0,112.0,0.0,0.42592108701332637,1.0,0.4,1.0,reacquire:road,0,0,0,0,-1.0
1787224795.9953973,33.254275097801866,0.0,112.0,0.0,0.42552913509276197,1.0,0.4,1.0,reacquire:road,0,0,0,0,-1.0
1787224796.0268066,32.98848699023375,0.0,112.0,0.0,0.4229161222889992,1.0,0.4,1.0,reacquire:road,0,0,0,0,-1.0
1787224796.0566392,32.64884997396213,0.0,112.0,0.0,0.4233080742095636,1.0,0.4,1.0,reacquire:road,0,0,0,0,-1.0
1787224796.0852318,32.9301499567046,0.0,112.0,0.0,0.42304677292918735,1.0,0.4,1.0,reacquire:road,0,0,0,0,-1.0
1787224796.1171074,33.35617228088873,0.0,112.0,0.0,0.42265482100862295,1.0,0.4,1.0,reacquire:road,0,0,0,0,-1.0
1787224796.1458685,32.8057560434502,0.0,112.0,0.0,0.4227854716488111,1.0,0.4,1.0,reacquire:road,0,0,0,0,-1.0
1787224796.1754074,33.4024113120805,0.0,112.0,0.0,0.42265482100862295,1.0,0.4,1.0,reacquire:road,0,0,0,0,-1.0
1787224796.2095368,33.48146657968466,0.0,112.0,0.0,0.4229161222889992,1.0,0.4,1.0,reacquire:road,0,0,0,0,-1.0
1787224796.2381072,32.62119829340586,0.0,112.0,0.0,0.42265482100862295,1.0,0.4,1.0,reacquire:road,0,0,0,0,-1.0
1787224796.2669506,33.11765195276617,0.0,112.0,0.0,0.42409197805069243,1.0,0.4,1.0,reacquire:road,0,0,0,0,-1.0
1787224796.3021278,33.31177028674309,0.0,112.0,0.0,0.4212176639665534,1.0,0.4,1.0,reacquire:road,0,0,0,0,-1.0
1787224796.331916,32.33397931231493,0.0,112.0,0.0,0.42265482100862295,1.0,0.4,1.0,reacquire:road,0,0,0,0,-1.0
1787224796.3603268,32.72132810828961,0.0,112.0,0.0,0.42265482100862295,1.0,0.4,1.0,reacquire:road,0,0,0,0,-1.0
1787224796.3936887,33.21684390423227,0.0,112.0,0.0,0.4223935197282467,1.0,0.4,1.0,reacquire:road,0,0,0,0,-1.0
1787224796.422933,32.53709110229611,0.0,112.0,0.0,0.4210870133263653,1.0,0.4,1.0,reacquire:road,0,0,0,0,-1.0
1787224796.4496415,32.85506518406585,0.0,112.0,0.0,0.42226286908805855,1.0,0.4,1.0,reacquire:road,0,0,0,0,-1.0
1787224796.4828575,33.83581856204121,0.0,112.0,0.0,0.42187091716749414,1.0,0.4,1.0,reacquire:road,0,0,0,0,-1.0
1787224796.5171118,33.07238376567085,0.0,112.0,0.0,0.4220015678076823,1.0,0.4,1.0,reacquire:road,0,0,0,0,-1.0
1787224796.545561,32.30946903435414,0.0,112.0,0.0,0.4221322184478704,1.0,0.4,1.0,reacquire:road,0,0,0,0,-1.0
1787224796.5782137,32.868140147057254,0.0,112.0,0.0,0.42134831460674155,1.0,0.4,1.0,reacquire:road,0,0,0,0,-1.0
1787224796.6074739,32.35589972989816,0.0,112.0,0.0,0.4210870133263653,1.0,0.4,1.0,reacquire:road,0,0,0,0,-1.0
1787224796.635675,32.800027730887315,0.0,112.0,0.0,0.420825712045989,1.0,0.4,1.0,reacquire:road,0,0,0,0,-1.0
1787224796.6680975,33.32068155128145,0.0,112.0,0.0,0.41991115756467207,1.0,0.4,1.0,reacquire:road,0,0,0,0,-1.0
1787224796.6998613,32.83877696918877,0.0,112.0,0.0,0.41978050692448393,1.0,0.4,1.0,reacquire:road,0,0,0,0,-1.0
1787224796.7284908,32.57164471957902,0.0,112.0,0.0,0.4206950614058009,1.0,0.4,1.0,reacquire:road,0,0,0,0,-1.0
1787224796.7606375,33.049271041688066,0.0,112.0,0.0,0.41782074732166186,1.0,0.4,1.0,reacquire:road,0,0,0,0,-1.0
1787224796.7884328,32.6259813474661,0.0,112.0,0.0,0.42147896524692974,1.0,0.4,1.0,reacquire:road,0,0,0,0,-1.0
1787224796.8183956,33.2911887652196,0.0,112.0,0.0,0.4212176639665534,1.0,0.4,1.0,reacquire:road,0,0,0,0,-1.0
1787224796.855425,33.34291393828527,0.0,112.0,0.0,0.4204337601254246,1.0,0.4,1.0,reacquire:road,0,0,0,0,-1.0
1787224796.883813,32.04747128518654,0.0,112.0,0.0,0.4189966030833551,1.0,0.4,1.0,reacquire:road,0,0,0,0,-1.0
1787224796.9125273,32.62596220090349,0.0,112.0,0.0,0.4210870133263653,1.0,0.4,1.0,reacquire:road,0,0,0,0,-1.0
1787224796.9444351,33.181402806137896,0.0,112.0,0.0,0.421740266527306,1.0,0.4,1.0,reacquire:road,0,0,0,0,-1.0
1787224796.9717615,32.76880772473124,0.0,112.0,0.0,0.42056441076561274,1.0,0.4,1.0,reacquire:road,0,0,0,0,-1.0
1787224796.9984944,33.58692087811774,0.0,112.0,0.0,0.42134831460674155,1.0,0.4,1.0,reacquire:road,0,0,0,0,-1.0
1787224797.0318668,34.35911532832592,0.0,112.0,0.0,0.42030310948523647,1.0,0.4,1.0,reacquire:road,0,0,0,0,-1.0
1787224797.0616925,33.245178335392076,0.0,112.0,0.0,0.4229161222889992,1.0,0.4,1.0,reacquire:road,0,0,0,0,-1.0
1787224797.088157,33.614166708555985,0.0,112.0,0.0,0.4212176639665534,1.0,0.4,1.0,reacquire:road,0,0,0,0,-1.0
1787224797.1223245,34.453375860920104,0.0,112.0,0.0,0.42017245884504834,1.0,0.4,1.0,reacquire:road,0,0,0,0,-1.0
1787224797.1517012,33.40219551636752,0.0,112.0,0.0,0.42226286908805855,1.0,0.4,1.0,reacquire:road,0,0,0,0,-1.0
1787224797.1786184,33.55488515686451,0.0,112.0,0.0,0.42147896524692974,1.0,0.4,1.0,reacquire:road,0,0,0,0,-1.0
1787224797.210269,34.272414692586324,0.0,112.0,0.0,0.4206950614058009,1.0,0.4,1.0,reacquire:road,0,0,0,0,-1.0
1787224797.2395806,33.66099395610399,0.0,112.0,0.0,0.420825712045989,1.0,0.4,1.0,reacquire:road,0,0,0,0,-1.0
1787224797.267774,33.81743018460345,0.0,112.0,0.0,0.4225241703684348,1.0,0.4,1.0,reacquire:road,0,0,0,0,-1.0
1787224797.2997127,34.16841050437468,0.0,112.0,0.0,0.420825712045989,1.0,0.4,1.0,reacquire:road,0,0,0,0,-1.0
1787224797.331482,33.592288513852914,0.0,112.0,0.0,0.4221322184478704,1.0,0.4,1.0,reacquire:road,0,0,0,0,-1.0
1787224797.3604844,33.17874682660421,0.0,112.0,0.0,0.4216096158871179,1.0,0.4,1.0,reacquire:road,0,0,0,0,-1.0
1787224797.3929238,33.43704949724777,0.0,112.0,0.0,0.4212176639665534,1.0,0.4,1.0,reacquire:road,0,0,0,0,-1.0
1787224797.421074,32.90690938310497,0.0,112.0,0.0,0.42017245884504834,1.0,0.4,1.0,reacquire:road,0,0,0,0,-1.0
1787224797.4499679,33.41457849912648,0.0,112.0,0.0,0.418865952443167,1.0,0.4,1.0,reacquire:road,0,0,0,0,-1.0
1787224797.4847941,33.681238105532685,0.0,112.0,0.0,0.4231774235693755,1.0,0.4,1.0,reacquire:road,0,0,0,0,-1.0
1787224797.5148332,32.08728761643741,0.0,112.0,0.0,0.41991115756467207,1.0,0.4,1.0,reacquire:road,0,0,0,0,-1.0
1787224797.544947,33.37113172093926,0.0,112.0,0.0,0.41951920564410766,1.0,0.4,1.0,reacquire:road,0,0,0,0,-1.0
1787224797.5784216,33.33864735689443,0.0,112.0,0.0,0.4204337601254246,1.0,0.4,1.0,reacquire:road,0,0,0,0,-1.0
1787224797.6077864,32.45388224982073,0.0,112.0,0.0,0.4196498562842958,1.0,0.4,1.0,reacquire:road,0,0,0,0,-1.0
1787224797.6343443,33.02349357894085,0.0,112.0,0.0,0.418865952443167,1.0,0.4,1.0,reacquire:road,0,0,0,0,-1.0
1787224797.6687942,33.96883853449917,0.0,112.0,0.0,0.41703684348053305,1.0,0.4,1.0,reacquire:road,0,0,0,0,-1.0
1787224797.6982868,32.84024338054329,0.0,112.0,0.0,0.41951920564410766,1.0,0.4,1.0,reacquire:road,0,0,0,0,-1.0
1787224797.7247052,33.25576947624036,0.0,112.0,0.0,0.4171674941207212,1.0,0.4,1.0,reacquire:road,0,0,0,0,-1.0
1787224797.7580652,34.17400712643384,0.0,112.0,0.0,0.41795139796185,1.0,0.4,1.0,reacquire:road,0,0,0,0,-1.0
1787224797.7875824,33.05877220947752,0.0,112.0,0.0,0.4169061928403449,1.0,0.4,1.0,reacquire:road,0,0,0,0,-1.0
1787224797.8136818,33.60171619185866,0.0,112.0,0.0,0.41795139796185,1.0,0.4,1.0,reacquire:road,0,0,0,0,-1.0
1787224797.8454323,34.557626057660016,0.0,112.0,0.0,0.4192579043637314,1.0,0.4,1.0,reacquire:road,0,0,0,0,-1.0
1787224797.8745985,33.931336466253875,0.0,112.0,0.0,0.4196498562842958,1.0,0.4,1.0,reacquire:road,0,0,0,0,-1.0
1787224797.9020612,34.01825420110787,0.0,112.0,0.0,0.4221322184478704,1.0,0.4,1.0,reacquire:road,0,0,0,0,-1.0
1787224797.9370887,34.46676902979602,0.0,112.0,0.0,0.42095636268617714,1.0,0.4,1.0,reacquire:road,0,0,0,0,-1.0
1787224797.9661791,33.29078439699233,0.0,112.0,0.0,0.42017245884504834,1.0,0.4,1.0,reacquire:road,0,0,0,0,-1.0
1787224797.9970253,33.51222837967206,0.0,112.0,0.0,0.4212176639665534,1.0,0.4,1.0,reacquire:road,0,0,0,0,-1.0
1787224798.02895,33.29446161226144,0.0,112.0,0.0,0.41951920564410766,1.0,0.4,1.0,reacquire:road,0,0,0,0,-1.0
1787224798.0564,32.89940669386554,0.0,112.0,0.0,0.42134831460674155,1.0,0.4,1.0,reacquire:road,0,0,0,0,-1.0
1787224798.084769,33.61535706769305,0.0,112.0,0.0,0.4210870133263653,1.0,0.4,1.0,reacquire:road,0,0,0,0,-1.0
1787224798.117987,33.61766646455326,0.0,112.0,0.0,0.420825712045989,1.0,0.4,1.0,reacquire:road,0,0,0,0,-1.0
1787224798.1497602,33.05276543548712,0.0,112.0,0.0,0.421740266527306,1.0,0.4,1.0,reacquire:road,0,0,0,0,-1.0
1787224798.1781201,32.868353685716805,0.0,112.0,0.0,0.42095636268617714,1.0,0.4,1.0,reacquire:road,0,0,0,0,-1.0
1787224798.215153,33.340314651633996,0.0,112.0,0.0,0.4227854716488111,1.0,0.4,1.0,reacquire:road,0,0,0,0,-1.0
1787224798.24319,32.03915784322373,0.0,112.0,0.0,0.4225241703684348,1.0,0.4,1.0,reacquire:road,0,0,0,0,-1.0
1787224798.269462,32.81157791152514,0.0,112.0,0.0,0.4212176639665534,1.0,0.4,1.0,reacquire:road,0,0,0,0,-1.0
1787224798.3032727,33.867973854256675,0.0,112.0,0.0,0.4206950614058009,1.0,0.4,1.0,reacquire:road,0,0,0,0,-1.0
1787224798.331851,32.9206010030856,0.0,112.0,0.0,0.4204337601254246,1.0,0.4,1.0,reacquire:road,0,0,0,0,-1.0
1787224798.3604817,33.475880945785356,0.0,112.0,0.0,0.42017245884504834,1.0,0.4,1.0,reacquire:road,0,0,0,0,-1.0
1787224798.3940506,33.76416492007701,0.0,112.0,0.0,0.4206950614058009,1.0,0.4,1.0,reacquire:road,0,0,0,0,-1.0
1787224798.4222393,32.77048706339922,0.0,112.0,0.0,0.420825712045989,1.0,0.4,1.0,reacquire:road,0,0,0,0,-1.0
1787224798.4483511,33.60702114580389,0.0,112.0,0.0,0.41991115756467207,1.0,0.4,1.0,reacquire:road,0,0,0,0,-1.0
1787224798.479835,34.55709977861873,0.0,112.0,0.0,0.421740266527306,1.0,0.4,1.0,reacquire:road,0,0,0,0,-1.0
1787224798.50911,33.88800079273888,0.0,112.0,0.0,0.4200418082048602,1.0,0.4,1.0,reacquire:road,0,0,0,0,-1.0
1787224798.5351388,34.07880501766771,0.0,112.0,0.0,0.4210870133263653,1.0,0.4,1.0,reacquire:road,0,0,0,0,-1.0
1787224798.5665724,34.89398922153854,0.0,112.0,0.0,0.4175594460412856,1.0,0.4,1.0,reacquire:road,0,0,0,0,-1.0
1787224798.594867,34.23366666848824,0.0,112.0,0.0,0.42017245884504834,1.0,0.4,1.0,reacquire:road,0,0,0,0,-1.0
1787224798.6212237,34.55151014812988,0.0,112.0,0.0,0.41991115756467207,1.0,0.4,1.0,reacquire:road,0,0,0,0,-1.0
1787224798.6545749,35.21159903267871,0.0,112.0,0.0,0.41782074732166186,1.0,0.4,1.0,reacquire:road,0,0,0,0,-1.0
1787224798.683004,33.76721551334256,0.0,112.0,0.0,0.41991115756467207,1.0,0.4,1.0,reacquire:road,0,0,0,0,-1.0
1787224798.7118776,34.5541638369168,0.0,112.0,0.0,0.41664489155996864,1.0,0.4,1.0,reacquire:road,0,0,0,0,-1.0
1787224798.744986,34.565569549778985,0.0,112.0,0.0,0.41951920564410766,1.0,0.4,1.0,reacquire:road,0,0,0,0,-1.0
1787224798.7734182,33.785757685145704,0.0,112.0,0.0,0.42017245884504834,1.0,0.4,1.0,reacquire:road,0,0,0,0,-1.0
1787224798.802975,34.07491030168107,0.0,112.0,0.0,0.41991115756467207,1.0,0.4,1.0,reacquire:road,0,0,0,0,-1.0
1787224798.836137,33.99155782616181,0.0,112.0,0.0,0.418865952443167,1.0,0.4,1.0,reacquire:road,0,0,0,0,-1.0
1787224798.8644464,33.13692255785997,0.0,112.0,0.0,0.41912725372354326,1.0,0.4,1.0,reacquire:road,0,0,0,0,-1.0
1787224798.8912728,33.739323547944366,0.0,112.0,0.0,0.41951920564410766,1.0,0.4,1.0,reacquire:road,0,0,0,0,-1.0
1787224798.9223266,34.43469550600561,0.0,112.0,0.0,0.41821269924222626,1.0,0.4,1.0,reacquire:road,0,0,0,0,-1.0
1787224798.9508104,33.86089210205788,0.0,112.0,0.0,0.42134831460674155,1.0,0.4,1.0,reacquire:road,0,0,0,0,-1.0
1787224798.9777043,34.26667000550758,0.0,112.0,0.0,0.42147896524692974,1.0,0.4,1.0,reacquire:road,0,0,0,0,-1.0
1787224799.0113826,34.862579466692445,0.0,112.0,0.0,0.42147896524692974,1.0,0.4,1.0,reacquire:road,0,0,0,0,-1.0
1787224799.0398037,33.74067967540847,0.0,112.0,0.0,0.42030310948523647,1.0,0.4,1.0,reacquire:road,0,0,0,0,-1.0
1787224799.0674887,34.15237761642883,0.0,112.0,0.0,0.4193885550039195,1.0,0.4,1.0,reacquire:road,0,0,0,0,-1.0
1787224799.0996637,34.46293470216295,0.0,112.0,0.0,0.42017245884504834,1.0,0.4,1.0,reacquire:road,0,0,0,0,-1.0
1787224799.1290958,33.73861551537468,0.0,112.0,0.0,0.42095636268617714,1.0,0.4,1.0,reacquire:road,0,0,0,0,-1.0
1787224799.1580853,33.925519062748954,0.0,112.0,0.0,0.421740266527306,1.0,0.4,1.0,reacquire:road,0,0,0,0,-1.0
1787224799.1897278,34.03997875276298,0.0,112.0,0.0,0.4196498562842958,1.0,0.4,1.0,reacquire:road,0,0,0,0,-1.0
1787224799.2172916,33.453942768346785,0.0,112.0,0.0,0.41873530180297885,1.0,0.4,1.0,reacquire:road,0,0,0,0,-1.0
1787224799.2462063,34.13933252228645,0.0,112.0,0.0,0.4206950614058009,1.0,0.4,1.0,reacquire:road,0,0,0,0,-1.0
1787224799.280256,34.239974171790614,0.0,112.0,0.0,0.421740266527306,1.0,0.4,1.0,reacquire:road,0,0,0,0,-1.0
1787224799.3113725,33.10659943863658,0.0,112.0,0.0,0.41795139796185,1.0,0.4,1.0,reacquire:road,0,0,0,0,-1.0
1787224799.3386161,33.10933038652478,0.0,112.0,0.0,0.4193885550039195,1.0,0.4,1.0,reacquire:road,0,0,0,0,-1.0
1787224799.3740098,33.81657724615032,0.0,112.0,0.0,0.42095636268617714,1.0,0.4,1.0,reacquire:road,0,0,0,0,-1.0
1787224799.4011886,32.702564390515455,0.0,112.0,0.0,0.41991115756467207,1.0,0.4,1.0,reacquire:road,0,0,0,0,-1.0
1787224799.427905,33.51888315455805,0.0,112.0,0.0,0.4193885550039195,1.0,0.4,1.0,reacquire:road,0,0,0,0,-1.0
1787224799.46152,34.326366277586395,0.0,112.0,0.0,0.41912725372354326,1.0,0.4,1.0,reacquire:road,0,0,0,0,-1.0
1787224799.489548,33.39461103812752,0.0,112.0,0.0,0.4200418082048602,1.0,0.4,1.0,reacquire:road,0,0,0,0,-1.0
1787224799.5157847,33.87010649024133,0.0,112.0,0.0,0.4184740005226026,1.0,0.4,1.0,reacquire:road,0,0,0,0,-1.0
1787224799.5477164,34.725665410401284,0.0,112.0,0.0,0.42147896524692974,1.0,0.4,1.0,reacquire:road,0,0,0,0,-1.0
1787224799.5779474,33.9419509604501,0.0,112.0,0.0,0.42187091716749414,1.0,0.4,1.0,reacquire:road,0,0,0,0,-1.0
1787224799.6056762,33.88220565595429,0.0,112.0,0.0,0.4193885550039195,1.0,0.4,1.0,reacquire:road,0,0,0,0,-1.0
1787224799.6387925,34.30611751486979,0.0,112.0,0.0,0.420825712045989,1.0,0.4,1.0,reacquire:road,0,0,0,0,-1.0
1787224799.6675162,33.452237869618585,0.0,112.0,0.0,0.4204337601254246,1.0,0.4,1.0,reacquire:road,0,0,0,0,-1.0
1787224799.6963696,33.76150624721387,0.0,112.0,0.0,0.420825712045989,1.0,0.4,1.0,reacquire:road,0,0,0,0,-1.0
1787224799.7279148,33.96158529464407,0.0,112.0,0.0,0.4210870133263653,1.0,0.4,1.0,reacquire:road,0,0,0,0,-1.0
1787224799.7563393,33.503502466071645,0.0,112.0,0.0,0.4210870133263653,1.0,0.4,1.0,reacquire:road,0,0,0,0,-1.0
1787224799.786377,33.845655128447234,0.0,112.0,0.0,0.4204337601254246,1.0,0.4,1.0,reacquire:road,0,0,0,0,-1.0
1787224799.818114,33.72935819677852,0.0,112.0,0.0,0.4212176639665534,1.0,0.4,1.0,reacquire:road,0,0,0,0,-1.0
1787224799.8466704,33.19374324347805,0.0,112.0,0.0,0.420825712045989,1.0,0.4,1.0,reacquire:road,0,0,0,0,-1.0
1787224799.8757,33.68207060957695,0.0,112.0,0.0,0.42134831460674155,1.0,0.4,1.0,reacquire:road,0,0,0,0,-1.0
1787224799.9092774,33.726631404697656,0.0,112.0,0.0,0.4216096158871179,1.0,0.4,1.0,reacquire:road,0,0,0,0,-1.0
1787224799.9373622,32.75102598639291,0.0,112.0,0.0,0.42056441076561274,1.0,0.4,1.0,reacquire:road,0,0,0,0,-1.0
1787224799.9634383,33.729945419584425,0.0,112.0,0.0,0.41951920564410766,1.0,0.4,1.0,reacquire:road,0,0,0,0,-1.0
1787224799.9969146,34.66964192302484,0.0,112.0,0.0,0.4184740005226026,1.0,0.4,1.0,reacquire:road,0,0,0,0,-1.0
1787224800.0257998,33.41758401927468,0.0,112.0,0.0,0.4193885550039195,1.0,0.4,1.0,reacquire:road,0,0,0,0,-1.0
1787224800.0526164,34.08984144670263,0.0,112.0,0.0,0.41912725372354326,1.0,0.4,1.0,reacquire:road,0,0,0,0,-1.0
1787224800.0858388,34.727161185711424,0.0,112.0,0.0,0.4206950614058009,1.0,0.4,1.0,reacquire:road,0,0,0,0,-1.0
1787224800.1150975,33.78926967375638,0.0,112.0,0.0,0.4225241703684348,1.0,0.4,1.0,reacquire:road,0,0,0,0,-1.0
1787224800.1421878,33.872797382033106,0.0,112.0,0.0,0.4189966030833551,1.0,0.4,1.0,reacquire:road,0,0,0,0,-1.0
1787224800.1741316,34.496899820623355,0.0,112.0,0.0,0.42187091716749414,1.0,0.4,1.0,reacquire:road,0,0,0,0,-1.0
1787224800.2024548,33.837070948252325,0.0,112.0,0.0,0.42030310948523647,1.0,0.4,1.0,reacquire:road,0,0,0,0,-1.0
1787224800.2289267,34.15293969733099,0.0,112.0,0.0,0.4196498562842958,1.0,0.4,1.0,reacquire:road,0,0,0,0,-1.0
1787224800.2629585,34.886239759678205,0.0,112.0,0.0,0.4186046511627907,1.0,0.4,1.0,reacquire:road,0,0,0,0,-1.0
1787224800.2923403,33.70892681946668,0.0,112.0,0.0,0.41951920564410766,1.0,0.4,1.0,reacquire:road,0,0,0,0,-1.0
1787224800.3215325,33.87792988047808,0.0,112.0,0.0,0.42056441076561274,1.0,0.4,1.0,reacquire:road,0,0,0,0,-1.0
1787224800.3531494,33.947249868883304,0.0,112.0,0.0,0.4165142409197805,1.0,0.4,1.0,reacquire:road,0,0,0,0,-1.0
1787224800.380208,33.464651232697165,0.0,112.0,0.0,0.418865952443167,1.0,0.4,1.0,reacquire:road,0,0,0,0,-1.0
1787224800.4098647,34.19637641810753,0.0,112.0,0.0,0.4186046511627907,1.0,0.4,1.0,reacquire:road,0,0,0,0,-1.0
1787224800.4419186,34.10123883493797,0.0,112.0,0.0,0.42056441076561274,1.0,0.4,1.0,reacquire:road,0,0,0,0,-1.0
1787224800.4690464,33.511703508166626,0.0,112.0,0.0,0.41834334988241445,1.0,0.4,1.0,reacquire:road,0,0,0,0,-1.0
1787224800.4978101,34.03434529317456,0.0,112.0,0.0,0.41912725372354326,1.0,0.4,1.0,reacquire:road,0,0,0,0,-1.0
1787224800.5323265,34.32948011464957,0.0,112.0,0.0,0.4180820486020381,1.0,0.4,1.0,reacquire:road,0,0,0,0,-1.0
1787224800.5620809,32.99580519965939,0.0,112.0,0.0,0.41795139796185,1.0,0.4,1.0,reacquire:road,0,0,0,0,-1.0
1787224800.589382,33.508421059593,0.0,112.0,0.0,0.41991115756467207,1.0,0.4,1.0,reacquire:road,0,0,0,0,-1.0
1787224800.6234074,34.13115211946941,0.0,112.0,0.0,0.42017245884504834,1.0,0.4,1.0,reacquire:road,0,0,0,0,-1.0
1787224800.6511972,33.09362985359763,0.0,112.0,0.0,0.41821269924222626,1.0,0.4,1.0,reacquire:road,0,0,0,0,-1.0
1787224800.6791954,33.79186604992745,0.0,112.0,0.0,0.41912725372354326,1.0,0.4,1.0,reacquire:road,0,0,0,0,-1.0
1787224800.7152517,34.18577797181025,0.0,112.0,0.0,0.41912725372354326,1.0,0.4,1.0,reacquire:road,0,0,0,0,-1.0
1787224800.747376,32.87590618340606,0.0,112.0,0.0,0.42017245884504834,1.0,0.4,1.0,reacquire:road,0,0,0,0,-1.0
1787224800.7745872,32.55473709095332,0.0,112.0,0.0,0.41912725372354326,1.0,0.4,1.0,reacquire:road,0,0,0,0,-1.0
1787224800.8059354,33.3943962209156,0.0,112.0,0.0,0.4186046511627907,1.0,0.4,1.0,reacquire:road,0,0,0,0,-1.0
1787224800.8339767,32.99092118572139,0.0,112.0,0.0,0.41834334988241445,1.0,0.4,1.0,reacquire:road,0,0,0,0,-1.0
1787224800.8605533,33.642176648435814,0.0,112.0,0.0,0.4206950614058009,1.0,0.4,1.0,reacquire:road,0,0,0,0,-1.0
1787224800.8919477,34.46590667372499,0.0,112.0,0.0,0.42056441076561274,1.0,0.4,1.0,reacquire:road,0,0,0,0,-1.0
1787224800.920878,33.93395906463439,0.0,112.0,0.0,0.4210870133263653,1.0,0.4,1.0,reacquire:road,0,0,0,0,-1.0
1787224800.9469893,34.04638302474627,0.0,112.0,0.0,0.4189966030833551,1.0,0.4,1.0,reacquire:road,0,0,0,0,-1.0
1787224800.9836667,34.905754268850075,0.0,112.0,0.0,0.418865952443167,1.0,0.4,1.0,reacquire:road,0,0,0,0,-1.0
1787224801.011969,33.34638788483464,0.0,112.0,0.0,0.42134831460674155,1.0,0.4,1.0,reacquire:road,0,0,0,0,-1.0
1787224801.040677,33.8102498219164,0.0,112.0,0.0,0.41912725372354326,1.0,0.4,1.0,reacquire:road,0,0,0,0,-1.0
1787224801.0725398,34.017374223630036,0.0,112.0,0.0,0.4189966030833551,1.0,0.4,1.0,reacquire:road,0,0,0,0,-1.0
1787224801.0999947,33.26759230563105,0.0,112.0,0.0,0.42095636268617714,1.0,0.4,1.0,reacquire:road,0,0,0,0,-1.0
1787224801.1292722,34.18680749002945,0.0,112.0,0.0,0.42056441076561274,1.0,0.4,1.0,reacquire:road,0,0,0,0,-1.0
1787224801.1608949,34.21256815806822,0.0,112.0,0.0,0.4186046511627907,1.0,0.4,1.0,reacquire:road,0,0,0,0,-1.0
1787224801.1905012,33.68672002191142,0.0,112.0,0.0,0.42147896524692974,1.0,0.4,1.0,reacquire:road,0,0,0,0,-1.0
1787224801.2173588,33.712649736879655,0.0,112.0,0.0,0.4223935197282467,1.0,0.4,1.0,reacquire:road,0,0,0,0,-1.0
1787224801.2524319,34.4029811683516,0.0,112.0,0.0,0.4192579043637314,1.0,0.4,1.0,reacquire:road,0,0,0,0,-1.0
1787224801.2799268,33.21182292260698,0.0,112.0,0.0,0.42095636268617714,1.0,0.4,1.0,reacquire:road,0,0,0,0,-1.0
1787224801.3068893,33.87973384410383,0.0,112.0,0.0,0.41991115756467207,1.0,0.4,1.0,reacquire:road,0,0,0,0,-1.0
1787224801.3400028,34.511183234420045,0.0,112.0,0.0,0.42187091716749414,1.0,0.4,1.0,reacquire:road,0,0,0,0,-1.0
1787224801.36854,33.403655913616525,0.0,112.0,0.0,0.41912725372354326,1.0,0.4,1.0,reacquire:road,0,0,0,0,-1.0
1787224801.3962977,34.099116368486115,0.0,112.0,0.0,0.4212176639665534,1.0,0.4,1.0,reacquire:road,0,0,0,0,-1.0
1787224801.4276202,34.48959618528444,0.0,112.0,0.0,0.41951920564410766,1.0,0.4,1.0,reacquire:road,0,0,0,0,-1.0
1787224801.4580672,33.756339144156776,0.0,112.0,0.0,0.42017245884504834,1.0,0.4,1.0,reacquire:road,0,0,0,0,-1.0
1787224801.4848602,33.822766055699105,0.0,112.0,0.0,0.41951920564410766,1.0,0.4,1.0,reacquire:road,0,0,0,0,-1.0
1787224801.5158865,34.487277902669746,0.0,112.0,0.0,0.42017245884504834,1.0,0.4,1.0,reacquire:road,0,0,0,0,-1.0
1787224801.5456464,33.933452922123735,0.0,112.0,0.0,0.42017245884504834,1.0,0.4,1.0,reacquire:road,0,0,0,0,-1.0
1787224801.5721834,34.013026261369646,0.0,112.0,0.0,0.41991115756467207,1.0,0.4,1.0,reacquire:road,0,0,0,0,-1.0
1787224801.6061664,34.745809453836166,0.0,112.0,0.0,0.4210870133263653,1.0,0.4,1.0,reacquire:road,0,0,0,0,-1.0
1787224801.6328163,33.625211940749935,0.0,112.0,0.0,0.41912725372354326,1.0,0.4,1.0,reacquire:road,0,0,0,0,-1.0
1787224801.6601562,34.462924918484525,0.0,112.0,0.0,0.4193885550039195,1.0,0.4,1.0,reacquire:road,0,0,0,0,-1.0
1787224801.6939695,34.645530460817135,0.0,112.0,0.0,0.4192579043637314,1.0,0.4,1.0,reacquire:road,0,0,0,0,-1.0
1787224801.7216382,33.80432395897779,0.0,112.0,0.0,0.41873530180297885,1.0,0.4,1.0,reacquire:road,0,0,0,0,-1.0
1787224801.749991,34.29612977274911,0.0,112.0,0.0,0.4192579043637314,1.0,0.4,1.0,reacquire:road,0,0,0,0,-1.0
1787224801.7822769,34.44910733127749,0.0,112.0,0.0,0.42095636268617714,1.0,0.4,1.0,reacquire:road,0,0,0,0,-1.0
1787224801.811732,33.732153758770195,0.0,112.0,0.0,0.42030310948523647,1.0,0.4,1.0,reacquire:road,0,0,0,0,-1.0
1787224801.8389356,33.84091804862989,0.0,112.0,0.0,0.41951920564410766,1.0,0.4,1.0,reacquire:road,0,0,0,0,-1.0
1787224801.8701231,34.415061633552746,0.0,112.0,0.0,0.4186046511627907,1.0,0.4,1.0,reacquire:road,0,0,0,0,-1.0
1787224801.8989482,33.85570527542991,0.0,112.0,0.0,0.4189966030833551,1.0,0.4,1.0,reacquire:road,0,0,0,0,-1.0
1787224801.9262853,34.09940675027768,0.0,112.0,0.0,0.4186046511627907,1.0,0.4,1.0,reacquire:road,0,0,0,0,-1.0
1787224801.9606671,34.64136330366248,0.0,112.0,0.0,0.41821269924222626,1.0,0.4,1.0,reacquire:road,0,0,0,0,-1.0
1787224801.9887993,33.51109859815269,0.0,112.0,0.0,0.4175594460412856,1.0,0.4,1.0,reacquire:road,0,0,0,0,-1.0
1787224802.0168166,33.94448318927579,0.0,112.0,0.0,0.4180820486020381,1.0,0.4,1.0,reacquire:road,0,0,0,0,-1.0
1787224802.0482535,34.284699274166286,0.0,112.0,0.0,0.4200418082048602,1.0,0.4,1.0,reacquire:road,0,0,0,0,-1.0
1787224802.078447,33.67240366117333,0.0,112.0,0.0,0.41912725372354326,1.0,0.4,1.0,reacquire:road,0,0,0,0,-1.0
1787224802.1124594,33.696494225093204,0.0,112.0,0.0,0.41912725372354326,1.0,0.4,1.0,reacquire:road,0,0,0,0,-1.0
1787224802.1638577,32.74085459947158,0.0,112.0,0.0,0.41951920564410766,1.0,0.4,1.0,reacquire:road,0,0,0,0,-1.0
1787224802.1943786,30.09159246078335,0.0,112.0,0.0,0.42017245884504834,1.0,0.4,1.0,reacquire:road,0,0,0,0,-1.0
1787224802.2228436,30.736381425391528,0.0,112.0,0.0,0.41795139796185,1.0,0.4,1.0,reacquire:road,0,0,0,0,-1.0
1787224802.2543848,31.614496978919156,0.0,112.0,0.0,0.4192579043637314,1.0,0.4,1.0,reacquire:road,0,0,0,0,-1.0
1787224802.281543,31.534607168240573,0.0,112.0,0.0,0.4176900966814737,1.0,0.4,1.0,reacquire:road,0,0,0,0,-1.0
1787224802.3090975,32.56679915795629,0.0,112.0,0.0,0.4184740005226026,1.0,0.4,1.0,reacquire:road,0,0,0,0,-1.0
1787224802.3420398,33.450902898842884,0.0,112.0,0.0,0.41782074732166186,1.0,0.4,1.0,reacquire:road,0,0,0,0,-1.0
1787224802.3710346,32.72313218681384,0.0,112.0,0.0,0.4184740005226026,1.0,0.4,1.0,reacquire:road,0,0,0,0,-1.0
1787224802.3979611,33.20717685863222,0.0,112.0,0.0,0.4193885550039195,1.0,0.4,1.0,reacquire:road,0,0,0,0,-1.0
1787224802.431537,34.02366388872156,0.0,112.0,0.0,0.4175594460412856,1.0,0.4,1.0,reacquire:road,0,0,0,0,-1.0
1787224802.459478,33.04311908594246,0.0,112.0,0.0,0.418865952443167,1.0,0.4,1.0,reacquire:road,0,0,0,0,-1.0
1787224802.48599,33.80625394333404,0.0,112.0,0.0,0.4172981447609093,1.0,0.4,1.0,reacquire:road,0,0,0,0,-1.0
1787224802.5178263,34.550081090393576,0.0,112.0,0.0,0.4192579043637314,1.0,0.4,1.0,reacquire:road,0,0,0,0,-1.0
1787224802.5472214,33.74042122462692,0.0,112.0,0.0,0.4184740005226026,1.0,0.4,1.0,reacquire:road,0,0,0,0,-1.0
1787224802.5757556,34.03278675742853,0.0,112.0,0.0,0.4200418082048602,1.0,0.4,1.0,reacquire:road,0,0,0,0,-1.0
1787224802.6075344,34.25127428808119,0.0,112.0,0.0,0.418865952443167,1.0,0.4,1.0,reacquire:road,0,0,0,0,-1.0
1787224802.6376138,33.69232875731069,0.0,112.0,0.0,0.4186046511627907,1.0,0.4,1.0,reacquire:road,0,0,0,0,-1.0
1787224802.6636775,33.60321675017861,0.0,112.0,0.0,0.418865952443167,1.0,0.4,1.0,reacquire:road,0,0,0,0,-1.0
1787224802.6963034,34.56077328609839,0.0,112.0,0.0,0.4180820486020381,1.0,0.4,1.0,reacquire:road,0,0,0,0,-1.0
1787224802.7231212,33.78051861832394,0.0,112.0,0.0,0.41546903579827543,1.0,0.4,1.0,reacquire:road,0,0,0,0,-1.0
1787224802.7518764,34.466870479291586,0.0,112.0,0.0,0.41821269924222626,1.0,0.4,1.0,reacquire:road,0,0,0,0,-1.0
1787224802.7850466,34.521988083029576,0.0,112.0,0.0,0.4172981447609093,1.0,0.4,1.0,reacquire:road,0,0,0,0,-1.0
1787224802.8124373,33.51575378131888,0.0,112.0,0.0,0.41873530180297885,1.0,0.4,1.0,reacquire:road,0,0,0,0,-1.0
1787224802.840761,34.3365777001075,0.0,112.0,0.0,0.4169061928403449,1.0,0.4,1.0,reacquire:road,0,0,0,0,-1.0
1787224802.8713534,34.53153074720109,0.0,112.0,0.0,0.42017245884504834,1.0,0.4,1.0,reacquire:road,0,0,0,0,-1.0
1787224802.8989193,33.924139808032734,0.0,112.0,0.0,0.41873530180297885,1.0,0.4,1.0,reacquire:road,0,0,0,0,-1.0
1787224802.9258091,34.66274083877369,0.0,112.0,0.0,0.41991115756467207,1.0,0.4,1.0,reacquire:road,0,0,0,0,-1.0
1787224802.9592774,35.21403169483668,0.0,112.0,0.0,0.4184740005226026,1.0,0.4,1.0,reacquire:road,0,0,0,0,-1.0
1787224802.9903266,34.054216601604104,0.0,112.0,0.0,0.4180820486020381,1.0,0.4,1.0,reacquire:road,0,0,0,0,-1.0
1787224803.0172288,33.79673279877504,0.0,112.0,0.0,0.41664489155996864,1.0,0.4,1.0,reacquire:road,0,0,0,0,-1.0
1787224803.0542564,34.457005240097125,0.0,112.0,0.0,0.4169061928403449,1.0,0.4,1.0,reacquire:road,0,0,0,0,-1.0
1787224803.0826786,32.672493556912336,0.0,112.0,0.0,0.4171674941207212,1.0,0.4,1.0,reacquire:road,0,0,0,0,-1.0
1787224803.1090825,33.745579500933914,0.0,112.0,0.0,0.4167755422001568,1.0,0.4,1.0,reacquire:road,0,0,0,0,-1.0
1787224803.1401713,34.59025239789202,0.0,112.0,0.0,0.41782074732166186,1.0,0.4,1.0,reacquire:road,0,0,0,0,-1.0
1787224803.1675837,34.03257041134346,0.0,112.0,0.0,0.4189966030833551,1.0,0.4,1.0,reacquire:road,0,0,0,0,-1.0
1787224803.196149,34.58591766928757,0.0,112.0,0.0,0.41821269924222626,1.0,0.4,1.0,reacquire:road,0,0,0,0,-1.0
1787224803.2283762,34.69973409549748,0.0,112.0,0.0,0.41821269924222626,1.0,0.4,1.0,reacquire:road,0,0,0,0,-1.0
1787224803.258169,33.83176357261811,0.0,112.0,0.0,0.4189966030833551,1.0,0.4,1.0,reacquire:road,0,0,0,0,-1.0
1787224803.2847276,33.94202750768751,0.0,112.0,0.0,0.4180820486020381,1.0,0.4,1.0,reacquire:road,0,0,0,0,-1.0
1787224803.3155408,34.66979031766502,0.0,112.0,0.0,0.4192579043637314,1.0,0.4,1.0,reacquire:road,0,0,0,0,-1.0
1787224803.3429499,34.03393103130718,0.0,112.0,0.0,0.4189966030833551,1.0,0.4,1.0,reacquire:road,0,0,0,0,-1.0
1787224803.3699005,34.78558241285904,0.0,112.0,0.0,0.41951920564410766,1.0,0.4,1.0,reacquire:road,0,0,0,0,-1.0
1787224803.4028335,35.25635174376705,0.0,112.0,0.0,0.4192579043637314,1.0,0.4,1.0,reacquire:road,0,0,0,0,-1.0
1787224803.4320197,34.0789290048558,0.0,112.0,0.0,0.41873530180297885,1.0,0.4,1.0,reacquire:road,0,0,0,0,-1.0
1787224803.4587903,34.37266734280472,0.0,112.0,0.0,0.41821269924222626,1.0,0.4,1.0,reacquire:road,0,0,0,0,-1.0
1787224803.4944074,34.52855450431481,0.0,112.0,0.0,0.4184740005226026,1.0,0.4,1.0,reacquire:road,0,0,0,0,-1.0
1787224803.5230477,33.498174314805574,0.0,112.0,0.0,0.41951920564410766,1.0,0.4,1.0,reacquire:road,0,0,0,0,-1.0
1787224803.550886,33.798534446841686,0.0,112.0,0.0,0.4220015678076823,1.0,0.4,1.0,reacquire:road,0,0,0,0,-1.0
1787224803.582696,34.213066615531865,0.0,112.0,0.0,0.41834334988241445,1.0,0.4,1.0,reacquire:road,0,0,0,0,-1.0
1787224803.609793,33.613838230978956,0.0,112.0,0.0,0.418865952443167,1.0,0.4,1.0,reacquire:road,0,0,0,0,-1.0
1787224803.6381261,34.37584253557261,0.0,112.0,0.0,0.4180820486020381,1.0,0.4,1.0,reacquire:road,0,0,0,0,-1.0
1787224803.6698294,34.55475580409734,0.0,112.0,0.0,0.41821269924222626,1.0,0.4,1.0,reacquire:road,0,0,0,0,-1.0
1787224803.69867,33.647784261088006,0.0,112.0,0.0,0.41951920564410766,1.0,0.4,1.0,reacquire:road,0,0,0,0,-1.0
1787224803.725419,34.24350757336289,0.0,112.0,0.0,0.41873530180297885,1.0,0.4,1.0,reacquire:road,0,0,0,0,-1.0
1787224803.7582395,34.88280373442516,0.0,112.0,0.0,0.41834334988241445,1.0,0.4,1.0,reacquire:road,0,0,0,0,-1.0
1787224803.7871544,33.87251576683789,0.0,112.0,0.0,0.41782074732166186,1.0,0.4,1.0,reacquire:road,0,0,0,0,-1.0
1787224803.81411,34.18396073547814,0.0,112.0,0.0,0.41742879540109745,1.0,0.4,1.0,reacquire:road,0,0,0,0,-1.0
1787224803.847134,34.76766162300842,0.0,112.0,0.0,0.42056441076561274,1.0,0.4,1.0,reacquire:road,0,0,0,0,-1.0
1787224803.875145,33.58593884554702,0.0,112.0,0.0,0.41821269924222626,1.0,0.4,1.0,reacquire:road,0,0,0,0,-1.0
1787224803.9033823,34.43043361129192,0.0,112.0,0.0,0.41991115756467207,1.0,0.4,1.0,reacquire:road,0,0,0,0,-1.0
1787224803.9358258,34.65348892577401,0.0,112.0,0.0,0.4175594460412856,1.0,0.4,1.0,reacquire:road,0,0,0,0,-1.0
1787224803.962961,33.711461116007875,0.0,112.0,0.0,0.41873530180297885,1.0,0.4,1.0,reacquire:road,0,0,0,0,-1.0
1787224803.9906907,34.59999036065323,0.0,112.0,0.0,0.4192579043637314,1.0,0.4,1.0,reacquire:road,0,0,0,0,-1.0
1787224804.0226855,34.90250028131646,0.0,112.0,0.0,0.41586098771883984,1.0,0.4,1.0,reacquire:road,0,0,0,0,-1.0
1787224804.052355,34.00412280798707,0.0,112.0,0.0,0.4196498562842958,1.0,0.4,1.0,reacquire:road,0,0,0,0,-1.0
