timestamp,fps,lane_confidence,target_x,risk,steering,throttle,state,armed
1786510139.3899982,0.01654162719987418,0.7036290322580645,222.23057068304385,0.0,0.16,0.008,follow,0
1786510139.6930013,0.01875326947121036,0.7701612903225807,220.58013778522997,0.0,0.32,0.016,follow,0
1786510139.798517,0.8437713909234884,0.7641129032258064,218.6639161688771,0.0,0.48,0.024,follow,0
1786510139.9067352,2.5693023572411455,0.655241935483871,223.0,0.0,0.64,0.032,follow,0
1786510140.0401425,3.9106080435224255,0.6370967741935484,215.66939533920345,0.0,0.788170039223971,0.04,follow,0
1786510140.143267,4.62485496536933,0.7701612903225807,219.130640810673,0.0,0.82,0.048,follow,0
1786510140.22746,5.642683599400167,0.6129032258064516,191.130640810673,0.0,0.6599999999999999,0.056,follow,0
1786510140.30923,6.894619963548625,0.45593317972350234,163.130640810673,0.0,0.4999999999999999,0.064,follow,0
1786510140.4034233,7.950305137985221,0.5887096774193548,191.130640810673,0.0,0.6599999999999999,0.07200000000000001,follow,0
1786510140.4905908,8.447304912571138,0.6129032258064516,211.99034534373538,0.0,0.82,0.08000000000000002,follow,0
1786510140.5744355,9.104509955924978,0.7943548387096775,183.99034534373538,0.0,0.6599999999999999,0.08800000000000002,follow,0
1786510140.6572115,9.631037184091182,0.33254608294930876,155.99034534373538,0.0,0.4999999999999999,0.09,follow,0
1786510140.7404077,10.120446137137344,0.7096774193548387,183.99034534373538,0.0,0.6599999999999999,0.09245067096774193,follow,0
1786510140.828992,10.534422456349436,0.7459677419354839,211.99034534373538,0.0,0.82,0.09,follow,0
1786510140.9227865,10.69398750739158,0.7338709677419355,183.99034534373538,0.0,0.6599999999999999,0.09,follow,0
1786510141.0073218,10.669203935323557,0.7278225806451613,155.99034534373538,0.0,0.4999999999999999,0.09054131381582411,follow,0
1786510141.1056254,10.916286391236476,0.6431451612903225,183.99034534373538,0.0,0.6599999999999999,0.09,follow,0
1786510141.188374,10.73855980509827,0.5887096774193548,211.99034534373538,0.0,0.82,0.09,follow,0
1786510141.2725556,11.043277664328382,0.6794354838709677,183.99034534373538,0.0,0.6599999999999999,0.09100344919354837,follow,0
1786510141.359283,11.209112985715914,0.6431451612903225,211.99034534373538,0.0,0.82,0.09,follow,0
1786510141.4340682,11.248364084024448,0.45564516129032256,183.99034534373538,0.0,0.6599999999999999,0.09,follow,0
1786510141.5206282,11.6447766465336,0.8850806451612904,155.99034534373538,0.0,0.4999999999999999,0.098,follow,0
1786510141.6093578,11.63559012720858,0.7883064516129032,127.99034534373538,0.0,0.33999999999999986,0.10600000000000001,follow,0
1786510141.6938171,11.565227343148294,0.6310483870967742,99.99034534373538,0.0,0.17999999999999985,0.11286193655168138,follow,0
1786510141.7884078,11.669706861259193,0.782258064516129,71.99034534373538,0.0,0.01999999999999985,0.12086193655168137,follow,0
1786510141.869347,11.447403192118394,0.7399193548387096,99.99034534373538,0.0,0.17999999999999985,0.09,follow,0
1786510141.9564402,11.616844510428454,0.685483870967742,71.99034534373538,0.0,0.01999999999999985,0.09,follow,0
1786510142.0502017,11.606571958560846,0.8911290322580645,43.990345343735385,0.0,-0.14000000000000015,0.098,follow,0
1786510142.1337626,11.416728824152347,0.655241935483871,15.990345343735385,0.0,-0.30000000000000016,0.09,follow,0
1786510142.2178986,11.510122528093317,0.6673387096774193,43.990345343735385,0.0,-0.24527053582441935,0.098,follow,0
1786510142.3054821,11.559942492362026,0.6431451612903225,15.990345343735385,0.0,-0.40527053582441935,0.10600000000000001,follow,0
1786510142.3863013,11.545527329108069,0.6673387096774193,43.990345343735385,0.0,-0.2576377419365843,0.11400000000000002,follow,0
1786510142.4765356,11.730440676192698,0.872983870967742,15.990345343735385,0.0,-0.4176377419365843,0.12200000000000003,follow,0
1786510142.5567944,11.590927498830178,0.6431451612903225,43.990345343735385,0.0,-0.28805484361879413,0.09,follow,0
1786510142.6393726,11.772225168429713,0.7338709677419355,71.99034534373538,0.0,-0.12805484361879413,0.09,follow,0
1786510142.7236302,11.836320724955929,0.625,99.99034534373538,0.0,0.031945156381205875,0.098,follow,0
1786510142.808584,11.854908933596736,0.6370967741935484,71.99034534373538,0.0,-0.12805484361879413,0.09,follow,0
1786510142.8884773,11.844975859079625,0.7580645161290323,99.99034534373538,0.0,0.031945156381205875,0.09784565758689046,follow,0
1786510142.9757557,11.969714433094193,0.7943548387096775,71.99034534373538,0.0,-0.12805484361879413,0.10584565758689046,follow,0
1786510143.0618887,11.871603049990604,0.7459677419354839,99.99034534373538,0.0,0.031945156381205875,0.09373708579399942,follow,0
1786510143.1457515,11.799667731874813,0.4355069124423963,71.99034534373538,0.0,-0.12805484361879413,0.09,follow,0
1786510143.237848,11.847038118956537,0.6370967741935484,99.99034534373538,0.0,0.031945156381205875,0.098,follow,0
1786510143.3192868,11.640302744037058,0.6370967741935484,127.99034534373538,0.0,0.19194515638120588,0.10600000000000001,follow,0
1786510143.4065826,11.780273629800211,0.6310483870967742,155.99034534373538,0.0,0.3519451563812059,0.09,follow,0
1786510143.4867866,11.715000634371352,0.36649769585253456,127.99034534373538,0.0,0.19194515638120588,0.098,follow,0
1786510143.5566611,11.82307939337246,0.4435483870967742,99.99034534373538,0.0,0.031945156381205875,0.09,follow,0
1786510143.6472402,12.361367122258741,0.8064516129032258,71.99034534373538,0.0,-0.12805484361879413,0.098,follow,0
1786510143.7258103,12.078263254290718,0.4495967741935484,99.99034534373538,0.0,0.031945156381205875,0.09,follow,0
1786510143.8202085,12.186625915011517,0.782258064516129,71.99034534373538,0.0,-0.12805484361879413,0.098,follow,0
1786510143.911814,11.899846459871547,1.0,43.990345343735385,0.0,-0.28805484361879413,0.10600000000000001,follow,0
1786510144.0051212,11.713604096066192,1.0,15.990345343735385,0.0,-0.4480548436187941,0.11400000000000002,follow,0
1786510144.084225,11.504929757297003,0.655241935483871,3.589910204312506,0.0,-0.6080548436187941,0.09474338577504102,follow,0
1786510144.1640034,11.717584769778954,0.5584677419354839,31.589910204312506,0.0,-0.4480548436187941,0.09,follow,0
1786510144.2530534,11.901821508675889,0.7883064516129032,3.6056486649087347,0.0,-0.6080548436187941,0.09,follow,0
1786510144.3391755,11.760706757379795,0.655241935483871,4.033081511762281,0.0,-0.7680548436187942,0.09,follow,0
1786510144.4184096,11.731775587075298,0.6491935483870968,8.818735149837067,0.0,-0.7870101870006663,0.09,follow,0
1786510144.5071213,11.902257638414198,0.7580645161290323,36.81873514983707,0.0,-0.6270101870006662,0.09,follow,0
1786510144.6006894,11.752092030814097,0.6975806451612904,64.81873514983707,0.0,-0.4670101870006662,0.098,follow,0
1786510144.6889174,11.579647002347821,0.5584677419354839,92.81873514983707,0.0,-0.3070101870006662,0.09,follow,0
1786510144.7612655,11.53096205916307,0.37326036866359447,64.81873514983707,0.0,-0.40495259883658963,0.09,follow,0
1786510144.8532448,11.94712407011161,0.782258064516129,36.81873514983707,0.0,-0.5649525988365897,0.098,follow,0
1786510144.9380019,11.752746645298336,0.7943548387096775,8.818735149837067,0.0,-0.7249525988365897,0.09,follow,0
1786510145.0317934,11.7292764305325,0.8911290322580645,3.3238822542296367,0.0,-0.82,0.09,follow,0
1786510145.1229584,11.541634872072999,1.0,2.7325421904970737,0.0,-0.82,0.09,follow,0
1786510145.2043574,11.43476070901545,0.6491935483870968,30.732542190497075,0.0,-0.6599999999999999,0.09,follow,0
1786510145.2878513,11.59642886150105,0.752016129032258,58.73254219049707,0.0,-0.4999999999999999,0.09,follow,0
1786510145.3752174,11.669710272998328,0.6310483870967742,86.73254219049707,0.0,-0.33999999999999986,0.098,follow,0
1786510145.4584587,11.633465269957568,0.7399193548387096,114.73254219049707,0.0,-0.17999999999999985,0.09,follow,0
1786510145.54622,11.659224718856265,0.5524193548387096,142.73254219049707,0.0,-0.01999999999999985,0.098,follow,0
1786510145.6268702,11.64925963495889,0.6491935483870968,170.73254219049707,0.0,0.14000000000000015,0.09,follow,0
1786510145.70639,11.804309445015894,0.6068548387096775,198.73254219049707,0.0,0.30000000000000016,0.098,follow,0
1786510145.7911565,11.949823557257009,0.6431451612903225,215.83135241624,0.0,0.4600000000000002,0.09,follow,0
1786510145.8772333,11.904812393216808,0.9153225806451613,187.83135241624,0.0,0.3271639785056242,0.098,follow,0
1786510145.9733012,11.85810957161862,0.6794354838709677,215.83135241624,0.0,0.4871639785056242,0.10600000000000001,follow,0
1786510146.0578365,11.577406670560633,0.7459677419354839,219.58227761996488,0.0,0.6471639785056242,0.09545608155133203,follow,0
1786510146.1514902,11.584668960286779,0.9274193548387096,191.58227761996488,0.0,0.4871639785056242,0.10345608155133204,follow,0
1786510146.2364542,11.42742491756849,0.4616935483870968,163.58227761996488,0.0,0.3271639785056242,0.09,follow,0
1786510146.3237834,11.500521811705731,0.7399193548387096,191.58227761996488,0.0,0.4871639785056242,0.098,follow,0
1786510146.398285,11.491540907361228,0.6491935483870968,217.67983010185588,0.0,0.6471639785056242,0.09,follow,0
1786510146.49148,11.849460276616899,0.6370967741935484,212.76647631602242,0.0,0.7419448062722199,0.09,follow,0
1786510146.574937,11.615322714258486,0.7641129032258064,184.76647631602242,0.0,0.5819448062722199,0.098,follow,0
1786510146.6551645,11.71298971334029,0.7459677419354839,212.76647631602242,0.0,0.7419448062722199,0.09,follow,0
1786510146.7391934,11.879827436981671,0.7762096774193549,184.76647631602242,0.0,0.5819448062722199,0.09,follow,0
1786510146.8307247,11.843618843690832,0.782258064516129,156.76647631602242,0.0,0.42194480627221986,0.09,follow,0
1786510146.913467,11.685885074915667,0.6129032258064516,184.76647631602242,0.0,0.5819448062722199,0.0950131279442748,follow,0
1786510147.0016985,11.730620833783016,0.6310483870967742,212.76647631602242,0.0,0.7419448062722199,0.09,follow,0
1786510147.091941,11.689108054991605,0.6673387096774193,219.51368535678708,0.0,0.82,0.09,follow,0
1786510147.1794224,11.567791044827459,0.7641129032258064,191.51368535678708,0.0,0.6599999999999999,0.09505567016129031,follow,0
1786510147.2632182,11.545901820461037,0.6310483870967742,217.72403318301662,0.0,0.82,0.09,follow,0
1786510147.3543985,11.625823205595978,0.6431451612903225,213.71156977350932,0.0,0.7739291777812407,0.09,follow,0
1786510147.4415534,11.49240837762897,0.7762096774193549,185.71156977350932,0.0,0.6139291777812407,0.098,follow,0
1786510147.5178359,11.470690029410626,0.4616935483870968,157.71156977350932,0.0,0.45392917778124064,0.09,follow,0
1786510147.6095912,11.81183784715347,0.655241935483871,185.71156977350932,0.0,0.6139291777812407,0.09,follow,0
1786510147.694851,11.637466046796721,0.6612903225806451,157.71156977350932,0.0,0.45392917778124064,0.098,follow,0
1786510147.7775724,11.649641349688464,0.5159907834101383,185.71156977350932,0.0,0.6139291777812407,0.09,follow,0
1786510147.8655403,11.680658695134138,0.6491935483870968,213.71156977350932,0.0,0.7739291777812407,0.09,follow,0
1786510147.9578485,11.668164520551748,0.6612903225806451,185.71156977350932,0.0,0.6139291777812407,0.09449295520270469,follow,0
1786510148.0383186,11.500502421667449,0.6008064516129032,210.35793164969667,0.0,0.7739291777812407,0.09,follow,0
1786510148.120399,11.680357571923736,0.594758064516129,182.35793164969667,0.0,0.6139291777812407,0.09,follow,0
1786510148.2045262,11.799558844245087,0.7762096774193549,154.35793164969667,0.0,0.45392917778124064,0.098,follow,0
1786510148.2950008,11.784616349497385,0.655241935483871,126.35793164969667,0.0,0.2939291777812406,0.09,follow,0
1786510148.37469,11.659087124726858,0.6491935483870968,154.35793164969667,0.0,0.45392917778124064,0.09,follow,0
1786510148.455997,11.844398858092816,0.5221774193548387,126.35793164969667,0.0,0.2939291777812406,0.09,follow,0
1786510148.5413198,11.930856227648748,0.6975806451612904,154.35793164969667,0.0,0.45392917778124064,0.098,follow,0
1786510148.6196187,11.881966701050407,0.655241935483871,182.35793164969667,0.0,0.6139291777812407,0.09,follow,0
1786510148.6970694,12.071589778420758,0.3002995391705069,210.35793164969667,0.0,0.7739291777812407,0.09,follow,0
1786510148.7895389,12.229731152885174,0.655241935483871,182.35793164969667,0.0,0.6139291777812407,0.09,follow,0
1786510148.8926487,11.954214497100486,0.7701612903225807,210.35793164969667,0.0,0.7739291777812407,0.09,follow,0
1786510148.9759202,11.50476760817821,0.4486981566820276,182.35793164969667,0.0,0.6139291777812407,0.09,follow,0
1786510149.0619316,11.597402849460304,0.5805184331797235,210.35793164969667,0.0,0.7739291777812407,0.09,follow,0
1786510149.1477253,11.608388114528328,0.8790322580645161,182.35793164969667,0.0,0.6139291777812407,0.098,follow,0
1786510149.2237,11.611636717355147,0.564516129032258,154.35793164969667,0.0,0.45392917778124064,0.09,follow,0
1786510149.3170218,11.922233572297902,0.9637096774193549,126.35793164969667,0.0,0.2939291777812406,0.098,follow,0
1786510149.4079146,11.676169831447213,0.8911290322580645,98.35793164969667,0.0,0.1339291777812406,0.10600000000000001,follow,0
1786510149.485575,11.550020440501502,0.782258064516129,70.35793164969667,0.0,-0.026070822218759393,0.11400000000000002,follow,0
1786510149.565987,11.808763804686066,0.6733870967741936,98.35793164969667,0.0,0.1339291777812406,0.09,follow,0
1786510149.6535604,11.94511045849652,0.7641129032258064,126.35793164969667,0.0,0.2939291777812406,0.09,follow,0
1786510149.738586,11.8085228176602,0.6068548387096775,154.35793164969667,0.0,0.45392917778124064,0.098,follow,0
1786510149.8194368,11.819434082167575,0.6008064516129032,182.35793164969667,0.0,0.6139291777812407,0.09145857153182811,follow,0
1786510149.9139998,11.942223931910785,0.5887096774193548,210.35793164969667,0.0,0.7739291777812407,0.09,follow,0
1786510150.000911,11.645755260270938,0.6068548387096775,222.42286963156243,0.0,0.82,0.09,follow,0
1786510150.0832498,11.63447568921966,0.6975806451612904,222.78208460803995,0.0,0.82,0.09,follow,0
1786510150.175254,11.68862633168008,0.5452764976958525,223.0,0.0,0.82,0.09,follow,0
1786510150.2567596,11.555034041698867,0.7701612903225807,195.0,0.0,0.6599999999999999,0.09534511451612904,follow,0
1786510150.3402545,11.709906400971157,0.7701612903225807,220.97714514835593,0.0,0.82,0.09,follow,0
1786510150.4388442,11.776520114939988,0.9274193548387096,192.97714514835593,0.0,0.6599999999999999,0.098,follow,0
1786510150.5180871,11.448860838208722,0.6008064516129032,220.97714514835593,0.0,0.82,0.09,follow,0
1786510150.6041403,11.663499846486053,0.7580645161290323,221.35575838916245,0.0,0.82,0.09,follow,0
1786510150.688723,11.667636373808522,0.655241935483871,193.35575838916245,0.0,0.6599999999999999,0.09,follow,0
1786510150.7803411,11.704586537731958,0.7701612903225807,165.35575838916245,0.0,1.0,0.098,follow,0
1786510150.8556428,11.535854489182185,0.6370967741935484,193.35575838916245,0.0,1.0,0.09,follow,0
1786510150.9450846,11.895403627961223,0.7883064516129032,165.35575838916245,0.0,1.0,0.098,follow,0
1786510151.0332494,11.742027437176265,0.7701612903225807,137.35575838916245,0.0,1.0,0.10600000000000001,follow,0
1786510151.1133747,11.664528187912945,0.6068548387096775,109.35575838916245,0.0,0.6839999999999994,0.11400000000000002,follow,0
1786510151.1890397,11.84343674280328,0.45564516129032256,81.35575838916245,0.0,0.07599999999999943,0.09,follow,0
1786510151.2719274,12.0253053019207,0.4435483870967742,53.77550079782645,0.0,-0.5320000000000006,0.09,follow,0
1786510151.3564534,12.107399236304747,0.7459677419354839,81.77550079782645,0.0,0.07599999999999943,0.098,follow,0
1786510151.4392552,12.043315406096056,0.685483870967742,109.77550079782645,0.0,0.6839999999999994,0.10600000000000001,follow,0
1786510151.5298722,12.040640994294675,0.6794354838709677,137.77550079782645,0.0,1.0,0.09,follow,0
1786510151.612495,11.860271716408901,0.6431451612903225,165.77550079782645,0.0,1.0,0.098,follow,0
1786510151.6926777,11.894887661985647,0.5887096774193548,193.77550079782645,0.0,1.0,0.09,follow,0
1786510151.7832162,12.01112007506547,0.655241935483871,165.77550079782645,0.0,1.0,0.09,follow,0
1786510151.8776388,11.817365724509543,0.655241935483871,137.77550079782645,0.0,1.0,0.098,follow,0
1786510151.9784808,11.572035675152433,0.7883064516129032,109.77550079782645,0.0,0.7199999999999994,0.10600000000000001,follow,0
1786510152.0538425,11.250275096463117,0.6491935483870968,137.77550079782645,0.0,1.0,0.09,follow,0
1786510152.1439962,11.65427210531209,0.872983870967742,109.77550079782645,0.0,0.7199999999999994,0.098,follow,0
1786510152.2277792,11.527660728677965,0.7883064516129032,81.77550079782645,0.0,0.0799999999999994,0.09468296512310713,follow,0
1786510152.313335,11.6258400769457,0.7399193548387096,109.77550079782645,0.0,0.7199999999999994,0.10268296512310712,follow,0
1786510152.3994842,11.626956048762178,0.6491935483870968,137.77550079782645,0.0,1.0,0.09,follow,0
1786510152.484966,11.625269896569257,0.6491935483870968,165.77550079782645,0.0,1.0,0.09,follow,0
1786510152.5730443,11.650984872580615,0.7459677419354839,193.77550079782645,0.0,1.0,0.0941873370967742,follow,0
1786510152.6591055,11.576444159155022,0.5932834101382489,218.77394169281746,0.0,1.0,0.09,follow,0
1786510152.7540045,11.566113936370098,0.9153225806451613,190.77394169281746,0.0,1.0,0.098,follow,0
1786510152.841068,11.379947816145604,0.6431451612903225,218.77394169281746,0.0,1.0,0.09,follow,0
1786510152.9388492,11.337653628054495,0.6310483870967742,216.1671091666136,0.0,1.0,0.09,follow,0
1786510153.019732,11.13889302078069,0.43245391705069125,188.1671091666136,0.0,1.0,0.09,follow,0
1786510153.1060376,11.43477474164655,0.6975806451612904,160.1671091666136,0.0,1.0,0.09,follow,0
1786510153.1995916,11.425315002255623,0.6975806451612904,188.1671091666136,0.0,1.0,0.09236512211139034,follow,0
1786510153.280419,11.291396513403713,0.7762096774193549,160.1671091666136,0.0,1.0,0.10036512211139034,follow,0
1786510153.37003,11.525360291062894,0.842741935483871,132.1671091666136,0.0,1.0,0.10836512211139035,follow,0
1786510153.4530666,11.444892907798764,0.655241935483871,160.1671091666136,0.0,1.0,0.09,follow,0
1786510153.5428224,11.571947129590649,0.8971774193548387,132.1671091666136,0.0,1.0,0.098,follow,0
1786510153.6244128,11.493848280826853,0.5524193548387096,104.16710916661361,0.0,0.6995321206969712,0.09,follow,0
1786510153.7153585,11.6472625703448,0.9092741935483871,76.16710916661361,0.0,0.059532120696971225,0.098,follow,0
1786510153.7942572,11.517424252743169,0.6008064516129032,104.16710916661361,0.0,0.6995321206969712,0.10600000000000001,follow,0
1786510153.8783715,11.703079068024882,0.6491935483870968,132.1671091666136,0.0,1.0,0.11391597302892602,follow,0
1786510153.9624841,11.775969233891932,0.7399193548387096,160.1671091666136,0.0,1.0,0.09,follow,0
1786510154.048637,11.76435215467252,0.6189516129032258,188.1671091666136,0.0,1.0,0.09,follow,0
1786510154.1362908,11.737559980224699,0.4004953917050691,160.1671091666136,0.0,1.0,0.09,follow,0
1786510154.2047436,11.700604235231719,0.4477880184331797,132.1671091666136,0.0,1.0,0.09,follow,0
1786510154.305665,12.219432774603384,0.7883064516129032,104.16710916661361,0.0,0.8595944586596774,0.098,follow,0
1786510154.3932254,11.784003552322892,0.5431336405529954,132.1671091666136,0.0,1.0,0.10600000000000001,follow,0
1786510154.4893017,11.666559476489995,0.7641129032258064,104.16710916661361,0.0,0.8595944586596774,0.11400000000000002,follow,0
1786510154.5806234,11.464297724448771,0.6915322580645161,132.1671091666136,0.0,1.0,0.11898307567104875,follow,0
1786510154.6750534,11.361711565328218,0.9939516129032258,104.16710916661361,0.0,0.8595944586596774,0.12698307567104875,follow,0
1786510154.7610173,11.198565417143033,0.6431451612903225,132.1671091666136,0.0,1.0,0.11597472446597482,follow,0
1786510154.8411348,11.296050118412621,0.5826612903225806,160.1671091666136,0.0,1.0,0.09,follow,0
1786510154.9320278,11.466853402937211,0.6612903225806451,188.1671091666136,0.0,1.0,0.09,follow,0
1786510155.0183086,11.423749798108583,0.6189516129032258,216.1671091666136,0.0,1.0,0.09,follow,0
1786510155.0991778,11.451434531715346,0.7399193548387096,188.1671091666136,0.0,1.0,0.09389789274193548,follow,0
1786510155.185279,11.628421093283343,0.9516129032258064,160.1671091666136,0.0,1.0,0.10189789274193548,follow,0
1786510155.27415,11.641299659179888,0.6491935483870968,132.1671091666136,0.0,1.0,0.09,follow,0
1786510155.3565226,11.545433928153653,0.7036290322580645,160.1671091666136,0.0,1.0,0.098,follow,0
1786510155.4421673,11.630100031561845,0.7580645161290323,188.1671091666136,0.0,1.0,0.09476622580645161,follow,0
1786510155.5312312,11.656859717988734,0.782258064516129,160.1671091666136,0.0,1.0,0.10276622580645162,follow,0
1786510155.6154692,11.569084971474794,0.655241935483871,188.1671091666136,0.0,1.0,0.09,follow,0
1786510155.7121794,11.666567277480485,0.752016129032258,216.1671091666136,0.0,1.0,0.09,follow,0
1786510155.801195,11.396073785989435,0.6491935483870968,223.0,0.0,1.0,0.09,follow,0
1786510155.891889,11.335584367306135,0.7459677419354839,220.737512185793,0.0,1.0,0.09,follow,0
1786510155.9802794,11.300253165646351,0.7459677419354839,219.8912125466636,0.0,1.0,0.09,follow,0
1786510156.0577981,11.285979209122596,0.752016129032258,218.25426663955807,0.0,1.0,0.09,follow,0
1786510156.1373937,11.628240109424905,0.752016129032258,219.14032258020256,0.0,1.0,0.09,follow,0
1786510156.2204576,11.82868291134912,0.752016129032258,218.42731505375167,0.0,1.0,0.09,follow,0
1786510156.3125293,11.859059258833689,0.7399193548387096,218.3922438407191,0.0,1.0,0.09,follow,0
1786510156.4012895,11.652623385140235,0.7459677419354839,220.79061367420897,0.0,1.0,0.09,follow,0
1786510156.4902449,11.549457045425612,0.7641129032258064,214.44759542371162,0.0,1.0,0.09,follow,0
1786510156.5791416,11.52854486971756,0.6975806451612904,219.7338319141059,0.0,1.0,0.09,follow,0
1786510156.6613376,11.461327023807282,0.7036290322580645,218.40810796133098,0.0,1.0,0.09,follow,0
1786510156.7436147,11.60599767397142,0.7459677419354839,221.1703126870626,0.0,1.0,0.09,follow,0
1786510156.8319323,11.712131014218173,0.7338709677419355,221.58237109669454,0.0,1.0,0.09,follow,0
1786510156.9170768,11.629224779065039,0.5584677419354839,223.0,0.0,1.0,0.09,follow,0
1786510157.0160053,11.66393504000165,0.782258064516129,220.65336501167675,0.0,1.0,0.09,follow,0
1786510157.1071556,11.35789809268051,0.7338709677419355,217.40579232559193,0.0,1.0,0.09,follow,0
1786510157.1817923,11.264398112947037,0.467741935483871,189.40579232559193,0.0,1.0,0.09,follow,0
1786510157.262658,11.707246688481906,0.5282258064516129,167.04810010371727,0.0,1.0,0.09,follow,0
1786510157.3478389,11.848363190826467,0.6673387096774193,195.04810010371727,0.0,1.0,0.09,follow,0
1786510157.4317143,11.81504223040666,0.8004032258064516,167.04810010371727,0.0,1.0,0.09,follow,0
1786510157.5162704,11.789937372388737,0.8245967741935484,139.04810010371727,0.0,1.0,0.0,neutral:white,0
1786510157.6029212,11.849733645145657,0.9274193548387096,111.04810010371727,0.0,0.7199999999999994,0.0,neutral:white,0
1786510157.683624,11.769441737026082,0.5887096774193548,83.04810010371727,0.0,0.0799999999999994,-0.11,reverse:white,0
1786510157.7683206,11.918839672559072,0.0,170.13597848511844,0.0,-0.5600000000000006,-0.11,reverse:white,0
1786510157.852645,11.901455953494585,0.0,212.60151407732047,0.0,-1.0,-0.11,reverse:white,0
1786510157.936681,11.846576727537224,0.6673387096774193,211.57910708899692,0.0,-1.0,0.11,avoid:white,0
1786510158.015466,11.906080437389631,0.0,214.79936849855886,0.0,-1.0,0.11,avoid:white,0
1786510158.1072235,12.062062947997843,0.0,193.08826705127632,0.0,-1.0,0.11,avoid:white,0
1786510158.1873093,11.8261361973946,0.594758064516129,222.95417912242493,0.0,-1.0,0.11,avoid:white,0
1786510158.273653,11.920163173344566,0.0,217.08940660041256,0.0,-1.0,0.11,avoid:white,0
1786510158.3545494,11.876316654612758,0.0,215.51944581298704,0.0,-1.0,0.11,avoid:white,0
1786510158.4353726,11.987639805900558,0.4737903225806452,159.22858080752454,0.0,-1.0,0.11,avoid:white,0
1786510158.5141723,12.048112993022123,0.5463709677419355,182.5812358560423,0.0,-1.0,0.11,avoid:white,0
1786510158.589645,12.156616590742244,0.5887096774193548,210.5812358560423,0.0,-1.0,0.11,avoid:white,0
1786510158.6710458,12.380646505863941,0.6491935483870968,218.38451638352853,0.0,-1.0,0.11,avoid:white,0
1786510158.7448676,12.393487457459223,0.5705645161290323,218.91649440706007,0.0,-1.0,0.11,avoid:white,0
1786510158.820569,12.605963137305569,0.46713133640552995,220.1547815703524,0.0,-1.0,0.11,avoid:white,0
1786510158.8921797,12.737812180330492,0.0,4.412479732096074,0.0,-1.0,0.11,avoid:white,0
1786510158.9663272,12.9892443286075,0.0,3.7609399788471194,0.0,-1.0,0.11,avoid:white,0
1786510159.0309737,13.090504047194308,0.24177419354838708,223.0,0.0,-1.0,0.11,avoid:white,0
1786510159.103287,13.551691681934527,0.0,14.032008033983004,0.0,-1.0,0.075,slow:lane_dropout,0
1786510159.1716866,13.616265948992098,0.5100806451612904,37.940541874458404,0.0,-1.0,0.08299999999999999,follow,0
1786510159.2173665,13.747815290007633,0.0,112.0,0.0,-1.0,0.04799999999999999,slow:lane_dropout,0
1786510159.274676,15.49925325459764,0.1424884792626728,221.49999999999915,0.0,-1.0,0.05599999999999999,follow,0
1786510159.336308,15.844682379172104,0.14144009216589862,223.0,0.0,-0.7199999999999999,0.06399999999999999,follow,0
1786510159.3781672,15.98498932343825,0.0,112.0,0.0,-0.7199999999999999,0.028999999999999984,slow:lane_dropout,0
1786510159.4396362,17.439598532023318,0.0,1.0705997263606701,0.0,-0.7199999999999999,0.0,slow:lane_dropout,0
1786510159.4923663,17.26324534261126,0.0,0.0,0.0,-0.07999999999999985,-0.11,reverse:white,0
1786510159.5634882,17.610270820573557,0.0,5.295433020571956,0.0,0.5600000000000002,-0.11,reverse:white,0
1786510159.6258307,16.88742756450445,0.0,2.3907867215801204,0.0,1.0,-0.11,reverse:white,0
1786510159.6857963,16.702806790722327,0.0,0.0,0.0,1.0,-0.11,reverse:white,0
1786510159.7456663,16.701924992010163,0.0,0.0,0.0,1.0,0.11,avoid:white,0
1786510159.7981744,16.68755725306069,0.0,112.0,0.0,1.0,0.075,slow:lane_dropout,0
1786510159.8646169,17.177954364146217,0.0,0.0,0.0,0.7200000000000001,0.0,stop:lane_lost,0
1786510159.9239533,16.755239408209867,0.0,0.0,0.0,0.08000000000000007,0.0,stop:lane_lost,0
1786510159.9811273,16.78959392870688,0.0,223.0,0.0,0.0,0.0,stop:lane_lost,0
1786510160.0402532,16.83610673923474,0.0,39.40354524565146,0.0,0.0,0.0,stop:lane_lost,0
1786510160.0993574,16.92062239348061,0.0,31.289898498335845,0.0,0.0,0.0,stop:lane_lost,0
1786510160.1515582,16.91751560009267,0.0,2.480861244031786,0.0,0.0,0.0,stop:lane_lost,0
1786510160.2041972,17.33555659504016,0.0,19.816097060856293,0.0,0.0,0.0,stop:lane_lost,0
1786510160.2602754,17.713598938570833,0.0,9.824021516242937,0.0,0.0,0.0,stop:lane_lost,0
1786510160.3131518,17.692402950840748,0.0,2.9431077694230794,0.0,0.0,0.0,stop:lane_lost,0
1786510160.362921,17.97900924656343,0.0,0.0,0.0,0.0,0.0,stop:lane_lost,0
1786510160.4175587,18.287838881736608,0.0,0.0,0.0,0.0,0.0,stop:lane_lost,0
1786510160.4728274,18.319853070782052,0.0,0.0,0.0,0.0,0.0,stop:lane_lost,0
1786510160.5310142,18.330248052137808,0.0,0.0,0.0,0.0,0.0,stop:lane_lost,0
1786510160.5877776,18.123981003718818,0.0,0.0,0.0,0.0,0.0,stop:lane_lost,0
1786510160.640527,18.03699245117581,0.0,46.8089810924414,0.0,0.0,0.0,stop:lane_lost,0
1786510160.6936522,18.185150141977463,0.1151036866359447,0.0,0.0,-0.64,0.008,follow,0
1786510160.749294,18.331953138329187,0.0890552995391705,1.5000000000000653,0.0,-1.0,0.016,follow,0
1786510160.8069916,18.255187145780894,0.39297235023041477,29.500000000000064,0.0,-0.64,0.024,follow,0
1786510160.8755825,18.09512800760752,0.5826612903225806,1.500000000000064,0.0,-1.0,0.032,follow,0
1786510160.9460144,17.347088213477456,0.6431451612903225,0.0,0.0,-1.0,0.04,follow,0
1786510161.009516,16.72083480785662,0.3597811059907834,28.0,0.0,-1.0,0.048,follow,0
1786510161.090432,16.56343546933077,0.496036866359447,1.5409201608487981,0.0,-1.0,0.056,follow,0
1786510161.1637292,15.719893902103538,0.5100806451612904,29.5409201608488,0.0,-1.0,0.064,follow,0
1786510161.2502444,15.31356750865748,0.6975806451612904,57.5409201608488,0.0,-0.770880992365612,0.07200000000000001,follow,0
1786510161.337124,14.552434759055059,0.7762096774193549,85.5409201608488,0.0,-0.13088099236561201,0.08000000000000002,follow,0
1786510161.417723,13.956789950056042,0.7399193548387096,113.5409201608488,0.0,0.509119007634388,0.08800000000000002,follow,0
1786510161.492666,13.64549974822643,0.4067857142857143,85.5409201608488,0.0,-0.13088099236561201,0.09,follow,0
1786510161.5728087,13.537575300380567,0.5159447004608295,113.5409201608488,0.0,0.509119007634388,0.09,follow,0
1786510161.658154,13.35750114004769,0.685483870967742,141.5409201608488,0.7336734693877551,0.55,0.16,avoid:obstacle,0
1786510161.7313433,13.003256945355128,0.3401152073732719,122.56904761905014,0.0,0.55,0.16,avoid:obstacle,0
1786510161.804811,13.141146320730897,0.39359447004608294,94.56904761905014,0.0,0.55,0.16,avoid:obstacle,0
1786510161.888513,13.26184037892014,0.7338709677419355,66.56904761905014,0.0,0.55,0.16,avoid:obstacle,0
1786510161.9705775,13.012923476357251,0.8064516129032258,38.56904761905014,0.0,0.55,0.16,avoid:obstacle,0
1786510162.048398,12.83144119690593,0.6068548387096775,10.569047619050139,0.0,0.55,0.16,avoid:obstacle,0
1786510162.1252358,12.779931430437312,0.5887096774193548,0.0,0.0,0.55,0.16,avoid:obstacle,0
1786510162.1984158,12.889164099613167,0.5584677419354839,28.0,0.0,0.55,0.16,avoid:obstacle,0
1786510162.275927,13.01144763580878,0.6733870967741936,0.0,0.0,0.55,0.16,avoid:obstacle,0
1786510162.3458786,13.033081207964832,0.49798387096774194,0.0,0.0,0.55,0.16,avoid:obstacle,0
1786510162.4134145,13.27274608945697,0.41330645161290325,0.0,0.0,0.55,0.16,avoid:obstacle,0
1786510162.4800258,13.597329063465228,0.16224654377880182,28.0,0.0,0.55,0.16,avoid:obstacle,0
1786510162.5650535,13.855639304086042,0.5295161290322581,56.0,0.0,0.55,0.16,avoid:obstacle,0
1786510162.6564536,13.402328367534837,0.7701612903225807,84.0,0.0,0.55,0.16,avoid:obstacle,0
1786510162.7283936,12.90863486107578,0.3185483870967742,112.0,0.0,0.55,0.16,avoid:obstacle,0
1786510162.802144,13.181332681175377,0.0,4.9215261199381075,0.0,0.55,0.16,avoid:obstacle,0
1786510162.880469,13.241034682547037,0.40807603686635946,32.87655469233863,0.0,0.55,0.16,avoid:obstacle,0
1786510162.9556324,13.160503395398656,0.38306451612903225,60.87655469233863,0.0,0.55,0.16,avoid:obstacle,0
1786510163.0276732,13.146008196787733,0.48588709677419356,32.87655469233863,0.0,0.55,0.16,avoid:obstacle,0
1786510163.0986407,13.336603818246113,0.18648617511520738,60.87655469233863,0.0,0.55,0.16,avoid:obstacle,0
1786510163.162443,13.469937354653197,0.21682027649769586,88.87655469233863,0.0,0.55,0.16,avoid:obstacle,0
1786510163.2388883,13.893842452745998,0.17972350230414746,116.87655469233863,0.0,0.55,0.16,avoid:obstacle,0
1786510163.3127787,13.713397952289702,0.36377880184331796,88.87655469233863,0.0,0.55,0.16,avoid:obstacle,0
1786510163.3926091,13.713977970649836,0.46289170506912447,60.87655469233863,0.0,0.55,0.16,avoid:obstacle,0
1786510163.4748545,13.466509097451327,0.7701612903225807,32.87655469233863,0.0,0.55,0.16,avoid:obstacle,0
1786510163.555062,13.207333404952664,0.7883064516129032,4.87655469233863,0.0,0.55,0.16,avoid:obstacle,0
1786510163.6188416,13.03767769726096,0.23192396313364053,0.0,0.0,0.7200000000000001,0.125,follow,0
1786510163.6939049,13.636762160680139,0.5766129032258065,28.0,0.0,0.08000000000000007,0.11919679175055055,follow,0
1786510163.7677763,13.569201118177789,0.3103571428571429,5.212161239763503,0.0,-0.5599999999999999,0.09090549753693067,follow,0
1786510163.8276155,13.470041505154423,0.09938940092165899,18.066433566530222,0.0,-1.0,0.09,follow,0
1786510163.8697948,14.199001058269987,0.0,112.0,0.0,-1.0,0.05499999999999999,slow:lane_dropout,0
1786510163.923914,16.170641567359215,0.0,0.0,0.0,-1.0,0.01999999999999999,slow:lane_dropout,0
1786510163.9862115,16.623448910781015,0.0,131.77992139440266,0.0,-1.0,0.0,slow:lane_dropout,0
1786510164.0520217,16.439339400129615,0.0,76.01607774375873,0.0,-0.5599999999999999,0.0,stop:lane_lost,0
1786510164.118478,16.263184021514007,0.0,215.89582309581476,0.0,0.0,0.0,stop:lane_lost,0
1786510164.1878538,16.032815912537643,0.0,223.0,0.0,0.0,0.0,stop:lane_lost,0
1786510164.2660499,15.703136392988334,0.0,221.91421808596257,0.0,-0.64,-0.11,reverse:white,0
1786510164.3394125,15.132609634103131,0.0,223.0,0.0,-1.0,-0.11,reverse:white,0
1786510164.4039698,14.833822091192701,0.3940207373271889,113.66056166056418,0.0,-1.0,-0.11,reverse:white,0
1786510164.4763,14.915580291069212,0.0,223.0,0.0,-1.0,0.11,avoid:white,0
1786510164.5499337,14.693527721063951,0.0,223.0,0.0,-1.0,0.11,avoid:white,0
1786510164.622008,14.515198884907582,0.0,223.0,0.0,-1.0,0.11,avoid:white,0
1786510164.691414,14.334449832816345,0.4780645161290323,119.5,0.0,-1.0,0.11,avoid:white,0
1786510164.7583344,14.37551745439551,0.0,223.0,0.0,-1.0,0.11,avoid:white,0
1786510164.817797,14.507339785697098,0.0,223.0,0.0,-1.0,0.11,avoid:white,0
1786510164.8804786,14.86120059420191,0.0,223.0,0.0,-1.0,0.11,avoid:white,0
1786510164.9416325,15.171732283741779,0.0,223.0,0.0,-1.0,0.11,avoid:white,0
1786510164.9982193,15.439821571497589,0.0,223.0,0.0,-1.0,0.11,avoid:white,0
1786510165.0439482,15.794323304941017,0.0,112.0,0.0,-1.0,0.11,avoid:white,0
1786510165.1061738,17.13766286686561,0.0,223.0,0.0,-1.0,0.11,avoid:white,0
1786510165.1759293,16.93776014773116,0.0,223.0,0.0,-1.0,0.11,avoid:white,0
1786510165.241763,16.405424560793524,0.5584677419354839,169.62870436999114,0.0,-1.0,0.11,avoid:white,0
1786510165.320438,16.116583468387592,0.6733870967741936,186.3756604846462,0.0,-1.0,0.11,avoid:white,0
1786510165.392208,15.462074373406857,0.3349769585253456,194.2247444799045,0.0,-1.0,0.11,avoid:white,0
1786510165.4564075,15.11930322738784,0.0,201.39246593065639,0.0,-1.0,0.11,avoid:white,0
1786510165.5203376,15.284822711523232,0.0,223.0,0.0,-1.0,0.11,avoid:white,0
1786510165.5889947,15.330118359660528,0.0,204.27654778838908,0.0,-1.0,0.11,avoid:white,0
1786510165.6512682,15.199795385765194,0.0,223.0,0.0,-1.0,0.11,avoid:white,0
1786510165.7167187,15.35629442843138,0.0,223.0,0.0,-1.0,0.11,avoid:white,0
1786510165.778257,15.353352556894922,0.0,208.13701321804416,0.0,-1.0,0.11,avoid:white,0
1786510165.8442376,15.493288811511983,0.0,213.60488096958667,0.0,-1.0,0.11,avoid:white,0
1786510165.9179215,15.430963591882556,0.5826612903225806,215.81131258678417,0.0,-1.0,0.11,avoid:white,0
1786510165.976865,15.065890592491707,0.10510368663594469,223.0,0.0,-1.0,0.11,avoid:white,0
1786510166.0337045,15.437843330723748,0.17958525345622123,220.38686790506034,0.0,-1.0,0.11,avoid:white,0
1786510166.0734086,15.907540110679589,0.0,112.0,0.0,-1.0,0.11,avoid:white,0
1786510166.112339,17.758868451929036,0.0,112.0,0.0,-1.0,0.11,avoid:white,0
1786510166.1815147,18.88461920979342,0.2743548387096774,214.48806892341588,0.0,-1.0,0.11,avoid:white,0
1786510166.2647617,18.168228255274357,0.0,220.37460205667804,0.0,-1.0,0.11,avoid:white,0
1786510166.3449166,16.869652774413048,0.7943548387096775,220.8296667019675,0.0,-1.0,0.11,avoid:white,0
1786510166.430607,16.0519286292662,0.6915322580645161,220.7681759320577,0.0,-0.7200000000000001,0.118,follow,0
1786510166.5073352,15.18009146897645,0.0,218.77985346650144,0.0,-0.7200000000000001,0.08299999999999999,slow:lane_dropout,0
1786510166.5832033,14.732384413398664,0.0,10.032164288077055,0.0,-0.7200000000000001,0.04799999999999999,slow:lane_dropout,0
1786510166.6612906,14.415696007369034,0.0,7.479579632744164,0.0,-0.7200000000000001,0.012999999999999984,slow:lane_dropout,0
1786510166.732978,14.130242719746466,0.0,0.0,0.0,-1.0,0.0,neutral:white,0
1786510166.8122056,14.071511608980755,0.0,0.0,0.0,-1.0,0.0,neutral:white,0
1786510166.888339,13.795417474388593,0.0,146.70750227809236,0.0,-1.0,-0.11,reverse:white,0
1786510166.9609792,13.651322647392291,0.5100806451612904,26.69647737401209,0.0,-1.0,-0.11,reverse:white,0
1786510167.0370293,13.672354779970092,0.5132258064516129,32.09737056036791,0.0,-1.0,-0.11,reverse:white,0
1786510167.1345074,13.573679767390129,0.9758064516129032,60.09737056036791,0.0,-1.0,0.11,avoid:white,0
1786510167.2240252,12.893959038826097,1.0,88.0973705603679,0.0,-1.0,0.118,follow,0
1786510167.309683,12.574275138040646,1.0,116.0973705603679,0.0,-1.0,0.126,follow,0
1786510167.4048965,12.398296276225977,0.9637096774193549,144.0973705603679,0.0,-0.7199999999999999,0.12009389348298143,follow,0
1786510167.484192,11.98558977526514,0.0,0.0,0.0,-0.7199999999999999,0.08509389348298142,slow:lane_dropout,0
1786510167.567185,12.146299213904685,0.8306451612903225,3.112897584398276,0.0,-1.0,0.09309389348298142,follow,0
1786510167.650607,12.13697152954001,0.8911290322580645,6.102885447004624,0.0,-1.0,0.09,follow,0
1786510167.7367644,12.063493419885962,1.0,9.707065737760182,0.0,-1.0,0.0,neutral:white,0
1786510167.822974,12.006878845426083,0.9637096774193549,8.236299091861694,0.0,-1.0,0.0,neutral:white,0
1786510167.901539,11.935423080741783,0.8850806451612904,4.737034299757184,0.0,-1.0,-0.11,reverse:white,0
1786510167.9759371,12.082335776182457,0.8548387096774193,2.6279279524591153,0.0,-1.0,-0.11,reverse:white,0
1786510168.0598779,12.360805970922021,0.0,2.5977602517467986,0.0,-1.0,-0.11,reverse:white,0
1786510168.1357083,12.274640954776103,0.0,2.30308464140258,0.0,-1.0,0.11,avoid:white,0
1786510168.2153168,12.440333722582896,0.0,2.54645912049315,0.0,-1.0,0.11,avoid:white,0
1786510168.2912102,12.45232135424467,0.0,6.146735613191652,0.0,-1.0,0.11,avoid:white,0
1786510168.3731923,12.631066581401218,0.0,219.49564250031477,0.0,-1.0,0.11,avoid:white,0
1786510168.4640229,12.545266280120492,0.7459677419354839,8.017241828327645,0.0,-1.0,0.11,avoid:white,0
1786510168.553338,12.198948603450964,0.8608870967741936,6.86924257245829,0.0,-1.0,0.11299662126098298,follow,0
1786510168.629427,12.031710136064707,0.0,195.04999203619104,0.0,-1.0,0.07799662126098297,slow:lane_dropout,0
1786510168.7131267,12.262496337388855,0.9213709677419355,6.768695082458579,0.0,-1.0,0.08599662126098298,follow,0
1786510168.8011076,12.14338720963357,0.9576612903225807,5.446826883469729,0.0,-1.0,0.09,follow,0
1786510168.8884275,12.031961585831953,0.7096774193548387,0.7376483402799039,0.0,-1.0,0.09,follow,0
1786510168.9807327,11.915773086726347,0.7459677419354839,0.0,0.0,-1.0,0.09,follow,0
1786510169.0808673,11.697722176549464,1.0,7.226746003902585,0.0,-1.0,0.09,follow,0
1786510169.1729019,11.332810269045016,0.9879032258064516,7.086750743584155,0.0,-1.0,0.09,follow,0
1786510169.2682562,11.27791569672629,0.969758064516129,5.808790072430972,0.0,-1.0,0.09,follow,0
1786510169.3573837,11.114194695932706,1.0,6.512481879137743,0.0,-1.0,0.09,follow,0
1786510169.4528115,11.127889908916256,1.0,6.377078079367347,0.0,-1.0,0.09,follow,0
1786510169.5447204,10.999472803320572,0.9637096774193549,4.430855107407353,0.0,-1.0,0.09,follow,0
1786510169.6524336,10.98691095271133,0.9032258064516129,6.127818659285896,0.0,-1.0,0.09,follow,0
1786510169.7484984,10.645322526172619,0.8669354838709677,5.301041446015187,0.0,-1.0,0.09,follow,0
1786510169.8439782,10.568661063194934,0.8004032258064516,4.841272688996376,0.0,-1.0,0.09,follow,0
1786510169.9362059,10.577575118420903,0.7943548387096775,6.180130437873469,0.0,-1.0,0.09,follow,0
1786510170.033799,10.577441231939968,0.8608870967741936,7.5568706270969805,0.0,-1.0,0.09,follow,0
1786510170.1328654,10.556794790588752,1.0,4.037399976414987,0.0,-1.0,0.09,follow,0
1786510170.2295406,10.452882052735996,1.0,6.176546181527378,0.0,-1.0,0.09,follow,0
1786510170.3298168,10.43913288152127,1.0,4.91632778040859,0.0,-1.0,0.09,follow,0
1786510170.4371414,10.357323132026751,1.0,7.105768190419674,0.0,-1.0,0.09,follow,0
1786510170.5398898,10.123444834513169,1.0,6.086894176891456,0.0,-1.0,0.09,follow,0
1786510170.6305718,10.071299850383673,1.0,5.385986460715249,0.0,-1.0,0.09,follow,0
1786510170.734623,10.210233745606661,1.0,7.720740240309368,0.0,-1.0,0.09,follow,0
1786510170.8284607,10.129232859895804,1.0,7.97154876666842,0.0,-1.0,0.09,follow,0
1786510170.9170084,10.235721574605607,1.0,10.299609483395557,0.0,-1.0,0.09,follow,0
1786510171.013572,10.448251472964428,1.0,9.163194722111152,0.0,-1.0,0.09,follow,0
1786510171.1073043,10.434125158151629,1.0,9.752371339021987,0.0,-1.0,0.09,follow,0
1786510171.1974003,10.476048895682773,1.0,6.537019470552785,0.0,-1.0,0.09,follow,0
1786510171.293595,10.602831905666244,1.0,5.470495232321809,0.0,-1.0,0.09,follow,0
1786510171.3816292,10.553176669933192,1.0,3.3133489498209956,0.0,-1.0,0.09,follow,0
1786510171.472228,10.729478440393699,1.0,6.8673954344529236,0.0,-1.0,0.09,follow,0
1786510171.5682504,10.785929504745209,1.0,7.135214631198208,0.0,-1.0,0.09,follow,0
1786510171.6568758,10.712421590488695,1.0,5.938253135612147,0.0,-1.0,0.09,follow,0
1786510171.7427108,10.818559822437752,1.0,4.5057499746645195,0.0,-1.0,0.0,neutral:white,0
1786510171.83119,10.982683112114895,1.0,5.156178706397611,0.0,-1.0,0.0,neutral:white,0
1786510171.9222612,11.012926162903659,1.0,5.016973547908031,0.0,-1.0,-0.11,reverse:white,0
1786510172.011973,11.012394664731888,1.0,6.9813896303229495,0.0,-1.0,-0.11,reverse:white,0
1786510172.1018653,11.045567039436001,1.0,5.762481748314497,0.0,-1.0,0.11,avoid:white,0
1786510172.19365,11.094173506737587,1.0,6.042470473561744,0.0,-1.0,0.11,avoid:white,0
1786510172.2816582,11.020394461760926,1.0,6.386158660959569,0.0,-1.0,0.11,avoid:white,0
1786510172.3769329,11.129627909274737,1.0,5.024464236425263,0.0,-1.0,0.11,avoid:white,0
1786510172.463017,10.994087487989308,1.0,4.523821864802484,0.0,-1.0,0.11,avoid:white,0
1786510172.552849,11.127896133685878,1.0,5.26116475253216,0.0,-1.0,0.11,avoid:white,0
1786510172.6448605,11.110078048388377,0.939516129032258,5.5242800874830476,0.0,-1.0,0.11,avoid:white,0
1786510172.7287076,11.066067954549384,0.0,6.993648392505577,0.0,-1.0,0.11,avoid:white,0
1786510172.8135197,11.244225064202453,0.0,0.0,0.0,-1.0,0.11,avoid:white,0
1786510172.8920572,11.362479041831905,0.0,1.4158202141177156,0.0,-1.0,0.11,avoid:white,0
1786510172.973218,11.589990389747868,0.0,4.079925203394289,0.0,-1.0,0.11,avoid:white,0
1786510173.044503,11.776222175153444,0.0,0.0,0.0,-1.0,0.11,avoid:white,0
1786510173.1336927,12.235609841520807,0.0,6.089619802611757,0.0,-1.0,0.11,avoid:white,0
1786510173.2157516,11.994852365476122,0.0,6.606596098329234,0.0,-1.0,0.11,avoid:white,0
1786510173.2838264,12.075821536593224,0.0,0.0,0.0,-1.0,0.11,avoid:white,0
1786510173.35644,12.585800259636674,0.0,0.0,0.0,-1.0,0.11,avoid:white,0
1786510173.4385438,12.83675756348777,0.0,0.0,0.0,-1.0,0.11,avoid:white,0
1786510173.519693,12.704600385196832,0.4314516129032258,0.0,0.0,-1.0,0.11,avoid:white,0
1786510173.5924647,12.616482988425973,0.0,0.0,0.0,-1.0,0.11,avoid:white,0
1786510173.6598518,12.840337780176641,0.0,0.0,0.0,-1.0,0.11,avoid:white,0
1786510173.7522638,13.248707540894754,0.0,3.0767265276178364,0.0,-1.0,0.11,avoid:white,0
1786510173.8523638,12.733233139212128,0.842741935483871,6.302652790263238,0.0,-1.0,0.11,avoid:white,0
1786510173.944726,12.216329842410607,0.842741935483871,8.963833766871318,0.0,-1.0,0.11,avoid:white,0
1786510174.0399027,11.936910912658757,0.872983870967742,5.589107854560119,0.0,-1.0,0.11,avoid:white,0
1786510174.1307058,11.637987969119282,0.8125,4.0695754986247294,0.0,-1.0,0.11,avoid:white,0
1786510174.2204733,11.519717735634034,0.782258064516129,5.369328011333448,0.0,-1.0,0.11,avoid:white,0
1786510174.3054972,11.404695403753704,0.7217741935483871,1.8901447902529895,0.0,-1.0,0.11,avoid:white,0
1786510174.4034116,11.499074110822129,0.8790322580645161,5.229675966092891,0.0,-1.0,0.11,avoid:white,0
1786510174.5033712,11.263215725972625,0.0,3.3029189824205716,0.0,-1.0,0.11,avoid:white,0
1786510174.6013887,11.011207962565608,0.6796774193548387,56.88794654847275,0.7811224489795918,-1.0,0.11,avoid:white,0
1786510174.6911142,10.841135154840138,0.8064516129032258,53.021547213790065,0.0,-1.0,0.11,avoid:white,0
1786510174.7878869,10.914653256103774,0.8911290322580645,42.23160261631435,0.0,-1.0,0.11,avoid:white,0
1786510174.8788059,10.793106303124985,1.0,19.455343145691145,0.0,-1.0,0.11,avoid:white,0
1786510174.976985,10.816483124110995,0.9637096774193549,41.665860713300304,0.0,-1.0,0.11,avoid:white,0
1786510175.0718434,10.71141016848461,0.0,58.919330902400134,0.0,-1.0,0.11,avoid:white,0
1786510175.1577623,10.672898966240544,0.6310483870967742,105.38996866543448,0.0,-1.0,0.11,avoid:white,0
1786510175.2313116,10.87122165034568,0.0,131.4075388878997,0.0,-1.0,0.11,avoid:white,0
1786510175.318272,11.41484026246421,0.6733870967741936,100.15203175575232,0.0,-1.0,0.11,avoid:white,0
1786510175.4163928,11.402856347537872,0.9637096774193549,72.15203175575232,0.0,-1.0,0.11,avoid:white,0
1786510175.5172708,11.102881903747804,1.0,44.15203175575232,0.0,-1.0,0.11,avoid:white,0
1786510175.5937042,10.939023300058935,0.0,115.5049722479215,0.0,-1.0,0.11,avoid:white,0
1786510175.6812375,11.313892283617157,0.0,23.567948536282216,0.0,-1.0,0.11,avoid:white,0
1786510175.7529216,11.363491411785667,0.0,129.14177333534815,0.0,-1.0,0.11,avoid:white,0
1786510175.8324668,11.898565757245164,0.0,85.171451809032,0.0,-1.0,0.11,avoid:white,0
1786510175.905354,12.031437610152793,0.0,49.236619216000236,0.0,-1.0,0.11,avoid:white,0
1786510175.9780605,12.333606247124264,0.0,120.95294314381346,0.0,-1.0,0.11,avoid:white,0
1786510176.0541,12.672774160605755,0.0,96.2172077922078,0.0,-1.0,0.11,avoid:white,0
1786510176.1471448,12.769153766165454,0.8669354838709677,48.55820662591673,0.0,-1.0,0.11,avoid:white,0
1786510176.2371624,12.365730235542825,0.0,20.825228656924356,0.0,-1.0,0.11,avoid:white,0
1786510176.327574,12.113895722287428,0.0,10.817192520227024,0.0,-1.0,0.11,avoid:white,0
1786510176.4306054,11.894369356678348,0.0,7.858912002526594,0.0,-1.0,0.11,avoid:white,0
1786510176.5374005,11.436327768146711,0.9092741935483871,10.65435543343456,0.0,-1.0,0.11,avoid:white,0
1786510176.6356068,11.044285191291475,0.8971774193548387,6.489413833745658,0.0,-1.0,0.11,avoid:white,0
1786510176.7312436,10.872136915986259,0.0,6.039684585174221,0.0,-1.0,0.11,avoid:white,0
1786510176.8093798,10.768153939912072,0.4615552995391705,116.74212225664667,0.0,-1.0,0.11,avoid:white,0
1786510176.9060352,11.185802552421787,0.0,10.18000543966177,0.0,-1.0,0.11,avoid:white,0
1786510177.004254,10.98937519817982,0.0,14.145712063561659,0.0,-1.0,0.11,avoid:white,0
1786510177.1016052,10.870599968203766,0.0,49.79860973214393,0.0,-1.0,0.11,avoid:white,0
1786510177.1856623,10.74419209703881,0.685483870967742,71.9810802988982,0.0,-1.0,0.11,avoid:white,0
1786510177.2943356,10.96016833811992,1.0,43.981080298898206,0.0,-1.0,0.11,avoid:white,0
1786510177.399707,10.5893362893076,1.0,16.934037607076974,0.0,-1.0,0.11,avoid:white,0
1786510177.5031953,10.405995187161867,1.0,15.116320093160834,0.0,-1.0,0.11,avoid:white,0
1786510177.6171896,10.237345298892784,1.0,7.9356459738685885,0.0,-1.0,0.11,avoid:white,0
1786510177.712768,9.946806593645139,1.0,10.862112856240074,0.0,-1.0,0.11,avoid:white,0
1786510177.8132904,10.074168573281934,0.8366935483870968,4.021872738144737,0.0,-1.0,0.11,avoid:white,0
1786510177.9154055,10.009449540487012,0.0,0.0,0.0,-1.0,0.11,avoid:white,0
1786510178.0068676,9.993763322520714,0.0,0.0,0.0,-1.0,0.11,avoid:white,0
1786510178.0841892,10.197486242774048,0.0,0.0,0.0,-1.0,0.11,avoid:white,0
1786510178.1598384,10.74220330559372,0.0,0.0,0.0,-1.0,0.11,avoid:white,0
1786510178.2297103,11.208745978607762,0.0,0.0,0.0,-1.0,0.11,avoid:white,0
1786510178.296652,11.847968486226085,0.0,41.242047483446015,0.0,-1.0,0.11,avoid:white,0
1786510178.369114,12.484589702412567,0.4247926267281106,119.18908293247281,0.0,-1.0,0.11,avoid:white,0
1786510178.4480574,12.74806237598061,0.6975806451612904,125.35046357099702,0.0,-1.0,0.11,avoid:white,0
1786510178.5317628,12.728748678836187,0.7701612903225807,97.7938506962164,0.0,-1.0,0.11,avoid:white,0
1786510178.6211681,12.541031917242492,0.0,51.81417848329394,0.0,-1.0,0.11,avoid:white,0
1786510178.714605,12.257437929008507,1.0,128.54796381723793,0.0,-1.0,0.11,avoid:white,0
1786510178.790201,11.972246172519963,0.4435483870967742,100.54796381723793,0.0,-0.7200000000000001,0.09,follow,0
1786510178.869629,12.243917085599533,0.45917050691244243,86.89311115626842,0.0,-1.0,0.0,neutral:white,0
1786510178.9639344,12.232060429445703,0.969758064516129,79.28179157921747,0.0,-1.0,0.0,neutral:white,0
1786510179.0574887,11.952836672315758,0.9758064516129032,81.17448079339896,0.0,-1.0,-0.11,reverse:white,0
1786510179.1377945,11.682028389932437,0.6129032258064516,85.98648757951256,0.0,-1.0,-0.11,reverse:white,0
1786510179.2367399,11.825291689019267,0.9637096774193549,83.8174517750273,0.0,-1.0,0.11,avoid:white,0
1786510179.3441608,11.428580188578492,0.9637096774193549,83.91196278223548,0.0,-1.0,0.11,avoid:white,0
1786510179.442567,11.078992890097528,0.9637096774193549,83.66850304838914,0.0,-1.0,0.11,avoid:white,0
1786510179.5446208,10.884199120302233,0.9637096774193549,83.50873853115397,0.0,-1.0,0.11,avoid:white,0
1786510179.6405792,10.667001061971883,0.9637096774193549,83.56042972194938,0.0,-1.0,0.11,avoid:white,0
1786510179.7378545,10.6099452077981,0.9637096774193549,83.4939934207733,0.0,-1.0,0.11,avoid:white,0
1786510179.840468,10.52777111014639,0.9637096774193549,83.54384312957293,0.0,-1.0,0.11,avoid:white,0
1786510179.9354267,10.410003983837703,0.9637096774193549,83.51320172676347,0.0,-1.0,0.11,avoid:white,0
1786510180.0305016,10.390458648994088,0.9637096774193549,83.44170049218262,0.0,-1.0,0.11,avoid:white,0
1786510180.126018,10.452160740854158,0.9637096774193549,83.50481574412785,0.0,-1.0,0.11,avoid:white,0
1786510180.2203958,10.454461742150164,0.9637096774193549,83.5320107002473,0.0,-1.0,0.11,avoid:white,0
1786510180.3138998,10.477230728817464,0.9637096774193549,83.51306800200625,0.0,-1.0,0.11,avoid:white,0
1786510180.4060872,10.527041563603138,0.9637096774193549,83.568647143702,0.0,-1.0,0.11,avoid:white,0
1786510180.5007186,10.589532471240314,0.9637096774193549,83.48997210717212,0.0,-1.0,0.11,avoid:white,0
1786510180.596777,10.568115876362826,0.9637096774193549,83.51839356881979,0.0,-1.0,0.11,avoid:white,0
1786510180.6941957,10.55090935585211,0.9637096774193549,83.48473236347536,0.0,-1.0,0.11,avoid:white,0
1786510180.7908976,10.499181739509046,0.9637096774193549,83.49665121409791,0.0,-1.0,0.11,avoid:white,0
1786510180.8843093,10.462955790047582,0.9637096774193549,83.52010513552169,0.0,-1.0,0.11,avoid:white,0
1786510180.977712,10.472256134714332,0.9637096774193549,83.53697580052561,0.0,-1.0,0.11,avoid:white,0
1786510181.0697472,10.561211164320214,0.9637096774193549,83.49036925159842,0.0,-1.0,0.11,avoid:white,0
1786510181.163972,10.633808834260307,0.9637096774193549,83.50561181177943,0.0,-1.0,0.11,avoid:white,0
1786510181.2590368,10.604530966616926,0.9637096774193549,83.48312831179307,0.0,-1.0,0.11,avoid:white,0
1786510181.3527718,10.603999507122994,0.9637096774193549,83.48773662906682,0.0,-1.0,0.11,avoid:white,0
1786510181.4454868,10.601950419039023,0.9637096774193549,83.49804475357547,0.0,-1.0,0.11,avoid:white,0
1786510181.5366716,10.648050512378022,0.9637096774193549,83.5573008932026,0.0,-1.0,0.11,avoid:white,0
1786510181.629522,10.703209452020765,0.9637096774193549,83.51637280592213,0.0,-1.0,0.11,avoid:white,0
1786510181.7226202,10.739078057446624,0.9637096774193549,83.51565856302499,0.0,-1.0,0.11,avoid:white,0
1786510181.8145237,10.731046743932989,0.9637096774193549,83.53443395970982,0.0,-1.0,0.11,avoid:white,0
1786510181.908238,10.76011987352088,0.9637096774193549,83.48786807129449,0.0,-1.0,0.11,avoid:white,0
1786510182.007413,10.738226311260672,0.9637096774193549,83.52630094433124,0.0,-1.0,0.11,avoid:white,0
1786510182.1062126,10.589871660716906,0.9637096774193549,83.51061000086763,0.0,-1.0,0.11,avoid:white,0
1786510182.202034,10.478380617180587,0.9637096774193549,83.54448933734345,0.0,-1.0,0.11,avoid:white,0
1786510182.3036828,10.485289997933045,0.9637096774193549,83.52429663138908,0.0,-1.0,0.11,avoid:white,0
1786510182.401076,10.367053914041923,0.9637096774193549,83.50479570509123,0.0,-1.0,0.11,avoid:white,0
1786510182.4991946,10.315876167902598,0.9637096774193549,83.4864208687565,0.0,-1.0,0.11,avoid:white,0
1786510182.591468,10.338238267860751,0.9637096774193549,83.50082367838999,0.0,-1.0,0.11,avoid:white,0
1786510182.6839771,10.431766929588136,0.9637096774193549,83.54380834067199,0.0,-1.0,0.11,avoid:white,0
1786510182.779949,10.516046760353905,0.9637096774193549,83.50172836297212,0.0,-1.0,0.11,avoid:white,0
1786510182.8788788,10.485496804809305,0.9637096774193549,83.55967932063348,0.0,-1.0,0.11,avoid:white,0
1786510182.9719367,10.414683336273114,0.9637096774193549,83.49726491549723,0.0,-1.0,0.11,avoid:white,0
1786510183.0662217,10.466000725237354,0.9637096774193549,83.48252847872948,0.0,-1.0,0.11,avoid:white,0
1786510183.1588056,10.502630904923189,0.9637096774193549,83.47654470905832,0.0,-1.0,0.11,avoid:white,0
1786510183.2540135,10.570050449675687,0.9637096774193549,83.48198197815283,0.0,-1.0,0.11,avoid:white,0
1786510183.3476858,10.558639679220157,0.9637096774193549,83.48333037076708,0.0,-1.0,0.11,avoid:white,0
1786510183.4480176,10.582719697846182,0.9637096774193549,83.50225156600419,0.0,-1.0,0.11,avoid:white,0
1786510183.5405312,10.448845460509013,0.9637096774193549,83.49240281240395,0.0,-1.0,0.11,avoid:white,0
1786510183.6344154,10.530117030690294,0.9637096774193549,83.54346825948818,0.0,-1.0,0.11,avoid:white,0
1786510183.7293646,10.546915896810761,0.9637096774193549,83.51444705922644,0.0,-1.0,0.11,avoid:white,0
1786510183.8231442,10.55044041989537,0.9637096774193549,83.52196797884726,0.0,-1.0,0.11,avoid:white,0
1786510183.9136314,10.560694272012512,0.9637096774193549,83.48939897183523,0.0,-1.0,0.11,avoid:white,0
1786510184.005571,10.666853938054281,0.9637096774193549,83.49832739371874,0.0,-1.0,0.11,avoid:white,0
1786510184.096158,10.723709067971928,0.9637096774193549,83.48528867105884,0.0,-1.0,0.11,avoid:white,0
1786510184.193195,10.791452819297673,0.9637096774193549,83.49928046793043,0.0,-1.0,0.11,avoid:white,0
1786510184.2841418,10.693229935453916,0.9637096774193549,83.51995008091791,0.0,-1.0,0.11,avoid:white,0
1786510184.3757873,10.743788442463245,0.9637096774193549,83.56339839581915,0.0,-1.0,0.11,avoid:white,0
1786510184.4661732,10.77974261445766,0.9637096774193549,83.46132588718616,0.0,-1.0,0.11,avoid:white,0
1786510184.5558705,10.841482791335581,0.9637096774193549,83.52825948074678,0.0,-1.0,0.11,avoid:white,0
1786510184.6467803,10.896586511584076,0.9637096774193549,83.51539493871542,0.0,-1.0,0.11,avoid:white,0
1786510184.7396502,10.891338596691101,0.9637096774193549,83.51872779413422,0.0,-1.0,0.11,avoid:white,0
1786510184.8433826,10.890267511999403,0.9637096774193549,83.50835563286131,0.0,-1.0,0.11,avoid:white,0
1786510184.9396152,10.623817707844477,0.9637096774193549,83.49927144800279,0.0,-1.0,0.11,avoid:white,0
1786510185.0370338,10.604618818865687,0.9637096774193549,83.5620720414227,0.0,-1.0,0.11,avoid:white,0
1786510185.1294484,10.538517618343667,0.9637096774193549,83.47776698010044,0.0,-1.0,0.11,avoid:white,0
1786510185.2233872,10.592244641802136,0.9637096774193549,83.53459531094722,0.0,-1.0,0.11,avoid:white,0
1786510185.3141737,10.599372381063423,0.9637096774193549,83.54462027584029,0.0,-1.0,0.11,avoid:white,0
1786510185.4082167,10.673594586802626,0.9637096774193549,83.5255496614866,0.0,-1.0,0.11,avoid:white,0
1786510185.5058038,10.661491434644145,0.9637096774193549,83.54120299830576,0.0,-1.0,0.11,avoid:white,0
1786510185.600217,10.582043871725412,0.9637096774193549,83.49765766802153,0.0,-1.0,0.11,avoid:white,0
1786510185.6928508,10.57733551837881,0.9637096774193549,83.46808818838412,0.0,-1.0,0.11,avoid:white,0
1786510185.78679,10.644883682711336,0.9637096774193549,83.50066664034667,0.0,-1.0,0.11,avoid:white,0
1786510185.8774564,10.634265035618274,0.9637096774193549,83.54560209418472,0.0,-1.0,0.11,avoid:white,0
1786510185.9743817,10.697124633865855,0.9637096774193549,83.44947494575754,0.0,-1.0,0.11,avoid:white,0
1786510186.065163,10.634903299176948,0.9637096774193549,83.43967842273348,0.0,-1.0,0.11,avoid:white,0
1786510186.1619096,10.708322082245596,0.9637096774193549,83.49315757413868,0.0,-1.0,0.11,avoid:white,0
1786510186.2583654,10.604233186886718,0.9637096774193549,83.48243774423845,0.0,-1.0,0.11,avoid:white,0
1786510186.35343,10.594266269494234,0.9637096774193549,83.54165739487351,0.0,-1.0,0.11,avoid:white,0
1786510186.4530866,10.58597944931066,0.9637096774193549,83.45843858156482,0.0,-1.0,0.11,avoid:white,0
1786510186.5491343,10.467880567336005,0.9637096774193549,83.50185498827494,0.0,-1.0,0.11,avoid:white,0
1786510186.6440043,10.40949764544727,0.9637096774193549,83.47775251358459,0.0,-1.0,0.11,avoid:white,0
1786510186.7380228,10.488405954245575,0.9637096774193549,83.50514096525619,0.0,-1.0,0.11,avoid:white,0
1786510186.8342397,10.497680405488373,0.9637096774193549,83.4610048690608,0.0,-1.0,0.11,avoid:white,0
1786510186.9247236,10.483123401206484,0.9637096774193549,83.52615009273049,0.0,-1.0,0.11,avoid:white,0
1786510187.016668,10.619440727126417,0.9637096774193549,83.4842485458868,0.0,-1.0,0.11,avoid:white,0
1786510187.1076462,10.6675093295701,0.9637096774193549,83.557445967642,0.0,-1.0,0.11,avoid:white,0
1786510187.1976845,10.734092987579638,0.9637096774193549,83.49034970055091,0.0,-1.0,0.11,avoid:white,0
1786510187.2938323,10.810011892227218,0.9637096774193549,83.49684812557396,0.0,-1.0,0.11,avoid:white,0
1786510187.385191,10.715994157382458,0.9637096774193549,83.45883325456236,0.0,-1.0,0.11,avoid:white,0
1786510187.479382,10.763639810903147,0.9637096774193549,83.51955348744713,0.0,-1.0,0.11,avoid:white,0
1786510187.5815194,10.743105032981493,0.9637096774193549,83.43275192107133,0.0,-1.0,0.11,avoid:white,0
1786510187.6768408,10.551569965736437,0.9637096774193549,83.53036217858985,0.0,-1.0,0.11,avoid:white,0
1786510187.7692883,10.533343778098324,0.9637096774193549,83.51658989810906,0.0,-1.0,0.11,avoid:white,0
1786510187.8680515,10.574236782868027,0.9637096774193549,83.48148160041782,0.0,-1.0,0.11,avoid:white,0
1786510187.959799,10.506313439888027,0.9637096774193549,83.44435981244082,0.0,-1.0,0.11,avoid:white,0
1786510188.0546024,10.583869429319936,0.9637096774193549,83.47236157197212,0.0,-1.0,0.11,avoid:white,0
1786510188.1454797,10.569957388074585,0.9637096774193549,83.5137791280698,0.0,-1.0,0.11,avoid:white,0
1786510188.2397301,10.624343792288123,0.9637096774193549,83.48022770453312,0.0,-1.0,0.11,avoid:white,0
1786510188.3316782,10.627569056425392,0.9637096774193549,83.53828126583987,0.0,-1.0,0.11,avoid:white,0
1786510188.4292493,10.709185697895316,0.9637096774193549,83.50516415260964,0.0,-1.0,0.11,avoid:white,0
1786510188.521044,10.595608054480731,0.9637096774193549,83.49042576388547,0.0,-1.0,0.11,avoid:white,0
1786510188.6127913,10.672384918062175,0.9637096774193549,83.54201984484833,0.0,-1.0,0.11,avoid:white,0
1786510188.7042913,10.71463683702531,0.9637096774193549,83.60815836247718,0.0,-1.0,0.11,avoid:white,0
1786510188.7954888,10.76130592611878,0.9637096774193549,83.4503697446248,0.0,-1.0,0.11,avoid:white,0
1786510188.8886828,10.764728688269141,0.9637096774193549,83.45728343263747,0.0,-1.0,0.11,avoid:white,0
1786510188.9872296,10.79337936324869,0.9637096774193549,83.47662724218392,0.0,-1.0,0.11,avoid:white,0
1786510189.0798056,10.6626994886278,0.9637096774193549,83.50229864908235,0.0,-1.0,0.11,avoid:white,0
1786510189.1738389,10.7005756458776,0.9637096774193549,83.51664456863075,0.0,-1.0,0.11,avoid:white,0
1786510189.2696495,10.658800632102967,0.9637096774193549,83.44550639794637,0.0,-1.0,0.11,avoid:white,0
1786510189.3603003,10.629002189795242,0.9637096774193549,83.41836299551512,0.0,-1.0,0.11,avoid:white,0
1786510189.4513216,10.726623930304696,0.9637096774193549,83.56309836122549,0.0,-1.0,0.11,avoid:white,0
1786510189.5435636,10.776996729714144,0.9637096774193549,83.5655498296067,0.0,-1.0,0.11,avoid:white,0
1786510189.6355386,10.79055087932626,0.9637096774193549,83.51236937476054,0.0,-1.0,0.11,avoid:white,0
1786510189.7263248,10.776592063737462,0.9637096774193549,83.54190872500585,0.0,-1.0,0.11,avoid:white,0
1786510189.8187492,10.839127563504128,0.9637096774193549,83.55442592898314,0.0,-1.0,0.11,avoid:white,0
1786510189.9107378,10.840891597550947,0.9637096774193549,83.52240568933584,0.0,-1.0,0.11,avoid:white,0
1786510190.0041873,10.859228922364592,0.9637096774193549,83.48229989518612,0.0,-1.0,0.11,avoid:white,0
1786510190.1017964,10.828624331895412,0.9637096774193549,83.50557510240517,0.0,-1.0,0.11,avoid:white,0
1786510190.1956677,10.690632033873893,0.9637096774193549,83.51138037825385,0.0,-1.0,0.11,avoid:white,0
1786510190.296229,10.698697822326599,0.9637096774193549,83.54435167719015,0.0,-1.0,0.11,avoid:white,0
1786510190.3993347,10.540917768709669,0.9637096774193549,83.52471614460643,0.0,-1.0,0.11,avoid:white,0
1786510190.4960413,10.382074734061911,0.9637096774193549,83.48601034398374,0.0,-1.0,0.11,avoid:white,0
1786510190.6009278,10.346762847104289,0.9637096774193549,83.48018647732427,0.0,-1.0,0.11,avoid:white,0
1786510190.700782,10.203418121715597,0.9637096774193549,83.50137831736559,0.0,-1.0,0.11,avoid:white,0
1786510190.791605,10.166659705913919,0.9637096774193549,83.51977270474788,0.0,-1.0,0.11,avoid:white,0
1786510190.8836176,10.320738966092154,0.9637096774193549,83.51681804088801,0.0,-1.0,0.11,avoid:white,0
1786510190.979803,10.41579030690894,0.9637096774193549,83.52038055027785,0.0,-1.0,0.11,avoid:white,0
1786510191.0718582,10.4422745545181,0.9637096774193549,83.49911634617422,0.0,-1.0,0.11,avoid:white,0
1786510191.1644547,10.512165593469437,0.9637096774193549,83.42594850285565,0.0,-1.0,0.11,avoid:white,0
1786510191.254855,10.5872118270689,0.9637096774193549,83.49200488089843,0.0,-1.0,0.11,avoid:white,0
1786510191.3464313,10.672303161715536,0.9637096774193549,83.4934563021809,0.0,-1.0,0.11,avoid:white,0
1786510191.4394543,10.70240679625793,0.9637096774193549,83.51091428568904,0.0,-1.0,0.11,avoid:white,0
1786510191.5342307,10.726448216006265,0.9637096774193549,83.52609268317305,0.0,-1.0,0.11,avoid:white,0
1786510191.6239629,10.695089850276855,0.9637096774193549,83.4746477852031,0.0,-1.0,0.11,avoid:white,0
1786510191.7256556,10.767929167159739,0.9637096774193549,83.52655060585568,0.0,-1.0,0.11,avoid:white,0
1786510191.820467,10.597566003736743,0.9637096774193549,83.44048363624538,0.0,-1.0,0.11,avoid:white,0
1786510191.9110916,10.588433678936319,0.9637096774193549,83.50842528937123,0.0,-1.0,0.11,avoid:white,0
1786510192.0032156,10.673161869090722,0.9637096774193549,83.49427673780464,0.0,-1.0,0.11,avoid:white,0
1786510192.0974479,10.686181332211337,0.9637096774193549,83.51681930021473,0.0,-1.0,0.11,avoid:white,0
1786510192.1870263,10.683141001259141,0.9637096774193549,83.5116326843644,0.0,-1.0,0.11,avoid:white,0
1786510192.2787497,10.782440089867068,0.9637096774193549,83.58281088589726,0.0,-1.0,0.11,avoid:white,0
1786510192.372015,10.778166003247865,0.9637096774193549,83.50207492968856,0.0,-1.0,0.11,avoid:white,0
1786510192.4650025,10.802553790972032,0.9637096774193549,83.5157839132595,0.0,-1.0,0.11,avoid:white,0
1786510192.5568123,10.805240372555055,0.9637096774193549,83.5824486720462,0.0,-1.0,0.11,avoid:white,0
1786510192.6492257,10.822755081226733,0.9637096774193549,83.47349391134404,0.0,-1.0,0.11,avoid:white,0
1786510192.7410643,10.795151883144674,0.9637096774193549,83.5157871245427,0.0,-1.0,0.11,avoid:white,0
1786510192.8327682,10.830859030714821,0.9637096774193549,83.50807108798641,0.0,-1.0,0.11,avoid:white,0
1786510192.9247127,10.856627211359594,0.9637096774193549,83.50821800419118,0.0,-1.0,0.11,avoid:white,0
1786510193.0167873,10.834340645304668,0.9637096774193549,83.5081943445902,0.0,-1.0,0.11,avoid:white,0
1786510193.1176243,10.853394468445245,0.9637096774193549,83.49168476004337,0.0,-1.0,0.11,avoid:white,0
1786510193.212464,10.669855638862087,0.9637096774193549,83.44380177328301,0.0,-1.0,0.11,avoid:white,0
1786510193.3130546,10.65031631267197,0.9637096774193549,83.46184424181031,0.0,-1.0,0.11,avoid:white,0
1786510193.410284,10.509708538160929,0.9637096774193549,83.50003334067512,0.0,-1.0,0.11,avoid:white,0
1786510193.5028613,10.46547431084636,0.9637096774193549,83.50517614769673,0.0,-1.0,0.11,avoid:white,0
1786510193.5949285,10.522849308594827,0.9637096774193549,83.50630713329248,0.0,-1.0,0.11,avoid:white,0
1786510193.6866193,10.577745708012726,0.9637096774193549,83.47376257296057,0.0,-1.0,0.11,avoid:white,0
1786510193.7821963,10.628730747712716,0.9637096774193549,83.45354787601315,0.0,-1.0,0.11,avoid:white,0
1786510193.8754697,10.618431002891601,0.9637096774193549,83.53203596548981,0.0,-1.0,0.11,avoid:white,0
1786510193.9677153,10.641167352334106,0.9637096774193549,83.52222143409348,0.0,-1.0,0.11,avoid:white,0
1786510194.0615706,10.68040111339813,0.9637096774193549,83.44785321627624,0.0,-1.0,0.11,avoid:white,0
1786510194.1562216,10.622435061957551,0.9637096774193549,83.53489880868939,0.0,-1.0,0.11,avoid:white,0
1786510194.2523081,10.666933417628597,0.9637096774193549,83.52553059842818,0.0,-1.0,0.11,avoid:white,0
1786510194.3483613,10.613237705334978,0.9637096774193549,83.48801841916453,0.0,-1.0,0.11,avoid:white,0
1786510194.4471292,10.58095030854275,0.9637096774193549,83.5214723865538,0.0,-1.0,0.11,avoid:white,0
1786510194.5441852,10.453216403807259,0.9637096774193549,83.50705748738362,0.0,-1.0,0.11,avoid:white,0
1786510194.6367128,10.46406547367798,0.9637096774193549,83.5150218946545,0.0,-1.0,0.11,avoid:white,0
1786510194.7339697,10.533758975803234,0.9637096774193549,83.45318382039677,0.0,-1.0,0.11,avoid:white,0
1786510194.8301353,10.478049775331614,0.9637096774193549,83.50640764330717,0.0,-1.0,0.11,avoid:white,0
1786510194.9210765,10.454989590785916,0.9637096774193549,83.543843885169,0.0,-1.0,0.11,avoid:white,0
1786510195.0123062,10.568566275148235,0.9637096774193549,83.46421980427286,0.0,-1.0,0.11,avoid:white,0
1786510195.1034632,10.643575866423141,0.9637096774193549,83.50704583861142,0.0,-1.0,0.11,avoid:white,0
1786510195.1970649,10.70970233898773,0.9637096774193549,83.48389009427439,0.0,-1.0,0.11,avoid:white,0
1786510195.2931588,10.704863090641616,0.9637096774193549,83.55644129251752,0.0,-1.0,0.11,avoid:white,0
1786510195.3854249,10.638398567482641,0.9637096774193549,83.45025453197051,0.0,-1.0,0.11,avoid:white,0
1786510195.47754,10.697515911492848,0.9637096774193549,83.52318673951609,0.0,-1.0,0.11,avoid:white,0
1786510195.5677757,10.72820431869524,0.9637096774193549,83.47400090054443,0.0,-1.0,0.11,avoid:white,0
1786510195.6590278,10.79106360320856,0.9637096774193549,83.50339270492167,0.0,-1.0,0.11,avoid:white,0
1786510195.7525728,10.823477886235654,0.9637096774193549,83.53341272443869,0.0,-1.0,0.11,avoid:white,0
1786510195.8549895,10.79084884230358,0.9637096774193549,83.49086501704932,0.0,-1.0,0.11,avoid:white,0
1786510195.9484541,10.588406394408498,0.9637096774193549,83.47037806940419,0.0,-1.0,0.11,avoid:white,0
1786510196.0438118,10.601971600499763,0.9637096774193549,83.48283808420629,0.0,-1.0,0.11,avoid:white,0
1786510196.1400356,10.517412479095317,0.9637096774193549,83.53482043134198,0.0,-1.0,0.11,avoid:white,0
1786510196.2351875,10.536089417162646,0.9637096774193549,83.5198047388716,0.0,-1.0,0.11,avoid:white,0
1786510196.330855,10.558157406916425,0.9637096774193549,83.53705258797301,0.0,-1.0,0.11,avoid:white,0
1786510196.4248426,10.538953450198129,0.9637096774193549,83.51403551125061,0.0,-1.0,0.11,avoid:white,0
1786510196.5160663,10.543448623749326,0.9637096774193549,83.50959317324012,0.0,-1.0,0.11,avoid:white,0
1786510196.6063085,10.646497700479777,0.9637096774193549,83.52192656273937,0.0,-1.0,0.11,avoid:white,0
1786510196.697947,10.730943949975192,0.9637096774193549,83.46608822011913,0.0,-1.0,0.11,avoid:white,0
1786510196.7882,10.766805305634328,0.9637096774193549,83.49605906292732,0.0,-1.0,0.11,avoid:white,0
1786510196.8790793,10.83669778463889,0.9637096774193549,83.49352754859066,0.0,-1.0,0.11,avoid:white,0
1786510196.9696932,10.864891354083664,0.9637096774193549,83.54136908776,0.0,-1.0,0.11,avoid:white,0
1786510197.0620346,10.899178019905044,0.9637096774193549,83.50232092342392,0.0,-1.0,0.11,avoid:white,0
1786510197.1543655,10.885061555195534,0.9637096774193549,83.42339647723487,0.0,-1.0,0.11,avoid:white,0
1786510197.253773,10.872686721935018,0.9637096774193549,83.48413775661766,0.0,-1.0,0.11,avoid:white,0
1786510197.3486683,10.708629952462863,0.9637096774193549,83.50177073931663,0.0,-1.0,0.11,avoid:white,0
1786510197.4451668,10.686830338201178,0.9637096774193549,83.47784908820326,0.0,-1.0,0.11,avoid:white,0
1786510197.5425906,10.618385969470552,0.9637096774193549,83.5325234823506,0.0,-1.0,0.11,avoid:white,0
1786510197.633914,10.550154992238774,0.9637096774193549,83.47980612916828,0.0,-1.0,0.11,avoid:white,0
1786510197.727992,10.618887034847049,0.9637096774193549,83.49871246434994,0.0,-1.0,0.11,avoid:white,0
1786510197.8209665,10.600910962092582,0.9637096774193549,83.54991769670139,0.0,-1.0,0.11,avoid:white,0
1786510197.9172735,10.612809508414811,0.9637096774193549,83.50079118776037,0.0,-1.0,0.11,avoid:white,0
1786510198.0109975,10.604795857290714,0.9637096774193549,83.51836587937328,0.0,-1.0,0.11,avoid:white,0
1786510198.101915,10.630199252706031,0.9637096774193549,83.49185733503032,0.0,-1.0,0.11,avoid:white,0
1786510198.210839,10.690022846202094,0.9637096774193549,83.43569917064507,0.0,-1.0,0.11,avoid:white,1
1786510198.3047717,10.395564883069358,0.9637096774193549,83.53708085985815,0.0,-1.0,0.11,avoid:white,1
1786510198.395605,10.44586058627738,0.9637096774193549,83.46496463306795,0.0,-1.0,0.11,avoid:white,1
1786510198.4909017,10.551980579474087,0.9637096774193549,83.49575676154555,0.0,-1.0,0.11,avoid:white,1
1786510198.5936894,10.538423537389468,0.9637096774193549,83.51700078493823,0.0,-1.0,0.11,avoid:white,1
1786510198.6881235,10.379883425387112,0.9637096774193549,83.5333900722991,0.0,-1.0,0.11,avoid:white,1
1786510198.785391,10.420736232265769,0.9637096774193549,83.51535929976896,0.0,-1.0,0.11,avoid:white,1
1786510198.8850381,10.391697459375873,0.9637096774193549,83.46384082563468,0.0,-1.0,0.11,avoid:white,1
1786510198.9792652,10.320836729248725,0.9637096774193549,83.50974367852604,0.0,-1.0,0.11,avoid:white,1
1786510199.072292,10.383168884526647,0.9637096774193549,83.5102132972057,0.0,-1.0,0.11,avoid:white,1
1786510199.165483,10.44865187371429,0.9637096774193549,83.52232849260723,0.0,-1.0,0.11,avoid:white,1
1786510199.2616043,10.509040946707046,0.9637096774193549,83.47875827487847,0.0,-1.0,0.11,avoid:white,1
1786510199.356629,10.494574918294783,0.9637096774193549,83.47061490153759,0.0,-1.0,0.11,avoid:white,1
1786510199.449534,10.500589760277794,0.9637096774193549,83.31339701055974,0.0,-1.0,0.11,avoid:white,1
1786510199.5307105,10.546713198155498,0.6129032258064516,85.56817077169816,0.0,-1.0,0.11,avoid:white,1
1786510199.6138637,10.907626362785432,0.6008064516129032,87.8573779568733,0.0,-1.0,0.11,avoid:white,1
1786510199.7083914,11.133370340435903,0.969758064516129,85.22260340493365,0.0,-1.0,0.11,avoid:white,1
1786510199.788429,11.002277755559975,0.5584677419354839,87.05539266504849,0.0,-1.0,0.11,avoid:white,1
1786510199.8662782,11.313887812558272,0.5463709677419355,92.37222127148762,0.0,-1.0,0.11,avoid:white,1
1786510199.9661803,11.600518027727047,0.9818548387096775,88.8159463487332,0.0,-1.0,0.11,avoid:white,1
1786510200.0516927,11.280477704180418,0.5040322580645161,96.36997149192271,0.0,-1.0,0.11,avoid:white,1
1786510200.123122,11.383513227907134,0.49193548387096775,94.18736510601104,0.0,-1.0,0.11,avoid:white,1
1786510200.1983976,11.924352604587403,0.4616935483870968,96.57917397917528,0.0,-1.0,0.11,avoid:white,1
1786510200.2725532,12.183543191257694,0.4435483870967742,110.34666907452072,0.0,-1.0,0.11,avoid:white,1
1786510200.3483095,12.454627980527704,0.3594009216589862,124.20940170940455,0.0,-1.0,0.11,avoid:white,1
1786510200.431738,12.602160590811437,0.782258064516129,96.4540389273378,0.0,-1.0,0.11,avoid:white,1
1786510200.5168839,12.456698107182024,0.7701612903225807,97.90658172432776,0.0,-1.0,0.11,avoid:white,1
1786510200.5998847,12.290107350677445,0.564516129032258,98.21426952009645,0.0,-1.0,0.11,avoid:white,1
1786510200.6812735,12.29420682687404,0.6008064516129032,102.65254017568762,0.0,-1.0,0.11,avoid:white,1
1786510200.7661202,12.261212414427252,0.7883064516129032,101.96830976075452,0.0,-1.0,0.11,avoid:white,1
1786510200.8575866,12.185859472557564,0.9092741935483871,102.72371124290875,0.0,-1.0,0.11,avoid:white,1
1786510200.9459472,11.912301747524161,0.655241935483871,103.89212091492891,0.0,-1.0,0.11,avoid:white,1
1786510201.0453167,11.82411329168619,0.969758064516129,105.28004104569406,0.0,-1.0,0.11,avoid:white,1
1786510201.1394584,11.475722435275458,0.9153225806451613,106.71937139540353,0.0,-1.0,0.11,avoid:white,1
1786510201.2233157,11.275880413145206,0.6068548387096775,109.7769735392318,0.0,-1.0,0.11,avoid:white,1
1786510201.3103461,11.423898300268231,0.6008064516129032,108.2734627333968,0.0,-1.0,0.11,avoid:white,1
1786510201.3944807,11.452421240553797,0.5766129032258065,117.21469589111061,0.0,-1.0,0.11,avoid:white,1
1786510201.468687,11.528378074961521,0.5524193548387096,115.56433881244814,0.0,-1.0,0.11,avoid:white,1
1786510201.5474699,11.897793559187715,0.5524193548387096,115.99046818727523,0.0,-1.0,0.11,avoid:white,1
1786510201.6316874,12.089369629896828,0.5161290322580645,120.10958881024587,0.0,-1.0,0.11,avoid:white,1
1786510201.7090619,12.002189258778905,0.49798387096774194,122.86243634414424,0.0,-1.0,0.11,avoid:white,1
1786510201.7836306,12.225954238165247,0.49193548387096775,124.40812432112224,0.0,-0.7200000000000001,0.118,follow,1
1786510201.8611906,12.4669984558659,0.4616935483870968,152.40812432112224,0.0,-0.08000000000000007,0.09,follow,1
1786510201.9393575,12.56409090471111,0.4435483870967742,133.59073119717158,0.0,-0.376787516367622,0.09,follow,1
1786510202.0287197,12.606892203889307,0.752016129032258,120.92488301684347,0.0,-0.7939341212080725,0.09,follow,1
1786510202.120739,12.312284411796895,0.7096774193548387,122.12738630501794,0.0,-0.16499308934213996,0.09,follow,1
1786510202.208568,12.035316514189201,0.5524193548387096,125.2657625357835,0.0,0.004424724130232649,0.098,follow,1
1786510202.2996233,11.906936418199283,0.5766129032258065,124.94145450985033,0.0,-0.16249428378519393,0.09,follow,1
1786510202.3986716,11.71918333096727,0.7459677419354839,126.04672620019369,0.0,-0.10897649519658348,0.098,follow,1
1786510202.4933047,11.362317066624946,0.5826612903225806,128.22358619533412,0.0,0.024686615940021195,0.09,follow,1
1786510202.580352,11.240392166417461,0.6129032258064516,128.68904996474993,0.0,-0.04874970002427703,0.09,follow,1
1786510202.6768944,11.277828408532711,0.6491935483870968,128.02867750664603,0.0,-0.17599699824379567,0.09,follow,1
1786510202.7882736,11.094302515214544,0.9334677419354839,129.39428033142974,0.0,-0.06534795440946806,0.09,follow,1
1786510202.8806024,10.680119250109158,0.8064516129032258,131.05600887653418,0.0,0.0008962427285633678,0.098,follow,1
1786510202.9645572,10.698423586521706,0.6068548387096775,136.90233912525593,0.0,0.4706608602780752,0.10600000000000001,follow,1
1786510203.0601728,10.93764870120388,0.6008064516129032,137.45776554184988,0.0,0.2596467325577727,0.11400000000000002,follow,1
1786510203.1576974,10.843770638502317,0.8971774193548387,132.8696983112931,0.0,-0.21269637974630196,0.09577692877917321,follow,1
1786510203.2481873,10.709023852463963,0.5524193548387096,140.250626096592,0.0,0.42730362025369806,0.10377692877917322,follow,1
1786510203.3393586,10.792784325743648,0.5463709677419355,141.1193095961789,0.0,0.4250067326267083,0.11177692877917322,follow,1
1786510203.4365783,10.821090536725729,0.7641129032258064,135.36158752657687,0.0,-0.1963963485516893,0.09402980785906524,follow,1
1786510203.5193424,10.730751961265074,0.5040322580645161,142.4345898004435,0.0,0.4436036514483107,0.10202980785906524,follow,1
1786510203.6062438,10.970495448633866,0.49193548387096775,136.087151038949,0.0,-0.1963963485516893,0.09,follow,1
1786510203.6850727,11.072458484931145,0.4616935483870968,158.43744003743757,0.0,0.4436036514483107,0.09,follow,1
1786510203.763211,11.383594043566639,0.4375,157.26902366265745,0.0,1.0,0.09,follow,1
1786510203.8575351,11.716489845790264,0.6975806451612904,134.22074020668114,0.0,0.4436036514483107,0.09,follow,1
1786510203.9489532,11.493824216970731,0.7096774193548387,134.27871948108802,0.0,0.03806095941226517,0.09,follow,1
1786510204.0399458,11.390251102443536,0.7278225806451613,133.90855083734823,0.0,-0.037098739431822625,0.09,follow,1
1786510204.1362424,11.296829457352706,0.752016129032258,133.3316669012595,0.0,-0.09735476324476977,0.09,follow,1
1786510204.2202725,11.122756270654103,0.564516129032258,135.0907190016795,0.0,0.09100726335145559,0.098,follow,1
1786510204.3069932,11.281767824386147,0.5826612903225806,133.2210855182554,0.0,-0.1473011402320371,0.09,follow,1
1786510204.4001968,11.331591054246474,0.6068548387096775,132.91769341050093,0.0,-0.09403129994753878,0.09,follow,1
1786510204.4957633,11.160563871673851,0.9213709677419355,130.50883541577292,0.0,-0.29646043961743007,0.09,follow,1
1786510204.5837328,11.069454704558341,0.6129032258064516,132.94740170069508,0.0,0.02391867781189161,0.098,follow,1
1786510204.6685016,11.125135866915215,0.6008064516129032,132.06882709403558,0.0,-0.13371599046063265,0.10600000000000001,follow,1
1786510204.748296,11.266662090247763,0.5887096774193548,133.6139211665529,0.0,0.06999563783019047,0.11400000000000002,follow,1
1786510204.8431444,11.517371728185623,0.9032258064516129,127.56456148367863,0.0,-0.5700043621698095,0.09,follow,1
1786510204.9251852,11.308243332295657,0.5524193548387096,130.66028257456767,0.0,-0.00926454207361982,0.098,follow,1
1786510205.0098698,11.474977497522362,0.5463709677419355,132.40502030599473,0.0,0.07695154103193624,0.10600000000000001,follow,1
1786510205.0922432,11.559319318779139,0.5161290322580645,133.37243159604168,0.0,0.14016068336349552,0.11273092996569044,follow,1
1786510205.170321,11.684796771918043,0.5040322580645161,128.30693696547365,0.0,-0.3881572556572793,0.12073092996569043,follow,1
1786510205.2479844,11.899137232086847,0.49193548387096775,133.54791575561805,0.0,0.2518427443427207,0.1013083758524796,follow,1
1786510205.3367035,12.104404378419442,0.7157258064516129,121.131877782444,0.0,-0.3881572556572793,0.09,follow,1
1786510205.4226346,11.9241384601207,0.7036290322580645,120.60468452103646,0.0,-0.5111663120362243,0.09,follow,1
1786510205.520199,11.843135406122917,0.685483870967742,119.71879107236283,0.0,-0.5777864763160974,0.09,follow,1
1786510205.6091266,11.556170040503742,0.6915322580645161,119.15317096954178,0.0,-0.5869107117922789,0.09,follow,1
1786510205.703774,11.480800805868805,0.7157258064516129,118.83305455370746,0.0,-0.5952218614080688,0.09,follow,1
1786510205.798478,11.30999023548754,0.782258064516129,118.1060239672253,0.0,-0.6629462089740262,0.09,follow,1
1786510205.8836944,11.1217899619324,0.5524193548387096,120.36302013112936,0.0,-0.45513569466862397,0.098,follow,1
1786510205.9680455,11.291522177028162,0.564516129032258,114.95233928114011,0.0,-1.0,0.09,follow,1
1786510206.0527146,11.395174116549343,0.5826612903225806,116.11342808135245,0.0,-0.6642074766896631,0.09,follow,1
1786510206.1400607,11.489530896177229,0.6129032258064516,117.24939635314581,0.0,-0.6077098431688709,0.09,follow,1
1786510206.231637,11.458646950939782,0.9576612903225807,114.2741858339069,0.0,-0.9344870223315781,0.09,follow,1
1786510206.311248,11.364834605754034,0.6008064516129032,116.0249315574147,0.0,-0.6365797906740416,0.098,follow,1
1786510206.4054449,11.58977534347006,0.8850806451612904,111.97554692441248,0.0,-1.0,0.09,follow,1
1786510206.485161,11.400880635070177,0.5524193548387096,117.61038646227661,0.0,-0.4507062928143927,0.098,follow,1
1786510206.5662477,11.646127499351795,0.5524193548387096,113.09988410748898,0.0,-1.0,0.10600000000000001,follow,1
1786510206.6514537,11.735902698445072,0.5282258064516129,120.69587117708022,0.0,-0.3889098811711452,0.11153012221224914,follow,1
1786510206.7364857,11.669954409697194,0.5100806451612904,123.31433285942734,0.0,-0.142678780095002,0.09371038364773285,follow,1
1786510206.8156316,11.806472048462037,0.49193548387096775,125.15275501135609,0.0,-0.07115351396526981,0.09124373281900333,follow,1
1786510206.9057117,11.892931645175416,0.467741935483871,141.8807661044488,0.0,0.5688464860347302,0.09,follow,1
1786510206.988745,11.762087301971155,0.45564516129032256,148.55695187165807,0.0,1.0,0.09,follow,1
1786510207.0772977,11.84688275845417,0.7157258064516129,120.55695187165807,0.0,0.5688464860347301,0.09,follow,1
1786510207.1672995,11.737407844318879,0.3851152073732719,148.55695187165807,0.0,1.0,0.09,follow,1
1786510207.2456827,11.619391236640586,0.5221774193548387,120.55695187165807,0.0,0.5688464860347301,0.09,follow,1
1786510207.3375819,11.83981430013112,0.5463709677419355,113.60600240096062,0.0,-0.07115351396526992,0.09,follow,1
1786510207.4282393,11.636261968524742,0.7943548387096775,112.51476672651565,0.0,-0.7111535139652699,0.09,follow,1
1786510207.5096848,11.536712912590978,0.5403225806451613,116.49251437161314,0.0,-0.5516619719972314,0.098,follow,1
1786510207.595143,11.666836971056288,0.5584677419354839,115.3874913100212,0.0,-0.8080742385817313,0.09,follow,1
1786510207.6832223,11.68165242321546,0.5826612903225806,113.43107081597626,0.0,-0.9804642336581694,0.09,follow,1
1786510207.7817955,11.587940326512246,0.8548387096774193,114.08674385145625,0.0,-0.8568383874802558,0.09,follow,1
1786510207.8712075,11.297797873562654,0.6068548387096775,114.39089417356743,0.0,-0.8827737629647939,0.09,follow,1
1786510207.9617307,11.274172086898966,0.594758064516129,118.13752185708456,0.0,-0.5349440264759557,0.098,follow,1
1786510208.0516534,11.254537411782572,0.5766129032258065,118.55858554443444,0.0,-0.6371878937612145,0.10600000000000001,follow,1
1786510208.1409261,11.23283732347183,0.5705645161290323,123.10289396138475,0.0,-0.19012521791810633,0.1131187533671237,follow,1
1786510208.2298148,11.220583890638864,0.5524193548387096,119.85417582417537,0.0,-0.6381164574302706,0.12111875336712369,follow,1
1786510208.3228557,11.238787966394646,0.5403225806451613,113.77225558817275,0.0,-1.0,0.11039212163169106,follow,1
1786510208.4232025,11.137144612226109,0.8790322580645161,106.24144949664728,0.0,-1.0,0.09,follow,1
1786510208.5077527,10.89171202784993,0.5161290322580645,127.28121916842865,0.0,-0.832780230729056,0.09,follow,1
1786510208.5998495,11.051257550942378,0.49193548387096775,116.78699110581417,0.0,-0.9514765662442578,0.098,follow,1
1786510208.6777627,11.05090173489454,0.4798387096774194,125.86928274428269,0.0,-0.3114765662442578,0.09,follow,1
1786510208.767989,11.39771080085645,0.6975806451612904,102.44005689900435,0.0,-0.9514765662442578,0.09,follow,1
1786510208.8573625,11.339873452543618,0.7096774193548387,102.42278778831404,0.0,-1.0,0.09,follow,1
1786510208.936642,11.271398320898983,0.3901152073732719,130.42278778831405,0.0,-0.48862416303571365,0.09,follow,1
1786510209.0284028,11.575003985390243,0.6431451612903225,103.32179400201801,0.0,-1.0,0.09,follow,1
1786510209.1176395,11.456836317150643,0.6733870967741936,103.61440510068067,0.0,-1.0,0.09,follow,1
1786510209.2044787,11.387986549735059,0.6975806451612904,103.64056535266342,0.0,-1.0,0.09,follow,1
1786510209.2977765,11.396318899264585,0.7701612903225807,102.61763505139606,0.0,-1.0,0.09,follow,1
1786510209.3922074,11.281837815391496,0.8669354838709677,101.12119111133529,0.0,-1.0,0.09,follow,1
1786510209.4803355,11.143255876604188,0.6068548387096775,101.102616122949,0.0,-1.0,0.09,follow,1
1786510209.5671194,11.158841792177595,0.6008064516129032,104.19948322003137,0.0,-1.0,0.09606090503473487,follow,1
1786510209.6564708,11.270368450063124,0.564516129032258,113.2526003870345,0.0,-0.46598449770443284,0.09901344582666524,follow,1
1786510209.7356615,11.247163756142465,0.5524193548387096,109.93721026872254,0.0,-1.0,0.10701344582666525,follow,1
1786510209.8194778,11.532683500283536,0.5403225806451613,110.68976087428429,0.0,-0.8571344799549683,0.11501344582666526,follow,1
1786510209.9159727,11.56965634333649,0.5100806451612904,115.72052507900594,0.0,-0.39365513233634786,0.09,follow,1
1786510210.0055254,11.339776255089854,0.49798387096774194,114.91878852854555,0.0,-0.680907671836509,0.098,follow,1
1786510210.0917225,11.286861621599522,0.6673387096774193,100.95080169147113,0.0,-1.0,0.09,follow,1
1786510210.1843038,11.37068987617098,0.6915322580645161,100.84262079946052,0.0,-1.0,0.09,follow,1
1786510210.273084,11.263597130544065,0.7036290322580645,100.48323793901292,0.0,-1.0,0.09,follow,1
1786510210.3569212,11.282510747018494,0.407258064516129,128.48323793901292,0.0,-0.6262318987793479,0.09,follow,1
1786510210.4566054,11.398372315840119,0.7217741935483871,101.11111515067225,0.0,-1.0,0.09,follow,1
1786510210.5446405,11.13389258215095,0.5100806451612904,101.84232160352373,0.0,-1.0,0.09,follow,1
1786510210.6473496,11.179259230347256,0.7701612903225807,101.5182199233852,0.0,-1.0,0.09,follow,1
1786510210.7329397,10.887730808087234,0.5403225806451613,103.65264057750731,0.0,-1.0,0.09,follow,1
1786510210.8308022,11.035699440165796,0.8064516129032258,102.40219744148304,0.0,-1.0,0.09,follow,1
1786510210.9182296,10.873664087235834,0.5584677419354839,102.9436213730773,0.0,-1.0,0.09,follow,1
1786510211.0223954,10.969877810756838,0.8790322580645161,102.26280529783473,0.0,-1.0,0.09,follow,1
1786510211.11613,10.69630512147555,0.5705645161290323,110.41689756784112,0.0,-0.8864151495340159,0.098,follow,1
1786510211.2047663,10.715022534055926,0.5463709677419355,111.46765842507185,0.0,-0.9565248059192798,0.10600000000000001,follow,1
1786510211.3085992,10.815865604744742,0.8790322580645161,100.59348190507058,0.0,-1.0,0.09,follow,1
1786510211.3984168,10.588688475664842,0.5161290322580645,122.10570594723829,0.0,-0.9565248059192798,0.09,follow,1
1786510211.4859562,10.699092333109846,0.5040322580645161,120.80852074754527,0.0,-0.5274376329057697,0.09,follow,1
1786510211.5740147,10.834951011571984,0.48588709677419356,120.13704119840206,0.0,-0.5553561984350557,0.09079357738133625,follow,1
1786510211.6742477,10.936412025666773,0.594758064516129,102.99891538527012,0.0,-1.0,0.09,follow,1
1786510211.772463,10.740497915182317,0.6733870967741936,102.40097516042556,0.0,-1.0,0.09,follow,1
1786510211.8642774,10.63351439031585,0.6794354838709677,102.33738052695782,0.0,-1.0,0.09,follow,1
1786510211.958312,10.692607779692906,0.7096774193548387,102.52623035570403,0.0,-1.0,0.09,follow,1
1786510212.0494616,10.668150185417533,0.5040322580645161,107.39373927263897,0.0,-1.0,0.09,follow,1
1786510212.1456409,10.717586289838316,0.752016129032258,103.23245472153016,0.0,-1.0,0.09,follow,1
1786510212.2482684,10.664110614914005,0.6733870967741936,105.04023707462147,0.0,-1.0,0.09,follow,1
1786510212.3409772,10.467005348281477,0.5403225806451613,108.7387803479389,0.0,-1.0,0.09,follow,1
1786510212.4395247,10.562640301259144,0.564516129032258,106.06120122940303,0.0,-1.0,0.09,follow,1
1786510212.5244234,10.456270565271602,0.5766129032258065,105.66287575108204,0.0,-1.0,0.09,follow,1
1786510212.6186182,10.752729186982187,0.5584677419354839,113.13919088680427,0.0,-0.886818502047381,0.098,follow,1
1786510212.7143214,10.715456145049233,0.5524193548387096,112.12892834056575,0.0,-1.0,0.09238098971995491,follow,1
1786510212.8174205,10.661873094285703,0.8245967741935484,105.37639445995899,0.0,-1.0,0.09,follow,1
1786510212.9078274,10.4509660954716,0.5100806451612904,124.64319231534296,0.0,-1.0,0.09,follow,1
1786510213.0025556,10.59404213870993,0.564516129032258,105.30484504396833,0.0,-1.0,0.09,follow,1
1786510213.0910544,10.596962804333398,0.5826612903225806,105.12937840599201,0.0,-1.0,0.09,follow,1
1786510213.1859615,10.73679245064472,0.6129032258064516,105.00114571128222,0.0,-1.0,0.09,follow,1
1786510213.2792256,10.67152907621829,0.4254032258064516,133.00114571128222,0.0,-0.8414946386701011,0.09,follow,1
1786510213.379263,10.70566236277706,0.7157258064516129,105.00114571128222,0.0,-1.0,0.09,follow,1
1786510213.4619749,10.566815599477259,0.49798387096774194,104.565628954141,0.0,-1.0,0.09,follow,1
1786510213.5558598,10.804457478968608,0.6673387096774193,106.1155536878172,0.0,-1.0,0.09,follow,1
1786510213.6559355,10.801877973409912,0.685483870967742,106.15060551821358,0.0,-1.0,0.09,follow,1
1786510213.7468855,10.660842854454286,0.5282258064516129,105.83932175594961,0.0,-1.0,0.09,follow,1
1786510213.8448875,10.720995942231601,0.5584677419354839,108.34252640969297,0.0,-1.0,0.09,follow,1
1786510213.9323287,10.6167666801377,0.5584677419354839,112.94342427827394,0.0,-1.0,0.09,follow,1
1786510214.0259607,10.770064632304074,0.5342741935483871,113.34666031074696,0.0,-1.0,0.09020666428294195,follow,1
1786510214.1210432,10.772899232480254,0.5342741935483871,121.48264078989605,0.0,-0.6092654925651272,0.09820666428294195,follow,1
1786510214.2099216,10.713504109880363,0.5100806451612904,132.87963256256074,0.0,0.030734507434872826,0.09,follow,1
1786510214.3019235,10.824371923697413,0.5403225806451613,104.88966895731488,0.0,-0.6092654925651272,0.09,follow,1
1786510214.3965409,10.798136567680604,0.5524193548387096,104.71159825468641,0.0,-1.0,0.09,follow,1
1786510214.4940693,10.776918429544434,0.6673387096774193,103.79225764941978,0.0,-1.0,0.09,follow,1
1786510214.5874238,10.657239353571663,0.5887096774193548,104.77629755553994,0.0,-1.0,0.09,follow,1
1786510214.680195,10.695714509610495,0.7036290322580645,103.46750337018543,0.0,-1.0,0.09,follow,1
1786510214.7675278,10.716905310117259,0.625,104.56124680504121,0.0,-1.0,0.09,follow,1
1786510214.856221,10.832337130790805,0.655241935483871,104.5963659961065,0.0,-1.0,0.09,follow,1
1786510214.9627676,10.933789039913743,0.872983870967742,103.53476090041906,0.0,-1.0,0.09,follow,1
1786510215.0533242,10.637153223807726,0.625,102.83768744806227,0.0,-1.0,0.09,follow,1
1786510215.1564624,10.719146541118915,0.9274193548387096,103.40207636857022,0.0,-1.0,0.09,follow,1
1786510215.2639675,10.512485227730725,1.0,75.40207636857022,0.0,-1.0,0.098,follow,1
1786510215.3526776,10.255427269899897,0.6733870967741936,103.40207636857022,0.0,-1.0,0.09,follow,1
1786510215.4647474,10.447849844053986,0.9637096774193549,103.97236741209983,0.0,-1.0,0.09,follow,1
1786510215.5506015,10.144624150349578,0.5463709677419355,103.56069193634903,0.0,-1.0,0.09,follow,1
1786510215.6405592,10.46883367524692,0.752016129032258,102.35690552055881,0.0,-1.0,0.09,follow,1
1786510215.738774,10.558978619745549,0.7701612903225807,101.88356627334169,0.0,-1.0,0.09,follow,1
1786510215.8452826,10.51745762622247,0.7580645161290323,101.76304016142744,0.0,-1.0,0.09,follow,1
1786510215.94583,10.283300382442253,0.782258064516129,101.8053279351547,0.0,-1.0,0.09,follow,1
1786510216.0511992,10.234305874242281,0.8064516129032258,102.23571356428471,0.0,-1.0,0.09,follow,1
1786510216.1536956,10.083562348261392,0.842741935483871,102.69569677683639,0.0,-1.0,0.09532892961660838,follow,1
1786510216.2440374,10.020362452451964,0.6129032258064516,102.15308311603061,0.0,-1.0,0.10219211933914575,follow,1
1786510216.353253,10.185933430092193,0.8911290322580645,103.46451243166987,0.0,-1.0,0.10791659179981991,follow,1
1786510216.452802,10.011284353589817,0.655241935483871,102.97229464431823,0.0,-1.0,0.10521501668778052,follow,1
1786510216.555985,10.010721396331203,0.6794354838709677,103.46534004503496,0.0,-1.0,0.10775471977505968,follow,1
1786510216.6505427,9.950616259720372,0.6733870967741936,103.85459431782515,0.0,-1.0,0.10808135015840115,follow,1
1786510216.7409382,10.068596091194419,0.685483870967742,104.15558192422452,0.0,-1.0,0.1090149217120701,follow,1
1786510216.8365772,10.278162591544099,0.7096774193548387,104.32902826192301,0.0,-1.0,0.11087330486125971,follow,1
1786510216.9297445,10.304828439215118,0.685483870967742,104.6416436264136,0.0,-1.0,0.11052621636450799,follow,1
1786510217.0169423,10.393237227513085,0.5463709677419355,104.66946757426378,0.0,-1.0,0.10070456173082094,follow,1
1786510217.1051018,10.608160057054683,0.5584677419354839,104.78093327316417,0.0,-1.0,0.09076271755377786,follow,1
1786510217.1989803,10.728754867475544,0.7701612903225807,105.86036219547233,0.0,-1.0,0.09876271755377786,follow,1
1786510217.2900913,10.741965098569395,0.8064516129032258,106.8314677822153,0.0,-1.0,0.10676271755377786,follow,1
1786510217.3883011,10.67782348150594,0.625,106.73751133187281,0.0,-1.0,0.11187993803191817,follow,1
1786510217.4813735,10.66579246927134,0.872983870967742,107.62970659910461,0.0,-1.0,0.11987993803191818,follow,1
1786510217.5669127,10.69266874852285,0.6310483870967742,107.95409053972645,0.0,-1.0,0.11551998099153366,follow,1
1786510217.652798,10.876461410662458,0.594758064516129,108.63784374596767,0.0,-1.0,0.11438404382463327,follow,1
1786510217.7561457,11.041405136177422,0.9758064516129032,109.28227939808806,0.0,-1.0,0.12238404382463328,follow,1
1786510217.8479517,10.766834879414716,0.6612903225806451,110.13026560987211,0.0,-1.0,0.11973182731138438,follow,1
1786510217.9609919,10.781040373448175,0.9334677419354839,110.63754602441554,0.0,-1.0,0.12773182731138438,follow,1
1786510218.061229,10.40483528595945,0.7096774193548387,111.33873381241806,0.0,-1.0,0.1241812628559224,follow,1
1786510218.156063,10.318837872911674,0.7883064516129032,111.92696276989199,0.0,-1.0,0.1302523586689436,follow,1
1786510218.2558215,10.342990139076012,0.7036290322580645,112.69785259149353,0.0,-1.0,0.12564438453200358,follow,1
1786510218.3407145,10.273567171662222,0.49193548387096775,109.51785008957708,0.0,-1.0,0.09064438453200357,follow,1
1786510218.4427216,10.624320921634189,0.8306451612903225,114.26451935216147,0.0,-1.0,0.09864438453200358,follow,1
1786510218.5444736,10.459350548301499,0.8669354838709677,115.15005560961144,0.0,-1.0,0.10664438453200359,follow,1
1786510218.6307907,10.31935559046388,0.5282258064516129,115.31081385081089,0.0,-1.0,0.09,follow,1
1786510218.7345543,10.593597309711486,0.8971774193548387,117.20366070897346,0.0,-0.9911253857548579,0.098,follow,1
1786510218.817383,10.39722272713232,0.5524193548387096,116.52310139440272,0.0,-1.0,0.09,follow,1
1786510218.9163914,10.727700351818873,0.8971774193548387,119.46137681007013,0.0,-0.8494126114880165,0.098,follow,1
1786510219.006419,10.604418897818627,0.5040322580645161,135.0215394361739,0.0,-0.2094126114880165,0.09,follow,1
1786510219.0945857,10.698251249176973,0.685483870967742,122.31617849451398,0.0,-0.8494126114880165,0.098,follow,1
1786510219.1839452,10.831349992317962,0.7278225806451613,123.74726436245427,0.0,-0.7000023139126061,0.10600000000000001,follow,1
1786510219.2674346,10.893533169233677,0.41330645161290325,151.74726436245427,0.0,-0.06000231391260613,0.09,follow,1
1786510219.3794553,11.096491090750707,0.7459677419354839,126.25586492310703,0.0,-0.7000023139126061,0.098,follow,1
1786510219.4764907,10.68087663153582,0.8004032258064516,127.70703100210166,0.0,-0.5360286284107584,0.10600000000000001,follow,1
1786510219.573361,10.577526347603149,0.5282258064516129,130.13823585064307,0.0,-0.3916935096226578,0.11400000000000002,follow,1
1786510219.6681213,10.551678214555986,0.7338709677419355,130.18640241593496,0.0,-0.4901929425792828,0.12200000000000003,follow,1
1786510219.7517762,10.542626781995175,0.5584677419354839,133.71250140694883,0.0,-0.18605030176545467,0.11962308169130217,follow,1
1786510219.836534,10.807865681011844,0.5524193548387096,130.86262674300409,0.0,-0.6306800941791031,0.09,follow,1
1786510219.9364002,11.04052453349314,0.7459677419354839,133.66242632162403,0.0,-0.2504608717973331,0.098,follow,1
1786510220.0328372,10.837875952036569,0.8911290322580645,134.46520501775314,0.0,-0.31761148767554015,0.10600000000000001,follow,1
1786510220.1169808,10.743586842630046,0.49798387096774194,138.467703028679,0.0,0.018843514101020586,0.11400000000000002,follow,1
1786510220.219581,10.958177761131033,0.842741935483871,136.5603892119172,0.0,-0.3373158899236822,0.12200000000000003,follow,1
1786510220.3013344,10.711945250697912,0.4616935483870968,164.5603892119172,0.0,0.3026841100763178,0.09,follow,1
1786510220.4035265,11.029459500046075,0.9213709677419355,137.59684026161244,0.0,-0.3373158899236822,0.098,follow,1
1786510220.4841383,10.776343045602331,0.407258064516129,165.59684026161244,0.0,0.3026841100763178,0.09,follow,1
1786510220.573043,11.117150511287262,0.6431451612903225,137.59684026161244,0.0,-0.3373158899236822,0.09,follow,1
1786510220.6686933,11.106662462045188,0.5100806451612904,141.67694897275166,0.0,0.17021441054568354,0.098,follow,1
1786510220.7695189,10.937906365071909,0.7762096774193549,140.04335287222517,0.0,-0.14142760946139477,0.10600000000000001,follow,1
1786510220.8617783,10.788001151847592,0.5221774193548387,137.37473719619865,0.0,-0.320484834369562,0.09,follow,1
1786510220.9683843,10.78641164707188,0.842741935483871,140.77849735254932,0.0,0.0912842476203235,0.098,follow,1
1786510221.060866,10.51553623162817,0.5524193548387096,140.91394173053803,0.0,-0.03419752141579391,0.10600000000000001,follow,1
1786510221.160813,10.587154619745547,0.8911290322580645,141.34174965104253,0.0,-0.006572254993661764,0.11400000000000002,follow,1
1786510221.2542014,10.459707035058702,0.5221774193548387,154.1146141404578,0.0,0.6334277450063382,0.09,follow,1
1786510221.3395154,10.508380156095152,0.5040322580645161,152.75926512511896,0.0,0.5612920618904044,0.09,follow,1
1786510221.436446,10.688597920560694,0.8306451612903225,142.56988734158946,0.0,-0.07870793810959564,0.098,follow,1
1786510221.540879,10.669638509607354,0.9032258064516129,142.40308470263162,0.0,0.03035640002363804,0.10600000000000001,follow,1
1786510221.636185,10.43870122772805,0.6370967741935484,142.57751849964544,0.0,0.07231733438237664,0.11400000000000002,follow,1
1786510221.7158954,10.472527125284024,0.4051152073732719,170.57751849964544,0.0,0.7123173343823767,0.09,follow,1
1786510221.804736,10.876052845747282,0.655241935483871,142.57751849964544,0.0,0.07231733438237664,0.098,follow,1
1786510221.8833003,10.926884857827833,0.5282258064516129,142.8664368009421,0.0,0.090345300993119,0.10600000000000001,follow,1
1786510221.9735413,11.330944938129864,0.8004032258064516,141.8783764622473,0.0,0.0141046674023102,0.11400000000000002,follow,1
1786510222.0737653,11.280973994789726,0.8064516129032258,141.67606761729206,0.0,0.019277773280043875,0.12200000000000003,follow,1
1786510222.1709456,10.988791961444203,0.842741935483871,141.50053028709135,0.0,0.0230666218426544,0.13000000000000003,follow,1
1786510222.2643137,10.819455924625052,0.8669354838709677,141.52699431246552,0.0,0.044035777177857005,0.13800000000000004,follow,1
1786510222.3518445,10.847074414828196,0.5584677419354839,141.07947579612417,0.0,-0.0001511903560722505,0.10653836707628492,follow,1
1786510222.448161,10.934611072384453,0.8850806451612904,140.8592326633396,0.0,0.006702586328495186,0.11453836707628492,follow,1
1786510222.5294905,10.85374080984953,0.5161290322580645,151.00795033244464,0.0,0.6467025863284952,0.09,follow,1
1786510222.6104157,11.149991876734223,0.49798387096774194,133.14915572232604,0.0,0.006702586328495186,0.09,follow,1
1786510222.7034953,11.370141833986494,0.872983870967742,138.80286144212414,0.0,0.2126533794717419,0.098,follow,1
1786510222.782451,11.26140150938512,0.4616935483870968,159.1566397566392,0.0,0.8526533794717419,0.09,follow,1
1786510222.8740754,11.542504967001975,0.655241935483871,138.03086044390383,0.0,0.2126533794717419,0.098,follow,1
1786510222.961963,11.414959821347882,0.7157258064516129,137.01905030346066,0.0,-0.10150812580553548,0.10600000000000001,follow,1
1786510223.053005,11.384519891527706,0.7278225806451613,136.5483671040633,0.0,-0.050278365464954566,0.09,follow,1
1786510223.1429927,11.337833191812015,0.752016129032258,135.57381638782124,0.0,-0.15113149336462728,0.098,follow,1
1786510223.2358646,11.285647114340254,0.7338709677419355,135.04470979576718,0.0,-0.12232417432213216,0.10600000000000001,follow,1
1786510223.3194163,11.178194207082635,0.5221774193548387,132.92394267307932,0.0,-0.2938854908459785,0.09,follow,1
1786510223.4101768,11.319143312607247,0.8306451612903225,133.17376197864309,0.0,-0.17629598752219977,0.098,follow,1
1786510223.503978,11.248511592228926,0.5584677419354839,130.5873022648824,0.0,-0.41056052239757357,0.09,follow,1
1786510223.5852551,11.16083372082689,0.5524193548387096,135.10478206667247,0.0,0.1277260723069903,0.098,follow,1
1786510223.6792138,11.379248398546348,0.8608870967741936,131.5157025354164,0.0,-0.39971185297345435,0.10600000000000001,follow,1
1786510223.7631583,11.241115066161775,0.5161290322580645,139.06628672978522,0.0,0.24028814702654566,0.09745202565463557,follow,1
1786510223.8430085,11.318189951194576,0.5100806451612904,138.8220344601515,0.0,0.20424873462237292,0.09174852318262361,follow,1
1786510223.9246092,11.631610521786111,0.5100806451612904,137.16739471532478,0.0,0.07126146967676505,0.09974852318262362,follow,1
1786510224.0063028,11.738399664879408,0.4616935483870968,148.41663741663584,0.0,0.7112614696767651,0.09,follow,1
1786510224.0963206,11.838631354852193,0.8185483870967742,127.35764672322838,0.0,0.07126146967676505,0.098,follow,1
1786510224.1793413,11.699866620837234,0.625,126.64691930447471,0.0,-0.33118663773776574,0.09,follow,1
1786510224.2608147,11.773846865607268,0.5221774193548387,126.83708648127391,0.0,-0.25202727272093417,0.09,follow,1
1786510224.3437686,11.878153760397538,0.5161290322580645,128.49619975575453,0.0,-0.158414150137129,0.098,follow,1
1786510224.429337,11.90728366489623,0.7338709677419355,124.3768075423369,0.0,-0.6027636394032279,0.09,follow,1
1786510224.519357,11.855584390426596,0.7701612903225807,123.93817634438764,0.0,-0.46630145721751304,0.09,follow,1
1786510224.6039472,11.627849293818063,0.5403225806451613,125.55695170760224,0.0,-0.3111074601943854,0.09,follow,1
1786510224.689306,11.767370297312816,0.7036290322580645,125.87889693774339,0.0,-0.3631478391609958,0.098,follow,1
1786510224.7822666,11.713343453039808,0.7399193548387096,124.68197950458477,0.0,-0.48367956156094666,0.09,follow,1
1786510224.8707833,11.529656592649452,0.5584677419354839,127.68458245417159,0.0,-0.15219501072039954,0.098,follow,1
1786510224.9503613,11.470709663773434,0.5584677419354839,132.04221926796856,0.0,0.16029447579315015,0.10600000000000001,follow,1
1786510225.0360162,11.741627687307561,0.8306451612903225,121.36984092486293,0.0,-0.47970552420684986,0.09,follow,1
1786510225.1253543,11.61897314820438,0.5100806451612904,130.39425492261603,0.0,0.16029447579315015,0.098,follow,1
1786510225.2058988,11.652709113709268,0.5040322580645161,128.48669623059914,0.0,-0.25972733431647144,0.10600000000000001,follow,1
1786510225.2946198,11.795637315261555,0.8850806451612904,117.37275545697803,0.0,-0.8997273343164714,0.09,follow,1
1786510225.3694317,11.66675692466335,0.467741935483871,145.37275545697804,0.0,-0.25972733431647144,0.09,follow,1
1786510225.4453304,12.055841006547542,0.4495967741935484,135.89974956258465,0.0,-0.17696747161309967,0.09,follow,1
1786510225.522998,12.271101291784335,0.41330645161290325,163.89974956258465,0.0,0.46303252838690034,0.09,follow,1
1786510225.599432,12.389631634815332,0.38835253456221197,164.62963210702355,0.0,1.0,0.09,follow,1
1786510225.6877568,12.530072971101035,0.5100806451612904,136.62963210702355,0.0,0.46303252838690023,0.098,follow,1
1786510225.7743118,12.286364541917674,0.6431451612903225,114.35966036451114,0.0,-0.17696747161309978,0.09,follow,1
1786510225.8616917,12.15297670087595,0.6673387096774193,113.80331039948105,0.0,-0.8169674716130998,0.09,follow,1
1786510225.9568565,12.010906321226585,0.6794354838709677,113.92144419025539,0.0,-0.955300364215311,0.09,follow,1
1786510226.0412476,11.663296930899481,0.5342741935483871,114.84757751389085,0.0,-0.8534088730308402,0.09,follow,1
1786510226.1256428,11.762953577677745,0.5524193548387096,110.3423111552313,0.0,-1.0,0.09,follow,1
1786510226.210001,11.77967164178061,0.564516129032258,113.18916303821975,0.0,-0.8602543444503957,0.09,follow,1
1786510226.2985582,11.79253746758451,0.5524193548387096,117.39100147751303,0.0,-0.5612766341496381,0.098,follow,1
1786510226.3883662,11.65087624554712,0.5524193548387096,119.09615107581449,0.0,-0.5525788199380722,0.10600000000000001,follow,1
1786510226.4738522,11.588284179411653,0.5161290322580645,118.9095543401659,0.0,-0.6235747199595729,0.11400000000000002,follow,1
1786510226.5608754,11.605644952308396,0.5040322580645161,128.60547988596718,0.0,0.016425280040427093,0.09,follow,1
1786510226.6506977,11.579495381100003,0.7217741935483871,107.65534053721086,0.0,-0.6235747199595729,0.09,follow,1
1786510226.7329667,11.500088765446048,0.467741935483871,130.30906658538115,0.0,0.016425280040427093,0.09,follow,1
1786510226.8192978,11.563159708711893,0.4616935483870968,146.29251199251124,0.0,0.6564252800404271,0.09,follow,1
1786510226.9062307,11.593513953469085,0.6794354838709677,118.29251199251124,0.0,0.016425280040427093,0.09,follow,1
1786510226.9873917,11.607277211372944,0.41330645161290325,146.29251199251124,0.0,0.6564252800404271,0.09,follow,1
1786510227.0681846,11.713001198124124,0.3951612903225806,154.94390392217264,0.0,1.0,0.09,follow,1
1786510227.1510818,11.850995823008038,0.5040322580645161,126.94390392217264,0.0,0.656425280040427,0.09,follow,1
1786510227.2427206,11.928784745134317,0.7459677419354839,98.94390392217264,0.0,0.01642528004042698,0.09,follow,1
1786510227.3279998,11.726842588171676,0.5100806451612904,103.75221545329286,0.0,-0.623574719959573,0.09794513123707918,follow,1
1786510227.407293,11.713532133466876,0.5282258064516129,95.30773343985521,0.0,-1.0,0.09,follow,1
1786510227.4864774,11.894442915318333,0.5342741935483871,97.55775075987721,0.0,-1.0,0.09,follow,1
1786510227.5626829,12.042228590319,0.5584677419354839,100.54909197350881,0.0,-1.0,0.09,follow,1
1786510227.6444957,12.257051649303499,0.5342741935483871,100.28117389416377,0.0,-1.0,0.09,follow,1
1786510227.720364,12.223770712582272,0.5161290322580645,104.83366807611003,0.0,-1.0,0.098,follow,1
1786510227.7963874,12.464579069327266,0.49798387096774194,105.1128383811311,0.0,-1.0,0.10600000000000001,follow,1
1786510227.880992,12.602239018917196,0.6129032258064516,90.81434815659165,0.0,-1.0,0.09,follow,1
1786510227.9645202,12.442050416911833,0.6310483870967742,89.02272446067067,0.0,-1.0,0.09,follow,1
1786510228.0446904,12.305819044348747,0.6431451612903225,87.2474214218615,0.0,-1.0,0.09,follow,1
1786510228.1241963,12.384769126815499,0.655241935483871,85.44167324449424,0.0,-1.0,0.09,follow,1
1786510228.2061484,12.42166851807616,0.6673387096774193,82.46855278327962,0.0,-1.0,0.09,follow,1
1786510228.2779083,12.352557684040889,0.49193548387096775,83.20558108451213,0.0,-1.0,0.09,follow,1
1786510228.360533,12.71425765338195,0.8306451612903225,75.80227104679477,0.0,-1.0,0.09,follow,1
1786510228.4501245,12.56892981638737,0.8608870967741936,74.21170178011488,0.0,-1.0,0.09,follow,1
1786510228.5361717,12.291486541846844,0.8608870967741936,73.64192901985814,0.0,-1.0,0.09,follow,1
1786510228.6207232,12.174065780093533,0.8971774193548387,72.82783591824233,0.0,-1.0,0.09,follow,1
1786510228.6963212,12.105090119898168,0.5342741935483871,78.26544771469993,0.0,-1.0,0.09,follow,1
1786510228.7892203,12.265359281619162,0.939516129032258,70.80877922124193,0.0,-1.0,0.09,follow,1
1786510228.8652992,12.009651067945022,0.5463709677419355,81.61130226558703,0.0,-1.0,0.09306146497927584,follow,1
1786510228.9366708,12.217113781704342,0.5524193548387096,81.61479961215201,0.0,-1.0,0.09556556169967642,follow,1
1786510229.0356393,12.578053575874055,0.9939516129032258,68.8591537567853,0.0,-1.0,0.09,follow,1
1786510229.1111503,12.091894382962996,0.5161290322580645,85.26745335049169,0.0,-1.0,0.09361130507314934,follow,1
1786510229.1783519,12.293555350102011,0.5100806451612904,93.37709482803221,0.0,-1.0,0.09,follow,1
1786510229.246823,12.83714805283643,0.49193548387096775,85.01610740030254,0.0,-1.0,0.09230846732213129,follow,1
1786510229.3205914,13.195728499117932,0.467741935483871,104.87919968840941,0.0,-1.0,0.09,follow,1
1786510229.3916373,13.246867945577316,0.45564516129032256,113.98308823529504,0.0,-0.8824351220963976,0.09,follow,1
1786510229.4789817,13.405437358924848,0.7883064516129032,85.98308823529504,0.0,-1.0,0.09,follow,1
1786510229.5616038,13.025962343892292,0.685483870967742,71.16665387859678,0.0,-1.0,0.09,follow,1
1786510229.6509516,12.843849250625825,0.8245967741935484,70.24889580620203,0.0,-1.0,0.09,follow,1
1786510229.736466,12.520829800702707,0.8487903225806451,69.66181266348798,0.0,-1.0,0.09,follow,1
1786510229.8255737,12.351156237702536,0.8608870967741936,69.55233680535383,0.0,-1.0,0.09,follow,1
1786510229.9166014,12.120855054162769,0.8850806451612904,69.55692796571094,0.0,-1.0,0.09,follow,1
1786510229.9951453,11.89077574273902,0.5282258064516129,74.53629355534997,0.0,-1.0,0.09,follow,1
1786510230.0682743,12.05715455039276,0.5403225806451613,71.82918452302133,0.0,-1.0,0.09,follow,1
1786510230.143309,12.386226656627887,0.5584677419354839,71.36735962309493,0.0,-1.0,0.09,follow,1
1786510230.2149932,12.588719002026966,0.564516129032258,74.40922835026623,0.0,-1.0,0.09,follow,1
1786510230.2864192,12.846130496190307,0.5524193548387096,80.02237602733314,0.0,-1.0,0.098,follow,1
1786510230.383941,13.096732707764128,0.9879032258064516,66.58977555338805,0.0,-1.0,0.09,follow,1
1786510230.4576237,12.521397720808606,0.5282258064516129,82.4298121128021,0.0,-1.0,0.098,follow,1
1786510230.527671,12.737035197405405,0.5040322580645161,89.84447260056898,0.0,-1.0,0.09,follow,1
1786510230.6185522,13.011534953370596,0.9818548387096775,66.42236741666963,0.0,-1.0,0.09,follow,1
1786510230.6917014,12.634706752759406,0.467741935483871,94.42236741666963,0.0,-1.0,0.09,follow,1
1786510230.7734003,12.81869011976496,0.7762096774193549,69.15777907836838,0.0,-1.0,0.09,follow,1
1786510230.8581457,12.721689802880022,0.7883064516129032,68.36938791545538,0.0,-1.0,0.09,follow,1
1786510230.9439657,12.527131128133444,0.8004032258064516,68.5571557584982,0.0,-1.0,0.09,follow,1
1786510231.0321982,12.353448608430353,0.8487903225806451,67.70505974813744,0.0,-1.0,0.09,follow,1
1786510231.1225882,12.148733631980386,0.8608870967741936,66.96307243745503,0.0,-1.0,0.09,follow,1
1786510231.2116394,11.938980845883174,0.8790322580645161,66.76763752959863,0.0,-1.0,0.09,follow,1
1786510231.3066044,11.768951503944997,0.8971774193548387,66.65716849477275,0.0,-1.0,0.09,follow,1
1786510231.3850675,11.537488362894596,0.5524193548387096,68.67783036291479,0.0,-1.0,0.09,follow,1
1786510231.4755273,11.793350340221485,0.8911290322580645,66.71409510374411,0.0,-1.0,0.09,follow,1
1786510231.5693178,11.641671167427214,0.969758064516129,64.9270002483089,0.0,-1.0,0.09,follow,1
1786510231.6516309,11.439204266553201,0.5705645161290323,75.28730703259028,0.0,-1.0,0.09231343272544833,follow,1
1786510231.7331114,11.571705859030901,0.5524193548387096,75.75929541047128,0.0,-1.0,0.09218454076935151,follow,1
1786510231.8259451,11.734303335704029,0.5584677419354839,73.1563635033113,0.0,-1.0,0.09,follow,1
1786510231.921455,11.504896655440652,0.939516129032258,66.13375589801748,0.0,-1.0,0.09,follow,1
1786510231.9976146,11.325641713414583,0.5100806451612904,85.56593689917733,0.0,-1.0,0.09,follow,1
1786510232.0750203,11.695466479578286,0.48588709677419356,82.20551949698263,0.0,-1.0,0.09318713552236384,follow,1
1786510232.1605647,11.938759206332628,0.4616935483870968,99.49822159822126,0.0,-1.0,0.09,follow,1
1786510232.2336724,11.888052947303175,0.4495967741935484,94.1241636684028,0.0,-1.0,0.09,follow,1
1786510232.3154783,12.247887905594736,0.4314516129032258,120.2559371523933,0.0,-0.8475768835231828,0.09,follow,1
1786510232.4034326,12.243448932901249,0.7338709677419355,92.2559371523933,0.0,-1.0,0.09,follow,1
1786510232.4927194,12.063276051670288,0.752016129032258,67.87357711230251,0.0,-1.0,0.09,follow,1
1786510232.5805113,11.887655313904807,0.7762096774193549,67.75756622117927,0.0,-1.0,0.09,follow,1
1786510232.6711862,11.789525688972574,0.7580645161290323,68.02952669938946,0.0,-1.0,0.09,follow,1
1786510232.7606876,11.646466990223175,0.7883064516129032,68.08781877427734,0.8020089285714286,-0.55,0.16,avoid:obstacle,1
1786510232.850028,11.468060225293534,0.8064516129032258,68.00785083362818,0.0,-0.55,0.16,avoid:obstacle,1
1786510232.9337108,11.465199841944765,0.564516129032258,71.20255271920136,0.0,-0.55,0.16,avoid:obstacle,1
1786510233.010475,11.587964696818998,0.6129032258064516,66.70281498908548,0.0,-0.11569192983124554,0.16,avoid:obstacle,1
1786510233.104416,11.838026771016153,0.9213709677419355,68.4982991750365,0.0,0.5243080701687545,0.16,avoid:obstacle,1
1786510233.1964893,11.632596809155224,0.5705645161290323,78.89382211080338,0.0,0.55,0.16,avoid:obstacle,1
1786510233.2734385,11.472880573836314,0.5524193548387096,75.44675778003443,0.0,0.55,0.16,avoid:obstacle,1
1786510233.3538013,11.732640453994392,0.5524193548387096,75.30953504478678,0.0,0.55,0.16,avoid:obstacle,1
1786510233.4381115,11.882969132633104,0.5161290322580645,83.30359101633127,0.0,0.55,0.16,avoid:obstacle,1
1786510233.5155425,11.921019505016304,0.49798387096774194,82.60955507906742,0.0,0.55,0.16,avoid:obstacle,1
1786510233.5926251,12.123765010800271,0.4798387096774194,86.72216599190241,0.0,0.55,0.16,avoid:obstacle,1
1786510233.6652992,12.241330650271166,0.4616935483870968,114.13497133496503,0.0,0.55,0.16,avoid:obstacle,1
1786510233.7391968,12.543620201231576,0.4375,91.17000581454285,0.0,0.55,0.16,avoid:obstacle,1
1786510233.8236032,12.797371895064606,0.407258064516129,119.17000581454285,0.0,0.55,0.16,avoid:obstacle,1
1786510233.913236,12.606412767016062,0.6612903225806451,91.17000581454285,0.0,0.55,0.16,avoid:obstacle,1
1786510234.0003648,12.290174479499177,0.6915322580645161,71.81925056447528,0.0,0.55,0.16,avoid:obstacle,1
1786510234.0916595,12.144105088241307,0.7338709677419355,70.84134640123185,0.0,0.55,0.16,avoid:obstacle,1
1786510234.1756334,11.91592565223869,0.5826612903225806,69.48147634667026,0.0,0.55,0.16,avoid:obstacle,1
1786510234.2687907,11.916146477310178,0.7883064516129032,66.90556793071319,0.0,0.55,0.16,avoid:obstacle,1
1786510234.3526852,11.670158783452383,0.564516129032258,71.02679003386541,0.0,0.55,0.16,avoid:obstacle,1
1786510234.4331386,11.736864456481783,0.5584677419354839,62.41337707797168,0.0,0.55,0.16,avoid:obstacle,1
1786510234.5149505,11.866570810333165,0.5100806451612904,66.5807176374399,0.0,0.55,0.16,avoid:obstacle,1
1786510234.6099834,11.944496673604641,0.9213709677419355,51.28084437313545,0.0,0.55,0.16,avoid:obstacle,1
1786510234.682863,11.654866640963473,0.4616935483870968,72.33534573534058,0.0,0.7200000000000001,0.125,follow,1
1786510234.7490435,12.069579321806547,0.45564516129032256,52.06021772345285,0.0,0.08000000000000007,0.0,neutral:white,1
1786510234.8169093,12.67503293913105,0.38906682027649764,80.06021772345285,0.0,-0.5599999999999999,0.0,neutral:white,1
1786510234.9006164,13.09910984620552,0.8608870967741936,52.06021772345285,0.0,-1.0,-0.11,reverse:white,1
1786510234.9928083,12.844852821186961,0.8971774193548387,30.628847246228617,0.0,-1.0,-0.11,reverse:white,1
1786510235.0828662,12.432204143665246,0.969758064516129,26.2242740808543,0.0,-1.0,-0.11,reverse:white,1
1786510235.1886933,12.196806037310225,1.0,22.103018591641558,0.0,-1.0,0.11,avoid:white,1
1786510235.2918487,11.624580379067016,1.0,17.910420331406527,0.0,-1.0,0.11,avoid:white,1
1786510235.393922,11.261973850928857,1.0,14.920291140686551,0.0,-1.0,0.11,avoid:white,1
1786510235.4882424,10.96887688290943,1.0,12.004546680866795,0.0,-1.0,0.11,avoid:white,1
1786510235.5864522,10.896970117612591,1.0,8.753839866818247,0.0,-1.0,0.11,avoid:white,1
1786510235.6780844,10.738169333807575,0.8487903225806451,4.668694728088418,0.0,-1.0,0.11,avoid:white,1
1786510235.7874527,10.792206654360246,1.0,4.396245498114144,0.0,-1.0,0.11,avoid:white,1
1786510235.8834848,10.45857420053806,0.8064516129032258,2.2123949541252834,0.0,-1.0,0.11,avoid:white,1
1786510236.0056033,10.456867941687587,1.0,2.8496043683909136,0.0,-1.0,0.11,avoid:white,1
1786510236.101324,10.001093469052556,1.0,2.895567085608196,0.0,-1.0,0.11,avoid:white,1
1786510236.1985762,10.084699761035468,1.0,2.806051347203102,0.0,-1.0,0.11,avoid:white,1
1786510236.2936728,10.132034702699965,1.0,3.3082382088639584,0.0,-1.0,0.11,avoid:white,1
1786510236.3858263,10.164334735451236,1.0,3.246599317876562,0.0,-1.0,0.11,avoid:white,1
1786510236.4801404,10.321201611115104,1.0,3.217387686400148,0.0,-1.0,0.11,avoid:white,1
1786510236.569619,10.408678341885174,1.0,3.2497531973386096,0.0,-1.0,0.11,avoid:white,1
1786510236.6621413,10.548738755243203,1.0,3.1544290633977177,0.0,-1.0,0.11,avoid:white,1
1786510236.754883,10.612564426826424,1.0,3.0029033824258775,0.0,-1.0,0.11,avoid:white,1
1786510236.8492038,10.644718212262424,1.0,2.9396226044144917,0.0,-1.0,0.11,avoid:white,1
1786510236.9382331,10.639127419973534,0.9153225806451613,2.5795444079847663,0.0,-1.0,0.11,avoid:white,1
1786510237.029684,10.746895966452843,1.0,3.2348970476325896,0.0,-1.0,0.11,avoid:white,1
1786510237.1206162,10.75955825835611,1.0,3.4652070158112274,0.0,-1.0,0.11,avoid:white,1
1786510237.215529,10.843631164789905,1.0,2.8286582823092274,0.0,-1.0,0.11,avoid:white,1
1786510237.3040586,10.763022337904065,1.0,2.7990219543519217,0.0,-1.0,0.11,avoid:white,1
1786510237.397156,10.867218210624833,1.0,2.826936823427335,0.0,-1.0,0.11,avoid:white,1
1786510237.488595,10.857808186937971,1.0,2.851697529283241,0.0,-1.0,0.11,avoid:white,1
1786510237.576826,10.860552267908098,1.0,2.8545956953624163,0.0,-1.0,0.11,avoid:white,1
1786510237.6673782,10.96331411067228,1.0,2.7366325598792844,0.0,-1.0,0.11,avoid:white,1
1786510237.761331,10.97076205532167,1.0,2.9985319475896386,0.0,-1.0,0.11,avoid:white,1
1786510237.8498025,10.886003928732341,0.8487903225806451,2.4003956848451504,0.0,-1.0,0.11,avoid:white,1
1786510237.9383755,10.998776150381286,1.0,2.854296412310667,0.0,-1.0,0.11,avoid:white,1
1786510238.0306933,11.060082911738233,1.0,2.6535610677388135,0.0,-1.0,0.11,avoid:white,1
1786510238.1251333,11.005594913186084,1.0,3.361692924673454,0.0,-1.0,0.11,avoid:white,1
1786510238.2126305,10.93011025039287,0.9092741935483871,3.196750259804367,0.0,-1.0,0.11,avoid:white,1
1786510238.3004937,11.007499836592672,0.9092741935483871,3.560955897944671,0.0,-1.0,0.11,avoid:white,1
1786510238.3866093,11.118866335018824,0.8185483870967742,31.56095589794467,0.0,-1.0,0.11,avoid:white,1
1786510238.4768817,11.207136534803752,0.9213709677419355,3.832360384317021,0.0,-1.0,0.11,avoid:white,1
1786510238.5595615,11.188698924909131,0.6612903225806451,31.83236038431702,0.0,-1.0,0.11,avoid:white,1
1786510238.652797,11.343016562024287,1.0,3.8323603843170204,0.0,-1.0,0.11,avoid:white,1
1786510238.7362616,11.231705481997373,0.8185483870967742,31.83236038431702,0.0,-1.0,0.11,avoid:white,1
1786510238.8365974,11.368400589852904,1.0,3.8323603843170204,0.0,-1.0,0.11,avoid:white,1
1786510238.9256973,11.068032823386133,0.7459677419354839,31.83236038431702,0.0,-1.0,0.11,avoid:white,1
1786510239.0105426,11.116584496790535,0.8245967741935484,59.83236038431702,0.0,-1.0,0.11,avoid:white,1
1786510239.1022744,11.240854701044643,0.7399193548387096,87.83236038431701,0.0,-1.0,0.11,avoid:white,1
1786510239.194591,11.201093728285521,0.8245967741935484,59.83236038431701,0.0,-1.0,0.11,avoid:white,1
1786510239.2800245,11.130489030203863,0.8366935483870968,31.832360384317013,0.0,-1.0,0.11,avoid:white,1
1786510239.3631094,11.24160607928388,0.782258064516129,59.83236038431701,0.0,-1.0,0.11,avoid:white,1
1786510239.4517193,11.410123587855544,1.0,31.832360384317013,0.0,-1.0,0.11,avoid:white,1
1786510239.5338101,11.382100080262223,0.782258064516129,59.83236038431701,0.0,-1.0,0.11,avoid:white,1
1786510239.619563,11.507802146895237,0.782258064516129,87.83236038431701,0.0,-1.0,0.11,avoid:white,1
1786510239.7054305,11.540758257755307,0.782258064516129,115.83236038431701,0.0,-1.0,0.11,avoid:white,1
1786510239.7932074,11.574115516929334,0.782258064516129,120.65010079348718,0.0,-1.0,0.11,avoid:white,1
1786510239.8842847,11.547998783955073,1.0,92.65010079348718,0.0,-1.0,0.11,avoid:white,1
1786510239.9765074,11.445795930301907,1.0,64.65010079348718,0.0,-1.0,0.11,avoid:white,1
1786510240.0670102,11.320521592676766,0.8911290322580645,36.650100793487184,0.0,-1.0,0.11,avoid:white,1
1786510240.1638653,11.270060938471914,1.0,8.650100793487184,0.0,-1.0,0.11,avoid:white,1
1786510240.2609162,11.076600622614631,0.8790322580645161,1.99376186416624,0.0,-1.0,0.11,avoid:white,1
1786510240.3470776,10.91612945102961,0.7762096774193549,29.99376186416624,0.0,-1.0,0.11,avoid:white,1
1786510240.4355497,11.064136243701293,0.7762096774193549,57.99376186416624,0.0,-1.0,0.11,avoid:white,1
1786510240.524341,11.085717931783623,0.7762096774193549,85.99376186416623,0.0,-1.0,0.11,avoid:white,1
1786510240.6081374,11.135991481821023,0.7762096774193549,113.99376186416623,0.0,-1.0,0.11,avoid:white,1
1786510240.692405,11.309823352254302,0.7762096774193549,116.87400977872946,0.0,-1.0,0.11,avoid:white,1
1786510240.7796247,11.419617223119381,0.8669354838709677,88.87400977872946,0.0,-1.0,0.11,avoid:white,1
1786510240.863802,11.421749979843845,0.782258064516129,116.71683086394054,0.0,-1.0,0.11,avoid:white,1
1786510240.9477723,11.522389925648401,0.782258064516129,116.26466420328083,0.0,-1.0,0.11,avoid:white,1
1786510241.0315242,11.56826076519138,0.782258064516129,115.73951615644651,0.0,-1.0,0.11,avoid:white,1
1786510241.1150324,11.652232614720988,0.782258064516129,115.41089395959904,0.0,-1.0,0.11,avoid:white,1
1786510241.2008822,11.732160594320922,0.782258064516129,114.61893150302289,0.0,-1.0,0.11,avoid:white,1
1786510241.283024,11.702446243309714,0.782258064516129,114.56405987239648,0.0,-1.0,0.11,avoid:white,1
1786510241.3684514,11.813624274277242,0.782258064516129,114.19154684214537,0.0,-1.0,0.11,avoid:white,1
1786510241.4525814,11.790000684082628,0.7762096774193549,113.8896669678321,0.0,-1.0,0.11,avoid:white,1
1786510241.5394146,11.820037009961666,0.7762096774193549,113.895556895282,0.0,-1.0,0.11,avoid:white,1
1786510241.632479,11.708668867707882,0.7762096774193549,113.73633717858506,0.0,-1.0,0.11,avoid:white,1
1786510241.7169318,11.560041826345604,0.7762096774193549,113.40985720171719,0.0,-1.0,0.11,avoid:white,1
1786510241.8020926,11.616998764784242,0.7762096774193549,113.12044125513081,0.0,-1.0,0.11,avoid:white,1
1786510241.8924174,11.632885525233267,0.7762096774193549,112.79832292087318,0.0,-1.0,0.11,avoid:white,1
1786510241.9818869,11.485227245464932,0.7762096774193549,112.72529453732878,0.0,-1.0,0.11,avoid:white,1
1786510242.0629225,11.45726705832036,0.7762096774193549,112.59647812564255,0.0,-1.0,0.11,avoid:white,1
1786510242.1399736,11.62974665685545,0.7762096774193549,112.42728759441457,0.0,-1.0,0.11,avoid:white,1
1786510242.2253053,11.91542460877218,0.7701612903225807,111.62019756506531,0.0,-1.0,0.11,avoid:white,1
1786510242.3109596,11.852094505633906,0.7701612903225807,111.43690311292565,0.0,-1.0,0.11,avoid:white,1
1786510242.3924015,11.83461531385252,0.7701612903225807,111.61964168549979,0.0,-1.0,0.11,avoid:white,1
1786510242.4771295,11.929368081708411,0.7701612903225807,111.78260552598971,0.0,-1.0,0.11,avoid:white,1
1786510242.5654953,11.896268373445418,0.7701612903225807,111.7499726616608,0.0,-1.0,0.11,avoid:white,1
1786510242.6483686,11.793331282989953,0.7701612903225807,111.76595647736393,0.0,-1.0,0.11,avoid:white,1
1786510242.7339275,11.830748072770756,0.7701612903225807,111.85655573376116,0.0,-1.0,0.11,avoid:white,1
1786510242.8153138,11.80454070493298,0.7701612903225807,112.09431727054016,0.0,-1.0,0.11,avoid:white,1
1786510242.8956087,11.896822269891903,0.7641129032258064,111.48163409942303,0.0,-1.0,0.11,avoid:white,1
1786510242.9852917,12.018727022428184,0.7641129032258064,111.4539941277717,0.0,-1.0,0.11,avoid:white,1
1786510243.067533,11.8415624463621,0.7641129032258064,111.42380277412181,0.0,-1.0,0.11,avoid:white,1
1786510243.147867,11.905860265937338,0.7641129032258064,110.98709122203107,0.0,-1.0,0.11,avoid:white,1
1786510243.236906,11.984314220463162,0.7641129032258064,110.869464412271,0.0,-1.0,0.11,avoid:white,1
1786510243.3174822,11.86514653518498,0.7701612903225807,110.06183932346725,0.0,-1.0,0.11,avoid:white,1
1786510243.4041777,11.967334701056412,0.7641129032258064,110.57370659107019,0.0,-1.0,0.11,avoid:white,1
1786510243.490685,11.880462927685034,0.7701612903225807,109.99835058686298,0.0,-1.0,0.11,avoid:white,1
1786510243.5739975,11.822509083512191,0.7701612903225807,110.395130130495,0.0,-1.0,0.11,avoid:white,1
1786510243.6587822,11.853009787483169,0.7580645161290323,110.64924238869807,0.0,-1.0,0.11,avoid:white,1
1786510243.7405422,11.836110498501878,0.7701612903225807,110.54866224393095,0.0,-1.0,0.11,avoid:white,1
1786510243.8247275,11.929758079253249,0.7701612903225807,110.5992928482904,0.0,-1.0,0.11,avoid:white,1
1786510243.9098778,11.907752001030188,0.752016129032258,111.10063496453527,0.0,-1.0,0.11,avoid:white,1
1786510243.9959211,11.835557275227426,0.782258064516129,110.59068751725282,0.0,-1.0,0.11,avoid:white,1
1786510244.081305,11.829482909511354,0.7701612903225807,111.16704636582335,0.0,-1.0,0.11,avoid:white,1
1786510244.16489,11.807905649217313,0.7701612903225807,111.06052708318143,0.0,-1.0,0.11,avoid:white,1
1786510244.2495215,11.815943295810431,0.7641129032258064,111.53087982180828,0.0,-1.0,0.11,avoid:white,1
1786510244.3362157,11.854429007173511,0.7641129032258064,111.6478687860687,0.0,-1.0,0.11,avoid:white,1
1786510244.4257078,11.786052732744619,0.7701612903225807,112.36337209302327,0.0,-1.0,0.11,avoid:white,1
1786510244.5086462,11.668189668998343,0.7701612903225807,112.48708719107682,0.0,-1.0,0.11,avoid:white,1
1786510244.5913444,11.729012151028524,0.7701612903225807,112.75091127797623,0.0,-1.0,0.11,avoid:white,1
1786510244.6774278,11.800476002476994,0.7217741935483871,113.68314946213009,0.0,-1.0,0.11,avoid:white,1
1786510244.7618887,11.7805283915756,0.7217741935483871,114.16386120541684,0.0,-1.0,0.11,avoid:white,1
1786510244.8423843,11.771991134168404,0.7217741935483871,114.15406079596613,0.0,-1.0,0.11,avoid:white,1
1786510244.9240294,11.893662683385669,0.7217741935483871,114.12647720367572,0.0,-1.0,0.11,avoid:white,1
1786510245.0121567,11.971197081514752,0.7278225806451613,114.5429108514549,0.0,-1.0,0.11,avoid:white,1
1786510245.0964496,11.858424407406776,0.7278225806451613,114.55746240398118,0.0,-1.0,0.11,avoid:white,1
1786510245.1825233,11.854926084458388,0.7338709677419355,114.95508935458946,0.0,-1.0,0.11,avoid:white,1
1786510245.265289,11.809704970620878,0.7338709677419355,115.57444190901654,0.0,-1.0,0.11,avoid:white,1
1786510245.3458614,11.86054202006526,0.7338709677419355,116.23819199257782,0.0,-1.0,0.11,avoid:white,1
1786510245.428307,11.971498739446211,0.7338709677419355,116.98654124325228,0.0,-1.0,0.11,avoid:white,1
1786510245.5107968,12.01124486747578,0.6915322580645161,117.93987090505502,0.0,-1.0,0.11,avoid:white,1
1786510245.5960212,12.038627919408585,0.6370967741935484,118.31665750244356,0.0,-1.0,0.11,avoid:white,1
1786510245.6754837,11.9643506261881,0.6370967741935484,117.60261846688245,0.0,-1.0,0.11,avoid:white,1
1786510245.7708673,12.090493729420533,0.6370967741935484,119.02148030061335,0.0,-1.0,0.11,avoid:white,1
1786510245.8503087,11.765570756405298,0.6370967741935484,119.04113188558749,0.0,-1.0,0.11,avoid:white,1
1786510245.9339588,11.930728112927598,0.6431451612903225,119.23993254879433,0.0,-1.0,0.11,avoid:white,1
1786510246.0229533,11.819119260452148,0.7641129032258064,119.66337956869504,0.0,-1.0,0.11,avoid:white,1
1786510246.1060462,11.828926155728468,0.7641129032258064,119.8589146501975,0.0,-1.0,0.11,avoid:white,1
1786510246.1866832,11.836674825327442,0.7641129032258064,120.29265971448821,0.0,-1.0,0.11,avoid:white,1
1786510246.2660763,11.944882857007332,0.7217741935483871,121.59671087573304,0.0,-1.0,0.11,avoid:white,1
1786510246.3451138,12.101629543722826,0.7217741935483871,121.94380827367158,0.0,-1.0,0.11,avoid:white,1
1786510246.425139,12.232449224989328,0.7217741935483871,121.58843858506577,0.0,-1.0,0.11,avoid:white,1
1786510246.5069437,12.23578568179469,0.7217741935483871,121.7055261527279,0.0,-1.0,0.11,avoid:white,1
1786510246.5857646,12.26874437180724,0.7217741935483871,121.93416489406656,0.0,-1.0,0.11,avoid:white,1
1786510246.6667228,12.349390853951009,0.7217741935483871,121.97864323384799,0.0,-1.0,0.11,avoid:white,1
1786510246.7454991,12.318456261083833,0.7217741935483871,121.91195259603806,0.0,-1.0,0.11,avoid:white,1
1786510246.8277507,12.446281632560908,0.7278225806451613,122.37458641920637,0.0,-1.0,0.11,avoid:white,1
1786510246.906885,12.386322228517804,0.7278225806451613,122.45625165973242,0.0,-1.0,0.11,avoid:white,1
1786510246.9835293,12.427238480865979,0.685483870967742,123.08003621506907,0.0,-1.0,0.11,avoid:white,1
1786510247.0614269,12.550458660234707,0.685483870967742,124.12156947609391,0.0,-1.0,0.11,avoid:white,1
1786510247.1533928,12.603952469671325,0.685483870967742,125.07887988799152,0.0,-1.0,0.11,avoid:white,1
1786510247.2312653,12.270130914755278,0.6915322580645161,125.69891433011232,0.0,-1.0,0.11,avoid:white,1
1786510247.3126428,12.351756920749535,0.6975806451612904,127.06812681462996,0.0,-1.0,0.11,avoid:white,1
1786510247.3967304,12.355492322717286,0.7641129032258064,127.69702338766844,0.0,-1.0,0.11,avoid:white,1
1786510247.4807696,12.272362004256811,0.7641129032258064,128.06647767540758,0.0,-1.0,0.11,avoid:white,1
1786510247.5642312,12.184823704431633,0.7641129032258064,128.2056899868382,0.0,-1.0,0.11,avoid:white,1
1786510247.6487098,12.157896103055686,0.7217741935483871,129.77117344680624,0.0,-1.0,0.11,avoid:white,1
1786510247.7309742,12.077867545507482,0.7217741935483871,130.08071450534803,0.0,-1.0,0.11,avoid:white,1
1786510247.8111053,12.111117333353771,0.7217741935483871,130.3288792736244,0.0,-1.0,0.11,avoid:white,1
1786510247.8979394,12.16589804110401,0.7217741935483871,130.5392963548776,0.0,-1.0,0.11,avoid:white,1
1786510247.9802737,12.054215073903618,0.7217741935483871,130.7642114714067,0.0,-1.0,0.11,avoid:white,1
1786510248.0685525,12.034546197117091,0.7217741935483871,130.86212222154927,0.0,-1.0,0.11,avoid:white,1
1786510248.1528783,11.920055690539932,0.6794354838709677,132.41823384220348,0.0,-1.0,0.11,avoid:white,1
1786510248.2377775,11.91466998641178,0.685483870967742,132.33691736063687,0.0,-1.0,0.11,avoid:white,1
1786510248.3209996,11.829654427763344,0.0,132.24586279555658,0.0,-1.0,0.11,avoid:white,1
1786510248.399417,11.915273439025373,0.685483870967742,132.43803883712,0.0,-1.0,0.11,avoid:white,1
1786510248.4909708,12.08281697680373,0.0,132.6094025121977,0.0,-1.0,0.11,avoid:white,1
1786510248.5790486,11.836318839758139,0.0,133.9750458446096,0.0,-1.0,0.11,avoid:white,1
1786510248.661584,11.762918550018206,0.0,135.2447301812292,0.0,-1.0,0.11,avoid:white,1
1786510248.7487957,11.841154206994585,0.0,135.78169484661345,0.0,-1.0,0.11,avoid:white,1
1786510248.8303578,11.747367171402525,0.0,136.40205527994337,0.0,-1.0,0.11,avoid:white,1
1786510248.9124067,11.83451434171677,0.0,137.6995533197648,0.0,-1.0,0.11,avoid:white,1
1786510248.9930596,11.919238061418794,0.0,138.16576411596398,0.0,-1.0,0.11,avoid:white,1
1786510249.0748336,12.023486619527327,0.0,138.3335515666878,0.0,-1.0,0.11,avoid:white,1
1786510249.1576762,12.044366551782392,0.0,139.17622721863214,0.0,-1.0,0.11,avoid:white,1
1786510249.2384973,12.084012061993878,0.0,139.5989498195194,0.0,-1.0,0.11,avoid:white,1
1786510249.3203971,12.117623773864501,0.0,140.51298940024037,0.0,-1.0,0.11,avoid:white,1
1786510249.4015887,12.159940183789882,0.0,141.41329839148443,0.0,-1.0,0.11,avoid:white,1
1786510249.4895136,12.138597508731824,0.0,142.73698705001965,0.0,-1.0,0.11,avoid:white,1
1786510249.5735831,12.027105264681332,0.0,144.1176089683596,0.0,-1.0,0.11,avoid:white,1
1786510249.6579664,12.00649049644133,0.0,145.9663425348802,0.0,-1.0,0.11,avoid:white,1
1786510249.7475939,11.975443011932253,0.9455645161290323,26.112628392550207,0.0,-1.0,0.11,avoid:white,1
1786510249.8401575,11.780157630539552,0.939516129032258,26.867787711872992,0.0,-1.0,0.11,avoid:white,1
1786510249.933473,11.605138913564769,0.0,148.1272867427928,0.0,-1.0,0.11,avoid:white,1
1786510250.0298204,11.377778785923852,0.9334677419354839,28.4028242323361,0.0,-1.0,0.11,avoid:white,1
1786510250.1202211,11.236442672184221,0.9334677419354839,28.8733097308384,0.0,-1.0,0.11,avoid:white,1
1786510250.2096,11.167719412660233,0.9274193548387096,29.683646128132665,0.0,-1.0,0.11,avoid:white,1
1786510250.2996085,11.198699077367609,0.9153225806451613,30.64567464521589,0.0,-1.0,0.11,avoid:white,1
1786510250.3939395,11.150202538814007,0.9153225806451613,31.79738688557496,0.0,-1.0,0.11,avoid:white,1
1786510250.4923916,11.063037870502647,0.969758064516129,32.36170796483496,0.0,-1.0,0.11,avoid:white,1
1786510250.5939584,10.894412480196443,0.9818548387096775,32.784667951001396,0.0,-1.0,0.11,avoid:white,1
1786510250.6887414,10.674085269951734,0.9758064516129032,33.589762102682975,0.0,-1.0,0.11,avoid:white,1
1786510250.7846088,10.620469596950556,0.9637096774193549,34.335830531016526,0.0,-1.0,0.11,avoid:white,1
1786510250.8800488,10.58979793235002,0.9758064516129032,35.14062578628525,0.0,-1.0,0.11,avoid:white,1
1786510250.9778552,10.596117988049532,0.969758064516129,35.61181323435019,0.0,-1.0,0.11,avoid:white,1
1786510251.071629,10.504138791494189,0.9637096774193549,36.66443207009008,0.0,-1.0,0.11,avoid:white,1
1786510251.165621,10.555684202184297,0.9818548387096775,37.024280370496406,0.0,-1.0,0.11,avoid:white,1
1786510251.2621062,10.561820383115927,0.9455645161290323,37.893687758965285,0.0,-1.0,0.11,avoid:white,1
1786510251.3542578,10.522198467158283,0.0,164.65927455289042,0.0,-1.0,0.11,avoid:white,1
1786510251.4441817,10.603211697540718,0.9032258064516129,40.14797494102573,0.0,-1.0,0.11,avoid:white,1
1786510251.5445154,10.693118969519933,0.9939516129032258,41.294197656581176,0.0,-1.0,0.11,avoid:white,1
1786510251.6395476,10.551647874961878,0.9879032258064516,42.589651582715355,0.0,-1.0,0.11,avoid:white,1
1786510251.7253962,10.551252719402164,0.0,168.17239477728438,0.0,-1.0,0.11,avoid:white,1
1786510251.8138843,10.761058330166303,0.0,169.38137727627674,0.0,-1.0,0.11,avoid:white,1
1786510251.9125326,10.867025924903997,1.0,45.40206658350483,0.0,-1.0,0.11,avoid:white,1
1786510252.0054579,10.721284768564727,0.8185483870967742,46.387532707249335,0.0,-1.0,0.11,avoid:white,1
1786510252.0989852,10.732320929708216,0.842741935483871,47.36260037520162,0.0,-1.0,0.11,avoid:white,1
1786510252.1865716,10.732392082251883,0.9092741935483871,48.739316168373875,0.0,-1.0,0.11,avoid:white,1
1786510252.2752926,10.860502974204536,0.939516129032258,51.264822502581964,0.0,-1.0,0.11,avoid:white,1
1786510252.3645928,10.931868480642358,0.8366935483870968,51.51542201500537,0.0,-1.0,0.11,avoid:white,1
1786510252.4613972,10.946510998101598,1.0,52.85282786793117,0.0,-1.0,0.11,avoid:white,1
1786510252.5550976,10.864352881910229,1.0,54.07051440437648,0.0,-1.0,0.11,avoid:white,1
1786510252.663028,10.815558676137629,1.0,55.243624469106344,0.0,-1.0,0.11,avoid:white,1
1786510252.7573571,10.501548186172165,1.0,56.276121184705815,0.0,-1.0,0.11,avoid:white,1
1786510252.8522396,10.53874427064244,0.9032258064516129,57.75843121511307,0.0,-1.0,0.11,avoid:white,1
1786510252.9543376,10.549710003391816,0.9576612903225807,59.71742216880334,0.0,-1.0,0.11,avoid:white,1
1786510253.0485122,10.392802674856945,0.9879032258064516,60.986697083363396,0.0,-1.0,0.11,avoid:white,1
1786510253.148368,10.441632305291616,1.0,61.80113054685958,0.0,-1.0,0.11,avoid:white,1
1786510253.240141,10.352908783077595,0.752016129032258,63.72690570987924,0.0,-1.0,0.11,avoid:white,1
1786510253.3334963,10.463484761643276,0.7762096774193549,65.15505138788657,0.0,-1.0,0.11,avoid:white,1
1786510253.4348733,10.50915651625698,1.0,65.38319065922013,0.0,-1.0,0.11,avoid:white,1
1786510253.5260956,10.381054423258275,0.8185483870967742,66.89982331017774,0.0,-1.0,0.11,avoid:white,1
1786510253.6215267,10.49462605499794,0.8669354838709677,67.96297263276392,0.0,-1.0,0.11,avoid:white,1
1786510253.7163186,10.49247924462547,0.8185483870967742,70.25884367898045,0.0,-1.0,0.11,avoid:white,1
1786510253.816487,10.503019708359481,0.8669354838709677,71.2521970146099,0.0,-1.0,0.11,avoid:white,1
1786510253.9186192,10.408510140973034,0.8911290322580645,72.08086598935657,0.0,-1.0,0.11,avoid:white,1
1786510254.0145347,10.25691776153431,0.6129032258064516,73.65895046084077,0.0,-1.0,0.11,avoid:white,1
1786510254.1057367,10.318374479384754,0.6491935483870968,74.61186700700529,0.0,-1.0,0.11,avoid:white,1
1786510254.2042875,10.43881744286906,1.0,75.41774144535731,0.0,-1.0,0.11,avoid:white,1
1786510254.3039172,10.393045968145449,0.6068548387096775,79.12286337856486,0.0,-1.0,0.11,avoid:white,1
1786510254.3940814,10.316006505581436,0.6068548387096775,80.15064584889228,0.0,-1.0,0.11,avoid:white,1
1786510254.4939897,10.46533923184965,0.9516129032258064,81.04767878703892,0.0,-1.0,0.11,avoid:white,1
1786510254.5808506,10.362258843187014,0.5524193548387096,81.18103287468843,0.0,-1.0,0.11,avoid:white,1
1786510254.662575,10.61982604522035,0.5524193548387096,84.26044648628724,0.0,-1.0,0.11,avoid:white,1
1786510254.7380111,10.861800373123295,0.5100806451612904,81.5545152521876,0.0,-1.0,0.11,avoid:white,1
1786510254.8180203,11.42733081409717,0.49193548387096775,86.01678398623251,0.0,-1.0,0.11,avoid:white,1
1786510254.8984787,11.609997629975272,0.45564516129032256,85.36299656226092,0.0,-1.0,0.11,avoid:white,1
1786510254.9751773,11.816860484498852,0.3940207373271889,103.14774114774066,0.0,-1.0,0.11,avoid:white,1
1786510255.0674706,12.067022942178712,0.7701612903225807,93.13836434333155,0.0,-1.0,0.11,avoid:white,1
1786510255.149767,11.813695655995168,0.5463709677419355,96.48748499399767,0.0,-1.0,0.11,avoid:white,1
1786510255.2372353,11.873477931104366,0.5705645161290323,98.39991565962704,0.0,-1.0,0.11,avoid:white,1
1786510255.3348322,11.78737549769785,0.8064516129032258,99.16138405376262,0.0,-1.0,0.11,avoid:white,1
1786510255.4266932,11.479328358245507,0.5766129032258065,101.59437281795778,0.0,-1.0,0.11,avoid:white,1
1786510255.5027506,11.32884432301255,0.6189516129032258,104.2930678388646,0.0,-1.0,0.11,avoid:white,1
1786510255.5868669,11.74965072240371,0.8245967741935484,105.84259210312179,0.0,-1.0,0.11,avoid:white,1
1786510255.674696,11.778984163246548,0.6129032258064516,107.71019450310781,0.0,-1.0,0.11,avoid:white,1
1786510255.759468,11.69969285227939,0.6068548387096775,108.56278513541544,0.0,-1.0,0.11,avoid:white,1
1786510255.846959,11.716254799849775,0.5887096774193548,110.789972089314,0.0,-1.0,0.11,avoid:white,1
1786510255.9363077,11.654237443864634,0.5826612903225806,116.38416717895365,0.0,-0.7200000000000001,0.11110029955269149,follow,1
1786510256.027319,11.56229873961474,0.5524193548387096,116.20056007018223,0.0,-0.08000000000000007,0.1191002995526915,follow,1
1786510256.113995,11.423694191715565,0.5463709677419355,115.34929401547892,0.0,-0.014792025514265922,0.1237676933003848,follow,1
1786510256.1971338,11.477961173448687,0.5100806451612904,116.83745976088579,0.0,0.11337420688469271,0.11742018512250127,follow,1
1786510256.276451,11.561893519986242,0.5040322580645161,127.02343997465928,0.0,0.7533742068846927,0.09,follow,1
1786510256.3608365,11.796523068884165,0.48588709677419356,126.9488390681584,0.0,0.5209939904585392,0.098,follow,1
1786510256.441434,11.79589304226554,0.4495967741935484,110.9207302422434,0.0,-0.11900600954146079,0.09,follow,1
1786510256.5219615,11.916071247005593,0.40573732718894007,138.9207302422434,0.0,0.5209939904585392,0.09,follow,1
1786510256.6162755,12.043618434971117,0.7157258064516129,121.64337873984772,0.0,-0.11900600954146079,0.09,follow,1
1786510256.7139554,11.736606786843975,0.7338709677419355,122.21075345196417,0.0,0.12388418766453119,0.09,follow,1
1786510256.8095467,11.454062034732715,0.5524193548387096,127.37167466986776,0.0,0.45639278867855715,0.098,follow,1
1786510256.90031,11.2396265361302,0.5826612903225806,127.71399052233201,0.0,0.25990157942003217,0.10600000000000001,follow,1
1786510256.990452,11.20571504410047,0.752016129032258,126.43394428983264,0.0,0.09606063764061096,0.09,follow,1
1786510257.0843892,11.189470587971751,0.5887096774193548,129.59392260038814,0.0,0.3823150197726669,0.098,follow,1
1786510257.171464,11.071273493185195,0.6008064516129032,130.96908548402004,0.0,0.3483451358652409,0.10600000000000001,follow,1
1786510257.2588325,11.16361949458772,0.6431451612903225,132.2310862644817,0.0,0.38540719025411124,0.11400000000000002,follow,1
1786510257.3480315,11.210255079243261,0.6068548387096775,131.74601742064863,0.0,0.26773343558640217,0.12200000000000003,follow,1
1786510257.433061,11.216877986654406,0.6008064516129032,130.81478975053074,0.0,0.18738997204907204,0.10779891051014225,follow,1
1786510257.516175,11.32295385642855,0.6008064516129032,132.64474453228348,0.0,0.40346621750660067,0.11579891051014224,follow,1
1786510257.603413,11.426424080328779,0.5584677419354839,132.0822931785193,0.0,0.2842027396366555,0.12379891051014225,follow,1
1786510257.6879437,11.466879404897735,0.5524193548387096,129.71369009142074,0.0,0.07769029589371468,0.10996352818149441,follow,1
1786510257.7837572,11.547741841549794,0.7580645161290323,127.24877135103226,0.0,-0.0661478972908619,0.09927656465247524,follow,1
1786510257.8658814,11.324943511975771,0.5040322580645161,131.60294583465367,0.0,0.452635509496393,0.10727656465247523,follow,1
1786510257.9494069,11.480661915797928,0.49193548387096775,129.3141294841233,0.0,0.05496196993258817,0.1147052317821743,follow,1
1786510258.0285387,11.544328952519512,0.45564516129032256,147.13268716577534,0.0,0.6949619699325882,0.09,follow,1
1786510258.106507,11.823868630086151,0.4435483870967742,119.8088828273241,0.0,0.05496196993258817,0.09,follow,1
1786510258.1962602,12.023962982639183,0.3868778801843318,147.8088828273241,0.0,0.6949619699325882,0.09,follow,1
1786510258.271286,11.847641662732462,0.3405414746543779,151.72035573122588,0.0,1.0,0.09,follow,1
1786510258.3564544,12.13698754556189,0.5463709677419355,125.6166662409646,0.0,0.6949619699325883,0.098,follow,1
1786510258.455851,12.045133147790624,0.5584677419354839,123.53691136832097,0.0,0.054961969932588284,0.09,follow,1
1786510258.5498767,11.657977541908682,0.564516129032258,122.53450463397795,0.0,-0.2011812707233407,0.09,follow,1
1786510258.6296039,11.453880619717198,0.5826612903225806,121.54775654115306,0.0,-0.2406863460093926,0.09,follow,1
1786510258.7157867,11.633754471161044,0.6068548387096775,122.43035678896446,0.0,-0.11450803309868557,0.098,follow,1
1786510258.806492,11.65364237178199,0.625,121.6257397194731,0.0,-0.22175832481666546,0.10600000000000001,follow,1
1786510258.8938205,11.519860155305896,0.6008064516129032,122.06925774400948,0.0,-0.14113849360473002,0.11400000000000002,follow,1
1786510258.9816713,11.523179034321984,0.594758064516129,122.63827269811013,0.0,-0.0899793748873382,0.12200000000000003,follow,1
1786510259.0682442,11.479902160576799,0.5766129032258065,122.99696938281848,0.0,-0.05769728935369306,0.1283827133760946,follow,1
1786510259.1572163,11.513765383134073,0.5524193548387096,120.53309954751136,0.0,-0.30356141064989256,0.13638271337609462,follow,1
1786510259.2455533,11.458830610594452,0.5463709677419355,121.22900487854731,0.0,-0.10820023647923954,0.12953543333256407,follow,1
1786510259.331368,11.382299343072537,0.5342741935483871,125.67559563140733,0.0,0.3278264390709198,0.09453543333256406,follow,1
1786510259.409067,11.489187773041685,0.5100806451612904,123.044872597624,0.0,-0.08907021164531559,0.09308833032953018,follow,1
1786510259.4959803,11.751416640890646,0.49193548387096775,116.6052471116825,0.0,-0.5792923926174147,0.10108833032953018,follow,1
1786510259.5904229,11.682346595155801,0.4616935483870968,123.20685620685215,0.0,0.060707607382585294,0.09,follow,1
1786510259.670401,11.490235768600023,0.4495967741935484,135.64553864067864,0.0,0.7007076073825853,0.09,follow,1
1786510259.765007,11.630958718730286,0.7399193548387096,107.64553864067864,0.0,0.060707607382585294,0.09,follow,1
1786510259.8619437,11.457739899573165,0.6431451612903225,103.5826178796327,0.0,-0.5792923926174147,0.09,follow,1
1786510259.959616,11.23779239841676,0.6612903225806451,102.87981491635063,0.0,-0.9023104103417613,0.09,follow,1
1786510260.0556335,11.033761422400707,0.7883064516129032,101.30477900634823,0.0,-1.0,0.09,follow,1
1786510260.139597,10.908755486620015,0.5524193548387096,105.34840266875983,0.0,-0.5985630627290122,0.098,follow,1
1786510260.2329905,11.068906006852735,0.8487903225806451,99.05268420803787,0.0,-1.0,0.09,follow,1
1786510260.3280606,11.035159433588134,0.9274193548387096,97.75330298666626,0.0,-1.0,0.09,follow,1
1786510260.4112465,10.93093641692619,0.6068548387096775,104.32381433842505,0.0,-0.5573799458769756,0.098,follow,1
1786510260.504209,11.149074678692656,0.9334677419354839,95.44289869393903,0.0,-1.0,0.09,follow,1
1786510260.584547,11.039976406911707,0.564516129032258,104.8179729075957,0.0,-0.5573799458769756,0.098,follow,1
1786510260.6705272,11.366225932112254,0.5524193548387096,105.83162434204473,0.0,-0.5960458422037691,0.10318860510457442,follow,1
1786510260.760781,11.392262739697198,0.5463709677419355,105.26861063574395,0.0,-0.6861166923440585,0.10537190570874859,follow,1
1786510260.8396573,11.336639048678492,0.5100806451612904,106.35530493329725,0.0,-0.5485406011899137,0.09241842675607712,follow,1
1786510260.9260523,11.623066249664413,0.49798387096774194,109.97091932457806,0.0,-0.1862462710973271,0.09,follow,1
1786510261.006842,11.615897819364449,0.4616935483870968,119.22517842518037,0.0,0.4537537289026729,0.09,follow,1
1786510261.0861425,11.754856539374689,0.4495967741935484,112.4910267626106,0.0,-0.1862462710973271,0.09,follow,1
1786510261.1679525,11.936851213841107,0.4254032258064516,140.4910267626106,0.0,0.4537537289026729,0.09,follow,1
1786510261.263104,11.98545080368778,0.7157258064516129,112.4910267626106,0.0,-0.1862462710973271,0.09,follow,1
1786510261.3540103,11.693925295540328,0.7641129032258064,89.27836740748411,0.0,-0.8262462710973271,0.09,follow,1
1786510261.4456847,11.531214121270098,0.782258064516129,89.33473159894271,0.0,-1.0,0.09,follow,1
1786510261.5354238,11.412193109745319,0.8064516129032258,89.45993131335258,0.0,-1.0,0.09,follow,1
1786510261.6260567,11.385031859398605,0.7943548387096775,89.89894222371026,0.0,-1.0,0.09,follow,1
1786510261.7162175,11.298079011220281,0.8245967741935484,89.934260437851,0.0,-1.0,0.09,follow,1
1786510261.7977216,11.273617412546,0.5766129032258065,92.29232350458727,0.0,-1.0,0.09,follow,1
1786510261.876107,11.471267366478463,0.6008064516129032,89.42528222953672,0.0,-1.0,0.09,follow,1
1786510261.9740422,11.730351161803133,0.782258064516129,91.41588750693182,0.0,-1.0,0.09,follow,1
1786510262.0575228,11.41597125546627,0.5584677419354839,100.22771889597615,0.0,-0.7800737955917169,0.098,follow,1
1786510262.144632,11.468483497249524,0.5463709677419355,98.10763990702645,0.0,-1.0,0.10600000000000001,follow,1
1786510262.2394612,11.542017133571813,0.872983870967742,88.16271246776867,0.0,-1.0,0.09,follow,1
1786510262.3360202,11.305560677196631,0.5161290322580645,105.04943469068864,0.0,-1.0,0.09,follow,1
1786510262.4133801,11.149253760505074,0.49798387096774194,101.93352988474989,0.0,-0.9311435473519394,0.09,follow,1
1786510262.4938865,11.495944553544389,0.4798387096774194,114.07272403982958,0.0,-0.29114354735193937,0.09,follow,1
1786510262.5831273,11.694783512282344,0.4616935483870968,117.57752427752447,0.0,0.2732893510864002,0.09,follow,1
1786510262.6633701,11.589293544397528,0.4435483870967742,118.7433047265817,0.0,0.21844036566742953,0.09,follow,1
1786510262.745666,11.75427678380861,0.41330645161290325,146.7433047265817,0.0,0.8584403656674295,0.09,follow,1
1786510262.8363504,11.812961015958269,0.6491935483870968,118.7433047265817,0.0,0.21844036566742953,0.09,follow,1
1786510262.919002,11.664525599863248,0.5100806451612904,90.7433047265817,0.0,-0.4215596343325705,0.09,follow,1
1786510263.0121703,11.764929117177532,0.7157258064516129,83.21407207050109,0.0,-1.0,0.09,follow,1
1786510263.1006129,11.570472452979178,0.7762096774193549,82.58832065189333,0.0,-1.0,0.09,follow,1
1786510263.1929483,11.504071244671112,0.8004032258064516,82.69691571593492,0.0,-1.0,0.09,follow,1
1786510263.2754302,11.355399758388302,0.7459677419354839,84.03769403980594,0.0,-1.0,0.09,follow,1
1786510263.3644664,11.52605493982332,0.7762096774193549,83.99979521843208,0.0,-1.0,0.09,follow,1
1786510263.4477005,11.468189979472518,0.564516129032258,89.78803821964215,0.0,-1.0,0.09638224425576293,follow,1
1786510263.5316522,11.55327023836499,0.5524193548387096,91.35955674577458,0.0,-1.0,0.10438224425576292,follow,1
1786510263.6313095,11.658249298536328,1.0,80.37515385735074,0.0,-1.0,0.09,follow,1
1786510263.7479959,11.3378529250112,1.0,80.52164337582911,0.0,-1.0,0.09,follow,1
1786510263.8321807,10.77707408765907,0.5100806451612904,100.04230539738265,0.0,-1.0,0.09406926056208557,follow,1
1786510263.9161313,11.01045931423223,0.49193548387096775,94.3107125223945,0.0,-1.0,0.10206926056208557,follow,1
1786510264.0065434,11.190648152354253,0.467741935483871,108.927216690375,0.0,-0.929656936709245,0.09,follow,1
1786510264.0945845,11.162989243167175,0.45564516129032256,111.77640374331517,0.0,-0.28965693670924497,0.09,follow,1
1786510264.1931696,11.197184794594072,0.8004032258064516,83.77640374331517,0.0,-0.929656936709245,0.09,follow,1
1786510264.2895792,10.979891420104572,0.8185483870967742,73.61685742623385,0.0,-1.0,0.09,follow,1
1786510264.3693192,10.83639956534957,0.35449308755760367,101.61685742623385,0.0,-0.929656936709245,0.09,follow,1
1786510264.4666038,11.229913375428655,0.8608870967741936,73.64217226862581,0.0,-1.0,0.09,follow,1
1786510264.566744,11.029669345421523,0.8911290322580645,73.24805649590502,0.0,-1.0,0.09,follow,1
1786510264.6630032,10.777894272138408,1.0,81.07428385512094,0.0,-1.0,0.09,follow,1
1786510264.7483914,10.754973989254543,0.5524193548387096,76.05115246098461,0.0,-1.0,0.09,follow,1
1786510264.8499029,10.951854812407221,1.0,73.65473270046792,0.0,-1.0,0.09,follow,1
1786510264.9335263,10.721984025670709,0.5705645161290323,82.14979988564906,0.0,-1.0,0.09,follow,1
1786510265.0194688,10.972413514437553,0.5584677419354839,87.32689197594827,0.0,-1.0,0.098,follow,1
1786510265.1091883,11.076912718912613,0.5463709677419355,85.40072935557161,0.0,-1.0,0.10152368789635344,follow,1
1786510265.2146313,10.963635704990399,1.0,74.27755717620767,0.0,-1.0,0.09,follow,1
1786510265.2993968,10.790818370573001,0.5161290322580645,102.27755717620767,0.0,-1.0,0.09,follow,1
1786510265.378089,10.985228262548771,0.49193548387096775,95.38786165695669,0.0,-1.0,0.09552800654271412,follow,1
1786510265.462612,11.345172022979835,0.4798387096774194,105.81773169931085,0.0,-0.903893402089445,0.09,follow,1
1786510265.5426803,11.444777050222624,0.45564516129032256,119.68717532467525,0.0,-0.263893402089445,0.09,follow,1
1786510265.6244416,11.605318195771432,0.4375,125.00630119325268,0.0,0.376106597910555,0.09,follow,1
1786510265.703718,11.74128689644412,0.4193548387096774,153.00630119325268,0.0,1.0,0.09,follow,1
1786510265.7782242,11.904408386453348,0.3951612903225806,154.44148297356526,0.0,1.0,0.09,follow,1
1786510265.8713875,12.255878605374688,0.8548387096774193,126.44148297356526,0.0,1.0,0.09,follow,1
1786510265.9646575,11.94987477488636,0.8790322580645161,98.44148297356526,0.0,0.376106597910555,0.09,follow,1
1786510266.0439053,11.70232491978919,0.5221774193548387,74.81465195160976,0.0,-0.263893402089445,0.09,follow,1
1786510266.1232984,11.900616885033955,0.5403225806451613,72.38764560403075,0.0,-0.903893402089445,0.09,follow,1
1786510266.2151937,12.03513693679686,0.969758064516129,74.37310787644331,0.0,-1.0,0.09,follow,1
1786510266.2919362,11.808692569743792,0.564516129032258,76.94285195936142,0.0,-1.0,0.09,follow,1
1786510266.3677115,12.049749747280327,0.5463709677419355,80.09553893897902,0.0,-1.0,0.09609778627373985,follow,1
1786510266.450899,12.272624660267134,0.5403225806451613,85.67325912326042,0.0,-1.0,0.10409778627373986,follow,1
1786510266.5299122,12.226993905110714,0.5100806451612904,90.06255202540085,0.0,-1.0,0.09301655494664963,follow,1
1786510266.608775,12.30331472654793,0.49798387096774194,92.5752479228093,0.0,-1.0,0.09,follow,1
1786510266.6803384,12.367412233224563,0.4798387096774194,102.86501531896285,0.0,-0.6913077007557272,0.09,follow,1
1786510266.757097,12.687617616549769,0.467741935483871,108.34141942694619,0.0,-0.23653298011346058,0.09,follow,1
1786510266.8280325,12.751549623213286,0.4435483870967742,99.83319227617662,0.0,-0.8765329801134606,0.09,follow,1
1786510266.8950775,13.0569551875259,0.4254032258064516,127.83319227617662,0.0,-0.23653298011346058,0.09,follow,1
1786510266.966775,13.419578683177338,0.407258064516129,155.83319227617662,0.0,0.40346701988653944,0.09,follow,1
1786510267.057585,13.529210572254554,0.8487903225806451,127.83319227617662,0.0,-0.23653298011346058,0.098,follow,1
1786510267.1503706,12.998480886646522,0.872983870967742,99.83319227617662,0.0,-0.8765329801134606,0.10600000000000001,follow,1
1786510267.2438471,12.584941848630287,0.8971774193548387,71.83319227617662,0.0,-1.0,0.11400000000000002,follow,1
1786510267.3393874,12.179095478371782,0.9334677419354839,58.753024948866944,0.0,-1.0,0.11624499590655966,follow,1
1786510267.4284315,11.838237053268601,0.9637096774193549,58.81793038215153,0.0,-1.0,0.10031138406486638,follow,1
1786510267.5197508,11.745444421568742,1.0,58.81344827414652,0.0,-1.0,0.1020847008318335,follow,1
1786510267.6101334,11.557284965100026,1.0,58.5270643097599,0.0,-1.0,0.10125970998041628,follow,1
1786510267.6995912,11.490808988695985,1.0,58.79145502536308,0.0,-1.0,0.10244207765277774,follow,1
1786510267.775303,11.410984143888687,0.5161290322580645,71.84682645463757,0.0,-1.0,0.09,follow,1
1786510267.856604,11.770351095514425,0.5100806451612904,74.31627391327083,0.0,-1.0,0.09,follow,1
1786510267.9493997,11.887471428053956,1.0,59.30684607447337,0.0,-1.0,0.098,follow,1
1786510268.0421407,11.661620652215763,1.0,58.808487416093456,0.0,-1.0,0.10305331493916621,follow,1
1786510268.1179001,11.487888769062963,0.467741935483871,86.80848741609346,0.0,-1.0,0.09,follow,1
1786510268.2096114,11.840092110871986,1.0,58.808487416093456,0.0,-1.0,0.098,follow,1
1786510268.27861,11.643842488187197,0.4193548387096774,86.80848741609346,0.0,-1.0,0.09,follow,1
1786510268.344182,12.231512585644872,0.3744930875576037,114.80848741609346,0.0,-1.0,0.09,follow,1
1786510268.4377604,12.77159192832351,0.8548387096774193,86.80848741609346,0.0,-1.0,0.098,follow,1
1786510268.530178,12.363819663016159,0.9092741935483871,58.808487416093456,0.0,-1.0,0.09884599714175066,follow,1
1786510268.6267319,12.07934076399334,0.939516129032258,55.860391545111774,0.0,-1.0,0.10187636969704289,follow,1
1786510268.7245612,11.724867378928625,0.9576612903225807,56.208709618107335,0.0,-1.0,0.1067533900442145,follow,1
1786510268.8200188,11.387140746713532,0.969758064516129,56.4205776564292,0.0,-1.0,0.10747282409898982,follow,1
1786510268.9133568,11.25286708760569,1.0,57.01658912103357,0.0,-1.0,0.11040323139655873,follow,1
1786510269.0115194,11.138759963166937,1.0,57.04744019627168,0.0,-1.0,0.10977708881163335,follow,1
1786510269.1087573,10.948273239763331,1.0,57.676943327737995,0.0,-1.0,0.11150883819595182,follow,1
1786510269.1823437,10.824273768411771,0.5100806451612904,63.95954357610645,0.0,-1.0,0.09,follow,1
1786510269.264939,11.307716174230155,0.5100806451612904,61.1411112993635,0.0,-1.0,0.09,follow,1
1786510269.3642795,11.514585161854104,0.969758064516129,58.98916918756035,0.0,-1.0,0.098,follow,1
1786510269.4415224,11.233610470178341,0.4737903225806452,86.98916918756035,0.0,-1.0,0.09,follow,1
1786510269.5170937,11.561006636389493,0.45564516129032256,69.90795454545463,0.0,-1.0,0.09,follow,1
1786510269.6111841,11.897997725984348,1.0,60.18700108528017,0.0,-1.0,0.098,follow,1
1786510269.6774013,11.649425844476792,0.407258064516129,65.87289377288187,0.0,-1.0,0.09,follow,1
1786510269.766566,12.323277023216635,0.8608870967741936,61.63089260039655,0.0,-1.0,0.098,follow,1
1786510269.8600583,12.107387700952344,0.8790322580645161,62.59429262038351,0.0,-1.0,0.10600000000000001,follow,1
1786510269.9514606,11.825292709492878,0.9092741935483871,63.386373485018794,0.0,-1.0,0.11400000000000002,follow,1
1786510270.049286,11.614265061070617,0.9455645161290323,64.12939326796777,0.0,-1.0,0.12011997400668015,follow,1
1786510270.1464121,11.355721352744961,0.9818548387096775,65.11207335247717,0.0,-1.0,0.12374340141036438,follow,1
1786510270.2260554,11.144516562615179,0.5584677419354839,66.48727909160765,0.0,-1.0,0.10146288388396385,follow,1
1786510270.3059354,11.433878162551386,0.5584677419354839,66.80676415704158,0.0,-1.0,0.1008312631857032,follow,1
1786510270.4006982,11.656023374442526,1.0,67.16260572268786,0.0,-1.0,0.10883126318570319,follow,1
1786510270.4966502,11.431614806649108,1.0,67.87895434637204,0.0,-1.0,0.1168312631857032,follow,1
1786510270.569438,11.240953365970118,0.5040322580645161,66.17516629711727,0.0,-1.0,0.09472817651066165,follow,1
1786510270.6683211,11.697085394410994,0.9334677419354839,69.88405444929464,0.0,-1.0,0.10272817651066166,follow,1
1786510270.7406292,11.402523439585748,0.4616935483870968,72.90155610155543,0.0,-1.0,0.10373286402784748,follow,1
1786510270.8145907,11.874187030252411,0.45564516129032256,62.34405080213848,0.0,-1.0,0.09,follow,1
1786510270.8903377,12.209937500289838,0.4254032258064516,90.34405080213848,0.0,-1.0,0.09,follow,1
1786510270.9619842,12.415923947979913,0.4012096774193548,97.18147157190543,0.0,-0.9050283483780991,0.09,follow,1
1786510271.0538516,12.713316166208926,0.8608870967741936,74.11150989456456,0.0,-1.0,0.098,follow,1
1786510271.147143,12.324440980929214,0.8911290322580645,75.48181148481805,0.0,-1.0,0.10600000000000001,follow,1
1786510271.2430906,12.024303755039204,0.9153225806451613,76.44827650240495,0.0,-1.0,0.11400000000000002,follow,1
1786510271.327554,11.711852293435452,0.564516129032258,73.74585076410818,0.0,-1.0,0.09,follow,1
1786510271.4276104,11.738995304796,0.9637096774193549,78.7276930891045,0.0,-1.0,0.098,follow,1
1786510271.5277824,11.385992816970436,0.9818548387096775,79.84477200855193,0.0,-1.0,0.10600000000000001,follow,1
1786510271.613187,11.101334323033345,0.5584677419354839,82.94033369516161,0.0,-1.0,0.11400000000000002,follow,1
1786510271.7084093,11.222357932789102,1.0,81.20410224665892,0.0,-1.0,0.12200000000000003,follow,1
1786510271.7899156,11.078833693851896,0.5161290322580645,85.4001194962773,0.0,-1.0,0.11769550391550478,follow,1
1786510271.8633897,11.324690702416909,0.5040322580645161,85.5196388976876,0.0,-1.0,0.11425306672476605,follow,1
1786510271.9435751,11.752365570672549,0.5040322580645161,89.54909724422025,0.0,-0.7833330781014844,0.09709055865683955,follow,1
1786510272.0477438,11.91028720718353,0.9516129032258064,85.36002219075051,0.0,-1.0,0.10509055865683956,follow,1
1786510272.1273682,11.426996089791507,0.45564516129032256,94.03249618028988,0.0,-0.782544857852035,0.09,follow,1
1786510272.21119,11.704087530755315,0.7036290322580645,88.27995032851565,0.0,-1.0,0.098,follow,1
1786510272.284508,11.750518147256388,0.407258064516129,101.19462759463252,0.0,-0.721623666656039,0.09,follow,1
1786510272.3524473,12.076146851027831,0.3862096774193548,73.19462759463252,0.0,-1.0,0.09,follow,1
1786510272.4478683,12.649060841718008,0.872983870967742,90.89264348438596,0.0,-0.721623666656039,0.098,follow,1
1786510272.5407135,12.211539408472337,0.8971774193548387,92.63433089752729,0.0,-0.8912469791957907,0.10600000000000001,follow,1
1786510272.6369123,11.914605960044051,0.8790322580645161,93.93107885805131,0.0,-0.8903356109475433,0.11400000000000002,follow,1
1786510272.7140954,11.621757038665912,0.5705645161290323,94.16447105736793,0.0,-0.959126025810136,0.10783157936466019,follow,1
1786510272.8109598,11.887897804488754,0.9758064516129032,97.41876076605955,0.0,-0.6808978885312227,0.11583157936466018,follow,1
1786510272.8941462,11.58046572938703,0.5584677419354839,100.05317900745187,0.0,-0.6358778935219698,0.12383157936466019,follow,1
1786510272.972543,11.655505011521615,0.5584677419354839,100.46294227415187,0.0,-0.725755829936337,0.12801048152506309,follow,1
1786510273.0491607,11.888801051576575,0.5100806451612904,106.38501005517496,0.0,-0.18179822206368335,0.10938134224104433,follow,1
1786510273.123874,12.077964652078673,0.5040322580645161,106.70161545771245,0.0,-0.45144312250180135,0.11738134224104432,follow,1
1786510273.1939745,12.370354185103192,0.49193548387096775,101.48911802254301,0.0,-1.0,0.09753413471493282,follow,1
1786510273.2690396,12.759464162726957,0.4616935483870968,108.96936936936959,0.0,-0.3988317394029578,0.10553413471493281,follow,1
1786510273.342344,12.882748198161048,0.4495967741935484,116.61485928682404,0.0,0.24116826059704222,0.09,follow,1
1786510273.445542,13.038363786498739,0.969758064516129,107.36287040703343,0.0,-0.3988317394029578,0.098,follow,1
1786510273.5370774,12.369785149382357,0.7883064516129032,109.03841954248772,0.0,-0.35248147059159973,0.10600000000000001,follow,1
1786510273.6252136,12.055571322582196,0.8004032258064516,110.50229780357743,0.0,-0.32338042059017885,0.11047697704138881,follow,1
1786510273.7105408,11.91307313443027,0.5161290322580645,112.26668165841579,0.0,-0.3014886821658838,0.11847697704138882,follow,1
1786510273.7960246,11.880335554933396,0.8306451612903225,113.24831802169373,0.0,-0.3056116657102925,0.12647697704138883,follow,1
1786510273.8885214,11.860047558223881,0.8669354838709677,114.70963366380136,0.0,-0.24713962171835155,0.13447697704138883,follow,1
1786510273.9654796,11.645529065752516,0.564516129032258,115.5033023610992,0.0,-0.2727184023978645,0.10835611807118117,follow,1
1786510274.0590658,11.930657068193492,0.9576612903225807,117.04067083831235,0.0,-0.17347293635325722,0.11635611807118118,follow,1
1786510274.151962,11.681487743264007,0.9576612903225807,117.54997435545363,0.0,-0.22638237725103175,0.12435611807118119,follow,1
1786510274.2338412,11.455583808235236,0.5584677419354839,123.45760876193715,0.0,0.2953410824148991,0.10789954037579474,follow,1
1786510274.3129208,11.65639960183846,0.5524193548387096,118.09185889740465,0.0,-0.3446589175851009,0.11268271499468151,follow,1
1786510274.388432,11.847445576188711,0.5161290322580645,119.25697138217362,0.0,-0.14913566900386893,0.11459264519687297,follow,1
1786510274.4638617,12.125402773287576,0.5040322580645161,123.43728222996548,0.0,0.20884806841638248,0.12259264519687296,follow,1
1786510274.5373504,12.35297713759585,0.49798387096774194,132.30601715357804,0.0,0.8488480684163825,0.09,follow,1
1786510274.6133604,12.608199123426733,0.4616935483870968,147.10492570492252,0.0,1.0,0.09,follow,1
1786510274.6842082,12.733397932548474,0.4495967741935484,153.23675577269273,0.0,1.0,0.09,follow,1
1786510274.7786684,13.00790569435804,0.7157258064516129,125.23675577269273,0.0,1.0,0.098,follow,1
1786510274.8696573,12.40623367961468,0.7278225806451613,121.83165175190481,0.0,0.7127197478393735,0.09173696384090907,follow,1
1786510274.9510565,12.22309792289699,0.5161290322580645,121.29622569038582,0.0,0.07271974783937352,0.09,follow,1
1786510275.0531518,12.226118451606258,0.7943548387096775,122.00470428447954,0.0,-0.05726127207671772,0.098,follow,1
1786510275.1421006,11.774715651154194,0.8245967741935484,122.45949312094095,0.0,-0.07018087035842063,0.10600000000000001,follow,1
1786510275.22369,11.63409146976339,0.564516129032258,123.98086741227698,0.0,0.03795055040557416,0.11400000000000002,follow,1
1786510275.3228376,11.77499217245637,0.8911290322580645,122.78899490564098,0.0,-0.15716369707720096,0.11804825966466478,follow,1
1786510275.4035144,11.453331158982035,0.5524193548387096,126.50770846800253,0.0,0.23178723216787328,0.1260482596646648,follow,1
1786510275.4843478,11.62814670302769,0.5524193548387096,126.93189675870379,0.0,0.14376538579766535,0.13116396774193428,follow,1
1786510275.5855331,11.795948325055512,0.8790322580645161,122.80784912102003,0.0,-0.31049677994064856,0.10661925772405766,follow,1
1786510275.6602638,11.38402228243992,0.5040322580645161,127.81168831168772,0.0,0.32950322005935145,0.11461925772405765,follow,1
1786510275.743229,11.840804816109234,0.5040322580645161,131.22030408615677,0.0,0.5285433170326239,0.09396134966392325,follow,1
1786510275.8219707,11.879997625354225,0.4616935483870968,132.27039897039896,0.0,0.4975459641437487,0.09,follow,1
1786510275.900915,12.030068983196832,0.45564516129032256,143.12596447670052,0.0,1.0,0.09,follow,1
1786510275.9766164,12.170186924355034,0.45564516129032256,122.69661000763924,0.0,0.49754596414374863,0.098,follow,1
1786510276.0705707,12.361206291558982,0.7762096774193549,116.41603467862593,0.0,-0.14245403585625138,0.09,follow,1
1786510276.16372,12.028056778751813,0.782258064516129,115.2109049973254,0.0,-0.25901210282120996,0.09,follow,1
1786510276.2427647,11.770718431155835,0.5161290322580645,118.71139854415881,0.0,-0.03528608258446264,0.098,follow,1
1786510276.3216379,11.948269858866443,0.5342741935483871,116.7159730219563,0.0,-0.3543086231647316,0.09,follow,1
1786510276.4203484,12.082262933090067,0.8669354838709677,112.55095592204319,0.0,-0.6485814164934354,0.09,follow,1
1786510276.502283,11.69301087721322,0.5584677419354839,115.14373281388009,0.0,-0.2611780426684063,0.09,follow,1
1786510276.5968866,11.79523742999686,0.9637096774193549,110.43873408510089,0.0,-0.8340051050496227,0.09,follow,1
1786510276.688615,11.521342246914571,0.9637096774193549,109.18239208419936,0.0,-0.7503289167079923,0.09,follow,1
1786510276.77146,11.397089843323675,0.5524193548387096,114.6249612152551,0.0,-0.17364575977489505,0.098,follow,1
1786510276.8651059,11.566257843804532,0.9637096774193549,107.22510693572913,0.0,-0.8136457597748951,0.09,follow,1
1786510276.958326,11.379386831604679,0.969758064516129,106.12851732243095,0.0,-0.8918639259176777,0.09,follow,1
1786510277.0339346,11.245257045207108,0.5100806451612904,125.28549329286929,0.0,-0.2518639259176777,0.09,follow,1
1786510277.1064503,11.670335478336664,0.49798387096774194,114.18480300187638,0.0,-0.8589251188210772,0.098,follow,1
1786510277.1842597,12.049234787194194,0.4616935483870968,122.4955188955179,0.0,-0.21892511882107724,0.09,follow,1
1786510277.2598453,12.244682270041537,0.45564516129032256,118.98821619556944,0.0,-0.16285702461920143,0.098,follow,1
1786510277.3459206,12.44638108716768,0.7459677419354839,100.7216263427693,0.0,-0.8028570246192015,0.09,follow,1
1786510277.4337056,12.269939293306829,0.7762096774193549,99.71457050005392,0.0,-0.9293946682973444,0.09,follow,1
1786510277.5311563,12.093785767243999,0.7943548387096775,98.74709330727902,0.0,-1.0,0.09,follow,1
1786510277.6192951,11.74190906204537,0.8245967741935484,98.15273182562811,0.0,-1.0,0.09,follow,1
1786510277.7088652,11.662353765031453,0.842741935483871,97.5097434475195,0.0,-1.0,0.09,follow,1
1786510277.8084824,11.563991660370496,0.8608870967741936,96.97935990286628,0.0,-1.0,0.09,follow,1
1786510277.9038026,11.259326125554757,0.9153225806451613,68.97935990286628,0.0,-1.0,0.09,follow,1
1786510277.9771671,11.100585324747406,0.5463709677419355,96.97935990286628,0.0,-1.0,0.09,follow,1
1786510278.0544546,11.590466938143884,0.5766129032258065,100.05112581339081,0.0,-0.9661027769986494,0.09,follow,1
1786510278.149397,11.86898795740281,1.0,72.05112581339081,0.0,-1.0,0.09,follow,1
1786510278.2241573,11.592507011817464,0.564516129032258,100.05112581339081,0.0,-0.9661027769986493,0.098,follow,1
1786510278.3017313,11.970341425252764,0.5524193548387096,99.14861852433208,0.0,-1.0,0.09,follow,1
1786510278.3901052,12.148320660167343,1.0,71.14861852433208,0.0,-1.0,0.09,follow,1
1786510278.4578586,11.98157733070466,0.5100806451612904,99.14861852433208,0.0,-1.0,0.098,follow,1
1786510278.5341792,12.469401463206363,0.49798387096774194,103.7431653712146,0.0,-0.7248695999160892,0.10600000000000001,follow,1
1786510278.6033614,12.65466805356716,0.4616935483870968,113.73930033929757,0.0,-0.08486959991608922,0.09246200181596864,follow,1
1786510278.6781256,12.977531304718534,0.4495967741935484,103.47205451095559,0.0,-0.7248695999160892,0.09567560850441202,follow,1
1786510278.7517452,13.042653113499139,0.4254032258064516,127.24725356216057,0.0,-0.08486959991608922,0.09,follow,1
1786510278.8419914,13.192938428520995,0.7883064516129032,99.24725356216057,0.0,-0.7248695999160892,0.09,follow,1
1786510278.9255416,12.740729472153767,0.5100806451612904,100.49493926379864,0.0,-1.0,0.09,follow,1
1786510279.0024655,12.62439589472513,0.5100806451612904,99.83967705578613,0.0,-1.0,0.09,follow,1
1786510279.0920033,12.657482097838816,0.8608870967741936,96.9134653465346,0.0,-1.0,0.09,follow,1
1786510279.1911335,12.400141249902056,0.8669354838709677,97.39710923537103,0.8009566326530613,-0.55,0.16,avoid:obstacle,1
1786510279.269428,11.938505602518113,0.5342741935483871,100.33921963790075,0.0,-0.55,0.16,avoid:obstacle,1
1786510279.341079,12.09306757207283,0.5524193548387096,98.83228737648987,0.0,-0.55,0.16,avoid:obstacle,1
1786510279.4332159,12.483789924614278,0.9576612903225807,97.95408802725584,0.0,-0.55,0.16,avoid:obstacle,1
1786510279.509656,12.141280348056135,0.564516129032258,104.87735849056608,0.0,-0.55,0.16,avoid:obstacle,1
1786510279.5872715,12.351100042772146,0.5524193548387096,108.86759580755303,0.0,-0.55,0.16,avoid:obstacle,1
1786510279.6795456,12.453087789846931,0.9213709677419355,99.46660073999315,0.0,-0.55,0.16,avoid:obstacle,1
1786510279.7723424,12.127809567187445,0.9213709677419355,99.63287161816629,0.0,-0.55,0.16,avoid:obstacle,1
1786510279.8529334,11.85688892988576,0.5040322580645161,111.24184352233075,0.0,-0.55,0.16,avoid:obstacle,1
1786510279.9315755,11.97721408458196,0.6975806451612904,99.88843001617346,0.0,-0.55,0.16,avoid:obstacle,1
1786510280.01092,12.116934649253057,0.7399193548387096,98.71074988093423,0.0,-0.55,0.16,avoid:obstacle,1
1786510280.0978987,12.122498893666185,0.7459677419354839,98.65961882761377,0.0,-0.55,0.16,avoid:obstacle,1
1786510280.1656773,12.07417382888308,0.4375,126.65961882761377,0.0,-0.55,0.16,avoid:obstacle,1
1786510280.231683,12.612230915003302,0.407258064516129,154.65961882761377,0.0,-0.55,0.16,avoid:obstacle,1
1786510280.325824,13.112764822041399,0.8608870967741936,126.65961882761377,0.0,-0.55,0.16,avoid:obstacle,1
1786510280.4218442,12.624780326285512,0.8971774193548387,98.65961882761377,0.0,-0.55,0.16,avoid:obstacle,1
1786510280.502816,12.174197856209384,0.5403225806451613,103.24045078253282,0.0,-0.55,0.16,avoid:obstacle,1
1786510280.5833054,12.212240534572592,0.5705645161290323,99.90063100051978,0.0,-0.55,0.16,avoid:obstacle,1
1786510280.6598203,12.263181269479857,0.5524193548387096,104.2651232800805,0.0,-0.55,0.16,avoid:obstacle,1
1786510280.7522907,12.41705615077421,1.0,76.2651232800805,0.0,-0.55,0.16,avoid:obstacle,1
1786510280.8287654,12.090961400126728,0.5100806451612904,104.2651232800805,0.0,-0.55,0.16,avoid:obstacle,1
1786510280.9216087,12.2735709655173,1.0,76.2651232800805,0.0,-0.55,0.16,avoid:obstacle,1
1786510280.9917808,11.987707388519427,0.4435483870967742,101.77433370708924,0.0,-0.55,0.16,avoid:obstacle,1
1786510281.0558827,12.424963797579736,0.4012096774193548,129.77433370708923,0.0,-0.55,0.16,avoid:obstacle,1
1786510281.1353824,13.089032475261844,0.5282258064516129,101.77433370708923,0.0,-1.0,0.125,follow,1
1786510281.225202,12.986638668383165,0.872983870967742,73.77433370708923,0.0,-1.0,0.09,follow,1
1786510281.3189602,12.615754940050946,0.9153225806451613,45.77433370708923,0.0,-1.0,0.09,follow,1
1786510281.3990097,12.228552096004417,0.564516129032258,73.77433370708923,0.0,-1.0,0.09,follow,1
1786510281.4778998,12.254700368943551,0.5584677419354839,96.67472527472506,0.0,-1.0,0.098,follow,1
1786510281.5729702,12.356313407283478,1.0,68.67472527472506,0.0,-1.0,0.09,follow,1
1786510281.659523,11.996123088204651,0.5100806451612904,96.67472527472506,0.0,-1.0,0.098,follow,1
1786510281.7394335,11.90306417637975,0.49193548387096775,102.15480134435575,0.0,-0.9768227809517718,0.10209042581791583,follow,1
1786510281.8166242,12.02265220098607,0.45564516129032256,114.80761077158162,0.0,-0.33682278095177176,0.09,follow,1
1786510281.8934755,12.20202657635983,0.41330645161290325,142.8076107715816,0.0,0.30317721904822825,0.09,follow,1
1786510281.9720438,12.360946008494732,0.5040322580645161,114.80761077158161,0.0,-0.33682278095177176,0.09,follow,1
1786510282.0504975,12.391186634888335,0.5221774193548387,86.80761077158161,0.0,-0.9768227809517718,0.09,follow,1
1786510282.147297,12.513326703282317,0.8911290322580645,58.80761077158161,0.0,-1.0,0.09,follow,1
1786510282.2439973,12.073858153185222,0.9334677419354839,30.807610771581608,0.0,-1.0,0.09,follow,1
1786510282.324239,11.70921806103563,0.564516129032258,58.80761077158161,0.0,-1.0,0.09,follow,1
1786510282.4211428,11.864404948939548,1.0,30.807610771581608,0.0,-1.0,0.09,follow,1
1786510282.497356,11.573858444351472,0.5766129032258065,58.80761077158161,0.0,-1.0,0.098,follow,1
1786510282.5759015,11.85503939534697,0.5524193548387096,83.17850447871386,0.0,-1.0,0.10600000000000001,follow,1
1786510282.6565976,12.067729408303784,0.5524193548387096,81.09326992335316,0.0,-1.0,0.09139009961006918,follow,1
1786510282.75674,12.082762952176877,1.0,53.09326992335316,0.0,-1.0,0.09,follow,1
1786510282.8361218,11.6963550050824,0.5100806451612904,81.09326992335316,0.0,-1.0,0.09,follow,1
1786510282.915358,11.869923893456743,0.49798387096774194,90.16892254087361,0.0,-1.0,0.098,follow,1
1786510282.9916608,12.015021764114246,0.49193548387096775,87.29438788105365,0.0,-1.0,0.09717020397297428,follow,1
1786510283.0779157,12.246032441328984,0.4616935483870968,107.35137475137354,0.0,-1.0,0.09,follow,1
1786510283.1507638,12.11751587375404,0.4435483870967742,79.35137475137354,0.0,-1.0,0.09,follow,1
1786510283.2193487,12.439045137318615,0.407258064516129,107.35137475137354,0.0,-1.0,0.09,follow,1
1786510283.2900116,12.860888169148883,0.3420161290322581,135.35137475137356,0.0,-0.6565311132287431,0.09,follow,1
1786510283.3722463,13.087776570957134,0.5342741935483871,107.35137475137356,0.0,-1.0,0.09,follow,1
1786510283.4657671,12.914127349431348,0.8911290322580645,79.35137475137356,0.0,-1.0,0.09,follow,1
1786510283.5602398,12.47377838849324,0.9032258064516129,51.351374751373555,0.0,-1.0,0.09,follow,1
1786510283.6606169,12.091366690302777,0.939516129032258,23.351374751373555,0.0,-1.0,0.09,follow,1
1786510283.7375548,11.661373455060426,0.5766129032258065,51.351374751373555,0.0,-1.0,0.09,follow,1
1786510283.8193283,11.875924576074318,0.6008064516129032,76.93552554677184,0.0,-1.0,0.09,follow,1
1786510283.9154286,12.020261958937525,1.0,48.93552554677184,0.0,-1.0,0.09,follow,1
1786510283.9984148,11.684920604402139,0.5584677419354839,76.93552554677184,0.0,-1.0,0.098,follow,1
1786510284.085356,11.735077755566335,0.5463709677419355,79.91659331817763,0.0,-1.0,0.09848675186480348,follow,1
1786510284.1814246,11.711005357631048,1.0,51.91659331817763,0.0,-1.0,0.09,follow,1
1786510284.2626672,11.463278169660695,0.5161290322580645,79.91659331817763,0.0,-1.0,0.09680268454349271,follow,1
1786510284.3447933,11.611845425809841,0.5040322580645161,82.92524548622085,0.0,-1.0,0.10000185194377598,follow,1
1786510284.4383392,11.688908634969508,0.49193548387096775,77.48734553315752,0.0,-1.0,0.09,follow,1
1786510284.5195837,11.440845463420715,0.467741935483871,105.48734553315752,0.0,-1.0,0.09,follow,1
1786510284.6024632,11.738688458090722,0.4495967741935484,104.08516720471134,0.0,-1.0,0.09,follow,1
1786510284.70988,11.794066540648142,0.8004032258064516,76.08516720471134,0.0,-1.0,0.09,follow,1
1786510284.808833,11.272926617467355,0.8125,76.18850539637035,0.0,-1.0,0.09,follow,1
1786510284.9068375,11.078102866066521,0.8487903225806451,75.93113387038247,0.0,-1.0,0.09,follow,1
1786510285.0065575,10.854610934400906,0.8608870967741936,75.76566503594952,0.0,-1.0,0.09,follow,1
1786510285.1086729,10.687672506917366,0.872983870967742,75.86144551062739,0.0,-1.0,0.09,follow,1
1786510285.2072072,10.54911221192634,0.9032258064516129,75.97762246963478,0.0,-1.0,0.09,follow,1
1786510285.3058636,10.475404561576058,0.9334677419354839,75.78657855681894,0.0,-1.0,0.09,follow,1
1786510285.4054613,10.410454362077108,0.9576612903225807,75.85542267158138,0.0,-1.0,0.09,follow,1
1786510285.4997854,10.297207846831196,0.6068548387096775,81.19307379696576,0.0,-1.0,0.098,follow,1
1786510285.6013901,10.398750434600688,1.0,76.01006606942462,0.0,-1.0,0.09,follow,1
1786510285.6825488,10.281965958824301,0.564516129032258,84.9463594581519,0.0,-1.0,0.098,follow,1
1786510285.7733357,10.65972357180975,0.5584677419354839,85.57682062665384,0.0,-1.0,0.10407579108118195,follow,1
1786510285.862702,10.7656085743863,0.5463709677419355,84.75437779367029,0.0,-1.0,0.1008414513859565,follow,1
1786510285.9636872,10.85424769628598,1.0,77.29603564288547,0.0,-1.0,0.09,follow,1
1786510286.0564628,10.63078816951679,0.49798387096774194,87.98251139104856,0.0,-1.0,0.098,follow,1
1786510286.1359487,10.695706275361095,0.4798387096774194,93.01107889265778,0.0,-1.0,0.09648905387756894,follow,1
1786510286.2173219,11.018453903298596,0.45564516129032256,101.08470206264357,0.0,-0.6301641039145568,0.09,follow,1
1786510286.317454,11.320063178861133,0.7762096774193549,81.18276042999514,0.0,-1.0,0.09,follow,1
1786510286.4084103,11.061208410664142,0.8064516129032258,81.53481368755067,0.0,-1.0,0.09,follow,1
1786510286.4994938,11.045453037937083,0.8306451612903225,82.12762982002428,0.0,-1.0,0.09,follow,1
1786510286.5956514,11.031747412789292,0.8487903225806451,82.46843609755464,0.0,-1.0,0.09,follow,1
1786510286.6891487,10.885500983587026,0.8850806451612904,82.89684060642855,0.0,-1.0,0.09,follow,1
1786510286.7712176,10.866555081525355,0.564516129032258,87.38550589563377,0.0,-1.0,0.098,follow,1
1786510286.8731117,11.122920659958186,0.939516129032258,83.56421226059413,0.0,-1.0,0.09,follow,1
1786510286.9719772,10.86729094081873,0.969758064516129,83.80078523549017,0.0,-1.0,0.09,follow,1
1786510287.0504954,10.717685844714055,0.6129032258064516,89.03805731322632,0.0,-1.0,0.098,follow,1
1786510287.1402872,11.104512471997685,0.6008064516129032,89.082761696761,0.0,-1.0,0.10600000000000001,follow,1
1786510287.2516057,11.096920648693935,1.0,85.4064340199402,0.0,-1.0,0.09,follow,1
1786510287.332385,10.680413225086607,0.5584677419354839,93.09190033052373,0.0,-1.0,0.098,follow,1
1786510287.4188898,11.040401826335865,0.5463709677419355,93.0880464100529,0.0,-1.0,0.10600000000000001,follow,1
1786510287.5047824,11.124696392781443,0.5403225806451613,96.05943358379355,0.0,-1.0,0.11400000000000002,follow,1
1786510287.5857053,11.25213897731287,0.5100806451612904,94.68988073752718,0.0,-1.0,0.10722837975960503,follow,1
1786510287.6658018,11.421570141586962,0.49193548387096775,89.04741268038754,0.0,-1.0,0.09,follow,1
1786510287.757653,11.683124515090185,0.7399193548387096,88.91382149985125,0.0,-1.0,0.09,follow,1
1786510287.8462858,11.516063411179536,0.7399193548387096,89.40732970646248,0.0,-1.0,0.09,follow,1
1786510287.937875,11.473923379775748,0.782258064516129,89.94191529538102,0.0,-1.0,0.09,follow,1
1786510288.0320387,11.335018701588721,0.782258064516129,90.65386887672402,0.0,-1.0,0.09,follow,1
1786510288.120374,11.213396574674054,0.8125,90.86937046594285,0.0,-1.0,0.09,follow,1
1786510288.2122936,11.214785158811605,0.8487903225806451,91.44886985521603,0.0,-1.0,0.09,follow,1
1786510288.2994692,11.181871365779134,0.5463709677419355,94.20094122755515,0.0,-1.0,0.09157506501502809,follow,1
1786510288.387667,11.200575786353305,0.564516129032258,95.07269273456869,0.8011160714285714,-0.55,0.16,avoid:obstacle,1
1786510288.473105,11.252352598278616,0.5887096774193548,93.83320013068231,0.0,-0.55,0.16,avoid:obstacle,1
1786510288.5790312,11.326469118350127,0.8850806451612904,94.26022398514897,0.0,-0.55,0.16,avoid:obstacle,1
1786510288.6650598,10.968265593229104,0.6189516129032258,98.05739241443132,0.0,-0.55,0.16,avoid:obstacle,1
1786510288.7518368,11.101929940521547,0.6068548387096775,97.60995154431333,0.0,-0.55,0.16,avoid:obstacle,1
1786510288.8341818,11.14606749965666,0.6008064516129032,97.56808883693735,0.0,-0.55,0.16,avoid:obstacle,1
1786510288.91578,11.376150763077089,0.564516129032258,102.41648524431523,0.0,-0.55,0.16,avoid:obstacle,1
1786510288.9975448,11.551506746559545,0.5524193548387096,101.10651399021063,0.0,-0.55,0.16,avoid:obstacle,1
1786510289.0782948,11.67252653193166,0.5463709677419355,101.57796799570852,0.0,-0.55,0.16,avoid:obstacle,1
1786510289.1624737,11.831596248967507,0.5100806451612904,108.10807655192342,0.0,-0.55,0.16,avoid:obstacle,1
1786510289.244433,11.832978790728866,0.49193548387096775,105.37539727602359,0.0,-0.55,0.16,avoid:obstacle,1
1786510289.3238685,11.930110527382194,0.4798387096774194,113.36950158660659,0.0,-0.55,0.16,avoid:obstacle,1
1786510289.4070635,12.055206176027998,0.45564516129032256,125.0479087089382,0.0,-0.55,0.16,avoid:obstacle,1
1786510289.4987984,12.05023954777008,0.6491935483870968,102.69605914278873,0.0,-0.55,0.16,avoid:obstacle,1
1786510289.593843,11.823296264048281,0.5161290322580645,105.17335331503678,0.0,-0.55,0.16,avoid:obstacle,1
1786510289.680339,11.551699816206428,0.5463709677419355,104.09950729227856,0.0,-0.55,0.16,avoid:obstacle,1
1786510289.774318,11.564461823191769,0.7338709677419355,103.89979193219395,0.0,-0.55,0.16,avoid:obstacle,1
1786510289.8615344,11.373719502554279,0.7701612903225807,103.61542289730635,0.0,-0.55,0.16,avoid:obstacle,1
1786510289.9526625,11.389224475829149,0.6189516129032258,105.31923358126836,0.0,-0.55,0.16,avoid:obstacle,1
1786510290.0394816,11.278520215443473,0.6008064516129032,105.1961456827342,0.0,-0.55,0.16,avoid:obstacle,1
1786510290.124389,11.37146724750468,0.594758064516129,106.52207770235862,0.0,-0.55,0.16,avoid:obstacle,1
1786510290.2072923,11.413423427592395,0.5463709677419355,106.95267719853871,0.0,-0.55,0.16,avoid:obstacle,1
1786510290.300165,11.548297217850081,0.5282258064516129,109.42490994589701,0.0,-0.55,0.16,avoid:obstacle,1
1786510290.3888705,11.409607242739096,0.5040322580645161,112.73946784922404,0.0,-0.7200000000000001,0.125,follow,1
1786510290.4733608,11.375137029971647,0.48588709677419356,105.83547060440516,0.0,-1.0,0.09638322400436083,follow,1
1786510290.5628307,11.474750238454414,0.7399193548387096,103.88651906518038,0.0,-1.0,0.09,follow,1
1786510290.650427,11.422849549970628,0.7641129032258064,103.91080993087472,0.0,-1.0,0.09,follow,1
1786510290.7404737,11.414256257273937,0.5403225806451613,103.36609998300912,0.0,-1.0,0.09,follow,1
1786510290.8248355,11.348667261643932,0.5705645161290323,104.25169909631637,0.0,-1.0,0.09,follow,1
1786510290.9128494,11.468093522740341,0.752016129032258,104.30051242751972,0.0,-1.0,0.09,follow,1
1786510291.0032258,11.436810335511108,0.8004032258064516,103.90582068177916,0.0,-1.0,0.0978092049219266,follow,1
1786510291.090162,11.333576074041886,0.6189516129032258,104.50334002148514,0.0,-1.0,0.0973807738036463,follow,1
1786510291.1732006,11.407200983674057,0.594758064516129,103.6995322574011,0.0,-1.0,0.09021316071394535,follow,1
1786510291.252832,11.516671395969336,0.5584677419354839,106.18064421704838,0.0,-1.0,0.09821316071394534,follow,1
1786510291.3384888,11.73683326321525,0.5463709677419355,99.712015657326,0.0,-1.0,0.09,follow,1
1786510291.4239833,11.732245528714813,0.5040322580645161,110.07301235349964,0.0,-1.0,0.098,follow,1
1786510291.5054781,11.722570340435594,0.467741935483871,120.39297568244938,0.0,-0.40760932321799415,0.09,follow,1
1786510291.5849924,11.829537295378188,0.4435483870967742,119.72236178195607,0.0,-0.3903570136865635,0.09,follow,1
1786510291.6843655,11.958828481500877,0.7096774193548387,105.69702093070515,0.0,-1.0,0.09,follow,1
1786510291.7720127,11.56689169983843,0.5161290322580645,108.20870571962587,0.0,-0.966621538686867,0.098,follow,1
1786510291.8590913,11.540660235974526,0.5282258064516129,107.90015137498928,0.0,-1.0,0.1036297088744211,follow,1
1786510291.9440155,11.562518874754659,0.564516129032258,108.5606541165087,0.0,-0.9902039484918996,0.09531451028496234,follow,1
1786510292.0295355,11.597382631568376,0.5887096774193548,110.17053124582606,0.0,-0.9304365776115316,0.10331451028496233,follow,1
1786510292.1258168,11.609853690402186,0.7580645161290323,109.332170151169,0.0,-1.0,0.10089169220750661,follow,1
1786510292.2181182,11.366855575607874,0.782258064516129,110.03364315419304,0.0,-1.0,0.10604189724045072,follow,1
1786510292.3062828,11.269425173239632,0.594758064516129,112.39133498695477,0.0,-0.8287403662357462,0.11404189724045072,follow,1
1786510292.388157,11.283513044249226,0.6068548387096775,110.77281045501113,0.0,-1.0,0.09,follow,1
1786510292.470715,11.459585649156974,0.6491935483870968,109.29192408228289,0.0,-1.0,0.09,follow,1
1786510292.5639045,11.564689357996649,0.9637096774193549,112.62051465598145,0.0,-0.8385253320271833,0.098,follow,1
1786510292.655843,11.418705028821874,0.625,117.25769347598882,0.0,-0.5511100948114639,0.10600000000000001,follow,1
1786510292.7577622,11.317241117916817,0.8608870967741936,115.22416595171798,0.0,-0.9539439884550425,0.11400000000000002,follow,1
1786510292.8417723,11.012032552414457,0.594758064516129,115.63369873996945,0.0,-0.8525522432191979,0.11331528580377895,follow,1
1786510292.9365957,11.201394426613781,0.8608870967741936,115.69139146924408,0.0,-0.862992409637374,0.12131528580377895,follow,1
1786510293.0278068,11.065685431712499,0.5584677419354839,121.6351404422436,0.0,-0.31073490220519495,0.12031762909284809,follow,1
1786510293.1068451,11.04637429390917,0.5463709677419355,120.58261104441775,0.0,-0.645632552296364,0.12831762909284808,follow,1
1786510293.1881468,11.339473781745033,0.5161290322580645,128.5262570089161,0.0,-0.005632552296363946,0.09331762909284808,follow,1
1786510293.2703454,11.559415681008627,0.49798387096774194,132.72735191637653,0.0,0.22168729065768245,0.09,follow,1
1786510293.3522902,11.676363870476665,0.48588709677419356,129.82360161089315,0.0,-0.28601560324253195,0.098,follow,1
1786510293.42785,11.788341261483316,0.4616935483870968,153.4864045864024,0.0,0.35398439675746807,0.09,follow,1
1786510293.513725,12.071729875618617,0.7399193548387096,125.48640458640239,0.0,-0.28601560324253195,0.09,follow,1
1786510293.6035433,11.990817979844188,0.5887096774193548,122.76412268916798,0.0,-0.7775935164653756,0.098,follow,1
1786510293.6912274,11.817087668069076,0.6008064516129032,123.62849079156098,0.0,-0.5631680265126622,0.09879827099492962,follow,1
1786510293.7838569,11.737518268289511,0.7701612903225807,124.08299797282767,0.0,-0.5890445144629622,0.09,follow,1
1786510293.8736093,11.541339888543112,0.625,126.11677809674894,0.0,-0.41896945265253305,0.098,follow,1
1786510293.9723349,11.470269285981598,0.655241935483871,126.30068929047816,0.0,-0.5226486503430781,0.10234084501006095,follow,1
1786510294.0685163,11.20262858954338,0.7036290322580645,127.71022973947262,0.0,-0.420550017304002,0.09,follow,1
1786510294.1704154,11.040098937013292,0.8850806451612904,127.90755730916362,0.0,-0.4966078156803385,0.09717719025969691,follow,1
1786510294.256448,10.794410781065253,0.7096774193548387,130.99139171639155,0.0,-0.2413566719340735,0.1051771902596969,follow,1
1786510294.342612,10.936287454226427,0.6975806451612904,130.68101443909666,0.0,-0.3941066676751873,0.11317719025969691,follow,1
1786510294.4406972,11.090743066327802,0.842741935483871,129.39766383591862,0.0,-0.5161841689999901,0.10102245465342817,follow,1
1786510294.5327253,10.90630987542201,0.842741935483871,129.06325924934177,0.0,-0.48766520092036414,0.10502671238538679,follow,1
1786510294.6189833,10.845921536547088,0.6431451612903225,131.0461955954492,0.0,-0.2726320904955174,0.11302671238538678,follow,1
1786510294.703925,11.070927429828167,0.6370967741935484,131.14545612317778,0.0,-0.32576595527942975,0.12102671238538679,follow,1
1786510294.7932608,11.182053927485748,0.6310483870967742,131.6820111241217,0.0,-0.2741894941642815,0.1290267123853868,follow,1
1786510294.8843126,11.212233158623537,0.6189516129032258,133.49685012349795,0.0,-0.12275850213161654,0.13461965288297295,follow,1
1786510294.9717262,11.165561951602468,0.6008064516129032,131.9988772339968,0.0,-0.34791255285964306,0.13970225658172453,follow,1
1786510295.068334,11.188696921253916,0.8185483870967742,128.43863568364824,0.0,-0.649698419332612,0.10470225658172452,follow,1
1786510295.1569467,11.016177215763921,0.5524193548387096,132.86019946440052,0.0,-0.09115276863107957,0.11270225658172453,follow,1
1786510295.2403762,11.09953026683654,0.5403225806451613,136.12556141327897,0.0,0.06627066395122705,0.12070225658172454,follow,1
1786510295.3368232,11.277901118665108,0.7762096774193549,128.62338970014238,0.0,-0.573729336048773,0.09158050708464147,follow,1
1786510295.4216843,11.08106429684629,0.49798387096774194,141.88863575449076,0.0,0.06627066395122705,0.09,follow,1
1786510295.5101593,11.246879445853056,0.4798387096774194,156.4269887296204,0.0,0.7062706639512271,0.09,follow,1
1786510295.6011388,11.260296346234577,0.4495967741935484,156.08604358165448,0.0,1.0,0.09,follow,1
1786510295.6864254,11.19228164206593,0.4435483870967742,148.0391015827153,0.0,0.4273655378084743,0.09,follow,1
1786510295.7778091,11.313862594694212,0.6794354838709677,127.00122304204433,0.0,-0.2126344621915257,0.09,follow,1
1786510295.8689756,11.203603208016714,0.5463709677419355,128.36891139434488,0.0,-0.3736633320401328,0.09,follow,1
1786510295.9495792,11.1850180759739,0.5766129032258065,128.32638797261433,0.0,-0.4921095476055237,0.098,follow,1
1786510296.0361629,11.424695885986312,0.594758064516129,126.85130711055858,0.0,-0.5740791965204215,0.09018458160717906,follow,1
1786510296.119056,11.44664288398583,0.6129032258064516,125.0604211758858,0.0,-0.6782338584296141,0.09,follow,1
1786510296.199716,11.588778592965571,0.6431451612903225,125.05301703893095,0.0,-0.5988922191042346,0.098,follow,1
1786510296.2809644,11.747918392980278,0.6129032258064516,129.21027586608722,0.0,-0.17067771239797125,0.10600000000000001,follow,1
1786510296.3631501,11.864703281772512,0.5887096774193548,127.70675267714739,0.0,-0.499589655266362,0.11400000000000002,follow,1
1786510296.439474,11.90921152012072,0.5705645161290323,129.110312119746,0.0,-0.2666817577988233,0.12200000000000003,follow,1
1786510296.519693,12.121009115682355,0.5463709677419355,126.73787068018689,0.0,-0.550358303229773,0.13000000000000003,follow,1
1786510296.6011813,12.225942807217207,0.5403225806451613,128.15989269667097,0.0,-0.2794681825241151,0.1271803769508585,follow,1
1786510296.6816955,12.236432145112115,0.5282258064516129,128.64430031115933,0.0,-0.2665450619005848,0.1232254939219443,follow,1
1786510296.76117,12.231585948346728,0.49798387096774194,126.67669525596405,0.0,-0.4310022537177046,0.1138863318397567,follow,1
1786510296.8445127,12.288342909198981,0.6915322580645161,115.7616092457495,0.0,-1.0,0.09,follow,1
1786510296.9355614,12.229426132061276,0.7096774193548387,114.29922670501617,0.0,-0.949323444974378,0.09,follow,1
1786510297.0199397,12.022167760592922,0.7278225806451613,113.90673693395209,0.0,-0.9176417359906076,0.09,follow,1
1786510297.0923998,11.971195942988944,0.4254032258064516,141.9067369339521,0.0,-0.2776417359906076,0.09,follow,1
1786510297.1852505,12.347198934787697,0.6975806451612904,113.90673693395209,0.0,-0.9176417359906076,0.09,follow,1
1786510297.2658806,12.040170770466213,0.5403225806451613,112.44736839000223,0.0,-1.0,0.09,follow,1
1786510297.351455,12.098812533899677,0.5584677419354839,113.82495660673551,0.0,-0.9008037688712176,0.098,follow,1
1786510297.4423068,12.027011784411311,0.7096774193548387,112.73609465925254,0.0,-1.0,0.09,follow,1
1786510297.5258918,11.821837412952956,0.564516129032258,111.30407453257067,0.0,-1.0,0.09,follow,1
1786510297.6157959,11.860269913187054,0.872983870967742,110.7996123855674,0.0,-1.0,0.09,follow,1
1786510297.7064135,11.704192251158096,0.8911290322580645,110.17377771232468,0.0,-1.0,0.09535421940585766,follow,1
1786510297.7884238,11.560757689087986,0.6008064516129032,111.79325725183807,0.0,-0.9545847480923708,0.10335421940585765,follow,1
1786510297.8716016,11.682286417079444,0.5887096774193548,113.37454431533374,0.0,-0.8522724983002004,0.11135421940585766,follow,1
1786510297.9527683,11.769838471051514,0.5584677419354839,112.77612054981661,0.0,-0.9686499993828189,0.11935421940585766,follow,1
1786510298.033231,11.887513099244297,0.5403225806451613,112.50383266627534,0.0,-0.9706156722315131,0.12128761747536497,follow,1
1786510298.1159399,11.995266048349265,0.5403225806451613,116.68128138628123,0.0,-0.5420795083436145,0.11543608462894134,follow,1
1786510298.200511,11.997779063331356,0.5342741935483871,121.05330004342177,0.0,-0.29938953454389394,0.09,follow,1
1786510298.2887645,11.96347783116552,0.5161290322580645,122.62815592732187,0.0,-0.3330033751189989,0.09,follow,1
1786510298.3709986,11.850607280614316,0.49798387096774194,120.95899222728477,0.0,-0.5708441086071228,0.09172280594421779,follow,1
1786510298.448771,11.909831936838366,0.4798387096774194,121.24385873727994,0.0,-0.4827484844291748,0.09972280594421778,follow,1
1786510298.538327,12.075100195122538,0.6370967741935484,112.2317862077438,0.0,-1.0,0.09,follow,1
1786510298.6200364,11.889481695321566,0.6431451612903225,112.70439812053615,0.0,-0.8898267770048387,0.09,follow,1
1786510298.6947427,11.98421125491758,0.4314516129032258,140.70439812053615,0.0,-0.24982677700483868,0.09,follow,1
1786510298.780641,12.149459571460767,0.7217741935483871,114.49599671647469,0.0,-0.8898267770048387,0.09,follow,1
1786510298.8644528,12.14242224093789,0.7459677419354839,115.38039342814542,0.0,-0.8076077892154583,0.09,follow,1
1786510298.9508018,12.083770074265686,0.8064516129032258,115.73071331998236,0.0,-0.8606585605089092,0.09,follow,1
1786510299.033281,12.004865537376368,0.5524193548387096,117.14402068519676,0.0,-0.7758565397082993,0.09,follow,1
1786510299.1166608,11.969734291543132,0.5705645161290323,120.7517042705721,0.0,-0.5383675227306041,0.098,follow,1
1786510299.2104273,11.970537537518034,0.7580645161290323,118.87527034883006,0.0,-0.867331261182377,0.09,follow,1
1786510299.3033388,11.750873661381739,0.7883064516129032,119.2898723128867,0.0,-0.7697183204096802,0.09328376358849363,follow,1
1786510299.3972309,11.560965801560275,0.8185483870967742,119.63539202170853,0.0,-0.7640919861920275,0.10128376358849364,follow,1
1786510299.4838562,11.353782090106524,0.6189516129032258,121.53516209699796,0.0,-0.6020711632871532,0.10928376358849365,follow,1
1786510299.5662856,11.417880022942967,0.6008064516129032,122.46302562367345,0.0,-0.5825240650831937,0.11728376358849366,follow,1
1786510299.6678185,11.552616154978585,0.8125,119.35891725443473,0.0,-0.9323742444151139,0.11011899840640979,follow,1
1786510299.7576149,11.208659502569121,0.564516129032258,125.21577164973402,0.0,-0.29237424441511384,0.1181189984064098,follow,1
1786510299.8424416,11.175421409611609,0.5463709677419355,122.88878611018842,0.0,-0.7083071344470749,0.12040106090274277,follow,1
1786510299.9374194,11.327313669108133,0.5463709677419355,126.62726290516206,0.0,-0.25122481421067167,0.12840106090274278,follow,1
1786510300.0275667,11.169829035829498,0.7762096774193549,121.74980668620013,0.0,-0.8912248142106717,0.11221310884506104,follow,1
1786510300.1112654,11.154011821001303,0.5100806451612904,139.33092205582386,0.0,-0.25122481421067167,0.09,follow,1
1786510300.1896307,11.274234603094406,0.49193548387096775,137.38133102455976,0.0,0.07934393157379271,0.09,follow,1
1786510300.2690096,11.603934241804083,0.4798387096774194,139.83841229893872,0.0,0.3977356082140655,0.09,follow,1
1786510300.3445525,11.824998172194674,0.4495967741935484,149.28002476650886,0.0,1.0,0.09,follow,1
1786510300.4162815,12.107200294612689,0.4254032258064516,177.28002476650886,0.0,1.0,0.09,follow,1
1786510300.4964635,12.47415533123975,0.5342741935483871,149.28002476650886,0.0,1.0,0.09,follow,1
1786510300.5820153,12.42622040966074,0.7580645161290323,123.80132146100371,0.0,0.3977356082140654,0.09,follow,1
1786510300.6658065,12.314693646545464,0.782258064516129,124.1701945752546,0.0,-0.24226439178593462,0.09,follow,1
1786510300.7446227,12.231022946375479,0.5584677419354839,126.2980072725753,0.0,-0.45469090993018446,0.09184816600543605,follow,1
1786510300.824502,12.316426657595935,0.5826612903225806,126.2921562052641,0.0,-0.5514537539199581,0.09,follow,1
1786510300.9102976,12.374745039826985,0.594758064516129,124.97583746039547,0.0,-0.7157812683338288,0.09,follow,1
1786510300.9957438,12.22557138605351,0.625,125.6599969939056,0.0,-0.5844616722760931,0.09,follow,1
1786510301.086105,12.127418613960263,0.6129032258064516,129.3920532013436,0.0,-0.26130030764204193,0.098,follow,1
1786510301.1667175,11.892360697676969,0.6008064516129032,130.60164877418558,0.0,-0.30066694173401887,0.10600000000000001,follow,1
1786510301.2469907,12.027842194951148,0.594758064516129,128.8669422413695,0.0,-0.5273407196854782,0.11400000000000002,follow,1
1786510301.3460631,12.101862678794372,0.9153225806451613,124.21531214879845,0.0,-0.9168826702131907,0.09,follow,1
1786510301.4248638,11.693864069323336,0.5584677419354839,134.55321193789536,0.0,-0.2768826702131907,0.0926543994213008,follow,1
1786510301.5069606,11.911331708780564,0.5463709677419355,134.855200378024,0.0,-0.02696921405410535,0.09,follow,1
1786510301.587831,11.96767902929392,0.5584677419354839,126.50625922357317,0.0,-0.6669692140541054,0.098,follow,1
1786510301.668836,12.000804190358856,0.5100806451612904,130.71016788090057,0.0,-0.02696921405410535,0.09447598773167909,follow,1
1786510301.7430422,12.104469919129459,0.49798387096774194,131.9183194853931,0.0,0.0018755407641160016,0.09,follow,1
1786510301.8198125,12.388576792125424,0.6612903225806451,115.52772350754952,0.0,-0.638124459235884,0.09,follow,1
1786510301.8971553,12.49634070728188,0.625,114.5550178162222,0.0,-0.9366664877229256,0.09,follow,1
1786510301.9718156,12.586899079819108,0.467741935483871,142.5550178162222,0.0,-0.2966664877229256,0.09,follow,1
1786510302.0462854,12.762679916398222,0.4375,144.34060572353224,0.0,0.3433335122770744,0.09,follow,1
1786510302.1199725,12.889733869048506,0.4193548387096774,172.34060572353224,0.0,0.9833335122770744,0.09,follow,1
1786510302.200823,13.036349328922213,0.5403225806451613,144.34060572353224,0.0,0.3433335122770744,0.09,follow,1
1786510302.2824566,12.89579660376662,0.5584677419354839,116.34060572353224,0.0,-0.2966664877229256,0.098,follow,1
1786510302.3691258,12.740291655268239,0.8064516129032258,112.01818797567194,0.0,-0.9366664877229256,0.09,follow,1
1786510302.4528189,12.534507810230634,0.5524193548387096,112.55051435958953,0.0,-0.9951939232956547,0.09,follow,1
1786510302.531786,12.408477821217694,0.5705645161290323,111.69782991703059,0.0,-1.0,0.09,follow,1
1786510302.611406,12.459965468810331,0.5826612903225806,111.03714052140079,0.0,-1.0,0.09,follow,1
1786510302.6940863,12.487107917565634,0.6008064516129032,112.37612990688322,0.0,-0.9660675407340362,0.09,follow,1
1786510302.7743123,12.355631692592606,0.6189516129032258,112.50590473800273,0.0,-1.0,0.09,follow,1
1786510302.8519402,12.42003194833047,0.6068548387096775,114.05718265156341,0.0,-0.8498328038850261,0.098,follow,1
1786510302.9317133,12.517920223714372,0.594758064516129,112.2458780645361,0.0,-1.0,0.10600000000000001,follow,1
1786510303.0179632,12.528263493416597,0.9334677419354839,108.4328815836582,0.0,-1.0,0.09,follow,1
1786510303.091532,12.346806672054853,0.564516129032258,120.51536042573781,0.0,-0.7533828550646137,0.09431350968733421,follow,1
1786510303.1661897,12.53960812182007,0.5463709677419355,115.82923016014882,0.0,-1.0,0.10231350968733421,follow,1
1786510303.244624,12.749674466633756,0.6794354838709677,107.68787503660035,0.0,-1.0,0.09,follow,1
1786510303.3194683,12.71467119389317,0.5161290322580645,119.60626895854428,0.0,-0.6619811897812625,0.09,follow,1
1786510303.3931549,12.897413129958657,0.48588709677419356,114.9379263088504,0.0,-0.9162099454025456,0.09606271674386725,follow,1
1786510303.471916,13.031132712566844,0.6189516129032258,102.76114384051901,0.0,-1.0,0.09,follow,1
1786510303.5546129,12.962752018329184,0.7338709677419355,102.86044296650759,0.0,-1.0,0.09,follow,1
1786510303.6380737,12.789467506339696,0.6431451612903225,103.32965691025383,0.0,-1.0,0.09,follow,1
1786510303.719226,12.616608372343856,0.7157258064516129,103.33471025976017,0.0,-1.0,0.09,follow,1
1786510303.8035934,12.565301329221612,0.5221774193548387,105.08884681855008,0.0,-1.0,0.09,follow,1
1786510303.8912475,12.42890258001893,0.6673387096774193,104.50330569898763,0.0,-1.0,0.09,follow,1
1786510303.9770653,12.194877611457681,0.7762096774193549,104.36301935677291,0.0,-1.0,0.09,follow,1
1786510304.0597794,12.085686388294377,0.5524193548387096,106.61483516483506,0.0,-1.0,0.09,follow,1
1786510304.1401713,12.11907738633382,0.5584677419354839,105.16546206290884,0.0,-1.0,0.09,follow,1
1786510304.2197168,12.18096791879508,0.5826612903225806,106.60686650875355,0.0,-1.0,0.09,follow,1
1786510304.3057804,12.263863615741762,0.7762096774193549,105.70670180445332,0.0,-1.0,0.09,follow,1
1786510304.3927667,12.081447964137762,0.8911290322580645,105.17042790376418,0.0,-1.0,0.09,follow,1
1786510304.4701836,12.010743599340891,0.6068548387096775,107.67510369133481,0.0,-1.0,0.09,follow,1
1786510304.5465424,12.167228429971422,0.5887096774193548,107.7292663476874,0.0,-1.0,0.09,follow,1
1786510304.6250713,12.391547281487963,0.5826612903225806,111.40899353873554,0.0,-0.8361630326311773,0.098,follow,1
1786510304.7017558,12.45852740347637,0.5584677419354839,118.88694246929506,0.0,-0.2550208565067532,0.09,follow,1
1786510304.7802696,12.563009740307967,0.5403225806451613,114.92678158451054,0.0,-0.8950208565067532,0.098,follow,1
1786510304.8576355,12.594149530018461,0.5342741935483871,119.61319592591883,0.0,-0.3912265816403664,0.10600000000000001,follow,1
1786510304.9409413,12.677757194548228,0.5100806451612904,128.39128625203716,0.0,0.24877341835963362,0.09,follow,1
1786510305.0197744,12.538888478322239,0.49193548387096775,127.88447343734616,0.0,-0.18360792655532254,0.09,follow,1
1786510305.1042328,12.567783073465119,0.625,110.71969786394195,0.0,-0.8236079265553226,0.09,follow,1
1786510305.195221,12.427758894767921,0.6794354838709677,110.88791330472392,0.0,-0.9173210406090632,0.09,follow,1
1786510305.2843633,12.127686165774474,0.6975806451612904,111.44521327383625,0.0,-0.9001293140475,0.09,follow,1
1786510305.3694868,11.947899332821626,0.6612903225806451,112.25918521204699,0.0,-0.9438952685421829,0.09,follow,1
1786510305.456392,11.88825220063761,0.6794354838709677,112.57651070209224,0.0,-1.0,0.09,follow,1
1786510305.5450149,11.832070350322677,0.7036290322580645,112.95029729248922,0.0,-1.0,0.09,follow,1
1786510305.6262355,11.718968375832649,0.5282258064516129,116.16987953073696,0.0,-0.7607848117089869,0.09,follow,1
1786510305.704512,11.849588305158617,0.5403225806451613,115.7452442702332,0.0,-0.9597583837468312,0.09,follow,1
1786510305.792582,12.02476957448025,0.5463709677419355,117.20033217542361,0.0,-0.8360503695046853,0.09,follow,1
1786510305.8767807,11.896446707782236,0.5766129032258065,113.96586484794058,0.0,-1.0,0.09,follow,1
1786510305.9650164,11.88241631040653,0.7701612903225807,115.4222431314144,0.0,-0.9694655313674737,0.09,follow,1
1786510306.046894,11.763971549656173,0.5826612903225806,117.3378738441296,0.0,-0.8394315388295539,0.09,follow,1
1786510306.1289525,11.873440258151529,0.6068548387096775,115.90616631258149,0.0,-1.0,0.09,follow,1
1786510306.214499,11.92752519029071,0.594758064516129,117.81740281312756,0.0,-0.8022072700639259,0.09604738122351227,follow,1
1786510306.304431,11.882621321358968,0.6008064516129032,119.93272632194162,0.0,-0.6778385757257925,0.10404738122351226,follow,1
1786510306.3928316,11.738042302380855,0.564516129032258,126.96456216739224,0.0,-0.09227972997970835,0.09740231153144001,follow,1
1786510306.481541,11.6498674290219,0.5403225806451613,121.01962905189681,0.0,-0.7322797299797084,0.10540231153144,follow,1
1786510306.5720017,11.569268617056448,0.5342741935483871,126.37436755460763,0.0,-0.2138272254384157,0.11340231153144001,follow,1
1786510306.658308,11.465024468003943,0.5161290322580645,142.39312513405054,0.0,0.4261727745615843,0.09,follow,1
1786510306.7430296,11.500262720192234,0.49798387096774194,131.16898954703925,0.0,-0.2138272254384157,0.09,follow,1
1786510306.8291745,11.558104150524668,0.4737903225806452,147.34588029324797,0.0,0.4261727745615843,0.09,follow,1
1786510306.9127467,11.53570409062699,0.45564516129032256,161.58865546218493,0.0,1.0,0.09,follow,1
1786510307.0004232,11.646371367226402,0.655241935483871,133.58865546218493,0.0,0.4261727745615843,0.09,follow,1
1786510307.0800247,11.600292063027046,0.4193548387096774,161.58865546218493,0.0,1.0,0.09,follow,1
1786510307.160571,11.791786637177706,0.5100806451612904,133.58865546218493,0.0,0.4261727745615843,0.09,follow,1
1786510307.2558393,11.932375691482058,0.6673387096774193,117.01694508771135,0.0,-0.2138272254384157,0.09,follow,1
1786510307.3479338,11.58639296195593,0.5221774193548387,118.30094873394503,0.0,-0.8538272254384157,0.09,follow,1
1786510307.4363382,11.501115409943406,0.5221774193548387,118.04589921763426,0.0,-1.0,0.09,follow,1
1786510307.5291152,11.458936131998994,0.5463709677419355,118.33838382161404,0.0,-0.9744828992854361,0.09,follow,1
1786510307.6282477,11.332923017048879,0.5766129032258065,118.50493468795389,0.0,-0.984759490025686,0.09,follow,1
1786510307.7280009,11.069715767280545,0.5705645161290323,120.868937388915,0.0,-0.7716431683465232,0.09,follow,1
1786510307.819371,10.860181069697948,0.5766129032258065,116.94131345593502,0.0,-1.0,0.09,follow,1
1786510307.9111698,10.881452027170376,0.564516129032258,123.93257135945827,0.0,-0.5606413706624082,0.098,follow,1
1786510308.012523,10.88767438229371,0.5524193548387096,120.71362683534875,0.0,-0.9400279105559506,0.10600000000000001,follow,1
1786510308.0996897,10.690509582539315,0.5403225806451613,121.63889893144977,0.0,-0.703737419428704,0.11400000000000002,follow,1
1786510308.1869714,10.833997749511012,0.5282258064516129,126.17922518431317,0.0,-0.2533555298235872,0.09,follow,1
1786510308.2838361,10.938616232146407,0.5100806451612904,128.51967204661585,0.0,-0.14678041847952394,0.09,follow,1
1786510308.377166,10.840695695173288,0.655241935483871,105.13164815487625,0.0,-0.786780418479524,0.09,follow,1
1786510308.4648776,10.802939871002202,0.685483870967742,103.29258096710564,0.0,-1.0,0.09,follow,1
1786510308.5590599,10.940101189327306,0.6491935483870968,101.8570555733775,0.0,-1.0,0.09,follow,1
1786510308.6449237,10.8564132635032,0.6673387096774193,100.67104313094663,0.0,-1.0,0.09,follow,1
1786510308.7323751,11.022494849522227,0.6975806451612904,99.93441318030355,0.0,-1.0,0.09,follow,1
1786510308.822385,11.087142825258118,0.7217741935483871,99.87742046427928,0.0,-1.0,0.09,follow,1
1786510308.921154,11.071987726562858,0.5161290322580645,98.10648956705319,0.0,-1.0,0.09,follow,1
1786510309.009228,10.889562204407346,0.5282258064516129,101.45605149552773,0.0,-1.0,0.09,follow,1
1786510309.1074378,11.015800653334336,0.8064516129032258,99.37816227966462,0.0,-1.0,0.09,follow,1
1786510309.1990266,10.858656025129621,0.564516129032258,98.78520874242258,0.0,-1.0,0.09,follow,1
1786510309.2857459,10.852567017094366,0.5826612903225806,98.27649648707231,0.0,-1.0,0.09,follow,1
1786510309.3795993,10.9760582223078,0.5524193548387096,109.07739311108978,0.0,-1.0,0.098,follow,1
1786510309.4618478,10.93368796087382,0.5403225806451613,107.69248605316199,0.0,-1.0,0.10600000000000001,follow,1
1786510309.5486014,11.179321837357513,0.6068548387096775,96.99041400389007,0.0,-1.0,0.09,follow,1
1786510309.6452987,11.229960167851996,0.6008064516129032,96.43297570343142,0.0,-1.0,0.09,follow,1
1786510309.7354827,11.061329054973102,0.625,96.45774313162607,0.0,-1.0,0.09,follow,1
1786510309.8278375,11.06644715913076,0.6431451612903225,96.17283509401028,0.0,-1.0,0.09,follow,1
1786510309.9197507,11.029773109762283,0.6491935483870968,95.82472834178515,0.0,-1.0,0.09,follow,1
1786510310.0057478,10.990911430688769,0.48588709677419356,97.4455867242769,0.0,-1.0,0.09,follow,1
1786510310.0955272,11.112925472131387,0.49193548387096775,94.73009987445153,0.0,-1.0,0.09,follow,1
1786510310.1895676,11.128278370292659,0.7217741935483871,95.08047032913802,0.0,-1.0,0.09,follow,1
1786510310.2864704,11.020554317854462,0.7459677419354839,94.63173911285867,0.0,-1.0,0.09,follow,1
1786510310.375141,10.893865073244836,0.5221774193548387,98.41497608444521,0.0,-1.0,0.09,follow,1
1786510310.4679673,10.96345656452719,0.5403225806451613,99.09193407936695,0.0,-1.0,0.09,follow,1
1786510310.572467,10.891139962971499,0.8306451612903225,93.99102498902081,0.0,-1.0,0.09,follow,1
1786510310.6598082,10.656369427247895,0.5524193548387096,98.50797211192211,0.0,-1.0,0.09,follow,1
1786510310.7600625,10.815494701577293,0.564516129032258,102.00326560232251,0.0,-1.0,0.09,follow,1
1786510310.8439415,10.648887027687897,0.5463709677419355,102.02469438839248,0.0,-1.0,0.09,follow,1
1786510310.9328227,10.89188232117401,0.5282258064516129,107.40208105570007,0.0,-1.0,0.098,follow,1
1786510311.0231304,10.975822718710875,0.6068548387096775,94.46906914554302,0.0,-1.0,0.09,follow,1
1786510311.109403,10.994668166730015,0.6129032258064516,94.22274661636601,0.0,-1.0,0.09,follow,1
1786510311.192449,11.1155762357348,0.6370967741935484,94.1399325305072,0.0,-1.0,0.09,follow,1
1786510311.2772226,11.262976441529066,0.6673387096774193,93.94964999371336,0.0,-1.0,0.09,follow,1
1786510311.3577223,11.393205895455736,0.594758064516129,95.78895444738006,0.0,-1.0,0.09,follow,1
1786510311.4428582,11.588221171817516,0.594758064516129,96.00984752274366,0.0,-1.0,0.09,follow,1
1786510311.5331855,11.637448321531993,0.7217741935483871,93.85706523656225,0.0,-1.0,0.09,follow,1
1786510311.6228957,11.528601936669936,0.6431451612903225,95.56533112409969,0.0,-1.0,0.09,follow,1
1786510311.7173667,11.40526656400068,0.5221774193548387,96.28257988094518,0.0,-1.0,0.09,follow,1
1786510311.818264,11.24548522441732,0.9334677419354839,92.08346436020787,0.0,-1.0,0.09,follow,1
1786510311.906764,11.002646058989718,0.6612903225806451,93.07599704090262,0.0,-1.0,0.09,follow,1
1786510311.9888713,11.074645247855893,0.5584677419354839,96.97144198753472,0.0,-1.0,0.09,follow,1
1786510312.0758467,11.296879606221355,0.6794354838709677,92.98069417098179,0.0,-1.0,0.09,follow,1
1786510312.172659,11.330973962942112,0.7096774193548387,92.64166097060817,0.0,-1.0,0.09,follow,1
1786510312.262347,11.135516081640784,0.7217741935483871,92.4245817473668,0.0,-1.0,0.09,follow,1
1786510312.3572316,11.110776036228245,0.7338709677419355,92.47938355789324,0.0,-1.0,0.09,follow,1
1786510312.4503322,10.964223321386006,0.7580645161290323,92.45007005911799,0.0,-1.0,0.09,follow,1
1786510312.5398912,10.968108754064756,0.7762096774193549,92.37858393642324,0.0,-1.0,0.09,follow,1
1786510312.631165,11.018591589025016,0.7641129032258064,92.79843208594804,0.0,-1.0,0.09,follow,1
1786510312.7190192,11.001975515916127,0.6008064516129032,93.85967622152984,0.0,-1.0,0.09,follow,1
1786510312.8177085,11.03422770863181,0.8366935483870968,92.23691496279841,0.0,-1.0,0.09,follow,1
1786510312.9150596,10.884861430135539,0.8608870967741936,92.6980356996292,0.0,-1.0,0.09,follow,1
1786510312.998124,10.773405441437099,0.625,91.7124017904359,0.0,-1.0,0.09,follow,1
1786510313.094453,11.01200131269337,0.9153225806451613,92.1169928179103,0.0,-1.0,0.09,follow,1
1786510313.1898923,10.885199062105652,0.6673387096774193,90.8928357717399,0.0,-1.0,0.09,follow,1
1786510313.281756,10.80403467269494,0.6733870967741936,91.06259114791047,0.0,-1.0,0.09,follow,1
1786510313.3784165,10.818913255866116,0.655241935483871,91.03277092796884,0.0,-1.0,0.09,follow,1
1786510313.4735262,10.725782660900451,0.685483870967742,90.90607317855059,0.0,-1.0,0.09,follow,1
1786510313.5637047,10.69068923595822,0.7036290322580645,91.01272543041826,0.0,-1.0,0.09,follow,1
1786510313.654,10.769558913685762,0.7338709677419355,91.22716191950138,0.0,-1.0,0.09,follow,1
1786510313.7452452,10.833356339571502,0.7580645161290323,91.2641834855162,0.0,-1.0,0.09,follow,1
1786510313.8409247,10.816880362614112,0.7641129032258064,91.64683319342747,0.0,-1.0,0.09,follow,1
1786510313.928859,10.779461063647929,0.7943548387096775,91.4409611150941,0.0,-1.0,0.098,follow,1
1786510314.021113,10.904111491447805,0.8306451612903225,91.77662954192427,0.0,-1.0,0.10035656022153296,follow,1
1786510314.113982,10.850792509291946,0.7641129032258064,91.90289392730261,0.0,-1.0,0.09,follow,1
1786510314.2078977,10.840649347868437,0.7883064516129032,91.70311752047512,0.0,-1.0,0.09,follow,1
1786510314.3076744,10.829196197338561,0.8608870967741936,92.01979044506386,0.0,-1.0,0.098,follow,1
1786510314.398425,10.660102581978158,0.6189516129032258,91.2325810335607,0.0,-1.0,0.09315808070950529,follow,1
1786510314.5016475,10.73387492983073,0.9213709677419355,92.65100850405706,0.0,-1.0,0.1011580807095053,follow,1
1786510314.609093,10.523459099144953,0.625,92.15559999118628,0.0,-1.0,0.09559913309539445,follow,1
1786510314.7057467,10.282281086848428,0.685483870967742,92.62243954595145,0.0,-1.0,0.10020189919653742,follow,1
1786510314.804265,10.302938567120396,0.7217741935483871,92.59602422893565,0.0,-1.0,0.10051582284190161,follow,1
1786510314.9146192,10.270805364468501,0.7459677419354839,93.18659772656252,0.0,-1.0,0.10477399215031237,follow,1
1786510315.0220199,10.017364266240067,0.7641129032258064,93.85027268441128,0.0,-1.0,0.10693045729199173,follow,1
1786510315.1236246,9.887424816898374,0.7338709677419355,94.1029868186341,0.0,-1.0,0.10466448032521088,follow,1
1786510315.225764,9.867166447386738,0.7701612903225807,94.96697326448263,0.0,-1.0,0.10945379201063037,follow,1
1786510315.3241644,9.848198283491232,0.7943548387096775,94.54502022972954,0.0,-1.0,0.10856004110162652,follow,1
1786510315.427213,9.906295450760718,0.8306451612903225,95.58199485578629,0.0,-1.0,0.11393808366936313,follow,1
1786510315.5244038,9.889651037347825,0.8548387096774193,96.16117524777688,0.0,-1.0,0.11567966425826832,follow,1
1786510315.6209505,9.960823980454332,0.8971774193548387,96.42362177901266,0.0,-1.0,0.1184401824551031,follow,1
1786510315.7196648,10.012782819508725,0.8185483870967742,96.89081030345116,0.0,-1.0,0.1153893001938434,follow,1
1786510315.8062565,10.070878759570416,0.6794354838709677,97.05165405775931,0.0,-1.0,0.1077687931081741,follow,1
1786510315.8993669,10.359132457535658,0.6612903225806451,97.86124483124615,0.0,-1.0,0.11085067839196555,follow,1
1786510316.0015042,10.441590642744348,0.969758064516129,98.4308998261776,0.0,-1.0,0.11885067839196556,follow,1
1786510316.0891495,10.313516492435165,0.6370967741935484,98.94263700009665,0.0,-1.0,0.11031520961481073,follow,1
1786510316.182792,10.521488472907379,0.7399193548387096,99.76497148416667,0.0,-1.0,0.11831520961481073,follow,1
1786510316.2882574,10.560387158559468,0.7036290322580645,100.27809012788101,0.0,-1.0,0.11621367835217217,follow,1
1786510316.3718202,10.33539615569441,0.4798387096774194,102.62284805047943,0.0,-1.0,0.1073351178876805,follow,1
1786510316.4522803,10.668440607726545,0.49798387096774194,97.86111149202496,0.0,-1.0,0.09,follow,1
1786510316.5516777,11.030025690156611,0.8185483870967742,102.03371391012219,0.0,-1.0,0.098,follow,1
1786510316.6348116,10.814765281268292,0.5161290322580645,105.79283952481578,0.0,-1.0,0.10600000000000001,follow,1
1786510316.7221236,11.049213173872394,0.5342741935483871,102.51688723592977,0.0,-1.0,0.09,follow,1
1786510316.8033679,11.159512200458199,0.5403225806451613,102.23488561705867,0.0,-1.0,0.09,follow,1
1786510316.8855624,11.363343207383835,0.5524193548387096,103.26930556837964,0.0,-1.0,0.09,follow,1
1786510316.9831893,11.544115043279358,0.8608870967741936,106.16672391396776,0.0,-1.0,0.098,follow,1
1786510317.0742474,11.278708629622322,0.6612903225806451,106.9402740920568,0.0,-1.0,0.10600000000000001,follow,1
1786510317.1645555,11.228203657360677,0.6975806451612904,108.02053508447169,0.0,-1.0,0.11400000000000002,follow,1
1786510317.256244,11.190146367957928,0.655241935483871,109.05448002774038,0.0,-1.0,0.12200000000000003,follow,1
1786510317.3581939,11.147060366503759,0.9032258064516129,110.13292941565015,0.0,-1.0,0.13000000000000003,follow,1
1786510317.4479287,10.87484694225075,0.49193548387096775,110.87821664856239,0.0,-1.0,0.09500000000000003,follow,1
1786510317.5443623,10.934568682104302,0.7701612903225807,111.93846009643924,0.0,-1.0,0.10300000000000004,follow,1
1786510317.6536224,10.825169830693907,0.8064516129032258,112.86391604178297,0.0,-1.0,0.11100000000000004,follow,1
1786510317.7491248,10.48771613055141,0.8366935483870968,113.91144311273572,0.0,-0.9683488685286886,0.11900000000000005,follow,1
1786510317.8362966,10.476928604075402,0.5342741935483871,111.07876540995574,0.0,-1.0,0.09,follow,1
1786510317.9424915,10.688621667718639,0.842741935483871,115.77208274359421,0.0,-0.7289743449528545,0.098,follow,1
1786510318.035597,10.418342526288784,0.564516129032258,111.19273101112745,0.0,-1.0,0.09,follow,1
1786510318.130003,10.499589745359632,0.5524193548387096,117.59042986425318,0.0,-0.7151420631374127,0.098,follow,1
1786510318.2282789,10.509596933716777,0.752016129032258,118.71427103508651,0.0,-0.7766136933745547,0.10600000000000001,follow,1
1786510318.3170242,10.349223764474992,0.5100806451612904,131.48436843927576,0.0,-0.13661369337455465,0.09,follow,1
1786510318.3979223,10.668614530757736,0.49798387096774194,122.6918386491555,0.0,-0.7766136933745547,0.098,follow,1
1786510318.4823616,10.998753485146917,0.4616935483870968,145.43564993564925,0.0,-0.13661369337455465,0.09,follow,1
1786510318.5784848,11.145012196782659,0.7096774193548387,123.9364849943798,0.0,-0.7766136933745547,0.098,follow,1
1786510318.6643302,10.99372248825549,0.39087557603686635,151.93648499437978,0.0,-0.13661369337455465,0.09,follow,1
1786510318.752801,11.10889811641373,0.5161290322580645,127.28506821792944,0.0,-0.7766136933745547,0.098,follow,1
1786510318.852808,11.189524485516683,0.8004032258064516,127.60087474654036,0.0,-0.4625723642162767,0.10600000000000001,follow,1
1786510318.949818,10.939962490715684,0.8306451612903225,128.57417820365222,0.0,-0.42440613483190404,0.11400000000000002,follow,1
1786510319.0493047,10.822368639753632,0.5463709677419355,126.66058427626342,0.0,-0.6245083697556519,0.09,follow,1
1786510319.1418643,10.67706228209402,0.8487903225806451,131.44873804653776,0.0,-0.15202127425352896,0.098,follow,1
1786510319.2278662,10.697161941675297,0.564516129032258,129.14126753749423,0.0,-0.565191383208173,0.09,follow,1
1786510319.3194506,10.851198437407326,0.5524193548387096,134.38670652876525,0.0,-0.007647617023306963,0.098,follow,1
1786510319.4122698,10.893921199609917,0.8487903225806451,135.3871074791048,0.0,-0.15137252008278945,0.10600000000000001,follow,1
1786510319.4996526,10.84985611854,0.5100806451612904,144.88105796642492,0.0,0.48862747991721056,0.09,follow,1
1786510319.581886,11.002884249392398,0.49798387096774194,140.28772447065148,0.0,-0.12848640146831924,0.098,follow,1
1786510319.681087,11.219193291827324,0.8608870967741936,136.9772639628327,0.0,-0.2687465988386222,0.10600000000000001,follow,1
1786510319.7645767,10.996291376440821,0.45564516129032256,155.70692322383496,0.0,0.37125340116137784,0.09,follow,1
1786510319.8655248,11.189473553940033,0.9274193548387096,137.7115729358539,0.0,-0.2687465988386222,0.098,follow,1
1786510319.9508224,10.935245136526241,0.6068548387096775,138.63144425578994,0.0,-0.027642462183080307,0.10600000000000001,follow,1
1786510320.0517032,11.0523594489639,0.8850806451612904,139.23156256382956,0.0,-0.0017199193487428266,0.11400000000000002,follow,1
1786510320.1445591,10.838987291060697,0.7580645161290323,140.0958497029056,0.0,0.027985084770469237,0.12200000000000003,follow,1
1786510320.2335243,10.845538644189663,0.8004032258064516,140.68939458354328,0.0,0.04239422782359448,0.13000000000000003,follow,1
1786510320.3262482,10.920961829590897,0.8245967741935484,141.3074758607295,0.0,0.08694556227015038,0.13800000000000004,follow,1
1786510320.422238,10.889383954437058,0.752016129032258,142.82939656418944,0.0,0.15197033311625385,0.12113576114844893,follow,1
1786510320.5088847,10.773902798596007,0.7278225806451613,142.71725837453687,0.0,0.11185409711847971,0.12913576114844894,follow,1
1786510320.5895307,10.956109490720984,0.5584677419354839,139.13511726896823,0.0,-0.24793133549949187,0.09413576114844893,follow,1
1786510320.6785693,11.239189615490904,0.564516129032258,140.80962747943857,0.0,0.07356227101371138,0.09349364253117996,follow,1
1786510320.7683613,11.21882242966432,0.9092741935483871,142.73829020886376,0.0,0.19409306134081983,0.10149364253117996,follow,1
1786510320.8443627,11.215636278221861,0.49798387096774194,140.54476011793125,0.0,-0.09213270649275662,0.09139110691721229,follow,1
1786510320.9359677,11.606126632542988,0.842741935483871,143.04482878437224,0.0,0.262582726203081,0.09939110691721229,follow,1
1786510321.019236,11.480581294685722,0.6733870967741936,142.82241093620553,0.0,0.16837165583036962,0.10739110691721229,follow,1
1786510321.1031096,11.59054867385785,0.6794354838709677,142.71727833748565,0.0,0.18838368876286338,0.10211286154852958,follow,1
1786510321.187829,11.640296952471166,0.7096774193548387,142.5624582245635,0.0,0.15055223539330975,0.11011286154852959,follow,1
1786510321.2594645,11.688005056630946,0.3894470046082949,137.02498023717607,0.0,-0.42341493281282006,0.09,follow,1
1786510321.3427114,12.08651346079267,0.5161290322580645,144.00107087048428,0.0,0.21658506718717996,0.098,follow,1
1786510321.4336147,12.102064610803094,0.7883064516129032,141.77176430053217,0.0,0.01611569108508437,0.10600000000000001,follow,1
1786510321.524444,11.884847576302267,0.8185483870967742,141.42864057599328,0.0,0.10699662084613748,0.10957894884083698,follow,1
1786510321.6164865,11.72143112404478,0.842741935483871,140.71356463860144,0.0,0.054425746476233994,0.11757894884083697,follow,1
1786510321.7017198,11.549938576093387,0.5584677419354839,141.30331865692528,0.0,0.15123679192356643,0.11399689871999631,follow,1
1786510321.7907085,11.573441677607947,0.5524193548387096,140.7055997783724,0.0,0.07745036387319748,0.11590886884083572,follow,1
1786510321.8819623,11.484279877741788,0.8608870967741936,139.33955600014605,0.0,-0.018787441846541797,0.12305809814265181,follow,1
1786510321.9741328,11.399745028710502,0.8608870967741936,139.41059037371485,0.0,0.0374213970497691,0.11646822829741539,follow,1
1786510322.0599089,11.29247045308782,0.5161290322580645,147.4881989766215,0.0,0.6774213970497691,0.10121825416828685,follow,1
1786510322.1330857,11.334098508162995,0.5040322580645161,140.66993981628127,0.0,0.0374213970497691,0.10921825416828684,follow,1
1786510322.2168043,11.859956840383951,0.6491935483870968,138.15039815320762,0.0,0.004650562109888234,0.09,follow,1
1786510322.2967298,11.876908184069912,0.45564516129032256,157.56242360580595,0.0,0.6446505621098882,0.09,follow,1
1786510322.3873131,11.983890191362114,0.8245967741935484,137.42821191575763,0.0,0.004650562109888234,0.098,follow,1
1786510322.475205,11.791812081691742,0.625,137.05950177532674,0.0,0.03945727879794969,0.09,follow,1
1786510322.564054,11.716561803362758,0.6431451612903225,136.83637556473343,0.0,0.03649828263805832,0.09,follow,1
1786510322.6540203,11.593735072440687,0.6733870967741936,135.9871444781218,0.0,-0.0794722268540442,0.09,follow,1
1786510322.749839,11.530654902094081,0.8185483870967742,135.42472272458855,0.0,-0.12130507299153892,0.09723426492714923,follow,1
1786510322.8323603,11.313400109732166,0.5221774193548387,141.0922785065125,0.0,0.4616061035702639,0.10523426492714924,follow,1
1786510322.917442,11.462575224046759,0.6008064516129032,145.54447999015665,0.0,0.6708617809161747,0.09,follow,1
1786510323.009985,11.541364681984815,0.8487903225806451,132.56028820933832,0.0,0.03086178091617464,0.09,follow,1
1786510323.0904584,11.381558281360068,0.5584677419354839,137.68223341586264,0.0,0.279530723480925,0.098,follow,1
1786510323.1865335,11.606144416137855,0.5584677419354839,138.57799026722435,0.0,0.17689989697602349,0.10600000000000001,follow,1
1786510323.2815921,11.357714770964542,0.8366935483870968,130.30660319546354,0.0,-0.46310010302397653,0.09,follow,1
1786510323.3621879,11.164040830776864,0.5040322580645161,143.4657903072536,0.0,0.17689989697602349,0.09,follow,1
1786510323.4428618,11.463101391223699,0.5040322580645161,130.55701615457693,0.0,-0.46310010302397653,0.09,follow,1
1786510323.521426,11.605649177017622,0.467741935483871,153.82987875093133,0.0,0.17689989697602349,0.09,follow,1
1786510323.5994494,11.87973861811356,0.4495967741935484,150.38678873308967,0.0,0.7253454194698679,0.09,follow,1
1786510323.6835294,12.066413215659148,0.6068548387096775,125.18540157101506,0.0,0.08534541946986784,0.09,follow,1
1786510323.766813,12.017670037617966,0.3897811059907834,153.18540157101506,0.0,0.7253454194698679,0.09,follow,1
1786510323.852969,12.024571044314863,0.6612903225806451,125.75723346680415,0.0,0.08534541946986784,0.09,follow,1
1786510323.9340832,11.946972893115557,0.5221774193548387,125.70018331889277,0.0,-0.48332111999910554,0.09,follow,1
1786510324.019281,12.012678400708701,0.6612903225806451,121.25255140992155,0.0,-0.8835608169617155,0.09,follow,1
1786510324.1116207,11.934847972340991,0.7701612903225807,118.54338537777123,0.0,-0.9299153092459451,0.09,follow,1
1786510324.2022688,11.700656985377506,0.5403225806451613,119.14164711906821,0.0,-0.7536664332726355,0.09,follow,1
1786510324.2929978,11.591935168385799,0.7096774193548387,116.93761467550914,0.0,-0.9779137844466999,0.09,follow,1
1786510324.3860567,11.446879221549423,0.7701612903225807,114.44515929139038,0.0,-1.0,0.09,follow,1
1786510324.4694054,11.3141643518992,0.5463709677419355,118.0786595489252,0.0,-0.6479619958047316,0.09,follow,1
1786510324.5688956,11.499934628112008,0.8790322580645161,110.90345318951061,0.0,-1.0,0.09,follow,1
1786510324.655228,11.209886306201149,0.5221774193548387,121.68311497393236,0.0,-0.6479619958047317,0.098,follow,1
1786510324.736872,11.285520309905607,0.5100806451612904,127.80166260285486,0.0,-0.00796199580473167,0.09459561336979512,follow,1
1786510324.820728,11.477484745952186,0.49798387096774194,124.65947467166998,0.0,-0.47910510919101146,0.10259561336979511,follow,1
1786510324.9036198,11.556393488945918,0.4737903225806452,136.1044607360394,0.0,0.16089489080898856,0.09,follow,1
1786510324.9870026,11.659523693760224,0.6491935483870968,108.10446073603941,0.0,-0.47910510919101146,0.09,follow,1
1786510325.0706227,11.728525988881607,0.6612903225806451,101.64709141871612,0.0,-1.0,0.09,follow,1
1786510325.1610172,11.76975876000287,0.6733870967741936,100.21542297261837,0.0,-1.0,0.09,follow,1
1786510325.240765,11.623588450706084,0.4012096774193548,128.21542297261837,0.0,-0.8966235833008173,0.09,follow,1
1786510325.32183,11.82252115019136,0.3452073732718894,133.6621964991311,0.0,-0.25662358330081725,0.09,follow,1
1786510325.4024491,11.911426037010802,0.48588709677419356,105.66219649913111,0.0,-0.8966235833008173,0.09,follow,1
1786510325.4845583,11.978467116077654,0.5040322580645161,103.09223320638408,0.0,-1.0,0.09,follow,1
1786510325.5637136,12.06766897732591,0.5040322580645161,106.2160168249219,0.0,-1.0,0.09,follow,1
1786510325.64853,12.14349593406581,0.5282258064516129,99.30749095954945,0.0,-1.0,0.09,follow,1
1786510325.7246768,12.10645787632241,0.5403225806451613,102.77936151333836,0.0,-1.0,0.09,follow,1
1786510325.8051603,12.247706569775925,0.564516129032258,99.30932510885344,0.0,-1.0,0.09,follow,1
1786510325.8873727,12.197648531896245,0.5463709677419355,102.97507930831836,0.0,-1.0,0.09,follow,1
1786510325.972842,12.28606888414926,0.5403225806451613,103.91937005606981,0.0,-1.0,0.09136262486944503,follow,1
1786510326.0501628,12.194755265310611,0.5161290322580645,117.87005009651675,0.0,-0.7104953980757273,0.09,follow,1
1786510326.1214342,12.367007050559433,0.49798387096774194,110.93614312516775,0.0,-1.0,0.098,follow,1
1786510326.204251,12.650710112800493,0.6310483870967742,93.6149867286336,0.0,-1.0,0.09,follow,1
1786510326.289126,12.558347310415586,0.6310483870967742,92.7964073483804,0.0,-1.0,0.09,follow,1
1786510326.3705826,12.379047551468332,0.6431451612903225,92.7871424595306,0.0,-1.0,0.09,follow,1
1786510326.4541109,12.383086390504642,0.6733870967741936,92.33638570553765,0.0,-1.0,0.09,follow,1
1786510326.538272,12.259692897215004,0.685483870967742,91.60289440890702,0.0,-1.0,0.09,follow,1
1786510326.619571,12.18097283162093,0.4798387096774194,92.12194988510635,0.0,-1.0,0.09,follow,1
1786510326.7089534,12.266744655614819,0.7278225806451613,91.28092203155467,0.0,-1.0,0.09,follow,1
1786510326.80294,12.04092461353117,0.7580645161290323,91.28961242712458,0.0,-1.0,0.09,follow,1
1786510326.8810015,11.77079165353017,0.5221774193548387,98.19321002986538,0.0,-1.0,0.09124488489172534,follow,1
1786510326.9674995,11.981881796571496,0.5342741935483871,90.42199682833237,0.0,-1.0,0.09,follow,1
1786510327.0459824,11.873217797881319,0.5463709677419355,94.47419644453332,0.0,-1.0,0.09,follow,1
1786510327.1370275,12.075198734985419,0.8790322580645161,90.68737725683374,0.0,-1.0,0.09,follow,1
1786510327.216644,11.858838676434072,0.5524193548387096,94.33222273524535,0.0,-1.0,0.09,follow,1
1786510327.3081505,11.998533570518543,0.6370967741935484,91.27116386637567,0.0,-1.0,0.09,follow,1
1786510327.3963995,11.767595392346834,0.6431451612903225,91.22797584877839,0.0,-1.0,0.09,follow,1
1786510327.482376,11.676513124156664,0.6431451612903225,91.0822642842235,0.0,-1.0,0.09,follow,1
1786510327.58615,11.571022431519905,0.5524193548387096,91.55313140640868,0.0,-1.0,0.09,follow,1
1786510327.6678221,11.264766973669312,0.5826612903225806,91.17164072273314,0.0,-1.0,0.09,follow,1
1786510327.753731,11.464013159053048,0.655241935483871,90.8725892384517,0.0,-1.0,0.09,follow,1
1786510327.8381076,11.491598947262126,0.6612903225806451,90.94867956031467,0.0,-1.0,0.09,follow,1
1786510327.9275835,11.564109307670014,0.6915322580645161,90.72439002768934,0.0,-1.0,0.09,follow,1
1786510328.0201945,11.496924905192236,0.7096774193548387,90.71015903015896,0.0,-1.0,0.09,follow,1
1786510328.1043334,11.352190879905045,0.49193548387096775,97.38196176416608,0.0,-1.0,0.098,follow,1
1786510328.1949992,11.44256042501437,0.7580645161290323,90.39295141499659,0.0,-1.0,0.09,follow,1
1786510328.2856965,11.381189649241973,0.7762096774193549,90.12982700872286,0.0,-1.0,0.09,follow,1
1786510328.3691995,11.31195912682267,0.5463709677419355,94.40068095323271,0.0,-1.0,0.09,follow,1
1786510328.457476,11.429370605712172,0.5463709677419355,96.4915235881571,0.0,-1.0,0.0963518717377056,follow,1
1786510328.5430138,11.418395717335862,0.5705645161290323,93.61447567107957,0.0,-1.0,0.09,follow,1
1786510328.6295476,11.454434961916382,0.5463709677419355,100.6960441623456,0.0,-1.0,0.098,follow,1
1786510328.7241185,11.493586729022873,0.594758064516129,89.66681284663238,0.0,-1.0,0.09,follow,1
1786510328.8113341,11.301132772342655,0.6008064516129032,89.89952617516883,0.0,-1.0,0.09,follow,1
1786510328.898249,11.347239518666466,0.6008064516129032,89.97512282313019,0.0,-1.0,0.09,follow,1
1786510328.98865,11.36525459420595,0.6370967741935484,89.59296368953616,0.0,-1.0,0.09,follow,1
1786510329.0763714,11.316295518617583,0.594758064516129,90.29000930012204,0.0,-1.0,0.09,follow,1
1786510329.157806,11.335186529842034,0.4435483870967742,96.12057152406382,0.0,-1.0,0.098,follow,1
1786510329.2431977,11.469066777733866,0.48588709677419356,93.14899506003404,0.0,-1.0,0.09,follow,1
1786510329.3295212,11.552353373086415,0.49193548387096775,89.76524213911864,0.0,-1.0,0.09,follow,1
1786510329.4181824,11.551048102698516,0.49193548387096775,91.49382943757008,0.0,-1.0,0.09,follow,1
1786510329.5044055,11.510511188100772,0.5100806451612904,89.94207777474878,0.0,-1.0,0.09,follow,1
1786510329.5952275,11.532561235390244,0.7701612903225807,90.34734844145419,0.0,-1.0,0.09,follow,1
1786510329.6924543,11.407505365679839,0.7157258064516129,91.6423057954706,0.0,-1.0,0.09,follow,1
1786510329.7752056,11.196935552017482,0.5463709677419355,89.09803223416702,0.0,-1.0,0.09,follow,1
1786510329.8619418,11.374629070598901,0.5524193548387096,92.94572444362365,0.0,-1.0,0.09,follow,1
1786510329.9500115,11.349168856563256,0.5524193548387096,96.52180903130338,0.0,-1.0,0.09,follow,1
1786510330.0447726,11.404126186791471,0.5403225806451613,97.39121455473774,0.0,-1.0,0.098,follow,1
1786510330.1310167,11.215351158635922,0.6310483870967742,92.095373448163,0.0,-1.0,0.09,follow,1
1786510330.2137752,11.324750723784371,0.6431451612903225,92.42318701199295,0.0,-1.0,0.09,follow,1
1786510330.3012903,11.46866147748737,0.655241935483871,92.87621934503255,0.0,-1.0,0.09,follow,1
1786510330.3922644,11.38671511684803,0.6794354838709677,92.8494242404995,0.0,-1.0,0.09,follow,1
1786510330.4751763,11.383720278651028,0.6975806451612904,93.05976532408405,0.0,-1.0,0.09,follow,1
1786510330.5534286,11.524380966578095,0.5040322580645161,94.85249464092284,0.0,-1.0,0.09,follow,1
1786510330.6359236,11.76037330971376,0.6431451612903225,93.90803571428569,0.0,-1.0,0.09,follow,1
1786510330.721023,11.821762134520942,0.6673387096774193,94.18219366970985,0.0,-1.0,0.09,follow,1
1786510330.800287,11.815051772726752,0.5100806451612904,98.03686897334046,0.0,-1.0,0.09,follow,1
1786510330.8874676,11.988638328651518,0.5342741935483871,95.11897446305066,0.0,-1.0,0.09,follow,1
1786510330.9776127,11.889599431075233,0.8185483870967742,93.91512258739849,0.0,-1.0,0.09,follow,1
1786510331.0714736,11.711931493510605,0.8185483870967742,94.52700664667869,0.0,-1.0,0.09,follow,1
1786510331.1576025,11.512721226953202,0.564516129032258,94.11060170560705,0.0,-1.0,0.09,follow,1
1786510331.2404037,11.52522008535688,0.5766129032258065,95.7147132217884,0.0,-1.0,0.09,follow,1
1786510331.3209639,11.640727547606405,0.5705645161290323,103.20637433844995,0.0,-1.0,0.098,follow,1
1786510331.4124918,11.794204506967105,0.5584677419354839,103.25604517568976,0.0,-1.0,0.10600000000000001,follow,1
1786510331.4936874,11.613559384447099,0.5463709677419355,101.70063152920703,0.0,-1.0,0.10471236582493235,follow,1
1786510331.5752766,11.768479753346968,0.594758064516129,95.78013940595069,0.0,-1.0,0.09,follow,1
1786510331.6562214,11.872670132516228,0.5887096774193548,96.10143272234917,0.0,-1.0,0.09,follow,1
1786510331.739935,11.95510868091595,0.48588709677419356,105.46811026984294,0.0,-1.0,0.098,follow,1
1786510331.8172715,11.932900257264293,0.467741935483871,125.52783986994433,0.0,-0.5847905083119153,0.09,follow,1
1786510331.894705,12.153801259302536,0.45564516129032256,126.85139419404251,0.0,-0.19362970260808587,0.09,follow,1
1786510331.9802563,12.308661335966585,0.7157258064516129,98.85139419404251,0.0,-0.8336297026080859,0.09,follow,1
1786510332.0581517,12.19209169946232,0.48588709677419356,97.27770877424157,0.0,-1.0,0.09,follow,1
1786510332.141638,12.275368130108706,0.49798387096774194,97.96352371394848,0.0,-1.0,0.09,follow,1
1786510332.228807,12.213165805479816,0.5221774193548387,100.18918757525492,0.0,-1.0,0.09,follow,1
1786510332.3125088,12.09573622118189,0.5221774193548387,98.5190568855725,0.0,-1.0,0.09,follow,1
1786510332.3980837,12.081733764439818,0.5342741935483871,99.2431005242053,0.0,-1.0,0.09,follow,1
1786510332.4851604,11.965352091189466,0.5584677419354839,99.39198441640788,0.0,-1.0,0.09,follow,1
1786510332.5708165,11.83365124271259,0.5705645161290323,99.4847363759681,0.0,-1.0,0.09,follow,1
1786510332.6561885,11.851715420885839,0.594758064516129,97.84314813120756,0.0,-1.0,0.09,follow,1
1786510332.7393336,11.824192694611423,0.5766129032258065,103.10011780672147,0.0,-1.0,0.09206282948639698,follow,1
1786510332.8343978,11.887007742197198,0.564516129032258,106.01638848572821,0.0,-1.0,0.10006282948639697,follow,1
1786510332.92291,11.60591642989422,0.5463709677419355,109.38549449567016,0.0,-1.0,0.10806282948639698,follow,1
1786510333.0010347,11.533488682601927,0.5342741935483871,108.89419046989696,0.0,-1.0,0.1119838241536545,follow,1
1786510333.0910454,11.811847280854098,0.594758064516129,101.49356392016122,0.0,-1.0,0.09,follow,1
1786510333.179831,11.64056357417486,0.49798387096774194,116.1879522916109,0.0,-1.0,0.09,follow,1
1786510333.2705503,11.595029638323963,0.48588709677419356,111.20905206579155,0.0,-1.0,0.098,follow,1
1786510333.3590415,11.45122239113403,0.625,101.3283724912492,0.0,-1.0,0.09,follow,1
1786510333.4540644,11.428520938083908,0.6310483870967742,101.82435645616494,0.0,-1.0,0.09,follow,1
1786510333.5482926,11.243590532672755,0.6673387096774193,102.47885898434444,0.0,-1.0,0.09,follow,1
1786510333.6375432,11.149661203942706,0.6673387096774193,102.67407591712036,0.0,-1.0,0.09,follow,1
1786510333.724639,11.151304536851834,0.6915322580645161,103.10208529965422,0.0,-1.0,0.09,follow,1
1786510333.8193414,11.223254982906694,0.6733870967741936,103.46020715083326,0.0,-1.0,0.09,follow,1
1786510333.904171,11.09245847188308,0.5463709677419355,104.11646982197132,0.0,-1.0,0.09,follow,1
1786510333.9937928,11.222482824787923,0.5524193548387096,105.19176239726656,0.0,-1.0,0.09,follow,1
1786510334.0931556,11.205531944979748,0.7338709677419355,104.31960377178432,0.0,-1.0,0.09,follow,1
1786510334.1988485,10.960274489579316,0.7762096774193549,105.0141078358534,0.0,-1.0,0.09,follow,1
1786510334.292356,10.684684214249826,0.6008064516129032,104.16784582730928,0.0,-1.0,0.09,follow,1
1786510334.391534,10.674680326737189,0.6008064516129032,107.9028269094712,0.0,-1.0,0.098,follow,1
1786510334.4930792,10.556637822365861,0.5705645161290323,113.3540191464721,0.0,-0.9699864764791047,0.10600000000000001,follow,1
1786510334.5878549,10.40834511409751,0.5463709677419355,109.72661924344148,0.0,-1.0,0.1097144345695167,follow,1
1786510334.679051,10.443961933668081,0.5463709677419355,109.10936681055337,0.0,-1.0,0.09497981023226171,follow,1
1786510334.767377,10.552993505601124,0.5100806451612904,115.33408225353982,0.0,-0.8346457474537586,0.10297981023226171,follow,1
1786510334.8526325,10.706332211594402,0.49193548387096775,114.31391982536151,0.0,-1.0,0.11097981023226172,follow,1
1786510334.9331028,10.915113981106007,0.467741935483871,132.53995630969192,0.0,-0.5434108414331734,0.09,follow,1
1786510335.014432,11.183817941547058,0.6068548387096775,109.43379265968721,0.0,-1.0,0.09,follow,1
1786510335.0976894,11.407837286281001,0.6370967741935484,110.00704352770887,0.0,-1.0,0.09,follow,1
1786510335.1770065,11.546685502732863,0.5100806451612904,114.45118636326815,0.0,-1.0,0.09,follow,1
1786510335.25572,11.734679348528317,0.5403225806451613,110.97380248352808,0.0,-1.0,0.09,follow,1
1786510335.3402786,11.942793304848724,0.6733870967741936,111.63010685596936,0.0,-1.0,0.09,follow,1
1786510335.4185762,11.947772675213645,0.5524193548387096,116.670633484163,0.0,-0.869314483990917,0.098,follow,1
1786510335.4974616,12.113580839665424,0.5524193548387096,114.60143018745924,0.0,-1.0,0.10600000000000001,follow,1
1786510335.5916278,12.20262135705917,0.7338709677419355,114.25527622969344,0.0,-1.0,0.09663050558344322,follow,1
1786510335.6765156,11.867675570538974,0.5887096774193548,119.95008321482914,0.0,-0.7353151824575621,0.10463050558344322,follow,1
1786510335.7645483,11.8942716572127,0.6008064516129032,119.26451136608338,0.0,-1.0,0.11263050558344323,follow,1
1786510335.8609648,11.769714946925983,0.7883064516129032,116.0798892312646,0.0,-1.0,0.12063050558344324,follow,1
1786510335.9474866,11.505094813643547,0.5705645161290323,127.59421500930944,0.0,-0.7013444955077485,0.09,follow,1
1786510336.0294602,11.508257162337044,0.5463709677419355,124.33415762049503,0.0,-0.8821078851868123,0.098,follow,1
1786510336.113316,11.65445024122082,0.5524193548387096,122.43952303998513,0.0,-0.9470876238888822,0.10600000000000001,follow,1
1786510336.1964414,11.693417326022796,0.5221774193548387,134.65856249824756,0.0,-0.3070876238888822,0.09,follow,1
1786510336.2807465,11.723268101342194,0.49798387096774194,132.63722862503377,0.0,-0.37304119040183625,0.09,follow,1
1786510336.366,11.789754798054295,0.49193548387096775,127.25699967554891,0.0,-0.8532307996312563,0.098,follow,1
1786510336.4567552,11.748580324760757,0.4737903225806452,155.2569996755489,0.0,-0.21323079963125624,0.09,follow,1
1786510336.5428188,11.640505998763736,0.45564516129032256,150.73851222307184,0.0,0.4267692003687438,0.09,follow,1
1786510336.6386654,11.61191123524855,0.7157258064516129,122.73851222307184,0.0,-0.21323079963125624,0.098,follow,1
1786510336.732633,11.396409476261987,0.5161290322580645,123.00353630191854,0.0,-0.8532307996312563,0.10600000000000001,follow,1
1786510336.8281844,11.229742326892152,0.5463709677419355,120.63122640545552,0.0,-1.0,0.09,follow,1
1786510336.9267085,11.092473457697094,0.5282258064516129,123.37560339752721,0.0,-0.777185843750808,0.09,follow,1
1786510337.0259037,10.891071509203588,0.5584677419354839,123.62968360638905,0.0,-0.8566654805430658,0.09,follow,1
1786510337.1239955,10.723796819399913,0.5584677419354839,124.33473186081416,0.0,-0.8375037037200865,0.09,follow,1
1786510337.2177129,10.634039270857773,0.6129032258064516,122.08963958750113,0.0,-1.0,0.09,follow,1
1786510337.3058925,10.641863949995848,0.594758064516129,127.18452482489377,0.0,-0.5329104073034543,0.098,follow,1
1786510337.3961368,10.774010089243227,0.6189516129032258,127.47737274690967,0.0,-0.7077487238802623,0.10448820615493015,follow,1
1786510337.4794195,10.833408270891715,0.6008064516129032,126.32972407640952,0.0,-0.8458562752188371,0.10011626201280134,follow,1
1786510337.560438,11.067938421876287,0.6189516129032258,124.96200877611903,0.0,-0.9379302702834398,0.09,follow,1
1786510337.6408174,11.338252693116216,0.5705645161290323,131.6555907404968,0.0,-0.29793027028343977,0.098,follow,1
1786510337.720577,11.559077217727548,0.5524193548387096,130.37497322005703,0.0,-0.6080083007938633,0.10600000000000001,follow,1
1786510337.79623,11.75473926010839,0.5403225806451613,127.92912776812773,0.0,-0.7958587945992667,0.11400000000000002,follow,1
1786510337.8741162,12.036896135703305,0.5282258064516129,123.64243265214505,0.0,-1.0,0.09,follow,1
1786510337.9784374,12.192202504660548,0.9818548387096775,95.64243265214505,0.0,-1.0,0.098,follow,1
1786510338.0805826,11.659583981124106,0.9879032258064516,67.64243265214505,0.0,-1.0,0.10600000000000001,follow,1
1786510338.1748064,11.296832633582756,0.9939516129032258,39.64243265214505,0.0,-1.0,0.09523631748300605,follow,1
1786510338.268953,11.169034365254522,0.9213709677419355,67.64243265214505,0.0,-1.0,0.09,follow,1
1786510338.3724048,11.050122796060833,1.0,39.64243265214505,0.0,-1.0,0.09549623667557061,follow,1
1786510338.4657996,10.780135788993089,0.9153225806451613,67.64243265214505,0.0,-1.0,0.09,follow,1
1786510338.5472224,10.75463852806629,0.5282258064516129,95.64243265214505,0.0,-1.0,0.09,follow,1
1786510338.6299188,11.06520359868101,0.5463709677419355,122.77325674950872,0.0,-1.0,0.09,follow,1
1786510338.7168648,11.265458011427677,0.5463709677419355,128.74374754156986,0.0,-0.4688087213057123,0.098,follow,1
1786510338.8016458,11.314678523351159,0.5705645161290323,123.42357882590949,0.0,-1.0,0.09,follow,1
1786510338.884196,11.412421382986484,0.5887096774193548,125.82128885432002,0.0,-0.779181192355499,0.09,follow,1
1786510338.9813344,11.567646679325751,0.6008064516129032,125.94324099260425,0.0,-0.8722011112684704,0.09,follow,1
1786510339.0677934,11.299962796507574,0.6008064516129032,129.490571841644,0.0,-0.5579423202012892,0.098,follow,1
1786510339.153235,11.330659035082531,0.5766129032258065,129.17852760447062,0.0,-0.7338999041972397,0.09,follow,1
1786510339.2380297,11.403175494277784,0.5584677419354839,137.29548974887464,0.0,-0.0938999041972397,0.098,follow,1
1786510339.3218567,11.51160943935749,0.5403225806451613,132.08218144102958,0.0,-0.7338999041972397,0.10600000000000001,follow,1
1786510339.4043355,11.608019879018288,0.5282258064516129,137.8693497182737,0.0,-0.0938999041972397,0.11400000000000002,follow,1
1786510339.4839203,11.698433142339695,0.5100806451612904,147.86880759626328,0.0,0.5461000958027603,0.09,follow,1
1786510339.564372,11.875502857383317,0.48588709677419356,140.2758144537343,0.0,-0.0938999041972397,0.098,follow,1
1786510339.649826,11.986568572992166,0.4798387096774194,155.5562424772948,0.0,0.5461000958027603,0.09,follow,1
1786510339.7392511,11.920790426254655,0.45564516129032256,168.29401260504233,0.0,1.0,0.09,follow,1
1786510339.8264866,11.770019813141289,0.4314516129032258,165.66218020022288,0.0,1.0,0.09,follow,1
1786510339.9152372,11.717541406364754,0.5040322580645161,137.77139026600176,0.0,0.5016257611468299,0.09,follow,1
1786510340.0120552,11.633872252793392,0.5100806451612904,136.6741214920453,0.0,-0.13837423885317013,0.098,follow,1
1786510340.1027615,11.362749790140096,0.5342741935483871,132.20840491608294,0.0,-0.7621819167033912,0.09,follow,1
1786510340.189669,11.309295718084401,0.5403225806451613,135.98017295493602,0.0,-0.3142639156548538,0.09,follow,1
1786510340.2859902,11.335902878217164,0.6612903225806451,139.4132430773028,0.0,-0.15735991388222925,0.098,follow,1
1786510340.3777344,11.14672288034418,0.5524193548387096,138.98005633022424,0.0,-0.33546323148084145,0.10600000000000001,follow,1
1786510340.4727628,11.063288663719394,0.5705645161290323,133.7051993511484,0.0,-0.7981484102780727,0.09,follow,1
1786510340.560362,10.990769425323906,0.5887096774193548,134.9553198238545,0.0,-0.4826939763566922,0.09,follow,1
1786510340.6435003,11.062053494781745,0.6068548387096775,135.5850501424819,0.0,-0.46492172038476065,0.09,follow,1
1786510340.728439,11.23371615586189,0.594758064516129,139.8343581577611,0.0,-0.07003761429793198,0.098,follow,1
1786510340.8120117,11.369323092870367,0.5826612903225806,136.20684759354054,0.0,-0.5755602997227878,0.10600000000000001,follow,1
1786510340.9023192,11.418795175199245,0.5766129032258065,137.07109133005295,0.0,-0.30586142836314256,0.11400000000000002,follow,1
1786510340.9812326,11.411587553601759,0.564516129032258,142.02793904209028,0.0,0.1991791732755025,0.09,follow,1
1786510341.061745,11.687000317117414,0.5403225806451613,132.55382971643635,0.0,-0.4408208267244975,0.098,follow,1
1786510341.1509628,11.832466274618321,0.5282258064516129,131.36364687578745,0.0,-0.5726604794248855,0.10600000000000001,follow,1
1786510341.233627,11.705630051153667,0.5221774193548387,141.17140662047095,0.0,0.0673395205751145,0.09,follow,1
1786510341.3116562,11.782569465746697,0.49193548387096775,125.73780646503842,0.0,-0.5726604794248855,0.09,follow,1
1786510341.3987904,11.991434281045265,0.4737903225806452,141.93666338402969,0.0,0.0673395205751145,0.09,follow,1
1786510341.480566,11.871823855638622,0.4495967741935484,156.21612934030207,0.0,0.7073395205751145,0.09,follow,1
1786510341.5633018,11.904598563917917,0.5161290322580645,128.21612934030207,0.0,0.0673395205751145,0.09,follow,1
1786510341.6492517,11.973733356886793,0.5161290322580645,123.11735377026085,0.0,-0.5726604794248855,0.09,follow,1
1786510341.7360084,11.932488826134316,0.5161290322580645,122.8106926188059,0.0,-0.8402039387760314,0.09,follow,1
1786510341.8225682,11.846290956758883,0.5282258064516129,123.27460369186781,0.0,-0.8432787291557651,0.09,follow,1
1786510341.9098408,11.781556999316006,0.5403225806451613,121.75769435896495,0.0,-0.9738029324013698,0.09,follow,1
1786510342.00477,11.703542142188567,0.5584677419354839,123.40747548947037,0.0,-0.7632466362179884,0.09,follow,1
1786510342.09596,11.479580333465194,0.564516129032258,120.2828348368855,0.0,-1.0,0.09,follow,1
1786510342.1924756,11.355282004721218,0.5766129032258065,120.966227221416,0.0,-0.9228622483625142,0.09,follow,1
1786510342.2839751,11.179722444978337,0.6370967741935484,118.60456242346342,0.0,-1.0,0.09,follow,1
1786510342.3796084,11.129796958842412,0.6068548387096775,121.53275103136542,0.0,-0.7837469908278829,0.09,follow,1
1786510342.4690468,10.996919779665369,0.594758064516129,120.8826126271532,0.0,-0.9556487714354776,0.09485114146892916,follow,1
1786510342.559675,11.025361944531559,0.5826612903225806,119.51280280461033,0.0,-1.0,0.09,follow,1
1786510342.6484036,11.032680820605758,0.5766129032258065,121.71456698437757,0.0,-0.7588581328622315,0.098,follow,1
1786510342.7418644,11.07540997051323,0.5584677419354839,120.10167945262288,0.0,-0.9753339273007736,0.1019522601133242,follow,1
1786510342.826045,10.978028343984976,0.5403225806451613,113.73941007947803,0.0,-1.0,0.09,follow,1
1786510342.9080484,11.18059921686079,0.5282258064516129,115.64634842878348,0.0,-1.0,0.09,follow,1
1786510342.9900587,11.402466384129054,0.5100806451612904,117.58400306443386,0.0,-0.8906963750574707,0.098,follow,1
1786510343.0763755,11.514936884472306,0.49798387096774194,130.78129187885366,0.0,-0.25069637505747067,0.09,follow,1
1786510343.151467,11.557947440967927,0.4798387096774194,136.965928985666,0.0,0.38930362494252935,0.09,follow,1
1786510343.2301524,11.921618662605953,0.4616935483870968,148.88491868492167,0.0,1.0,0.09,follow,1
1786510343.3069103,12.028871780813843,0.4375,132.92814617251116,0.0,0.38930362494252935,0.09,follow,1
1786510343.3847754,12.255453055467264,0.4314516129032258,160.92814617251116,0.0,1.0,0.09,follow,1
1786510343.4690757,12.3888915693329,0.48479262672811063,132.92814617251116,0.0,0.38930362494252935,0.09,follow,1
1786510343.5596147,12.299619087077987,0.5161290322580645,113.68113337622702,0.0,-0.25069637505747067,0.09,follow,1
1786510343.6403875,12.036743348814777,0.5282258064516129,114.63654234294813,0.0,-0.8906963750574707,0.09,follow,1
1786510343.7197747,12.08368508485042,0.5524193548387096,113.86538923261621,0.0,-1.0,0.09,follow,1
1786510343.8004713,12.22284309599344,0.5463709677419355,118.02952095731993,0.0,-0.799184432536859,0.098,follow,1
1786510343.891939,12.252944833687803,0.5524193548387096,118.25138147566658,0.0,-0.9599626275156938,0.09,follow,1
1786510343.9725091,11.981561561516928,0.5887096774193548,115.74697490198888,0.0,-1.0,0.09,follow,1
1786510344.0534658,12.083425050012053,0.6008064516129032,119.5888270500917,0.0,-0.7483345122986977,0.09558778005396011,follow,1
1786510344.1411986,12.13752989903272,0.6129032258064516,116.8868661839389,0.0,-1.0,0.09,follow,1
1786510344.2279685,11.981900219368121,0.594758064516129,121.39965136527667,0.0,-0.6449159367056287,0.098,follow,1
1786510344.3135488,11.862411753557028,0.5887096774193548,123.23161597174754,0.0,-0.6354975255165812,0.10600000000000001,follow,1
1786510344.4001715,11.828928083357082,0.5705645161290323,120.52368386330653,0.0,-0.9460157823621497,0.11400000000000002,follow,1
1786510344.4873352,11.798917155611786,0.5524193548387096,123.51852756487187,0.0,-0.46467519760147347,0.09901764906062113,follow,1
1786510344.5683377,11.739860872753162,0.5342741935483871,117.83187100001913,0.0,-1.0,0.10701764906062114,follow,1
1786510344.6490426,11.85372706468398,0.5282258064516129,117.44605338771538,0.0,-0.8530540180845888,0.11501764906062115,follow,1
1786510344.730794,11.952489221814588,0.5100806451612904,129.43551428718914,0.0,-0.2130540180845888,0.09,follow,1
1786510344.8117108,12.021987655971293,0.49193548387096775,119.67922562033681,0.0,-0.8530540180845888,0.098,follow,1
1786510344.8876598,12.087653664817932,0.4737903225806452,130.5486559433916,0.0,-0.2130540180845888,0.09,follow,1
1786510344.9571462,12.27987940464622,0.45564516129032256,157.3157085561503,0.0,0.4269459819154112,0.09,follow,1
1786510345.0310102,12.662807074428652,0.42430875576036864,141.1372288654041,0.0,-0.2130540180845888,0.09,follow,1
1786510345.1032944,12.85636688560972,0.38011520737327187,163.42319902320963,0.0,0.4269459819154112,0.09,follow,1
1786510345.1884444,13.096403854194618,0.5100806451612904,135.42319902320963,0.0,-0.2130540180845888,0.09,follow,1
1786510345.2800016,12.82898196203401,0.5282258064516129,112.52529574187737,0.0,-0.8530540180845888,0.09,follow,1
1786510345.3647397,12.399272735144843,0.5403225806451613,113.2306638080762,0.0,-1.0,0.09,follow,1
1786510345.449547,12.340690078606052,0.5524193548387096,116.56852825745682,0.0,-0.7670143157402062,0.098,follow,1
1786510345.538249,12.212857955377608,0.5705645161290323,112.81852590620683,0.0,-1.0,0.09,follow,1
1786510345.6258368,12.030411461994897,0.5887096774193548,114.6271015181633,0.0,-0.9432366099617178,0.09,follow,1
1786510345.713474,11.919523947521327,0.782258064516129,114.84201741994889,0.0,-1.0,0.098,follow,1
1786510345.7995872,11.804822435410262,0.6008064516129032,118.1528961210743,0.0,-0.7065019777492001,0.10600000000000001,follow,1
1786510345.8861046,11.774824554142343,0.5887096774193548,116.3759113693323,0.0,-1.0,0.10952655960104307,follow,1
1786510345.9726143,11.729769588936206,0.5826612903225806,116.22182779705095,0.0,-0.9667260392706619,0.10231375445925106,follow,1
1786510346.0555792,11.678453607105789,0.5705645161290323,116.31620266525931,0.0,-0.9537771813285454,0.0959789179084671,follow,1
1786510346.1358762,11.769183147109265,0.5463709677419355,121.48965862940886,0.0,-0.4311306487877987,0.10397891790846711,follow,1
1786510346.2128987,11.905485350033821,0.5342741935483871,119.30215314617993,0.0,-0.85562409535172,0.11197891790846712,follow,1
1786510346.2903326,12.113610549118869,0.5282258064516129,118.66227433913566,0.0,-0.7971341048334768,0.11997891790846713,follow,1
1786510346.3781562,12.285292343788466,0.5161290322580645,124.65745472929524,0.0,-0.15713410483347678,0.0916742887302834,follow,1
1786510346.4632647,12.079446867991706,0.49798387096774194,116.25924685071102,0.0,-0.7971341048334768,0.09967428873028339,follow,1
1786510346.545822,12.045950542457117,0.48588709677419356,119.93293416849181,0.0,-0.5199790121926288,0.1076742887302834,follow,1
1786510346.6370192,12.026971553790027,0.4616935483870968,133.02706212706036,0.0,0.12002098780737125,0.09,follow,1
1786510346.7165344,11.808745500862486,0.4435483870967742,128.73670918147326,0.0,-0.3707293273245873,0.09,follow,1
1786510346.7922716,11.99042305819428,0.41826036866359445,146.8652047248271,0.0,0.2692706726754127,0.09,follow,1
1786510346.878437,12.206146969582353,0.38868663594470043,174.8652047248271,0.0,0.9092706726754127,0.09,follow,1
1786510346.955949,12.119233561888736,0.49193548387096775,146.8652047248271,0.0,0.2692706726754127,0.09,follow,1
1786510347.0369978,12.275990554654998,0.5282258064516129,118.8652047248271,0.0,-0.3707293273245873,0.09,follow,1
1786510347.1196818,12.280938447472261,0.5463709677419355,114.36077750249008,0.0,-1.0,0.09,follow,1
1786510347.2085423,12.250245296008746,0.5584677419354839,116.39031785718657,0.0,-0.8483063934348164,0.09,follow,1
1786510347.2906356,12.037336280554758,0.5705645161290323,114.98044648655086,0.0,-1.0,0.09,follow,1
1786510347.3766184,12.039971189391242,0.5887096774193548,114.89704698658912,0.0,-1.0,0.09,follow,1
1786510347.4724486,12.001009488851818,0.6189516129032258,117.09520693792243,0.0,-0.8571216398029096,0.09,follow,1
1786510347.5558236,11.68351930005769,0.6068548387096775,119.54131037609217,0.0,-0.7298712797876958,0.098,follow,1
1786510347.641376,11.7383767871315,0.5887096774193548,117.5357285258601,0.0,-1.0,0.09,follow,1
1786510347.7283301,11.637564828060178,0.5826612903225806,117.36453970833304,0.0,-0.9529748011854221,0.09,follow,1
1786510347.8081248,11.700763012476877,0.564516129032258,125.2249032414125,0.0,-0.3129748011854221,0.098,follow,1
1786510347.8933592,11.882142910694576,0.5463709677419355,117.3485996526259,0.0,-0.9529748011854221,0.09,follow,1
1786510347.9957826,11.851475791509596,0.5342741935483871,115.21365090902191,0.0,-1.0,0.09,follow,1
1786510348.0844073,11.430963583372598,0.5221774193548387,120.429301621511,0.0,-0.5226487297738298,0.098,follow,1
1786510348.1710558,11.402628810674463,0.5040322580645161,116.7646499841614,0.0,-1.0,0.10600000000000001,follow,1
1786510348.2659512,11.433957191625709,0.48588709677419356,119.10090112330124,0.0,-0.6321266047353842,0.11400000000000002,follow,1
1786510348.3465095,11.246474057458006,0.4737903225806452,118.59479520005786,0.0,-0.7787785503899876,0.12079414373996245,follow,1
1786510348.4284592,11.457713052625843,0.45564516129032256,146.59479520005786,0.0,-0.13877855038998754,0.09,follow,1
1786510348.5136275,11.6444711228683,0.509700460829493,118.59479520005786,0.0,-0.7787785503899876,0.09,follow,1
1786510348.6055512,11.590887268834647,0.5221774193548387,116.65843400552444,0.0,-0.8969934071391577,0.09,follow,1
1786510348.686392,11.515569209600162,0.5342741935483871,115.61246200607917,0.0,-0.9138935528438836,0.09,follow,1
1786510348.7694886,11.644202990401876,0.5342741935483871,117.07414714266869,0.0,-0.7916796387841172,0.09415462384420371,follow,1
1786510348.8529155,11.713098699069034,0.5524193548387096,116.89633853541407,0.0,-0.855026763884225,0.09,follow,1
1786510348.9373672,11.806138218902554,0.564516129032258,119.01062210079948,0.0,-0.6947425191189567,0.098,follow,1
1786510349.0238614,11.824744830615595,0.5826612903225806,118.3520873366951,0.0,-0.8413759894027537,0.09677852199559078,follow,1
1786510349.112994,11.76478353510265,0.5826612903225806,115.09660407450879,0.0,-1.0,0.09,follow,1
1786510349.2000291,11.626867470152678,0.6008064516129032,117.84472761389154,0.0,-0.7701969025908373,0.09,follow,1
1786510349.2891881,11.63077093187351,0.6189516129032258,118.22988912690754,0.0,-0.8532446584990527,0.09,follow,1
1786510349.3913007,11.537905509080446,0.6129032258064516,122.39157508373533,0.0,-0.4768826881708541,0.098,follow,1
1786510349.4844716,11.199989826500726,0.5887096774193548,120.74786397812728,0.0,-0.8094799602508849,0.10600000000000001,follow,1
1786510349.58056,11.090855143278338,0.564516129032258,124.95276971456212,0.0,-0.35074572292641115,0.11400000000000002,follow,1
1786510349.68393,10.961844420720226,0.5463709677419355,121.6062017572979,0.0,-0.8373902837907514,0.11338830209708826,follow,1
1786510349.7802556,10.706059312162676,0.5403225806451613,125.08608572938816,0.0,-0.39146919461811525,0.12138830209708826,follow,1
1786510349.8707285,10.64828350080053,0.5342741935483871,123.06576724121656,0.0,-0.7098060039255407,0.1178268380638369,follow,1
1786510349.9581015,10.717782470016257,0.5100806451612904,135.1463009480612,0.0,-0.0698060039255407,0.09,follow,1
1786510350.0444603,10.83020160425344,0.48588709677419356,127.97044040683252,0.0,-0.6614233253241544,0.098,follow,1
1786510350.136381,10.99623209967351,0.4737903225806452,148.38060327533606,0.0,-0.021423325324154363,0.09,follow,1
1786510350.2245657,10.955450519963735,0.4495967741935484,154.99054775869487,0.0,0.6185766746758457,0.09,follow,1
1786510350.3057659,11.039174779175815,0.4314516129032258,161.58241101223763,0.0,1.0,0.09,follow,1
1786510350.3923602,11.30714458802149,0.5161290322580645,133.58241101223763,0.0,0.6185766746758455,0.098,follow,1
1786510350.4818218,11.348023650129115,0.5221774193548387,120.15527638321973,0.0,-0.021423325324154474,0.09,follow,1
1786510350.5686557,11.341190358485711,0.5403225806451613,121.34017975136416,0.0,-0.6614233253241545,0.09460517251052183,follow,1
1786510350.660308,11.341185107739452,0.5463709677419355,122.33159140251875,0.0,-0.6689938311090086,0.09,follow,1
1786510350.7556255,11.28615797021329,0.5826612903225806,119.83232925079989,0.0,-0.9537130090168968,0.09,follow,1
1786510350.8453326,11.129519738128156,0.6068548387096775,121.57698649907275,0.0,-0.7119473124575109,0.09,follow,1
1786510350.9334104,11.130711888811335,0.6068548387096775,125.64033778287788,0.0,-0.41198975043141517,0.098,follow,1
1786510351.0278292,11.175577811136927,0.5826612903225806,125.66459917661501,0.0,-0.56951847290174,0.10600000000000001,follow,1
1786510351.1117952,11.061303094439737,0.564516129032258,126.13969521044983,0.0,-0.5281258875867432,0.11400000000000002,follow,1
1786510351.1903784,11.21097123555407,0.5463709677419355,122.67898457255204,0.0,-0.8765257392586467,0.10720132104935592,follow,1
1786510351.2730913,11.54340956874598,0.5221774193548387,132.18945010199192,0.0,-0.23652573925864673,0.09043894402964879,follow,1
1786510351.3584654,11.594770756457597,0.5100806451612904,131.2998320454379,0.0,-0.26833144632061967,0.09843894402964878,follow,1
1786510351.438348,11.656078653450518,0.49193548387096775,123.86231837802873,0.0,-0.9083314463206197,0.10643894402964879,follow,1
1786510351.5165162,11.827553690738233,0.48588709677419356,128.22077427481722,0.0,-0.26833144632061967,0.1144389440296488,follow,1
1786510351.597913,12.032181321903277,0.4737903225806452,142.87248787248697,0.0,0.37166855367938034,0.09,follow,1
1786510351.680525,12.062160017640458,0.4616935483870968,150.1248625248637,0.0,1.0,0.09,follow,1
1786510351.7665727,12.09299191415252,0.4375,151.3906487005799,0.0,1.0,0.09,follow,1
1786510351.8490012,11.982898166279384,0.41149769585253454,179.3906487005799,0.0,1.0,0.09,follow,1
1786510351.9402816,12.028285046224534,0.48588709677419356,151.3906487005799,0.0,1.0,0.09,follow,1
1786510352.0290618,11.811918657776856,0.5161290322580645,123.3906487005799,0.0,0.4477793698804994,0.09,follow,1
1786510352.1243136,11.716260091014389,0.5403225806451613,114.20634592875052,0.0,-0.19222063011950064,0.09,follow,1
1786510352.213582,11.441528537179341,0.5463709677419355,111.95056626906096,0.0,-0.8322206301195006,0.09,follow,1
1786510352.2979982,11.417511356432684,0.5705645161290323,110.5834491073115,0.0,-1.0,0.09,follow,1
1786510352.3860233,11.517372152727813,0.5887096774193548,111.10266002650324,0.0,-1.0,0.09,follow,1
1786510352.4705079,11.476770492565198,0.5826612903225806,112.95909026425466,0.0,-1.0,0.09,follow,1
1786510352.5489924,11.557739640737873,0.6068548387096775,112.53199613322614,0.0,-1.0,0.09,follow,1
1786510352.637191,11.795723051367972,0.5887096774193548,114.51559295967185,0.0,-0.9539963176681943,0.0926876716287616,follow,1
1786510352.726073,11.645128145580589,0.5766129032258065,118.42928198635738,0.0,-0.6637245208116843,0.1006876716287616,follow,1
1786510352.8134706,11.619259730434248,0.5584677419354839,118.56212511129269,0.0,-0.7689877832198252,0.10868767162876161,follow,1
1786510352.894957,11.581420453500549,0.5463709677419355,112.78540931266086,0.0,-1.0,0.10604523218827869,follow,1
1786510352.9801402,11.71704472414538,0.5282258064516129,120.41458876461178,0.0,-0.6513330547294124,0.09,follow,1
1786510353.06491,11.726375118437169,0.5161290322580645,122.88190244201391,0.0,-0.23681905232696643,0.09,follow,1
1786510353.1517825,11.73639224071027,0.49193548387096775,118.24065669567989,0.0,-0.7217866027645343,0.09,follow,1
1786510353.237211,11.69905292474521,0.4737903225806452,120.98708830287849,0.0,-0.20123990379127632,0.09,follow,1
1786510353.3198438,11.673711966471789,0.467741935483871,133.6526281921019,0.0,0.4387600962087237,0.09,follow,1
1786510353.4091556,11.748020899369259,0.4435483870967742,118.98093572106242,0.0,-0.20123990379127632,0.09,follow,1
1786510353.499157,11.639111428065734,0.4157834101382488,140.72542735042936,0.0,0.4387600962087237,0.09,follow,1
1786510353.5917451,11.516632305205066,0.5342741935483871,112.72542735042936,0.0,-0.20123990379127632,0.09,follow,1
1786510353.6753006,11.41975017523544,0.5282258064516129,102.29866215344893,0.0,-0.8412399037912763,0.09,follow,1
1786510353.767159,11.534527979669086,0.5463709677419355,102.74836172766969,0.0,-1.0,0.09,follow,1
1786510353.855859,11.4002759257865,0.5584677419354839,104.01802169924582,0.0,-1.0,0.098,follow,1
1786510353.9411385,11.373929579120214,0.564516129032258,102.02989200034156,0.0,-1.0,0.09,follow,1
1786510354.0284746,11.433878767685476,0.5766129032258065,101.65867198838916,0.0,-1.0,0.09,follow,1
1786510354.1124473,11.454798801137507,0.594758064516129,103.67912801769566,0.0,-1.0,0.09,follow,1
1786510354.1987886,11.52779041826303,0.6068548387096775,105.41880029187351,0.0,-1.0,0.098,follow,1
1786510354.2915425,11.544537686201728,0.594758064516129,105.6801470162309,0.0,-1.0,0.10600000000000001,follow,1
1786510354.379149,11.393426657225305,0.5705645161290323,111.08567533095845,0.0,-0.6823747284611705,0.11400000000000002,follow,1
1786510354.4666593,11.403949833207541,0.564516129032258,114.2045839380744,0.0,-0.5647117470942444,0.09,follow,1
1786510354.550712,11.389299111985233,0.5403225806451613,110.02295186807255,0.0,-1.0,0.098,follow,1
1786510354.6403599,11.362150843601823,0.5282258064516129,107.6639124828296,0.0,-1.0,0.10600000000000001,follow,1
1786510354.728954,11.470621781433504,0.5161290322580645,116.77794604283497,0.0,-0.45900405761461605,0.09,follow,1
1786510354.811452,11.434193394254091,0.49193548387096775,116.03127442198422,0.0,-0.4807830766448595,0.09,follow,1
1786510354.8971357,11.546863497555552,0.4737903225806452,121.10068570594804,0.0,0.06412636837898072,0.09,follow,1
1786510354.9885056,11.594387623782316,0.6310483870967742,94.57263088797329,0.0,-0.5758736316210193,0.09,follow,1
1786510355.077701,11.44469272108448,0.4375,122.57263088797329,0.0,0.06412636837898067,0.09,follow,1
1786510355.1682525,11.413892286438319,0.39830645161290323,150.57263088797328,0.0,0.7041263683789807,0.09,follow,1
1786510355.257211,11.344245906454072,0.5161290322580645,122.57263088797328,0.0,0.06412636837898067,0.09,follow,1
1786510355.344962,11.304614455541097,0.5221774193548387,94.57263088797328,0.0,-0.5758736316210193,0.09,follow,1
1786510355.4322536,11.330191569949905,0.5282258064516129,99.65218407479068,0.0,-1.0,0.098,follow,1
1786510355.5215077,11.369250219511102,0.5403225806451613,97.40505826521064,0.0,-1.0,0.09,follow,1
1786510355.6076071,11.336213881400083,0.564516129032258,97.7659850877939,0.0,-1.0,0.09,follow,1
1786510355.6901824,11.383058562598325,0.5826612903225806,97.39899040052947,0.0,-1.0,0.09,follow,1
1786510355.780179,11.523279499779688,0.6008064516129032,94.89510597065443,0.0,-1.0,0.09,follow,1
1786510355.8726294,11.453714057348911,0.5887096774193548,98.8872322852584,0.0,-1.0,0.09722250086485937,follow,1
1786510355.9592755,11.324092822154423,0.5766129032258065,102.29139623479226,0.0,-1.0,0.10522250086485938,follow,1
1786510356.0435011,11.338991012493441,0.5584677419354839,103.26215072385975,0.0,-1.0,0.11322250086485938,follow,1
1786510356.1268303,11.476534930531393,0.5463709677419355,102.58538696329592,0.0,-1.0,0.11508979385135801,follow,1
1786510356.2043874,11.58234216706515,0.5342741935483871,104.70267750948628,0.0,-1.0,0.11036612708194275,follow,1
1786510356.29306,11.845023221201975,0.5100806451612904,108.91387908744807,0.0,-0.6239336213750988,0.09,follow,1
1786510356.3735757,11.660491791354831,0.49193548387096775,109.36957373499467,0.0,-0.7155333567524761,0.09,follow,1
1786510356.4565282,11.870890508949072,0.6673387096774193,87.80823507291797,0.0,-1.0,0.09,follow,1
1786510356.5433369,11.936216903787658,0.685483870967742,87.00379891033234,0.0,-1.0,0.09,follow,1
1786510356.632374,11.814874742592156,0.6975806451612904,86.5546413608995,0.0,-1.0,0.09,follow,1
1786510356.7090938,11.726693924069389,0.4061635944700461,114.5546413608995,0.0,-1.0,0.09,follow,1
1786510356.7923734,11.989673957391538,0.7157258064516129,86.6544233248431,0.0,-1.0,0.09,follow,1
1786510356.8754823,12.004934188102016,0.5161290322580645,88.15043826244398,0.0,-1.0,0.09,follow,1
1786510356.9582744,12.007284239550847,0.5342741935483871,86.03435028035189,0.0,-1.0,0.09,follow,1
1786510357.0491855,12.00107194018403,0.564516129032258,87.32690031019604,0.0,-1.0,0.09,follow,1
1786510357.1341314,11.818295233719004,0.8245967741935484,86.8831932750421,0.0,-1.0,0.09,follow,1
1786510357.2140243,11.737536608764252,0.6008064516129032,90.30640745639685,0.0,-1.0,0.09,follow,1
1786510357.2922146,11.940891828020098,0.5766129032258065,94.53180006576198,0.0,-1.0,0.098,follow,1
1786510357.3724382,12.15290772292878,0.5584677419354839,95.04341574075171,0.0,-1.0,0.10600000000000001,follow,1
1786510357.4498649,12.190113380807425,0.5403225806451613,94.9023358001835,0.0,-1.0,0.10875498812977073,follow,1
1786510357.5298083,12.35986040583893,0.5342741935483871,95.25219939964813,0.0,-1.0,0.1094152792867402,follow,1
1786510357.6095827,12.37709577457904,0.5221774193548387,106.28061963350484,0.0,-0.850101563720235,0.09,follow,1
1786510357.696553,12.404946547296104,0.49798387096774194,101.93078263200263,0.0,-1.0,0.098,follow,1
1786510357.7892437,12.205212542826864,0.625,85.75298169902541,0.0,-1.0,0.09,follow,1
1786510357.8795304,11.95212714636032,0.45564516129032256,113.75298169902541,0.0,-1.0,0.09,follow,1
1786510357.973878,11.773201042531287,0.6733870967741936,85.75298169902541,0.0,-1.0,0.09,follow,1
1786510358.0585923,11.541522768012609,0.6915322580645161,85.27809687943773,0.0,-1.0,0.09,follow,1
1786510358.1474435,11.570606628361759,0.7036290322580645,85.15191256725524,0.0,-1.0,0.09,follow,1
1786510358.2260907,11.53007666932666,0.49798387096774194,88.31106754844647,0.0,-1.0,0.09,follow,1
1786510358.3073397,11.74337042250072,0.5100806451612904,85.45290274104758,0.0,-1.0,0.09,follow,1
1786510358.3884327,11.875017224046054,0.5282258064516129,87.61160191180886,0.0,-1.0,0.09,follow,1
1786510358.4792478,11.960516043783171,0.7883064516129032,85.17729422843712,0.0,-1.0,0.09,follow,1
1786510358.5613003,11.774460414448134,0.5463709677419355,92.11820068452873,0.0,-1.0,0.09,follow,1
1786510358.6526027,11.848258349588477,0.842741935483871,85.0997628292179,0.0,-1.0,0.09,follow,1
1786510358.733457,11.668551547810576,0.5766129032258065,85.55283783302544,0.0,-1.0,0.09,follow,1
1786510358.8145368,11.820310748529142,0.5584677419354839,93.26215804173636,0.0,-1.0,0.098,follow,1
1786510358.8950193,11.903614148084895,0.5403225806451613,92.17522796352425,0.0,-1.0,0.10251955929917403,follow,1
1786510358.9847803,12.023147532230684,0.5282258064516129,101.39853320438428,0.0,-1.0,0.10073174066317402,follow,1
1786510359.0719094,11.836794771695217,0.5100806451612904,104.71266878328731,0.0,-0.9353409674060456,0.09,follow,1
1786510359.1594396,11.671831801735479,0.49193548387096775,100.2120584646418,0.0,-1.0,0.098,follow,1
1786510359.24089,11.704504619670288,0.4737903225806452,121.00171426487259,0.0,-0.8687560756769505,0.09,follow,1
1786510359.3277516,11.844714656836297,0.5887096774193548,93.00171426487259,0.0,-1.0,0.09,follow,1
1786510359.4132392,11.784627527755783,0.6129032258064516,85.73590953920265,0.0,-1.0,0.09,follow,1
1786510359.501455,11.762143328069964,0.6370967741935484,85.40678892679892,0.0,-1.0,0.09,follow,1
1786510359.5853634,11.675553039826042,0.6491935483870968,84.94483260374386,0.0,-1.0,0.09,follow,1
1786510359.6618264,11.718618575279503,0.49798387096774194,85.82403121552167,0.0,-1.0,0.09,follow,1
1786510359.7483928,11.994713030174566,0.6612903225806451,85.1630291636445,0.0,-1.0,0.09,follow,1
1786510359.8396041,11.878987105646292,0.6733870967741936,85.53826655585674,0.0,-1.0,0.09,follow,1
1786510359.9305415,11.729509745657104,0.5342741935483871,86.15482955439214,0.0,-1.0,0.09,follow,1
1786510360.0117338,11.581256907535954,0.5463709677419355,82.24877844754693,0.0,-1.0,0.09,follow,1
1786510360.0962207,11.732535819255284,0.564516129032258,84.72006531204664,0.0,-1.0,0.09,follow,1
1786510360.1821153,11.742455430637774,0.5524193548387096,96.31889509649946,0.0,-1.0,0.098,follow,1
1786510360.2703788,11.682027019309489,0.5403225806451613,93.43704702278544,0.0,-1.0,0.10095754852838897,follow,1
1786510360.356304,11.650020016055214,0.5221774193548387,98.49184589478416,0.0,-1.0,0.10895754852838896,follow,1
1786510360.4385393,11.634485639519792,0.5040322580645161,103.75894836870374,0.0,-0.973926454329195,0.09,follow,1
1786510360.5295122,11.7689408797748,0.4798387096774194,106.36115822300033,0.0,-0.9303786700343806,0.09,follow,1
1786510360.6068947,11.605719699556664,0.5584677419354839,83.65028443888465,0.0,-1.0,0.09,follow,1
1786510360.6841655,11.852955532184577,0.5705645161290323,83.53413284212425,0.0,-1.0,0.09,follow,1
1786510360.768865,12.086508679153326,0.5826612903225806,83.6771504232276,0.0,-1.0,0.09,follow,1
1786510360.8526142,12.031180752239866,0.594758064516129,83.07710422248675,0.0,-1.0,0.09,follow,1
1786510360.9351132,12.008485195701,0.48588709677419356,83.76231855435861,0.0,-1.0,0.09,follow,1
1786510361.0282998,12.043609778928221,0.5040322580645161,86.55166812767365,0.0,-1.0,0.09,follow,1
1786510361.1184947,11.74649533915662,0.655241935483871,82.74495171202778,0.0,-1.0,0.09,follow,1
1786510361.2039652,11.643032059451764,0.5221774193548387,89.10596249264215,0.0,-1.0,0.09,follow,1
1786510361.2986162,11.662184987717692,0.5342741935483871,82.06934716532166,0.0,-1.0,0.09,follow,1
1786510361.397622,11.445159422465366,0.5403225806451613,86.71395769223258,0.0,-1.0,0.09,follow,1
1786510361.4910266,11.16767919521527,0.564516129032258,88.84875423318812,0.0,-1.0,0.09,follow,1
1786510361.577035,11.076829061214056,0.5524193548387096,93.55926308985029,0.0,-1.0,0.098,follow,1
1786510361.6551669,11.15238575718524,0.5403225806451613,93.45978909833916,0.0,-1.0,0.10214866541930256,follow,1
1786510361.737429,11.537089611189533,0.7096774193548387,80.21358168147626,0.0,-1.0,0.09,follow,1
1786510361.8184373,11.663688268191763,0.5100806451612904,108.21358168147626,0.0,-1.0,0.09,follow,1
1786510361.9049401,11.796236128016051,0.49193548387096775,111.13064950133356,0.0,-1.0,0.09,follow,1
1786510361.9936051,11.750437818430218,0.7580645161290323,83.13064950133356,0.0,-1.0,0.09,follow,1
1786510362.0706098,11.644962534335153,0.45564516129032256,111.13064950133356,0.0,-1.0,0.09,follow,1
1786510362.1460788,11.888189824726696,0.4375,139.13064950133355,0.0,-0.5555064616372595,0.09,follow,1
1786510362.2244678,12.07441982996511,0.41330645161290325,161.85775335775253,0.0,0.08449353836274054,0.09,follow,1
1786510362.3018315,12.329849823467203,0.4798387096774194,133.85775335775253,0.0,-0.5555064616372595,0.09,follow,1
1786510362.378855,12.445062938613072,0.5040322580645161,105.85775335775253,0.0,-1.0,0.09,follow,1
1786510362.4552,12.546871085989888,0.5100806451612904,80.30985407105538,0.0,-1.0,0.09,follow,1
1786510362.5444942,12.606144655141962,0.9274193548387096,79.84897888038896,0.0,-1.0,0.09,follow,1
1786510362.6243296,12.325998827027881,0.5282258064516129,76.1896378213207,0.0,-1.0,0.09,follow,1
1786510362.7034576,12.424612243541237,0.5463709677419355,81.26259227095068,0.0,-1.0,0.09,follow,1
1786510362.7775335,12.469783520249557,0.5524193548387096,85.15374226613515,0.0,-1.0,0.09,follow,1
1786510362.8667018,12.677345085682028,1.0,79.90299532537209,0.0,-1.0,0.09,follow,1
1786510362.9464972,12.38675996971933,0.7157258064516129,79.36235410159469,0.0,-1.0,0.09,follow,1
1786510363.0269606,12.38814379967322,0.7338709677419355,79.58268585917357,0.0,-1.0,0.09192620138971225,follow,1
1786510363.1101942,12.349556205828598,0.7580645161290323,79.97050961511789,0.0,-1.0,0.09310543824150687,follow,1
1786510363.1946657,12.270429046689399,0.7641129032258064,80.05710023180876,0.0,-1.0,0.0940232526005264,follow,1
1786510363.2837222,12.263058519027872,0.782258064516129,80.1068421207834,0.0,-1.0,0.09549174303603739,follow,1
1786510363.366569,12.052977444663611,0.7943548387096775,79.87758503099246,0.0,-1.0,0.09621502576381401,follow,1
1786510363.4411685,12.04796218016668,0.4616935483870968,72.87960206195567,0.0,-1.0,0.09,follow,1
1786510363.5354574,12.34007241525724,0.8306451612903225,78.68468268641092,0.0,-1.0,0.098,follow,1
1786510363.6223276,11.99052704676314,0.8608870967741936,78.49941792465935,0.0,-1.0,0.09986682700790975,follow,1
1786510363.7141225,11.852815482103384,0.8850806451612904,78.55190452855885,0.0,-1.0,0.1019664496848108,follow,1
1786510363.7924745,11.64434620231222,0.5100806451612904,64.20310715943072,0.0,-1.0,0.09,follow,1
1786510363.8711133,11.931719940381974,0.5221774193548387,68.66180310950887,0.0,-1.0,0.09,follow,1
1786510363.9484773,12.104229422185355,0.5282258064516129,71.27344034704012,0.0,-1.0,0.09,follow,1
1786510364.0224426,12.247633316101842,0.5463709677419355,66.33687479246768,0.0,-1.0,0.09,follow,1
1786510364.1025376,12.457328880093943,0.5403225806451613,76.57300118937212,0.0,-1.0,0.09,follow,1
1786510364.1759672,12.510021132722624,0.5221774193548387,91.83293664220051,0.0,-1.0,0.09,follow,1
1786510364.2579613,12.730622221652494,0.7278225806451613,79.70290718423622,0.0,-1.0,0.09331900403225805,follow,1
1786510364.341569,12.623253934129657,0.7459677419354839,79.541668512999,0.0,-1.0,0.10033304812368606,follow,1
1786510364.4267433,12.491355185536799,0.7278225806451613,79.92311816172582,0.0,-1.0,0.10046685001789438,follow,1
1786510364.515248,12.338620659300405,0.7883064516129032,80.34398350583943,0.0,-1.0,0.10510743971434086,follow,1
1786510364.6068387,12.137533372727026,0.7762096774193549,80.73699759914098,0.0,-1.0,0.1047334221075036,follow,1
1786510364.6984944,11.898929203255287,0.8245967741935484,81.3233985249424,0.0,-1.0,0.10904173109928168,follow,1
1786510364.7863479,11.702858796093022,0.8487903225806451,81.52392721157238,0.0,-1.0,0.11002165636281216,follow,1
1786510364.8798137,11.602732043025041,0.872983870967742,82.33899198437425,0.0,-1.0,0.11313394127488682,follow,1
1786510364.9678297,11.449989382803519,0.8850806451612904,82.76532855781349,0.0,-1.0,0.11410017519819898,follow,1
1786510365.0442717,11.431781768746003,0.5161290322580645,77.4289165670856,0.0,-1.0,0.09,follow,1
1786510365.135448,11.745014165265124,0.9334677419354839,83.25385305800087,0.0,-1.0,0.098,follow,1
1786510365.2310555,11.605056526211614,0.9576612903225807,83.68017058051454,0.0,-1.0,0.10600000000000001,follow,1
1786510365.3073635,11.376240176799824,0.5584677419354839,74.38903050334739,0.0,-1.0,0.09,follow,1
1786510365.3863645,11.723580132514957,0.5524193548387096,78.98966986794608,0.0,-1.0,0.09,follow,1
1786510365.4788537,11.874534616804997,0.9758064516129032,84.77606031437307,0.0,-1.0,0.098,follow,1
1786510365.5567732,11.63517789874242,0.5100806451612904,101.70246628017566,0.0,-1.0,0.09,follow,1
1786510365.6334364,11.95370994886883,0.49798387096774194,96.47219244170405,0.0,-1.0,0.09,follow,1
1786510365.7182746,12.148501212787634,0.7641129032258064,86.69752551410417,0.0,-1.0,0.098,follow,1
1786510365.8058107,12.04394680628484,0.7943548387096775,87.67468981108452,0.0,-1.0,0.10600000000000001,follow,1
1786510365.896006,11.952819067215056,0.7641129032258064,88.53746358477107,0.0,-1.0,0.11400000000000002,follow,1
1786510365.9874008,11.791655500738576,0.7943548387096775,89.33546166014412,0.0,-1.0,0.12094598887667492,follow,1
1786510366.08426,11.611936639637046,0.8306451612903225,89.90040516934079,0.0,-1.0,0.12305813054323932,follow,1
1786510366.1763244,11.361716555988846,0.8790322580645161,91.05716749132888,0.0,-1.0,0.12811407050920817,follow,1
1786510366.256298,11.258595110207986,0.5282258064516129,89.90093768396203,0.0,-1.0,0.09311407050920817,follow,1
1786510366.3408897,11.506380405203863,0.5463709677419355,89.03277323695416,0.0,-1.0,0.09,follow,1
1786510366.4351003,11.533549354935404,1.0,93.42984531533003,0.0,-1.0,0.098,follow,1
1786510366.510986,11.386119975405922,0.5584677419354839,95.48279445304966,0.0,-1.0,0.10600000000000001,follow,1
1786510366.589979,11.74628137456844,0.5524193548387096,96.41032412965183,0.0,-1.0,0.11379741049769573,follow,1
1786510366.6850405,11.911187786621527,0.9516129032258064,95.36611580386294,0.0,-1.0,0.12179741049769574,follow,1
1786510366.7604184,11.646223228251724,0.5221774193548387,110.58914063727367,0.0,-0.8619221951058605,0.09,follow,1
1786510366.8396363,11.958782248683585,0.5040322580645161,106.41922711434844,0.0,-1.0,0.09,follow,1
1786510366.9255967,12.0838992647386,0.7399193548387096,98.15334437127606,0.0,-1.0,0.098,follow,1
1786510366.9987516,11.991246363089417,0.4495967741935484,107.02462018532077,0.0,-1.0,0.10600000000000001,follow,1
1786510367.0886385,12.333550952835651,0.8064516129032258,100.8609156328636,0.0,-1.0,0.11400000000000002,follow,1
1786510367.1837633,12.08341829740451,0.782258064516129,102.5197363355403,0.0,-1.0,0.12200000000000003,follow,1
1786510367.2617564,11.785047180828153,0.5100806451612904,105.04400335909116,0.0,-0.9099304564134428,0.12052639789087503,follow,1
1786510367.357412,11.978822335390747,0.8608870967741936,104.6399488835234,0.0,-1.0,0.12852639789087503,follow,1
1786510367.4594483,11.68164337132067,0.8911290322580645,105.83005642743785,0.0,-0.9679568171511143,0.13652639789087503,follow,1
1786510367.5418499,11.264780680124431,0.5463709677419355,105.09245664223079,0.0,-1.0,0.10152639789087503,follow,1
1786510367.6206295,11.494109531109334,0.5584677419354839,103.68686172872584,0.0,-1.0,0.09,follow,1
1786510367.719479,11.749508073805943,0.9455645161290323,109.55032662988496,0.0,-0.6156776307452211,0.098,follow,1
1786510367.7937667,11.419385590538461,0.5524193548387096,113.67547649829153,0.0,-0.5445608251477928,0.10600000000000001,follow,1
1786510367.872503,11.818699013523783,0.5524193548387096,113.84317711700061,0.0,-0.68065247006548,0.11400000000000002,follow,1
1786510367.964171,12.010027740513117,0.9758064516129032,112.44238622462692,0.0,-0.8630957765474314,0.12200000000000003,follow,1
1786510368.0434656,11.784831291099831,0.5161290322580645,127.84631859545925,0.0,-0.2230957765474314,0.09,follow,1
1786510368.1169817,11.931154574380548,0.49798387096774194,118.07618600911378,0.0,-0.8630957765474314,0.098,follow,1
1786510368.2016644,12.295816276019105,0.7641129032258064,116.71232995028916,0.0,-0.6735568461458328,0.10600000000000001,follow,1
1786510368.2932181,12.184347734850517,0.9576612903225807,118.06599740459322,0.0,-0.5507298244021941,0.11400000000000002,follow,1
1786510368.3801887,11.939285575709116,0.7883064516129032,120.30252734479775,0.0,-0.40268218090804153,0.12200000000000003,follow,1
1786510368.4738965,11.856273619627457,0.8366935483870968,122.17880837285342,0.0,-0.3908812960868152,0.13000000000000003,follow,1
1786510368.5647123,11.557264420329398,0.8669354838709677,124.04605215255084,0.0,-0.3192552089233271,0.13800000000000004,follow,1
1786510368.6572423,11.508029751387301,0.8487903225806451,125.17545097956037,0.0,-0.31405512190955975,0.14600000000000005,follow,1
1786510368.736855,11.282263052018493,0.5705645161290323,122.16164763833993,0.0,-0.6620237184013924,0.11100000000000004,follow,1
1786510368.8435528,11.678252837774341,0.9576612903225807,128.2647989712372,0.0,-0.02202371840139239,0.11900000000000005,follow,1
1786510368.9219184,11.175145227771425,0.564516129032258,131.23530478955024,0.0,-0.00515998808058693,0.12700000000000006,follow,1
1786510368.9961538,11.55437316600254,0.5584677419354839,132.89452378919626,0.0,0.03876557952735171,0.12448491350211326,follow,1
1786510369.0963197,11.94763647499645,0.9637096774193549,131.21204792216747,0.0,-0.24169285955455655,0.13248491350211325,follow,1
1786510369.1699486,11.559721699055995,0.5040322580645161,138.30218561925844,0.0,0.39830714044544346,0.10891002805302569,follow,1
1786510369.2529244,11.949229107253432,0.5100806451612904,138.37672282340503,0.0,0.2118815292884929,0.1169100280530257,follow,1
1786510369.33772,11.969018152998107,0.7096774193548387,133.95519105361217,0.0,-0.2506578036518847,0.1249100280530257,follow,1
1786510369.422312,11.934916773270198,0.7157258064516129,134.67551156371945,0.0,0.008690516184629904,0.1329100280530257,follow,1
1786510369.509898,11.909304467487168,0.7459677419354839,135.69025832326588,0.0,0.03360040765051531,0.14091002805302572,follow,1
1786510369.604335,11.824652647590451,0.939516129032258,136.65786233571615,0.0,0.07205809646884198,0.14891002805302572,follow,1
1786510369.6937068,11.504888743577919,0.8245967741935484,137.34784671898456,0.0,0.105091765349131,0.133600209799754,follow,1
1786510369.7832246,11.495993103805816,0.8548387096774193,137.62862184117566,0.0,0.07039051753107806,0.14160020979975402,follow,1
1786510369.8621695,11.460828021350203,0.5524193548387096,138.16508403361337,0.0,0.12496802670732243,0.10660020979975401,follow,1
1786510369.9541483,11.69138266631819,0.9213709677419355,138.89922122206758,0.0,0.15860460407511856,0.11460020979975402,follow,1
1786510370.0467525,11.537544560680455,0.9455645161290323,139.5972979706271,0.0,0.17021087807735913,0.12260020979975403,follow,1
1786510370.1403224,11.378119985862515,0.9334677419354839,139.46561475467837,0.0,0.12529855011234792,0.13060020979975404,follow,1
1786510370.2400017,11.240631311675864,0.9274193548387096,139.37761298671876,0.0,0.12299284982860914,0.13860020979975404,follow,1
1786510370.3204303,10.981017848377277,0.5100806451612904,150.54976022276202,0.0,0.7629928498286092,0.10360020979975404,follow,1
1786510370.402415,11.305534059643977,0.5040322580645161,144.89800443458947,0.0,0.19637847773006556,0.11160020979975405,follow,1
1786510370.4850628,11.43752522767983,0.4616935483870968,161.0021177021182,0.0,0.8363784777300656,0.09,follow,1
1786510370.5627565,11.625983008876288,0.45564516129032256,146.5941749427037,0.0,0.19637847773006556,0.098,follow,1
1786510370.6443508,11.853894502180562,0.7278225806451613,139.1720832496148,0.0,-0.11446906798215106,0.09,follow,1
1786510370.7285895,11.947353776468862,0.7399193548387096,138.8687068950909,0.0,0.13577796458970803,0.098,follow,1
1786510370.8160214,11.91361152332437,0.872983870967742,138.29267603491388,0.0,0.06676306144428812,0.10600000000000001,follow,1
1786510370.8977427,11.831200120637096,0.5282258064516129,141.12006559582952,0.0,0.3992305069005371,0.11400000000000002,follow,1
1786510370.9833612,11.92160416717017,0.8790322580645161,137.29794244377752,0.0,-0.0916410136552247,0.09,follow,1
1786510371.062967,11.842852283358797,0.564516129032258,140.92271407837453,0.0,0.42941497835886555,0.098,follow,1
1786510371.1367984,12.013260351963634,0.5584677419354839,138.4999463355733,0.0,0.03663795309509421,0.10600000000000001,follow,1
1786510371.2280376,12.261880424910505,0.872983870967742,136.03593426663699,0.0,-0.10123239691741515,0.0943989587864428,follow,1
1786510371.3042612,12.044616878347108,0.5040322580645161,142.66487171365193,0.0,0.5387676030825849,0.10239895878644281,follow,1
1786510371.3963609,12.244242701822525,0.872983870967742,134.44703239661425,0.0,-0.10123239691741515,0.09,follow,1
1786510371.4706056,11.923349023625544,0.45564516129032256,154.52007257448395,0.0,0.5387676030825849,0.09,follow,1
1786510371.56875,12.305811186639941,0.9153225806451613,131.0656391185061,0.0,-0.10123239691741515,0.09,follow,1
1786510371.6579766,11.893822075679573,0.7036290322580645,131.39141019895152,0.0,-0.028981256502799035,0.09,follow,1
1786510371.7484949,11.753329585700534,0.7096774193548387,130.31143261432743,0.0,-0.11120826835593378,0.09,follow,1
1786510371.8438635,11.616168273432496,0.6794354838709677,130.30967208851655,0.0,-0.0993638280360134,0.09,follow,1
1786510371.9301174,11.384964301546862,0.685483870967742,129.77508078832096,0.0,-0.17556690819530507,0.09,follow,1
1786510372.0139325,11.422368512742722,0.7580645161290323,128.20738968208582,0.0,-0.29340456119680736,0.09,follow,1
1786510372.100427,11.522926219513115,0.7762096774193549,127.24177576745981,0.0,-0.33404556272630936,0.09,follow,1
1786510372.181663,11.529733110913941,0.5524193548387096,131.64409710037916,0.0,0.14415109755676192,0.09,follow,1
1786510372.2705767,11.69227962966525,0.5705645161290323,129.19961891604495,0.0,-0.2864689769592797,0.09,follow,1
1786510372.3636088,11.577727493741223,0.8608870967741936,124.84079047539265,0.0,-0.5979730138931725,0.09,follow,1
1786510372.4487057,11.437921737535918,0.564516129032258,133.0106434446056,0.0,0.042026986106827535,0.098,follow,1
1786510372.5324533,11.48733886920253,0.5524193548387096,130.50461492289162,0.0,-0.18809623696501443,0.10600000000000001,follow,1
1786510372.6122918,11.587755624073504,0.5584677419354839,130.54237050407943,0.0,-0.062432304623494694,0.11400000000000002,follow,1
1786510372.6911488,11.776120905241113,0.5161290322580645,134.10250405980966,0.0,0.31868169768475296,0.115790990633032,follow,1
1786510372.7705712,11.931411954482584,0.5040322580645161,134.10658853341826,0.0,0.16657865122083304,0.11754664487352104,follow,1
1786510372.865805,12.035589793409098,0.9213709677419355,117.36529534042108,0.0,-0.473421348779167,0.09,follow,1
1786510372.956675,11.74589427986561,0.7278225806451613,117.5337024087024,0.0,-0.4756785518001683,0.09,follow,1
1786510373.030295,11.622834145388303,0.4435483870967742,131.56306872088953,0.0,0.1643214481998317,0.098,follow,1
1786510373.112438,12.00342443732161,0.6310483870967742,116.02800370900906,0.0,-0.4756785518001683,0.09,follow,1
1786510373.1858134,12.051940849386785,0.4012096774193548,144.02800370900906,0.0,0.1643214481998317,0.09,follow,1
1786510373.2646008,12.364762365562841,0.3712557603686636,172.02800370900906,0.0,0.8043214481998318,0.09,follow,1
1786510373.3524861,12.387913568205576,0.5221774193548387,144.02800370900906,0.0,0.16432144819983174,0.09,follow,1
1786510373.439578,12.21460202857644,0.8366935483870968,116.02800370900906,0.0,-0.47567855180016827,0.09,follow,1
1786510373.531389,12.06713708701361,0.8245967741935484,112.45518239728781,0.0,-1.0,0.09,follow,1
1786510373.623927,11.817923810938623,0.7943548387096775,112.38493522435891,0.0,-1.0,0.09,follow,1
1786510373.712775,11.635872258873418,0.7278225806451613,112.83513830285986,0.0,-0.9794816175692326,0.09,follow,1
1786510373.7903938,11.558238526808326,0.5705645161290323,112.36575479028318,0.0,-1.0,0.09,follow,1
1786510373.8741422,11.771550457748361,0.5524193548387096,115.20469572444264,0.0,-0.7191204137243832,0.09512322048918614,follow,1
1786510373.9755857,11.808474084261706,0.9274193548387096,105.61318809535786,0.0,-1.0,0.09,follow,1
1786510374.0597546,11.430719174660338,0.685483870967742,106.12599223937971,0.0,-0.9245149992668182,0.09,follow,1
1786510374.1410947,11.518047637975968,0.6915322580645161,105.97379947958763,0.0,-0.8607164490038648,0.09,follow,1
1786510374.2248676,11.684809922202472,0.7036290322580645,105.09650304955278,0.0,-0.9418863666126005,0.09,follow,1
1786510374.2993872,11.751544380616672,0.467741935483871,133.09650304955278,0.0,-0.3018863666126005,0.09,follow,1
1786510374.39165,12.07733148454521,0.7580645161290323,105.09650304955278,0.0,-0.9418863666126005,0.09,follow,1
1786510374.4771626,11.822856629763686,0.7459677419354839,100.45766602997364,0.0,-1.0,0.09,follow,1
1786510374.5513608,11.81408176101927,0.407258064516129,128.45766602997364,0.0,-0.9036023956750786,0.09,follow,1
1786510374.632517,12.14630680081003,0.5161290322580645,100.45766602997364,0.0,-1.0,0.09,follow,1
1786510374.7167902,12.179569002545183,0.7943548387096775,96.42420264965455,0.0,-1.0,0.09,follow,1
1786510374.7993953,12.073162467221279,0.7762096774193549,96.3699196764779,0.0,-1.0,0.09,follow,1
1786510374.8767543,12.120696689343166,0.5282258064516129,103.48926078546788,0.0,-1.0,0.09,follow,1
1786510374.9605374,12.276777858407723,0.5584677419354839,96.91719042333874,0.0,-1.0,0.09,follow,1
1786510375.0523424,12.221805541521366,0.9032258064516129,95.37914941118214,0.0,-1.0,0.09,follow,1
1786510375.13298,11.948131646743681,0.5584677419354839,101.42410508470402,0.0,-1.0,0.09,follow,1
1786510375.2060957,12.036418960689742,0.5463709677419355,99.7515407013859,0.0,-1.0,0.09,follow,1
1786510375.298599,12.366346523625552,1.0,71.7515407013859,0.0,-1.0,0.09,follow,1
1786510375.3759754,12.05675601463535,0.5161290322580645,99.7515407013859,0.0,-1.0,0.098,follow,1
1786510375.4572132,12.23654371779674,0.655241935483871,95.76980362081716,0.0,-1.0,0.09,follow,1
1786510375.5498862,12.239563086651184,0.8850806451612904,94.61704199829015,0.0,-1.0,0.09,follow,1
1786510375.6315231,11.947563164991545,0.6491935483870968,95.03692178376926,0.0,-1.0,0.09,follow,1
1786510375.7035844,11.999872625002672,0.45564516129032256,123.03692178376926,0.0,-1.0,0.09,follow,1
1786510375.77344,12.402891135968137,0.4314516129032258,144.17151001112444,0.0,-0.3633078328395737,0.09,follow,1
1786510375.8597898,12.76856660918208,0.7399193548387096,116.17151001112444,0.0,-1.0,0.09,follow,1
1786510375.951798,12.539851324457228,0.8487903225806451,88.17151001112444,0.0,-1.0,0.09,follow,1
1786510376.0408828,12.201756248346365,0.8608870967741936,60.17151001112444,0.0,-1.0,0.09,follow,1
1786510376.128875,12.009450949365748,0.7580645161290323,88.17151001112444,0.0,-1.0,0.09,follow,1
1786510376.214518,11.877492405041107,0.8245967741935484,94.04707585063721,0.0,-1.0,0.09,follow,1
1786510376.2877853,11.833346881828408,0.5282258064516129,95.8999449864015,0.0,-1.0,0.09,follow,1
1786510376.373871,12.21356953446807,0.872983870967742,94.03850618397874,0.0,-1.0,0.09,follow,1
1786510376.463613,12.093970226389628,0.8911290322580645,94.18659712708347,0.0,-1.0,0.09,follow,1
1786510376.5329022,11.900861371653507,0.5584677419354839,98.8169164908343,0.0,-1.0,0.09,follow,1
1786510376.606553,12.41533850577639,0.5463709677419355,102.40683469132293,0.0,-1.0,0.098,follow,1
1786510376.7006156,12.637839618738525,1.0,74.40683469132293,0.0,-1.0,0.09,follow,1
1786510376.7791686,12.223962114338876,0.5100806451612904,102.40683469132293,0.0,-1.0,0.09,follow,1
1786510376.856774,12.34587561933045,0.49193548387096775,111.4685328471277,0.0,-0.711451850332972,0.098,follow,1
1786510376.937818,12.439817179733199,0.6794354838709677,95.72742092818982,0.0,-1.0,0.09,follow,1
1786510377.0239964,12.39691451198705,0.655241935483871,95.32502440491919,0.0,-1.0,0.09,follow,1
1786510377.109409,12.268250223092869,0.6975806451612904,95.64000337756676,0.0,-1.0,0.09,follow,1
1786510377.1831546,12.1592988288922,0.48588709677419356,98.01726185551539,0.0,-1.0,0.09,follow,1
1786510377.25985,12.436923385396339,0.49193548387096775,99.20437691320232,0.0,-1.0,0.09,follow,1
1786510377.3493652,12.542973653382957,0.7399193548387096,95.4834587604303,0.0,-1.0,0.09,follow,1
1786510377.4351776,12.266237242823758,0.7641129032258064,95.75458680665528,0.0,-1.0,0.09,follow,1
1786510377.5209374,12.134998832694942,0.7762096774193549,95.6291006485022,0.0,-1.0,0.09,follow,1
1786510377.6055646,12.033702587988286,0.5403225806451613,100.92843491004155,0.0,-1.0,0.09,follow,1
1786510377.6918657,12.020450861774052,0.5524193548387096,98.58852941176485,0.0,-1.0,0.09,follow,1
1786510377.7762198,11.936286483345947,0.7399193548387096,96.56691263699805,0.0,-1.0,0.09,follow,1
1786510377.8613944,11.916249323620196,0.5705645161290323,102.58899590975088,0.0,-1.0,0.09,follow,1
1786510377.9443185,11.888920209914684,0.5524193548387096,101.28889001754446,0.0,-1.0,0.09,follow,1
1786510378.042306,11.913363445799352,0.9213709677419355,95.57207026487293,0.0,-1.0,0.09,follow,1
1786510378.1231718,11.56916836692713,0.5221774193548387,108.53294948495251,0.0,-1.0,0.098,follow,1
1786510378.2011573,11.73171746203607,0.49798387096774194,109.07209863307486,0.0,-1.0,0.10600000000000001,follow,1
1786510378.2790728,11.959259310934087,0.49193548387096775,107.55228473387966,0.0,-1.0,0.1082401635213997,follow,1
1786510378.3569787,12.113238712434121,0.467741935483871,121.40525299735691,0.0,-0.7821576661276027,0.09,follow,1
1786510378.4562957,12.26416064103645,0.7943548387096775,93.40525299735691,0.0,-1.0,0.09,follow,1
1786510378.5439904,11.83573215211415,0.685483870967742,97.6932277516761,0.0,-1.0,0.09,follow,1
1786510378.6242664,11.734909547953478,0.49193548387096775,98.29985311543352,0.0,-1.0,0.09,follow,1
1786510378.7104874,11.884669141030853,0.5100806451612904,96.85441359547931,0.0,-1.0,0.09,follow,1
1786510378.795339,11.804004775088908,0.5221774193548387,96.59821088061346,0.0,-1.0,0.09,follow,1
1786510378.8895345,11.825590965318899,0.752016129032258,97.07942859776885,0.0,-1.0,0.09,follow,1
1786510378.9830317,11.57393864716112,0.5282258064516129,98.83011030751406,0.0,-1.0,0.09,follow,1
1786510379.0689497,11.400528246488895,0.5463709677419355,98.10511046971949,0.0,-1.0,0.09,follow,1
1786510379.1619225,11.4215867941256,0.5463709677419355,97.31819263875805,0.0,-1.0,0.09,follow,1
1786510379.2474627,11.31677197888181,0.5826612903225806,94.49243384332743,0.0,-1.0,0.09,follow,1
1786510379.3342683,11.398759273063057,0.5705645161290323,100.37729984899799,0.0,-1.0,0.09,follow,1
1786510379.4225736,11.397121473067486,0.5463709677419355,103.32892991238981,0.0,-1.0,0.098,follow,1
1786510379.5202303,11.41391583789704,1.0,75.32892991238981,0.0,-1.0,0.09,follow,1
1786510379.5965476,11.167001337414026,0.5221774193548387,103.32892991238981,0.0,-1.0,0.09,follow,1
1786510379.6722286,11.556654816500746,0.49798387096774194,113.28323505762597,0.0,-0.8752467540454277,0.09069755440618425,follow,1
1786510379.761876,11.898086928789963,0.7701612903225807,85.28323505762597,0.0,-1.0,0.09,follow,1
1786510379.8603933,11.715674752926603,0.7641129032258064,57.28323505762597,0.0,-1.0,0.09,follow,1
1786510379.9578896,11.423575834483621,0.7883064516129032,29.283235057625973,0.0,-1.0,0.09,follow,1
1786510380.0374856,11.192326152927393,0.49798387096774194,57.28323505762597,0.0,-1.0,0.09,follow,1
1786510380.138149,11.464427016321952,0.8306451612903225,29.283235057625973,0.0,-1.0,0.09,follow,1
1786510380.2326553,11.166452177278645,0.8548387096774193,57.28323505762597,0.0,-1.0,0.09,follow,1
1786510380.3144684,11.022556234469146,0.5221774193548387,85.28323505762597,0.0,-1.0,0.09,follow,1
1786510380.394413,11.288543956466196,0.5463709677419355,103.78073484713035,0.0,-1.0,0.09,follow,1
1786510380.4890175,11.533920718746096,0.9213709677419355,99.80916038604374,0.0,-1.0,0.09,follow,1
1786510380.5664282,11.33775639712578,0.6310483870967742,103.17414334189561,0.0,-1.0,0.09,follow,1
1786510380.6507552,11.659893604857599,0.6491935483870968,103.37878435491155,0.0,-0.46313404137304925,0.09,follow,1
1786510380.730164,11.709468663872487,0.6491935483870968,104.05198727413887,0.0,-0.00468764744307365,0.09,follow,1
1786510380.8137848,11.86304599424013,0.6733870967741936,103.86266267682817,0.0,-0.6136841881673469,0.09,follow,1
1786510380.8998232,11.860134494599395,0.6915322580645161,103.64747667791272,0.0,-0.9031086704368544,0.09,follow,1
1786510380.987467,11.802383350310693,0.7036290322580645,103.9106504236425,0.0,-0.8839597351902371,0.09,follow,1
1786510381.0722735,11.774437879434185,0.7157258064516129,104.08259082689489,0.0,-1.0,0.09,follow,1
1786510381.1537974,11.769897691934656,0.48588709677419356,113.30543556294484,0.0,-0.8203972945382993,0.098,follow,1
1786510381.2463498,11.878005910653266,0.467741935483871,140.0545028110787,0.0,-0.18039729453829934,0.09,follow,1
1786510381.337578,11.660201260066717,0.6975806451612904,112.05450281107869,0.0,-0.8203972945382993,0.09,follow,1
1786510381.4362788,11.523840996704706,0.7278225806451613,103.9215970738121,0.0,-1.0,0.09,follow,1
1786510381.540146,11.168925073139015,0.7338709677419355,103.86354005866018,0.0,-1.0,0.09,follow,1
1786510381.6282494,10.936490710023147,0.5040322580645161,106.38392350700856,0.0,-1.0,0.09,follow,1
1786510381.720511,10.977058767458264,0.5282258064516129,107.14856719367535,0.0,-1.0,0.09,follow,1
1786510381.813805,10.989436084982522,0.5282258064516129,104.21860230426422,0.0,-1.0,0.09,follow,1
1786510381.9168608,10.935804387076626,0.7217741935483871,106.54969343614408,0.0,-1.0,0.09,follow,1
1786510382.004364,10.68797366037014,0.5403225806451613,107.3582148284841,0.0,-1.0,0.09,follow,1
1786510382.0944238,10.837435886342636,0.625,114.35663095552852,0.0,-0.9091892308855557,0.09,follow,1
1786510382.1863816,10.814848600966204,0.5766129032258065,106.7769745977289,0.0,-1.0,0.09,follow,1
1786510382.287513,10.894697680559455,0.6008064516129032,103.30679196530191,0.0,-1.0,0.09,follow,1
1786510382.3776147,10.700121480425786,0.782258064516129,106.03714394628818,0.0,-1.0,0.098,follow,1
1786510382.4680567,10.768446190042527,0.5705645161290323,114.77568867191519,0.0,-0.9000656532163952,0.10600000000000001,follow,1
1786510382.5552359,10.816555632201245,0.5524193548387096,111.10798596361575,0.0,-1.0,0.11087808942651152,follow,1
1786510382.6569214,10.94578230097181,0.5403225806451613,111.67133252468338,0.0,-1.0,0.11480485005957447,follow,1
1786510382.7470539,10.742349874981183,0.5826612903225806,104.30620942006256,0.0,-1.0,0.09,follow,1
1786510382.8334587,10.802955593658968,0.48588709677419356,119.8756467190997,0.0,-1.0,0.09,follow,1
1786510382.9244428,10.94488643413627,0.467741935483871,146.0534444218637,0.0,-0.5988231858151437,0.09,follow,1
1786510383.014075,10.975496300330478,0.5040322580645161,118.0534444218637,0.0,-1.0,0.09,follow,1
1786510383.108181,11.010815107147963,0.6370967741935484,106.37015286460854,0.0,-1.0,0.09,follow,1
1786510383.1942487,10.928668594710064,0.5040322580645161,106.292279614882,0.0,-1.0,0.09,follow,1
1786510383.2860663,11.06412840562834,0.5282258064516129,108.3046316541921,0.0,-1.0,0.09,follow,1
1786510383.3761768,11.014045600662431,0.5403225806451613,107.50485189450418,0.0,-1.0,0.09,follow,1
1786510383.4657438,11.045999122979019,0.5403225806451613,110.30126170495855,0.0,-1.0,0.09756230109514324,follow,1
1786510383.5495648,11.077479622707493,0.564516129032258,108.832083297761,0.0,-1.0,0.09,follow,1
1786510383.6343298,11.235837493244862,0.5826612903225806,109.96735728687099,0.0,-1.0,0.09,follow,1
1786510383.7277217,11.348980003385304,0.6008064516129032,110.16892245224389,0.0,-1.0,0.09,follow,1
1786510383.8213081,11.229511760497296,0.5826612903225806,115.80127032847965,0.0,-0.9133553753042238,0.098,follow,1
1786510383.9098532,11.122116240275997,0.5524193548387096,116.32025025394677,0.0,-1.0,0.10600000000000001,follow,1
1786510384.0064876,11.148727809807923,0.5403225806451613,112.99767635314814,0.0,-1.0,0.09331376825518735,follow,1
1786510384.090581,10.995683678421216,0.5342741935483871,117.51363533387429,0.0,-0.8995136271623484,0.10131376825518734,follow,1
1786510384.1732152,11.13860998034936,0.5221774193548387,119.9911489961467,0.0,-0.8295523061913708,0.10931376825518735,follow,1
1786510384.2604334,11.356677607588274,0.5887096774193548,111.7307093163945,0.0,-1.0,0.09,follow,1
1786510384.3524156,11.351229930828062,0.6189516129032258,111.90170439049253,0.0,-1.0,0.09,follow,1
1786510384.4323719,11.246659112901378,0.45564516129032256,139.9017043904925,0.0,-0.6397518819208957,0.09,follow,1
1786510384.5154605,11.54479177599534,0.5161290322580645,114.43408149821182,0.0,-1.0,0.09,follow,1
1786510384.599116,11.639797692500444,0.6733870967741936,113.44388787970784,0.0,-1.0,0.09,follow,1
1786510384.6878912,11.715394667732182,0.6491935483870968,113.36617863863523,0.0,-1.0,0.09,follow,1
1786510384.7736645,11.622226812073755,0.5342741935483871,115.02451433857513,0.0,-1.0,0.09,follow,1
1786510384.8677568,11.620121910872655,0.5463709677419355,115.39369875609795,0.0,-1.0,0.09,follow,1
1786510384.9540584,11.431509967918378,0.5463709677419355,115.18047508365063,0.0,-1.0,0.09,follow,1
1786510385.0399685,11.43854399851666,0.5584677419354839,113.74724100380334,0.0,-1.0,0.09,follow,1
1786510385.1285179,11.500637481742714,0.5826612903225806,117.22790667348792,0.0,-1.0,0.09,follow,1
1786510385.2157476,11.394851176638566,0.594758064516129,116.13555886421834,0.0,-1.0,0.09,follow,1
1786510385.299658,11.4780291322627,0.6008064516129032,118.60633978282974,0.0,-1.0,0.09,follow,1
1786510385.3932178,11.567066660454833,0.5826612903225806,118.90158522377962,0.0,-1.0,0.09,follow,1
1786510385.4802244,11.395183502643029,0.5705645161290323,122.16939349958227,0.0,-0.8227075088512388,0.098,follow,1
1786510385.5635395,11.38748824683454,0.5463709677419355,121.1003690838028,0.0,-1.0,0.09898165628983073,follow,1
1786510385.651176,11.498227556044963,0.5342741935483871,118.93517434725935,0.0,-1.0,0.09,follow,1
1786510385.7355819,11.518132258994825,0.5282258064516129,126.85829093431974,0.0,-0.6100681311383841,0.098,follow,1
1786510385.8196316,11.583212454169544,0.5040322580645161,132.60690528983054,0.0,-0.1604152868222447,0.10600000000000001,follow,1
1786510385.9034016,11.635197697434306,0.4798387096774194,136.17407539118025,0.0,-0.07062562665203187,0.09,follow,1
1786510386.003776,11.692114579412078,0.9274193548387096,164.17407539118025,0.0,0.5693743733479681,0.09,follow,1
1786510386.1043677,11.343479099413667,0.9274193548387096,192.17407539118025,0.0,1.0,0.09,follow,1
1786510386.2033703,11.048555108645443,0.9334677419354839,206.39452397515217,0.0,1.0,0.09,follow,1
1786510386.3003144,10.889429948525851,0.9334677419354839,206.9310791830663,0.0,1.0,0.09,follow,1
1786510386.3998342,10.767344512120088,0.9334677419354839,206.92226078348017,0.0,1.0,0.09,follow,1
1786510386.4773622,10.621942234215823,0.5403225806451613,178.92226078348017,0.0,1.0,0.09405005780424414,follow,1
1786510386.5661113,11.090531653262381,0.8185483870967742,150.92226078348017,0.0,1.0,0.09,follow,1
1786510386.6594868,11.114728088623753,0.5584677419354839,130.82190933848136,0.0,0.9214831939451585,0.098,follow,1
1786510386.7581866,11.030158311150831,0.5766129032258065,129.5392362354623,0.0,0.2814831939451585,0.09,follow,1
1786510386.851487,10.864072730293037,0.7762096774193549,129.30523708140302,0.0,-0.3585168060548415,0.09,follow,1
1786510386.9504004,10.826360726157624,0.7883064516129032,130.117296303077,0.0,-0.6785750999200169,0.09,follow,1
1786510387.0464787,10.68263707494487,0.6068548387096775,131.76444606260324,0.0,-0.5758846118519827,0.09,follow,1
1786510387.1445744,10.607091728626013,0.7943548387096775,131.2795091897192,0.0,-0.6881604538604051,0.098,follow,1
1786510387.232791,10.548237405540672,0.5705645161290323,138.4658339564001,0.0,-0.04816045386040513,0.10600000000000001,follow,1
1786510387.3199706,10.712206878973367,0.5524193548387096,133.59235802012998,0.0,-0.6881604538604051,0.11400000000000002,follow,1
1786510387.4052134,10.861493308837892,0.5403225806451613,130.20501342766357,0.0,-0.7876740540932481,0.10482411053085805,follow,1
1786510387.4967654,11.02294642599488,0.8790322580645161,125.79147438245948,0.0,-1.0,0.10195650502790035,follow,1
1786510387.5858195,10.993186236468716,0.5100806451612904,133.9531384667538,0.0,-0.39463634504491873,0.10727593101017006,follow,1
1786510387.669848,11.054151412586979,0.49193548387096775,120.94785597906608,0.0,-1.0,0.09,follow,1
1786510387.7519116,11.235223612102198,0.4798387096774194,139.0363004705113,0.0,-0.39463634504491873,0.09,follow,1
1786510387.8295562,11.412699413774964,0.4616935483870968,155.32330642330416,0.0,0.24536365495508128,0.09,follow,1
1786510387.9087565,11.645781512074544,0.4375,134.34035291738118,0.0,-0.39463634504491873,0.09,follow,1
1786510387.9962373,11.848969802559425,0.5161290322580645,114.38152491256645,0.0,-1.0,0.098,follow,1
1786510388.093291,11.786515277675665,0.6794354838709677,111.29937295002888,0.0,-1.0,0.09,follow,1
1786510388.1848607,11.505163688301668,0.5403225806451613,110.12922605675051,0.0,-1.0,0.09,follow,1
1786510388.267485,11.391276773134392,0.5584677419354839,107.37318956610171,0.0,-1.0,0.09,follow,1
1786510388.3510635,11.540096548324355,0.5584677419354839,108.25479040382503,0.0,-1.0,0.09,follow,1
1786510388.4418776,11.625446676683268,0.564516129032258,106.83824169726022,0.0,-1.0,0.09,follow,1
1786510388.5208964,11.499171742820526,0.594758064516129,106.91883676168838,0.0,-1.0,0.09,follow,1
1786510388.6030073,11.72619619770588,0.594758064516129,107.79155232936526,0.0,-1.0,0.09,follow,1
1786510388.690915,11.818070888855926,0.6129032258064516,110.02776396143932,0.0,-1.0,0.09470353545865327,follow,1
1786510388.7765121,11.723493704555223,0.594758064516129,107.83821872704203,0.0,-1.0,0.09,follow,1
1786510388.8742359,11.690525223938083,0.9153225806451613,108.77099650287724,0.0,-1.0,0.098,follow,1
1786510388.9576895,11.424702613087772,0.5584677419354839,115.67869766193864,0.0,-0.6853354010391559,0.10600000000000001,follow,1
1786510389.0427282,11.470974937059072,0.5403225806451613,109.92608200079127,0.0,-1.0,0.11343811327651285,follow,1
1786510389.1287396,11.592098518326251,0.5282258064516129,115.99688314691767,0.0,-0.685335401039156,0.10932214643224453,follow,1
1786510389.2139337,11.595749643929434,0.5040322580645161,123.53864428254553,0.0,-0.1354815780118266,0.09,follow,1
1786510389.296447,11.594217962839487,0.4798387096774194,115.0272048364152,0.0,-0.7754815780118266,0.098,follow,1
1786510389.3817797,11.731781163714777,0.467741935483871,130.2793808846462,0.0,-0.1354815780118266,0.09,follow,1
1786510389.461917,11.732247278946438,0.4495967741935484,142.85486335296991,0.0,0.5045184219881734,0.09,follow,1
1786510389.562118,11.874068116996149,0.6733870967741936,114.85486335296991,0.0,-0.1354815780118266,0.09,follow,1
1786510389.6518178,11.501129970660735,0.5161290322580645,114.2880687563196,0.0,-0.7754815780118266,0.098,follow,1
1786510389.7382562,11.42586312099533,0.5342741935483871,115.12660235231938,0.0,-0.9516650115952368,0.10600000000000001,follow,1
1786510389.828969,11.409210052421034,0.5524193548387096,115.12555499122729,0.0,-0.991902434374979,0.10765913257710075,follow,1
1786510389.9192932,11.390496896563592,0.5887096774193548,113.88053686331818,0.0,-1.0,0.09,follow,1
1786510390.0065944,11.318944551927306,0.564516129032258,116.97866900025595,0.0,-0.8170430000353599,0.098,follow,1
1786510390.095196,11.341922519506447,0.5826612903225806,118.22696836430669,0.0,-0.8296068688090327,0.10600000000000001,follow,1
1786510390.1819615,11.335874863656095,0.594758064516129,116.59515267100885,0.0,-1.0,0.095302283082856,follow,1
1786510390.2739213,11.366656824521279,0.8669354838709677,117.1031973134273,0.0,-0.9253192541578287,0.103302283082856,follow,1
1786510390.3620753,11.267810936392292,0.6189516129032258,121.57369110467172,0.0,-0.5403604792225027,0.111302283082856,follow,1
1786510390.4454436,11.295830711806161,0.6068548387096775,120.85410784100601,0.0,-0.7770702988728426,0.11930228308285601,follow,1
1786510390.5290675,11.41966528135767,0.594758064516129,120.56815005874515,0.0,-0.7759358849822107,0.12730228308285602,follow,1
1786510390.6115985,11.505157970344923,0.5826612903225806,119.248020995886,0.0,-0.878308855143301,0.1262928113870646,follow,1
1786510390.6964314,11.669595478310985,0.5584677419354839,124.02616018831309,0.0,-0.3194068732040949,0.1065662885798673,follow,1
1786510390.780401,11.677183867884718,0.5463709677419355,122.74658437843199,0.0,-0.6324654207938684,0.11315962517951882,follow,1
1786510390.871421,11.723148766373221,0.6794354838709677,115.45531405626532,0.0,-1.0,0.09,follow,1
1786510390.965044,11.574475256300868,0.685483870967742,115.89535202700843,0.0,-0.7282864627742294,0.09,follow,1
1786510391.0519893,11.400994539394306,0.6975806451612904,116.34853777353418,0.0,-0.7005733887011616,0.09,follow,1
1786510391.1464407,11.425106894199065,0.6673387096774193,116.60800021720593,0.0,-0.8553496635117751,0.09,follow,1
1786510391.236176,11.255775528566552,0.5826612903225806,117.6069844422376,0.0,-0.8000203832865522,0.09,follow,1
1786510391.3282316,11.226518050513572,0.7157258064516129,117.30554748382849,0.0,-0.887055674382464,0.09,follow,1
1786510391.417825,11.168339095643914,0.5826612903225806,119.76958304853042,0.0,-0.7091272329880279,0.098,follow,1
1786510391.5068066,11.14133370896439,0.6068548387096775,120.72923034176168,0.0,-0.7237155799433588,0.10103336259715615,follow,1
1786510391.5961761,11.176590700961022,0.625,120.80711263881535,0.0,-0.7321898277469527,0.09,follow,1
1786510391.684171,11.184566969608293,0.6491935483870968,121.51969914413937,0.0,-0.7319127715440856,0.098,follow,1
1786510391.7691772,11.217261890767935,0.655241935483871,121.79022927677367,0.0,-0.7249211964972759,0.09915831336908792,follow,1
1786510391.8553514,11.30042051449744,0.6915322580645161,122.07926380943924,0.0,-0.7189813313894644,0.09387876892525017,follow,1
1786510391.946531,11.387629310978575,0.7157258064516129,123.77875189434147,0.0,-0.5812321423295544,0.10187876892525016,follow,1
1786510392.0363111,11.309991091711137,0.7096774193548387,122.83701309359196,0.0,-0.7521650473317708,0.10987876892525017,follow,1
1786510392.1280534,11.263836224244796,0.842741935483871,122.0762475374404,0.0,-0.8100945647495041,0.10924016157537192,follow,1
1786510392.2117987,11.18236374819344,0.6673387096774193,126.217025318687,0.0,-0.3998463454524379,0.11724016157537193,follow,1
1786510392.3031058,11.352166130968053,0.655241935483871,126.42843065626244,0.0,-0.5433951876416101,0.12524016157537193,follow,1
1786510392.3913262,11.27769541688509,0.6491935483870968,125.99564913247418,0.0,-0.6000233503434605,0.1277276966685427,follow,1
1786510392.4835956,11.274564377318788,0.969758064516129,123.21626084873165,0.0,-0.8680491275123161,0.09272769666854269,follow,1
1786510392.5722458,11.175774793895217,0.6189516129032258,129.28963434543365,0.0,-0.2280491275123161,0.1007276966685427,follow,1
1786510392.6496441,11.224114876819772,0.6008064516129032,130.47283829093496,0.0,-0.3283779394571076,0.1087276966685427,follow,1
1786510392.7316878,11.520256281033346,0.6008064516129032,128.30337752622353,0.0,-0.6067854587512457,0.11672769666854271,follow,1
1786510392.812641,11.692343469087898,0.5705645161290323,136.31196581196585,0.0,0.03321454124875434,0.09356142716391654,follow,1
1786510392.8905697,11.82227746214382,0.5463709677419355,134.28640762688042,0.0,-0.2709771876270768,0.10156142716391653,follow,1
1786510392.9716985,11.971563305305224,0.5342741935483871,137.30026760935652,0.0,0.11877841154311464,0.09908180172182267,follow,1
1786510393.0556543,11.969686632493413,0.5100806451612904,150.86375422649002,0.0,0.7587784115431147,0.09,follow,1
1786510393.1352046,12.042404627690937,0.4798387096774194,138.8025905460116,0.0,0.11877841154311464,0.098,follow,1
1786510393.2171717,12.173913266102769,0.4616935483870968,164.5654147654143,0.0,0.7587784115431147,0.09,follow,1
1786510393.3176208,12.196823427948972,0.9516129032258064,192.5654147654143,0.0,1.0,0.09,follow,1
1786510393.4028304,11.740981578485712,0.6733870967741936,164.5654147654143,0.0,0.7587784115431148,0.09,follow,1
1786510393.4836814,11.738892119582848,0.5584677419354839,136.5654147654143,0.0,0.11877841154311475,0.09,follow,1
1786510393.5605586,11.86129322522386,0.564516129032258,126.13952446000154,0.0,-0.5212215884568853,0.09,follow,1
1786510393.647743,12.107145174329906,0.5766129032258065,126.48201866267878,0.0,-0.5932540230376725,0.09,follow,1
1786510393.7323456,11.968309845667015,0.594758064516129,126.4899516337732,0.0,-0.6066734912400348,0.09,follow,1
1786510393.8123758,11.937155011157927,0.5887096774193548,127.10716014173373,0.0,-0.5557047505998097,0.098,follow,1
1786510393.9082959,12.065052673346292,0.9637096774193549,124.21654263242849,0.0,-0.8539760530120415,0.09,follow,1
1786510393.9914243,11.73559689310784,0.6189516129032258,128.42467121563436,0.0,-0.3257157755105562,0.098,follow,1
1786510394.072583,11.782179693633475,0.6008064516129032,126.43918607154946,0.0,-0.6602185920563814,0.10600000000000001,follow,1
1786510394.1605947,11.864918154376065,0.5887096774193548,125.59822852586007,0.0,-0.6408572794823624,0.11400000000000002,follow,1
1786510394.2423923,11.795481368294089,0.5766129032258065,128.95007670526522,0.0,-0.25521618219528786,0.12059004283908561,follow,1
1786510394.3243709,11.833636415855793,0.564516129032258,129.22067005321708,0.0,-0.31038057140040043,0.10090104695362091,follow,1
1786510394.4012535,11.917515597126586,0.5403225806451613,122.26757584624829,0.0,-0.9503805714004004,0.1089010469536209,follow,1
1786510394.4799817,12.168960136316013,0.5282258064516129,125.22350236873831,0.0,-0.31317496256417854,0.10452669903505163,follow,1
1786510394.5643358,12.283356128224922,0.5161290322580645,129.38383353249392,0.0,0.030996596113544883,0.09,follow,1
1786510394.6384175,12.203280220405244,0.49193548387096775,117.29761211189388,0.0,-0.6090034038864551,0.098,follow,1
1786510394.7204735,12.446838806662393,0.4798387096774194,126.11612320822839,0.0,0.030996596113544883,0.09,follow,1
1786510394.8076427,12.357105782537342,0.6189516129032258,110.35584206058269,0.0,-0.6090034038864551,0.09,follow,1
1786510394.8899176,12.208719111200391,0.6431451612903225,109.7221711124696,0.0,-1.0,0.09,follow,1
1786510394.9735198,12.200948679808453,0.7641129032258064,109.16852006220213,0.0,-1.0,0.09,follow,1
1786510395.0663533,12.155320903212315,0.7943548387096775,109.03986843639998,0.0,-1.0,0.09,follow,1
1786510395.1461058,11.855279640631839,0.5282258064516129,109.9728839037927,0.0,-1.0,0.098,follow,1
1786510395.2266638,11.990751871109767,0.5463709677419355,109.84518403105905,0.0,-1.0,0.09,follow,1
1786510395.3089604,12.11163128701647,0.5584677419354839,108.6481457372497,0.0,-1.0,0.09,follow,1
1786510395.3979008,12.123548417422592,0.8790322580645161,107.87195709409494,0.0,-1.0,0.09,follow,1
1786510395.487587,11.940418969097848,0.8971774193548387,107.30464172066709,0.0,-1.0,0.09,follow,1
1786510395.5648026,11.75999476723817,0.6068548387096775,108.31816087247378,0.0,-1.0,0.09627085183719394,follow,1
1786510395.6423643,11.998234584460887,0.5887096774193548,108.31574675324669,0.0,-1.0,0.10427085183719395,follow,1
1786510395.727392,12.201875656748523,0.5826612903225806,110.72769015162262,0.0,-0.9339330479857206,0.11227085183719396,follow,1
1786510395.8083518,12.128364626795607,0.5705645161290323,112.34002580228996,0.0,-0.8705723465461481,0.12027085183719396,follow,1
1786510395.8883848,12.157027585813749,0.5584677419354839,110.3830030125256,0.0,-1.0,0.11911812794570532,follow,1
1786510395.961401,12.240413727408004,0.5463709677419355,108.97109448034487,0.0,-1.0,0.11713674882089772,follow,1
1786510396.035258,12.521020916322168,0.5403225806451613,106.32825673979103,0.0,-1.0,0.10190441395363153,follow,1
1786510396.1096642,12.692006661851886,0.5221774193548387,121.12106550521263,0.0,-0.7642352940569238,0.09,follow,1
1786510396.1848996,12.858747192804024,0.655241935483871,107.76482066622155,0.0,-1.0,0.09,follow,1
1786510396.258261,12.961870860258554,0.48588709677419356,119.3684481410416,0.0,-0.7642352940569238,0.09,follow,1
1786510396.3360562,13.096082476990901,0.467741935483871,135.05678046467483,0.0,-0.1242352940569238,0.09,follow,1
1786510396.4269779,13.051255210966012,0.6370967741935484,109.53105996825744,0.0,-0.7642352940569238,0.09,follow,1
1786510396.5092027,12.633990664618954,0.6491935483870968,109.85660943534093,0.0,-1.0,0.09,follow,1
1786510396.5949228,12.51890829961289,0.6673387096774193,110.38784227293755,0.0,-1.0,0.09,follow,1
1786510396.6837664,12.378855373542569,0.685483870967742,110.8447747760163,0.0,-1.0,0.09,follow,1
1786510396.7671368,12.14865347926801,0.5403225806451613,113.13644478374145,0.0,-0.9223509149711189,0.098,follow,1
1786510396.858711,12.07735981182642,0.752016129032258,112.37249386971953,0.0,-1.0,0.09,follow,1
1786510396.9467692,11.872420895734752,0.5524193548387096,114.91024656016235,0.0,-0.8167996082651325,0.098,follow,1
1786510397.0351195,11.785416047504505,0.5705645161290323,114.41096873283323,0.0,-0.98096398463697,0.10600000000000001,follow,1
1786510397.124564,11.682417397002805,0.6068548387096775,113.35477136470145,0.0,-1.0,0.09,follow,1
1786510397.2163217,11.568003853966177,0.8004032258064516,114.25933531408103,0.0,-0.9484825773903104,0.09,follow,1
1786510397.306817,11.459332144761786,0.8911290322580645,114.86143692315447,0.0,-0.9477714476313484,0.09,follow,1
1786510397.387024,11.31555727447572,0.6068548387096775,116.95597345300017,0.0,-0.7889707246321067,0.098,follow,1
1786510397.4653056,11.624520893109798,0.594758064516129,117.70853995277281,0.0,-0.8074155764499761,0.10600000000000001,follow,1
1786510397.5441606,11.851911935509655,0.5887096774193548,120.67887047163347,0.0,-0.5368664425333372,0.11400000000000002,follow,1
1786510397.6392772,12.017354221285144,0.8004032258064516,116.77802155663541,0.0,-1.0,0.11082896905051311,follow,1
1786510397.7218096,11.69354619214853,0.5524193548387096,125.49575353218142,0.0,-0.4407146522541786,0.09717413257710932,follow,1
1786510397.8037028,11.81561516349929,0.5342741935483871,122.69692886405235,0.0,-0.7098033830420968,0.10517413257710931,follow,1
1786510397.8884563,11.873095493303351,0.5100806451612904,127.51765732849285,0.0,-0.13056307801854583,0.11317413257710932,follow,1
1786510397.9677558,11.873537070023998,0.49193548387096775,127.63971349574778,0.0,-0.35284398719513566,0.11667735778196804,follow,1
1786510398.0512805,12.008818123745177,0.4737903225806452,145.13617463617325,0.0,0.28715601280486436,0.09,follow,1
1786510398.132625,12.015256749165406,0.6431451612903225,120.6535326613685,0.0,-0.35284398719513566,0.09,follow,1
1786510398.2094893,12.01357188251982,0.4314516129032258,148.6535326613685,0.0,0.28715601280486436,0.09,follow,1
1786510398.2916498,12.281366429707386,0.6794354838709677,122.32268027461976,0.0,-0.35284398719513566,0.09,follow,1
1786510398.3744817,12.253130516850298,0.5463709677419355,123.73508824806507,0.0,-0.5493877651554635,0.09,follow,1
1786510398.4604297,12.210902990626742,0.7157258064516129,123.63387312221431,0.0,-0.6621991136220081,0.09,follow,1
1786510398.545973,12.110389817779133,0.7943548387096775,124.10485594034682,0.0,-0.6365309005949302,0.09,follow,1
1786510398.6262746,12.012910160721304,0.564516129032258,126.7591337260593,0.0,-0.4549525874698537,0.09,follow,1
1786510398.7056186,12.095989065268245,0.5887096774193548,124.8659538737123,0.0,-0.7489317291983917,0.09,follow,1
1786510398.7869256,12.161358579661863,0.5826612903225806,126.52668341809355,0.0,-0.5357948668663952,0.09,follow,1
1786510398.8697367,12.23106336260645,0.6068548387096775,126.2476140529057,0.0,-0.641049976852482,0.09,follow,1
1786510398.9535067,12.209264086908892,0.625,129.40460687844674,0.0,-0.3380150668043411,0.098,follow,1
1786510399.0379708,12.137795040455662,0.6068548387096775,130.45779009999248,0.0,-0.3851961110748605,0.10600000000000001,follow,1
1786510399.1321602,12.091941968066717,0.9092741935483871,125.62068584840601,0.0,-0.9080967743866908,0.09,follow,1
1786510399.2272713,11.8002851021053,0.9516129032258064,125.20114047055922,0.0,-0.733174161395237,0.09,follow,1
1786510399.3016174,11.542227741291383,0.564516129032258,136.59845186260267,0.0,-0.09317416139523693,0.09,follow,1
1786510399.3826458,11.821699200759388,0.5463709677419355,132.49546512221872,0.0,-0.4608824991302388,0.098,follow,1
1786510399.469474,12.007356289774584,0.5342741935483871,134.74113160527884,0.0,-0.025345168207422497,0.10428875626126849,follow,1
1786510399.5494528,11.91810111914106,0.5282258064516129,139.90529251815076,0.0,0.38111510674180815,0.09,follow,1
1786510399.6301577,12.019144680789115,0.5040322580645161,142.99809946151362,0.0,0.4865004932445599,0.09,follow,1
1786510399.7096002,12.094757361487513,0.48588709677419356,137.03922401714394,0.0,-0.1534995067554401,0.098,follow,1
1786510399.7950609,12.197901495909816,0.4737903225806452,154.2525622788778,0.0,0.4865004932445599,0.09,follow,1
1786510399.8727982,12.095585844259942,0.45564516129032256,173.75843200916796,0.0,1.0,0.09,follow,1
1786510399.9482713,12.25288744609977,0.4375,152.15673349176507,0.0,0.4865004932445599,0.09,follow,1
1786510400.0347161,12.318423145739496,0.6733870967741936,124.284441431196,0.0,-0.1534995067554401,0.09,follow,1
1786510400.1227534,12.254041883662161,0.7096774193548387,123.89019279440328,0.0,-0.7015316784077668,0.09,follow,1
1786510400.2079198,12.078996984331221,0.6975806451612904,123.24045363315727,0.0,-0.7601135990775344,0.09,follow,1
1786510400.293621,11.998317458741747,0.5463709677419355,123.80206125003167,0.0,-0.6717668551971328,0.09,follow,1
1786510400.3769245,11.963997418342714,0.5584677419354839,125.50146831446669,0.0,-0.556628715202141,0.09,follow,1
1786510400.4604871,11.972773156688188,0.5705645161290323,123.9353619004008,0.0,-0.7798144633910464,0.09,follow,1
1786510400.5560033,11.986701733070975,0.6129032258064516,123.30776884321752,0.0,-0.7651290274482923,0.09,follow,1
1786510400.6452634,11.680692623984303,0.7943548387096775,122.11171429124526,0.0,-0.8508977639070353,0.09,follow,1
1786510400.722003,11.573097808491841,0.6129032258064516,121.98563076475675,0.0,-0.7954427123519461,0.09,follow,1
1786510400.809207,11.84540148692692,0.594758064516129,122.17965714189873,0.0,-0.7602897668572429,0.098,follow,1
1786510400.8906863,11.76620132988604,0.5766129032258065,122.44980040923397,0.0,-0.7087381294790116,0.10600000000000001,follow,1
1786510400.973805,11.903274305716828,0.5705645161290323,126.92054067525791,0.0,-0.2293417970417687,0.1073098187723065,follow,1
1786510401.050613,11.926472359262307,0.5463709677419355,121.14913118438785,0.0,-0.8693417970417687,0.1153098187723065,follow,1
1786510401.1292064,12.095544483230384,0.5342741935483871,120.75550557873487,0.0,-0.7069970905573255,0.12330981877230651,follow,1
1786510401.2087803,12.254262235370465,0.5221774193548387,125.84085807844968,0.0,-0.1286443789218179,0.09,follow,1
1786510401.2874887,12.320895425350226,0.5040322580645161,125.03040861577382,0.0,-0.43467816476299925,0.09,follow,1
1786510401.372415,12.396035700859667,0.6068548387096775,111.75903187465374,0.0,-1.0,0.09,follow,1
1786510401.4554663,12.289151250715154,0.6189516129032258,111.38170946102545,0.0,-1.0,0.09,follow,1
1786510401.5363026,12.21318350820113,0.6431451612903225,111.34486334560958,0.0,-1.0,0.09,follow,1
1786510401.6192133,12.262647594695727,0.6673387096774193,111.43517125964556,0.0,-1.0,0.09,follow,1
1786510401.696714,12.213465477237019,0.5221774193548387,111.81852505216943,0.0,-1.0,0.09,follow,1
1786510401.7795377,12.373121775024197,0.7459677419354839,110.93426668345857,0.0,-1.0,0.09,follow,1
1786510401.8639007,12.269512003834537,0.7701612903225807,111.00545319461902,0.0,-1.0,0.09,follow,1
1786510401.9531214,12.19046612313715,0.5463709677419355,112.86177594442049,0.0,-0.9733644474407845,0.09,follow,1
1786510402.0322945,12.027950254303548,0.5524193548387096,113.95733862775857,0.0,-0.9888668158250464,0.098,follow,1
1786510402.1151273,12.14182632302687,0.5705645161290323,109.39370784598309,0.0,-1.0,0.09,follow,1
1786510402.1987634,12.05778183642349,0.594758064516129,111.29442326260926,0.0,-1.0,0.09,follow,1
1786510402.277022,12.103624159034048,0.6008064516129032,109.79341105540031,0.0,-1.0,0.09,follow,1
1786510402.3659244,12.254411175238936,0.872983870967742,109.8209270783047,0.0,-1.0,0.09,follow,1
1786510402.4417264,12.041722589000443,0.5705645161290323,117.02703376288295,0.0,-0.6053581445925457,0.098,follow,1
1786510402.5233676,12.276074424855809,0.5584677419354839,115.73171445646454,0.0,-0.9485869057986092,0.10600000000000001,follow,1
1786510402.6025608,12.278657731698035,0.5463709677419355,115.67856785267293,0.0,-0.907405725090467,0.11400000000000002,follow,1
1786510402.681475,12.302465491917093,0.5463709677419355,115.75377027406714,0.0,-0.9101723241865057,0.12200000000000003,follow,1
1786510402.7631567,12.36951477004313,0.5221774193548387,128.8435108566898,0.0,-0.2701723241865057,0.09,follow,1
1786510402.8456454,12.397262342520364,0.5040322580645161,124.91146658219787,0.0,-0.5857325770881484,0.09,follow,1
1786510402.9289398,12.26413609437778,0.6068548387096775,111.73560058273898,0.0,-1.0,0.09,follow,1
1786510403.0081904,12.277774074718565,0.467741935483871,139.73560058273898,0.0,-0.5857325770881484,0.09,follow,1
1786510403.0869188,12.328551099890696,0.45564516129032256,144.06069518716632,0.0,0.054267422911851604,0.09,follow,1
1786510403.1687784,12.406508498858408,0.655241935483871,116.06069518716632,0.0,-0.5857325770881484,0.09,follow,1
1786510403.2527466,12.338929692325225,0.6310483870967742,113.37823575816032,0.0,-1.0,0.09,follow,1
1786510403.3453813,12.290927996954705,0.7157258064516129,113.48182237482712,0.0,-1.0,0.09,follow,1
1786510403.4258463,11.950682205493456,0.5221774193548387,115.79472553993256,0.0,-0.8627313791112622,0.09,follow,1
1786510403.5086193,12.0859820215228,0.5403225806451613,117.04383578130636,0.0,-0.8609497517696068,0.09,follow,1
1786510403.5937042,12.101647153822071,0.5463709677419355,116.06721233174159,0.0,-1.0,0.09,follow,1
1786510403.6820796,12.049794967806482,0.8064516129032258,114.89467379253212,0.0,-1.0,0.09,follow,1
1786510403.769726,11.902355453273435,0.5826612903225806,120.52033578801162,0.0,-0.5744534896612623,0.09,follow,1
1786510403.8552852,11.763027611019572,0.6068548387096775,117.10454905551939,0.0,-1.0,0.09,follow,1
1786510403.9371834,11.78814761317477,0.5826612903225806,118.73435482646006,0.0,-0.8753236450195399,0.09,follow,1
1786510404.0194125,11.848440388285045,0.5766129032258065,123.35542157004355,0.0,-0.4717419109633576,0.098,follow,1
1786510404.1045778,11.931727308140594,0.564516129032258,125.08738509917771,0.0,-0.5065436798122036,0.10600000000000001,follow,1
1786510404.185053,11.901080021263573,0.5463709677419355,125.02974636663146,0.0,-0.5952171434788942,0.11400000000000002,follow,1
1786510404.2693598,12.0072315435898,0.5463709677419355,121.49644147020496,0.0,-0.948591287287446,0.11703442850510529,follow,1
1786510404.3576415,11.977832414167398,0.5221774193548387,137.0734230631068,0.0,-0.308591287287446,0.09,follow,1
1786510404.4396849,11.83760553524169,0.49798387096774194,129.41691235593726,0.0,-0.6431814114970937,0.098,follow,1
1786510404.5248969,11.910790613826162,0.6189516129032258,116.04406037007222,0.0,-1.0,0.09,follow,1
1786510404.6147115,11.862367250112092,0.6370967741935484,116.16495495431987,0.0,-1.0,0.09,follow,1
1786510404.709476,11.699849271589121,0.625,116.5805790586989,0.0,-1.0,0.09,follow,1
1786510404.7894084,11.501986616049338,0.4193548387096774,144.5805790586989,0.0,-0.3600353757092757,0.09,follow,1
1786510404.8778863,11.645971440839736,0.5161290322580645,117.46381932863169,0.0,-1.0,0.09,follow,1
1786510404.9764392,11.591419027652881,0.6673387096774193,117.5638188792255,0.0,-1.0,0.09,follow,1
1786510405.0587966,11.326129723494898,0.5161290322580645,119.4950622431148,0.0,-0.8634094281485432,0.09,follow,1
1786510405.1436222,11.49211254443922,0.5221774193548387,116.5459514361366,0.0,-1.0,0.09,follow,1
1786510405.228469,11.553115356926112,0.5403225806451613,119.87756458966545,0.0,-0.8195253800356537,0.09,follow,1
1786510405.3281767,11.593740590895084,0.8125,116.75352016608623,0.0,-1.0,0.09,follow,1
1786510405.4255612,11.276678032074306,0.5766129032258065,116.90534418411971,0.0,-1.0,0.09,follow,1
1786510405.5095985,11.077908184595389,0.5826612903225806,117.59114574601172,0.0,-1.0,0.09,follow,1
1786510405.6028528,11.213035076501587,0.5705645161290323,123.96768116579459,0.0,-0.48235612127152516,0.098,follow,1
1786510405.6965907,11.149074901688103,0.5524193548387096,127.21740003693697,0.0,-0.4336732638971018,0.10600000000000001,follow,1
1786510405.7856526,11.052118702137431,0.5403225806451613,127.09419577960543,0.0,-0.5825072530141434,0.11400000000000002,follow,1
1786510405.8751473,11.069721440458611,0.5282258064516129,133.57997294872837,0.0,0.04398218922164232,0.09,follow,1
1786510405.966216,11.102820691902265,0.594758064516129,117.1166721862835,0.0,-0.5960178107783577,0.09,follow,1
1786510406.0683174,11.070386974413196,0.6189516129032258,116.94573927985613,0.0,-0.9907516471739568,0.09,follow,1
1786510406.1647818,10.80390802169686,0.6370967741935484,116.89068950203011,0.0,-0.9910667058996953,0.09,follow,1
1786510406.253921,10.740590849236384,0.6491935483870968,116.66365340103258,0.0,-1.0,0.09,follow,1
1786510406.3525524,10.826513723414731,0.6794354838709677,116.55617854436534,0.0,-1.0,0.09,follow,1
1786510406.4470682,10.697687511428295,0.6975806451612904,116.28298037763784,0.0,-1.0,0.09,follow,1
1786510406.5486317,10.673489195583773,0.7217741935483871,116.74532770693679,0.0,-1.0,0.09,follow,1
1786510406.6352077,10.47933285448622,0.5100806451612904,118.94983094047174,0.0,-0.9558394891584425,0.09,follow,1
1786510406.7324116,10.703085152584196,0.6794354838709677,117.20376945013342,0.0,-1.0,0.09,follow,1
1786510406.8251452,10.64031690859423,0.7036290322580645,117.64248250122779,0.0,-1.0,0.09,follow,1
1786510406.92355,10.674952552763012,0.5463709677419355,117.69836530356865,0.0,-1.0,0.09,follow,1
1786510407.0188506,10.568335127769453,0.5705645161290323,117.60758313089029,0.0,-1.0,0.09,follow,1
1786510407.105524,10.555566014427065,0.564516129032258,121.79807692307688,0.0,-0.8004705098615916,0.09,follow,1
1786510407.196277,10.740884320027732,0.5463709677419355,122.14246609281932,0.0,-0.9205449044041617,0.098,follow,1
1786510407.2888975,10.754806157662498,0.5342741935483871,128.24945250995816,0.0,-0.34360653291404775,0.10600000000000001,follow,1
1786510407.3735256,10.799689395871564,0.5100806451612904,129.8715479075678,0.0,-0.4297523424073989,0.11400000000000002,follow,1
1786510407.4722428,11.007008106470066,0.5705645161290323,114.32210907849088,0.0,-1.0,0.09,follow,1
1786510407.5584579,10.807918314369264,0.5826612903225806,113.96825504298172,0.0,-1.0,0.09,follow,1
1786510407.649514,11.000784864355715,0.6733870967741936,113.41009535473705,0.0,-1.0,0.09,follow,1
1786510407.7439485,10.985026570976505,0.6794354838709677,113.74533184814686,0.0,-1.0,0.09,follow,1
1786510407.8398476,10.916749973924142,0.7096774193548387,113.89116196747773,0.0,-1.0,0.09,follow,1
1786510407.9394286,10.827292529060202,0.49193548387096775,116.1063498920839,0.0,-1.0,0.09,follow,1
1786510408.0358896,10.669212040780309,0.752016129032258,114.00178359128927,0.0,-1.0,0.09,follow,1
1786510408.1316032,10.607506691394056,0.6794354838709677,115.30577275445418,0.0,-1.0,0.09,follow,1
1786510408.2278519,10.575152019951027,0.5342741935483871,116.92773839415395,0.0,-1.0,0.09,follow,1
1786510408.3292992,10.537193745175903,0.8366935483870968,113.95139471217874,0.0,-1.0,0.09,follow,1
1786510408.4317198,10.404554091190734,0.8306451612903225,114.06975846677491,0.0,-1.0,0.09,follow,1
1786510408.5293617,10.274309728387305,0.5524193548387096,117.43357743097008,0.0,-1.0,0.09,follow,1
1786510408.6283634,10.249719087257237,0.5403225806451613,120.09106564688554,0.0,-1.0,0.09,follow,1
1786510408.728384,10.21564496205869,0.5221774193548387,135.65114968717663,0.0,-0.4313710111562298,0.09,follow,1
1786510408.8244514,10.174792297529878,0.5705645161290323,112.97211076012414,0.0,-1.0,0.09,follow,1
1786510408.930116,10.096982594437755,0.5766129032258065,112.65121382810068,0.0,-1.0,0.09,follow,1
1786510409.0255299,10.080044092762517,0.5584677419354839,113.24595354542404,0.0,-1.0,0.09,follow,1
1786510409.1277986,10.162316896969342,0.5887096774193548,113.50442014126199,0.0,-1.0,0.09,follow,1
1786510409.218494,10.086118877496473,0.6008064516129032,112.77540120757743,0.0,-1.0,0.09,follow,1
1786510409.313639,10.297151715466434,0.625,112.29505835914458,0.0,-1.0,0.09,follow,1
1786510409.4092646,10.348452568286898,0.6491935483870968,112.44629597794639,0.0,-1.0,0.09,follow,1
1786510409.50994,10.34316234283648,0.6673387096774193,112.58742017321313,0.0,-1.0,0.09,follow,1
1786510409.6004312,10.278473896619762,0.5282258064516129,111.98990412917027,0.0,-1.0,0.09,follow,1
1786510409.7073097,10.438252981511035,0.7762096774193549,111.2421385681217,0.0,-1.0,0.09,follow,1
1786510409.8039885,10.224579240699583,0.782258064516129,111.57678505020817,0.0,-1.0,0.09,follow,1
1786510409.900733,10.24223849736203,0.7217741935483871,112.42222530134734,0.0,-1.0,0.09,follow,1
1786510409.9938426,10.256470029888215,0.5100806451612904,111.56807684657915,0.0,-1.0,0.09,follow,1
1786510410.089782,10.326357780081597,0.5282258064516129,110.2530036722448,0.0,-1.0,0.09,follow,1
1786510410.1872962,10.374626562121993,0.5524193548387096,110.6212743558961,0.0,-1.0,0.09,follow,1
1786510410.283746,10.35810804860003,0.467741935483871,110.97333028517224,0.0,-1.0,0.09,follow,1
1786510410.3860784,10.355526305997971,0.782258064516129,111.10306610226135,0.0,-1.0,0.09,follow,1
1786510410.477282,10.234004048489611,0.467741935483871,112.7843716007018,0.0,-1.0,0.09,follow,1
1786510410.5739353,10.350134936979835,0.7701612903225807,110.50081103739896,0.0,-1.0,0.09,follow,1
1786510410.6743934,10.374049605768805,0.842741935483871,108.7378449974178,0.0,-1.0,0.09,follow,1
1786510410.769121,10.293760635841569,0.8185483870967742,108.4134026494049,0.0,-1.0,0.09,follow,1
1786510410.8766267,10.34825109260151,1.0,80.4134026494049,0.0,-1.0,0.098,follow,1
1786510410.9853601,10.143971359461055,1.0,52.4134026494049,0.0,-1.0,0.10093948839187558,follow,1
1786510411.0994015,9.948193289243386,1.0,24.4134026494049,0.0,-1.0,0.09,follow,1
1786510411.1942194,9.70138588499529,0.8790322580645161,52.4134026494049,0.0,-1.0,0.09,follow,1
1786510411.2938786,9.896717107799361,0.8790322580645161,80.4134026494049,0.0,-1.0,0.09,follow,1
1786510411.4003897,9.923588598982864,0.9758064516129032,52.4134026494049,0.0,-1.0,0.098,follow,1
1786510411.5070481,9.817515279070633,1.0,24.4134026494049,0.0,-1.0,0.09,follow,1
1786510411.6227088,9.695405286458616,1.0,5.222316726765523,0.0,-1.0,0.09,follow,1
1786510411.7293131,9.514955607358921,1.0,5.933453068542168,0.0,-1.0,0.09,follow,1
1786510411.82795,9.4789230228924,0.8245967741935484,33.933453068542164,0.0,-1.0,0.09,follow,1
1786510411.9230323,9.60671527414711,0.625,61.933453068542164,0.0,-1.0,0.09,follow,1
1786510412.036846,9.801084367289794,0.872983870967742,89.93345306854216,0.0,-1.0,0.09489727004194091,follow,1
1786510412.1384535,9.581428321500335,0.6431451612903225,107.65679339317398,0.0,-1.0,0.10289727004194091,follow,1
1786510412.2414737,9.652819656109628,0.6794354838709677,108.09473643528833,0.0,-1.0,0.11073211614293693,follow,1
1786510412.3463356,9.643737762453616,0.6673387096774193,108.20432360164727,0.0,-1.0,0.10982689315713559,follow,1
1786510412.4487374,9.64058371711186,0.6794354838709677,108.30175304357421,0.0,-1.0,0.11059008490503043,follow,1
1786510412.551785,9.664221095141716,0.7096774193548387,108.55163240742188,0.0,-1.0,0.11267178905153759,follow,1
1786510412.6516836,9.670559136718744,0.7278225806451613,109.2080230599218,0.0,-1.0,0.11459630059828627,follow,1
1786510412.749353,9.747425884934405,0.7580645161290323,109.81863103065035,0.0,-1.0,0.11684850429309145,follow,1
1786510412.848877,9.83758230497884,0.7943548387096775,110.32401252875118,0.0,-1.0,0.11931817014806897,follow,1
1786510412.9521894,9.889070798193439,0.8185483870967742,110.6943488901524,0.0,-1.0,0.12092955361479774,follow,1
1786510413.0477235,9.84159624165507,0.625,111.05480376973634,0.0,-1.0,0.11151215345852844,follow,1
1786510413.1371124,9.97077923835866,0.6008064516129032,110.73042849672402,0.0,-1.0,0.10746673102918818,follow,1
1786510413.2358093,10.178356432008762,0.5403225806451613,112.67084403141462,0.0,-1.0,0.10772041210349317,follow,1
1786510413.32696,10.186073451632236,0.6491935483870968,112.98036739380024,0.0,-1.0,0.11476645163534928,follow,1
1786510413.4332519,10.33966199280233,0.9758064516129032,114.26142088039013,0.0,-1.0,0.12276645163534927,follow,1
1786510413.5231352,10.158415484923092,0.6491935483870968,114.13714363446041,0.0,-1.0,0.11532922269415857,follow,1
1786510413.6249523,10.365250925622327,1.0,115.1671387242337,0.0,-1.0,0.12332922269415858,follow,1
1786510413.7186604,10.226562188876235,0.7278225806451613,115.59208737816333,0.0,-1.0,0.1236027553651332,follow,1
1786510413.8183284,10.31644016487081,0.9637096774193549,116.99121248103602,0.0,-1.0,0.1316027553651332,follow,1
1786510413.9128704,10.273483861475661,0.7943548387096775,118.14070354006847,0.0,-1.0,0.13283253905310366,follow,1
1786510414.012835,10.342492234301602,0.8306451612903225,118.78043040948506,0.0,-1.0,0.13509799078462667,follow,1
1786510414.1101015,10.272371903758632,0.8185483870967742,120.14031763333014,0.0,-1.0,0.13308635487326195,follow,1
1786510414.1941288,10.280163562797876,0.5100806451612904,120.97383076367728,0.0,-1.0,0.09808635487326195,follow,1
1786510414.292885,10.61161496138275,0.9213709677419355,121.86163317382771,0.0,-1.0,0.10608635487326196,follow,1
1786510414.387402,10.516642324267746,0.6491935483870968,121.99727196365974,0.0,-1.0,0.11408635487326196,follow,1
1786510414.484018,10.524962041250209,0.9637096774193549,123.23010498314318,0.0,-0.9628266315407884,0.12208635487326197,follow,1
1786510414.5777564,10.481468430033654,0.6370967741935484,124.4248785488705,0.0,-0.8599689525507623,0.11714879878186144,follow,1
1786510414.6811886,10.531804865319863,0.9334677419354839,125.89170146490774,0.0,-0.8301541711632101,0.12514879878186144,follow,1
1786510414.7675326,10.337793014842571,0.4616935483870968,153.89170146490773,0.0,-0.1901541711632101,0.09014879878186144,follow,1
1786510414.8635554,10.607270026395039,0.8911290322580645,127.65678508290037,0.0,-0.8301541711632101,0.09814879878186145,follow,1
1786510414.9533262,10.575117291181673,0.49798387096774194,128.55924965561877,0.0,-0.6323532047048621,0.09,follow,1
1786510415.0492313,10.677152550052238,0.7762096774193549,130.3957546179086,0.0,-0.5774016120772171,0.098,follow,1
1786510415.1386642,10.607732862588762,0.5161290322580645,139.37901056644793,0.0,0.06259838792278294,0.09,follow,1
1786510415.2333376,10.728108104904564,0.8850806451612904,133.4807504514734,0.0,-0.5774016120772171,0.098,follow,1
1786510415.3206336,10.711178632608673,0.5584677419354839,131.7533156078101,0.0,-0.7036103277623534,0.09,follow,1
1786510415.4139166,10.836287734076945,0.8850806451612904,135.61916622504341,0.0,-0.28894107652277223,0.098,follow,1
1786510415.4990904,10.84663922502336,0.5100806451612904,153.9745416240032,0.0,0.3510589234772278,0.09,follow,1
1786510415.5993655,10.989860271631736,0.9153225806451613,138.15011204907995,0.0,-0.28894107652277223,0.098,follow,1
1786510415.6975088,10.785055023610976,0.6975806451612904,139.85351546210956,0.0,-0.2221789345672307,0.10600000000000001,follow,1
1786510415.7890153,10.681139511517157,0.4314516129032258,167.85351546210956,0.0,0.4178210654327693,0.09,follow,1
1786510415.8844647,10.705231963978374,0.7278225806451613,143.0436730287996,0.0,-0.2221789345672307,0.098,follow,1
1786510415.9842887,10.698057732848198,0.7701612903225807,144.28518819498336,0.0,-0.03134028625929264,0.10600000000000001,follow,1
1786510416.081121,10.56080602741725,0.8608870967741936,145.0608021510318,0.0,0.011533583143074955,0.11400000000000002,follow,1
1786510416.180401,10.515419586437694,0.872983870967742,145.16351604047884,0.0,-0.027570919891960255,0.12200000000000003,follow,1
1786510416.2805839,10.423228959623694,0.7036290322580645,145.6390286527129,0.0,0.015161038220520506,0.11920638365561899,follow,1
1786510416.3769531,10.329765555002549,0.7338709677419355,146.08442347933692,0.0,0.03575099945250604,0.11735743570590892,follow,1
1786510416.4727564,10.322125481511756,0.5524193548387096,148.9073570966853,0.0,0.277215331688059,0.1159780007089743,follow,1
1786510416.5637372,10.335785298621683,0.5584677419354839,144.81765681599182,0.0,-0.21056830356601275,0.09,follow,1
1786510416.66561,10.501243084771929,0.9274193548387096,146.92445557344257,0.0,0.12842085060435515,0.098,follow,1
1786510416.7478077,10.359946431651824,0.5161290322580645,161.66268345742543,0.0,0.7684208506043552,0.09,follow,1
1786510416.85162,10.72437056203896,0.9274193548387096,147.17435864780995,0.0,0.12842085060435515,0.098,follow,1
1786510416.9575298,10.508825456117334,0.9213709677419355,146.7773655455923,0.0,0.048572055436217676,0.10600000000000001,follow,1
1786510417.0571868,10.299463579018013,0.6975806451612904,146.37257682339873,0.0,0.02276716609038698,0.11400000000000002,follow,1
1786510417.1825879,10.245254489247747,0.9153225806451613,146.13332595373882,0.0,0.04628082856354099,0.12200000000000003,follow,1
1786510417.2821593,9.791239431529625,0.7278225806451613,145.80141043906866,0.0,0.04794743539051716,0.13000000000000003,follow,1
1786510417.373952,9.810798318312997,0.6431451612903225,143.761407342657,0.0,-0.13890199395512592,0.09500000000000003,follow,1
1786510417.482572,10.054695115731159,0.7883064516129032,145.37990912613148,0.0,0.12715702811757557,0.10300000000000004,follow,1
1786510417.5634594,9.888836924881229,0.5221774193548387,147.00079012268412,0.0,0.22875200141587682,0.11100000000000004,follow,1
1786510417.661147,10.367113385491491,0.9092741935483871,143.9147375415917,0.0,-0.11969158604299668,0.11900000000000005,follow,1
1786510417.7453206,10.345551994857471,0.5403225806451613,141.753730719854,0.0,-0.15740198677669726,0.09,follow,1
1786510417.8393683,10.664803328892667,0.8850806451612904,142.9468937714766,0.0,0.05323402511418518,0.098,follow,1
1786510417.942314,10.637572406387926,0.8850806451612904,142.371572288916,0.0,-0.04988126517759173,0.10600000000000001,follow,1
1786510418.0292048,10.465502418369741,0.5161290322580645,153.1857247908817,0.0,0.5901187348224083,0.09,follow,1
1786510418.1164339,10.646921192592645,0.5040322580645161,148.07269559708556,0.0,0.14338984258750076,0.098,follow,1
1786510418.2159903,10.834648954795426,0.872983870967742,140.05305475069002,0.0,-0.41557916823507357,0.10600000000000001,follow,1
1786510418.3138976,10.662561339803993,0.9153225806451613,138.8382021348765,0.0,-0.17184401657100767,0.11400000000000002,follow,1
1786510418.4047403,10.582471870242593,0.7399193548387096,138.21915919311718,0.0,-0.1011793235085785,0.09,follow,1
1786510418.4935043,10.685034898756792,0.782258064516129,137.12158967016262,0.0,-0.1983752803519444,0.0911239340798356,follow,1
1786510418.5971508,10.801038583359466,0.7883064516129032,136.58418702568252,0.0,-0.19508634504289302,0.09912393407983561,follow,1
1786510418.6837044,10.532367149752195,0.5221774193548387,137.06595242705254,0.0,-0.11392711651308252,0.09628521345757966,follow,1
1786510418.776541,10.75878487695562,0.5584677419354839,136.0387219851654,0.0,-0.22414345388311085,0.09,follow,1
1786510418.8787408,10.791683824318024,0.842741935483871,136.0907319699201,0.0,-0.17868759228370068,0.098,follow,1
1786510418.9626236,10.5826737089082,0.5584677419354839,135.72940932541357,0.0,-0.19921738132763378,0.09,follow,1
1786510419.0571463,10.83057505827989,0.8669354838709677,135.3860203047937,0.0,-0.21875036397647196,0.098,follow,1
1786510419.161464,10.79881256458757,0.8366935483870968,135.6092094818986,0.0,-0.1706353787234074,0.10600000000000001,follow,1
1786510419.2465737,10.553737257263432,0.5100806451612904,147.36268609439395,0.0,0.4693646212765926,0.09,follow,1
1786510419.3339431,10.793275325552521,0.5040322580645161,140.34748178650608,0.0,-0.1706353787234074,0.098,follow,1
1786510419.4213912,10.921972865719493,0.4616935483870968,154.61184041183859,0.0,0.4693646212765926,0.09,follow,1
1786510419.499385,11.034999052956444,0.45564516129032256,127.24133880825045,0.0,-0.1706353787234074,0.09,follow,1
1786510419.5973477,11.349707239568223,0.625,133.49321189342993,0.0,0.1150107131753828,0.09,follow,1
1786510419.6771758,11.1258696263149,0.38158986175115206,161.49321189342993,0.0,0.7550107131753828,0.09,follow,1
1786510419.7602718,11.432586094857882,0.7278225806451613,133.49321189342993,0.0,0.1150107131753828,0.09,follow,1
1786510419.8571224,11.560558226478587,0.6612903225806451,132.25298549600973,0.0,-0.3103474907057615,0.09,follow,1
1786510419.9586923,11.309553665690707,0.6975806451612904,132.10771556343647,0.0,-0.2674158038215656,0.09,follow,1
1786510420.0505493,11.003160118257016,0.6915322580645161,132.12928701419918,0.0,-0.2919094517297799,0.09,follow,1
1786510420.1400046,10.99707748788828,0.7157258064516129,131.73257142590913,0.0,-0.32204128025393386,0.09,follow,1
1786510420.2295709,11.01651552443551,0.7338709677419355,131.05713640469725,0.0,-0.3658238820515731,0.09,follow,1
1786510420.316528,11.070787591693101,0.8608870967741936,129.44113025808588,0.0,-0.501890910663556,0.09,follow,1
1786510420.3937638,11.142769319702047,0.5584677419354839,134.62708955861004,0.0,0.06569302125040088,0.098,follow,1
1786510420.4857848,11.505345633679127,0.8245967741935484,128.51157817276658,0.0,-0.5743069787495991,0.09,follow,1
1786510420.5594478,11.379572542160087,0.5161290322580645,145.0803260103566,0.0,0.06569302125040088,0.09,follow,1
1786510420.6375005,11.83162298211321,0.49798387096774194,137.41094880729082,0.0,-0.3099063420512673,0.098,follow,1
1786510420.727909,11.957797086215914,0.8245967741935484,125.31636239498638,0.0,-0.9499063420512673,0.09,follow,1
1786510420.8056545,11.824901754777335,0.467741935483871,153.31636239498638,0.0,-0.3099063420512673,0.09,follow,1
1786510420.8813908,12.039604559646339,0.4495967741935484,146.9536213312306,0.0,0.3300936579487327,0.09,follow,1
1786510420.9710336,12.067945584326784,0.625,120.74516978922718,0.0,-0.3099063420512673,0.09,follow,1
1786510421.0450063,12.036414038053458,0.407258064516129,148.7451697892272,0.0,0.3300936579487327,0.09,follow,1
1786510421.1282983,12.36385518548343,0.6491935483870968,121.14650990471334,0.0,-0.3099063420512673,0.09,follow,1
1786510421.2095878,12.292590305809533,0.5040322580645161,119.30377492615062,0.0,-0.8798022940837076,0.09,follow,1
1786510421.3082561,12.253185708504994,0.6794354838709677,117.77726232319485,0.0,-0.9580677330950476,0.09,follow,1
1786510421.396539,11.856568763950257,0.5282258064516129,122.11364337173707,0.0,-0.5218952691499712,0.09,follow,1
1786510421.4864006,11.752570408146934,0.5705645161290323,120.07389355003163,0.0,-0.8783641506589952,0.09,follow,1
1786510421.578786,11.58472662282693,0.7096774193548387,115.76871504029359,0.0,-1.0,0.09,follow,1
1786510421.663199,11.446980819216726,0.564516129032258,119.69430333817125,0.0,-0.6348042987358931,0.09,follow,1
1786510421.7536445,11.555872028761316,0.5463709677419355,119.50418814334223,0.0,-0.8163003107748785,0.098,follow,1
1786510421.8452554,11.415242499890244,0.7217741935483871,114.33072107772276,0.0,-1.0,0.09,follow,1
1786510421.926771,11.335932318016695,0.5100806451612904,126.53128153752141,0.0,-0.6490499731521678,0.098,follow,1
1786510422.0079286,11.53095837125493,0.49193548387096775,119.24298339657838,0.0,-1.0,0.09,follow,1
1786510422.0990555,11.704595828840837,0.8185483870967742,110.56096469305453,0.0,-1.0,0.09,follow,1
1786510422.180206,11.542249341985924,0.467741935483871,138.56096469305453,0.0,-1.0,0.09,follow,1
1786510422.261251,11.71483028730265,0.45564516129032256,134.13448242933572,0.0,-0.4106796537280172,0.09,follow,1
1786510422.3364305,11.8067373988873,0.4254032258064516,160.65790031251706,0.0,0.22932034627198283,0.09,follow,1
1786510422.4134455,12.091099671893481,0.4012096774193548,172.7377591973218,0.0,0.8693203462719828,0.09,follow,1
1786510422.4917266,12.287701051998258,0.49193548387096775,144.7377591973218,0.0,0.22932034627198283,0.09,follow,1
1786510422.571834,12.389312759127638,0.49798387096774194,116.7377591973218,0.0,-0.4106796537280172,0.09,follow,1
1786510422.6512105,12.437273498449626,0.5040322580645161,108.43361559030737,0.0,-1.0,0.09,follow,1
1786510422.7421832,12.428020321335612,0.5100806451612904,108.78709303553285,0.0,-1.0,0.09,follow,1
1786510422.8279955,12.16383188327289,0.5524193548387096,104.86300812632788,0.0,-1.0,0.09,follow,1
1786510422.915785,12.07150548452997,0.5342741935483871,108.60683607392868,0.0,-1.0,0.09,follow,1
1786510422.9997575,11.938360740448244,0.564516129032258,110.30751088534127,0.0,-1.0,0.09,follow,1
1786510423.0805879,11.92830517724343,0.5524193548387096,112.36019253855329,0.0,-1.0,0.098,follow,1
1786510423.171386,11.97991892542078,0.7278225806451613,105.5720346109583,0.0,-1.0,0.09,follow,1
1786510423.2494884,11.822161401533297,0.5161290322580645,121.11138125440453,0.0,-1.0,0.098,follow,1
1786510423.3251739,12.00316719537937,0.5040322580645161,120.87994931897344,0.0,-0.7258186232789858,0.10600000000000001,follow,1
1786510423.4079762,12.265183833071696,0.49798387096774194,116.00013401232887,0.0,-1.0,0.10918223654764393,follow,1
1786510423.4930773,12.219971803410047,0.5887096774193548,103.14556797558149,0.0,-1.0,0.09,follow,1
1786510423.5720613,12.117904782877083,0.6370967741935484,100.97508165557579,0.0,-1.0,0.09,follow,1
1786510423.6605988,12.240315446381182,0.6733870967741936,98.5454990814452,0.0,-1.0,0.09,follow,1
1786510423.7338505,12.053941609633437,0.41330645161290325,126.5454990814452,0.0,-1.0,0.09,follow,1
1786510423.8118675,12.37302075400886,0.4737903225806452,99.66389466389396,0.0,-1.0,0.09,follow,1
1786510423.8882604,12.454534543055555,0.49193548387096775,99.10539029327518,0.0,-1.0,0.09,follow,1
1786510423.9741251,12.590323795588546,0.5040322580645161,96.16423728002019,0.0,-1.0,0.09,follow,1
1786510424.0594964,12.382180107039336,0.5161290322580645,94.09811235276214,0.0,-1.0,0.09,follow,1
1786510424.1541228,12.22037134599121,0.5100806451612904,93.29306598109736,0.0,-1.0,0.09,follow,1
1786510424.2414522,11.922710044023258,0.5282258064516129,95.19231106158674,0.0,-1.0,0.09,follow,1
1786510424.3285766,11.822490320196238,0.5403225806451613,95.8510984018946,0.0,-1.0,0.09,follow,1
1786510424.4078925,11.740302430609788,0.6008064516129032,95.38577009443537,0.0,-1.0,0.09,follow,1
1786510424.4985163,11.916562542842199,0.5282258064516129,105.70615381380853,0.0,-1.0,0.098,follow,1
1786510424.583932,11.716462637944614,0.5040322580645161,102.83972125435479,0.0,-1.0,0.09,follow,1
1786510424.6766667,11.738638892987892,0.5584677419354839,94.64353300100873,0.0,-1.0,0.09,follow,1
1786510424.7563977,11.572927788314509,0.6189516129032258,93.99330856113392,0.0,-1.0,0.09,follow,1
1786510424.845702,11.748623162233267,0.6431451612903225,93.56170415405484,0.0,-1.0,0.09,follow,1
1786510424.9329178,11.65308763310928,0.4616935483870968,97.39047825518352,0.0,-1.0,0.09,follow,1
1786510425.0213256,11.601803898703187,0.4737903225806452,100.93093961515058,0.0,-1.0,0.098,follow,1
1786510425.1044657,11.557483116177098,0.4798387096774194,99.10602910602884,0.0,-1.0,0.0957906930065748,follow,1
1786510425.1973267,11.634666167330384,0.6370967741935484,94.15023590320973,0.0,-1.0,0.09,follow,1
1786510425.28814,11.453483813367873,0.6491935483870968,94.24060268638289,0.0,-1.0,0.09,follow,1
1786510425.3783524,11.382058628055267,0.5221774193548387,99.88227999939943,0.0,-1.0,0.09389297629559107,follow,1
1786510425.474265,11.285479803434145,0.5221774193548387,97.30305807466912,0.0,-1.0,0.09,follow,1
1786510425.5771327,11.152101931998278,0.8245967741935484,92.63869476726768,0.0,-1.0,0.09,follow,1
1786510425.6605127,10.858410827202148,0.5705645161290323,92.3409420767914,0.0,-1.0,0.09,follow,1
1786510425.7521605,11.097791776647897,0.564516129032258,92.80340172837379,0.0,-1.0,0.09,follow,1
1786510425.8404083,11.049765191381251,0.8790322580645161,92.21646094563079,0.0,-1.0,0.09,follow,1
1786510425.9222474,11.109468760986339,0.6068548387096775,92.53389351448203,0.0,-1.0,0.09,follow,1
1786510426.00769,11.337606073948916,0.6068548387096775,92.48838823448133,0.0,-1.0,0.09,follow,1
1786510426.0956676,11.41093573364554,0.6310483870967742,92.36878441935275,0.0,-1.0,0.09,follow,1
1786510426.1832623,11.392632639735591,0.5887096774193548,92.6308026139015,0.0,-1.0,0.09,follow,1
1786510426.2671716,11.401092249303968,0.6068548387096775,92.58240013232162,0.0,-1.0,0.09,follow,1
1786510426.360173,11.464334711576887,0.6794354838709677,91.98751031102259,0.0,-1.0,0.09,follow,1
1786510426.440054,11.363386471869589,0.4798387096774194,93.99781157675824,0.0,-1.0,0.09,follow,1
1786510426.5282,11.582022559421057,0.49798387096774194,93.40027924429455,0.0,-1.0,0.09,follow,1
1786510426.6235995,11.5409500065225,0.7459677419354839,92.01924383558239,0.0,-1.0,0.09,follow,1
1786510426.7139678,11.329023286993232,0.685483870967742,93.00899712107014,0.0,-1.0,0.09,follow,1
1786510426.8011796,11.232559363043249,0.5403225806451613,96.1225250854267,0.0,-1.0,0.09,follow,1
1786510426.9017804,11.319898534163654,0.5463709677419355,88.80245868560272,0.0,-1.0,0.09,follow,1
1786510426.997532,11.05282643618176,0.7762096774193549,92.77078573868394,0.0,-1.0,0.09,follow,1
1786510427.0901742,10.887854855205266,0.564516129032258,96.74588776003877,0.0,-1.0,0.09,follow,1
1786510427.176015,10.91269252855625,0.6189516129032258,92.59781121996264,0.0,-1.0,0.09,follow,1
1786510427.2695591,11.058570807121392,0.6370967741935484,92.52234363418833,0.0,-1.0,0.09,follow,1
1786510427.3573446,10.981081049028365,0.6431451612903225,92.67643569117442,0.0,-1.0,0.09,follow,1
1786510427.44442,11.053036026169455,0.6673387096774193,92.87462208837269,0.0,-1.0,0.09,follow,1
1786510427.530092,11.14342892647064,0.6310483870967742,93.1434069081809,0.0,-1.0,0.09,follow,1
1786510427.610527,11.252948534640147,0.6431451612903225,93.40803618023753,0.0,-1.0,0.09,follow,1
1786510427.695881,11.490719396725185,0.625,94.14657069199967,0.0,-1.0,0.09,follow,1
1786510427.7816062,11.494735804741403,0.48588709677419356,95.59813476950768,0.0,-1.0,0.09,follow,1
1786510427.8685315,11.57242073200028,0.5100806451612904,96.87852759832259,0.0,-1.0,0.09,follow,1
1786510427.9502447,11.570613619582005,0.5100806451612904,93.29254542016804,0.0,-1.0,0.09,follow,1
1786510428.0483766,11.68918597699086,0.782258064516129,94.4007408894727,0.0,-1.0,0.09,follow,1
1786510428.134542,11.38029953496398,0.5463709677419355,97.36487548210765,0.0,-1.0,0.09,follow,1
1786510428.2189083,11.398097607615263,0.5524193548387096,97.56886092898755,0.0,-1.0,0.09,follow,1
1786510428.3126993,11.48278023506884,0.5887096774193548,93.757448087304,0.0,-1.0,0.09,follow,1
1786510428.395928,11.35229515993041,0.5766129032258065,98.29608017768308,0.0,-1.0,0.09,follow,1
1786510428.47944,11.500830770551516,0.5524193548387096,103.12642718625824,0.0,-1.0,0.098,follow,1
1786510428.5670388,11.562599178302895,0.5463709677419355,96.75430691425413,0.0,-1.0,0.09,follow,1
1786510428.654521,11.559665591010459,0.7338709677419355,97.78334582905623,0.0,-1.0,0.09327359936832683,follow,1
1786510428.7383587,11.533323336612236,0.5100806451612904,113.68075004972461,0.0,-1.0,0.09,follow,1
1786510428.8168175,11.602111650355184,0.49193548387096775,103.4996875396749,0.0,-1.0,0.09722657479971547,follow,1
1786510428.893571,11.83397099182922,0.4737903225806452,130.41266367582244,0.0,-1.0,0.09,follow,1
1786510428.9740953,12.09285639154919,0.6915322580645161,102.41266367582244,0.0,-1.0,0.09,follow,1
1786510429.0492404,12.13375356504598,0.48588709677419356,99.01096973837603,0.0,-1.0,0.09,follow,1
1786510429.130522,12.391095507125275,0.48588709677419356,98.5901581002341,0.0,-1.0,0.09,follow,1
1786510429.2127283,12.357258583588775,0.5100806451612904,97.44220423176694,0.0,-1.0,0.09,follow,1
1786510429.2938983,12.303143122590654,0.5040322580645161,101.67880531266857,0.0,-1.0,0.098,follow,1
1786510429.3843925,12.340669142455797,0.5221774193548387,100.27996145870115,0.0,-1.0,0.09,follow,1
1786510429.4699962,12.046576389565988,0.5342741935483871,98.94675895334923,0.0,-1.0,0.09,follow,1
1786510429.556397,12.016794525830786,0.5524193548387096,100.62272647520514,0.0,-1.0,0.09,follow,1
1786510429.6460164,11.925193724035365,0.564516129032258,100.46260209453858,0.0,-1.0,0.09,follow,1
1786510429.729501,11.774955353222365,0.5705645161290323,100.30404445720741,0.0,-1.0,0.09,follow,1
1786510429.8164208,11.80270323553257,0.5887096774193548,98.40053258145366,0.0,-1.0,0.09,follow,1
1786510429.9140258,11.757469539950922,0.5766129032258065,103.19427433153822,0.0,-1.0,0.098,follow,1
1786510430.0092618,11.453554547520952,0.5584677419354839,112.39701064750957,0.0,-0.8743574786943821,0.09458796354419509,follow,1
1786510430.09763,11.251226768772607,0.5403225806451613,104.93732501557338,0.0,-1.0,0.10258796354419508,follow,1
1786510430.1786728,11.264559843907847,0.5887096774193548,102.12921518137028,0.0,-1.0,0.09,follow,1
1786510430.264605,11.494663212206163,0.5887096774193548,102.02755821764461,0.0,-1.0,0.09,follow,1
1786510430.3509817,11.513974265556612,0.6008064516129032,102.4410459960537,0.0,-1.0,0.09,follow,1
1786510430.437016,11.538221865748314,0.6310483870967742,102.6365675297292,0.0,-1.0,0.09,follow,1
1786510430.5317576,11.529935221061411,0.6431451612903225,102.90394443864608,0.0,-1.0,0.09,follow,1
1786510430.6283329,11.35271348636438,0.6733870967741936,103.25817513778338,0.0,-1.0,0.09,follow,1
1786510430.72432,11.154386125919107,0.685483870967742,103.69843463781592,0.0,-1.0,0.09,follow,1
1786510430.817536,11.000769816186212,0.655241935483871,104.57425568667307,0.0,-1.0,0.09,follow,1
1786510430.9143932,10.927204848214647,0.5282258064516129,106.64574468085046,0.0,-1.0,0.09,follow,1
1786510431.021925,10.789342794131933,0.5463709677419355,106.7069595923479,0.0,-1.0,0.09,follow,1
1786510431.119148,10.508015321216051,0.7217741935483871,105.64591828890632,0.0,-1.0,0.09,follow,1
1786510431.2258923,10.486177579582332,0.752016129032258,105.92566878842834,0.0,-1.0,0.09,follow,1
1786510431.320241,10.26282838960246,0.5826612903225806,108.18868684002715,0.0,-1.0,0.09,follow,1
1786510431.4109354,10.321379151016377,0.6008064516129032,104.5500322987483,0.0,-1.0,0.09,follow,1
1786510431.50396,10.471085225382252,0.7883064516129032,106.78362790509233,0.0,-1.0,0.09481938362517775,follow,1
1786510431.6002061,10.526277559681482,0.5705645161290323,113.19361979739323,0.0,-0.9981513428937556,0.10281938362517776,follow,1
1786510431.6913536,10.494540983970605,0.5463709677419355,110.11348599013996,0.0,-1.0,0.09412862392795163,follow,1
1786510431.7937195,10.561746549698052,0.7762096774193549,109.10470891119284,0.0,-1.0,0.10212862392795163,follow,1
1786510431.8826346,10.427726737145562,0.5161290322580645,122.45998406716303,0.0,-0.9050187059115017,0.09,follow,1
1786510431.96721,10.59401352819912,0.49193548387096775,118.4272247809964,0.0,-1.0,0.098,follow,1
1786510432.0496857,10.832747197989818,0.625,110.47266185691615,0.0,-1.0,0.09,follow,1
1786510432.1366634,11.088033142461432,0.625,110.8214065372315,0.0,-1.0,0.09,follow,1
1786510432.2293367,11.181932744705472,0.7157258064516129,113.70167973265907,0.0,-1.0,0.098,follow,1
1786510432.3121846,11.095383977071473,0.5221774193548387,113.58357933398922,0.0,-1.0,0.09,follow,1
1786510432.406308,11.271511398384687,0.5403225806451613,111.89261348619007,0.0,-1.0,0.09,follow,1
1786510432.4899962,11.161823903582698,0.5282258064516129,116.53525810837279,0.0,-0.9762118486511385,0.098,follow,1
1786510432.5707033,11.313226108319222,0.5524193548387096,115.32068681318694,0.0,-1.0,0.09,follow,1
1786510432.6562567,11.539215633945455,0.5463709677419355,114.18376478250937,0.0,-1.0,0.09,follow,1
1786510432.7388132,11.556636639145296,0.5705645161290323,116.58167563106528,0.0,-1.0,0.09,follow,1
1786510432.8278239,11.46871347048571,0.5887096774193548,117.35304758762061,0.0,-1.0,0.09,follow,1
1786510432.9085703,11.633105666538599,0.6129032258064516,116.58122364975347,0.0,-1.0,0.09,follow,1
1786510432.9971592,11.789161160525518,0.5887096774193548,120.43821200729079,0.0,-0.8500291062786087,0.098,follow,1
1786510433.0888236,11.689347493876038,0.5766129032258065,122.71891441891427,0.0,-0.8070560183162169,0.10600000000000001,follow,1
1786510433.1726134,11.533762543023398,0.564516129032258,126.79620222544781,0.0,-0.5114957951085692,0.10106311371704177,follow,1
1786510433.2523515,11.613583050537944,0.5403225806451613,124.0189740697387,0.0,-0.9559588848764811,0.10906311371704178,follow,1
1786510433.3366754,11.799136677702265,0.5221774193548387,131.0614013986218,0.0,-0.31595888487648105,0.09,follow,1
1786510433.420592,11.79482975805694,0.49798387096774194,127.44947735191695,0.0,-0.8174498130029048,0.098,follow,1
1786510433.5016155,11.791465177408362,0.4798387096774194,123.27995404311152,0.0,-1.0,0.0977111854018029,follow,1
1786510433.5861804,11.935751988916136,0.467741935483871,147.42543012937836,0.0,-0.45015186997294265,0.09,follow,1
1786510433.6804078,11.92707673359341,0.4435483870967742,134.0624083577705,0.0,-0.8958736077268878,0.098,follow,1
1786510433.7772322,11.65164914051106,0.5221774193548387,122.66795400599361,0.0,-1.0,0.09,follow,1
1786510433.8615165,11.396708660633928,0.5221774193548387,122.42204005504749,0.0,-0.941272947675927,0.09,follow,1
1786510433.952602,11.472880159160121,0.5161290322580645,123.3620875080419,0.0,-0.8588121453099622,0.09,follow,1
1786510434.0478384,11.373631371094877,0.5342741935483871,124.97938888784033,0.0,-0.809281115711596,0.09,follow,1
1786510434.1375191,11.200884056468754,0.5463709677419355,124.05966131133275,0.0,-0.9690170598350908,0.09,follow,1
1786510434.2273326,11.196182832155351,0.5524193548387096,129.17983516483494,0.0,-0.4912385958955032,0.098,follow,1
1786510434.3169835,11.194568650521168,0.564516129032258,124.99233543925628,0.0,-1.0,0.09,follow,1
1786510434.4064307,11.158975953154009,0.5887096774193548,124.6481370943034,0.0,-0.9575106899686621,0.09,follow,1
1786510434.5025177,11.146076613324672,0.7701612903225807,126.8907013195305,0.0,-0.7304150877992063,0.09,follow,1
1786510434.595607,11.035329260802197,0.6008064516129032,129.76274262511947,0.0,-0.5836532351037222,0.098,follow,1
1786510434.6833518,10.975129970489625,0.5887096774193548,129.6500626566416,0.0,-0.7051496941177892,0.10600000000000001,follow,1
1786510434.769503,11.06208999246463,0.5766129032258065,129.93579140984767,0.0,-0.6779165903005745,0.09455796736738292,follow,1
1786510434.8555615,11.140515202729103,0.5463709677419355,131.45013831064273,0.0,-0.5500428765461769,0.10255796736738293,follow,1
1786510434.9403899,11.236985152363818,0.5342741935483871,133.95465272140243,0.0,-0.3665895738175059,0.11055796736738294,follow,1
1786510435.0244446,11.381296928472315,0.5221774193548387,136.0790596627374,0.0,-0.26692371565543926,0.11855796736738294,follow,1
1786510435.1017716,11.480802102419844,0.49798387096774194,138.06553202894733,0.0,-0.1737862513908237,0.12223911642895999,follow,1
1786510435.2060258,11.775228177117235,1.0,110.06553202894733,0.0,-0.8137862513908237,0.13023911642896,follow,1
1786510435.3088253,11.331226849920633,1.0,82.06553202894733,0.0,-1.0,0.13823911642896,follow,1
1786510435.413926,10.998812025600108,1.0,54.06553202894733,0.0,-1.0,0.10323911642896,follow,1
1786510435.5099018,10.718788118303538,0.9213709677419355,26.06553202894733,0.0,-1.0,0.09,follow,1
1786510435.5966055,10.649643925186222,0.49798387096774194,54.06553202894733,0.0,-1.0,0.09,follow,1
1786510435.6824718,10.824902064295149,0.5161290322580645,82.06553202894733,0.0,-1.0,0.09,follow,1
1786510435.7600565,10.976784825366126,0.5342741935483871,110.06553202894733,0.0,-0.842603982834191,0.09,follow,1
1786510435.846782,11.387257983036767,0.5463709677419355,130.58088682281388,0.0,-0.202603982834191,0.09,follow,1
1786510435.9344544,11.401125343062844,0.5342741935483871,131.52822877532088,0.0,-0.6787398771114191,0.09,follow,1
1786510436.020853,11.413809026507195,0.564516129032258,132.792677888765,0.0,-0.5927575797970662,0.09,follow,1
1786510436.1115618,11.443537635214243,0.5826612903225806,131.6107711388252,0.0,-0.7687394088617068,0.09,follow,1
1786510436.2036846,11.365211733537297,0.6008064516129032,133.57293914212818,0.0,-0.528143685435341,0.09,follow,1
1786510436.2849336,11.257738304961602,0.594758064516129,133.3370604064494,0.0,-0.6282942281978694,0.09,follow,1
1786510436.3765867,11.481500694796539,0.5705645161290323,137.46264532113625,0.0,-0.18706661378512401,0.098,follow,1
1786510436.4564304,11.367223419334277,0.5403225806451613,138.1820809105322,0.0,-0.30450283109038734,0.10600000000000001,follow,1
1786510436.5371733,11.593676864632487,0.5040322580645161,144.76116566360358,0.0,0.324718155554063,0.09,follow,1
1786510436.618444,11.65759026184713,0.48588709677419356,154.866395293289,0.0,0.964718155554063,0.09,follow,1
1786510436.699773,11.87800955737675,0.467741935483871,172.32539964776814,0.0,1.0,0.09,follow,1
1786510436.7844064,11.971283271554585,0.4495967741935484,173.48978997757487,0.0,1.0,0.09,follow,1
1786510436.8624504,11.93098035383275,0.4435483870967742,180.9530926556832,0.0,1.0,0.09,follow,1
1786510436.948416,12.108196960519413,0.5221774193548387,152.9530926556832,0.0,1.0,0.098,follow,1
1786510437.0326447,12.012018823943745,0.5040322580645161,136.31450044566859,0.0,1.0,0.09,follow,1
1786510437.118941,11.993755035250041,0.5221774193548387,134.6412524878753,0.0,0.4032063330704393,0.09,follow,1
1786510437.2083082,11.906950023082945,0.5282258064516129,138.1739232052256,0.0,-0.23679366692956072,0.098,follow,1
1786510437.2965891,11.749212667026262,0.5463709677419355,140.45530995376905,0.0,-0.17290373839733753,0.10600000000000001,follow,1
1786510437.3831403,11.680145771132391,0.5524193548387096,137.46166405023547,0.0,-0.5382234051978572,0.09,follow,1
1786510437.472221,11.661536275792605,0.564516129032258,134.71858760920986,0.0,-0.6712588433905052,0.09,follow,1
1786510437.5552819,11.575168564067422,0.5766129032258065,135.9041727140786,0.0,-0.4593616858030516,0.09,follow,1
1786510437.6384215,11.605870534847387,0.594758064516129,135.41189392907387,0.0,-0.5480158744346665,0.09,follow,1
1786510437.7251832,11.705173147786123,0.6068548387096775,140.9397450592492,0.0,0.02123574599910283,0.098,follow,1
1786510437.8103242,11.680219081789566,0.594758064516129,150.80244881237667,0.0,0.6612357459991028,0.09,follow,1
1786510437.9012861,11.70658793795818,0.5826612903225806,136.7901797804978,0.0,0.02123574599910283,0.098,follow,1
1786510437.989761,11.581860684502738,0.5705645161290323,136.44585184207847,0.0,-0.34863282352552927,0.10600000000000001,follow,1
1786510438.0784237,11.481242368929735,0.5524193548387096,136.83689768214913,0.0,-0.24480642308177103,0.10994048422545895,follow,1
1786510438.171492,11.463717655343181,0.5403225806451613,132.30890863051866,0.0,-0.6388070460841891,0.11794048422545894,follow,1
1786510438.2485967,11.337015795859447,0.5282258064516129,126.67336991562213,0.0,-0.9393268398625999,0.11811954993068792,follow,1
1786510438.341743,11.654867390595037,0.5221774193548387,127.04386380423144,0.0,-0.6361455293306046,0.1261195499306879,follow,1
1786510438.4229062,11.470430425912069,0.49798387096774194,137.955574912893,0.0,0.003854470669395371,0.09111954993068791,follow,1
1786510438.5119119,11.65481458229159,0.4798387096774194,148.2726091476099,0.0,0.6438544706693954,0.09,follow,1
1786510438.5957522,11.566353479793896,0.4616935483870968,151.27386217386072,0.0,0.9428709894995817,0.09,follow,1
1786510438.680456,11.616844985584745,0.4375,132.27777707553548,0.0,0.3028709894995817,0.09,follow,1
1786510438.7647967,11.674698950045316,0.4801267281105991,118.35912561630062,0.0,-0.3371290105004183,0.09,follow,1
1786510438.8572915,11.707223000313153,0.5100806451612904,119.76003123365517,0.0,-0.8913502593930345,0.098,follow,1
1786510438.942491,11.524118294128554,0.5221774193548387,116.7737698174444,0.0,-1.0,0.09,follow,1
1786510439.0322437,11.542663643036907,0.5221774193548387,115.31429548371825,0.0,-1.0,0.09,follow,1
1786510439.1236181,11.487190487657127,0.5403225806451613,115.42183340727615,0.0,-1.0,0.09347285428665754,follow,1
1786510439.211695,11.356414909443973,0.5584677419354839,114.41582114413265,0.0,-1.0,0.10147285428665753,follow,1
1786510439.3093135,11.390227536174038,0.5705645161290323,109.25012526011487,0.0,-1.0,0.09,follow,1
1786510439.3890505,11.152799145425542,0.594758064516129,109.18541878313076,0.0,-1.0,0.09,follow,1
1786510439.4699843,11.445234716396754,0.6129032258064516,108.8828026246941,0.0,-1.0,0.09,follow,1
1786510439.5553098,11.616865043037834,0.5887096774193548,110.98343871041212,0.0,-1.0,0.09,follow,1
1786510439.633873,11.632077624425888,0.5766129032258065,111.89342811276707,0.0,-1.0,0.09,follow,1
1786510439.7145057,11.859583553996265,0.5584677419354839,111.6068470929735,0.0,-1.0,0.098,follow,1
1786510439.795975,11.970653295874177,0.5463709677419355,107.92676559985591,0.0,-1.0,0.09,follow,1
1786510439.8760118,12.000239745962721,0.5342741935483871,109.68757669580289,0.0,-1.0,0.098,follow,1
1786510439.956368,12.131528094771861,0.5221774193548387,114.64953117431635,0.0,-0.6451228664464403,0.1020611229689656,follow,1
1786510440.0370767,12.190458712485382,0.5040322580645161,109.1333544504271,0.0,-1.0,0.11006112296896561,follow,1
1786510440.1224663,12.223462137375147,0.4798387096774194,118.01473082394148,0.0,-0.6451228664464402,0.09,follow,1
1786510440.207136,12.134105209606407,0.4616935483870968,129.08586638586416,0.0,-0.005122866446440222,0.09,follow,1
1786510440.2835763,12.068096263904597,0.4375,131.30681186166623,0.0,0.1603802388680019,0.09,follow,1
1786510440.3719897,12.270406264998734,0.48260368663594466,105.01911956449601,0.0,-0.4796197611319981,0.09,follow,1
1786510440.4554217,12.07966728454638,0.49798387096774194,103.96108094967954,0.0,-1.0,0.09,follow,1
1786510440.5336196,12.058073302646108,0.5161290322580645,105.67865360961852,0.0,-1.0,0.09,follow,1
1786510440.6148467,12.196816347638165,0.5221774193548387,108.1748751417097,0.0,-1.0,0.098,follow,1
1786510440.70533,12.234155266919103,0.5342741935483871,106.52136155109586,0.0,-1.0,0.09,follow,1
1786510440.7897797,11.98633630295469,0.5524193548387096,107.49798665620087,0.0,-1.0,0.09,follow,1
1786510440.8767755,11.95843485779267,0.5524193548387096,105.90687551943844,0.0,-1.0,0.09,follow,1
1786510440.962798,11.866346570617793,0.5705645161290323,109.55667491960504,0.0,-1.0,0.09,follow,1
1786510441.0506096,11.772646500885493,0.6008064516129032,109.27516445995181,0.0,-1.0,0.09,follow,1
1786510441.1405778,11.70842209503044,0.6189516129032258,111.15392140417872,0.0,-1.0,0.098,follow,1
1786510441.225748,11.620223000933906,0.6008064516129032,111.74848503491354,0.0,-1.0,0.10600000000000001,follow,1
1786510441.3058822,11.655451505396812,0.5887096774193548,110.20821941216693,0.0,-1.0,0.09594874735884268,follow,1
1786510441.389566,11.816243648065056,0.5766129032258065,113.7513150895225,0.0,-0.8605311810805236,0.10394874735884269,follow,1
1786510441.4723966,11.8351515079177,0.5584677419354839,119.51665182763936,0.0,-0.4118708137074245,0.09,follow,1
1786510441.5551674,11.894687133643686,0.5403225806451613,116.42045075893401,0.0,-0.9443100202354467,0.098,follow,1
1786510441.6361496,11.928216980735135,0.5282258064516129,119.08414101701538,0.0,-0.5436484304912889,0.09,follow,1
1786510441.7095509,11.982665604360985,0.5040322580645161,127.40497307570422,0.0,0.09635156950871115,0.09,follow,1
1786510441.788287,12.337957531701296,0.48588709677419356,122.58385143808717,0.0,-0.5436484304912889,0.09,follow,1
1786510441.8581617,12.358707275683726,0.4737903225806452,134.35226319436856,0.0,0.09635156950871115,0.09,follow,1
1786510441.9303956,12.834773123569953,0.45564516129032256,138.17845683728055,0.0,0.5943700899317652,0.09,follow,1
1786510442.0164816,12.974254986702736,0.4375,128.41548058448444,0.0,-0.0456299100682348,0.09,follow,1
1786510442.1005735,12.704563908920525,0.40506912442396314,156.41548058448444,0.0,0.5943700899317652,0.09,follow,1
1786510442.1888266,12.571099976093537,0.5214631336405531,128.41548058448444,0.0,-0.0456299100682348,0.098,follow,1
1786510442.2768316,12.322763820933455,0.5221774193548387,114.04396928430651,0.0,-0.6856299100682348,0.09,follow,1
1786510442.3602846,12.104760286929142,0.5342741935483871,114.7144650644717,0.0,-0.94605041934241,0.09,follow,1
1786510442.4479384,12.12928477105823,0.5524193548387096,118.30892903315176,0.0,-0.6766643755174817,0.098,follow,1
1786510442.534362,11.982753504316817,0.564516129032258,118.31823614786974,0.0,-0.8352464432903823,0.10600000000000001,follow,1
1786510442.6202343,11.890612249454161,0.5766129032258065,114.69252466610949,0.0,-1.0,0.09,follow,1
1786510442.706936,11.807912358559946,0.6129032258064516,114.67260670758566,0.0,-1.0,0.09,follow,1
1786510442.7921956,11.799661827174374,0.6189516129032258,116.21635874276325,0.0,-0.8948925272232584,0.09,follow,1
1786510442.8740413,11.78083436984509,0.6129032258064516,118.59138800297109,0.0,-0.7309196739378485,0.098,follow,1
1786510442.9568474,11.859352297993473,0.6008064516129032,117.602125565228,0.0,-0.92567628475992,0.10600000000000001,follow,1
1786510443.0376472,11.89685663864408,0.5826612903225806,116.40450404169354,0.0,-0.9840716489096409,0.10581964414057395,follow,1
1786510443.116543,12.01363929924943,0.5705645161290323,118.35747899898824,0.0,-0.698586960566292,0.11381964414057394,follow,1
1786510443.1967535,12.09638255584358,0.5524193548387096,115.85259349893752,0.0,-1.0,0.11556320950017879,follow,1
1786510443.2784784,12.20339629468586,0.5403225806451613,111.02913331382337,0.0,-1.0,0.09,follow,1
1786510443.3672378,12.186963573861142,0.5221774193548387,115.80762527062691,0.0,-0.7205532390299351,0.098,follow,1
1786510443.4509141,12.032909741705218,0.49798387096774194,120.60734387563735,0.0,-0.3486775796980678,0.10342273526049618,follow,1
1786510443.5317163,12.008803597419835,0.48588709677419356,122.99452066858927,0.0,-0.32604625363684225,0.09020384402203357,follow,1
1786510443.6123827,12.085629899916306,0.4737903225806452,135.50506984717452,0.0,0.31395374636315776,0.09,follow,1
1786510443.6973755,12.143727795263086,0.4495967741935484,130.8880070356578,0.0,-0.1884339736402595,0.09,follow,1
1786510443.7753663,12.079945466773015,0.41968894009216584,147.83768737751055,0.0,0.4515660263597405,0.09,follow,1
1786510443.853406,12.225057523978004,0.3911635944700461,175.83768737751055,0.0,1.0,0.09,follow,1
1786510443.9369981,12.332263234908396,0.5118433179723503,147.83768737751055,0.0,0.4515660263597404,0.09,follow,1
1786510444.0234945,12.270112027467164,0.5282258064516129,119.83768737751055,0.0,-0.1884339736402596,0.09,follow,1
1786510444.1035054,12.126733483921429,0.5342741935483871,112.97815939511804,0.0,-0.8284339736402596,0.09,follow,1
1786510444.1935358,12.095620266229181,0.5463709677419355,114.18519105514574,0.0,-0.9224347431022649,0.09,follow,1
1786510444.2872586,11.920693943541972,0.5584677419354839,116.17824715953148,0.0,-0.8237937442548076,0.09566992180790075,follow,1
1786510444.38,11.698546718334931,0.5826612903225806,112.2962985651669,0.0,-1.0,0.09,follow,1
1786510444.4701424,11.540510653708427,0.6008064516129032,112.92966013807185,0.0,-1.0,0.09,follow,1
1786510444.5608845,11.448115066200993,0.6129032258064516,113.99559647022238,0.0,-1.0,0.09,follow,1
1786510444.653357,11.36185859873836,0.6129032258064516,116.99928958451918,0.0,-0.7785100979128412,0.09,follow,1
1786510444.7473657,11.216375071835957,0.594758064516129,116.16374746174222,0.0,-0.9748593389674456,0.098,follow,1
1786510444.8410633,11.117821461112682,0.5826612903225806,114.6933240046942,0.0,-1.0,0.09,follow,1
1786510444.9279544,11.049483742040604,0.5766129032258065,116.48131391669087,0.0,-0.8176985401335872,0.098,follow,1
1786510445.0113075,11.120811100313784,0.564516129032258,116.49068698596977,0.0,-0.8564521326458261,0.10600000000000001,follow,1
1786510445.1001542,11.290961497102352,0.5524193548387096,113.6210370301959,0.0,-1.0,0.10756695675292316,follow,1
1786510445.1872504,11.310190131432787,0.5403225806451613,110.8225790084743,0.0,-1.0,0.09728624004056555,follow,1
1786510445.2724771,11.339543516035807,0.5282258064516129,115.75917185266161,0.0,-0.5820643153517203,0.10528624004056555,follow,1
1786510445.3476498,11.434611523587641,0.5040322580645161,116.15901171998688,0.0,-0.7343936885240584,0.11328624004056556,follow,1
1786510445.4344375,11.743138252126792,0.48588709677419356,102.79253894459309,0.0,-1.0,0.09,follow,1
1786510445.5192733,11.74897672432561,0.4616935483870968,130.7925389445931,0.0,-0.7343936885240584,0.09,follow,1
1786510445.6059365,11.744033230844472,0.42607142857142855,123.04775508140371,0.0,-0.7105795303675823,0.09,follow,1
1786510445.6926794,11.704730876137178,0.5463709677419355,112.22266391663045,0.0,-1.0,0.09476383758788257,follow,1
1786510445.778553,11.658946554802121,0.5342741935483871,114.2202475347213,0.0,-0.8282115456587664,0.10276383758788257,follow,1
1786510445.8636374,11.677290315424687,0.5463709677419355,113.78714017521895,0.0,-0.948712892976957,0.11076383758788258,follow,1
1786510445.959784,11.679488184219181,0.5584677419354839,112.0600465904797,0.0,-1.0,0.09,follow,1
1786510446.0448291,11.424710696145752,0.6008064516129032,113.73065920206717,0.0,-0.8855793331791892,0.09,follow,1
1786510446.1406436,11.490868573133266,0.5826612903225806,114.99996654013516,0.0,-0.8269244526828203,0.09,follow,1
1786510446.232815,11.290100868548945,0.6008064516129032,114.03948521947699,0.0,-0.9936084610329721,0.09,follow,1
1786510446.315815,11.18287938532786,0.6370967741935484,114.17730973663421,0.0,-0.9620486552254781,0.09,follow,1
1786510446.4044976,11.2710580208797,0.6068548387096775,116.72608780720948,0.0,-0.7438438731317394,0.098,follow,1
1786510446.5005426,11.371673477201679,0.594758064516129,119.90283210283857,0.0,-0.55357737839179,0.10600000000000001,follow,1
1786510446.5844004,11.182722090326214,0.5826612903225806,120.39864655922221,0.0,-0.6412596958595996,0.11400000000000002,follow,1
1786510446.669953,11.329488992349248,0.5584677419354839,120.1779866082862,0.0,-0.6972420971121762,0.12200000000000003,follow,1
1786510446.7532465,11.36930686473589,0.5463709677419355,127.48935455033109,0.0,-0.057242097112176205,0.09,follow,1
1786510446.838138,11.528293148848697,0.5282258064516129,124.14216984834461,0.0,-0.625762378949412,0.098,follow,1
1786510446.9246957,11.565876630503316,0.5161290322580645,133.33737092870064,0.0,0.014237621050588012,0.09,follow,1
1786510447.0116854,11.579869260034991,0.49193548387096775,123.51558616287508,0.0,-0.625762378949412,0.098,follow,1
1786510447.101709,11.556539978351466,0.4737903225806452,142.46133785607492,0.0,0.014237621050588012,0.09,follow,1
1786510447.1955981,11.433634247260276,0.4495967741935484,145.04073227531433,0.0,0.654237621050588,0.09,follow,1
1786510447.2810433,11.308417041101947,0.4314516129032258,173.04073227531433,0.0,1.0,0.09,follow,1
1786510447.368404,11.381548242652702,0.40721198156682026,195.47818512904985,0.0,1.0,0.09,follow,1
1786510447.4593797,11.406798634086645,0.5221774193548387,167.47818512904985,0.0,1.0,0.09,follow,1
1786510447.5559871,11.322722087468785,0.5342741935483871,139.47818512904985,0.0,0.6542376210505881,0.09,follow,1
1786510447.645727,11.080645017036407,0.5887096774193548,121.96499853997578,0.0,0.014237621050588123,0.0922742019042913,follow,1
1786510447.7333527,11.14773405054633,0.5524193548387096,124.20318912180247,0.0,-0.5003356120699047,0.10027420190429129,follow,1
1786510447.8338373,11.163898252419823,0.5766129032258065,121.53114453680452,0.0,-0.8572051542702517,0.09,follow,1
1786510447.9154155,10.919648918152685,0.6068548387096775,121.65385131683564,0.0,-0.7366050044661656,0.09,follow,1
1786510448.0005636,11.214839026129612,0.6370967741935484,119.77992820351679,0.0,-0.9377965492350029,0.09,follow,1
1786510448.0846379,11.3369087295204,0.6189516129032258,122.31186786396094,0.0,-0.6143652066440837,0.098,follow,1
1786510448.171903,11.396922042158069,0.594758064516129,124.21033086541907,0.0,-0.5420815000321515,0.10600000000000001,follow,1
1786510448.257756,11.426411454312289,0.5766129032258065,122.59827583318092,0.0,-0.7530219955072266,0.11395223442108074,follow,1
1786510448.3396595,11.493371281228631,0.564516129032258,125.27570149975801,0.0,-0.4093740841319734,0.12195223442108075,follow,1
1786510448.4201674,11.617169517424976,0.5463709677419355,120.90434369492421,0.0,-0.9364872297715798,0.11473495505614653,follow,1
1786510448.4986358,11.787550329983803,0.5342741935483871,121.4286068266344,0.0,-0.6413117507014867,0.12273495505614654,follow,1
1786510448.5832596,11.959247421782665,0.5161290322580645,123.21877929956766,0.0,-0.4011395716622538,0.11679674483838619,follow,1
1786510448.6644452,11.956015220622625,0.49193548387096775,126.39470563133995,0.0,-0.08829199364194473,0.09,follow,1
1786510448.7455766,12.045373382640397,0.4798387096774194,118.59763103184125,0.0,-0.7282919936419447,0.098,follow,1
1786510448.832556,12.095798673531778,0.4616935483870968,136.78775008774875,0.0,-0.08829199364194473,0.09,follow,1
1786510448.917359,11.972883671671088,0.4375,127.1041118919993,0.0,-0.49560659871428386,0.09,follow,1
1786510448.999869,11.947845280302442,0.4254032258064516,155.1041118919993,0.0,0.14439340128571615,0.09,follow,1
1786510449.078111,11.969631547233599,0.5161290322580645,127.10411189199931,0.0,-0.49560659871428386,0.09,follow,1
1786510449.1614938,12.121013377117908,0.5463709677419355,104.9641411458198,0.0,-1.0,0.09,follow,1
1786510449.2522697,12.076128859301493,0.5342741935483871,107.28537446430917,0.0,-1.0,0.09,follow,1
1786510449.3363352,11.886192302161053,0.5463709677419355,107.09679548415158,0.0,-1.0,0.09,follow,1
1786510449.4219277,11.869140541473012,0.5705645161290323,103.10674188310213,0.0,-1.0,0.09,follow,1
1786510449.5060322,11.819941676603168,0.594758064516129,101.99610867000663,0.0,-1.0,0.09,follow,1
1786510449.5972824,11.858950330286838,0.6068548387096775,103.73601438996064,0.0,-1.0,0.09,follow,1
1786510449.6833005,11.68559447563879,0.5887096774193548,106.48746867167907,0.0,-1.0,0.09,follow,1
1786510449.7676651,11.679890827434818,0.5766129032258065,108.36154401154349,0.0,-1.0,0.098,follow,1
1786510449.8534014,11.710862841900923,0.5584677419354839,108.324259979754,0.0,-1.0,0.10600000000000001,follow,1
1786510449.932144,11.713199958763283,0.5463709677419355,104.92448711399408,0.0,-1.0,0.09,follow,1
1786510450.0124846,11.875042991624186,0.5342741935483871,108.0122996469628,0.0,-0.9998631626613168,0.098,follow,1
1786510450.098505,11.954731154237775,0.5161290322580645,124.1863536783411,0.0,-0.3598631626613168,0.09,follow,1
1786510450.1812627,11.950669479682743,0.49193548387096775,120.58693785354635,0.0,-0.5252947485579034,0.09,follow,1
1786510450.263329,11.933912512843197,0.4737903225806452,122.33896852317899,0.0,-0.1794007874634705,0.09,follow,1
1786510450.3619661,11.999220003207881,0.6189516129032258,102.82744989327563,0.0,-0.8194007874634706,0.09,follow,1
1786510450.448881,11.556951811159133,0.4435483870967742,130.82744989327563,0.0,-0.17940078746347055,0.09,follow,1
1786510450.5302925,11.673812194033403,0.4314516129032258,152.19137931034425,0.0,0.46059921253652947,0.09,follow,1
1786510450.6136374,11.793595887007973,0.3890207373271889,164.6984126984143,0.0,1.0,0.09,follow,1
1786510450.7006357,11.82444379281148,0.5403225806451613,136.6984126984143,0.0,0.4605992125365296,0.09,follow,1
1786510450.7919326,11.739528970955377,0.6794354838709677,108.6984126984143,0.0,-0.17940078746347043,0.09,follow,1
1786510450.883677,11.608441264483275,0.5524193548387096,108.47128474466703,0.0,-0.8194007874634704,0.09,follow,1
1786510450.9717734,11.46444231032924,0.5584677419354839,109.43951231581158,0.0,-1.0,0.0960119602267504,follow,1
1786510451.0618382,11.443805239252548,0.5766129032258065,108.40543403137727,0.0,-1.0,0.09,follow,1
1786510451.154283,11.335067674831905,0.752016129032258,108.20667347488833,0.0,-1.0,0.09,follow,1
1786510451.241272,11.252213001344824,0.594758064516129,111.79360221125552,0.0,-0.8574240095195671,0.09002739651996627,follow,1
1786510451.328304,11.294101533340832,0.6189516129032258,111.14073225665537,0.0,-1.0,0.09,follow,1
1786510451.4181476,11.36050169913567,0.6008064516129032,114.08126980220865,0.0,-0.7679512647568985,0.098,follow,1
1786510451.505808,11.312135152222135,0.594758064516129,114.03032307137354,0.0,-0.8857255237180955,0.10600000000000001,follow,1
1786510451.594811,11.32844270856553,0.5584677419354839,120.92955446329461,0.0,-0.24572552371809553,0.09,follow,1
1786510451.6892793,11.265299218674627,0.5584677419354839,123.0253844934201,0.0,-0.26753237156927956,0.09,follow,1
1786510451.7840495,11.172545145483372,0.5342741935483871,117.91447356000654,0.0,-0.8154813243912763,0.098,follow,1
1786510451.8643801,11.041457783960691,0.5221774193548387,123.20459066494809,0.0,-0.17548132439127628,0.09,follow,1
1786510451.9476914,11.339269088851717,0.5100806451612904,129.31223342737943,0.0,0.41008120537648907,0.09,follow,1
1786510452.0286987,11.468912035121377,0.4798387096774194,123.2351323996059,0.0,-0.22991879462351095,0.09,follow,1
1786510452.1076946,11.625635985416917,0.4616935483870968,124.44841464841313,0.0,-0.0506262714088388,0.09,follow,1
1786510452.1891005,11.83174330469222,0.4435483870967742,119.91877264102084,0.0,-0.5835404802280906,0.09431931688804915,follow,1
1786510452.2656019,11.930135812723462,0.4064976958525346,147.91877264102084,0.0,0.05645951977190944,0.09,follow,1
1786510452.3459468,12.125487822470149,0.5100806451612904,119.91877264102084,0.0,-0.5835404802280906,0.09,follow,1
1786510452.4242089,12.187865880410413,0.5221774193548387,102.43239848520619,0.0,-1.0,0.09,follow,1
1786510452.5069497,12.333841107300728,0.5342741935483871,99.76112443127131,0.0,-1.0,0.09,follow,1
1786510452.5908158,12.288776923942105,0.5403225806451613,106.61553809775427,0.0,-0.9553683758640464,0.098,follow,1
1786510452.67788,12.221289191517299,0.564516129032258,103.98866145877781,0.0,-1.0,0.09,follow,1
1786510452.7638223,12.070502998790678,0.5826612903225806,104.87530719308235,0.0,-1.0,0.09,follow,1
1786510452.8473642,11.984648363604597,0.6068548387096775,102.1912402063686,0.0,-1.0,0.09,follow,1
1786510452.9354815,11.980130839943708,0.594758064516129,105.05778679470588,0.0,-1.0,0.098,follow,1
1786510453.018156,11.815981148663834,0.5826612903225806,106.84448428102864,0.0,-1.0,0.10600000000000001,follow,1
1786510453.1037269,11.9300863350532,0.5705645161290323,112.78705780592585,0.0,-0.5397911251733744,0.09,follow,1
1786510453.1876647,11.868554792709013,0.5524193548387096,110.26692769415426,0.0,-1.0,0.098,follow,1
1786510453.2703729,11.876359216703783,0.5342741935483871,107.31916781513726,0.0,-1.0,0.10600000000000001,follow,1
1786510453.3626437,11.893556159153674,0.5221774193548387,112.71243530544571,0.0,-0.5360525927133709,0.09,follow,1
1786510453.4465907,11.716930229435985,0.5100806451612904,114.68503362774587,0.0,-0.5066047721646757,0.09,follow,1
1786510453.5273218,11.75086192868269,0.48588709677419356,114.75352576334609,0.0,-0.540883968476009,0.09,follow,1
1786510453.6138601,11.879401343526009,0.6310483870967742,94.53700903692646,0.0,-1.0,0.09,follow,1
1786510453.7004128,11.788490408307014,0.655241935483871,94.56721142734807,0.0,-1.0,0.09,follow,1
1786510453.776405,11.771997153495226,0.4314516129032258,122.56721142734807,0.0,-0.8481533287780768,0.09,follow,1
1786510453.8601916,12.04653458861777,0.5100806451612904,96.27763822488612,0.0,-1.0,0.09,follow,1
1786510453.9489427,12.024827584781924,0.7157258064516129,94.89952113176616,0.0,-1.0,0.09,follow,1
1786510454.0288963,11.864432354099977,0.5221774193548387,96.1497380925827,0.0,-1.0,0.09,follow,1
1786510454.1086416,12.001706605989877,0.5342741935483871,94.07778606354586,0.0,-1.0,0.09,follow,1
1786510454.192513,12.065209783485676,0.5463709677419355,94.2591960614037,0.0,-1.0,0.09,follow,1
1786510454.2775128,12.075846694284925,0.564516129032258,95.50275690827925,0.0,-1.0,0.09,follow,1
1786510454.3638098,12.018079152105047,0.5826612903225806,96.75368739172102,0.0,-1.0,0.09,follow,1
1786510454.4502406,11.929926600213292,0.6008064516129032,97.29705619982178,0.0,-1.0,0.09,follow,1
1786510454.5356357,11.856564001666507,0.5826612903225806,98.98314819352552,0.0,-1.0,0.09,follow,1
1786510454.62244,11.802633079830109,0.5705645161290323,103.10254211197623,0.0,-1.0,0.098,follow,1
1786510454.7171705,11.74649658052355,0.5524193548387096,101.44618339643499,0.0,-1.0,0.10600000000000001,follow,1
1786510454.8057082,11.53285435212362,0.5403225806451613,99.64550704185422,0.0,-1.0,0.10628863782041777,follow,1
1786510454.886503,11.446522586354494,0.5161290322580645,113.57877868676653,0.0,-0.8646169286207571,0.09,follow,1
1786510454.968662,11.668417926271648,0.6129032258064516,92.27833394271883,0.0,-1.0,0.09,follow,1
1786510455.0555415,11.765441385331433,0.6310483870967742,92.51526412948928,0.0,-1.0,0.09,follow,1
1786510455.1414,11.723464233752617,0.6431451612903225,91.83766019428322,0.0,-1.0,0.09,follow,1
1786510455.2209063,11.711980068655699,0.4314516129032258,119.83766019428322,0.0,-1.0,0.09,follow,1
1786510455.3016028,11.875032842312754,0.49798387096774194,93.95262975821605,0.0,-1.0,0.09,follow,1
1786510455.38426,11.977987902621157,0.48588709677419356,94.86017696871282,0.0,-1.0,0.09,follow,1
1786510455.4622386,11.998359268008148,0.49798387096774194,93.35840974113667,0.0,-1.0,0.09,follow,1
1786510455.5480678,12.168407848602207,0.5221774193548387,91.08469763139072,0.0,-1.0,0.09,follow,1
1786510455.6299016,12.065011083141572,0.5403225806451613,95.65178571428547,0.0,-1.0,0.09,follow,1
1786510455.7097018,12.103802947834406,0.5403225806451613,96.84406150295331,0.0,-1.0,0.09,follow,1
1786510455.7898314,12.19004180671325,0.5584677419354839,89.18014816957248,0.0,-1.0,0.09,follow,1
1786510455.8740494,12.182392804262303,0.5766129032258065,93.6763390173758,0.0,-1.0,0.09,follow,1
1786510455.9513626,12.165021650346098,0.5524193548387096,101.11676055037334,0.0,-1.0,0.098,follow,1
1786510456.0355222,12.336103287415899,0.5403225806451613,104.33150085427201,0.0,-1.0,0.10600000000000001,follow,1
1786510456.1243095,12.245222026893131,0.5282258064516129,105.42471371905904,0.0,-1.0,0.11400000000000002,follow,1
1786510456.2090237,12.045992473004695,0.5161290322580645,111.19972423936045,0.0,-0.6803503755627147,0.09,follow,1
1786510456.2900288,11.951851070366846,0.49798387096774194,114.44619404985309,0.0,-0.5957649185580773,0.09,follow,1
1786510456.3726275,12.066708954189467,0.5766129032258065,93.53846991582859,0.0,-1.0,0.09,follow,1
1786510456.4594448,12.083669613033269,0.5887096774193548,93.40465829542487,0.0,-1.0,0.09,follow,1
1786510456.5444455,11.939191108654118,0.6068548387096775,93.75581390071557,0.0,-1.0,0.09,follow,1
1786510456.6335425,11.95143607381306,0.6189516129032258,93.8653093174456,0.0,-1.0,0.09,follow,1
1786510456.722645,11.806314957502893,0.6310483870967742,93.85734552332903,0.0,-1.0,0.09,follow,1
1786510456.8045368,11.682231097882772,0.49193548387096775,94.77754288394391,0.0,-1.0,0.09,follow,1
1786510456.8870595,11.795973853418614,0.6431451612903225,94.22772572576679,0.0,-1.0,0.09,follow,1
1786510456.9726937,11.846810152620352,0.655241935483871,94.0008890411035,0.0,-1.0,0.09,follow,1
1786510457.0562835,11.823325668085886,0.6733870967741936,94.47684439973132,0.0,-1.0,0.09,follow,1
1786510457.140043,11.837652937212967,0.5342741935483871,92.55467742138345,0.0,-1.0,0.09,follow,1
1786510457.2235847,11.8508167938166,0.5584677419354839,94.01396372772604,0.0,-1.0,0.09,follow,1
1786510457.3050098,11.89461152004937,0.564516129032258,96.66896468311593,0.0,-1.0,0.09,follow,1
1786510457.3811264,11.96408313206079,0.5524193548387096,98.36777634130394,0.0,-1.0,0.09,follow,1
1786510457.4639015,12.19635378488913,0.5342741935483871,98.97595291585597,0.0,-1.0,0.09443440050601794,follow,1
1786510457.5474253,12.183892752090852,0.5221774193548387,109.27529888737496,0.0,-1.0,0.09,follow,1
1786510457.6280203,12.142452901306198,0.5040322580645161,115.52549889135153,0.0,-0.473288993984631,0.09,follow,1
1786510457.7085457,12.155548411511518,0.5403225806451613,91.16664995091432,0.0,-1.0,0.09,follow,1
1786510457.7860923,12.251749896201813,0.564516129032258,90.86208320289865,0.0,-1.0,0.09,follow,1
1786510457.8754482,12.361309349402905,0.5705645161290323,91.01086119454612,0.0,-1.0,0.09,follow,1
1786510457.9603722,12.118579743499483,0.594758064516129,91.61225782430682,0.0,-1.0,0.09,follow,1
1786510458.0481753,12.034674859963653,0.48588709677419356,92.47999100611312,0.0,-1.0,0.09,follow,1
1786510458.1301625,11.943587211531833,0.48588709677419356,95.7317139890947,0.0,-1.0,0.09,follow,1
1786510458.2179546,11.985038417453339,0.6491935483870968,91.90033276644331,0.0,-1.0,0.09,follow,1
1786510458.3073204,11.859651675666667,0.655241935483871,92.4022216284306,0.0,-1.0,0.09,follow,1
1786510458.4066992,11.69103606227835,0.6733870967741936,92.49400803799787,0.0,-1.0,0.09,follow,1
1786510458.4985294,11.40609448206849,0.5342741935483871,95.69614774679448,0.0,-1.0,0.09,follow,1
1786510458.6049337,11.292866596730681,0.7096774193548387,92.14225308830564,0.0,-1.0,0.09,follow,1
1786510458.6991017,10.897345072104983,0.564516129032258,93.062832607644,0.0,-1.0,0.09,follow,1
1786510458.7882686,10.87257051473726,0.5463709677419355,96.32388380884147,0.0,-1.0,0.09,follow,1
1786510458.8892844,10.940982637411174,0.5403225806451613,101.52487787668153,0.0,-1.0,0.098,follow,1
1786510458.9740684,10.697489613188726,0.5221774193548387,116.1363505980347,0.0,-0.8150174153823532,0.09,follow,1
1786510459.048772,10.968435797760325,0.5040322580645161,113.82910991447521,0.0,-1.0,0.09,follow,1
1786510459.140148,11.419603749014563,0.5342741935483871,88.9716996419283,0.0,-1.0,0.09,follow,1
1786510459.222597,11.314572151849514,0.5524193548387096,89.32336919383135,0.0,-1.0,0.09,follow,1
1786510459.3050327,11.516572919634156,0.5705645161290323,89.25075996885113,0.0,-1.0,0.09,follow,1
1786510459.3800178,11.624952903131415,0.5766129032258065,88.89485420240126,0.0,-1.0,0.09,follow,1
1786510459.4568615,11.986599587875148,0.4737903225806452,89.26195426195324,0.0,-1.0,0.09,follow,1
1786510459.5405314,12.18790787525906,0.6189516129032258,88.67676462441113,0.0,-1.0,0.09,follow,1
1786510459.6323152,12.143349718017749,0.872983870967742,89.35396261744148,0.0,-1.0,0.09,follow,1
1786510459.708568,11.895813984274325,0.5040322580645161,93.85303975661245,0.0,-1.0,0.09,follow,1
1786510459.7897084,12.10855265908563,0.6733870967741936,89.0010327952364,0.0,-1.0,0.09,follow,1
1786510459.8667374,12.176612842040353,0.5282258064516129,87.58751156336498,0.0,-1.0,0.09,follow,1
1786510459.948193,12.325885530211668,0.5584677419354839,86.8943542583938,0.0,-1.0,0.09,follow,1
1786510460.0276473,12.328636769848725,0.5403225806451613,91.74995174063662,0.0,-1.0,0.09,follow,1
1786510460.1172962,12.35232987679957,1.0,90.67083938590447,0.0,-1.0,0.09,follow,1
1786510460.198055,12.13608077477852,0.7157258064516129,89.79845470984718,0.0,-1.0,0.09658694042184973,follow,1
1786510460.2802396,12.173047445233852,0.49193548387096775,110.16784867892113,0.0,-1.0,0.09,follow,1
1786510460.355456,12.133991836924572,0.4798387096774194,114.12709267972451,0.0,-1.0,0.09,follow,1
1786510460.4353838,12.417968898099918,0.467741935483871,129.37980932059722,0.0,-0.5618957305172027,0.09,follow,1
1786510460.5134408,12.384232689283559,0.45564516129032256,101.37980932059722,0.0,-1.0,0.09,follow,1
1786510460.5854928,12.536153839288499,0.4616935483870968,97.02503871327252,0.0,-1.0,0.09745662371414225,follow,1
1786510460.6619468,12.781560855388246,0.4616935483870968,87.93820122643749,0.0,-1.0,0.09,follow,1
1786510460.7378654,12.845950134459768,0.49798387096774194,90.61507701033989,0.0,-1.0,0.09,follow,1
1786510460.822972,12.900943209211336,0.6129032258064516,91.85523050371492,0.0,-1.0,0.098,follow,1
1786510460.9104648,12.68371382931683,0.6431451612903225,92.51234940432703,0.0,-1.0,0.10119995261290052,follow,1
1786510460.9918118,12.401828615702252,0.6491935483870968,93.0126117599476,0.0,-1.0,0.10033447844251908,follow,1
1786510461.0735059,12.392155811122365,0.6612903225806451,93.10676980956984,0.0,-1.0,0.102581137193756,follow,1
1786510461.1583762,12.395238056427383,0.6370967741935484,93.62155999242688,0.0,-1.0,0.10127176455882429,follow,1
1786510461.2403758,12.255531135177216,0.6733870967741936,93.99361921743599,0.0,-1.0,0.10498481018111748,follow,1
1786510461.3285794,12.262278162833375,0.685483870967742,94.24311697657247,0.0,-1.0,0.10448113393846241,follow,1
1786510461.420273,12.01745422029411,0.7036290322580645,94.8440720697102,0.0,-1.0,0.10723492471331848,follow,1
1786510461.5049741,11.849247680984822,0.7217741935483871,94.80980861244025,0.0,-1.0,0.10810034365550078,follow,1
1786510461.596542,11.810601073365103,0.752016129032258,95.01576998710158,0.0,-1.0,0.11047046391220311,follow,1
1786510461.688788,11.66278705925354,0.7762096774193549,95.20165391471765,0.0,-1.0,0.1125575304585731,follow,1
1786510461.7775195,11.495179539481757,0.7943548387096775,95.53487042594273,0.0,-1.0,0.11354802306946454,follow,1
1786510461.864413,11.439993827206683,0.8064516129032258,95.63389944781127,0.0,-1.0,0.11441761014553133,follow,1
1786510461.941689,11.460918887264901,0.48588709677419356,87.47618354999483,0.0,-1.0,0.09,follow,1
1786510462.034181,11.747584959025726,0.8306451612903225,96.61415253088222,0.0,-1.0,0.098,follow,1
1786510462.124418,11.557664178883396,0.8487903225806451,97.23980343332038,0.0,-1.0,0.10600000000000001,follow,1
1786510462.2074816,11.454735654701974,0.5221774193548387,94.9123366053006,0.0,-1.0,0.09,follow,1
1786510462.2914288,11.593239160106593,0.6310483870967742,97.81832150750719,0.0,-1.0,0.098,follow,1
1786510462.3743188,11.661511492506929,0.5524193548387096,94.95195147289692,0.0,-1.0,0.09,follow,1
1786510462.4522784,11.698999046621516,0.5584677419354839,91.35184227537124,0.0,-1.0,0.09,follow,1
1786510462.5364583,11.976592395882648,0.7096774193548387,99.46794600136705,0.0,-1.0,0.098,follow,1
1786510462.618687,11.898394319964257,0.7096774193548387,100.30905673274097,0.0,-1.0,0.10600000000000001,follow,1
1786510462.7004163,11.965912559377472,0.685483870967742,100.99406112101467,0.0,-1.0,0.11400000000000002,follow,1
1786510462.7916324,12.015409580000053,0.7157258064516129,101.82842374148166,0.0,-1.0,0.12109666582486926,follow,1
1786510462.8765569,11.835317361054937,0.7459677419354839,102.65003918111469,0.0,-1.0,0.12361319669749538,follow,1
1786510462.972128,11.81038692046453,0.7762096774193549,103.70575899011567,0.0,-1.0,0.12725934000681022,follow,1
1786510463.064391,11.521041643836238,0.8004032258064516,104.12840340501116,0.0,-1.0,0.1288295258314329,follow,1
1786510463.1501024,11.404077540785604,0.8366935483870968,104.64518816454718,0.0,-1.0,0.1310253245006623,follow,1
1786510463.2438228,11.419716903382678,0.8669354838709677,105.48200377719101,0.0,-1.0,0.13443848804307304,follow,1
1786510463.3366616,11.302833427672805,0.8366935483870968,106.33655852712522,0.0,-1.0,0.13348577889075805,follow,1
1786510463.41929,11.219189381163993,0.5282258064516129,104.30579394780176,0.0,-1.0,0.09848577889075805,follow,1
1786510463.5125387,11.394207474110214,0.9153225806451613,107.9560283505238,0.0,-1.0,0.10648577889075805,follow,1
1786510463.59585,11.25385970898873,0.5705645161290323,100.60565011508429,0.0,-1.0,0.09,follow,1
1786510463.6743245,11.37931835166552,0.5524193548387096,108.75523871086818,0.0,-1.0,0.098,follow,1
1786510463.76405,11.68123115991052,0.9818548387096775,110.45432983831256,0.0,-1.0,0.10600000000000001,follow,1
1786510463.8425665,11.581666301140697,0.7157258064516129,111.88148939667934,0.0,-1.0,0.11400000000000002,follow,1
1786510463.9263866,11.807325162019515,0.6673387096774193,113.29508538039708,0.0,-0.8792732822610614,0.12200000000000003,follow,1
1786510464.0179486,11.827258852718773,0.7217741935483871,114.84465451270918,0.0,-0.864359694762149,0.13000000000000003,follow,1
1786510464.10914,11.656947346759276,0.752016129032258,116.02175717970613,0.0,-0.8231299793998592,0.13800000000000004,follow,1
1786510464.2022548,11.514752378944829,0.8004032258064516,117.80456437837015,0.0,-0.7657722001389992,0.14438659417923033,follow,1
1786510464.283872,11.359143877092158,0.5161290322580645,119.03294989472911,0.0,-0.7010850945278618,0.10938659417923033,follow,1
1786510464.384375,11.52716368467182,0.8548387096774193,121.03543009823187,0.0,-0.6470388387940784,0.11738659417923034,follow,1
1786510464.472013,11.220173561404128,0.5463709677419355,122.22268269009695,0.0,-0.6065299745796267,0.09,follow,1
1786510464.563403,11.256636789010322,0.939516129032258,123.75146523817067,0.0,-0.5335948705135869,0.098,follow,1
1786510464.6428587,11.19650020446718,0.564516129032258,123.30890179003407,0.0,-0.6743439336943822,0.09,follow,1
1786510464.7203143,11.475313139062699,0.5524193548387096,127.70283959737733,0.0,-0.2388355449557591,0.098,follow,1
1786510464.805565,11.742250461712079,0.752016129032258,127.0125177899547,0.0,-0.5292264897792787,0.10600000000000001,follow,1
1786510464.8993785,11.732008605777871,0.9334677419354839,127.90544146964125,0.0,-0.43229084004398544,0.11400000000000002,follow,1
1786510464.972469,11.505842274421585,0.5040322580645161,139.1262274311055,0.0,0.20770915995601458,0.09,follow,1
1786510465.065432,11.990481610895952,0.9637096774193549,130.59554195503668,0.0,-0.43229084004398544,0.098,follow,1
1786510465.1484017,11.741345978793431,0.7459677419354839,132.22634440199823,0.0,-0.21723667855630313,0.10600000000000001,follow,1
1786510465.2373502,11.762840325430167,0.7883064516129032,133.9905147803249,0.0,-0.14428343934397192,0.11400000000000002,follow,1
1786510465.3310726,11.690680830204139,0.9758064516129032,135.57769454111784,0.0,-0.12577510451454532,0.12200000000000003,follow,1
1786510465.427458,11.486719237889425,0.9637096774193549,136.79759795389617,0.0,-0.08859688912705055,0.13000000000000003,follow,1
1786510465.5231469,11.253915537275283,0.8608870967741936,137.45256912213208,0.0,-0.10115459124183668,0.13800000000000004,follow,1
1786510465.6043925,11.107046203853645,0.5342741935483871,137.19486633691284,0.0,-0.11576202279972625,0.10300000000000004,follow,1
1786510465.6842606,11.355889594214815,0.5584677419354839,137.52527350562872,0.0,-0.09378774904955423,0.09,follow,1
1786510465.777436,11.58698981194954,0.939516129032258,139.43048149888725,0.0,0.06048470239891923,0.098,follow,1
1786510465.8594196,11.384743452521494,0.564516129032258,145.6972665699081,0.0,0.5644518399444987,0.10600000000000001,follow,1
1786510465.938363,11.57812684566453,0.5584677419354839,145.89305289604934,0.0,0.32554421840665093,0.10439539167654764,follow,1
1786510466.0374172,11.79441693551667,0.9637096774193549,140.89442324157994,0.0,-0.20670331843307554,0.11239539167654763,follow,1
1786510466.1121914,11.4613640624492,0.5040322580645161,132.3398796325634,0.0,-0.7886101200928793,0.09,follow,1
1786510466.2046397,11.83207188984726,0.9637096774193549,141.51874855728371,0.0,-0.14861012009287933,0.098,follow,1
1786510466.2890375,11.629315568736015,0.6794354838709677,141.82466074988736,0.0,0.0554122244425187,0.10600000000000001,follow,1
1786510466.3737423,11.670935267956862,0.6975806451612904,142.23462557727157,0.0,0.12076619300542679,0.11400000000000002,follow,1
1786510466.4607656,11.685323141372317,0.7338709677419355,142.39804029900895,0.0,0.12691141137323458,0.12200000000000003,follow,1
1786510466.5444708,11.6559057861722,0.655241935483871,142.06794764574298,0.0,0.05683858426028143,0.1253853057407641,follow,1
1786510466.6307952,11.6996722093852,0.8366935483870968,142.5768434340638,0.0,0.1645346527903172,0.11118405269681729,follow,1
1786510466.7213793,11.683508891116674,0.8669354838709677,142.54784155545096,0.0,0.13059575859848827,0.11847945757760446,follow,1
1786510466.8162487,11.564116762401381,0.9576612903225807,142.02492761978533,0.0,0.03424952225339639,0.12647945757760445,follow,1
1786510466.9137938,11.362601398157397,0.9334677419354839,142.49297715955183,0.0,0.145275742114239,0.12836700564986678,follow,1
1786510467.0173728,11.144844296897778,0.9516129032258064,142.47434934663315,0.0,0.13560504985273114,0.12206259359008109,follow,1
1786510467.1028626,10.824875212697227,0.5584677419354839,142.38348233342663,0.0,0.13192622812096844,0.11327442981487508,follow,1
1786510467.1852624,11.001404804408137,0.5584677419354839,146.00462489785465,0.0,0.5032072435219812,0.11816069294131834,follow,1
1786510467.2822456,11.249424096989523,0.9274193548387096,141.07888776314195,0.0,-0.1340731882281152,0.12616069294131835,follow,1
1786510467.3595586,11.058446062536595,0.5040322580645161,155.33085207475392,0.0,0.5059268117718848,0.09116069294131834,follow,1
1786510467.4538393,11.451300259831307,0.8911290322580645,141.561456559076,0.0,-0.1340731882281152,0.09916069294131835,follow,1
1786510467.537594,11.282693112109804,0.6612903225806451,141.81527595109793,0.0,0.22834549810874805,0.09,follow,1
1786510467.6197777,11.382047766732262,0.6915322580645161,141.2057271433115,0.0,0.17790548692815433,0.09,follow,1
1786510467.6987386,11.575050498568501,0.6915322580645161,140.44602720605994,0.0,0.08386258309047678,0.09779666977574435,follow,1
1786510467.781043,11.7487944968207,0.655241935483871,142.28237966179356,0.0,0.28213546188406,0.10579666977574434,follow,1
1786510467.8625362,11.869644248708312,0.7338709677419355,139.40142578233235,0.0,-0.043743579955467626,0.10342052885748615,follow,1
1786510467.9536912,11.942103327364872,0.7701612903225807,138.95604385590352,0.0,0.06641812115331702,0.09,follow,1
1786510468.0289428,11.75378585333113,0.5403225806451613,137.5710450924118,0.0,-0.04383147244566832,0.09,follow,1
1786510468.1162927,12.044625154746669,0.8487903225806451,136.89456572629697,0.0,-0.04042901522334008,0.09,follow,1
1786510468.1999161,11.917132981347912,0.5584677419354839,137.9187081508947,0.0,0.10410352421778568,0.098,follow,1
1786510468.2894049,11.909160833276761,0.564516129032258,139.50864779874217,0.0,0.2405474695633112,0.10600000000000001,follow,1
1786510468.3803744,11.775158794048522,0.8669354838709677,134.36391309198572,0.0,-0.32380461046510345,0.09721622479450953,follow,1
1786510468.4540842,11.6375288722524,0.5100806451612904,148.88734521292955,0.0,0.31619538953489656,0.09,follow,1
1786510468.5297918,12.019543723308887,0.5040322580645161,135.72933164396633,0.0,-0.32380461046510345,0.098,follow,1
1786510468.620693,12.256266880799465,0.8790322580645161,131.1170747872755,0.0,-0.4445021654638555,0.09,follow,1
1786510468.7008212,12.006828595132422,0.655241935483871,130.34744890182543,0.0,-0.091264126752436,0.09,follow,1
1786510468.7770965,12.054751638159754,0.4495967741935484,147.13082505729525,0.0,0.548735873247564,0.09,follow,1
1786510468.8640296,12.302975664822531,0.6370967741935484,129.40909972084359,0.0,-0.091264126752436,0.09,follow,1
1786510468.9469612,12.134899170094183,0.6975806451612904,127.67923485128955,0.0,-0.31894639506742295,0.09,follow,1
1786510469.0291815,12.142821822423386,0.7278225806451613,126.77342594114717,0.0,-0.3795086465634706,0.09,follow,1
1786510469.119236,12.125113174785751,0.7459677419354839,125.87897272403593,0.0,-0.4070609635210097,0.09,follow,1
1786510469.2044723,11.946259998236052,0.7762096774193549,125.23143511741755,0.0,-0.45217193008914686,0.09,follow,1
1786510469.285882,11.885695917783027,0.5342741935483871,131.90165710132231,0.0,0.18782806991085316,0.098,follow,1
1786510469.3637483,11.967544839232445,0.5524193548387096,129.415462184874,0.0,-0.3244543956568438,0.09120574796171652,follow,1
1786510469.4613678,12.151051165313469,0.8487903225806451,123.18909358682545,0.0,-0.8380062190645705,0.09,follow,1
1786510469.5440145,11.766973089238391,0.564516129032258,129.30460812772128,0.0,-0.1980062190645705,0.09424677631415765,follow,1
1786510469.6286662,11.838645653640292,0.5524193548387096,131.56902345553578,0.0,0.018075476965086934,0.10224677631415766,follow,1
1786510469.7199461,11.817099340363407,0.5584677419354839,126.82955934187848,0.0,-0.5429730179189175,0.09091977601140662,follow,1
1786510469.8089259,11.652903166123817,0.8366935483870968,121.39322728178718,0.0,-0.8803270751464106,0.09,follow,1
1786510469.8875182,11.549609804357807,0.5100806451612904,141.26164448144164,0.0,-0.2403270751464106,0.09,follow,1
1786510469.9814966,11.812662552162651,0.49193548387096775,131.76563377251833,0.0,-0.49840552408287697,0.098,follow,1
1786510470.0656543,11.557170077580253,0.4798387096774194,138.97900481453112,0.0,0.14159447591712304,0.09,follow,1
1786510470.1476295,11.597468199211432,0.7338709677419355,118.0393275530858,0.0,-0.49840552408287697,0.09,follow,1
1786510470.2285402,11.766710911951368,0.7459677419354839,117.51675187004295,0.0,-0.6178081374571504,0.09,follow,1
1786510470.3138041,11.885321306722501,0.625,117.64449318198977,0.0,-0.7890282229075598,0.09,follow,1
1786510470.3962948,11.827826897858806,0.6370967741935484,116.96008729174042,0.0,-0.8333494214378596,0.09,follow,1
1786510470.4863422,11.91456447108012,0.7338709677419355,115.46961005537906,0.0,-0.9578443952361732,0.09,follow,1
1786510470.5725963,11.761031098187598,0.7338709677419355,114.44216623720524,0.0,-1.0,0.09,follow,1
1786510470.6644366,11.733033450375066,0.752016129032258,114.00892980041132,0.0,-1.0,0.09,follow,1
1786510470.7517724,11.565897145295006,0.7762096774193549,113.83268403924257,0.0,-1.0,0.09,follow,1
1786510470.8329272,11.53570363808482,0.5342741935483871,115.42939502350346,0.0,-0.8878191598314823,0.09,follow,1
1786510470.9168453,11.642681865859021,0.5524193548387096,117.0599999999998,0.0,-0.801977178528144,0.09,follow,1
1786510471.0058022,11.758621033587183,0.7701612903225807,113.05979806080076,0.0,-1.0,0.09,follow,1
1786510471.098447,11.647076503617333,0.5584677419354839,121.61850568964867,0.0,-0.6373811915580189,0.098,follow,1
1786510471.1934667,11.450828046812683,0.8790322580645161,110.68813346847341,0.0,-1.0,0.09,follow,1
1786510471.2840333,11.283024776147556,0.9274193548387096,109.4104197486822,0.0,-1.0,0.09,follow,1
1786510471.3679216,11.204831829799364,0.6491935483870968,109.47613337058033,0.0,-0.9350914327820731,0.09,follow,1
1786510471.4485264,11.394309438394824,0.7036290322580645,108.35363967118829,0.0,-0.967843229516802,0.09,follow,1
1786510471.5179827,11.602728219197502,0.4737903225806452,136.3536396711883,0.0,-0.327843229516802,0.09,follow,1
1786510471.594959,12.14008506298109,0.45564516129032256,135.60913865546274,0.0,0.15708292728793016,0.09,follow,1
1786510471.6752837,12.323732642864782,0.685483870967742,107.60913865546274,0.0,-0.48291707271206985,0.09,follow,1
1786510471.7674108,12.333197226301424,0.685483870967742,107.29595576047922,0.0,-1.0,0.09,follow,1
1786510471.8519402,12.028751429420332,0.7036290322580645,107.66835226972242,0.0,-1.0,0.09,follow,1
1786510471.9404824,11.985849911685904,0.7278225806451613,107.17342583576755,0.0,-1.0,0.09,follow,1
1786510472.037068,11.865404120751556,0.752016129032258,106.88534914406551,0.0,-1.0,0.09,follow,1
1786510472.126682,11.57063877535329,0.7641129032258064,107.11458976688326,0.0,-1.0,0.09,follow,1
1786510472.2198584,11.42677497721675,0.8004032258064516,106.73846927350229,0.0,-1.0,0.09,follow,1
1786510472.308383,11.324642523483623,0.5403225806451613,108.43041743755757,0.0,-1.0,0.09,follow,1
1786510472.386011,11.334214419658558,0.5584677419354839,107.43234623312289,0.0,-1.0,0.09,follow,1
1786510472.4866288,11.645739981041196,0.8790322580645161,105.79390720334816,0.0,-1.0,0.09,follow,1
1786510472.580883,11.30757202893064,0.8850806451612904,105.8147935811683,0.0,-1.0,0.09,follow,1
1786510472.6679509,11.171855496206366,0.6008064516129032,106.35996075811951,0.0,-1.0,0.09,follow,1
1786510472.7580416,11.20274267553237,0.6129032258064516,106.2729425674726,0.0,-1.0,0.09,follow,1
1786510472.8512743,11.203292938622546,0.9334677419354839,103.87444100434428,0.0,-1.0,0.09,follow,1
1786510472.9396935,11.11697098421711,0.655241935483871,104.01294241506872,0.0,-1.0,0.09,follow,1
1786510473.0252821,11.154577559455042,0.6733870967741936,103.59234383281805,0.0,-1.0,0.09,follow,1
1786510473.1014447,11.196502497410743,0.4193548387096774,131.59234383281805,0.0,-0.934519302231357,0.09,follow,1
1786510473.1850255,11.655345239627039,0.4798387096774194,103.59234383281805,0.0,-1.0,0.09,follow,1
1786510473.2724094,11.717186286248763,0.7338709677419355,102.96480943280292,0.0,-1.0,0.09,follow,1
1786510473.3660128,11.659863763626149,0.752016129032258,103.00206318201671,0.0,-1.0,0.09,follow,1
1786510473.4482827,11.477539846422665,0.5221774193548387,108.02521104163745,0.0,-1.0,0.09,follow,1
1786510473.5272923,11.591207115028205,0.5221774193548387,103.7431195112708,0.0,-1.0,0.09,follow,1
1786510473.6179307,11.823958735576884,0.8306451612903225,102.66717135346707,0.0,-1.0,0.09,follow,1
1786510473.690222,11.659626979220947,0.564516129032258,105.16146589259816,0.0,-1.0,0.09,follow,1
1786510473.7652545,12.091531348761512,0.6068548387096775,103.26541008315994,0.0,-1.0,0.09,follow,1
1786510473.8666916,12.338024183398307,0.872983870967742,102.46176636494326,0.0,-1.0,0.09,follow,1
1786510473.9463217,11.826507323343364,0.5161290322580645,122.2482335999022,0.0,-1.0,0.09,follow,1
1786510474.02305,12.014605944526394,0.6491935483870968,103.47621249470464,0.0,-1.0,0.09,follow,1
1786510474.1212244,12.216919127381143,0.8306451612903225,104.0102508120056,0.0,-1.0,0.09,follow,1
1786510474.208014,11.80052821930157,0.6915322580645161,103.40582691508823,0.0,-1.0,0.09,follow,1
1786510474.2965636,11.743734533043186,0.6129032258064516,103.98402081315984,0.0,-1.0,0.09,follow,1
1786510474.37588,11.65254687166853,0.49193548387096775,107.17315715414193,0.0,-1.0,0.09,follow,1
1786510474.463663,11.806926390993198,0.49798387096774194,104.33812931254752,0.0,-1.0,0.09,follow,1
1786510474.5566137,11.75661049729149,0.8790322580645161,103.02353264293879,0.0,-1.0,0.09,follow,1
1786510474.6472924,11.559623847668018,0.7399193548387096,103.2914250222392,0.0,-1.0,0.09,follow,1
1786510474.73647,11.463262424709445,0.7641129032258064,103.52882688828802,0.0,-1.0,0.09,follow,1
1786510474.8259048,11.403781800635675,0.7762096774193549,103.87753755079592,0.0,-1.0,0.09,follow,1
1786510474.916274,11.368308390111778,0.5342741935483871,101.46120529617798,0.0,-1.0,0.09,follow,1
1786510475.0096328,11.295757542291549,0.5524193548387096,102.76835003232043,0.0,-1.0,0.09,follow,1
1786510475.0932703,11.189097436085566,0.5766129032258065,104.39045043007206,0.0,-1.0,0.09,follow,1
1786510475.1874824,11.324693013439948,0.5463709677419355,110.02974215217913,0.0,-1.0,0.09285819660808753,follow,1
1786510475.2747498,11.181754340506465,0.5282258064516129,114.68286238892092,0.0,-1.0,0.10085819660808754,follow,1
1786510475.3642523,11.247199446413017,0.5161290322580645,118.47799123693963,0.0,-0.854049926038482,0.10885819660808754,follow,1
1786510475.4634197,11.235983213313352,0.6068548387096775,105.0283759503672,0.0,-1.0,0.09,follow,1
1786510475.5564387,11.006830181098586,0.6794354838709677,105.17811616572561,0.0,-1.0,0.09,follow,1
1786510475.647646,10.917116964147082,0.6915322580645161,105.12221964391597,0.0,-1.0,0.09,follow,1
1786510475.7335372,10.968001113391491,0.49193548387096775,107.42754217861606,0.0,-1.0,0.09,follow,1
1786510475.81996,11.106478777125389,0.625,106.26721500339951,0.0,-1.0,0.09,follow,1
1786510475.9016352,11.192315885166328,0.49798387096774194,107.83745052451748,0.0,-1.0,0.09,follow,1
1786510475.9982204,11.406559794056774,0.7399193548387096,106.51999612804073,0.0,-1.0,0.09,follow,1
1786510476.0835884,11.190467513996511,0.5161290322580645,105.33767645397984,0.0,-1.0,0.09,follow,1
1786510476.1843762,11.301937620880551,0.7762096774193549,106.41546084453556,0.0,-1.0,0.09,follow,1
1786510476.2796206,11.021886465547144,0.7217741935483871,107.72013670872762,0.0,-1.0,0.09,follow,1
1786510476.37125,10.910582250695288,0.5524193548387096,109.56819327731084,0.0,-1.0,0.09,follow,1
1786510476.4706225,10.927726011210037,0.7762096774193549,107.52186104669589,0.0,-1.0,0.09,follow,1
1786510476.5705125,10.731677499924917,0.5584677419354839,113.94113134368368,0.0,-1.0,0.098,follow,1
1786510476.664361,10.601935824549265,0.564516129032258,107.6088747545464,0.0,-1.0,0.09,follow,1
1786510476.7572095,10.595559080843891,0.7399193548387096,109.29119990992743,0.0,-1.0,0.09,follow,1
1786510476.8484602,10.623521483674587,0.6431451612903225,107.49209344759731,0.0,-1.0,0.09,follow,1
1786510476.9388866,10.72059142541289,0.7157258064516129,107.4012171705709,0.0,-1.0,0.09,follow,1
1786510477.0225873,10.792973884557744,0.7338709677419355,107.28956818783524,0.0,-1.0,0.09,follow,1
1786510477.1091456,10.999000120970035,0.7883064516129032,79.28956818783524,0.0,-1.0,0.09,follow,1
1786510477.2023628,11.103551476076095,0.8004032258064516,51.28956818783524,0.0,-1.0,0.09,follow,1
1786510477.2882316,11.05554756933686,0.6491935483870968,79.28956818783524,0.0,-1.0,0.09,follow,1
1786510477.3828776,11.162562798255983,0.8125,107.28956818783524,0.0,-1.0,0.09,follow,1
1786510477.471331,11.050259892568711,0.5584677419354839,109.12755267564208,0.0,-0.8740660400611305,0.09,follow,1
1786510477.5765781,11.103146025089437,0.7762096774193549,108.73388266671469,0.0,-1.0,0.09,follow,1
1786510477.6711023,10.782519543728187,0.8064516129032258,108.89842805429468,0.0,-1.0,0.09,follow,1
1786510477.762715,10.74268059861342,0.564516129032258,108.98622613051108,0.0,-1.0,0.09,follow,1
1786510477.853506,10.752329071852003,0.8790322580645161,109.41691442602104,0.0,-1.0,0.09,follow,1
1786510477.947797,10.823529520069158,0.5705645161290323,113.00270484232753,0.0,-1.0,0.09,follow,1
1786510478.035528,10.773129683248595,0.5524193548387096,113.70750207775293,0.0,-1.0,0.09,follow,1
1786510478.1289432,10.906047125864768,0.872983870967742,110.969263938023,0.0,-1.0,0.09,follow,1
1786510478.2267032,10.864246452830406,0.5887096774193548,111.19757616350162,0.0,-1.0,0.09,follow,1
1786510478.319101,10.738430307565917,0.49798387096774194,119.89888769766848,0.0,-0.8387889091251329,0.098,follow,1
1786510478.414069,10.760499284178728,0.7217741935483871,113.43348893777757,0.0,-1.0,0.09188081517352088,follow,1
1786510478.506603,10.71164944288142,0.6431451612903225,112.02087166564772,0.0,-1.0,0.09,follow,1
1786510478.6116896,10.688272643575598,0.8790322580645161,112.37680561790299,0.0,-1.0,0.09,follow,1
1786510478.7009254,10.483345872408345,0.49193548387096775,116.07007751555251,0.0,-1.0,0.098,follow,1
1786510478.7905824,10.627969080897449,0.5100806451612904,115.31741079869218,0.0,-1.0,0.09,follow,1
1786510478.8863385,10.742965371631234,0.5161290322580645,116.70477941337327,0.0,-1.0,0.09,follow,1
1786510478.9816241,10.6685005199543,0.5282258064516129,112.46981961146929,0.0,-1.0,0.09,follow,1
1786510479.0721674,10.640471276063353,0.5342741935483871,117.84038698735672,0.0,-1.0,0.098,follow,1
1786510479.1756332,10.671691502423354,0.8608870967741936,115.0690192445857,0.0,-1.0,0.09,follow,1
1786510479.2690148,10.497921468727023,0.564516129032258,115.50637515770683,0.0,-1.0,0.09,follow,1
1786510479.3740842,10.565348170668873,0.5887096774193548,113.88026885395296,0.0,-1.0,0.09,follow,1
1786510479.4722102,10.33679868474914,0.7883064516129032,118.02502717481394,0.0,-1.0,0.09,follow,1
1786510479.5758846,10.327870046398195,0.5584677419354839,124.24384871510267,0.0,-0.7179659597762031,0.098,follow,1
1786510479.6642497,10.189539270911483,0.5463709677419355,123.611941457433,0.0,-1.0,0.10600000000000001,follow,1
1786510479.7674026,10.41575837746955,0.8790322580645161,118.2359759012741,0.0,-1.0,0.09,follow,1
1786510479.8550537,10.256818465944482,0.594758064516129,118.71404841736118,0.0,-1.0,0.09,follow,1
1786510479.9428859,10.46795154926717,0.5040322580645161,132.52359835286666,0.0,-0.5307147135312421,0.098,follow,1
1786510480.0313845,10.694536545357112,0.467741935483871,149.40788626972753,0.0,0.1092852864687579,0.09,follow,1
1786510480.125176,10.816104246400869,0.6673387096774193,121.40788626972753,0.0,-0.5307147135312421,0.09,follow,1
1786510480.2166111,10.775880553649348,0.6794354838709677,120.01382703606994,0.0,-1.0,0.09,follow,1
1786510480.3111117,10.807461666411228,0.5282258064516129,122.07296204412188,0.0,-0.9543237636054414,0.09,follow,1
1786510480.4030993,10.744882901882173,0.5342741935483871,123.96881745297551,0.0,-0.9745686572489806,0.098,follow,1
1786510480.4933045,10.781635416466916,0.5463709677419355,123.04909070010986,0.0,-1.0,0.09,follow,1
1786510480.5791497,10.84860692836001,0.5463709677419355,125.56427409261597,0.0,-0.855110828505998,0.098,follow,1
1786510480.6679533,11.022661150268704,0.5766129032258065,123.34462586679601,0.0,-1.0,0.09,follow,1
1786510480.7624831,11.06122414038514,0.5887096774193548,124.92872021354285,0.0,-0.92316246086044,0.09,follow,1
1786510480.8434067,10.960578690890964,0.594758064516129,124.99447715377963,0.0,-0.9978083070997733,0.09,follow,1
1786510480.9328659,11.244494441737464,0.782258064516129,125.02930797960036,0.0,-1.0,0.09,follow,1
1786510481.0283701,11.234004456532794,0.5584677419354839,138.2386347282016,0.0,-0.3837809762929679,0.09,follow,1
1786510481.1121256,11.087397143221954,0.5463709677419355,136.50531940435727,0.0,-0.4550784321692316,0.098,follow,1
1786510481.2071464,11.229158925502285,0.8790322580645161,125.70989584696312,0.0,-1.0,0.09,follow,1
1786510481.2861784,11.078836584162609,0.5100806451612904,143.25302207718744,0.0,-0.4550784321692315,0.09,follow,1
1786510481.3846467,11.41511853544659,0.9334677419354839,171.25302207718744,0.0,0.18492156783076852,0.09,follow,1
1786510481.466336,11.180118211869726,0.625,143.25302207718744,0.0,-0.4550784321692315,0.09,follow,1
1786510481.5568454,11.379797107033852,0.842741935483871,124.79865587284576,0.0,-1.0,0.09,follow,1
1786510481.6475077,11.323719979252791,0.6431451612903225,125.57985838788068,0.0,-0.8862558102427932,0.09,follow,1
1786510481.7346897,11.26375439082687,0.5221774193548387,124.98531134549701,0.0,-0.9427741294135685,0.09,follow,1
1786510481.823978,11.299257079893748,0.685483870967742,126.2453366689087,0.0,-0.8617882707136522,0.09,follow,1
1786510481.9266608,11.27719106197877,0.939516129032258,154.2453366689087,0.0,-0.22178827071365215,0.09,follow,1
1786510482.0139694,10.96807683476841,0.6612903225806451,130.36395940300494,0.0,-0.8617882707136522,0.098,follow,1
1786510482.1172543,11.05851745057716,0.7157258064516129,127.47105985287199,0.0,-1.0,0.09,follow,1
1786510482.2155058,10.689918132728643,0.752016129032258,127.55137719697538,0.0,-0.8957073331739388,0.09,follow,1
1786510482.3134403,10.711742081147534,0.9334677419354839,155.55137719697538,0.0,-0.2557073331739388,0.09,follow,1
1786510482.405608,10.607716560967965,0.6068548387096775,127.55137719697538,0.0,-0.8957073331739388,0.09,follow,1
1786510482.5024893,10.62982305974646,0.8790322580645161,127.42933596903194,0.0,-0.94789983407244,0.09,follow,1
1786510482.5899506,10.594125283314275,0.5766129032258065,135.72707229877028,0.0,-0.30789983407244004,0.098,follow,1
1786510482.679913,10.760624492397909,0.564516129032258,139.23772375423317,0.0,-0.11637173318384053,0.10427584896847437,follow,1
1786510482.7838087,10.835779126545455,0.9334677419354839,167.23772375423317,0.0,0.5236282668161595,0.09,follow,1
1786510482.86823,10.59690013800542,0.5524193548387096,139.23772375423317,0.0,-0.11637173318384053,0.098,follow,1
1786510482.9680154,10.84931380998167,0.939516129032258,167.23772375423317,0.0,0.5236282668161595,0.09,follow,1
1786510483.0637355,10.67486230049997,0.939516129032258,195.23772375423317,0.0,1.0,0.09,follow,1
1786510483.1492436,10.636884658091732,0.7278225806451613,167.23772375423317,0.0,0.5236282668161595,0.09,follow,1
1786510483.2489707,10.81461991323056,0.9334677419354839,195.23772375423317,0.0,1.0,0.09,follow,1
1786510483.3316536,10.6752344182815,0.6673387096774193,167.23772375423317,0.0,0.5236282668161595,0.09,follow,1
1786510483.417235,10.96853657671912,0.7459677419354839,139.23772375423317,0.0,-0.11637173318384053,0.09,follow,1
1786510483.5226202,11.10046092823021,0.939516129032258,167.23772375423317,0.0,0.5236282668161595,0.09,follow,1
1786510483.621023,10.78757366787315,0.939516129032258,195.23772375423317,0.0,1.0,0.09,follow,1
1786510483.7259245,10.64445974468362,0.939516129032258,207.3888155363399,0.0,1.0,0.09,follow,1
1786510483.816157,10.415639148175664,0.5463709677419355,179.3888155363399,0.0,1.0,0.09,follow,1
1786510483.917988,10.581293203989762,0.939516129032258,207.3888155363399,0.0,1.0,0.09,follow,1
1786510484.0220273,10.392222678846727,0.939516129032258,207.6936240659364,0.0,1.0,0.09,follow,1
1786510484.1047544,10.270451198969582,0.6129032258064516,179.6936240659364,0.0,1.0,0.09,follow,1
1786510484.1874828,10.636688174098126,0.5887096774193548,151.6936240659364,0.0,1.0,0.098,follow,1
1786510484.2762487,10.926741579180778,0.5766129032258065,130.02520000963375,0.0,0.5236282668161595,0.10600000000000001,follow,1
1786510484.3625567,10.995136513959073,0.5524193548387096,127.50807692307663,0.0,-0.11637173318384053,0.11400000000000002,follow,1
1786510484.4484706,11.108198597099982,0.5463709677419355,125.51497688437047,0.0,-0.7563717331838405,0.12200000000000003,follow,1
1786510484.5323486,11.194179791137826,0.5342741935483871,125.72861249032456,0.0,-0.7863096080137624,0.12493587132494337,follow,1
1786510484.6204932,11.366868751648736,0.594758064516129,117.20296147760085,0.0,-1.0,0.09,follow,1
1786510484.709569,11.359622229994788,0.48588709677419356,124.73845206418963,0.0,-0.7504721166480451,0.098,follow,1
1786510484.7915986,11.335245044099894,0.4737903225806452,150.0517744465127,0.0,-0.11047211664804513,0.09,follow,1
1786510484.8754342,11.502874672613043,0.4495967741935484,142.9466642228769,0.0,0.08307431963412604,0.09,follow,1
1786510484.9624958,11.579349653932509,0.6612903225806451,114.9466642228769,0.0,-0.556925680365874,0.09,follow,1
1786510485.042981,11.53018482407228,0.5342741935483871,103.6549491211845,0.0,-1.0,0.09,follow,1
1786510485.139244,11.759769894053822,0.6975806451612904,103.24838247042997,0.0,-1.0,0.09,follow,1
1786510485.2238712,11.461991045709572,0.5403225806451613,99.07340755913845,0.0,-1.0,0.09,follow,1
1786510485.3088617,11.556615387459406,0.5524193548387096,97.23120094191538,0.0,-1.0,0.09,follow,1
1786510485.3964167,11.592576586558899,0.5584677419354839,97.90307782909963,0.0,-1.0,0.098,follow,1
1786510485.4888334,11.557617398684728,0.5705645161290323,90.06678541584192,0.0,-1.0,0.09,follow,1
1786510485.5835662,11.412296880986236,0.9334677419354839,90.3720859413281,0.0,-1.0,0.09,follow,1
1786510485.6700923,11.238111877681622,0.6129032258064516,86.92154042758804,0.0,-1.0,0.09,follow,1
1786510485.750174,11.299786860324746,0.5887096774193548,86.96323194349488,0.0,-1.0,0.09,follow,1
1786510485.836373,11.535767660873306,0.5826612903225806,89.52486247064178,0.0,-1.0,0.098,follow,1
1786510485.9209836,11.56521602537946,0.5584677419354839,90.6597163103267,0.0,-1.0,0.10259524722087565,follow,1
1786510486.002434,11.617239470903002,0.5463709677419355,92.60045273428476,0.0,-1.0,0.10564783399339321,follow,1
1786510486.0877807,11.748180802692232,0.5463709677419355,91.50598196725485,0.0,-1.0,0.1022265263874212,follow,1
1786510486.1733012,11.710579743198226,0.5161290322580645,100.60126237092915,0.0,-1.0,0.09,follow,1
1786510486.2663083,11.694295514310085,0.5040322580645161,96.41986062717686,0.0,-1.0,0.09,follow,1
1786510486.3481498,11.520745223779755,0.48588709677419356,98.65928585344489,0.0,-1.0,0.09,follow,1
1786510486.4238703,11.648722702535087,0.45564516129032256,107.8232429335371,0.0,-0.6088405119587056,0.09,follow,1
1786510486.5116253,12.001368356231627,0.6491935483870968,87.39801775265988,0.0,-1.0,0.09,follow,1
1786510486.5964577,11.876461693724384,0.6794354838709677,87.67127440042287,0.0,-1.0,0.09,follow,1
1786510486.684323,11.870472296448407,0.6975806451612904,87.95855053683825,0.0,-1.0,0.09,follow,1
1786510486.7605028,11.771475218443658,0.5342741935483871,89.05957729993028,0.0,-1.0,0.09,follow,1
1786510486.8436637,12.011633182340175,0.5524193548387096,89.7839274171208,0.0,-1.0,0.098,follow,1
1786510486.936165,12.006161287615102,0.8487903225806451,88.71440682591283,0.0,-1.0,0.09,follow,1
1786510487.031636,11.787558403971127,0.8608870967741936,89.05397481495717,0.0,-1.0,0.09,follow,1
1786510487.1174824,11.526344347130067,0.5766129032258065,90.71512947220529,0.0,-1.0,0.098,follow,1
1786510487.2056592,11.539190440399267,0.6008064516129032,89.63103678981143,0.0,-1.0,0.09,follow,1
1786510487.2937007,11.4794641042396,0.6431451612903225,90.21357765368924,0.0,-1.0,0.09,follow,1
1786510487.3938348,11.483751282835447,0.9758064516129032,89.70356117303342,0.0,-1.0,0.09,follow,1
1786510487.4759603,11.167231180693067,0.594758064516129,92.56204915082495,0.0,-1.0,0.098,follow,1
1786510487.5559716,11.396932440145825,0.5826612903225806,94.24596747729822,0.0,-1.0,0.10600000000000001,follow,1
1786510487.642432,11.6175303272113,0.5705645161290323,99.57411561185155,0.0,-1.0,0.09680503884635151,follow,1
1786510487.719469,11.615859214428061,0.5524193548387096,95.05808431064699,0.0,-1.0,0.1048050388463515,follow,1
1786510487.7999337,11.865562086020345,0.5403225806451613,94.8681443391419,0.0,-1.0,0.1078894738486906,follow,1
1786510487.8958886,11.994789794748083,0.5221774193548387,105.2812006865984,0.0,-0.9360788649863855,0.09,follow,1
1786510487.9803488,11.667626781961296,0.49798387096774194,104.6398418654519,0.0,-1.0,0.09,follow,1
1786510488.0696552,11.679331375593591,0.6975806451612904,93.91698454763339,0.0,-1.0,0.09,follow,1
1786510488.1542695,11.620402585864005,0.7278225806451613,94.48288292813606,0.0,-1.0,0.09,follow,1
1786510488.2445161,11.65385847191132,0.7459677419354839,94.77952120133644,0.0,-1.0,0.09,follow,1
1786510488.3300374,11.54741180248602,0.7217741935483871,95.32904287584509,0.0,-1.0,0.09,follow,1
1786510488.4146228,11.521059250855215,0.5826612903225806,97.0721842485,0.0,-1.0,0.09125783679201065,follow,1
1786510488.503041,11.54888281249507,0.6068548387096775,97.85734926368441,0.0,-1.0,0.09925783679201064,follow,1
1786510488.5873287,11.552900879558925,0.6189516129032258,98.40444567935539,0.0,-1.0,0.10725783679201065,follow,1
1786510488.6721334,11.634852081985972,0.6491935483870968,98.4185314685314,0.0,-1.0,0.10140282203154657,follow,1
1786510488.7583795,11.6798526630737,0.685483870967742,98.32844838374938,0.0,-1.0,0.09,follow,1
1786510488.847766,11.617948802617022,0.6612903225806451,100.00322085060802,0.0,-1.0,0.098,follow,1
1786510488.9302049,11.571784021440065,0.6915322580645161,100.97175641781092,0.0,-1.0,0.10600000000000001,follow,1
1786510489.029544,11.676406587350957,0.7217741935483871,101.35798349718246,0.0,-1.0,0.1121919999780585,follow,1
1786510489.1198766,11.336684830568094,0.7278225806451613,101.744513784387,0.0,-1.0,0.12019199997805849,follow,1
1786510489.2184346,11.310455803676458,0.969758064516129,100.68938309039817,0.0,-1.0,0.09,follow,1
1786510489.306385,11.078050029828198,0.6794354838709677,103.79546986105642,0.0,-1.0,0.098,follow,1
1786510489.3972774,11.140821696192067,0.6733870967741936,105.36452191409316,0.0,-1.0,0.10600000000000001,follow,1
1786510489.4845119,11.111836966203846,0.6491935483870968,105.05398283674198,0.0,-1.0,0.11400000000000002,follow,1
1786510489.5706851,11.176248687562989,0.6310483870967742,106.42644888163133,0.0,-1.0,0.12200000000000003,follow,1
1786510489.654668,11.242136961744151,0.6310483870967742,109.52271544117791,0.0,-0.8814048816786341,0.12960655583135558,follow,1
1786510489.7416282,11.353237827029696,0.6189516129032258,109.54582366069423,0.0,-1.0,0.12541162929166486,follow,1
1786510489.8205385,11.408540320050406,0.594758064516129,109.16152769682597,0.0,-1.0,0.12252953931447888,follow,1
1786510489.9033725,11.690460548918177,0.5766129032258065,113.4063140214084,0.0,-0.6540499669580974,0.12006558710613803,follow,1
1786510489.9853501,11.761412220750634,0.5705645161290323,116.72753661432924,0.0,-0.5296121359341146,0.10432708738604643,follow,1
1786510490.0685067,11.853538394174459,0.5463709677419355,118.23319021225485,0.0,-0.5437719526175524,0.11110153292133987,follow,1
1786510490.150961,11.888757591084469,0.5221774193548387,125.40045327747785,0.0,0.09004244440015052,0.09,follow,1
1786510490.2308807,11.932464231143229,0.48588709677419356,124.7611512173775,0.0,-0.31433217649582734,0.09,follow,1
1786510490.3095827,12.005887301051487,0.4616935483870968,146.21551421551405,0.0,0.32566782350417267,0.09,follow,1
1786510490.403686,12.182325389218772,0.6673387096774193,118.21551421551405,0.0,-0.31433217649582734,0.09,follow,1
1786510490.4914126,11.8776628853998,0.7701612903225807,112.54173862954823,0.0,-0.9543321764958274,0.09,follow,1
1786510490.5694385,11.77784523269564,0.5403225806451613,115.58760289036994,0.0,-0.7499213941694788,0.098,follow,1
1786510490.6605327,11.932253156365306,0.564516129032258,116.5699566957891,0.0,-0.8200071685455297,0.10600000000000001,follow,1
1786510490.7476346,11.7823926770054,0.6129032258064516,115.79896605657025,0.0,-0.9247633349050625,0.09,follow,1
1786510490.8368387,11.721037594109852,0.5887096774193548,118.77838669950748,0.0,-0.6398595793119916,0.098,follow,1
1786510490.919233,11.601760854072825,0.6129032258064516,116.75429766518384,0.0,-0.9753564998441797,0.09,follow,1
1786510491.0128286,11.718485462792508,0.8185483870967742,118.03358253142332,0.0,-0.7943063093369894,0.098,follow,1
1786510491.098718,11.524286803044943,0.6129032258064516,123.83229604163324,0.0,-0.3182489048020334,0.10600000000000001,follow,1
1786510491.1823034,11.538614014355632,0.594758064516129,122.41316610425179,0.0,-0.6833071245938611,0.11400000000000002,follow,1
1786510491.261768,11.620919354429352,0.5826612903225806,122.07172956691325,0.0,-0.6589717444149474,0.12200000000000003,follow,1
1786510491.3420777,11.769283371576009,0.5584677419354839,126.38118208095986,0.0,-0.20653286528257686,0.11843292760122291,follow,1
1786510491.42059,11.931833385778098,0.5463709677419355,125.3021952185131,0.0,-0.486934218607295,0.12407259585714744,follow,1
1786510491.4989736,12.124035971920977,0.5342741935483871,123.618640148011,0.0,-0.6018843817757398,0.12900296625944058,follow,1
1786510491.5758343,12.249276524641308,0.5221774193548387,130.26351406411894,0.0,0.03811561822426024,0.09400296625944057,follow,1
1786510491.658211,12.37492932237709,0.6794354838709677,116.02131580429577,0.0,-0.6018843817757398,0.09,follow,1
1786510491.7450573,12.31311119725078,0.48588709677419356,128.76515870071688,0.0,0.03811561822426024,0.098,follow,1
1786510491.820801,12.187615595694243,0.467741935483871,156.76515870071688,0.0,0.6781156182242603,0.09,follow,1
1786510491.8993444,12.381501074830945,0.4375,128.76515870071688,0.0,0.03811561822426024,0.098,follow,1
1786510491.9898443,12.383875858370027,0.6612903225806451,117.03077444180418,0.0,-0.6018843817757398,0.09,follow,1
1786510492.0762875,12.183614318980899,0.6794354838709677,117.27143941672666,0.0,-0.830121501619819,0.09,follow,1
1786510492.1661358,12.021874269971311,0.7157258064516129,117.373960483221,0.0,-0.8565291649954768,0.09,follow,1
1786510492.249616,11.876268445809837,0.5463709677419355,117.52683443590182,0.0,-0.8332078895660056,0.09,follow,1
1786510492.3338263,11.881719544296258,0.5584677419354839,120.33181296901927,0.0,-0.627433378802364,0.098,follow,1
1786510492.4185126,11.879612487450224,0.5826612903225806,115.80274069966214,0.0,-1.0,0.09,follow,1
1786510492.507777,11.873803110010366,0.8790322580645161,115.9450437106939,0.0,-0.9292881389584541,0.09,follow,1
1786510492.5974016,11.735646971700811,0.9576612903225807,115.35675301338951,0.0,-0.9822648460689835,0.09,follow,1
1786510492.6794298,11.63503135304014,0.594758064516129,116.02992967382117,0.0,-0.8988091773676077,0.098,follow,1
1786510492.7592535,11.73605782765874,0.5826612903225806,116.0361853031663,0.0,-0.9294910388666282,0.09989890928456611,follow,1
1786510492.838929,11.864261582052329,0.5766129032258065,118.57275345199852,0.0,-0.6656743912828316,0.10789890928456611,follow,1
1786510492.9186695,12.034335707611406,0.5584677419354839,119.8947067361049,0.0,-0.6363810465118904,0.11589890928456612,follow,1
1786510493.0004506,12.101196738015856,0.5463709677419355,113.91975798830114,0.0,-1.0,0.09222298294815662,follow,1
1786510493.0867167,12.143888431056082,0.5403225806451613,121.29202505238933,0.0,-0.6363810465118905,0.10022298294815662,follow,1
1786510493.1725836,12.019072247673734,0.5100806451612904,126.82810439702374,0.0,0.001316142316873381,0.09,follow,1
1786510493.2494433,11.969028249470233,0.49193548387096775,118.19982119934033,0.0,-0.6386838576831266,0.098,follow,1
1786510493.3242397,12.182563806008428,0.4798387096774194,130.44407210854598,0.0,0.001316142316873381,0.09,follow,1
1786510493.4096572,12.430445812449497,0.6370967741935484,113.72991264447926,0.0,-0.6386838576831266,0.09,follow,1
1786510493.4947178,12.26403438454859,0.6491935483870968,114.31925300610281,0.0,-0.8668129992856949,0.09,follow,1
1786510493.5689986,12.173634348052367,0.4254032258064516,142.31925300610283,0.0,-0.22681299928569487,0.09,follow,1
1786510493.6551108,12.43101082456474,0.7641129032258064,115.77850066645726,0.0,-0.8668129992856949,0.09,follow,1
1786510493.740509,12.230253968046206,0.7762096774193549,116.34759396835892,0.0,-0.7928954526524091,0.09,follow,1
1786510493.8275084,12.161011787640561,0.7096774193548387,117.03036934615872,0.0,-0.8338341709876615,0.09,follow,1
1786510493.91319,11.968040703812067,0.5524193548387096,117.97000000000001,0.0,-0.7697605777436263,0.09,follow,1
1786510493.997359,11.9764614896235,0.564516129032258,121.21289237030075,0.0,-0.5550022153816625,0.098,follow,1
1786510494.0919874,11.94298465358062,0.7943548387096775,118.48394927820934,0.0,-0.9347662548502075,0.09,follow,1
1786510494.1862245,11.683111727270798,0.7641129032258064,119.13418576964993,0.0,-0.780209955108488,0.09715114312323027,follow,1
1786510494.2784536,11.468161034610507,0.7883064516129032,119.5019654115741,0.0,-0.7808494518646476,0.09799421421883911,follow,1
1786510494.3696935,11.335450947612086,0.625,119.34931009355041,0.0,-0.8124111312098177,0.09,follow,1
1786510494.4606981,11.276693255937172,0.6189516129032258,121.79281047090615,0.0,-0.5710451755977999,0.098,follow,1
1786510494.5523906,11.212127839040278,0.6008064516129032,120.94858346919332,0.0,-0.7518978217804527,0.10600000000000001,follow,1
1786510494.6350913,11.158168136958732,0.594758064516129,121.63319058897979,0.0,-0.6365951101377693,0.11400000000000002,follow,1
1786510494.7283368,11.31884529734787,0.8790322580645161,118.2373503580135,0.0,-1.0,0.09837555853993049,follow,1
1786510494.820878,11.203332424219042,0.5584677419354839,127.6008842433921,0.0,-0.36646821555337794,0.09243102739266536,follow,1
1786510494.9036741,11.131020547222995,0.5403225806451613,121.84138658932446,0.0,-0.8756129824854255,0.10043102739266535,follow,1
1786510494.9855547,11.30155898663998,0.5342741935483871,127.6059228039046,0.0,-0.2356129824854255,0.10843102739266536,follow,1
1786510495.0687478,11.481402770218999,0.5161290322580645,130.66488877654203,0.0,-0.031152377612171045,0.09443476303858546,follow,1
1786510495.1524565,11.615270873703036,0.49798387096774194,134.82022246046787,0.0,0.23538610426903395,0.09,follow,1
1786510495.2355456,11.675048822427055,0.4737903225806452,135.76585695006793,0.0,0.15372303690526712,0.09,follow,1
1786510495.3185952,11.759963574209461,0.6431451612903225,120.25752475136798,0.0,-0.4862769630947329,0.09,follow,1
1786510495.4021714,11.805982667769785,0.6491935483870968,120.87577082706576,0.0,-0.6639514100365829,0.09,follow,1
1786510495.485564,11.777086425667399,0.6733870967741936,120.81828580176727,0.0,-0.7214116144623183,0.09,follow,1
1786510495.573442,11.880458811399084,0.7036290322580645,121.25907917955493,0.0,-0.6507785924423887,0.09,follow,1
1786510495.660057,11.78188795986678,0.5584677419354839,123.90586339615672,0.0,-0.520038252415508,0.098,follow,1
1786510495.7497268,11.744239809899364,0.7217741935483871,121.4276141912717,0.0,-0.8343012488741366,0.09,follow,1
1786510495.8402512,11.628453325735144,0.7338709677419355,121.71245692191576,0.0,-0.7450989142520625,0.09,follow,1
1786510495.937955,11.510403220677668,0.5887096774193548,123.77819106936585,0.0,-0.5576724045544201,0.09,follow,1
1786510496.022716,11.245591083121962,0.6008064516129032,122.95161339936665,0.0,-0.7282189630448082,0.09,follow,1
1786510496.1167793,11.326494660240531,0.8850806451612904,122.78969381545417,0.0,-0.72149316898795,0.09,follow,1
1786510496.2127302,11.207025734596407,0.9274193548387096,122.83266029656343,0.0,-0.7470568804234213,0.09,follow,1
1786510496.2978272,11.066146175941425,0.6008064516129032,128.00307607124182,0.0,-0.2554344200869739,0.098,follow,1
1786510496.3855898,11.191511062389502,0.5826612903225806,126.70694983599654,0.0,-0.5590173003254938,0.10600000000000001,follow,1
1786510496.471293,11.243733682793538,0.5705645161290323,131.1623491812168,0.0,-0.046369945884049635,0.09703113510303954,follow,1
1786510496.561274,11.309767709115173,0.5584677419354839,131.7477918308106,0.0,-0.1540216810912568,0.09,follow,1
1786510496.6478703,11.2764730038729,0.5463709677419355,129.21569295803496,0.0,-0.4178595645519293,0.098,follow,1
1786510496.7297049,11.34076784040476,0.5221774193548387,132.8486445680042,0.0,0.037794109919797814,0.09112975048283606,follow,1
1786510496.8120036,11.481771401472532,0.5100806451612904,136.27410847802332,0.0,0.2217786055092824,0.09,follow,1
1786510496.8925645,11.614844709534186,0.48588709677419356,141.8834517839648,0.0,0.6258134596987823,0.09,follow,1
1786510496.9719262,11.813777538795348,0.685483870967742,121.05727667870741,0.0,-0.014186540301217687,0.09,follow,1
1786510497.047922,11.965630871117385,0.45564516129032256,149.0572766787074,0.0,0.6258134596987823,0.09,follow,1
1786510497.1202261,12.2002470367267,0.4314516129032258,174.8853934927732,0.0,1.0,0.09,follow,1
1786510497.1994698,12.52268328413201,0.5221774193548387,146.8853934927732,0.0,0.6258134596987822,0.09,follow,1
1786510497.2836132,12.527662680816979,0.5403225806451613,122.32322986086211,0.0,-0.014186540301217798,0.09,follow,1
1786510497.3748255,12.405880850290572,0.6915322580645161,122.13155899484279,0.0,-0.6541865403012178,0.09,follow,1
1786510497.4666147,12.11355977647733,0.7157258064516129,122.0371041350389,0.0,-0.7488000004970443,0.09,follow,1
1786510497.5632796,11.879141570039138,0.564516129032258,124.411984547085,0.0,-0.5322595393105997,0.098,follow,1
1786510497.6508267,11.580803431832337,0.5766129032258065,119.64408652144428,0.0,-1.0,0.09,follow,1
1786510497.7370596,11.547340947704495,0.594758064516129,120.67062967178336,0.0,-0.7669502612068564,0.09,follow,1
1786510497.826147,11.558986306820007,0.6370967741935484,119.14759419008399,0.0,-0.9443592962069146,0.09,follow,1
1786510497.9068675,11.482174125138393,0.6189516129032258,120.94834074493285,0.0,-0.7032769259330154,0.09,follow,1
1786510497.9879386,11.65503725314565,0.6008064516129032,121.38318619459228,0.0,-0.7087664730890187,0.098,follow,1
1786510498.064556,11.802789588769954,0.594758064516129,120.72825836841201,0.0,-0.7756859226556556,0.10600000000000001,follow,1
1786510498.1462188,12.045955670700666,0.5826612903225806,119.14783585607815,0.0,-0.8696650485570865,0.11400000000000002,follow,1
1786510498.2285898,12.07330475518914,0.5524193548387096,119.74114553513667,0.0,-0.6961370006277459,0.12200000000000003,follow,1
1786510498.3099,12.11319617161555,0.5463709677419355,116.5414371280425,0.0,-0.981188691593375,0.121469060111732,follow,1
1786510498.3844566,12.12929450819923,0.5403225806451613,118.76328052728925,0.0,-0.5762767542397773,0.1264878848139435,follow,1
1786510498.4627197,12.400322472735052,0.6733870967741936,107.9957351526035,0.0,-1.0,0.09148788481394349,follow,1
1786510498.5404122,12.4792683740743,0.48588709677419356,119.79410833762543,0.0,-0.5762767542397774,0.09,follow,1
1786510498.6232526,12.528678979260542,0.6310483870967742,106.89169332562378,0.0,-1.0,0.09,follow,1
1786510498.7131693,12.409685317756047,0.4495967741935484,134.64212554523408,0.0,-0.5762767542397774,0.09,follow,1
1786510498.798118,12.199288569677652,0.7096774193548387,106.64212554523408,0.0,-1.0,0.09,follow,1
1786510498.8874917,12.118502510090792,0.685483870967742,106.58031596961742,0.0,-1.0,0.09,follow,1
1786510498.971505,11.894685876199896,0.6673387096774193,106.62890013286575,0.0,-1.0,0.09,follow,1
1786510499.0553129,11.940664252372708,0.7641129032258064,106.32171042231634,0.0,-1.0,0.09,follow,1
1786510499.1328094,11.935504004602521,0.5403225806451613,107.14464474503944,0.0,-1.0,0.09,follow,1
1786510499.2124832,12.086304410651618,0.5584677419354839,106.72810789337504,0.0,-1.0,0.09,follow,1
1786510499.301983,12.181641695730152,0.8608870967741936,106.22956818811521,0.0,-1.0,0.09,follow,1
1786510499.3873932,11.985423781485927,0.8911290322580645,106.30580105840184,0.0,-1.0,0.09,follow,1
1786510499.460909,11.927249381116873,0.6008064516129032,107.43241871481756,0.0,-1.0,0.09,follow,1
1786510499.536034,12.278640189881518,0.5887096774193548,111.92014126224649,0.0,-0.7919215159905244,0.098,follow,1
1786510499.612995,12.49979351230668,0.5524193548387096,116.19544510111687,0.0,-0.5579485800061481,0.10600000000000001,follow,1
1786510499.6965806,12.593989828381075,0.5403225806451613,114.86520913175542,0.0,-0.9154912585869325,0.11400000000000002,follow,1
1786510499.7723424,12.483049820469706,0.5342741935483871,119.70081793124288,0.0,-0.3752633459217495,0.09,follow,1
1786510499.847189,12.586857756521066,0.5282258064516129,121.14037752642037,0.0,-0.4420271850472463,0.09,follow,1
1786510499.930539,12.777354092733654,0.5040322580645161,126.18229331643884,0.0,0.014307419101089791,0.09,follow,1
1786510500.012343,12.607170972321892,0.49193548387096775,129.62774936873205,0.0,0.09189110002439127,0.09,follow,1
1786510500.1001365,12.497398018506496,0.6189516129032258,109.96016443379703,0.0,-0.5481088999756087,0.09,follow,1
1786510500.1850684,12.313531124369398,0.685483870967742,110.19513984747671,0.0,-0.9876580769977462,0.09,follow,1
1786510500.278324,12.208419190483808,0.6673387096774193,110.48256016996733,0.0,-1.0,0.09,follow,1
1786510500.3617446,11.871180678524052,0.41330645161290325,138.48256016996731,0.0,-0.3979949214370079,0.09,follow,1
1786510500.449708,11.937613467681597,0.752016129032258,111.2889630988713,0.0,-1.0,0.09,follow,1
1786510500.53558,11.83862393115631,0.6673387096774193,112.59294761583958,0.0,-1.0,0.09,follow,1
1786510500.6223674,11.792923630766934,0.685483870967742,112.88370519923191,0.0,-1.0,0.09,follow,1
1786510500.7094984,11.7321280855993,0.5403225806451613,115.55508339783584,0.0,-0.8452540904177148,0.09,follow,1
1786510500.7916489,11.694201534441186,0.5524193548387096,115.34712438821694,0.0,-0.9991717446216017,0.09,follow,1
1786510500.8859427,11.7811392133727,0.8125,113.16785926615533,0.0,-1.0,0.09,follow,1
1786510500.9750292,11.5445358546299,0.8366935483870968,113.17557967669863,0.0,-1.0,0.09,follow,1
1786510501.0565066,11.481545906584135,0.5887096774193548,116.6939245972819,0.0,-0.7819502037761148,0.09,follow,1
1786510501.1396184,11.625753640417434,0.6008064516129032,111.23519640714889,0.0,-1.0,0.09,follow,1
1786510501.222823,11.72687905594294,0.5887096774193548,115.89261506037832,0.0,-0.7819502037761149,0.098,follow,1
1786510501.3094912,11.762738028808993,0.5766129032258065,119.82639692592517,0.0,-0.5530923244592872,0.10600000000000001,follow,1
1786510501.396538,11.742142277020749,0.5524193548387096,123.63585834333644,0.0,-0.3508655258045349,0.09881025345623284,follow,1
1786510501.488288,11.68878238712323,0.5403225806451613,121.70465519926566,0.0,-0.7138086425600388,0.10681025345623285,follow,1
1786510501.5702407,11.512514879047796,0.5282258064516129,125.32428061839465,0.0,-0.29571339778675,0.09869626299098683,follow,1
1786510501.6500163,11.663345812281769,0.5100806451612904,125.13656989635587,0.0,-0.45561156798296437,0.10669626299098683,follow,1
1786510501.735963,11.85196244759959,0.48588709677419356,126.53994766465846,0.0,-0.31955513805260605,0.10088314594170496,follow,1
1786510501.8201342,11.797079345310765,0.4737903225806452,143.61946967210258,0.0,0.32044486194739397,0.09,follow,1
1786510501.9087453,11.809912864943476,0.6431451612903225,115.61946967210258,0.0,-0.31955513805260605,0.09,follow,1
1786510501.9936576,11.687185057215958,0.6612903225806451,112.86336054391063,0.0,-0.9595551380526061,0.09,follow,1
1786510502.0830133,11.725467028919033,0.6310483870967742,113.42319938236456,0.0,-1.0,0.09,follow,1
1786510502.1687434,11.579210699985603,0.5100806451612904,114.9681807132173,0.0,-0.9696442054182156,0.09,follow,1
1786510502.2553525,11.630971073229754,0.5282258064516129,115.14367308608801,0.0,-1.0,0.09,follow,1
1786510502.3451948,11.637503612983583,0.5403225806451613,112.1396560960181,0.0,-1.0,0.09,follow,1
1786510502.4355888,11.537375441410916,0.7883064516129032,113.95938857732729,0.0,-1.0,0.09,follow,1
1786510502.528553,11.435742627858689,0.5584677419354839,116.88181455455867,0.0,-0.9019752856576089,0.09,follow,1
1786510502.620592,11.300941930653781,0.5766129032258065,117.02987018222967,0.0,-1.0,0.09,follow,1
1786510502.7164326,11.215650397864655,0.7762096774193549,114.4110336718236,0.0,-1.0,0.09,follow,1
1786510502.817453,11.054855930880501,0.5705645161290323,124.44050812918752,0.0,-0.6357495928351887,0.098,follow,1
1786510502.9056787,10.801411656886758,0.5403225806451613,118.38637410560781,0.0,-1.0,0.10600000000000001,follow,1
1786510502.9938745,10.944551823217106,0.5282258064516129,126.76224840916137,0.0,-0.5007920953295589,0.09089934851785124,follow,1
1786510503.092039,11.022037502437431,0.5100806451612904,138.32323518795795,0.0,0.13920790467044108,0.09,follow,1
1786510503.184518,10.856039445331202,0.6129032258064516,110.32323518795795,0.0,-0.5007920953295589,0.09,follow,1
1786510503.2766342,10.832382501517365,0.6370967741935484,109.43330998638459,0.0,-1.0,0.09,follow,1
1786510503.3672614,10.840471532532465,0.6491935483870968,109.73392270317476,0.0,-1.0,0.09,follow,1
1786510503.4590833,10.892337801745901,0.6733870967741936,109.52051078851636,0.0,-1.0,0.09,follow,1
1786510503.5487914,10.888063944918771,0.685483870967742,109.14879648742766,0.0,-1.0,0.09,follow,1
1786510503.6422644,10.93381927738262,0.7217741935483871,109.13408194071084,0.0,-1.0,0.09,follow,1
1786510503.732481,10.886564302135376,0.5161290322580645,109.16301054018302,0.0,-1.0,0.09,follow,1
1786510503.8238282,10.921818610822115,0.5282258064516129,110.78233888374812,0.0,-1.0,0.09,follow,1
1786510503.9230068,10.93777364664484,0.7762096774193549,109.3358198593888,0.0,-1.0,0.09,follow,1
1786510504.0162811,10.768730362819891,0.5524193548387096,114.86947478991644,0.0,-0.9299619299788788,0.09,follow,1
1786510504.1042867,10.75507746455676,0.564516129032258,112.56331426619974,0.0,-1.0,0.09,follow,1
1786510504.2085578,10.87723072991094,0.872983870967742,109.74555522339806,0.0,-1.0,0.09,follow,1
1786510504.2905302,10.621047157186627,0.5705645161290323,115.2002756153699,0.0,-0.970836100303617,0.09,follow,1
1786510504.376591,10.929989082073138,0.5524193548387096,119.2712771262344,0.0,-0.7579245204498252,0.098,follow,1
1786510504.4685974,11.078428293578643,0.5403225806451613,119.16311474635943,0.0,-0.9233307427642508,0.10600000000000001,follow,1
1786510504.556552,11.037517527446823,0.5161290322580645,129.8586734381224,0.0,-0.28333074276425074,0.09,follow,1
1786510504.6443548,11.067225761703725,0.49798387096774194,127.89821763602326,0.0,-0.5034217060920125,0.09,follow,1
1786510504.7416687,11.168580903096242,0.5826612903225806,109.22064380505304,0.0,-1.0,0.09,follow,1
1786510504.8377707,10.958522618899694,0.594758064516129,109.02131198033882,0.0,-1.0,0.09,follow,1
1786510504.9362483,10.880559715400164,0.6673387096774193,108.73365501248853,0.0,-1.0,0.09,follow,1
1786510505.034418,10.72502082279871,0.685483870967742,108.99520557567303,0.0,-1.0,0.09,follow,1
1786510505.1310804,10.61966909248585,0.7036290322580645,109.11323548681878,0.0,-1.0,0.09,follow,1
1786510505.2330384,10.558155281742522,0.6431451612903225,110.06610979194934,0.0,-1.0,0.09,follow,1
1786510505.3273766,10.423181562633859,0.6673387096774193,110.09283666268297,0.0,-1.0,0.09,follow,1
1786510505.4238706,10.447144945186398,0.6733870967741936,110.38556338028124,0.0,-1.0,0.09,follow,1
1786510505.5234895,10.431155398012915,0.5403225806451613,112.22244732768112,0.0,-1.0,0.09,follow,1
1786510505.6240053,10.354455868177606,0.5403225806451613,111.71933760784641,0.0,-1.0,0.09,follow,1
1786510505.7159812,10.265058866570374,0.564516129032258,116.83339380745014,0.0,-0.9838508182509019,0.09,follow,1
1786510505.8122456,10.401405105622054,0.5463709677419355,117.25636535465188,0.0,-1.0,0.09,follow,1
1786510505.9085422,10.401024585382977,0.5221774193548387,123.76146535161999,0.0,-0.5275603551819477,0.098,follow,1
1786510505.998478,10.39886521991571,0.564516129032258,108.12257652940173,0.0,-1.0,0.09,follow,1
1786510506.090476,10.533676763435837,0.564516129032258,107.31525441816791,0.0,-1.0,0.09,follow,1
1786510506.1830409,10.586062853006782,0.5887096774193548,107.12308458581168,0.0,-1.0,0.09,follow,1
1786510506.2765152,10.642861794425535,0.6129032258064516,107.14659242880774,0.0,-1.0,0.09,follow,1
1786510506.3699996,10.65367674433012,0.6431451612903225,107.48879534644419,0.0,-1.0,0.09,follow,1
1786510506.472153,10.660376895005504,0.7157258064516129,107.03535391989763,0.0,-1.0,0.09,follow,1
1786510506.5738127,10.491168797548625,0.655241935483871,108.49668381395279,0.0,-1.0,0.09,follow,1
1786510506.6776378,10.343962245572067,0.5161290322580645,114.31339474478905,0.0,-1.0,0.09,follow,1
1786510506.7718236,10.210210686627669,0.5221774193548387,109.8976840669676,0.0,-1.0,0.09,follow,1
1786510506.874145,10.302187750719057,0.7580645161290323,106.89007281766533,0.0,-1.0,0.09,follow,1
1786510506.9844239,10.193345599563921,0.5403225806451613,113.30535407502464,0.0,-1.0,0.09,follow,1
1786510507.0746813,9.957768223029259,0.5524193548387096,114.06033151722,0.0,-1.0,0.09,follow,1
1786510507.180694,10.168566375211475,0.8185483870967742,106.95492761410637,0.0,-1.0,0.09,follow,1
1786510507.2777948,10.030834983680958,0.5221774193548387,123.23350706905543,0.0,-1.0,0.098,follow,1
1786510507.3723438,10.098903765365574,0.6129032258064516,105.47990827386553,0.0,-1.0,0.09,follow,1
1786510507.4649854,10.201793903701542,0.5463709677419355,105.8775143674489,0.0,-1.0,0.09,follow,1
1786510507.558287,10.279965028022723,0.5766129032258065,106.0426112671397,0.0,-1.0,0.09,follow,1
1786510507.6550393,10.37338863206422,0.5887096774193548,105.23932064356316,0.0,-1.0,0.09,follow,1
1786510507.750332,10.365850589693501,0.6008064516129032,104.76578793564849,0.0,-1.0,0.09,follow,1
1786510507.8532476,10.417903026385158,0.6189516129032258,104.83701745108405,0.0,-1.0,0.09,follow,1
1786510507.9465375,10.284133104730792,0.6370967741935484,104.8212412587412,0.0,-1.0,0.09,follow,1
1786510508.048303,10.359631108153847,0.8669354838709677,104.11348393889153,0.0,-1.0,0.09,follow,1
1786510508.1496165,10.227846342437381,0.8911290322580645,104.52447719897015,0.0,-1.0,0.09,follow,1
1786510508.2356572,10.181705097570383,0.6491935483870968,103.82368228786137,0.0,-1.0,0.09,follow,1
1786510508.3281677,10.473285413313096,0.6673387096774193,103.60283905978136,0.0,-1.0,0.09,follow,1
1786510508.4161987,10.54946525102601,0.6915322580645161,103.45623556220707,0.0,-1.0,0.09,follow,1
1786510508.5070047,10.688167093221923,0.7157258064516129,103.35315397460636,0.0,-1.0,0.09,follow,1
1786510508.623694,10.77602021572722,0.9879032258064516,75.35315397460636,0.0,-1.0,0.098,follow,1
1786510508.7259982,10.330815402482475,1.0,47.35315397460636,0.0,-1.0,0.0910468622432403,follow,1
1786510508.8296423,10.218416378362464,1.0,75.35315397460636,0.0,-1.0,0.09,follow,1
1786510508.922577,10.101669754000039,0.7762096774193549,103.35315397460636,0.0,-1.0,0.09510638285470033,follow,1
1786510509.0264728,10.234324441536852,0.8125,104.58540505997183,0.0,-1.0,0.09,follow,1
1786510509.1261947,10.104246558179856,0.8366935483870968,104.92192069325141,0.0,-1.0,0.09710911756141509,follow,1
1786510509.2327008,10.095135437133795,0.8971774193548387,104.93248802338248,0.0,-1.0,0.10510911756141508,follow,1
1786510509.3407037,9.9622465616868,0.9213709677419355,105.19690854524418,0.0,-1.0,0.10800324691058177,follow,1
1786510509.4514558,9.812151526082872,0.9274193548387096,105.52822162574144,0.0,-1.0,0.10540762982341766,follow,1
1786510509.54515,9.66528104056741,0.6975806451612904,104.845582467832,0.0,-1.0,0.10923715950558782,follow,1
1786510509.6619215,9.857256850044244,1.0,106.21153650981985,0.0,-1.0,0.11723715950558783,follow,1
1786510509.7630372,9.599827989020383,0.685483870967742,105.38859381141836,0.0,-1.0,0.10888045629015224,follow,1
1786510509.8621273,9.664835056405247,0.7157258064516129,105.8751644092084,0.0,-1.0,0.11201723491306706,follow,1
1786510509.9669619,9.722747963583005,0.6915322580645161,105.86716005026827,0.0,-1.0,0.11018067407718056,follow,1
1786510510.0670106,9.708366229556425,0.7641129032258064,106.40053433495018,0.0,-1.0,0.11525164150975827,follow,1
1786510510.1754768,9.739497420730531,0.7943548387096775,106.26896646750089,0.0,-1.0,0.11630359492764976,follow,1
1786510510.2724202,9.660807563261026,0.8185483870967742,106.5436603495474,0.0,-1.0,0.11850064143082924,follow,1
1786510510.374469,9.781349730772849,0.8487903225806451,107.8392308450285,0.0,-1.0,0.12360675872855785,follow,1
1786510510.4685316,9.790556249472996,0.8911290322580645,108.24659901316582,0.0,-1.0,0.1259405319133396,follow,1
1786510510.5603213,9.925559150098145,0.6612903225806451,108.99439852337622,0.0,-1.0,0.10034695756056389,follow,1
1786510510.6417515,10.15706322808071,0.6370967741935484,109.4952266483517,0.0,-1.0,0.1083469575605639,follow,1
1786510510.7356184,10.57651044398155,0.6189516129032258,110.1150958044754,0.0,-1.0,0.09,follow,1
1786510510.8235185,10.593240546222884,0.6370967741935484,110.4901877356516,0.0,-1.0,0.098,follow,1
1786510510.9101102,10.756960927000579,0.7278225806451613,111.79475376943736,0.0,-1.0,0.10600000000000001,follow,1
1786510510.997161,10.903058225441102,0.7036290322580645,112.32277579276852,0.0,-1.0,0.11400000000000002,follow,1
1786510511.1000066,11.017146228032557,0.6975806451612904,113.10613249154001,0.0,-1.0,0.11948478266239906,follow,1
1786510511.1855507,10.760045911194453,0.49193548387096775,113.91184668989504,0.0,-1.0,0.09,follow,1
1786510511.287696,10.94640869267228,0.842741935483871,114.47954975804755,0.0,-1.0,0.098,follow,1
1786510511.384048,10.720681766696533,0.5161290322580645,118.16579397178519,0.0,-0.9009962109768396,0.10600000000000001,follow,1
1786510511.488155,10.638426102364779,0.9213709677419355,116.8850373098526,0.0,-1.0,0.11400000000000002,follow,1
1786510511.5756664,10.443075714049375,0.5584677419354839,113.3516398141257,0.0,-1.0,0.09,follow,1
1786510511.6761193,10.630361613829937,0.9455645161290323,118.95138103622051,0.0,-0.8275935243053977,0.098,follow,1
1786510511.7691677,10.503048121795558,0.6008064516129032,119.73433455790251,0.0,-0.9661104152753134,0.10600000000000001,follow,1
1786510511.8563397,10.545121815112262,0.49798387096774194,125.22366657732462,0.0,-0.4998382994107259,0.11400000000000002,follow,1
1786510511.943246,10.730124005373604,0.4737903225806452,144.9308458255841,0.0,0.14016170058927413,0.09,follow,1
1786510512.0342755,10.898105777333189,0.685483870967742,122.08189388397521,0.0,-0.4998382994107259,0.098,follow,1
1786510512.132898,10.916609243484864,0.9213709677419355,123.14809271761042,0.0,-0.8149629160035046,0.10600000000000001,follow,1
1786510512.2153256,10.75023076793589,0.48588709677419356,126.46417871411448,0.0,-0.5059230860741217,0.10998555213974591,follow,1
1786510512.308431,11.009028888434392,0.7399193548387096,125.730370822937,0.0,-0.7739683921221127,0.1179855521397459,follow,1
1786510512.4003508,10.962784826424326,0.7762096774193549,126.54496362380702,0.0,-0.6362750270650912,0.12253320098954247,follow,1
1786510512.5000615,10.96470073010215,0.5282258064516129,125.78805258879268,0.0,-0.7444630640736736,0.09,follow,1
1786510512.6027665,10.774391941549647,0.8487903225806451,128.71208829025133,0.0,-0.4828604760061651,0.098,follow,1
1786510512.6860087,10.56662413022659,0.5463709677419355,129.79917856504247,0.0,-0.5088596310608519,0.09,follow,1
1786510512.7736511,10.786146514929733,0.5524193548387096,123.61582232892982,0.0,-1.0,0.09,follow,1
1786510512.8684788,10.968905096413906,0.9334677419354839,131.83140987158475,0.0,-0.5088596310608519,0.098,follow,1
1786510512.9581945,10.862120219138424,0.6612903225806451,132.7073718166401,0.0,-0.448563389353392,0.10600000000000001,follow,1
1786510513.0378304,10.956454789253728,0.49798387096774194,133.84260251943138,0.0,-0.34823189130911136,0.10529231159454694,follow,1
1786510513.1281555,11.271670723300717,0.594758064516129,134.95552270639942,0.0,-0.19864767071645228,0.09132570451300344,follow,1
1786510513.2203164,11.230194453493212,0.594758064516129,135.0333376211903,0.0,-0.34342688278881683,0.09932570451300343,follow,1
1786510513.317332,11.151024703516825,0.8185483870967742,134.69855851535002,0.0,-0.35755593858172197,0.10732570451300344,follow,1
1786510513.4114275,10.98636938093885,0.6431451612903225,135.39903743644393,0.0,-0.2373027723744372,0.1081549977315631,follow,1
1786510513.511357,10.798558710016707,0.9092741935483871,136.01662118963839,0.0,-0.2636085160533759,0.1161549977315631,follow,1
1786510513.6048737,10.743347632087506,0.8064516129032258,136.926159845496,0.0,-0.18208841677941012,0.1241549977315631,follow,1
1786510513.6903892,10.737935486532558,0.5342741935483871,136.10380835960532,0.0,-0.2872663422500169,0.09,follow,1
1786510513.7844594,10.93944917282033,0.7278225806451613,138.00537149208037,0.0,-0.0993459831286615,0.098,follow,1
1786510513.8923998,10.872370879946661,0.842741935483871,138.56518498683445,0.0,-0.1290788316789565,0.10600000000000001,follow,1
1786510513.9777064,10.5488376186633,0.5584677419354839,138.13489407373936,0.0,-0.20332831779164529,0.09561407880073752,follow,1
1786510514.0762968,10.71803185601543,0.872983870967742,139.58747714363884,0.0,-0.05961061224752395,0.10361407880073753,follow,1
1786510514.1766946,10.656071383936128,0.8790322580645161,140.4268589877791,0.0,-0.056704612060072934,0.11161407880073754,follow,1
1786510514.2571332,10.52330179758491,0.5040322580645161,147.67405764966702,0.0,0.578767943179091,0.11961407880073754,follow,1
1786510514.348359,10.893788700986438,0.6673387096774193,141.51885185219035,0.0,-0.06123205682090904,0.12761407880073755,follow,1
1786510514.448887,10.855273247335175,0.8971774193548387,141.75219839982043,0.0,-0.014038463446053306,0.13561407880073756,follow,1
1786510514.5486326,10.727112276279383,0.8971774193548387,142.03716729660403,0.0,-0.006810490320454887,0.14361407880073757,follow,1
1786510514.6282315,10.587977063791211,0.3962096774193548,170.03716729660403,0.0,0.6331895096795451,0.10861407880073756,follow,1
1786510514.7175102,10.91100250496398,0.7641129032258064,142.29267389857552,0.0,-0.006810490320454887,0.11661407880073757,follow,1
1786510514.8085442,10.996259319398579,0.7701612903225807,142.22473819519792,0.0,-0.0018035548477872698,0.12461407880073758,follow,1
1786510514.8884952,10.990591535762848,0.5100806451612904,141.61771306779798,0.0,-0.04111688521042456,0.0997155906812072,follow,1
1786510514.9846656,11.334993867036617,0.8850806451612904,142.37455129909284,0.0,0.07753360899339767,0.1077155906812072,follow,1
1786510515.084809,11.140166803561652,0.8669354838709677,142.68519327221566,0.0,0.0636298432358604,0.11571559068120721,follow,1
1786510515.1750753,10.916212384801009,0.564516129032258,135.88546202225467,0.0,-0.5763701567641396,0.09,follow,1
1786510515.2810843,10.893834873562295,0.752016129032258,142.56541846829816,0.0,0.0636298432358604,0.098,follow,1
1786510515.3676798,10.639466735897395,0.8911290322580645,142.46109342371028,0.0,0.034949122673359145,0.10600000000000001,follow,1
1786510515.4481516,10.813383138295318,0.5040322580645161,144.7469116249594,0.0,0.27857592924503705,0.11400000000000002,follow,1
1786510515.5494893,11.147147740051334,0.8911290322580645,141.3417234913444,0.0,-0.14342177284095514,0.12200000000000003,follow,1
1786510515.6355553,10.888504691640955,0.6612903225806451,140.6957710286049,0.0,0.03144304952179511,0.10705107760206793,follow,1
1786510515.7257876,11.028117109338199,0.7036290322580645,140.24009530406065,0.0,-0.028005085354321335,0.11505107760206792,follow,1
1786510515.808453,11.013358163811256,0.5100806451612904,137.56160543936994,0.0,-0.1616058898048578,0.09,follow,1
1786510515.893063,11.262320962799361,0.49798387096774194,141.39191188845177,0.0,0.22118904011716067,0.098,follow,1
1786510515.9830403,11.377524982258285,0.7883064516129032,137.70709530686273,0.0,-0.21866950238859295,0.09,follow,1
1786510516.0694842,11.330797811308827,0.8245967741935484,136.75981623319376,0.0,-0.15045854802702385,0.09212167342922493,follow,1
1786510516.155565,11.351286637155866,0.5524193548387096,135.97447779111656,0.0,-0.17171252247059843,0.09,follow,1
1786510516.250292,11.432990465481655,0.842741935483871,136.02233119114558,0.0,-0.12896042769045202,0.098,follow,1
1786510516.3292537,11.256449691573444,0.5584677419354839,133.6020794965303,0.0,-0.34744892496405566,0.09,follow,1
1786510516.4236734,11.546307446093854,0.872983870967742,135.21602839628892,0.0,-0.09684846590626417,0.098,follow,1
1786510516.5237722,11.353213995978267,0.8366935483870968,135.80191074234656,0.0,-0.11038133637391345,0.10600000000000001,follow,1
1786510516.6163957,11.070539396966595,0.5040322580645161,142.33354450427615,0.0,0.49344131163014493,0.1093034143264209,follow,1
1786510516.7083175,11.029524006048335,0.8185483870967742,134.6226344570282,0.0,-0.14655868836985508,0.11730341432642091,follow,1
1786510516.7885098,10.961912854850013,0.45564516129032256,152.3378915202441,0.0,0.49344131163014493,0.09,follow,1
1786510516.8783834,11.305229377130074,0.6310483870967742,133.5434676596098,0.0,-0.14655868836985508,0.09,follow,1
1786510516.9567673,11.265840756485604,0.37158986175115205,161.5434676596098,0.0,0.49344131163014493,0.09,follow,1
1786510517.0344555,11.56306754851631,0.5100806451612904,136.9936648717141,0.0,-0.14655868836985508,0.09,follow,1
1786510517.1243918,11.796558776080557,0.6673387096774193,131.86707933212116,0.0,-0.4529435431762235,0.09,follow,1
1786510517.216197,11.69621402711033,0.6915322580645161,131.5800342596117,0.0,-0.2761807056175769,0.09,follow,1
1786510517.3058627,11.523861162890308,0.6975806451612904,131.4048397279758,0.0,-0.26810143047296464,0.09,follow,1
1786510517.391044,11.450126427892876,0.5463709677419355,131.57639447268252,0.0,-0.23997059253635544,0.09,follow,1
1786510517.483482,11.513399937138157,0.7338709677419355,131.00749767017703,0.0,-0.32020650681148843,0.09094372500064402,follow,1
1786510517.5682664,11.370605265849887,0.5705645161290323,131.03781648121281,0.0,-0.2829827785029172,0.09,follow,1
1786510517.6538272,11.45088536715761,0.5524193548387096,133.9169918736722,0.0,-0.003034311544365953,0.098,follow,1
1786510517.7443922,11.50115539261591,0.8245967741935484,127.98216069931627,0.0,-0.643034311544366,0.09,follow,1
1786510517.8244681,11.417641319627727,0.5161290322580645,138.32283987498838,0.0,-0.003034311544365953,0.098,follow,1
1786510517.903808,11.624402080265508,0.5040322580645161,127.32958504909678,0.0,-0.643034311544366,0.09,follow,1
1786510517.9890184,11.82809763861993,0.4737903225806452,147.41233541233598,0.0,-0.003034311544365953,0.09,follow,1
1786510518.0676455,11.8116478749577,0.4616935483870968,148.37165087164885,0.0,0.6369656884556341,0.09,follow,1
1786510518.1452537,11.975063504979202,0.4435483870967742,143.1130002587543,0.0,0.237679692472198,0.09,follow,1
1786510518.2346642,12.10307771368652,0.6068548387096775,122.1519831330443,0.0,-0.402320307527802,0.09,follow,1
1786510518.316276,11.965316418594465,0.407258064516129,150.1519831330443,0.0,0.237679692472198,0.09,follow,1
1786510518.3974755,12.037415217805401,0.35482718894009213,177.64782608698184,0.0,0.877679692472198,0.09,follow,1
1786510518.4825711,12.078037302926486,0.5040322580645161,149.64782608698184,0.0,0.237679692472198,0.09,follow,1
1786510518.5687022,12.009906424729525,0.655241935483871,121.64782608698184,0.0,-0.402320307527802,0.09,follow,1
1786510518.6603546,11.932512179510855,0.7641129032258064,118.23938580060009,0.0,-1.0,0.09,follow,1
1786510518.7472064,11.704093687059952,0.5282258064516129,120.3094251955255,0.0,-0.6926793108550007,0.09,follow,1
1786510518.8396542,11.70273248372008,0.7217741935483871,117.95666991236614,0.0,-1.0,0.09,follow,1
1786510518.9303145,11.523797837816346,0.7399193548387096,117.36387283551556,0.0,-0.9673992257229413,0.09,follow,1
1786510519.0135586,11.420528956830774,0.5584677419354839,122.63613567342732,0.0,-0.44162701578744346,0.09,follow,1
1786510519.0978346,11.538551249165325,0.5524193548387096,122.1031955859259,0.0,-0.7011557380846987,0.098,follow,1
1786510519.1849847,11.612032973550862,0.7278225806451613,115.9550984528829,0.0,-1.0,0.09,follow,1
1786510519.2738793,11.571712747100374,0.7217741935483871,115.45106621393239,0.0,-1.0,0.09,follow,1
1786510519.366946,11.484171812675324,0.5040322580645161,126.99699081406311,0.0,-0.40634328874833103,0.098,follow,1
1786510519.4531317,11.371911356753188,0.49798387096774194,118.34273653176099,0.0,-1.0,0.09160218811621422,follow,1
1786510519.5391567,11.400140777816722,0.467741935483871,142.4598743480301,0.0,-0.40634328874833103,0.09,follow,1
1786510519.6252365,11.459574452691047,0.45564516129032256,136.75177616501185,0.0,0.06366348260612409,0.09,follow,1
1786510519.7025354,11.476146131282293,0.4314516129032258,146.8659413236922,0.0,0.7036634826061241,0.09,follow,1
1786510519.7791321,11.75771950502847,0.407258064516129,174.8659413236922,0.0,1.0,0.09,follow,1
1786510519.8589787,12.039590908120712,0.48588709677419356,146.8659413236922,0.0,0.7036634826061242,0.09,follow,1
1786510519.937752,12.147037644442275,0.5161290322580645,118.8659413236922,0.0,0.0636634826061242,0.09,follow,1
1786510520.0204604,12.229846931721138,0.5100806451612904,105.90835794948038,0.0,-0.5763365173938758,0.09,follow,1
1786510520.1038055,12.229699860128775,0.5221774193548387,103.61155443599806,0.0,-1.0,0.09,follow,1
1786510520.1842496,12.17849356223416,0.5342741935483871,103.12414100700224,0.0,-1.0,0.09,follow,1
1786510520.2612348,12.225075061467239,0.5342741935483871,102.11229760174045,0.0,-1.0,0.09,follow,1
1786510520.3384588,12.333140995559367,0.5524193548387096,110.09137547326492,0.0,-1.0,0.098,follow,1
1786510520.4171178,12.490573912293252,0.5403225806451613,112.54631211180009,0.0,-0.9301404865257183,0.10600000000000001,follow,1
1786510520.495401,12.541227291709284,0.5161290322580645,112.7805665349141,0.0,-1.0,0.11400000000000002,follow,1
1786510520.5737834,12.577807538501405,0.5040322580645161,122.11783338612503,0.0,-0.38598682280230634,0.09,follow,1
1786510520.6596758,12.635224182009344,0.5766129032258065,99.17074958584399,0.0,-1.0,0.09,follow,1
1786510520.7517526,12.421753720383458,0.467741935483871,127.17074958584399,0.0,-0.38598682280230634,0.09,follow,1
1786510520.8348832,12.106668956897185,0.45564516129032256,135.4460656990076,0.0,0.2540131771976937,0.09,follow,1
1786510520.9124355,12.112114235732001,0.4435483870967742,140.94168050284526,0.0,0.8713807191765561,0.09,follow,1
1786510520.9895737,12.266974774685144,0.4254032258064516,164.47086180412305,0.0,1.0,0.09,follow,1
1786510521.0814502,12.401123639966688,0.6975806451612904,136.47086180412305,0.0,0.871380719176556,0.09,follow,1
1786510521.1615822,12.089869578575806,0.4798387096774194,108.47086180412305,0.0,0.231380719176556,0.09,follow,1
1786510521.2377872,12.172218642079171,0.49193548387096775,89.70099239656278,0.0,-0.408619280823444,0.09,follow,1
1786510521.3177564,12.323193257618264,0.5040322580645161,92.23059314480152,0.0,-1.0,0.09,follow,1
1786510521.4008904,12.364760504472093,0.5100806451612904,93.21987315010499,0.0,-1.0,0.09,follow,1
1786510521.491532,12.320782616791625,0.8608870967741936,86.04366832000156,0.0,-1.0,0.09,follow,1
1786510521.569445,12.07441598861929,0.5403225806451613,83.6286937878765,0.0,-1.0,0.09,follow,1
1786510521.6444077,12.195620366067926,0.564516129032258,85.10310836961781,0.0,-1.0,0.09,follow,1
1786510521.7245605,12.448463756706548,0.6794354838709677,89.30061344840897,0.0,-1.0,0.09,follow,1
1786510521.817201,12.466708659387029,0.8790322580645161,85.51355290386485,0.0,-1.0,0.09,follow,1
1786510521.9012485,12.122437093620638,0.6068548387096775,85.80366193674499,0.0,-1.0,0.09,follow,1
1786510521.9850192,12.078260420417083,0.594758064516129,85.09992976969835,0.0,-1.0,0.09,follow,1
1786510522.0674372,12.063053100349094,0.625,82.30764382035196,0.0,-1.0,0.09,follow,1
1786510522.1566803,12.058083040918305,0.6491935483870968,79.52121552997039,0.0,-1.0,0.09,follow,1
1786510522.2383153,11.889020623015332,0.6491935483870968,77.21161770077998,0.0,-1.0,0.09,follow,1
1786510522.313959,11.956624506977727,0.6612903225806451,74.16810862153855,0.0,-1.0,0.09,follow,1
1786510522.3988588,12.213226049475754,0.7943548387096775,71.6702282573313,0.0,-1.0,0.09,follow,1
1786510522.4812887,12.139665993534967,0.8125,70.53021166413777,0.0,-1.0,0.09,follow,1
1786510522.568279,12.078837612598273,0.842741935483871,69.768088894414,0.0,-1.0,0.09,follow,1
1786510522.652444,12.013611723034685,0.8608870967741936,69.397598841552,0.0,-1.0,0.09,follow,1
1786510522.734341,11.990456709557677,0.8850806451612904,68.60758413202535,0.0,-1.0,0.09,follow,1
1786510522.8093858,11.987524750524056,0.5221774193548387,75.14587516191891,0.0,-1.0,0.09,follow,1
1786510522.8834002,12.308654325991558,0.5524193548387096,72.99987394957967,0.0,-1.0,0.09,follow,1
1786510522.9594414,12.558864794781753,0.5463709677419355,79.8075664733982,0.0,-1.0,0.09683462353892984,follow,1
1786510523.03395,12.669088867539337,0.5463709677419355,78.29256072641776,0.0,-1.0,0.09,follow,1
1786510523.1049109,12.830199002547854,0.5403225806451613,84.48182462855603,0.0,-1.0,0.09270549813494475,follow,1
1786510523.1799529,13.032288549652561,0.5282258064516129,86.48424403610574,0.0,-1.0,0.09,follow,1
1786510523.2516265,13.104026603498209,0.5040322580645161,94.65821982895093,0.0,-1.0,0.09,follow,1
1786510523.3252985,13.304877141630445,0.4798387096774194,95.20627256811485,0.0,-1.0,0.09,follow,1
1786510523.3956366,13.345475121818072,0.4616935483870968,94.13552123551943,0.0,-1.0,0.09,follow,1
1786510523.4654808,13.498965158602708,0.4435483870967742,91.70440260048231,0.0,-1.0,0.09,follow,1
1786510523.553669,13.702047209833262,0.7459677419354839,65.44919670940803,0.0,-1.0,0.09,follow,1
1786510523.6414304,13.217936850058662,0.8004032258064516,65.32298211687385,0.0,-1.0,0.09,follow,1
1786510523.7283041,12.843090188627432,0.8366935483870968,64.84843967429606,0.0,-1.0,0.09,follow,1
1786510523.8156028,12.585631962776073,0.8487903225806451,64.46132390937373,0.0,-1.0,0.09,follow,1
1786510523.9067986,12.369263049757862,0.8669354838709677,64.2695885236721,0.0,-1.0,0.09,follow,1
1786510523.9996982,12.056289997310627,0.8790322580645161,64.27689808157945,0.0,-1.0,0.09,follow,1
1786510524.0806038,11.818664477351222,0.5524193548387096,68.35052728783837,0.0,-1.0,0.09,follow,1
1786510524.1705785,11.922298586822057,0.939516129032258,62.88705395206466,0.0,-1.0,0.09,follow,1
1786510524.2645981,11.735270401602557,0.9516129032258064,62.929706954832454,0.0,-1.0,0.09,follow,1
1786510524.3423452,11.544919692347024,0.5705645161290323,67.66495873099667,0.0,-1.0,0.09,follow,1
1786510524.4198248,11.81068401076446,0.5524193548387096,73.05479314802764,0.0,-1.0,0.09356563132736122,follow,1
1786510524.5006819,11.974968778033183,0.5463709677419355,71.06509105769895,0.0,-1.0,0.09,follow,1
1786510524.592673,12.104790231828778,0.9879032258064516,62.29730869582312,0.0,-1.0,0.09,follow,1
1786510524.6715937,11.81865340378732,0.5161290322580645,86.43825412874965,0.0,-1.0,0.09,follow,1
1786510524.747726,12.020285998745406,0.49798387096774194,82.02485928705485,0.0,-1.0,0.09,follow,1
1786510524.8203385,12.280223691899499,0.4798387096774194,85.45988346646253,0.0,-1.0,0.09,follow,1
1786510524.8982873,12.563858819185915,0.45564516129032256,102.25649350649361,0.0,-0.9624682187924344,0.09,follow,1
1786510524.9765093,12.630874162799369,0.4314516129032258,96.19828976640713,0.0,-1.0,0.09,follow,1
1786510525.049806,12.649525067768545,0.41330645161290325,124.19828976640713,0.0,-0.7892877887490638,0.09,follow,1
1786510525.146973,12.869080678771073,0.7580645161290323,96.19828976640713,0.0,-1.0,0.09,follow,1
1786510525.240065,12.34661943317534,0.7762096774193549,68.19828976640713,0.0,-1.0,0.09,follow,1
1786510525.3325155,12.026044589977161,0.7883064516129032,65.01855165369287,0.0,-1.0,0.09,follow,1
1786510525.420713,11.781018709468551,0.8125,64.75842835477525,0.0,-1.0,0.09,follow,1
1786510525.5143282,11.687438392554432,0.7762096774193549,65.45354120573744,0.8020089285714286,-0.55,0.16,avoid:obstacle,1
1786510525.5998216,11.501079538791721,0.5463709677419355,69.7795171259986,0.0,-0.55,0.16,avoid:obstacle,1
1786510525.683565,11.530160390142047,0.564516129032258,67.4344062153162,0.0,-0.55,0.16,avoid:obstacle,1
1786510525.7696638,11.606437105956713,0.6008064516129032,65.77478544403131,0.0,-0.27656281976981645,0.16,avoid:obstacle,1
1786510525.8631759,11.617639807364892,0.8790322580645161,65.91695924061288,0.0,0.36343718023018357,0.16,avoid:obstacle,1
1786510525.94209,11.433759021287033,0.5584677419354839,74.01820687636422,0.0,0.55,0.16,avoid:obstacle,1
1786510526.0188339,11.639496226018624,0.5463709677419355,71.75857308880921,0.0,0.55,0.16,avoid:obstacle,1
1786510526.0965695,11.894942021001883,0.5403225806451613,76.96713183654528,0.0,0.55,0.16,avoid:obstacle,1
1786510526.1778874,12.146754643238609,0.5100806451612904,75.24233707302452,0.0,0.55,0.16,avoid:obstacle,1
1786510526.2648604,12.191780644516129,0.49193548387096775,73.74248825628811,0.0,0.55,0.16,avoid:obstacle,1
1786510526.3454359,12.0391691298905,0.467741935483871,91.02807694912937,0.0,0.55,0.16,avoid:obstacle,1
1786510526.4272559,12.096568581242632,0.4495967741935484,92.78008483452138,0.0,0.55,0.16,avoid:obstacle,1
1786510526.5108216,12.140337565704652,0.4375,82.47412529073009,0.0,0.55,0.16,avoid:obstacle,1
1786510526.5907748,12.077400806868162,0.398352534562212,110.47412529073009,0.0,0.55,0.16,avoid:obstacle,1
1786510526.6746511,12.166230531495337,0.5221774193548387,82.47412529073009,0.0,0.55,0.16,avoid:obstacle,1
1786510526.7536004,12.133910971558796,0.5463709677419355,68.31683239253175,0.0,0.55,0.16,avoid:obstacle,1
1786510526.8456295,12.25071720287395,0.8125,64.93200887620613,0.0,0.55,0.16,avoid:obstacle,1
1786510526.9292562,11.979059921804634,0.6068548387096775,62.179983954001585,0.0,0.55,0.16,avoid:obstacle,1
1786510527.0225418,11.958955152819549,0.9274193548387096,60.58367635531981,0.0,0.55,0.16,avoid:obstacle,1
1786510527.0985591,11.695328932104749,0.5524193548387096,62.8949233539565,0.0,0.55,0.16,avoid:obstacle,1
1786510527.1896923,12.003430214993799,0.872983870967742,55.00574591226331,0.0,0.55,0.16,avoid:obstacle,1
1786510527.2594051,11.783878381855164,0.5040322580645161,60.20620842572012,0.0,0.55,0.16,avoid:obstacle,1
1786510527.3294168,12.357681685302243,0.467741935483871,65.38645600487541,0.0,0.55,0.16,avoid:obstacle,1
1786510527.4053826,12.701613286982354,0.4495967741935484,58.41709073658816,0.0,0.55,0.16,avoid:obstacle,1
1786510527.479065,12.809357661788184,0.407258064516129,86.41709073658816,0.0,0.7200000000000001,0.125,follow,1
1786510527.5708385,12.986235886339982,0.842741935483871,58.417090736588165,0.0,0.08000000000000007,0.0,neutral:white,1
1786510527.6756172,12.529480325840838,1.0,30.417090736588165,0.0,-0.5599999999999999,0.0,neutral:white,1
1786510527.7747478,11.96161065347263,1.0,25.470770628154142,0.0,-1.0,-0.11,reverse:white,1
1786510527.870287,11.576373794706246,1.0,22.227140192770776,0.0,-1.0,-0.11,reverse:white,1
1786510527.9762514,11.36720299470371,0.9455645161290323,18.124894023555342,0.0,-1.0,0.11,avoid:white,1
1786510528.076129,10.971762706667493,1.0,14.684771586296293,0.0,-1.0,0.11,avoid:white,1
1786510528.172862,10.791678902637527,1.0,12.36484625504633,0.0,-1.0,0.11,avoid:white,1
1786510528.2637708,10.700942498018104,1.0,8.787088650254185,0.0,-1.0,0.11,avoid:white,1
1786510528.358069,10.74722609006035,0.8487903225806451,5.472933301745897,0.0,-1.0,0.11,avoid:white,1
1786510528.4461331,10.731644723766859,0.8366935483870968,3.8789428635855323,0.0,-1.0,0.11,avoid:white,1
1786510528.5145783,10.844313377740374,0.4193548387096774,31.878942863585532,0.0,-1.0,0.11,avoid:white,1
1786510528.6090362,11.524923227066163,1.0,3.8789428635855323,0.0,-1.0,0.11,avoid:white,1
1786510528.7046695,11.37600862224292,1.0,3.402791134237578,0.0,-1.0,0.11,avoid:white,1
1786510528.7932863,11.203373989231778,0.9213709677419355,4.506831124546473,0.0,-1.0,0.11,avoid:white,1
1786510528.8838184,11.208554675637362,0.9213709677419355,4.68395712030728,0.0,-1.0,0.11,avoid:white,1
1786510528.972215,11.168959350412285,1.0,4.282443549769042,0.0,-1.0,0.11,avoid:white,1
1786510529.0663526,11.210862155473386,1.0,3.949114109195042,0.0,-1.0,0.11,avoid:white,1
1786510529.1563814,11.080895435649795,1.0,3.549448673986653,0.0,-1.0,0.11,avoid:white,1
1786510529.2459333,11.082262873890736,1.0,3.764077603981466,0.0,-1.0,0.11,avoid:white,1
1786510529.3368824,11.108069876110424,1.0,3.4951955475874303,0.0,-1.0,0.11,avoid:white,1
1786510529.4234574,11.084457223112668,1.0,4.56668628953949,0.0,-1.0,0.11,avoid:white,1
1786510529.5112863,11.181538885594163,1.0,4.422990013211304,0.0,-1.0,0.11,avoid:white,1
1786510529.5956833,11.214543015202874,1.0,4.8707427370065695,0.0,-1.0,0.11,avoid:white,1
1786510529.6844196,11.327868855935485,1.0,4.468942078468144,0.0,-1.0,0.11,avoid:white,1
1786510529.765406,11.347382708030969,0.8004032258064516,3.999144383254894,0.0,-1.0,0.11,avoid:white,1
1786510529.847766,11.497685813069095,0.752016129032258,2.672104418219437,0.0,-1.0,0.11,avoid:white,1
1786510529.9431307,11.64097891065351,1.0,3.283167497977779,0.0,-1.0,0.11,avoid:white,1
1786510530.0332987,11.434928466363672,1.0,3.126274050748375,0.0,-1.0,0.11,avoid:white,1
1786510530.119185,11.357131591328276,1.0,2.6930901703834698,0.0,-1.0,0.11,avoid:white,1
1786510530.2074356,11.416623767055668,1.0,2.7998663152250813,0.0,-1.0,0.11,avoid:white,1
1786510530.2855017,11.396978872459648,0.6370967741935484,30.79986631522508,0.0,-1.0,0.11,avoid:white,1
1786510530.366891,11.682471701765154,0.6189516129032258,58.79986631522508,0.0,-1.0,0.11,avoid:white,1
1786510530.450178,11.810721689353572,0.7036290322580645,86.79986631522507,0.0,-1.0,0.11,avoid:white,1
1786510530.5299735,11.853952624374223,0.6794354838709677,114.79986631522507,0.0,-1.0,0.11,avoid:white,1
1786510530.6100218,11.973250892444057,0.6612903225806451,130.0146225353455,0.0,-1.0,0.11,avoid:white,1
1786510530.6987197,12.07769023316568,0.6612903225806451,128.4666451472337,0.0,-1.0,0.11,avoid:white,1
1786510530.780614,11.890782538186297,0.655241935483871,126.74057177315194,0.0,-1.0,0.11,avoid:white,1
1786510530.863809,12.000860847656655,0.8306451612903225,98.74057177315194,0.0,-1.0,0.11,avoid:white,1
1786510530.943871,12.003055730384434,0.685483870967742,124.20019385099937,0.0,-1.0,0.11,avoid:white,1
1786510531.0324836,12.092597957581924,0.782258064516129,120.96679871323443,0.0,-1.0,0.11,avoid:white,1
1786510531.1119957,11.927239748634268,0.6975806451612904,122.50014137064261,0.0,-1.0,0.11,avoid:white,1
1786510531.200623,12.033509298795561,0.7036290322580645,121.19080987953299,0.0,-1.0,0.11,avoid:white,1
1786510531.2882535,11.91152389115387,0.6975806451612904,120.60297232344084,0.0,-1.0,0.11,avoid:white,1
1786510531.3745139,11.81573543016711,0.7036290322580645,119.48311102214439,0.0,-1.0,0.11,avoid:white,1
1786510531.4615445,11.770117081672916,0.7762096774193549,115.65948593273458,0.0,-1.0,0.11,avoid:white,1
1786510531.5441961,11.70312203834484,0.782258064516129,116.19754740283719,0.0,-1.0,0.11,avoid:white,1
1786510531.6294482,11.777990904056907,0.7217741935483871,116.90859140859138,0.0,-1.0,0.11,avoid:white,1
1786510531.7190027,11.731938699180969,0.7338709677419355,116.0639468485927,0.0,-1.0,0.11,avoid:white,1
1786510531.8191047,11.625136138004862,0.7338709677419355,116.08280426343254,0.0,-1.0,0.11,avoid:white,1
1786510531.9061835,11.331806769623189,0.7459677419354839,115.30065791621729,0.0,-1.0,0.11,avoid:white,1
1786510531.9894495,11.341949589939846,0.782258064516129,114.3041790593644,0.0,-1.0,0.11,avoid:white,1
1786510532.083102,11.48344255345284,0.782258064516129,113.89946684094915,0.0,-1.0,0.11,avoid:white,1
1786510532.1701152,11.3321392692545,0.782258064516129,113.28012157676883,0.0,-1.0,0.11,avoid:white,1
1786510532.2537472,11.351809817901959,0.782258064516129,112.90548004690294,0.0,-1.0,0.11,avoid:white,1
1786510532.3367114,11.472721742004437,0.782258064516129,112.5830027305573,0.0,-1.0,0.11,avoid:white,1
1786510532.424808,11.592244772561367,0.7762096774193549,111.89300122131718,0.0,-1.0,0.11,avoid:white,1
1786510532.512788,11.541898661046396,0.7762096774193549,111.8676136312439,0.0,-1.0,0.11,avoid:white,1
1786510532.6032596,11.520453313650187,0.7762096774193549,111.44110891676277,0.0,-1.0,0.11,avoid:white,1
1786510532.6922596,11.385216936077365,0.7701612903225807,110.57701210177154,0.0,-1.0,0.11,avoid:white,1
1786510532.7776358,11.397390231445343,0.7762096774193549,109.84875877796185,0.0,-1.0,0.11,avoid:white,1
1786510532.8662105,11.449074083916182,0.7762096774193549,108.91016826491851,0.0,-1.0,0.11,avoid:white,1
1786510532.951281,11.430856033265695,0.782258064516129,108.58061323683478,0.0,-1.0,0.11,avoid:white,1
1786510533.0319383,11.478065029776102,0.782258064516129,108.40829809725153,0.0,-1.0,0.11,avoid:white,1
1786510533.1242208,11.666799115482203,0.782258064516129,107.94810517663221,0.0,-1.0,0.11,avoid:white,1
1786510533.226786,11.504894908984463,0.782258064516129,107.59808392030551,0.0,-1.0,0.11,avoid:white,1
1786510533.3206258,11.140327820432226,0.782258064516129,107.06260761271368,0.0,-1.0,0.11,avoid:white,1
1786510533.411695,11.055495705071031,0.7762096774193549,106.1082626905185,0.0,-1.0,0.11,avoid:white,1
1786510533.4977438,11.05174398704235,0.7762096774193549,105.51444590612975,0.0,-1.0,0.11,avoid:white,1
1786510533.580319,11.141254186427448,0.7762096774193549,105.15724152675308,0.0,-1.0,0.11,avoid:white,1
1786510533.6674109,11.361058555340364,0.8125,104.29815039281924,0.0,-1.0,0.11,avoid:white,1
1786510533.7517781,11.379562980659761,0.8185483870967742,103.9898782057423,0.0,-1.0,0.11,avoid:white,1
1786510533.8394074,11.44921123996542,0.8185483870967742,103.69758665261523,0.0,-1.0,0.11,avoid:white,1
1786510533.928347,11.427161085239895,0.8185483870967742,103.44423895963453,0.0,-1.0,0.11,avoid:white,1
1786510534.0170214,11.361535447569114,0.8185483870967742,103.126705331635,0.0,-1.0,0.11,avoid:white,1
1786510534.1011267,11.391751695680606,0.8185483870967742,102.85947819176427,0.0,-1.0,0.11,avoid:white,1
1786510534.1875126,11.497696746715084,0.782258064516129,102.68151633378741,0.0,-1.0,0.11,avoid:white,1
1786510534.269752,11.516865844301064,0.782258064516129,102.642166890015,0.0,-1.0,0.11,avoid:white,1
1786510534.3499925,11.653609494088618,0.7762096774193549,102.68243477911854,0.0,-1.0,0.11,avoid:white,1
1786510534.4328563,11.811262684465365,0.7701612903225807,102.72371874316542,0.0,-1.0,0.11,avoid:white,1
1786510534.5128365,11.862024712676806,0.7762096774193549,102.22615421035007,0.0,-1.0,0.11,avoid:white,1
1786510534.600567,12.009707610818527,0.7762096774193549,102.13360604777313,0.0,-1.0,0.11,avoid:white,1
1786510534.6779244,11.872340353623393,0.7762096774193549,101.56252779909794,0.0,-1.0,0.11,avoid:white,1
1786510534.7596679,12.086026531252777,0.7762096774193549,101.43460403026509,0.0,-1.0,0.11,avoid:white,1
1786510534.8482025,12.112641791921112,0.7459677419354839,101.14818624089853,0.0,-1.0,0.11,avoid:white,1
1786510534.932363,11.96212146081893,0.7399193548387096,100.61750969436366,0.0,-1.0,0.11,avoid:white,1
1786510535.0188615,11.95019830294178,0.7399193548387096,100.39731616941489,0.0,-1.0,0.11,avoid:white,1
1786510535.1038647,11.85478012417446,0.7338709677419355,100.26563578876204,0.0,-1.0,0.11,avoid:white,1
1786510535.1879106,11.821031825812419,0.7338709677419355,100.55821839247264,0.0,-1.0,0.11,avoid:white,1
1786510535.2805758,11.85643169487421,0.7338709677419355,100.90069632457521,0.0,-1.0,0.11,avoid:white,1
1786510535.3659658,11.640096190579142,0.7338709677419355,100.761203726793,0.0,-1.0,0.11,avoid:white,1
1786510535.456414,11.67247690949682,0.7278225806451613,100.11325032211099,0.0,-1.0,0.11,avoid:white,1
1786510535.5413,11.549424806706876,0.7278225806451613,99.30655311636312,0.0,-1.0,0.11,avoid:white,1
1786510535.6272473,11.580218070926453,0.7278225806451613,99.30024146036789,0.0,-1.0,0.11,avoid:white,1
1786510535.7111466,11.577199755619239,0.685483870967742,98.96726260313957,0.0,-1.0,0.11,avoid:white,1
1786510535.7988648,11.621998728649256,0.6794354838709677,98.1005185370713,0.0,-1.0,0.11,avoid:white,1
1786510535.8848617,11.594244751300389,0.7217741935483871,97.46996511982354,0.0,-1.0,0.11,avoid:white,1
1786510535.9761758,11.59199337712003,0.6794354838709677,97.54312084538196,0.0,-1.0,0.11,avoid:white,1
1786510536.0553865,11.497756096097778,0.6794354838709677,98.05809894107549,0.0,-1.0,0.11,avoid:white,1
1786510536.1356592,11.726802494137225,0.6733870967741936,97.4623436269791,0.0,-1.0,0.11,avoid:white,1
1786510536.2235248,11.871170743834687,0.6733870967741936,98.39491076896147,0.0,-1.0,0.11,avoid:white,1
1786510536.3059218,11.769123422997907,0.7701612903225807,96.62990267551224,0.0,-1.0,0.11,avoid:white,1
1786510536.3900404,11.818447603586014,0.7217741935483871,97.68034804968514,0.0,-1.0,0.11,avoid:white,1
1786510536.4700863,11.853240198653229,0.7701612903225807,96.71317525698043,0.0,-1.0,0.11,avoid:white,1
1786510536.5502439,11.976672521546348,0.7701612903225807,96.87112706860106,0.0,-1.0,0.11,avoid:white,1
1786510536.6328173,12.078733951265992,0.7701612903225807,96.80323685937174,0.0,-1.0,0.11,avoid:white,1
1786510536.7137663,12.055233851222162,0.7217741935483871,97.49684047631243,0.0,-1.0,0.11,avoid:white,1
1786510536.7971601,12.099967048302627,0.7217741935483871,97.20866487776043,0.0,-1.0,0.11,avoid:white,1
1786510536.8760417,12.136658567603043,0.7217741935483871,97.46769016293493,0.0,-1.0,0.11,avoid:white,1
1786510536.9626617,12.194768998087941,0.7217741935483871,97.50433086234221,0.0,-1.0,0.11,avoid:white,1
1786510537.0463877,12.103390783800297,0.7278225806451613,98.0249205787179,0.0,-1.0,0.11,avoid:white,1
1786510537.1269648,12.070527816256359,0.7217741935483871,98.0098138453818,0.0,-1.0,0.11,avoid:white,1
1786510537.2099948,12.121494125814127,0.7278225806451613,98.65614642038669,0.0,-1.0,0.11,avoid:white,1
1786510537.2955494,12.116558733956275,0.7278225806451613,98.84577444355905,0.0,-1.0,0.11,avoid:white,1
1786510537.3896816,11.97491841186936,0.7278225806451613,99.01311287165703,0.0,-1.0,0.11,avoid:white,1
1786510537.4698184,11.748149751036236,0.7278225806451613,99.41888038122192,0.0,-1.0,0.11,avoid:white,1
1786510537.554611,11.901876238552838,0.7278225806451613,99.60635640730561,0.0,-1.0,0.11,avoid:white,1
1786510537.6405933,11.856808316645385,0.7278225806451613,99.67643450080143,0.0,-1.0,0.11,avoid:white,1
1786510537.7244396,11.827366863489344,0.7338709677419355,100.3738901456078,0.0,-1.0,0.11,avoid:white,1
1786510537.8094335,11.857215723494459,0.7338709677419355,100.60216586667642,0.0,-1.0,0.11,avoid:white,1
1786510537.8987765,11.834145010509449,0.7399193548387096,101.0262540333195,0.0,-1.0,0.11,avoid:white,1
1786510537.9861944,11.707992391525858,0.7338709677419355,101.19677988022566,0.0,-1.0,0.11,avoid:white,1
1786510538.0727446,11.619866009508375,0.7399193548387096,101.8257885233775,0.0,-1.0,0.11,avoid:white,1
1786510538.1649275,11.653248312533128,0.7399193548387096,102.16206832751044,0.0,-1.0,0.11,avoid:white,1
1786510538.253102,11.478097431414971,0.7399193548387096,102.30932358641097,0.0,-1.0,0.11,avoid:white,1
1786510538.3403728,11.466350542081786,0.6915322580645161,103.11648441804714,0.0,-1.0,0.11,avoid:white,1
1786510538.4302325,11.452372274107447,0.6915322580645161,103.41531705349949,0.0,-1.0,0.11,avoid:white,1
1786510538.5163553,11.39970667858384,0.6915322580645161,103.4312992232054,0.0,-1.0,0.11,avoid:white,1
1786510538.6008036,11.410064781883799,0.7036290322580645,104.60719211107114,0.0,-1.0,0.11,avoid:white,1
1786510538.689052,11.517391414197592,0.7701612903225807,104.79312167383543,0.0,-1.0,0.11,avoid:white,1
1786510538.774975,11.490592771681612,0.7701612903225807,105.0012849019466,0.0,-1.0,0.11,avoid:white,1
1786510538.8541446,11.511332460707047,0.6431451612903225,106.16730573530927,0.0,-1.0,0.11,avoid:white,1
1786510538.9445617,11.723711073056851,0.7701612903225807,105.28591346504346,0.0,-1.0,0.11,avoid:white,1
1786510539.026525,11.591504134142987,0.7701612903225807,105.52056754392366,0.0,-1.0,0.11,avoid:white,1
1786510539.1114974,11.732904939352087,0.7217741935483871,107.30188786064043,0.0,-1.0,0.11,avoid:white,1
1786510539.194627,11.692569994541195,0.7217741935483871,107.15573866506571,0.0,-1.0,0.11,avoid:white,1
1786510539.2790716,11.812142124370613,0.7217741935483871,107.33353634207234,0.0,-1.0,0.11,avoid:white,1
1786510539.3638783,11.815019274326463,0.7278225806451613,107.64304559715929,0.0,-1.0,0.11,avoid:white,1
1786510539.4514124,11.764450112689651,0.7278225806451613,108.28930074847779,0.0,-1.0,0.11,avoid:white,1
1786510539.5350568,11.695947603594012,0.7338709677419355,108.5430110316398,0.0,-1.0,0.11,avoid:white,1
1786510539.6195858,11.759455851160288,0.7399193548387096,109.19615388245013,0.0,-1.0,0.11,avoid:white,1
1786510539.700813,11.800692498504345,0.685483870967742,110.36019338603514,0.0,-1.0,0.11,avoid:white,1
1786510539.785925,11.870227523820132,0.6915322580645161,111.6267045069378,0.0,-1.0,0.11,avoid:white,1
1786510539.8706949,11.876570984607294,0.6975806451612904,112.4084027358287,0.0,-1.0,0.11,avoid:white,1
1786510539.9529357,11.861433321339018,0.7036290322580645,112.86593262969626,0.0,-1.0,0.11,avoid:white,1
1786510540.0352376,11.935067111234375,0.7641129032258064,112.72919914953938,0.0,-1.0,0.11,avoid:white,1
1786510540.123016,11.945789995735032,0.7157258064516129,113.6178581578314,0.0,-1.0,0.11,avoid:white,1
1786510540.2028167,11.85676377113811,0.7157258064516129,113.8142267459388,0.0,-1.0,0.11,avoid:white,1
1786510540.283933,11.941263205841311,0.7217741935483871,115.01548488986026,0.0,-1.0,0.11,avoid:white,1
1786510540.36916,12.040126928846806,0.7217741935483871,114.97307942723498,0.0,-1.0,0.11,avoid:white,1
1786510540.4472122,11.999666107416164,0.7217741935483871,115.42167542650554,0.0,-1.0,0.11,avoid:white,1
1786510540.5290408,12.16542525828961,0.7217741935483871,115.33385701573579,0.0,-1.0,0.11,avoid:white,1
1786510540.6087108,12.18621030147742,0.7217741935483871,115.74067983149416,0.0,-1.0,0.11,avoid:white,1
1786510540.6902812,12.210685097655572,0.7278225806451613,116.4937970257588,0.0,-1.0,0.11,avoid:white,1
1786510540.7745664,12.200097056522342,0.7278225806451613,116.73607299873095,0.0,-1.0,0.11,avoid:white,1
1786510540.8573244,12.174986082450573,0.7278225806451613,116.96735588602652,0.0,-1.0,0.11,avoid:white,1
1786510540.9471755,12.129780517232378,0.6794354838709677,117.88685837478712,0.0,-1.0,0.11,avoid:white,1
1786510541.0373192,11.972498108011543,0.685483870967742,118.84196483044894,0.0,-1.0,0.11,avoid:white,1
1786510541.120954,11.78992328933206,0.685483870967742,119.18418702080449,0.0,-1.0,0.11,avoid:white,1
1786510541.2049232,11.832982288300657,0.6915322580645161,120.17339300519865,0.0,-1.0,0.11,avoid:white,1
1786510541.2875924,11.848245416544678,0.7036290322580645,120.92972097876213,0.0,-1.0,0.11,avoid:white,1
1786510541.3718433,11.892900457449233,0.7096774193548387,121.40997217576147,0.0,-1.0,0.11,avoid:white,1
1786510541.464905,11.863349303824206,0.6370967741935484,122.24510467690885,0.0,-1.0,0.11,avoid:white,1
1786510541.5602884,11.652660068969217,0.6431451612903225,122.38196104268859,0.0,-1.0,0.11,avoid:white,1
1786510541.6484368,11.416768738944167,0.6491935483870968,123.37003632342203,0.0,-1.0,0.11,avoid:white,1
1786510541.73884,11.403947948580901,0.7217741935483871,123.12894126193586,0.0,-1.0,0.11,avoid:white,1
1786510541.8299172,11.259559267660919,0.7278225806451613,123.92199231851112,0.0,-1.0,0.11,avoid:white,1
1786510541.910626,11.286498295827785,0.7278225806451613,124.62035004376759,0.0,-1.0,0.11,avoid:white,1
1786510541.9939604,11.501711494870968,0.7338709677419355,125.46914217219086,0.0,-1.0,0.11,avoid:white,1
1786510542.0787299,11.590527425210754,0.685483870967742,127.32254996410651,0.0,-1.0,0.11,avoid:white,1
1786510542.1628208,11.637267191193194,0.6915322580645161,128.65318956811322,0.0,-1.0,0.11,avoid:white,1
1786510542.248572,11.699038854269443,0.7036290322580645,129.74197411505273,0.0,-1.0,0.11,avoid:white,1
1786510542.335818,11.702912292710286,0.7157258064516129,130.88174417188407,0.0,-1.0,0.11,avoid:white,1
1786510542.416715,11.649332316499155,0.7217741935483871,131.46026425273587,0.0,-1.0,0.11,avoid:white,1
1786510542.5045745,11.757328631558087,0.7278225806451613,132.72410054783452,0.0,-1.0,0.11,avoid:white,1
1786510542.5881424,11.70626752226707,0.6794354838709677,134.63056730296407,0.0,-1.0,0.11,avoid:white,1
1786510542.6691453,11.763509623808343,0.685483870967742,135.3984798275026,0.0,-1.0,0.11,avoid:white,1
1786510542.7537754,11.875113856944802,0.6915322580645161,136.49141015412462,0.0,-1.0,0.11,avoid:white,1
1786510542.842572,11.874458610437609,0.0,138.59134137015548,0.0,-1.0,0.11,avoid:white,1
1786510542.935904,11.715660872015322,0.0,139.17789513950402,0.0,-1.0,0.11,avoid:white,1
1786510543.0186725,11.539991066810826,0.0,139.70655909713216,0.0,-1.0,0.11,avoid:white,1
1786510543.103091,11.644980110668236,0.0,140.9116759119922,0.0,-1.0,0.11,avoid:white,1
1786510543.1857665,11.647764603729954,0.0,142.5173930220194,0.0,-1.0,0.11,avoid:white,1
1786510543.2678668,11.74934038978845,0.0,143.6552999193484,0.0,-1.0,0.11,avoid:white,1
1786510543.3561876,11.87346027664994,0.0,145.9416426345141,0.0,-1.0,0.11,avoid:white,1
1786510543.4408617,11.768163274246518,0.0,146.40857709911677,0.0,-1.0,0.11,avoid:white,1
1786510543.5254068,11.773797935242678,0.0,146.74787088328054,0.0,-1.0,0.11,avoid:white,1
1786510543.6085887,11.775485335601555,0.0,147.60107239529296,0.0,-1.0,0.11,avoid:white,1
1786510543.6907117,11.811328660602259,0.0,148.18582242208157,0.0,-1.0,0.11,avoid:white,1
1786510543.7746444,11.865015180961375,0.0,149.21662191535592,0.0,-1.0,0.11,avoid:white,1
1786510543.8559585,11.8701293570204,0.0,150.58538917575052,0.0,-1.0,0.11,avoid:white,1
1786510543.943732,11.98076563511912,0.0,152.3210614565867,0.0,-1.0,0.11,avoid:white,1
1786510544.034718,11.871978742765556,0.0,153.0349383976088,0.0,-1.0,0.11,avoid:white,1
1786510544.1234975,11.706850611177767,0.0,153.54159983961515,0.0,-1.0,0.11,avoid:white,1
1786510544.2133212,11.620304942349485,0.0,153.97957826055256,0.0,-1.0,0.11,avoid:white,1
1786510544.3108213,11.522258141796087,0.0,154.92806202236557,0.0,-1.0,0.11,avoid:white,1
1786510544.3998716,11.268792149964138,0.0,155.58764888416755,0.0,-1.0,0.11,avoid:white,1
1786510544.4890373,11.25802675553254,0.0,157.33528648228116,0.0,-1.0,0.11,avoid:white,1
1786510544.5779443,11.235942011892677,0.0,157.7564042536196,0.0,-1.0,0.11,avoid:white,1
1786510544.662116,11.252138580737958,0.0,158.8723786653488,0.0,-1.0,0.11,avoid:white,1
1786510544.7597318,11.36445202426482,0.9516129032258064,34.59601660176571,0.0,-1.0,0.11,avoid:white,1
1786510544.8538811,11.149328654910525,0.0,160.72564901422248,0.0,-1.0,0.11,avoid:white,1
1786510544.9516535,11.011575808985553,0.939516129032258,36.38939825033921,0.0,-1.0,0.11,avoid:white,1
1786510545.042362,10.870390969402406,0.0,162.52374892796854,0.0,-1.0,0.11,avoid:white,1
1786510545.1345387,10.911150286516774,0.9032258064516129,38.4606656578713,0.0,-1.0,0.11,avoid:white,1
1786510545.2254393,10.899358354072355,0.8548387096774193,39.827870282226286,0.0,-1.0,0.11,avoid:white,1
1786510545.3164415,10.92024176232253,0.8608870967741936,40.8316712425098,0.0,-1.0,0.11,avoid:white,1
1786510545.4086537,10.928679070863877,0.8366935483870968,42.23290710626482,0.0,-1.0,0.11,avoid:white,1
1786510545.4964666,10.927839082771394,0.8245967741935484,43.250300744697675,0.0,-1.0,0.11,avoid:white,1
1786510545.5899038,10.974564255032703,0.8125,44.36924747774518,0.0,-1.0,0.11,avoid:white,1
1786510545.6980352,10.95161796412687,1.0,44.98723853315815,0.0,-1.0,0.11,avoid:white,1
1786510545.7958372,10.612064002750067,0.9213709677419355,46.31909279973944,0.0,-1.0,0.11,avoid:white,1
1786510545.888639,10.521578056081406,0.8911290322580645,47.88161315555072,0.0,-1.0,0.11,avoid:white,1
1786510545.9828124,10.582414975255114,0.8669354838709677,49.34418309763586,0.0,-1.0,0.11,avoid:white,1
1786510546.0753505,10.59270708773059,0.8548387096774193,50.13394838223316,0.0,-1.0,0.11,avoid:white,1
1786510546.1645365,10.618149422910697,0.8366935483870968,51.27053902999566,0.0,-1.0,0.11,avoid:white,1
1786510546.2446542,10.74928837159403,0.4435483870967742,79.27053902999566,0.0,-1.0,0.11,avoid:white,1
1786510546.3424397,11.067769927054215,1.0,53.47702913488981,0.0,-1.0,0.11,avoid:white,1
1786510546.436267,10.903199915549624,0.8185483870967742,54.38109524916404,0.0,-1.0,0.11,avoid:white,1
1786510546.5194323,10.88746101042464,0.467741935483871,82.38109524916405,0.0,-1.0,0.11,avoid:white,1
1786510546.6067557,11.057851595640503,0.7701612903225807,56.69487632043413,0.0,-1.0,0.11,avoid:white,1
1786510546.6992671,11.186718406037455,0.8487903225806451,58.03850439872513,0.0,-1.0,0.11,avoid:white,1
1786510546.7953904,11.09083324288645,0.7399193548387096,59.358709959043125,0.0,-1.0,0.11,avoid:white,1
1786510546.8842306,10.9664210013369,0.6673387096774193,55.28776644291457,0.0,-1.0,0.11,avoid:white,1
1786510546.9655623,11.035236421315767,0.6129032258064516,62.497703949094905,0.0,-1.0,0.11,avoid:white,1
1786510547.0747619,11.265299949490025,1.0,62.761002041579665,0.0,-1.0,0.11,avoid:white,1
1786510547.177004,10.854420126763843,1.0,64.05445701535056,0.0,-1.0,0.11,avoid:white,1
1786510547.2765174,10.633696324632258,0.8911290322580645,65.84555701748434,0.0,-1.0,0.11,avoid:white,1
1786510547.3736243,10.524840552157356,0.8548387096774193,67.286573543909,0.0,-1.0,0.11,avoid:white,1
1786510547.4632368,10.469081681080239,0.7943548387096775,69.28663045145696,0.0,-1.0,0.11,avoid:white,1
1786510547.542499,10.619230945501192,0.5584677419354839,68.54213877132851,0.0,-1.0,0.11,avoid:white,1
1786510547.6389818,11.01696360870706,1.0,72.60582618565473,0.0,-1.0,0.11,avoid:white,1
1786510547.714257,10.876267860985232,0.5100806451612904,71.33988331577544,0.0,-1.0,0.11,avoid:white,1
1786510547.7982876,11.335361796745238,0.5100806451612904,81.70392851618107,0.0,-1.0,0.11,avoid:white,1
1786510547.884242,11.471454848425125,0.4616935483870968,68.5701766701763,0.0,-1.0,0.11,avoid:white,1
1786510547.963501,11.514354534894485,0.45564516129032256,76.29202635599749,0.0,-1.0,0.11,avoid:white,1
1786510548.033556,11.718943100450824,0.41259216589861747,62.70818070818087,0.0,-1.0,0.11,avoid:white,1
1786510548.1281877,12.250689547336085,0.8790322580645161,90.70818070818086,0.0,-1.0,0.11,avoid:white,1
1786510548.228659,11.914145492575548,0.8185483870967742,118.70818070818086,0.0,-1.0,0.11,avoid:white,1
1786510548.3206646,11.51387758754656,0.7157258064516129,90.70818070818086,0.0,-0.7200000000000001,0.118,follow,1
1786510548.4351985,11.388109872077667,1.0,118.70818070818086,0.0,-0.08000000000000007,0.11334383366653253,follow,1
1786510548.5186894,10.860926990937283,0.5887096774193548,91.19645656068094,0.0,-0.7200000000000001,0.12134383366653254,follow,1
1786510548.608433,11.08052041749898,0.6189516129032258,92.88143147802192,0.0,-0.2832356348319074,0.12934383366653254,follow,1
1786510548.7071552,11.09540846233631,0.9637096774193549,92.17071367053308,0.0,-0.4922283697720366,0.09517819551058468,follow,1
1786510548.7883,10.870360938680427,0.6068548387096775,96.57177820618668,0.0,-0.10071644323084894,0.10317819551058469,follow,1
1786510548.869451,11.194550678885618,0.6008064516129032,97.18645605832214,0.0,-0.23344353288733782,0.1111781955105847,follow,1
1786510548.9534605,11.374208537785233,0.594758064516129,96.71628306327133,0.0,-0.3629576148172661,0.11127392103485717,follow,1
1786510549.0322957,11.533783078330014,0.564516129032258,97.37850749879037,0.0,-0.31994587441519207,0.10601091667102612,follow,1
1786510549.110222,11.7616175479533,0.5524193548387096,103.69737787422685,0.0,0.2534096837659924,0.11401091667102611,follow,1
1786510549.1965802,11.91920867177442,0.5463709677419355,101.78717248601599,0.0,-0.3038653050879606,0.11227032605561332,follow,1
1786510549.268794,11.89106799782473,0.5040322580645161,101.69417168197705,0.0,-0.3009151752058873,0.09777004403817668,follow,1
1786510549.3445492,12.299224140646952,0.48588709677419356,103.43818718491374,0.0,-0.1727270610503585,0.09804986175893149,follow,1
1786510549.4223545,12.484261740088076,0.45564516129032256,114.22083651642504,0.0,0.4672729389496415,0.1060498617589315,follow,1
1786510549.4975493,12.521379959874587,0.4096889400921659,121.38946448434751,0.0,0.9892833099055564,0.09,follow,1
1786510549.5828345,12.673895729239513,0.6673387096774193,107.21306949226764,0.0,0.34928330990555634,0.09,follow,1
1786510549.6736882,12.472956297713772,0.7157258064516129,107.96621433197052,0.0,-0.12809583942916386,0.09,follow,1
1786510549.7632217,12.188211140062222,0.5766129032258065,107.9780971125312,0.0,-0.18424892515112373,0.09,follow,1
1786510549.8610773,12.015367587877948,0.8608870967741936,108.40954927131779,0.0,-0.16542056875953012,0.09,follow,1
1786510549.9396536,11.656904233574007,0.5887096774193548,109.84153388958325,0.0,-0.09750649174391557,0.09,follow,1
1786510550.0245588,11.851152300979676,0.6068548387096775,109.35177300207891,0.0,-0.21587728061811085,0.09,follow,1
1786510550.107162,11.851782737007873,0.625,111.2578343374633,0.0,-0.03560753008877504,0.098,follow,1
1786510550.2001367,11.893725248110137,0.9637096774193549,109.2938559117392,0.0,-0.3347743844314612,0.09,follow,1
1786510550.2836246,11.66589454356781,0.6129032258064516,113.64050452310165,0.0,0.13772770069417178,0.098,follow,1
1786510550.368499,11.727283586190303,0.6008064516129032,111.93028084530434,0.0,-0.21093121106042917,0.10600000000000001,follow,1
1786510550.461715,11.723727060541618,0.8971774193548387,110.12487311825407,0.0,-0.35493255962140646,0.09474747284773997,follow,1
1786510550.5408714,11.546636084519468,0.5524193548387096,111.60497922245824,0.0,-0.15132488741374817,0.10014680290677318,follow,1
1786510550.6243448,11.763780287730533,0.5524193548387096,112.68890340751696,0.0,-0.10882244364057007,0.09961679191776317,follow,1
1786510550.7229767,11.807162594426238,0.9576612903225807,108.71628998479399,0.0,-0.5374958094605705,0.09,follow,1
1786510550.7984273,11.467336050039407,0.5040322580645161,111.43443142223593,0.0,-0.08446359851655916,0.098,follow,1
1786510550.8796637,11.804395922699698,0.49798387096774194,112.07786116322755,0.0,-0.10934697739162993,0.10600000000000001,follow,1
1786510550.960929,11.928296283165919,0.49193548387096775,111.22595166386895,0.0,-0.23083194238333288,0.11400000000000002,follow,1
1786510551.0372279,11.995546198885608,0.4616935483870968,119.95323505323667,0.0,0.40916805761666714,0.09,follow,1
1786510551.1170986,12.210437680288823,0.4495967741935484,101.07983193277336,0.0,-0.23083194238333288,0.09,follow,1
1786510551.1950524,12.289922383857848,0.3765437788018433,110.43577533577529,0.0,0.14686366179298005,0.098,follow,1
1786510551.282905,12.391683488862046,0.7338709677419355,106.68731995823693,0.0,-0.49313633820701996,0.09,follow,1
1786510551.3674207,12.153112250018076,0.5524193548387096,106.33220288115245,0.0,-0.4802719918600353,0.09,follow,1
1786510551.46109,12.124921493327104,0.7762096774193549,106.2260167898721,0.0,-0.48328650379307614,0.09,follow,1
1786510551.542509,11.84443580568395,0.5584677419354839,108.3917695844667,0.0,-0.30151944054378116,0.098,follow,1
1786510551.6257944,11.91800286601659,0.5584677419354839,107.4682425771472,0.0,-0.4793743848397072,0.09,follow,1
1786510551.7104821,11.949180134349318,0.5887096774193548,107.95595424690224,0.0,-0.3932960187747193,0.0902201910149975,follow,1
1786510551.7923648,11.90974903112577,0.6068548387096775,106.88504731854769,0.0,-0.5284912756184319,0.09,follow,1
1786510551.8835275,11.921068738348069,0.8669354838709677,105.0033958943274,0.0,-0.6825357486354763,0.09,follow,1
1786510551.9703798,11.770729699080023,0.6129032258064516,107.46579031346316,0.0,-0.38011434415650636,0.098,follow,1
1786510552.056322,11.711136689081378,0.6008064516129032,108.46179519517685,0.0,-0.38516476159604196,0.10600000000000001,follow,1
1786510552.1379442,11.708679083068791,0.594758064516129,107.69495869875013,0.0,-0.49424372923789306,0.11400000000000002,follow,1
1786510552.219615,11.813388889822068,0.5584677419354839,108.10445048846825,0.0,-0.42644060795440264,0.12200000000000003,follow,1
1786510552.3004777,11.903165982397962,0.5524193548387096,106.977652137778,0.0,-0.54257800739464,0.11832848422545166,follow,1
1786510552.3866825,11.973330059065905,0.5463709677419355,107.97994048683304,0.0,-0.38239242484384456,0.12632848422545165,follow,1
1786510552.4663627,11.865272958900011,0.5100806451612904,106.7806240838008,0.0,-0.5411421937277998,0.12196595937094451,follow,1
1786510552.556861,11.923337853772948,0.5040322580645161,106.17120684193827,0.0,-0.5597893732973854,0.11699232785191643,follow,1
1786510552.6346965,11.87284197301813,0.49193548387096775,108.53830548463134,0.0,-0.3073212402591368,0.12499232785191644,follow,1
1786510552.71488,12.020702162056564,0.4616935483870968,112.7667485667503,0.0,0.026364454691526817,0.10791101756965195,follow,1
1786510552.8045304,12.145617322245904,0.4495967741935484,110.59957582739652,0.0,-0.40036766455507655,0.11591101756965194,follow,1
1786510552.894433,11.952977189929397,0.7641129032258064,101.74483996785162,0.0,-1.0,0.09,follow,1
1786510552.9873765,11.781258376650591,0.6612903225806451,102.65453452338386,0.0,-0.6716938029766724,0.09,follow,1
1786510553.0835264,11.554605502052599,0.685483870967742,102.87753708167784,0.0,-0.7047616524753997,0.09,follow,1
1786510553.179795,11.31056151772836,0.7762096774193549,102.17681409124606,0.0,-0.7825269043693508,0.09,follow,1
1786510553.2691483,11.143875163360674,0.5524193548387096,103.66010250253932,0.0,-0.6969252400912861,0.09,follow,1
1786510553.3523545,11.18261636767146,0.5826612903225806,103.27158376214952,0.0,-0.8019102725093086,0.09,follow,1
1786510553.4439995,11.351661253130843,0.9455645161290323,101.42184341887321,0.0,-0.9934674792865468,0.09,follow,1
1786510553.529101,11.240250145566389,0.6068548387096775,106.8746838328249,0.0,-0.42921736503267127,0.098,follow,1
1786510553.6179857,11.370143549699506,0.6008064516129032,107.81134455073993,0.0,-0.5618973715275659,0.10600000000000001,follow,1
1786510553.7036574,11.316057452244396,0.5584677419354839,108.97337756583059,0.0,-0.5004613662779372,0.11400000000000002,follow,1
1786510553.7884033,11.4063625038354,0.5463709677419355,108.55943475262463,0.0,-0.5991090333786422,0.12200000000000003,follow,1
1786510553.876212,11.456989463079715,0.5342741935483871,115.93159442315358,0.0,0.04089096662135783,0.09320649182357944,follow,1
1786510553.9686801,11.402528312867535,0.5040322580645161,118.73835920177378,0.0,0.09386455571315969,0.09,follow,1
1786510554.041933,11.341040315141997,0.49193548387096775,118.2666050092405,0.0,-0.05992766158284407,0.09,follow,1
1786510554.122033,11.81538066238208,0.4616935483870968,122.63343863343898,0.0,0.39798109523007436,0.09,follow,1
1786510554.2078476,11.953630764337888,0.4495967741935484,119.98830213903507,0.0,-0.10724129955740042,0.09,follow,1
1786510554.2928593,11.876749432541956,0.685483870967742,102.07898427216386,0.0,-0.7472412995574005,0.09,follow,1
1786510554.3758502,11.88097573875607,0.7278225806451613,101.77920971433632,0.0,-0.9632159604349377,0.09,follow,1
1786510554.4690201,11.882063013916595,0.7399193548387096,101.96160982305278,0.0,-0.9662121078662319,0.09,follow,1
1786510554.5517204,11.670896961156792,0.5100806451612904,106.10953142149957,0.0,-0.6760228572862893,0.098,follow,1
1786510554.6359518,11.730998828131165,0.5282258064516129,105.82605822330619,0.0,-0.8912904110702513,0.10142173309442812,follow,1
1786510554.72164,11.782056360428935,0.5524193548387096,105.08835672730618,0.0,-0.9663041003230325,0.09,follow,1
1786510554.8123448,11.76059457253238,0.8185483870967742,102.88728465437126,0.0,-1.0,0.09,follow,1
1786510554.8915627,11.615111455407323,0.5705645161290323,105.17097380360386,0.0,-0.8607672620191869,0.09,follow,1
1786510554.9825556,11.7813143663362,0.8790322580645161,102.05274752953596,0.0,-1.0,0.09,follow,1
1786510555.07298,11.654144995081007,0.8790322580645161,101.77239841354842,0.0,-1.0,0.09,follow,1
1786510555.156352,11.524730957735308,0.564516129032258,110.0368287373004,0.0,-0.529235087122888,0.098,follow,1
1786510555.2375512,11.621496687235837,0.5524193548387096,108.65225597931452,0.0,-0.7907602336070453,0.10600000000000001,follow,1
1786510555.329522,11.771950628330812,0.5403225806451613,106.41718811946578,0.0,-0.9399957086594926,0.11400000000000002,follow,1
1786510555.414695,11.44965832086416,0.5161290322580645,112.1624674449245,0.0,-0.29999570865949254,0.09,follow,1
1786510555.4954793,11.675993187496271,0.5040322580645161,112.91764333227748,0.0,-0.3984106563133371,0.09,follow,1
1786510555.5920587,11.714739328572538,0.48588709677419356,114.50205458247802,0.0,-0.28369958495562053,0.09,follow,1
1786510555.6778917,11.523930589612913,0.4616935483870968,110.47568737568835,0.0,-0.7445056998192479,0.098,follow,1
1786510555.7670586,11.557339887542039,0.4375,113.13726109818876,0.0,-0.3439618921295357,0.10600000000000001,follow,1
1786510555.8592167,11.492377787464306,0.6370967741935484,97.02610296289721,0.0,-0.9839618921295357,0.09,follow,1
1786510555.9526358,11.363638860613214,0.6491935483870968,97.19081822479531,0.0,-1.0,0.09,follow,1
1786510556.0498788,11.2140913624279,0.6733870967741936,97.12454625450911,0.0,-1.0,0.09,follow,1
1786510556.1466,11.049189338906093,0.6975806451612904,97.13358794988224,0.0,-1.0,0.09,follow,1
1786510556.2519567,10.900656602753523,0.7217741935483871,97.55340075480827,0.0,-1.0,0.09,follow,1
1786510556.3555999,10.620644580235899,0.7096774193548387,98.29547730363501,0.0,-1.0,0.09,follow,1
1786510556.4481676,10.424041390780229,0.5705645161290323,98.82971868432456,0.0,-1.0,0.09,follow,1
1786510556.5510995,10.502644931617626,0.7762096774193549,99.06192922257549,0.0,-1.0,0.09,follow,1
1786510556.6462414,10.343092950236949,0.5584677419354839,106.7669329560558,0.0,-0.7343409882462636,0.098,follow,1
1786510556.7377424,10.372175966228495,0.5524193548387096,103.78953596823257,0.0,-1.0,0.0968054292803959,follow,1
1786510556.8352993,10.494767492784558,0.8245967741935484,97.48944755071301,0.0,-1.0,0.09,follow,1
1786510556.9249835,10.441517757544876,0.5161290322580645,118.00955051015714,0.0,-1.0,0.09,follow,1
1786510557.010134,10.578037988871172,0.49798387096774194,115.8823371750206,0.0,-0.5457401677036281,0.09,follow,1
1786510557.0924394,10.812344822487594,0.4737903225806452,123.08698982383076,0.0,0.09425983229637191,0.09,follow,1
1786510557.1832983,11.080275235064644,0.4495967741935484,126.42392770891294,0.0,0.2761818214269441,0.09,follow,1
1786510557.2723517,11.049267687328433,0.6794354838709677,98.42392770891294,0.0,-0.36381817857305593,0.09,follow,1
1786510557.3672607,11.112741710222739,0.6915322580645161,96.13080705633263,0.0,-1.0,0.09,follow,1
1786510557.4484825,10.973783178396515,0.5040322580645161,99.51007082820713,0.0,-1.0,0.09,follow,1
1786510557.533828,11.2478212248148,0.5161290322580645,99.83175712053257,0.0,-1.0,0.09,follow,1
1786510557.6259937,11.331652782088009,0.6733870967741936,98.35804751784349,0.0,-1.0,0.09,follow,1
1786510557.7079048,11.25212803441551,0.6975806451612904,98.51741859740055,0.0,-1.0,0.09,follow,1
1786510557.7974803,11.452876720792009,0.5524193548387096,102.88062355711587,0.0,-1.0,0.09,follow,1
1786510557.883615,11.340562632081735,0.5766129032258065,99.22703234920147,0.0,-1.0,0.09,follow,1
1786510557.9715087,11.453754295960017,0.7701612903225807,99.36834767077377,0.0,-1.0,0.09,follow,1
1786510558.056894,11.440423021994198,0.564516129032258,110.1067368166424,0.0,-0.9643785822338483,0.098,follow,1
1786510558.137954,11.499264064685368,0.5463709677419355,106.20657020254815,0.0,-1.0,0.09,follow,1
1786510558.2251198,11.656561500000109,0.7278225806451613,101.11672518761085,0.0,-1.0,0.09,follow,1
1786510558.3064475,11.613418233463001,0.5221774193548387,124.72531508749648,0.0,-1.0,0.09,follow,1
1786510558.3844998,11.756602687805406,0.5040322580645161,118.75593918276768,0.0,-0.8180588345569406,0.09,follow,1
1786510558.4620035,11.939356357336486,0.4798387096774194,117.70646405514836,0.0,-0.6349091237864006,0.09710011963968583,follow,1
1786510558.5431702,12.174739549389212,0.4616935483870968,125.53250263250101,0.0,0.005090876213599382,0.09,follow,1
1786510558.6322653,12.198842721697538,0.7580645161290323,97.53250263250101,0.0,-0.6349091237864006,0.09,follow,1
1786510558.7110448,11.982249202999844,0.4314516129032258,125.53250263250101,0.0,0.005090876213599382,0.09,follow,1
1786510558.784493,12.077607418816399,0.4012096774193548,153.532502632501,0.0,0.6450908762135994,0.09,follow,1
1786510558.8585997,12.470883369499191,0.48588709677419356,125.53250263250101,0.0,0.005090876213599382,0.09,follow,1
1786510558.9518998,12.611247629605632,0.8669354838709677,97.53250263250101,0.0,-0.6349091237864006,0.09,follow,1
1786510559.0316634,12.276393108723784,0.5161290322580645,101.66721282593284,0.0,-1.0,0.09,follow,1
1786510559.111245,12.301928922481613,0.5282258064516129,97.18450824152598,0.0,-1.0,0.09,follow,1
1786510559.205383,12.387485786944808,0.9213709677419355,98.51195915575023,0.0,-1.0,0.09,follow,1
1786510559.2890985,12.007097961463979,0.5463709677419355,98.76546422824413,0.0,-1.0,0.09,follow,1
1786510559.3716764,11.987399081886398,0.5584677419354839,100.78142235123342,0.0,-1.0,0.09,follow,1
1786510559.4751785,12.048490133671256,0.9818548387096775,99.06898397665726,0.0,-1.0,0.09,follow,1
1786510559.5752017,11.56544066593154,0.9879032258064516,99.40568720525648,0.0,-1.0,0.09,follow,1
1786510559.6580088,11.231656886835047,0.7157258064516129,98.62123951997378,0.0,-1.0,0.098,follow,1
1786510559.7514515,11.449013489495828,0.7399193548387096,98.57509456025875,0.0,-1.0,0.10600000000000001,follow,1
1786510559.8413603,11.292433333876085,0.752016129032258,97.8484359427645,0.0,-1.0,0.11027145451083036,follow,1
1786510559.948786,11.26553780319215,0.6975806451612904,97.4030814123424,0.0,-1.0,0.10806813622476766,follow,1
1786510560.0477827,10.87241200580065,0.7641129032258064,96.24126223276042,0.0,-1.0,0.11177360920289305,follow,1
1786510560.149279,10.709693089854548,0.782258064516129,94.87585158414929,0.0,-1.0,0.1109787857511646,follow,1
1786510560.2350657,10.549366224522185,0.4012096774193548,122.87585158414929,0.0,-1.0,0.09,follow,1
1786510560.3370073,10.745383118876227,0.8306451612903225,94.87585158414929,0.0,-1.0,0.098,follow,1
1786510560.4294696,10.576611196468079,0.8548387096774193,94.53916137832269,0.0,-1.0,0.10600000000000001,follow,1
1786510560.5094001,10.590813360689324,0.5161290322580645,91.39388402295279,0.0,-1.0,0.09,follow,1
1786510560.6082103,11.017349921010904,0.9334677419354839,94.86544998510121,0.0,-1.0,0.098,follow,1
1786510560.6915417,10.80694639740826,0.6673387096774193,94.81201344033964,0.0,-1.0,0.10600000000000001,follow,1
1786510560.7825744,11.049032379725467,0.6733870967741936,95.19146001327655,0.0,-1.0,0.11037957238923973,follow,1
1786510560.8732872,11.063425958826093,0.685483870967742,95.63918454575412,0.0,-1.0,0.11268705075589282,follow,1
1786510560.959509,11.064532476891273,0.685483870967742,95.96417201841177,0.0,-1.0,0.11172996648640388,follow,1
1786510561.0450516,11.133895474863648,0.7036290322580645,96.78612029214774,0.0,-1.0,0.1151268241303072,follow,1
1786510561.1384997,11.229906348889386,0.7459677419354839,97.28376475316676,0.0,-1.0,0.11664942447272819,follow,1
1786510561.2290182,11.133259871811301,0.782258064516129,98.11793964349988,0.0,-1.0,0.12033402560603038,follow,1
1786510561.3163984,11.144557609676802,0.8064516129032258,98.7035669797561,0.0,-1.0,0.12244897256635183,follow,1
1786510561.3991432,11.204697653664748,0.49798387096774194,99.8223794356518,0.0,-1.0,0.0902150830941743,follow,1
1786510561.4959493,11.391981243720881,0.8064516129032258,99.91568882909041,0.0,-1.0,0.09821508309417429,follow,1
1786510561.5951006,11.155090642134512,0.8306451612903225,100.7502205619118,0.0,-1.0,0.1062150830941743,follow,1
1786510561.6797166,10.96619481912472,0.5161290322580645,104.80434344893499,0.0,-1.0,0.1142150830941743,follow,1
1786510561.7598329,11.128266807103104,0.5403225806451613,98.50543690649144,0.0,-1.0,0.09,follow,1
1786510561.8576472,11.357818716564552,0.9455645161290323,103.25980124659468,0.0,-1.0,0.098,follow,1
1786510561.939949,11.156615642293477,0.5584677419354839,103.11273066556076,0.0,-1.0,0.10155088849936562,follow,1
1786510562.0243537,11.33525705204647,0.6975806451612904,104.70157092564811,0.0,-1.0,0.10955088849936562,follow,1
1786510562.1208568,11.470685413993435,0.7157258064516129,105.45015617294105,0.0,-1.0,0.11755088849936562,follow,1
1786510562.2319472,11.238660447261426,0.7096774193548387,106.64040451724655,0.0,-1.0,0.12555088849936563,follow,1
1786510562.3284752,10.77159334536487,0.7278225806451613,107.85090949837789,0.0,-1.0,0.12945705316617667,follow,1
1786510562.4197664,10.721790354524618,0.7762096774193549,109.34102765943682,0.0,-1.0,0.13499242708789352,follow,1
1786510562.523345,10.747346693736876,0.8064516129032258,110.4738970818504,0.0,-1.0,0.13734675412211814,follow,1
1786510562.6339378,10.5228415018125,0.8487903225806451,111.95616993931671,0.0,-0.9585345076798544,0.14282862121918777,follow,1
1786510562.7284968,10.234288084629927,0.8125,112.85817932524904,0.0,-0.9672255302557962,0.1401038170556811,follow,1
1786510562.824454,10.314759355692921,0.8487903225806451,113.50352818492448,0.0,-0.960594563613689,0.14277505654607067,follow,1
1786510562.9091556,10.339558172124612,0.5282258064516129,115.2964286715438,0.0,-0.8062421828130013,0.12022402684599863,follow,1
1786510563.0058002,10.636853035070807,0.9213709677419355,115.68627230916141,0.0,-0.860847762468015,0.12822402684599862,follow,1
1786510563.0932922,10.53204353084373,0.5705645161290323,115.60455058568256,0.0,-0.9014845296933228,0.09322402684599862,follow,1
1786510563.1744432,10.77125300877312,0.5584677419354839,118.82862143405987,0.0,-0.6058906624100299,0.10122402684599863,follow,1
1786510563.2672348,11.050991230572869,0.5584677419354839,119.64194484760517,0.0,-0.6812580956748383,0.10922402684599863,follow,1
1786510563.3492684,11.012378772500522,0.5100806451612904,127.18773342369556,0.0,-0.04125809567483829,0.09993091682980983,follow,1
1786510563.4539053,11.252257827088776,0.9576612903225807,121.82478577360266,0.0,-0.6812580956748383,0.10793091682980982,follow,1
1786510563.5513203,10.89151805179923,0.7399193548387096,123.015793199211,0.0,-0.5490005705165403,0.11593091682980983,follow,1
1786510563.656269,10.797548428783017,0.7943548387096775,124.60803811072498,0.0,-0.49932804334529507,0.12393091682980983,follow,1
1786510563.7476404,10.530717122076604,0.5040322580645161,129.056846726728,0.0,-0.20058360330253722,0.13193091682980984,follow,1
1786510563.8524122,10.627181938231136,0.842741935483871,129.38144728369323,0.0,-0.339773282375082,0.13993091682980985,follow,1
1786510563.9445014,10.408697580676998,0.5342741935483871,128.0382653061208,0.0,-0.48449723578442017,0.10493091682980984,follow,1
1786510564.0402417,10.493629151216847,0.9455645161290323,132.5634022406947,0.0,-0.07435989150580935,0.11293091682980985,follow,1
1786510564.1268892,10.445726829146409,0.564516129032258,133.0268505079827,0.0,-0.23768853398415513,0.09,follow,1
1786510564.215758,10.718821193513955,0.5584677419354839,135.65889304923724,0.0,-0.039702035622884546,0.098,follow,1
1786510564.3050368,10.818203270794493,0.5221774193548387,144.72080434749967,0.0,0.6002979643771155,0.09016390071958309,follow,1
1786510564.389697,10.880964016925292,0.5040322580645161,145.8280012670258,0.0,0.43127728037246893,0.09657200402373285,follow,1
1786510564.48772,11.034357628437341,0.9637096774193549,138.58960652777043,0.0,-0.20872271962753108,0.10457200402373285,follow,1
1786510564.5800476,10.91557058957317,0.7399193548387096,139.48067135613917,0.0,0.012327430022818886,0.11257200402373285,follow,1
1786510564.6833243,10.890915255249935,0.9758064516129032,140.2267883222514,0.0,0.036776393819535125,0.12057200402373286,follow,1
1786510564.7783241,10.65369251973753,0.7883064516129032,140.89545170056599,0.0,0.086319740479474,0.12857200402373287,follow,1
1786510564.8644989,10.624429121020572,0.5100806451612904,141.88979823353074,0.0,0.15498486384559584,0.09357200402373286,follow,1
1786510564.964446,10.828277798687017,0.8790322580645161,142.83021538268528,0.0,0.16046118029102374,0.10157200402373287,follow,1
1786510565.0592034,10.66452174128874,0.5403225806451613,139.2047823963064,0.0,-0.21143916808301733,0.09,follow,1
1786510565.1544652,10.606882247929066,0.9092741935483871,144.03102153387673,0.0,0.3503781994216757,0.098,follow,1
1786510565.2454977,10.583903220755428,0.5584677419354839,146.48374089839123,0.0,0.3873512165965708,0.10600000000000001,follow,1
1786510565.344418,10.704319976787827,0.939516129032258,144.60145096292098,0.0,0.10877198593186022,0.11400000000000002,follow,1
1786510565.4451046,10.577220829398106,0.939516129032258,144.8518883781212,0.0,0.2001534572502759,0.12200000000000003,follow,1
1786510565.5286746,10.436094480685396,0.5161290322580645,161.24898428164389,0.0,0.8401534572502759,0.09,follow,1
1786510565.613678,10.749910219192339,0.49798387096774194,151.33858214955825,0.0,0.2001534572502759,0.098,follow,1
1786510565.7154531,10.964368627142527,0.939516129032258,144.32473927218965,0.0,-0.09597349795214238,0.10600000000000001,follow,1
1786510565.8192105,10.742612218234887,0.8245967741935484,116.32473927218965,0.0,0.4906400903543461,0.09,follow,1
1786510565.9097927,10.512206705485585,0.7278225806451613,143.23734777880355,0.0,1.0,0.098,follow,1
1786510566.0020914,10.630588714658588,0.6673387096774193,115.23734777880355,0.0,0.4729404129866853,0.09,follow,1
1786510566.0963461,10.664125506479772,0.6915322580645161,87.23734777880355,0.0,-0.1670595870133147,0.09,follow,1
1786510566.1942542,10.653342550316907,0.872983870967742,59.53649419971765,0.0,-0.8070595870133147,0.09,follow,1
1786510566.2920272,10.561355139573411,0.8487903225806451,87.53649419971765,0.0,-0.6326376757809347,0.098,follow,1
1786510566.3973565,10.502431008582302,0.872983870967742,115.53649419971765,0.0,0.007362324219065353,0.10600000000000001,follow,1
1786510566.493952,10.304050068385484,0.8911290322580645,140.478819138306,0.0,0.6473623242190654,0.11400000000000002,follow,1
1786510566.589634,10.276491358547625,0.8608870967741936,112.478819138306,0.0,0.4230840568387175,0.09,follow,1
1786510566.6911883,10.283724969713482,0.9274193548387096,139.01603913331033,0.0,1.0,0.098,follow,1
1786510566.781616,10.238886822754658,0.9274193548387096,138.28559514157146,0.0,0.3832609168254072,0.10600000000000001,follow,1
1786510566.8846197,10.397797260302944,1.0,110.28559514157146,0.0,-0.21460724299576606,0.09,follow,1
1786510566.9846487,10.2591667236244,0.8971774193548387,82.28559514157146,0.0,-0.8546072429957661,0.09,follow,1
1786510567.0914364,10.213309341772684,0.8971774193548387,54.28559514157146,0.0,-1.0,0.098,follow,1
1786510567.1970048,10.039653303051564,0.9274193548387096,43.209428463896884,0.0,-1.0,0.1056351950678768,follow,1
1786510567.30024,9.935760450688042,0.9576612903225807,39.889052241817026,0.0,-1.0,0.09852920243928724,follow,1
1786510567.4052706,9.891898622833525,1.0,37.66358365225334,0.0,-1.0,0.09,follow,1
1786510567.507211,9.813147518025666,1.0,35.874603623988264,0.0,-1.0,0.09,follow,1
1786510567.6140633,9.801414401073663,1.0,36.39855830939521,0.0,-1.0,0.09,follow,1
1786510567.7180347,9.717272853851377,1.0,36.98103479161344,0.0,-1.0,0.09,follow,1
1786510567.8271246,9.704162748898414,1.0,34.139191777666895,0.0,-1.0,0.09,follow,1
1786510567.923782,9.589586677502728,1.0,31.932179616632617,0.0,-1.0,0.098,follow,1
1786510568.0359554,9.752854935160617,1.0,31.18915122246038,0.0,-1.0,0.10158045857006638,follow,1
1786510568.1239066,9.581913236396536,0.8608870967741936,59.18915122246038,0.0,-1.0,0.10958045857006637,follow,1
1786510568.2083158,9.924560082493668,0.8669354838709677,87.18915122246038,0.0,-1.0,0.1023303997675321,follow,1
1786510568.3132415,10.322666495553069,1.0,59.18915122246038,0.0,-1.0,0.10444581207516987,follow,1
1786510568.4164543,10.166793275838447,1.0,31.18915122246038,0.0,-1.0,0.10158045857006638,follow,1
1786510568.515217,10.060296827499295,1.0,25.177977691872552,0.0,-1.0,0.09,follow,1
1786510568.6055467,10.074549016215185,0.8790322580645161,53.177977691872556,0.0,-1.0,0.09,follow,1
1786510568.711571,10.259784008900965,1.0,25.177977691872556,0.0,-1.0,0.09,follow,1
1786510568.8137443,10.104674489495395,1.0,24.733033417047956,0.0,-1.0,0.09450871213514644,follow,1
1786510568.916869,10.052884838127635,1.0,22.797489361858965,0.0,-1.0,0.09027212416827624,follow,1
1786510569.018758,9.977426759320034,1.0,19.767441893288787,0.0,-1.0,0.09,follow,1
1786510569.127955,9.934219454328261,1.0,47.76744189328879,0.0,-1.0,0.098,follow,1
1786510569.2212148,9.793114464793472,0.7036290322580645,55.957968520304505,0.0,-1.0,0.10600000000000001,follow,1
1786510569.3136778,9.976034885515176,0.8971774193548387,58.5900001635734,0.0,-1.0,0.11400000000000002,follow,1
1786510569.404196,10.124741035681144,0.7278225806451613,58.672844560502796,0.0,-1.0,0.10978650828911701,follow,1
1786510569.4998915,10.297737530454427,0.9637096774193549,58.33207627339024,0.0,-1.0,0.11778650828911702,follow,1
1786510569.59144,10.362796426424152,0.9213709677419355,57.7146493994651,0.0,-1.0,0.12052001880097944,follow,1
1786510569.690554,10.467532565728254,0.8790322580645161,58.533913197079535,0.0,-1.0,0.12057841313414157,follow,1
1786510569.792948,10.394511920437584,1.0,30.533913197079535,0.0,-1.0,0.10966402753632029,follow,1
1786510569.897041,10.273940081097766,1.0,21.537061588267907,0.0,-1.0,0.09180802753632028,follow,1
1786510569.989032,10.131579287585588,0.7580645161290323,49.5370615882679,0.0,-1.0,0.09772479873196284,follow,1
1786510570.0856423,10.277726425336832,0.7883064516129032,51.893405090324904,0.0,-1.0,0.10572479873196283,follow,1
1786510570.1934764,10.293549173001017,1.0,23.893405090324904,0.0,-1.0,0.10312177701002506,follow,1
1786510570.2981353,10.098731241621948,1.0,22.133544939627804,0.0,-1.0,0.09054382468096167,follow,1
1786510570.4060059,9.983718871260065,1.0,20.95604896106073,0.0,-1.0,0.09,follow,1
1786510570.5226436,9.839809397090585,1.0,19.64579127243112,0.0,-1.0,0.09,follow,1
1786510570.6311414,9.58909940188883,1.0,19.742032617367798,0.0,-1.0,0.09,follow,1
1786510570.7416556,9.518846950030923,1.0,19.677196752635364,0.0,-1.0,0.09,follow,1
1786510570.8534927,9.402741612614234,1.0,21.128229189430208,0.0,-1.0,0.09174287694650991,follow,1
1786510570.9611309,9.324791548007939,1.0,21.11106440557417,0.0,-1.0,0.0901657756783643,follow,1
1786510571.0422974,9.327354719453751,0.5887096774193548,49.11106440557417,0.0,-1.0,0.09,follow,1
1786510571.1440387,9.902752837718555,1.0,21.11106440557417,0.0,-1.0,0.0901657756783643,follow,1
1786510571.2491226,9.901029295918615,1.0,18.152405356751352,0.0,-1.0,0.09,follow,1
1786510571.3585658,9.816663967347418,1.0,18.64202903539048,0.0,-1.0,0.09,follow,1
1786510571.4648988,9.684029828260023,1.0,18.360172683000556,0.0,-1.0,0.09,follow,1
1786510571.5681698,9.63367710978637,1.0,19.121013192879534,0.0,-1.0,0.09141568004648457,follow,1
1786510571.6760616,9.620344721144404,1.0,18.468225859886495,0.0,-1.0,0.09,follow,1
1786510571.7756467,9.564957809680065,1.0,19.059199951355907,0.0,-1.0,0.09,follow,1
1786510571.8817127,9.648268616641438,1.0,19.770320137382903,0.0,-1.0,0.09,follow,1
1786510571.9897242,9.608053308573448,1.0,21.240541125485265,0.0,-1.0,0.09500841054367325,follow,1
1786510572.0971985,9.543933065663428,1.0,21.368110608291207,0.0,-1.0,0.09356751217672221,follow,1
1786510572.2068872,9.476306432659953,1.0,21.730317471168192,0.0,-1.0,0.09371688404259788,follow,1
1786510572.311701,9.412749790275692,1.0,22.85738197071401,0.0,-1.0,0.0965896205739038,follow,1
1786510572.4158063,9.453445908494233,1.0,23.492515885811574,0.0,-1.0,0.09720156293100778,follow,1
1786510572.5309594,9.477884158462228,1.0,23.1734025210192,0.0,-1.0,0.09530111445087215,follow,1
1786510572.637791,9.304131541672277,1.0,23.464398108037905,0.0,-1.0,0.09537348683812576,follow,1
1786510572.7466006,9.341949507341663,1.0,23.783777629961815,0.0,-1.0,0.09671757539542772,follow,1
1786510572.8527138,9.304920949152658,1.0,23.570881337787462,0.0,-1.0,0.09508759031624996,follow,1
1786510572.9585493,9.335862595942517,1.0,23.304923558687094,0.0,-1.0,0.09492199870058578,follow,1
1786510573.0638103,9.354130917527154,1.0,23.573079264146873,0.0,-1.0,0.09566910175825519,follow,1
1786510573.173494,9.384729981541122,1.0,23.74615061440861,0.0,-1.0,0.09597025523430228,follow,1
1786510573.2887971,9.317217439403503,1.0,23.80579855615357,0.0,-1.0,0.09562542609208668,follow,1
1786510573.3966131,9.205163902751924,1.0,24.122504646067842,0.0,-1.0,0.09633195828643847,follow,1
1786510573.5139534,9.194705848065173,1.0,24.15470844657528,0.0,-1.0,0.09597590140915266,follow,1
1786510573.6247168,9.063850125531289,1.0,24.290829485717232,0.0,-1.0,0.09708442694544694,follow,1
1786510573.7297404,9.06347617366975,1.0,24.15639843601729,0.0,-1.0,0.09623776453392202,follow,1
1786510573.8338833,9.16244555511828,1.0,24.0650145103249,0.0,-1.0,0.0958156876426985,follow,1
1786510573.9406683,9.209277531831455,1.0,24.19883206348797,0.0,-1.0,0.09629029307136322,follow,1
1786510574.046823,9.279495955880709,1.0,24.369180141768165,0.0,-1.0,0.09702575575588511,follow,1
1786510574.1491618,9.258343611470366,1.0,24.21558019372896,0.0,-1.0,0.0963307275995404,follow,1
1786510574.2560349,9.372030639653074,1.0,24.258867323116835,0.0,-1.0,0.09659892444100657,follow,1
1786510574.3612583,9.396096057024915,1.0,24.68249555661604,0.0,-1.0,0.0982789992595153,follow,1
1786510574.465323,9.42941836821418,1.0,24.499505001685947,0.0,-1.0,0.09744136988920336,follow,1
1786510574.5708852,9.472740593486478,1.0,24.565278349489688,0.0,-1.0,0.09792417862755355,follow,1
1786510574.68457,9.475823407812532,1.0,24.641479507736058,0.0,-1.0,0.09836971454945354,follow,1
1786510574.790698,9.31696802078786,1.0,23.68494614872946,0.0,-1.0,0.09413101739254169,follow,1
1786510574.8969016,9.364045390902248,1.0,24.15794321165542,0.0,-1.0,0.09752595970692386,follow,1
1786510575.0042865,9.367427154499465,1.0,23.955515347777943,0.0,-1.0,0.0954098943144719,follow,1
1786510575.1044183,9.36437232010504,1.0,24.011225069419233,0.0,-1.0,0.09634864303726857,follow,1
1786510575.2037387,9.461793909222367,1.0,23.985578620164837,0.0,-1.0,0.09633964879764381,follow,1
1786510575.3001406,9.607189063231829,1.0,23.79233475089227,0.0,-1.0,0.09543044496724448,follow,1
1786510575.4010792,9.74431584889762,1.0,23.687026330481636,0.0,-1.0,0.09558717692378876,follow,1
1786510575.5010307,9.794846342999659,1.0,23.590204600187583,0.0,-1.0,0.09496826250528352,follow,1
1786510575.60223,9.829080112511077,1.0,23.628028287302595,0.0,-1.0,0.09506118356716246,follow,1
1786510575.7059324,9.840513795580039,1.0,23.97052364123475,0.0,-1.0,0.096667300263326,follow,1
1786510575.8071606,9.799363171459037,1.0,23.4482673584944,0.0,-1.0,0.09406893408548299,follow,1
1786510575.9088972,9.793217796485298,1.0,23.994867632670434,0.0,-1.0,0.09692602072265076,follow,1
1786510576.0233552,9.807874420132853,1.0,23.386794659094896,0.0,-1.0,0.09359557025857594,follow,1
1786510576.1259556,9.61044518806561,1.0,23.97240241783473,0.0,-1.0,0.09613685193071668,follow,1
1786510576.2316482,9.632393138244383,1.0,23.70664636818083,0.0,-1.0,0.09490177466425798,follow,1
1786510576.3404293,9.60267371729384,1.0,24.087930792659897,0.0,-1.0,0.09627911480609849,follow,1
1786510576.44432,9.518870072968806,1.0,23.942156934461234,0.0,-1.0,0.09617826105982162,follow,1
1786510576.5438867,9.54082476543109,1.0,23.476688165286895,0.0,-1.0,0.09396183775586486,follow,1
1786510576.6439419,9.625704544628158,1.0,23.953162136067263,0.0,-1.0,0.09566538767981479,follow,1
1786510576.7461512,9.696713461924345,1.0,24.077080909571656,0.0,-1.0,0.09649139717427618,follow,1
1786510576.8437405,9.727284765555243,1.0,23.825677002931542,0.0,-1.0,0.09561726556714265,follow,1
1786510576.9450192,9.82454217496096,1.0,23.657249760003843,0.0,-1.0,0.09424419052090462,follow,1
1786510577.0465398,9.818130088341235,1.0,23.989200209317165,0.0,-1.0,0.09708846399868534,follow,1
1786510577.1508565,9.802358374757391,1.0,24.08863947140038,0.0,-1.0,0.09661011995094791,follow,1
1786510577.2541888,9.794469514845325,1.0,23.56002549947764,0.0,-1.0,0.094262435112986,follow,1
1786510577.3639147,9.768405520326196,1.0,23.773820551042274,0.0,-1.0,0.09596800816538593,follow,1
1786510577.4740589,9.630647407839211,1.0,23.786603085954564,0.0,-1.0,0.09556964409339752,follow,1
1786510577.5712008,9.538186240243357,1.0,23.887514411746835,0.0,-1.0,0.09522814432251053,follow,1
1786510577.6727154,9.696457548927032,1.0,23.906801688541194,0.0,-1.0,0.09447523465786066,follow,1
1786510577.772549,9.717072852622533,1.0,24.281783610979552,0.0,-1.0,0.09682000159874087,follow,1
1786510577.8753111,9.781587373214299,1.0,23.811496162825197,0.0,-1.0,0.09428092480388699,follow,1
1786510577.9717448,9.777433801002697,1.0,24.288126872753242,0.0,-1.0,0.09597214482453288,follow,1
1786510578.0712018,9.893055891451848,1.0,24.131294628692324,0.0,-1.0,0.09555700447296221,follow,1
1786510578.1725912,9.926152328439086,1.0,23.78259656690321,0.0,-1.0,0.09527917134497274,follow,1
1786510578.271515,9.901443082222897,1.0,23.46237592889117,0.0,-1.0,0.0938534794428801,follow,1
1786510578.3763237,9.946463538070526,1.0,23.848482512985616,0.0,-1.0,0.09602976469003689,follow,1
1786510578.4796853,9.867462191819289,1.0,23.70272238570012,0.0,-1.0,0.09483824844362196,follow,1
1786510578.580841,9.830453887187375,1.0,23.570560636574896,0.0,-1.0,0.09496733877114862,follow,1
1786510578.6848693,9.836995264937965,1.0,24.21147312135056,0.0,-1.0,0.09659538848054369,follow,1
1786510578.8011086,9.77976972924851,1.0,24.192437301577094,0.0,-1.0,0.09654922678090673,follow,1
1786510578.9037738,9.55213584670076,1.0,23.54308676529389,0.0,-1.0,0.09458416169435571,follow,1
1786510579.0098042,9.59514374702948,1.0,23.659538059430616,0.0,-1.0,0.09618390092362408,follow,1
1786510579.112775,9.543460282462963,1.0,23.82572818245974,0.0,-1.0,0.09747278759636954,follow,1
1786510579.217132,9.559962066277796,1.0,24.054189319663877,0.0,-1.0,0.09629797061699454,follow,1
1786510579.3212118,9.602696440909076,1.0,24.255049467770515,0.0,-1.0,0.09714221316931079,follow,1
1786510579.42137,9.60583100659773,1.0,23.79099078341015,0.0,-1.0,0.0953237923000065,follow,1
1786510579.5238318,9.671744199062305,1.0,24.56177142414932,0.0,-1.0,0.09,follow,1
1786510579.6236963,9.682982728189375,1.0,24.077503184901182,0.0,-1.0,0.09598208509707389,follow,1
1786510579.7285817,9.745796496468309,1.0,24.88927975353645,0.0,-1.0,0.09,follow,1
1786510579.8261955,9.72732522662083,1.0,24.978252980835386,0.0,-1.0,0.09,follow,1
1786510579.9318607,9.797757385376793,1.0,23.451664873221233,0.0,-1.0,0.09480727426707933,follow,1
1786510580.0349312,9.75305925432127,1.0,24.717149070325846,0.0,-1.0,0.09178624870051988,follow,1
1786510580.1487365,9.742339911688985,1.0,24.2907262919717,0.0,-1.0,0.09680958771181233,follow,1
1786510580.2541225,9.557396151926858,1.0,23.57422918205988,0.0,-1.0,0.09538440954807612,follow,1
1786510580.3572824,9.536684820900813,1.0,24.20834875082228,0.0,-1.0,0.0976819015356527,follow,1
1786510580.4606953,9.575703416876037,1.0,23.98585559508918,0.0,-1.0,0.09603803560661572,follow,1
1786510580.5591393,9.584366706497752,1.0,23.781232222318458,0.0,-1.0,0.09588291435086754,follow,1
1786510580.6549668,9.677904459990526,1.0,23.652804787762317,0.0,-1.0,0.0955618516269364,follow,1
1786510580.752741,9.857193243114967,1.0,23.629472557520778,0.0,-1.0,0.09564765607679468,follow,1
1786510580.8508515,9.92868850540416,1.0,23.80146191108809,0.0,-1.0,0.09667624978177128,follow,1
1786510580.9498956,9.986770878990518,1.0,23.74538044137183,0.0,-1.0,0.0962238926381783,follow,1
1786510581.0474539,10.00677013883952,1.0,23.212483144990863,0.0,-1.0,0.09421136260463356,follow,1
1786510581.1491663,10.0557260630844,1.0,23.439286836417516,0.0,-1.0,0.0954928865397331,follow,1
1786510581.2435737,10.014962856308658,1.0,23.265091498884306,0.0,-1.0,0.09478542929639829,follow,1
1786510581.3391309,10.122520504540013,1.0,23.67379876620781,0.0,-1.0,0.09681136476552724,follow,1
1786510581.4385805,10.192212725955258,1.0,23.57468993969234,0.0,-1.0,0.09584811760652727,follow,1
1786510581.551298,10.164919388628022,1.0,23.44799326168151,0.0,-1.0,0.09502636611521457,follow,1
1786510581.6224902,9.910505598178815,0.6008064516129032,51.44799326168151,0.0,-1.0,0.09260450558927583,follow,1
1786510581.6989372,10.727286879205234,0.6431451612903225,79.44799326168152,0.0,-1.0,0.10060450558927583,follow,1
1786510581.7885585,11.210735752437063,0.6733870967741936,79.8953153704836,0.0,-1.0,0.10860450558927584,follow,1
1786510581.8733857,11.19567954191326,0.6915322580645161,80.30046557265342,0.0,-1.0,0.11660450558927585,follow,1
1786510581.9543307,11.310861033154321,0.7157258064516129,80.7324554193308,0.0,-1.0,0.12460450558927585,follow,1
1786510582.0365546,11.511992772111963,0.7399193548387096,80.77705992230734,0.0,-1.0,0.12710124413465945,follow,1
1786510582.1243408,11.659372057130522,0.7641129032258064,81.00831224055887,0.0,-1.0,0.12672354967571156,follow,1
1786510582.2098725,11.604432435178845,0.7883064516129032,81.81903769741818,0.0,-1.0,0.13095886330578038,follow,1
1786510582.2954488,11.617279291155029,0.8064516129032258,82.47224607402987,0.0,-1.0,0.13188688058106066,follow,1
1786510582.3825393,11.590958311922307,0.0,82.88745310848441,0.0,-1.0,0.09688688058106065,slow:lane_dropout,1
1786510582.4693623,11.607345620820482,0.0,83.46039112458483,0.0,-1.0,0.06188688058106065,slow:lane_dropout,1
1786510582.554651,11.584742793502846,0.0,84.15681953069252,0.0,-1.0,0.026886880581060646,slow:lane_dropout,1
1786510582.6426194,11.587291211984228,0.0,85.05063464985517,0.0,-0.6334864571692435,0.0,stop:lane_lost,1
1786510582.7281296,11.535537664873058,0.0,85.60269596787903,0.0,0.0,0.0,stop:lane_lost,1
1786510582.8146284,11.614670933806048,0.0,86.4372935441534,0.0,0.0,0.0,stop:lane_lost,1
1786510582.9126961,11.590976078199933,0.0,87.19320358123034,0.0,0.0,0.0,stop:lane_lost,1
1786510582.9997268,11.290069652847382,0.0,88.28777409108449,0.0,0.0,0.0,stop:lane_lost,1
1786510583.0855224,11.345911706242417,0.0,89.21376174241875,0.0,0.0,0.0,stop:lane_lost,1
1786510583.1800573,11.434488664205704,0.0,90.60414075758112,0.0,0.0,0.0,stop:lane_lost,1
1786510583.2670333,11.246807439728643,0.0,91.45749935120602,0.0,0.0,0.0,stop:lane_lost,1
1786510583.354007,11.315832396551523,0.0,92.77812621285977,0.0,0.0,0.0,stop:lane_lost,1
1786510583.4446235,11.353452352500156,0.0,94.07033626293105,0.0,0.0,0.0,stop:lane_lost,1
1786510583.5286891,11.275081041402181,0.0,94.98615626703122,0.0,0.0,0.0,stop:lane_lost,1
1786510583.615962,11.369507689182914,0.0,96.01829441853262,0.0,0.0,0.0,stop:lane_lost,1
1786510583.7052083,11.420053891907848,0.0,96.43807723006068,0.0,0.0,0.0,stop:lane_lost,1
1786510583.7906976,11.37711966215877,0.0,96.49332203201763,0.0,0.0,0.0,stop:lane_lost,1
1786510583.8750937,11.435220606565721,0.0,96.36172944617623,0.0,0.0,0.0,stop:lane_lost,1
1786510583.9613483,11.488199988683306,0.0,96.38978137118093,0.0,0.0,0.0,stop:lane_lost,1
1786510584.0444272,11.551807592009967,0.0,96.36309158495067,0.0,0.0,0.0,stop:lane_lost,1
1786510584.1280622,11.652712087114285,0.0,96.40153648619952,0.0,0.0,0.0,stop:lane_lost,1
1786510584.2180278,11.68531943072402,0.0,96.29986814193438,0.0,0.0,0.0,stop:lane_lost,1
1786510584.3118606,11.57666345576,0.0,96.30019534044955,0.0,0.0,0.0,stop:lane_lost,1
1786510584.3979652,11.41090257097993,0.0,96.2529781698022,0.0,0.0,0.0,stop:lane_lost,1
1786510584.4861434,11.414204111396522,0.0,96.33307047262296,0.0,0.0,0.0,stop:lane_lost,1
1786510584.5742123,11.42941234658988,0.0,96.38747856968563,0.0,0.0,0.0,stop:lane_lost,1
1786510584.6575441,11.410308581743408,0.0,96.47386082628319,0.0,0.0,0.0,stop:lane_lost,1
1786510584.7452552,11.537706306774037,0.0,96.32368727110625,0.0,0.0,0.0,stop:lane_lost,1
1786510584.8285935,11.513180832564508,0.0,96.3149984363195,0.0,0.0,0.0,stop:lane_lost,1
1786510584.9137886,11.589047811704322,0.0,96.31197742297624,0.0,0.0,0.0,stop:lane_lost,1
1786510585.0005941,11.617885662264127,0.0,96.40055357024018,0.0,0.0,0.0,stop:lane_lost,1
1786510585.083367,11.608453153339102,0.0,96.35950164417908,0.0,0.0,0.0,stop:lane_lost,1
1786510585.172531,11.701958034387847,0.0,96.429487003432,0.0,0.0,0.0,stop:lane_lost,1
1786510585.262484,11.612837475434686,0.0,96.3534493959371,0.0,0.0,0.0,stop:lane_lost,1
1786510585.3468695,11.470070713001782,0.0,96.2410524417991,0.0,0.0,0.0,stop:lane_lost,1
1786510585.4328756,11.576615372473448,0.0,96.37443684355631,0.0,0.0,0.0,stop:lane_lost,1
1786510585.5182383,11.588478613018053,0.0,96.32071290720233,0.0,0.0,0.0,stop:lane_lost,1
1786510585.6003468,11.613673287586877,0.0,96.30449268121093,0.0,0.0,0.0,stop:lane_lost,1
1786510585.6946907,11.75030627966487,0.0,96.29710098200879,0.0,0.0,0.0,stop:lane_lost,1
1786510585.777951,11.51736160537132,0.0,96.24409003798502,0.0,0.0,0.0,stop:lane_lost,1
1786510585.86121,11.608956050320858,0.0,96.25336234805226,0.0,0.0,0.0,stop:lane_lost,1
1786510585.9477038,11.67307502896848,0.0,96.30144791595528,0.0,0.0,0.0,stop:lane_lost,1
1786510586.037377,11.670418946556113,0.0,96.2839972741069,0.0,0.0,0.0,stop:lane_lost,1
1786510586.120581,11.541140154916937,0.0,96.33034501446895,0.0,0.0,0.0,stop:lane_lost,1
1786510586.2043827,11.63511386675088,0.0,96.35871679027495,0.0,0.0,0.0,stop:lane_lost,1
1786510586.2931955,11.732140210744936,0.0,96.31272979470332,0.0,0.0,0.0,stop:lane_lost,1
1786510586.3762865,11.634071417189022,0.0,96.42561687087306,0.0,0.0,0.0,stop:lane_lost,1
1786510586.4605844,11.700778751548038,0.0,96.30694977693082,0.0,0.0,0.0,stop:lane_lost,1
1786510586.5523057,11.738989135538246,0.0,96.24752709038421,0.0,0.0,0.0,stop:lane_lost,1
1786510586.6372561,11.562823783735189,0.0,96.43100521510594,0.0,0.0,0.0,stop:lane_lost,1
1786510586.7236269,11.60237001896124,0.0,96.39493943526429,0.0,0.0,0.0,stop:lane_lost,1
1786510586.8101592,11.597771254253486,0.0,96.31430391424684,0.0,0.0,0.0,stop:lane_lost,1
1786510586.8946066,11.567522385109083,0.0,96.35555704028735,0.0,0.0,0.0,stop:lane_lost,1
1786510586.9794497,11.642103358124245,0.0,96.38503316351043,0.0,0.0,0.0,stop:lane_lost,1
1786510587.0759678,11.670155717027859,0.0,96.37760953359813,0.0,0.0,0.0,stop:lane_lost,1
1786510587.1612306,11.417455688110577,0.0,96.35018269243972,0.0,0.0,0.0,stop:lane_lost,1
1786510587.245892,11.483781217196288,0.0,96.28251835639124,0.0,0.0,0.0,stop:lane_lost,1
1786510587.3382447,11.546907063191908,0.0,96.35290538549216,0.0,0.0,0.0,stop:lane_lost,1
1786510587.422985,11.370437747973,0.0,96.30789287853354,0.0,0.0,0.0,stop:lane_lost,1
1786510587.5063624,11.471557800431203,0.0,96.34619081773745,0.0,0.0,0.0,stop:lane_lost,1
1786510587.5943887,11.571912705093427,0.0,96.34852953448548,0.0,0.0,0.0,stop:lane_lost,1
1786510587.6793797,11.56806279174756,0.0,96.3906718581812,0.0,0.0,0.0,stop:lane_lost,1
1786510587.7635303,11.592923331829684,0.0,96.3219242547321,0.0,0.0,0.0,stop:lane_lost,1
1786510587.849147,11.635131867903727,0.0,96.33573472571837,0.0,0.0,0.0,stop:lane_lost,1
1786510587.9328778,11.643387270004506,0.0,96.3049292099806,0.0,0.0,0.0,stop:lane_lost,1
1786510588.0164366,11.727215007718224,0.0,96.30136303665569,0.0,0.0,0.0,stop:lane_lost,1
1786510588.1073165,11.776053265380309,0.0,96.3306318549277,0.0,0.0,0.0,stop:lane_lost,1
1786510588.193944,11.592855852464254,0.0,96.39851960497444,0.0,0.0,0.0,stop:lane_lost,1
1786510588.2782972,11.611065725424616,0.0,96.36395962491798,0.0,0.0,0.0,stop:lane_lost,1
1786510588.3692012,11.619131737174815,0.0,96.38368182696588,0.0,0.0,0.0,stop:lane_lost,1
1786510588.4619055,11.47874020257909,0.0,96.28235066385119,0.0,0.0,0.0,stop:lane_lost,1
1786510588.54867,11.400906307850091,0.0,96.31486981249071,0.0,0.0,0.0,stop:lane_lost,1
1786510588.6335967,11.419208788270494,0.0,96.34033900829536,0.0,0.0,0.0,stop:lane_lost,1
1786510588.720546,11.485350517867694,0.0,96.27952075320616,0.0,0.0,0.0,stop:lane_lost,1
1786510588.8042896,11.489539772728005,0.0,96.38026250880714,0.0,0.0,0.0,stop:lane_lost,1
1786510588.893107,11.578955625327799,0.0,96.35994952850662,0.0,0.0,0.0,stop:lane_lost,1
1786510588.978329,11.523002274646025,0.0,96.36693319657361,0.0,0.0,0.0,stop:lane_lost,1
1786510589.063545,11.569808495852982,0.0,96.3431359085978,0.0,0.0,0.0,stop:lane_lost,1
1786510589.1545198,11.603755410583426,0.0,96.28937234429853,0.0,0.0,0.0,stop:lane_lost,1
1786510589.2374067,11.474527739441605,0.0,96.42565357837393,0.0,0.0,0.0,stop:lane_lost,1
1786510589.322341,11.546531530339122,0.0,96.22922577589219,0.0,0.0,0.0,stop:lane_lost,1
1786510589.4103642,11.645664607812247,0.0,96.18489135573928,0.0,0.0,0.0,stop:lane_lost,1
1786510589.4967577,11.579509817746317,0.0,96.33904790777808,0.0,0.0,0.0,stop:lane_lost,1
1786510589.5798635,11.573451105697325,0.0,96.57558661011879,0.0,0.0,0.0,stop:lane_lost,1
1786510589.6700976,11.673162179857936,0.0,96.4538990760273,0.0,0.0,0.0,stop:lane_lost,1
1786510589.7579181,11.561519440941243,0.0,96.18894122993122,0.0,0.0,0.0,stop:lane_lost,1
1786510589.8586912,11.46925826038585,0.0,96.23260099539357,0.0,0.0,0.0,stop:lane_lost,1
1786510589.9484181,11.18962568575573,0.0,96.51951528731493,0.0,0.0,0.0,stop:lane_lost,1
1786510590.0384648,11.18752757956963,0.0,96.42401442457212,0.0,0.0,0.0,stop:lane_lost,1
1786510590.1263273,11.182409785825746,0.0,96.35893051865042,0.0,0.0,0.0,stop:lane_lost,1
1786510590.2152297,11.178815313902069,0.0,97.32164538290071,0.0,0.0,0.0,stop:lane_lost,1
1786510590.3029876,11.201139879874596,0.0,97.56999781827368,0.0,0.0,0.0,stop:lane_lost,1
1786510590.3923771,11.250127197750789,0.0,97.72550615470031,0.0,0.0,0.0,stop:lane_lost,1
1786510590.4768822,11.260442389955202,0.7762096774193549,97.3767966510841,0.0,-0.32621977798674673,0.008,follow,1
1786510590.5620496,11.304480567874341,0.0,97.31623562535785,0.0,-0.32621977798674673,0.0,slow:lane_dropout,1
1786510590.648461,11.429650316421768,0.782258064516129,97.29401242245947,0.0,-0.9351110240623408,0.008,follow,1
1786510590.7345371,11.456937823348904,0.7883064516129032,97.51715814212909,0.0,-0.2951110240623408,0.0,neutral:white,1
1786510590.820916,11.528601150678451,0.782258064516129,97.32098778641773,0.0,0.3448889759376592,0.0,neutral:white,1
1786510590.9034703,11.53749422469007,0.782258064516129,97.11740608512527,0.0,0.9848889759376592,-0.11,reverse:white,1
1786510590.9894767,11.627279601938547,0.7883064516129032,97.2243364539374,0.0,1.0,-0.11,reverse:white,1
1786510591.0706441,11.631326741120507,0.7883064516129032,97.11997365929952,0.0,1.0,-0.11,reverse:white,1
1786510591.1583998,11.77387829127704,0.7883064516129032,97.12441883313643,0.0,1.0,0.11,avoid:white,1
1786510591.2550058,11.684733794480085,0.7883064516129032,97.3831189732391,0.0,1.0,0.11,avoid:white,1
1786510591.3362188,11.442417452606172,0.782258064516129,97.16216514118047,0.0,1.0,0.11,avoid:white,1
1786510591.4164433,11.618104127026106,0.7883064516129032,97.15915916706308,0.0,1.0,0.11,avoid:white,1
1786510591.5003858,11.786808901477793,0.782258064516129,97.21822491446275,0.0,1.0,0.11,avoid:white,1
1786510591.5865364,11.799563162310271,0.782258064516129,97.04286784708219,0.0,1.0,0.11,avoid:white,1
1786510591.6670837,11.75816017422397,0.782258064516129,97.11631966771324,0.0,1.0,0.11,avoid:white,1
1786510591.7538753,11.860641285156326,0.782258064516129,97.10647622731734,0.0,1.0,0.11,avoid:white,1
1786510591.8371482,11.829559430457756,0.7762096774193549,96.65610969902843,0.0,1.0,0.11,avoid:white,1
1786510591.9179888,11.855487466738792,0.7762096774193549,96.81156491616656,0.0,1.0,0.11,avoid:white,1
1786510592.0004501,11.952757747809597,0.7883064516129032,97.14954365665326,0.0,1.0,0.11,avoid:white,1
1786510592.0803368,11.997927275441063,0.8004032258064516,98.46410915043226,0.0,1.0,0.11,avoid:white,1
1786510592.1646829,12.104955049363724,0.8064516129032258,99.26866198764986,0.0,1.0,0.11,avoid:white,1
1786510592.2497377,12.02784122229658,0.8245967741935484,100.70723020399208,0.0,1.0,0.11,avoid:white,1
1786510592.3317788,11.969118292632519,0.8306451612903225,100.55897549028387,0.0,1.0,0.11,avoid:white,1
1786510592.412722,12.046388183324641,0.8245967741935484,100.2026132799131,0.0,1.0,0.11,avoid:white,1
1786510592.4936206,12.117155915609748,0.8004032258064516,98.58367605625598,0.0,1.0,0.11,avoid:white,1
1786510592.5894763,12.103482061606837,0.782258064516129,96.46619255979414,0.0,1.0,0.11,avoid:white,1
1786510592.6710997,11.814082985539958,0.8548387096774193,93.7475224833407,0.0,1.0,0.11,avoid:white,1
1786510592.7539546,11.900303667587314,0.8245967741935484,91.7172508640719,0.0,1.0,0.11,avoid:white,1
1786510592.842836,11.923853609189015,0.0,90.03560295019088,0.0,1.0,0.11,avoid:white,1
1786510592.9256835,11.765426169931834,0.8548387096774193,86.11715639631188,0.0,1.0,0.11,avoid:white,1
1786510593.0072498,11.864672093739514,0.8366935483870968,84.33636442911404,0.0,1.0,0.11,avoid:white,1
1786510593.0896156,11.946373248138482,0.8125,82.51945569386429,0.0,1.0,0.11,avoid:white,1
1786510593.1735551,11.964351217344994,0.7762096774193549,80.47266370852869,0.0,1.0,0.11,avoid:white,1
1786510593.2606401,11.936620482574344,0.8548387096774193,76.88101682437146,0.0,1.0,0.11,avoid:white,1
1786510593.347729,11.842555704600255,0.8306451612903225,75.40544430785039,0.0,1.0,0.11,avoid:white,1
1786510593.4267063,11.803071456427446,0.7883064516129032,73.2390023059725,0.0,1.0,0.11,avoid:white,1
1786510593.5054772,11.982060340209014,0.0,69.91745866191422,0.0,1.0,0.11,avoid:white,1
1786510593.5876224,12.070805700485952,0.0,67.61752972617167,0.0,1.0,0.11,avoid:white,1
1786510593.6700318,12.115213856952654,0.0,64.47263145899002,0.0,1.0,0.11,avoid:white,1
1786510593.753735,12.134446680741805,0.0,61.737506773722274,0.0,1.0,0.11,avoid:white,1
1786510593.840534,12.090084916630058,0.0,59.58578685395672,0.0,1.0,0.11,avoid:white,1
1786510593.9323008,11.980775175340636,0.0,56.218916908224955,0.0,1.0,0.11,avoid:white,1
1786510594.0212364,11.77516467886501,0.0,53.85645001927691,0.0,1.0,0.11,avoid:white,1
1786510594.1044455,11.629974011512553,0.0,51.658093155776925,0.0,1.0,0.11,avoid:white,1
1786510594.1933837,11.719560646728366,0.0,49.96729126532306,0.0,1.0,0.11,avoid:white,1
1786510594.2824204,11.58103725243694,0.0,45.82793922766236,0.0,1.0,0.11,avoid:white,1
1786510594.3779075,11.544058081230409,0.0,43.11942895317315,0.0,1.0,0.11,avoid:white,1
1786510594.4684713,11.356402417348084,0.0,40.252786193068864,0.0,1.0,0.11,avoid:white,1
1786510594.5551348,11.301783930404554,0.0,37.537069119783645,0.0,1.0,0.11,avoid:white,1
1786510594.649776,11.35174846438644,0.0,34.56946064549385,0.0,1.0,0.11,avoid:white,1
1786510594.7417262,11.179668925075408,0.0,32.26782675359607,0.0,1.0,0.11,avoid:white,1
1786510594.8331258,11.100917103674362,0.0,29.42883012084411,0.0,1.0,0.11,avoid:white,1
1786510594.923029,11.061825767312492,0.0,26.699365374515352,0.0,1.0,0.11,avoid:white,1
1786510595.0091324,11.098765466185766,0.0,24.180398005086687,0.0,1.0,0.11,avoid:white,1
1786510595.0978725,11.204556721826936,0.0,20.661285651628887,0.0,1.0,0.11,avoid:white,1
1786510595.1898327,11.216122116418202,0.0,18.278774189701757,0.0,1.0,0.11,avoid:white,1
1786510595.2845085,11.129225624507992,0.0,15.99217255246657,0.0,1.0,0.11,avoid:white,1
1786510595.3875394,11.041675361275434,0.0,12.862335562644788,0.0,1.0,0.075,slow:lane_dropout,1
1786510595.4780052,10.76174398228068,0.0,10.665963949342704,0.0,1.0,0.039999999999999994,slow:lane_dropout,1
1786510595.5758934,10.832947388746584,0.9637096774193549,205.41595037736346,0.0,1.0,0.047999999999999994,follow,1
1786510595.6726973,10.713964120610644,0.9576612903225807,206.02896762480668,0.0,1.0,0.055999999999999994,follow,1
1786510595.7688315,10.6274837629508,0.9576612903225807,205.18551548346863,0.0,1.0,0.064,follow,1
1786510595.8651266,10.597941373055729,0.9334677419354839,204.3525528474953,0.0,1.0,0.07200000000000001,follow,1
1786510595.9556074,10.544906513158526,0.9334677419354839,203.88451901333877,0.0,1.0,0.08000000000000002,follow,1
1786510596.0458608,10.639690093808001,0.9576612903225807,203.23360323607093,0.0,1.0,0.08800000000000002,follow,1
1786510596.1318696,10.679839773243545,0.6794354838709677,175.23360323607093,0.0,1.0,0.09,follow,1
1786510596.2185478,10.940241960046759,0.6733870967741936,147.23360323607093,0.0,1.0,0.09,follow,1
1786510596.3164542,11.052915184778842,0.9213709677419355,175.23360323607093,0.0,1.0,0.098,follow,1
1786510596.4015043,10.837506001831418,0.6370967741935484,147.23360323607093,0.0,1.0,0.09,follow,1
1786510596.4865797,11.103415165616562,0.625,119.23360323607093,0.0,0.7525339361972728,0.09,follow,1
1786510596.574568,11.2290827138297,0.782258064516129,119.0262442425659,0.0,0.11253393619727281,0.09,follow,1
1786510596.656238,11.220981138269421,0.6068548387096775,97.83653086736183,0.0,-0.5274660638027272,0.09,follow,1
1786510596.7531655,11.473292670744396,0.6129032258064516,104.60531291753716,0.0,-1.0,0.09,follow,1
1786510596.8431084,11.235942540050676,0.782258064516129,118.97853684388974,0.0,-0.8835095149934228,0.09,follow,1
1786510596.9334543,11.218519327283097,0.782258064516129,118.41249668253818,0.0,-1.0,0.09,follow,1
1786510597.0243437,11.1214780010283,0.6068548387096775,100.4707089436472,0.0,-1.0,0.09,follow,1
1786510597.0975614,11.169043913602582,0.3904032258064516,118.11101223581741,0.0,-1.0,0.09,follow,1
1786510597.177876,11.638643934744355,0.4025460829493087,113.7691879866519,0.0,-1.0,0.09,follow,1
1786510597.2749681,11.824422832349722,0.7399193548387096,107.56457859498727,0.0,-1.0,0.09,follow,1
1786510597.3541105,11.514817255100205,0.4325,106.80373394680933,0.0,-1.0,0.09,follow,1
1786510597.4313526,11.736992793720566,0.4375,102.19314642532089,0.0,-1.0,0.09,follow,1
1786510597.510929,11.938986771465984,0.4495967741935484,100.18490629389524,0.0,-1.0,0.09,follow,1
1786510597.591648,12.110965729580371,0.45564516129032256,93.7320521390364,0.0,-1.0,0.09,follow,1
1786510597.6722348,12.147363943081395,0.5403225806451613,88.69918808642802,0.0,-1.0,0.09,follow,1
1786510597.7529712,12.21346758925969,0.4616935483870968,84.91752592929106,0.0,-1.0,0.09,follow,1
1786510597.832198,12.245355113092728,0.4737903225806452,84.78622231253672,0.0,-1.0,0.09,follow,1
1786510597.9135952,12.328722217054239,0.49798387096774194,81.13033478149629,0.0,-1.0,0.09,follow,1
1786510597.9937992,12.276109088310777,0.49798387096774194,83.1505737597617,0.0,-1.0,0.09,follow,1
1786510598.0742111,12.288982176945765,0.5040322580645161,81.90557436041027,0.0,-1.0,0.09,follow,1
1786510598.1613567,12.3747758493405,0.5282258064516129,77.83166049953758,0.0,-1.0,0.09,follow,1
1786510598.24436,12.210326881570664,0.5282258064516129,82.65841007203962,0.0,-1.0,0.09,follow,1
1786510598.3264227,12.178038490998643,0.5403225806451613,77.1292613368183,0.0,-1.0,0.09,follow,1
1786510598.4142857,12.16810765943907,0.5463709677419355,80.90781691399876,0.0,-1.0,0.09,follow,1
1786510598.5060806,12.020820022808094,0.564516129032258,74.71927914852495,0.0,-1.0,0.09,follow,1
1786510598.5811334,11.786069038872192,0.38968894009216587,70.53058954393799,0.0,-1.0,0.09,follow,1
1786510598.650861,12.103974311005336,0.3975460829493087,71.55814396948907,0.0,-1.0,0.09,follow,1
1786510598.727604,12.540097466494585,0.6008064516129032,69.89465444733975,0.0,-1.0,0.09,follow,1
1786510598.8066268,12.634012972414084,0.625,69.73930161038498,0.0,-1.0,0.09,follow,1
1786510598.8786497,12.655334147894433,0.4495967741935484,74.1068040119273,0.0,-1.0,0.09,follow,1
1786510598.9504933,12.83139068031366,0.467741935483871,70.41938431133357,0.0,-1.0,0.09,follow,1
1786510599.0248766,13.112470050541631,0.467741935483871,67.09974758039692,0.0,-1.0,0.09,follow,1
1786510599.1022904,13.170626624692149,0.48588709677419356,66.85024713169696,0.0,-1.0,0.09,follow,1
1786510599.1790454,13.136510693589997,0.49798387096774194,67.67212979873136,0.0,-1.0,0.09,follow,1
1786510599.2548387,13.098788803847397,0.49798387096774194,69.5598717221497,0.0,-1.0,0.09,follow,1
1786510599.333201,13.09419067627515,0.5040322580645161,67.71201317117402,0.0,-1.0,0.09,follow,1
1786510599.4070396,13.040993470008512,0.5221774193548387,70.68826504834817,0.0,-1.0,0.09,follow,1
1786510599.4917605,13.16297280981323,0.5403225806451613,62.93759073703441,0.0,-1.0,0.09,follow,1
1786510599.5831122,12.885868313988876,0.8125,66.1031521481539,0.0,-1.0,0.09,follow,1
1786510599.6587102,12.507310143434,0.5463709677419355,63.66847321907514,0.0,-1.0,0.09,follow,1
1786510599.7359898,12.641654896193174,0.5826612903225806,59.09465896015024,0.0,-1.0,0.09,follow,1
1786510599.8089476,12.695664826545343,0.5705645161290323,70.04388588350885,0.0,-1.0,0.09,follow,1
1786510599.8857167,12.880589593661218,0.5584677419354839,74.08152968008665,0.0,-1.0,0.09,follow,1
1786510599.9564373,12.938591508153694,0.5403225806451613,75.00595442617248,0.0,-1.0,0.09,follow,1
1786510600.0262878,13.180188214661765,0.5282258064516129,76.96903996019375,0.0,-1.0,0.09,follow,1
1786510600.0977595,13.32507396009467,0.5221774193548387,88.3775832024606,0.0,-1.0,0.09,follow,1
1786510600.1696184,13.468168504842918,0.5100806451612904,85.26228167748442,0.0,-1.0,0.09,follow,1
1786510600.238144,13.6127983428861,0.49193548387096775,81.40976844080193,0.0,-1.0,0.09,follow,1
1786510600.308633,13.796963614989103,0.4798387096774194,80.35321151110577,0.0,-1.0,0.09,follow,1
1786510600.3923802,13.88394696567903,0.7580645161290323,66.94712425539723,0.0,-1.0,0.09,follow,1
1786510600.4744937,13.476270480954026,0.7580645161290323,66.66958310560779,0.0,-1.0,0.09,follow,1
1786510600.5559125,13.251178432829542,0.782258064516129,66.01341805624628,0.0,-1.0,0.09,follow,1
1786510600.6394646,13.043205905082019,0.8064516129032258,65.87563823283449,0.0,-1.0,0.09,follow,1
1786510600.7242546,12.835192593878633,0.8306451612903225,65.46250092915903,0.0,-1.0,0.09,follow,1
1786510600.8098874,12.633539768332643,0.8487903225806451,65.88903942235157,0.0,-1.0,0.09,follow,1
1786510600.90802,12.426754809920123,0.8790322580645161,66.00032331277657,0.0,-1.0,0.09,follow,1
1786510600.9849536,11.987274372348029,0.5403225806451613,64.55499620060735,0.0,-1.0,0.09,follow,1
1786510601.0712914,12.196102445924264,0.9032258064516129,66.05821553963497,0.0,-1.0,0.09,follow,1
1786510601.162094,12.072081405510442,0.9334677419354839,66.23705184469432,0.0,-1.0,0.09,follow,1
1786510601.2512624,11.78253016227595,0.9516129032258064,65.95345164942412,0.0,-1.0,0.09,follow,1
1786510601.337571,11.752849429732628,0.9758064516129032,65.77840873777728,0.0,-1.0,0.09,follow,1
1786510601.425985,11.71072587884801,1.0,65.22882072055921,0.0,-1.0,0.09,follow,1
1786510601.498139,11.638332563242663,0.5766129032258065,73.49591357280005,0.0,-1.0,0.09109848282526437,follow,1
1786510601.5691538,12.07828064787025,0.5705645161290323,77.23428039465804,0.0,-1.0,0.09663308387290064,follow,1
1786510601.6392183,12.468341469604859,0.5524193548387096,76.64058084772329,0.0,-1.0,0.09014726562387668,follow,1
1786510601.7294455,12.85151591211274,1.0,66.42833476931779,0.0,-1.0,0.09,follow,1
1786510601.7979782,12.495463991809585,0.5282258064516129,83.0213501808091,0.0,-1.0,0.09,follow,1
1786510601.8660734,12.883347069484383,0.5100806451612904,89.64442987528706,0.0,-1.0,0.09,follow,1
1786510601.9338286,13.24147413756304,0.49193548387096775,88.75043025010923,0.0,-1.0,0.09,follow,1
1786510601.9995565,13.563469428691924,0.4737903225806452,102.98531932742604,0.0,-1.0,0.09,follow,1
1786510602.0698173,13.910101424465065,0.4495967741935484,103.60477710145744,0.0,-0.7602873036206289,0.09,follow,1
1786510602.151376,13.927753247581293,0.7943548387096775,75.60477710145744,0.0,-1.0,0.09,follow,1
1786510602.2377717,13.607266540964511,0.7762096774193549,71.2891701484752,0.0,-1.0,0.09,follow,1
1786510602.3242247,13.21400981553966,0.8245967741935484,71.6427300837056,0.0,-1.0,0.09,follow,1
1786510602.4087422,12.880291329631204,0.8064516129032258,71.60341626384124,0.0,-1.0,0.09,follow,1
1786510602.4970133,12.67274685610814,0.8306451612903225,71.69875110262171,0.0,-1.0,0.09,follow,1
1786510602.5848114,12.40804728449784,0.842741935483871,71.73959604460345,0.0,-1.0,0.09,follow,1
1786510602.6697793,12.212846606721403,0.9032258064516129,71.37460062593223,0.0,-1.0,0.09,follow,1
1786510602.741804,12.124496525925746,0.5766129032258065,72.58482319567196,0.0,-1.0,0.09,follow,1
1786510602.8261096,12.449170108955148,0.9516129032258064,71.26908431377532,0.0,-1.0,0.09,follow,1
1786510602.9106202,12.348510670239527,0.9334677419354839,72.24028417757808,0.0,-1.0,0.09,follow,1
1786510602.997297,12.194764790410872,0.939516129032258,72.8097629540408,0.0,-1.0,0.09,follow,1
1786510603.0715384,12.1158099584909,0.6129032258064516,76.35909965720944,0.0,-1.0,0.09422659941690957,follow,1
1786510603.1481445,12.387804740424983,0.594758064516129,76.83527618525645,0.0,-1.0,0.09489121482456392,follow,1
1786510603.2282805,12.507035570367949,0.5887096774193548,81.47647527910695,0.0,-1.0,0.10289121482456393,follow,1
1786510603.3209503,12.4463036060982,1.0,71.62207725204823,0.0,-1.0,0.09,follow,1
1786510603.394613,12.168082528435312,0.5584677419354839,90.90356502542964,0.0,-1.0,0.09,follow,1
1786510603.4692013,12.448074681974166,0.5403225806451613,84.65006477845496,0.0,-1.0,0.09471361518544823,follow,1
1786510603.5402162,12.608337739231253,0.5221774193548387,89.79717348603836,0.0,-1.0,0.09,follow,1
1786510603.6189911,12.914310100050624,0.5040322580645161,94.1876781754827,0.0,-1.0,0.09,follow,1
1786510603.694651,12.883398973760656,0.49193548387096775,94.09205959316739,0.0,-1.0,0.09,follow,1
1786510603.7636237,12.911151341766184,0.467741935483871,110.55783885389157,0.0,-0.6954700447788366,0.09,follow,1
1786510603.832447,13.25213790165104,0.4435483870967742,112.19412249870557,0.0,-0.23327080277726547,0.09,follow,1
1786510603.9226189,13.51639347929652,0.7580645161290323,84.19412249870557,0.0,-0.8732708027772655,0.09,follow,1
1786510604.0052934,13.040261251246225,0.7701612903225807,78.26160072179357,0.0,-1.0,0.09,follow,1
1786510604.077857,12.858244486011948,0.5221774193548387,77.76630967724243,0.0,-1.0,0.09,follow,1
1786510604.152166,13.026979308297085,0.5463709677419355,79.67670761921806,0.0,-1.0,0.09,follow,1
1786510604.2392468,13.128676249055221,0.842741935483871,79.48107574801222,0.0,-1.0,0.09,follow,1
1786510604.317659,12.799498870077997,0.5463709677419355,82.0821211463313,0.0,-1.0,0.09,follow,1
1786510604.396183,12.79009909162253,0.5705645161290323,81.49604341890668,0.0,-1.0,0.09,follow,1
1786510604.4719725,12.775106725607959,0.5826612903225806,78.99477144834634,0.0,-1.0,0.09,follow,1
1786510604.5457513,12.86148560999719,0.6068548387096775,80.75298865534822,0.0,-1.0,0.09,follow,1
1786510604.6375613,12.946980609588925,0.969758064516129,80.14539446323626,0.0,-1.0,0.09,follow,1
1786510604.715223,12.572820618155536,0.6068548387096775,83.16284504316349,0.0,-1.0,0.098,follow,1
1786510604.7954073,12.61537700498942,0.6008064516129032,83.05455412347335,0.0,-1.0,0.10139655889866729,follow,1
1786510604.875785,12.55240506070093,0.5766129032258065,86.6875044242967,0.0,-1.0,0.10823542183302295,follow,1
1786510604.9565053,12.4833269606974,0.564516129032258,88.53991291727152,0.0,-1.0,0.10836330737709064,follow,1
1786510605.0361743,12.561499622832155,0.5524193548387096,88.85476313602342,0.0,-1.0,0.10681677624905175,follow,1
1786510605.114963,12.54533418440395,0.5463709677419355,87.37533562361082,0.0,-1.0,0.1028661292762756,follow,1
1786510605.1894643,12.578333554434819,0.5161290322580645,95.34138477801284,0.0,-1.0,0.09,follow,1
1786510605.273674,12.747756122573769,0.5040322580645161,99.94504276211597,0.0,-0.8159360336325963,0.09,follow,1
1786510605.3477917,12.585717196433734,0.48588709677419356,102.11048334796715,0.0,-0.8336074328770965,0.09,follow,1
1786510605.4195051,12.727140585969423,0.4616935483870968,109.77403767403688,0.0,-0.19360743287709647,0.09,follow,1
1786510605.5004897,12.95456719704036,0.7278225806451613,83.334049951455,0.0,-0.8336074328770965,0.09,follow,1
1786510605.5860195,12.879432280261831,0.7399193548387096,83.91842345885198,0.0,-1.0,0.09,follow,1
1786510605.6758003,12.630049705405197,0.7641129032258064,84.15329880708339,0.0,-1.0,0.09,follow,1
1786510605.760357,12.335472697049521,0.7883064516129032,84.3869553925345,0.0,-1.0,0.09,follow,1
1786510605.8464873,12.229769503592534,0.8064516129032258,84.28380080325708,0.0,-1.0,0.09,follow,1
1786510605.925843,12.105476468907053,0.5463709677419355,87.10354524788622,0.0,-1.0,0.09,follow,1
1786510606.003019,12.21367664506679,0.5584677419354839,86.98914068965763,0.0,-1.0,0.09,follow,1
1786510606.0957978,12.366306147582637,0.8790322580645161,84.82459256568889,0.0,-1.0,0.09,follow,1
1786510606.1857991,12.045536343484288,0.9032258064516129,84.94267550451745,0.0,-1.0,0.09,follow,1
1786510606.276694,11.857415540142854,0.9032258064516129,85.88899512173722,0.0,-1.0,0.09,follow,1
1786510606.3548424,11.692735646710867,0.6189516129032258,86.92172172761676,0.0,-1.0,0.09,follow,1
1786510606.4363134,11.900713691453117,0.6068548387096775,89.52263549715585,0.0,-1.0,0.098,follow,1
1786510606.5118706,11.969614470044526,0.6008064516129032,90.27656956535127,0.0,-1.0,0.10600000000000001,follow,1
1786510606.5980232,12.236017338506004,0.9213709677419355,86.86931836526904,0.0,-1.0,0.09,follow,1
1786510606.675352,12.11534876672035,0.5584677419354839,97.53892744325567,0.0,-1.0,0.09587584289680454,follow,1
1786510606.7482176,12.234567342109308,0.5403225806451613,94.84125042477615,0.0,-1.0,0.10387584289680454,follow,1
1786510606.8375764,12.586277197290686,0.969758064516129,86.07181506067572,0.0,-1.0,0.09,follow,1
1786510606.9106014,12.307158024158504,0.5040322580645161,103.80202724105065,0.0,-1.0,0.09,follow,1
1786510606.984376,12.576482996197281,0.48588709677419356,97.96651272087703,0.0,-1.0,0.098,follow,1
1786510607.0656564,12.77134577357082,0.6794354838709677,88.98278593538602,0.0,-1.0,0.09,follow,1
1786510607.1470118,12.666868531689607,0.6975806451612904,89.6943420565483,0.0,-1.0,0.09,follow,1
1786510607.2321846,12.607127386435392,0.7157258064516129,89.9775560881491,0.0,-1.0,0.09,follow,1
1786510607.3195658,12.436604714596346,0.7338709677419355,90.70744635690019,0.0,-1.0,0.09,follow,1
1786510607.4045625,12.236689508974452,0.7580645161290323,91.41895932131978,0.0,-1.0,0.09,follow,1
1786510607.4918628,12.117885610714422,0.7762096774193549,91.67006983918778,0.0,-1.0,0.09,follow,1
1786510607.5700104,12.005690873798219,0.5403225806451613,95.08952996092064,0.0,-1.0,0.09,follow,1
1786510607.6479313,12.158752760481313,0.5524193548387096,95.2410478806908,0.0,-1.0,0.09,follow,1
1786510607.727124,12.30003037628455,0.564516129032258,91.88840391018502,0.0,-1.0,0.09,follow,1
1786510607.832439,12.313663225742353,0.8669354838709677,92.80771849227283,0.0,-1.0,0.09,follow,1
1786510607.921885,11.775445153063679,0.9032258064516129,93.36251510745987,0.0,-1.0,0.09,follow,1
1786510608.0002742,11.619725915029225,0.6189516129032258,96.12646754154619,0.0,-1.0,0.09,follow,1
1786510608.0886784,11.88989019170214,0.6068548387096775,99.12035204374666,0.0,-1.0,0.098,follow,1
1786510608.17571,11.77497696227982,0.6008064516129032,96.50224553200675,0.0,-1.0,0.09,follow,1
1786510608.2601273,11.728197558456339,0.5705645161290323,104.89266393983381,0.0,-1.0,0.098,follow,1
1786510608.3439445,11.718970861760223,0.5524193548387096,103.1545650567914,0.0,-1.0,0.10600000000000001,follow,1
1786510608.429071,11.784737440929197,0.5403225806451613,103.40630498499083,0.0,-1.0,0.11400000000000002,follow,1
1786510608.517519,11.780614318405,0.5221774193548387,116.3420590388532,0.0,-0.5766945171034986,0.09,follow,1
1786510608.5966024,11.682349398700383,0.5100806451612904,113.0407326649542,0.0,-0.8361098381197858,0.09,follow,1
1786510608.6687164,11.890639460631867,0.49193548387096775,115.27411798727604,0.0,-0.49530843774366534,0.09,follow,1
1786510608.7572641,12.255432159036218,0.655241935483871,98.54772232767814,0.0,-1.0,0.09,follow,1
1786510608.8394501,12.078914858150437,0.6794354838709677,98.77672427257627,0.0,-1.0,0.09,follow,1
1786510608.9258962,12.100287572786963,0.7036290322580645,99.46811128659729,0.0,-1.0,0.09,follow,1
1786510609.0165186,11.98441827169886,0.7278225806451613,99.73445763097666,0.0,-1.0,0.09,follow,1
1786510609.1006582,11.806316347314848,0.7399193548387096,100.36716615355103,0.0,-1.0,0.09,follow,1
1786510609.2016869,11.822391451649846,0.7701612903225807,100.97614488676571,0.0,-1.0,0.09,follow,1
1786510609.2818546,11.430658812152434,0.5282258064516129,101.70477987553609,0.0,-1.0,0.09,follow,1
1786510609.3752947,11.62303249011709,0.7762096774193549,101.82130088237737,0.0,-1.0,0.09,follow,1
1786510609.4633765,11.44387954752354,0.564516129032258,103.32513090867735,0.0,-1.0,0.09,follow,1
1786510609.5577123,11.4406060641814,0.8850806451612904,102.532837029332,0.0,-1.0,0.09,follow,1
1786510609.6397328,11.273585756169537,0.6008064516129032,104.63397828293722,0.0,-1.0,0.09,follow,1
1786510609.7233942,11.39553159019068,0.5826612903225806,106.59366927897214,0.0,-1.0,0.09,follow,1
1786510609.8122113,11.56774353166105,0.5705645161290323,112.03857882159767,0.0,-0.7641042245934428,0.098,follow,1
1786510609.9102592,11.49381920270438,0.5524193548387096,112.38551297442018,0.0,-0.9781599034657914,0.10600000000000001,follow,1
1786510610.0021262,11.237452483216867,0.5403225806451613,112.89196735354582,0.0,-0.9581304004189979,0.11400000000000002,follow,1
1786510610.0918906,11.168188652827574,0.5161290322580645,121.66998958237595,0.0,-0.31813040041899787,0.09,follow,1
1786510610.1816776,11.14422025850145,0.6431451612903225,104.69720568610506,0.0,-0.9581304004189979,0.09,follow,1
1786510610.2783763,11.1595411507253,0.625,105.20835418712701,0.0,-1.0,0.09,follow,1
1786510610.3692474,10.999774444863332,0.685483870967742,105.45768620112622,0.0,-1.0,0.09,follow,1
1786510610.466054,10.964386259150452,0.6612903225806451,105.94977676634932,0.0,-1.0,0.09,follow,1
1786510610.565114,10.862957596902692,0.6794354838709677,106.23513746764908,0.0,-1.0,0.09,follow,1
1786510610.6575541,10.69950228285483,0.5040322580645161,108.88915367105899,0.0,-1.0,0.09,follow,1
1786510610.7493105,10.739896378634125,0.5161290322580645,108.55593618548517,0.0,-1.0,0.09,follow,1
1786510610.8492332,10.752913425076114,0.5100806451612904,108.36269959951142,0.0,-1.0,0.09,follow,1
1786510610.9387608,10.617054969286368,0.5282258064516129,109.22309589885806,0.0,-1.0,0.09,follow,1
1786510611.0403476,10.728677159523702,0.8004032258064516,108.55449295334891,0.0,-1.0,0.09,follow,1
1786510611.1339183,10.531591759389595,0.5524193548387096,110.46487394957981,0.0,-1.0,0.09,follow,1
1786510611.218372,10.596986930099433,0.5887096774193548,103.99209671906999,0.0,-1.0,0.09,follow,1
1786510611.3115468,10.831331158841781,0.5766129032258065,114.94262550866297,0.0,-1.0,0.09,follow,1
1786510611.4042337,10.82041127824678,0.5524193548387096,121.73796610952022,0.0,-0.5933581541349416,0.098,follow,1
1786510611.504559,10.81297183452825,0.8790322580645161,108.97261669910975,0.0,-1.0,0.09,follow,1
1786510611.5928223,10.621499835050518,0.5221774193548387,125.29627638387127,0.0,-0.5933581541349416,0.098,follow,1
1786510611.6845138,10.780047340843899,0.5040322580645161,137.3606271777,0.0,0.04664184586505837,0.09,follow,1
1786510611.7839375,10.809135122677805,0.6431451612903225,110.49773733728946,0.0,-0.5933581541349416,0.09,follow,1
1786510611.8798912,10.666572119206844,0.655241935483871,110.66000724473076,0.0,-1.0,0.09,follow,1
1786510611.9813864,10.601367072379164,0.6733870967741936,110.97647333275012,0.0,-1.0,0.09,follow,1
1786510612.0774052,10.448971418531263,0.48588709677419356,113.5075814186849,0.0,-1.0,0.09,follow,1
1786510612.1679585,10.455430133951303,0.49798387096774194,113.155532839253,0.0,-1.0,0.09,follow,1
1786510612.267266,10.477101839434455,0.7278225806451613,112.09390714770439,0.0,-1.0,0.09,follow,1
1786510612.3648098,10.489452455357242,0.752016129032258,112.67717011380907,0.0,-1.0,0.09,follow,1
1786510612.4563253,10.435932637848717,0.5221774193548387,116.69756046361552,0.0,-1.0,0.09,follow,1
1786510612.5444849,10.544709876173393,0.5403225806451613,115.9896071286963,0.0,-1.0,0.09,follow,1
1786510612.632725,10.695626971153008,0.5463709677419355,114.30629932824036,0.0,-1.0,0.09,follow,1
1786510612.716699,10.823790216784383,0.5705645161290323,117.20877864274122,0.0,-1.0,0.09,follow,1
1786510612.8099334,11.037862439546947,0.5524193548387096,122.85020916058588,0.0,-0.6754794294982652,0.0967593413683027,follow,1
1786510612.9019961,10.973858384089324,0.5342741935483871,123.03300987369947,0.0,-0.91760310200066,0.10161533482609379,follow,1
1786510613.003647,10.928582714409432,0.5221774193548387,132.08662515263003,0.0,-0.27760310200065996,0.09796105874215767,follow,1
1786510613.096035,10.734474073566668,0.49798387096774194,134.48713481640323,0.0,-0.16358671711561146,0.09,follow,1
1786510613.1844518,10.74720585595038,0.5826612903225806,113.46617616081357,0.0,-0.8035867171156115,0.09,follow,1
1786510613.282368,10.854958997878544,0.6008064516129032,113.2198160509397,0.0,-1.0,0.09,follow,1
1786510613.38216,10.733512202386432,0.625,113.34699414205107,0.0,-1.0,0.09,follow,1
1786510613.4789596,10.561082909801941,0.6491935483870968,113.73503349153029,0.0,-1.0,0.09,follow,1
1786510613.5775278,10.541372532674604,0.48588709677419356,115.70314705937227,0.0,-1.0,0.09,follow,1
1786510613.680306,10.42010544165654,0.7338709677419355,113.83340364032898,0.0,-1.0,0.09,follow,1
1786510613.7843642,10.333672385633031,0.7096774193548387,114.98748380353638,0.0,-1.0,0.09,follow,1
1786510613.889539,10.158231980234163,0.685483870967742,115.49415894043744,0.0,-1.0,0.09,follow,1
1786510613.9978497,10.041418873772471,0.7641129032258064,114.57167601758229,0.0,-1.0,0.09,follow,1
1786510614.1041765,9.890657864684284,0.7943548387096775,114.57147036321436,0.0,-1.0,0.09,follow,1
1786510614.2045507,9.739113749908242,0.5524193548387096,110.2155499122693,0.0,-1.0,0.09,follow,1
1786510614.3096504,9.845914564533196,0.8185483870967742,113.98721768892865,0.0,-1.0,0.09,follow,1
1786510614.4079745,9.781506146039355,0.8185483870967742,113.91619396576775,0.0,-1.0,0.09,follow,1
1786510614.505407,9.856853326262767,0.5584677419354839,113.24303838226126,0.0,-1.0,0.09,follow,1
1786510614.5937812,9.944580456190765,0.5342741935483871,112.59425009596774,0.0,-1.0,0.09,follow,1
1786510614.7122903,10.223954784286633,0.9818548387096775,84.59425009596774,0.0,-1.0,0.098,follow,1
1786510614.823071,9.860390463161108,0.9818548387096775,56.59425009596774,0.0,-1.0,0.10423823729296895,follow,1
1786510614.9387808,9.697338362802853,1.0,28.594250095967737,0.0,-1.0,0.09,follow,1
1786510615.0442445,9.488244515620098,1.0,3.212957801211325,0.0,-1.0,0.09,follow,1
1786510615.1502786,9.489392924724868,1.0,4.154010664858481,0.0,-1.0,0.09,follow,1
1786510615.2406397,9.451624944927145,0.8608870967741936,32.15401066485848,0.0,-1.0,0.09,follow,1
1786510615.342779,9.790161858719973,1.0,5.156967992526491,0.0,-1.0,0.09,follow,1
1786510615.4380417,9.804886287653101,0.9213709677419355,33.15696799252649,0.0,-1.0,0.09,follow,1
1786510615.534556,9.943565155793129,0.5524193548387096,61.15696799252649,0.0,-1.0,0.09,follow,1
1786510615.6333165,9.991794249596618,0.9758064516129032,89.15696799252649,0.0,-1.0,0.09,follow,1
1786510615.7162833,10.045344935417342,0.7036290322580645,111.16894735070657,0.0,-1.0,0.09,follow,1
1786510615.812536,10.439615840949163,0.7217741935483871,111.40903949481562,0.0,-1.0,0.09,follow,1
1786510615.9171467,10.432904189273106,0.7701612903225807,111.53664339104456,0.0,-1.0,0.09,follow,1
1786510616.0261724,10.260442692909734,0.7580645161290323,111.86675673604394,0.0,-1.0,0.09,follow,1
1786510616.1325927,10.043949986488744,0.5705645161290323,110.85090640029601,0.0,-1.0,0.09,follow,1
1786510616.2368677,9.921648450420909,0.49193548387096775,111.25096030413636,0.0,-1.0,0.09,follow,1
1786510616.3449392,9.854231114467257,0.8608870967741936,112.38718491837773,0.0,-1.0,0.09458658394657334,follow,1
1786510616.4557898,9.726837682336726,0.9092741935483871,112.42602362286846,0.0,-1.0,0.10258658394657333,follow,1
1786510616.5674722,9.589646845665769,0.939516129032258,112.98877911874133,0.0,-1.0,0.10336543400625746,follow,1
1786510616.6870463,9.462092059329919,0.9576612903225807,113.57983206965649,0.0,-1.0,0.11136543400625745,follow,1
1786510616.7915137,9.234538209233143,1.0,114.02712964399481,0.0,-1.0,0.11421132666933216,follow,1
1786510616.8851902,9.312767460986997,0.685483870967742,113.38733244834911,0.0,-1.0,0.11390603810886472,follow,1
1786510616.9767616,9.58825761181717,0.6612903225806451,114.21184950294196,0.0,-1.0,0.11447803379821221,follow,1
1786510617.076761,9.846592422173298,0.685483870967742,113.76108738075746,0.0,-1.0,0.11431376743712751,follow,1
1786510617.1763494,9.876546842168374,0.7096774193548387,114.27878190799244,0.0,-1.0,0.1170531433626968,follow,1
1786510617.2810237,9.91886650741336,0.9758064516129032,115.28785566747028,0.0,-1.0,0.1250531433626968,follow,1
1786510617.372569,9.832509417432743,0.48264976958525346,115.59598968105075,0.0,-1.0,0.09005314336269679,follow,1
1786510617.4802284,10.059716920908047,0.7943548387096775,116.94886837637193,0.0,-1.0,0.0980531433626968,follow,1
1786510617.5796905,9.89709830341339,0.872983870967742,117.64868004300641,0.0,-1.0,0.1060531433626968,follow,1
1786510617.6879454,9.937303743756106,0.872983870967742,118.77362116032242,0.0,-1.0,0.11405314336269681,follow,1
1786510617.792022,9.798451975906286,0.8669354838709677,119.08234191494535,0.0,-1.0,0.12205314336269682,follow,1
1786510617.882743,9.763225024198704,0.564516129032258,120.1553508921712,0.0,-1.0,0.09,follow,1
1786510617.99129,10.01902807742573,0.9818548387096775,120.54931911532906,0.0,-1.0,0.098,follow,1
1786510618.0843058,9.843939402046043,0.6310483870967742,121.88177285212583,0.0,-0.995323315325493,0.09,follow,1
1786510618.1721954,10.027142328330923,0.7641129032258064,122.21976062586654,0.0,-1.0,0.098,follow,1
1786510618.2618046,10.29073878289815,0.7459677419354839,123.6808450410236,0.0,-0.9942371655394513,0.10600000000000001,follow,1
1786510618.3517718,10.368483329501792,0.5089400921658986,124.3512656631064,0.0,-0.6522637807709104,0.09,follow,1
1786510618.4562292,10.640383362882577,0.8366935483870968,125.3340499545154,0.0,-0.981214833445121,0.098,follow,1
1786510618.5493553,10.405911870101752,0.8608870967741936,126.72344516004993,0.0,-0.869655718538144,0.10600000000000001,follow,1
1786510618.636642,10.497142110832792,0.5161290322580645,120.68029121198651,0.0,-1.0,0.09,follow,1
1786510618.7363806,10.641384279912844,0.8245967741935484,128.8781297819087,0.0,-0.8455992284521706,0.098,follow,1
1786510618.8349814,10.56570355778056,0.6370967741935484,129.84293154761917,0.0,-0.8059535674038021,0.10600000000000001,follow,1
1786510618.9259658,10.463038166520862,0.6612903225806451,131.19482570622475,0.0,-0.6467440724369005,0.11400000000000002,follow,1
1786510619.0239494,10.579793477548087,0.6975806451612904,132.69939447378164,0.0,-0.5767418059419561,0.12200000000000003,follow,1
1786510619.134245,10.50798127350975,0.9274193548387096,133.90162472843247,0.0,-0.5639975996346844,0.13000000000000003,follow,1
1786510619.2205796,10.215582330249081,0.467741935483871,161.90162472843247,0.0,0.07600240036531558,0.09500000000000003,follow,1
1786510619.320245,10.491874584756731,0.6794354838709677,135.67977313953202,0.0,-0.5639975996346844,0.09731893256665892,follow,1
1786510619.4199839,10.381880662874913,0.8911290322580645,136.36840024725763,0.0,-0.473734508901004,0.10531893256665892,follow,1
1786510619.5088706,10.30256583462253,0.49798387096774194,137.11365803793421,0.0,-0.3565529086860306,0.09,follow,1
1786510619.6109242,10.482748681652044,0.8245967741935484,138.30195925352973,0.0,-0.365119954361278,0.098,follow,1
1786510619.7077136,10.377601304608277,0.7883064516129032,139.11421625642853,0.0,-0.3345996460093553,0.10600000000000001,follow,1
1786510619.7965164,10.371647256091286,0.5221774193548387,144.5119852223584,0.0,0.1402334654455235,0.11400000000000002,follow,1
1786510619.8978965,10.550360195029588,0.8125,140.73195354014695,0.0,-0.43144082750772883,0.12200000000000003,follow,1
1786510619.9980977,10.36993223307098,0.9334677419354839,141.31921403187687,0.0,-0.27556138060800317,0.13000000000000003,follow,1
1786510620.083617,10.335905954200197,0.5524193548387096,141.300019392371,0.0,-0.2790561989081547,0.09500000000000003,follow,1
1786510620.2044864,10.58325995874251,0.8790322580645161,143.65407988924437,0.0,-0.07695758618420356,0.10300000000000004,follow,1
1786510620.297994,10.139119867628189,0.5100806451612904,162.24788399348915,0.0,0.5630424138157964,0.09,follow,1
1786510620.4113965,10.245579604053745,0.9092741935483871,145.89853508189273,0.0,-0.07695758618420356,0.098,follow,1
1786510620.5210793,9.9582467105535,0.9092741935483871,146.06582609126548,0.0,-0.05837213882020431,0.10600000000000001,follow,1
1786510620.628533,9.787944953653646,0.9153225806451613,146.12910665043694,0.0,-0.055026236144011476,0.11400000000000002,follow,1
1786510620.7291443,9.691759590256078,0.7338709677419355,146.771189585131,0.0,-0.024265920243278005,0.12200000000000003,follow,1
1786510620.8253298,9.738366980486724,0.655241935483871,148.5405216419647,0.0,0.16003812605508028,0.13000000000000003,follow,1
1786510620.9261444,9.873645932713202,0.0,22.650307167517752,0.0,0.16003812605508028,0.09500000000000003,slow:lane_dropout,1
1786510621.0332408,9.881975554099707,0.9334677419354839,147.67688399372656,0.0,-0.008807773161422672,0.10300000000000004,follow,1
1786510621.1199617,9.771701538245528,0.5221774193548387,145.30402193307583,0.0,-0.14972674797569874,0.09,follow,1
1786510621.2201715,10.130570426564923,0.8245967741935484,148.18817200421856,0.0,0.19241976336128253,0.098,follow,1
1786510621.3264408,10.100428748369104,0.8669354838709677,147.89655508570232,0.0,0.07242937361796042,0.10600000000000001,follow,1
1786510621.430698,9.939987864550957,0.9334677419354839,148.23261887573568,0.0,0.10165840138420434,0.11400000000000002,follow,1
1786510621.5215328,9.89558743300474,0.6612903225806451,148.76328005982649,0.0,0.17953453985599732,0.112510484404376,follow,1
1786510621.6299562,10.09043837881983,0.9334677419354839,148.73109837236723,0.0,0.11905235802529224,0.120510484404376,follow,1
1786510621.7276175,9.917159416873009,0.7096774193548387,148.21621367963473,0.0,0.06939335405526537,0.128510484404376,follow,1
1786510621.8269346,9.975186502976927,0.9274193548387096,147.8099322932665,0.0,0.08577001489429237,0.13651048440437602,follow,1
1786510621.9182444,10.01749877072995,0.7399193548387096,147.51009308063453,0.0,0.08615516442873283,0.13450629118141727,follow,1
1786510622.0134113,10.199165883192597,0.6491935483870968,147.156653103262,0.0,0.07752736361195756,0.11598803450783332,follow,1
1786510622.1044364,10.235724230439674,0.6975806451612904,146.98999395935218,0.0,0.13931271585690808,0.09239056375712112,follow,1
1786510622.1983423,10.425694654636002,0.842741935483871,146.48125553876648,0.0,0.08594168814593162,0.10039056375712113,follow,1
1786510622.2936854,10.467270765200466,0.782258064516129,146.9407897646896,0.0,0.1266014243463025,0.10839056375712114,follow,1
1786510622.3881369,10.450761802954839,0.7399193548387096,146.23634085930362,0.0,0.07487918254155801,0.11639056375712115,follow,1
1786510622.4818413,10.483205248405035,0.7459677419354839,145.68881274225805,0.0,0.06953105038876073,0.10651719158300804,follow,1
1786510622.5784695,10.543286942923352,0.0,15.411296740290059,0.0,0.06953105038876073,0.07151719158300804,slow:lane_dropout,1
1786510622.6783128,10.50770631878021,0.9092741935483871,144.77179040404624,0.0,0.009147574938201508,0.07951719158300805,follow,1
1786510622.7741055,10.400672540423994,0.0,13.513153656509727,0.0,0.009147574938201508,0.04451719158300804,slow:lane_dropout,1
1786510622.874109,10.40832278373513,0.9274193548387096,142.35677832337416,0.0,-0.11866668295474603,0.05251719158300804,follow,1
1786510622.969165,10.335604183865017,0.6733870967741936,141.99028750508168,0.0,-0.016767292570124104,0.06051719158300804,follow,1
1786510623.0596113,10.371207012421465,0.8850806451612904,141.11743650742125,0.0,-0.08833396215520606,0.06851719158300804,follow,1
1786510623.136536,10.48940370677573,0.39263824884792625,169.11743650742125,0.0,0.551666037844794,0.07651719158300804,follow,1
1786510623.2369306,11.018569566078277,0.7338709677419355,141.11743650742125,0.0,-0.08833396215520606,0.08451719158300805,follow,1
1786510623.3238688,10.797601127607678,0.8185483870967742,138.9608773886502,0.0,-0.14928640268686189,0.09,follow,1
1786510623.41581,10.950943195339827,0.782258064516129,138.78576520318836,0.0,-0.10537035150026419,0.098,follow,1
1786510623.5085843,10.9061242028103,0.8064516129032258,138.14189035900185,0.0,-0.1391256808895942,0.10322244131088995,follow,1
1786510623.5953999,10.9106844260259,0.842741935483871,137.4173914879916,0.0,-0.1712903931377927,0.10675393035298594,follow,1
1786510623.6851523,10.922297039557378,0.564516129032258,136.27231494920173,0.0,-0.23462622088858653,0.09,follow,1
1786510623.7762022,11.071785143260517,0.872983870967742,135.74686639420372,0.0,-0.2324867182547259,0.098,follow,1
1786510623.8737307,11.00464520477226,0.872983870967742,135.74729130333284,0.0,-0.21471604109748532,0.10600000000000001,follow,1
1786510623.9673736,10.895599985114877,0.872983870967742,136.07074855837232,0.0,-0.18893445711152435,0.11400000000000002,follow,1
1786510624.063326,10.862305205734994,0.872983870967742,135.99030129728007,0.0,-0.20712162745198182,0.12200000000000003,follow,1
1786510624.1561265,10.76990690260163,0.872983870967742,135.96316679571507,0.0,-0.20817258023327223,0.12488784553726295,follow,1
1786510624.2514827,10.770470076518128,0.872983870967742,136.02653688232363,0.0,-0.20005762957429185,0.12237725018167658,follow,1
1786510624.3492851,10.718246866006622,0.8366935483870968,135.9711151959427,0.0,-0.19416403260979953,0.1303772501816766,follow,1
1786510624.4484446,10.615356657254594,0.8306451612903225,135.60079785246145,0.0,-0.2115340625183484,0.1383772501816766,follow,1
1786510624.525942,10.506003721969899,0.5040322580645161,142.81390560658795,0.0,0.4284659374816516,0.1063351360816971,follow,1
1786510624.6130283,10.939200004100734,0.5100806451612904,142.76483046165427,0.0,0.23944898682799454,0.10921386634768192,follow,1
1786510624.6931708,11.078102118280194,0.4616935483870968,158.97048087047835,0.0,0.8794489868279945,0.09,follow,1
1786510624.781761,11.378021283202544,0.8125,133.85936275441375,0.0,0.23944898682799454,0.098,follow,1
1786510624.8592796,11.342219056733148,0.407258064516129,161.85936275441375,0.0,0.8794489868279945,0.09,follow,1
1786510624.9361374,11.624331120553052,0.36658986175115205,146.44310428704156,0.0,0.23944898682799454,0.098,follow,1
1786510625.0237153,11.960249703169744,0.7278225806451613,131.67468333354395,0.0,-0.4005510131720055,0.09,follow,1
1786510625.1155844,11.845892223652855,0.6975806451612904,132.4269588261657,0.0,-0.23565720688689096,0.09,follow,1
1786510625.201101,11.633405033228623,0.5221774193548387,135.63323059130732,0.0,0.010214936540149155,0.098,follow,1
1786510625.2882354,11.635832857262033,0.7338709677419355,131.60086024779005,0.0,-0.5003483881319839,0.09,follow,1
1786510625.3684614,11.643080616386722,0.5584677419354839,137.06257150175014,0.0,0.1396516118680161,0.098,follow,1
1786510625.4562054,11.799107350424201,0.8245967741935484,128.96586069142137,0.0,-0.5003483881319839,0.09,follow,1
1786510625.533366,11.713527643015748,0.5100806451612904,144.16996928199526,0.0,0.1396516118680161,0.09,follow,1
1786510625.6079633,11.956856872453402,0.48588709677419356,145.01039180782408,0.0,0.48807852878441094,0.09,follow,1
1786510625.693522,12.250343833955586,0.4616935483870968,153.55920205920205,0.0,1.0,0.09,follow,1
1786510625.7740731,12.109848806926871,0.45564516129032256,150.25261650114544,0.0,0.6396953869683096,0.09,follow,1
1786510625.861162,12.149143057213927,0.7943548387096775,124.46485424687665,0.0,-0.0003046130316903817,0.09,follow,1
1786510625.938881,12.072160456539127,0.41330645161290325,152.46485424687665,0.0,0.6396953869683096,0.09,follow,1
1786510626.0178583,12.184798338789236,0.37658986175115206,162.04734265735212,0.0,1.0,0.09,follow,1
1786510626.1013148,12.280176594651884,0.49798387096774194,134.04734265735212,0.0,0.6396953869683096,0.09,follow,1
1786510626.1974034,12.227572895396522,0.6491935483870968,117.09989351627297,0.0,-0.0003046130316903817,0.09,follow,1
1786510626.2846968,11.891746979224033,0.685483870967742,116.2223854511742,0.0,-0.6403046130316904,0.09,follow,1
1786510626.3748612,11.772670296606918,0.5221774193548387,122.17976803510459,0.0,-0.4050054754480844,0.098,follow,1
1786510626.4683332,11.66474333261978,0.5403225806451613,115.45937234514419,0.0,-1.0,0.09,follow,1
1786510626.559759,11.440857600566996,0.7278225806451613,113.32463738792866,0.0,-1.0,0.09,follow,1
1786510626.6485636,11.367545298526371,0.7157258064516129,112.94810253038091,0.0,-1.0,0.09,follow,1
1786510626.7357347,11.324121394400757,0.5524193548387096,119.29454612614192,0.0,-0.5133301656281228,0.098,follow,1
1786510626.8337626,11.38195363812429,0.8306451612903225,109.10928685136452,0.0,-1.0,0.09,follow,1
1786510626.9253225,11.142917874892937,0.7217741935483871,108.71334890126514,0.0,-1.0,0.09,follow,1
1786510627.0085013,11.097950407709117,0.5100806451612904,125.44022143483505,0.0,-0.6835821822182836,0.09,follow,1
1786510627.1058056,11.183543105496833,0.49193548387096775,118.27511214716034,0.0,-0.9721738180397176,0.098,follow,1
1786510627.197693,11.088969146429026,0.6975806451612904,103.28758666380861,0.0,-1.0,0.09,follow,1
1786510627.2757688,11.042748844215101,0.4616935483870968,131.2875866638086,0.0,-0.9721738180397176,0.09,follow,1
1786510627.35779,11.381533419251774,0.4495967741935484,103.59096607851359,0.0,-1.0,0.09,follow,1
1786510627.432731,11.550005747861785,0.4193548387096774,131.5909660785136,0.0,-0.9721738180397176,0.09,follow,1
1786510627.5049,11.919766582887178,0.3951612903225806,156.8317649741379,0.0,-0.33217381803971757,0.09,follow,1
1786510627.5831854,12.288910900362712,0.48588709677419356,128.8317649741379,0.0,-0.9721738180397176,0.09,follow,1
1786510627.666999,12.366057793163233,0.5040322580645161,100.83176497413791,0.0,-1.0,0.09,follow,1
1786510627.7448373,12.30248560164002,0.49798387096774194,94.80270767236176,0.0,-1.0,0.09,follow,1
1786510627.8224754,12.408481700935933,0.5282258064516129,90.5194895298965,0.0,-1.0,0.09,follow,1
1786510627.8957636,12.50494607331121,0.5403225806451613,92.07890853612442,0.0,-1.0,0.09,follow,1
1786510627.9700186,12.691289796403167,0.5463709677419355,88.6843420346843,0.0,-1.0,0.09,follow,1
1786510628.046747,12.89001102470971,0.5403225806451613,96.1118903273602,0.0,-1.0,0.09,follow,1
1786510628.1254342,12.93062465399326,0.6008064516129032,88.04050471737449,0.0,-1.0,0.09,follow,1
1786510628.2105424,12.811876225292606,0.6008064516129032,87.8065980629537,0.0,-1.0,0.09,follow,1
1786510628.2899792,12.629873712089266,0.6189516129032258,87.78802445123642,0.0,-1.0,0.09,follow,1
1786510628.3727362,12.65881448341559,0.6370967741935484,86.9868277891461,0.0,-1.0,0.09,follow,1
1786510628.4604266,12.517999410450727,0.6370967741935484,86.92352405658849,0.0,-1.0,0.09,follow,1
1786510628.5343788,12.296758537661118,0.4314516129032258,114.92352405658849,0.0,-1.0,0.09,follow,1
1786510628.6089985,12.51427142290996,0.4193548387096774,142.9235240565885,0.0,-0.8114953023626815,0.09,follow,1
1786510628.6875248,12.730902668223427,0.48588709677419356,114.92352405658849,0.0,-1.0,0.09,follow,1
1786510628.774552,12.713419659007101,0.7217741935483871,86.92352405658849,0.0,-1.0,0.09,follow,1
1786510628.8657773,12.450007280674471,0.7399193548387096,85.23483775932505,0.0,-1.0,0.09,follow,1
1786510628.9544747,12.162294471531814,0.7580645161290323,85.01803337316724,0.0,-1.0,0.09,follow,1
1786510629.0330808,11.982118088186215,0.5161290322580645,88.58337491628753,0.0,-1.0,0.09,follow,1
1786510629.1202345,12.166780414702204,0.8245967741935484,84.83998793781265,0.0,-1.0,0.09,follow,1
1786510629.2011406,12.028494266798987,0.5342741935483871,81.43897373935519,0.0,-1.0,0.09,follow,1
1786510629.2789822,12.098344814276366,0.5584677419354839,78.41818126379647,0.0,-1.0,0.09,follow,1
1786510629.357948,12.245241100697795,0.5463709677419355,86.6341783096202,0.0,-1.0,0.09,follow,1
1786510629.4392703,12.34452463619676,0.5403225806451613,90.49853381222879,0.0,-1.0,0.09,follow,1
1786510629.5243523,12.298780081946628,0.6008064516129032,84.63803979557278,0.0,-1.0,0.09,follow,1
1786510629.604969,12.220823090998726,0.594758064516129,84.55251602653104,0.0,-1.0,0.09,follow,1
1786510629.68596,12.221414115618995,0.625,84.362276825061,0.0,-1.0,0.09,follow,1
1786510629.7685423,12.288462544667894,0.6370967741935484,83.81197743788454,0.0,-1.0,0.09,follow,1
1786510629.8630345,12.241428995759572,0.6491935483870968,83.40248176154364,0.0,-1.0,0.09,follow,1
1786510629.9439273,11.908007057260628,0.6673387096774193,83.21913295246512,0.0,-1.0,0.09,follow,1
1786510630.0260441,12.001093517456283,0.6915322580645161,83.24371646390745,0.0,-1.0,0.09,follow,1
1786510630.1088228,12.03671950601177,0.4798387096774194,85.8998249261395,0.0,-1.0,0.09,follow,1
1786510630.1904397,12.049161370294618,0.7338709677419355,82.40160556571496,0.0,-1.0,0.09,follow,1
1786510630.272314,12.080846871617663,0.7580645161290323,82.44885940947731,0.0,-1.0,0.09,follow,1
1786510630.3564827,12.07543031307609,0.7762096774193549,82.21403196066888,0.0,-1.0,0.09,follow,1
1786510630.4350812,12.076600552242123,0.5342741935483871,86.02789682015177,0.0,-1.0,0.09,follow,1
1786510630.5149398,12.199842693805937,0.5524193548387096,89.38813071382387,0.0,-1.0,0.098,follow,1
1786510630.6089306,12.26237568686344,0.8790322580645161,81.7171930011736,0.0,-1.0,0.09,follow,1
1786510630.6858137,11.936112761543313,0.5524193548387096,95.66312124849897,0.0,-1.0,0.098,follow,1
1786510630.761545,12.169015863384214,0.5403225806451613,94.63431299439279,0.0,-1.0,0.101894145321596,follow,1
1786510630.8472974,12.361131090895256,0.594758064516129,82.5691825400601,0.0,-1.0,0.09,follow,1
1786510630.9266834,12.228242689690235,0.6068548387096775,82.27815676768455,0.0,-1.0,0.09,follow,1
1786510631.010367,12.30132323229092,0.6370967741935484,82.48884910452446,0.0,-1.0,0.09,follow,1
1786510631.0952473,12.224864041376257,0.6370967741935484,82.88622597160887,0.0,-1.0,0.09,follow,1
1786510631.1783993,12.145788480409667,0.4435483870967742,100.85324036139328,0.0,-1.0,0.09017769449715843,follow,1
1786510631.2742913,12.109069748938216,0.6794354838709677,83.04957000290432,0.0,-1.0,0.09,follow,1
1786510631.3597064,11.7752199324324,0.6794354838709677,82.94548386207671,0.0,-1.0,0.09,follow,1
1786510631.4500155,11.727394750219792,0.7036290322580645,83.28902683824097,0.0,-1.0,0.09,follow,1
1786510631.5297344,11.62568078397333,0.49798387096774194,83.91267039823327,0.0,-1.0,0.09,follow,1
1786510631.6144965,11.809496630651552,0.7580645161290323,82.897862695844,0.0,-1.0,0.09,follow,1
1786510631.7042692,11.775500295867367,0.7762096774193549,82.97013957092528,0.0,-1.0,0.09,follow,1
1786510631.7885394,11.68679628055764,0.5282258064516129,85.87114098898267,0.0,-1.0,0.09,follow,1
1786510631.8688276,11.72531769213792,0.5463709677419355,82.10317859058244,0.0,-1.0,0.09,follow,1
1786510631.9516487,11.872222322249325,0.5766129032258065,78.07175544581082,0.0,-1.0,0.09,follow,1
1786510632.033813,11.872687253521523,0.5524193548387096,88.36503047372658,0.0,-1.0,0.09322697237589862,follow,1
1786510632.118454,11.974278651709058,0.5403225806451613,89.92232154656332,0.0,-1.0,0.09835343476637431,follow,1
1786510632.2006252,11.931358161292948,0.6370967741935484,82.91922276312386,0.0,-1.0,0.09,follow,1
1786510632.29634,11.95888073534634,0.6794354838709677,83.07745753856102,0.0,-1.0,0.09,follow,1
1786510632.3810542,11.67415618938356,0.685483870967742,83.56547780450433,0.0,-1.0,0.09,follow,1
1786510632.4612136,11.70824931640593,0.685483870967742,83.20680407261526,0.0,-1.0,0.09,follow,1
1786510632.5456133,11.847292067465636,0.6975806451612904,83.04916824178179,0.0,-1.0,0.09,follow,1
1786510632.6251822,11.803194951167857,0.4375,98.52659520679737,0.0,-1.0,0.098,follow,1
1786510632.7060933,12.004032978260028,0.6794354838709677,83.71769908711772,0.0,-1.0,0.09,follow,1
1786510632.79033,12.047596102672138,0.7096774193548387,83.76806938438514,0.0,-1.0,0.09,follow,1
1786510632.8743193,12.027279692361038,0.5040322580645161,87.12413536548607,0.0,-1.0,0.09512828560019412,follow,1
1786510632.9504263,11.989678851771826,0.5100806451612904,82.50152116743101,0.0,-1.0,0.09,follow,1
1786510633.0283494,12.256680843061002,0.5342741935483871,84.52322584908083,0.0,-1.0,0.09,follow,1
1786510633.1143951,12.366117937825857,0.842741935483871,83.96506325351149,0.0,-1.0,0.09,follow,1
1786510633.2084794,12.223169244403902,0.8669354838709677,84.12179457457245,0.0,-1.0,0.09,follow,1
1786510633.291701,11.91168328720525,0.5584677419354839,84.46399935881499,0.0,-1.0,0.09,follow,1
1786510633.372473,11.914072896812879,0.5826612903225806,84.03236507506604,0.0,-1.0,0.09,follow,1
1786510633.4527826,12.007024803300034,0.5584677419354839,87.46349477381648,0.0,-1.0,0.09,follow,1
1786510633.528156,12.0312262221038,0.5463709677419355,88.73403974355628,0.0,-1.0,0.09712614181372477,follow,1
1786510633.6072705,12.365906516688323,0.5342741935483871,90.08576006720872,0.0,-1.0,0.09820212042736466,follow,1
1786510633.6862583,12.42394303920009,0.5161290322580645,98.06330928087763,0.0,-1.0,0.10385033432270956,follow,1
1786510633.7686203,12.475334144548924,0.6370967741935484,86.69630332704949,0.0,-1.0,0.09,follow,1
1786510633.8549817,12.382485591258238,0.4798387096774194,106.05875916402219,0.0,-1.0,0.09,follow,1
1786510633.9303823,12.189406084245025,0.4616935483870968,117.54014274014177,0.0,-0.7185699896579952,0.09,follow,1
1786510634.0112433,12.433557219248076,0.4435483870967742,105.57225989736075,0.0,-1.0,0.09,follow,1
1786510634.0803351,12.433617455611273,0.5100806451612904,89.60643383842421,0.0,-1.0,0.09,follow,1
1786510634.162377,12.860674768010824,0.782258064516129,87.32255160085941,0.0,-1.0,0.09,follow,1
1786510634.2362413,12.713873491813242,0.5040322580645161,90.44813666197587,0.0,-1.0,0.09,follow,1
1786510634.3159666,12.820503247741115,0.5161290322580645,90.18149646107085,0.0,-1.0,0.09,follow,1
1786510634.3896813,12.84119616972413,0.5342741935483871,89.09030989824187,0.0,-1.0,0.09,follow,1
1786510634.4649026,12.979710111731425,0.5403225806451613,89.07110231928064,0.0,-1.0,0.09,follow,1
1786510634.5413785,13.0215049723321,0.5463709677419355,91.99374703072597,0.0,-1.0,0.09,follow,1
1786510634.617361,13.052417439384127,0.5705645161290323,90.88156774782797,0.0,-1.0,0.09,follow,1
1786510634.6968634,13.064240767005876,0.5766129032258065,92.77096676908079,0.0,-1.0,0.098,follow,1
1786510634.7791798,12.976073387915772,0.594758064516129,91.5896333203234,0.0,-1.0,0.09920741388579299,follow,1
1786510634.857083,12.817380347151085,0.564516129032258,95.84355345911976,0.0,-1.0,0.107207413885793,follow,1
1786510634.9420338,12.823187967082857,0.5584677419354839,96.007236160066,0.0,-1.0,0.10542312287630638,follow,1
1786510635.0249271,12.618328048158755,0.5463709677419355,94.6491467650884,0.0,-1.0,0.10151741411897426,follow,1
1786510635.1101325,12.506900891729357,0.5403225806451613,96.84321395533156,0.0,-1.0,0.10739503043263672,follow,1
1786510635.1913364,12.338404768240059,0.5100806451612904,103.51532585395502,0.0,-1.0,0.09,follow,1
1786510635.2792816,12.34366501561814,0.49798387096774194,104.93795229161086,0.0,-1.0,0.09,follow,1
1786510635.3729334,12.151908641097954,0.4798387096774194,105.382741547215,0.0,-1.0,0.09,follow,1
1786510635.4596596,11.858502085003648,0.467741935483871,109.98513174829205,0.0,-0.7831098770223963,0.09,follow,1
1786510635.5556307,11.746172745620967,0.7278225806451613,91.84716219083317,0.0,-1.0,0.09,follow,1
1786510635.6530695,11.496167308143987,0.7278225806451613,92.1888102286836,0.0,-1.0,0.09,follow,1
1786510635.7385998,11.226254526947002,0.6491935483870968,92.70401019634451,0.0,-1.0,0.09,follow,1
1786510635.821548,11.337654554754266,0.5100806451612904,90.73670912184613,0.0,-1.0,0.09,follow,1
1786510635.908064,11.45852547851787,0.5342741935483871,93.75680822745409,0.0,-1.0,0.09,follow,1
1786510635.997821,11.54010783637994,0.7338709677419355,93.91801779351361,0.0,-1.0,0.09,follow,1
1786510636.0871572,11.454044325207501,0.5403225806451613,95.58614472616034,0.0,-1.0,0.098,follow,1
1786510636.1825645,11.4078582194295,0.5524193548387096,93.23435912826626,0.0,-1.0,0.09,follow,1
1786510636.2794795,11.14531806734053,0.5887096774193548,95.84308419952698,0.0,-1.0,0.09,follow,1
1786510636.3777685,11.062536633826836,0.782258064516129,95.47422153310936,0.0,-1.0,0.09,follow,1
1786510636.4765973,10.875734780269338,0.5887096774193548,95.35117623604468,0.0,-1.0,0.09030021741328667,follow,1
1786510636.570634,10.724600938439998,0.5766129032258065,99.1742178157268,0.0,-1.0,0.09830021741328668,follow,1
1786510636.657432,10.70838114648526,0.5524193548387096,100.5401145073408,0.0,-1.0,0.10630021741328669,follow,1
1786510636.7471094,10.856298323638503,0.5403225806451613,96.54641299627988,0.0,-1.0,0.09109124281578847,follow,1
1786510636.8284667,10.93350321057216,0.5221774193548387,102.73290769711058,0.0,-1.0,0.09909124281578846,follow,1
1786510636.9124677,11.167233503437139,0.5040322580645161,106.30852074754519,0.0,-1.0,0.10709124281578847,follow,1
1786510637.013227,11.353767772497504,0.48588709677419356,102.06114307751007,0.0,-1.0,0.10228758965113981,follow,1
1786510637.1074371,11.044574963624346,0.467741935483871,128.20864661654156,0.0,-1.0,0.09,follow,1
1786510637.1893752,10.9833274209569,0.4435483870967742,107.25497024322873,0.0,-1.0,0.098,follow,1
1786510637.2739198,11.190034926552372,0.5221774193548387,100.38823655960257,0.0,-1.0,0.09920195181548108,follow,1
1786510637.3570037,11.302676019033683,0.5342741935483871,99.9602920261534,0.0,-1.0,0.09,follow,1
1786510637.4393852,11.511092635065319,0.5221774193548387,101.04367722575643,0.0,-1.0,0.09,follow,1
1786510637.5240083,11.607321794333838,0.5403225806451613,101.46674788555572,0.0,-1.0,0.09,follow,1
1786510637.610661,11.668225340011986,0.5584677419354839,101.5848780615296,0.0,-1.0,0.09,follow,1
1786510637.696408,11.580770769427115,0.5584677419354839,100.7622509787656,0.0,-1.0,0.09,follow,1
1786510637.7816057,11.654324973260863,0.5887096774193548,103.06326736381217,0.0,-1.0,0.09,follow,1
1786510637.8752205,11.68834745372103,0.594758064516129,105.49734239429391,0.0,-1.0,0.098,follow,1
1786510637.9651015,11.484783762934867,0.6129032258064516,105.6204496227942,0.0,-1.0,0.10600000000000001,follow,1
1786510638.0495255,11.413988326080165,0.5826612903225806,106.16791213310557,0.0,-1.0,0.11400000000000002,follow,1
1786510638.1395116,11.496148046700968,0.564516129032258,112.80485002418972,0.0,-0.7197640592722754,0.0997570462706173,follow,1
1786510638.2212884,11.39493613751096,0.5524193548387096,108.22060901283554,0.0,-1.0,0.1077570462706173,follow,1
1786510638.3048067,11.559685509857111,0.5463709677419355,109.045376746443,0.0,-1.0,0.11575704627061731,follow,1
1786510638.4025362,11.67882477934431,0.5221774193548387,117.96186934421755,0.0,-0.5589021535838145,0.09,follow,1
1786510638.4926863,11.389887830067035,0.5040322580645161,115.99049730757042,0.0,-0.9340961181281858,0.098,follow,1
1786510638.5857835,11.310938722287059,0.48588709677419356,112.65901510278869,0.0,-1.0,0.10600000000000001,follow,1
1786510638.671447,11.187185166699685,0.467741935483871,132.69309252861868,0.0,-0.5569828443562627,0.09,follow,1
1786510638.753519,11.305829328541769,0.4435483870967742,125.40540635242336,0.0,-0.6638182559713284,0.09,follow,1
1786510638.8361456,11.475296684710255,0.4254032258064516,141.3972456168245,0.0,-0.02381825597132836,0.09,follow,1
1786510638.9204028,11.621056752319642,0.49798387096774194,113.3972456168245,0.0,-0.6638182559713284,0.098,follow,1
1786510639.0083134,11.664099077607494,0.5282258064516129,109.9462313934908,0.0,-1.0,0.09,follow,1
1786510639.0923884,11.594697583940373,0.5342741935483871,110.23478119277353,0.33852040816326534,-1.0,0.09,follow,1
1786510639.1804047,11.659837338363571,0.5584677419354839,110.18773255601238,0.0,-1.0,0.09,follow,1
1786510639.2729776,11.570955933617114,0.5584677419354839,113.9545123942174,0.0,-0.9477995111989641,0.098,follow,1
1786510639.3627827,11.444910106175477,0.5826612903225806,111.4336682185733,0.0,-1.0,0.09,follow,1
1786510639.445161,11.393940404154383,0.6068548387096775,113.41810338524148,0.0,-1.0,0.09,follow,1
1786510639.5492418,11.544606028826585,0.6068548387096775,116.12325071140404,0.0,-0.9126690957250265,0.098,follow,1
1786510639.6326544,11.143068799494314,0.5887096774193548,115.82440476190456,0.0,-1.0,0.10587868961259093,follow,1
1786510639.7183049,11.323882754368968,0.5826612903225806,118.0767984856365,0.0,-0.8567321412411244,0.11387868961259093,follow,1
1786510639.8065586,11.402498470015905,0.5584677419354839,124.88871461501844,0.0,-0.2927587544413025,0.10319476702262292,follow,1
1786510639.8969426,11.381654377610499,0.5403225806451613,118.99488639581543,0.0,-0.9327587544413025,0.11119476702262293,follow,1
1786510639.9797475,11.318916131827116,0.5342741935483871,123.8305329532369,0.0,-0.4630801292856356,0.11919476702262294,follow,1
1786510640.0601227,11.469584304924252,0.5161290322580645,125.36634571192218,0.0,-0.49679916992425827,0.12507816776328337,follow,1
1786510640.1471493,11.673508466277761,0.49798387096774194,131.29603323505836,0.0,0.05793036094349996,0.09007816776328337,follow,1
1786510640.2308702,11.596376644665975,0.4737903225806452,138.4549549549553,0.0,0.48282242964805533,0.09,follow,1
1786510640.317002,11.691901928116788,0.45564516129032256,142.6395053475932,0.0,0.5983557711929925,0.09,follow,1
1786510640.3977036,11.67037073324706,0.4314516129032258,132.92580645161317,0.0,-0.041644228807007466,0.09108435483870737,follow,1
1786510640.4742892,11.767885592801932,0.41330645161290325,160.92580645161317,0.0,0.5983557711929925,0.09,follow,1
1786510640.5627341,12.10416959820089,0.5161290322580645,132.92580645161317,0.0,-0.041644228807007466,0.09,follow,1
1786510640.6460106,11.8908264807198,0.5463709677419355,120.27791806084154,0.0,-0.6816442288070075,0.09041897615395267,follow,1
1786510640.7367063,11.982308508929659,0.5705645161290323,121.00629146411606,0.0,-0.8503479621509162,0.09,follow,1
1786510640.8260832,11.765607936501945,0.7217741935483871,121.08834029062217,0.0,-0.916112671165147,0.09739707389148691,follow,1
1786510640.920922,11.666068214750013,0.5826612903225806,122.3772889198408,0.0,-0.7820222956867684,0.09,follow,1
1786510641.0035985,11.45218073034793,0.594758064516129,121.47130025531415,0.0,-0.938733546894893,0.09,follow,1
1786510641.098581,11.5681313272071,0.7883064516129032,121.59822776990536,0.0,-0.8871646259224235,0.09,follow,1
1786510641.19002,11.368686571668476,0.6068548387096775,124.66680162719089,0.0,-0.6129130908660632,0.098,follow,1
1786510641.2782662,11.238326260982081,0.5887096774193548,122.92711893369774,0.0,-0.8846678179653646,0.10600000000000001,follow,1
1786510641.3647091,11.282397033876574,0.5766129032258065,124.58869720426313,0.0,-0.6530137007177068,0.11400000000000002,follow,1
1786510641.447384,11.282479225894177,0.564516129032258,127.17368166424768,0.0,-0.4494741433362045,0.12200000000000003,follow,1
1786510641.5332682,11.528227299224234,0.5524193548387096,124.33636393018725,0.0,-0.822801602221646,0.12541343379343584,follow,1
1786510641.6167243,11.550511655739406,0.5403225806451613,122.96551945477447,0.0,-0.7860137231833486,0.12537262785536454,follow,1
1786510641.7036903,11.646793027413933,0.5221774193548387,124.36761924691922,0.0,-0.5455298495559657,0.1217235214606873,follow,1
1786510641.7880425,11.607930556789048,0.49798387096774194,120.45436880192966,0.0,-0.9407612377173324,0.11901889670467382,follow,1
1786510641.868354,11.655020401877099,0.48588709677419356,115.81366603593796,0.0,-1.0,0.1010882705884174,follow,1
1786510641.951711,11.823143251510189,0.467741935483871,143.0380258077613,0.0,-0.5870907604222618,0.09,follow,1
1786510642.0325336,11.860549557180361,0.4435483870967742,119.84774452302887,0.0,-1.0,0.098,follow,1
1786510642.116671,11.933561125310602,0.42468894009216585,136.9200169500515,0.0,-0.5870907604222618,0.09,follow,1
1786510642.2038643,11.949285095483319,0.5221774193548387,116.61359356532445,0.0,-1.0,0.09,follow,1
1786510642.301798,11.823629806247311,0.5463709677419355,116.10698296339794,0.0,-0.989831434988622,0.09,follow,1
1786510642.3843615,11.529527989308779,0.5403225806451613,119.17860800657012,0.0,-0.7529333927970618,0.098,follow,1
1786510642.472273,11.626763748983835,0.564516129032258,118.86313924699039,0.0,-0.8846379896172956,0.10600000000000001,follow,1
1786510642.5674782,11.57410617010072,0.5705645161290323,117.69124093319427,0.0,-0.9955133139407569,0.09,follow,1
1786510642.6581857,11.370738029862236,0.625,115.78055198811427,0.0,-1.0,0.09,follow,1
1786510642.7476199,11.299429886159064,0.6189516129032258,119.52106063768302,0.0,-0.7094458970588817,0.098,follow,1
1786510642.8368685,11.278473571588487,0.6008064516129032,120.22090805623083,0.0,-0.8049957370903705,0.10600000000000001,follow,1
1786510642.9247398,11.270039382083516,0.5887096774193548,120.01606288448406,0.0,-0.863585008779545,0.11400000000000002,follow,1
1786510643.006868,11.27233323511761,0.564516129032258,127.38999758103549,0.0,-0.223585008779545,0.10709771731987697,follow,1
1786510643.0916138,11.469463454711159,0.5463709677419355,119.17086792163582,0.0,-0.863585008779545,0.09,follow,1
1786510643.174206,11.535692151421847,0.5403225806451613,121.63171725443105,0.0,-0.6872747213681829,0.098,follow,1
1786510643.264192,11.61413335979891,0.7701612903225807,120.19155063060452,0.0,-0.9372098278731406,0.10600000000000001,follow,1
1786510643.3489945,11.511204381182543,0.5040322580645161,129.4634146341458,0.0,-0.29720982787314054,0.11400000000000002,follow,1
1786510643.4299414,11.609828517408793,0.48588709677419356,128.71954555523172,0.0,-0.443677893213243,0.12200000000000003,follow,1
1786510643.5130303,11.716397680905219,0.467741935483871,156.71954555523172,0.0,0.196322106786757,0.09,follow,1
1786510643.6002748,11.822983547890006,0.4375,135.61127894630232,0.0,-0.443677893213243,0.09207493730408785,follow,1
1786510643.6897438,11.749562212546833,0.4097350230414747,163.61127894630232,0.0,0.196322106786757,0.09,follow,1
1786510643.7765038,11.62832152067326,0.5342741935483871,135.61127894630232,0.0,-0.443677893213243,0.09,follow,1
1786510643.860783,11.584231058489678,0.5705645161290323,123.8699981113966,0.0,-1.0,0.09,follow,1
1786510643.9521587,11.611788614923768,0.5403225806451613,125.23141672487698,0.0,-0.6436523318273284,0.09708036399988532,follow,1
1786510644.0405242,11.533814884894984,0.564516129032258,125.76814697819107,0.0,-0.6410934725768545,0.09,follow,1
1786510644.1324553,11.482191526146526,0.5705645161290323,125.2616146955767,0.0,-0.7172534407527047,0.09,follow,1
1786510644.2187982,11.336838665091406,0.5826612903225806,123.64894361403807,0.0,-0.8679107732121414,0.09,follow,1
1786510644.3037682,11.388053362827714,0.594758064516129,123.69771967243472,0.0,-0.8072769167229611,0.09,follow,1
1786510644.3878326,11.493641576621245,0.625,125.74252765291692,0.0,-0.6161054271037097,0.09,follow,1
1786510644.47299,11.571426231152824,0.6068548387096775,127.93055859940921,0.0,-0.5110989681532518,0.098,follow,1
1786510644.5581074,11.574994253194827,0.5826612903225806,128.44842817449552,0.0,-0.5603361114564344,0.10256105788075583,follow,1
1786510644.6416016,11.64928298389346,0.5705645161290323,130.31077832021228,0.0,-0.37985849850934095,0.11056105788075582,follow,1
1786510644.7182631,11.701571116588436,0.564516129032258,132.74794388001933,0.0,-0.1993218615042015,0.11856105788075583,follow,1
1786510644.79132,11.972536099672624,0.5463709677419355,129.21041659216831,0.0,-0.6534923052763522,0.12656105788075583,follow,1
1786510644.8665829,12.323122128497472,0.5342741935483871,130.28951603768203,0.0,-0.3594545252490581,0.13184675745064411,follow,1
1786510644.9523923,12.47069350426532,0.5161290322580645,133.20681205380407,0.0,-0.08956830067886756,0.11908644058247657,follow,1
1786510645.0325723,12.350841572125928,0.49193548387096775,132.33384340306745,0.0,-0.3154424354341626,0.12306976619512318,follow,1
1786510645.108188,12.372319639452986,0.4737903225806452,140.9032169821642,0.0,0.3245575645658374,0.09,follow,1
1786510645.1808424,12.54491693691946,0.4495967741935484,161.54392204095677,0.0,0.9645575645658374,0.09,follow,1
1786510645.2616355,12.78763043845418,0.4375,173.26063681868987,0.0,1.0,0.09,follow,1
1786510645.3471637,12.562812685441639,0.5161290322580645,145.26063681868987,0.0,0.9645575645658374,0.09,follow,1
1786510645.433213,12.532031423033319,0.5040322580645161,124.00632039542921,0.0,0.3245575645658374,0.09,follow,1
1786510645.5179327,12.350217798022577,0.5221774193548387,122.81128421664708,0.0,-0.3154424354341626,0.09,follow,1
1786510645.6024315,12.227022417206696,0.5463709677419355,122.97184312022644,0.0,-0.7667900792548565,0.09,follow,1
1786510645.6905003,12.15184809887985,0.5584677419354839,124.3293631182516,0.0,-0.6727912293698924,0.09,follow,1
1786510645.7791317,11.992433065326733,0.564516129032258,122.86281268675809,0.0,-0.8761754468639782,0.09,follow,1
1786510645.8635972,11.81051885308585,0.5826612903225806,125.13694993630436,0.0,-0.6086204817108729,0.09,follow,1
1786510645.9483206,11.849925738332482,0.6068548387096775,127.01784474312092,0.0,-0.5121058814753496,0.09442395223967488,follow,1
1786510646.0242562,11.848528884336972,0.6129032258064516,129.87328387473858,0.0,-0.3247974531147516,0.10242395223967488,follow,1
1786510646.100828,12.115203562742714,0.5887096774193548,128.0068922305765,0.0,-0.621689767985431,0.11042395223967488,follow,1
1786510646.1795833,12.320142571855026,0.5766129032258065,127.9458850373951,0.0,-0.5261054311923968,0.11842395223967489,follow,1
1786510646.2592123,12.380484455530144,0.5524193548387096,129.75918552036148,0.0,-0.31562738399374135,0.1264239522396749,follow,1
1786510646.3367436,12.330107325501878,0.5463709677419355,132.0430433449974,0.0,-0.14244482723061114,0.0914239522396749,follow,1
1786510646.4192224,12.536429118624444,0.5403225806451613,122.12261405255836,0.0,-0.7824448272306112,0.0994239522396749,follow,1
1786510646.4992416,12.422903661679957,0.5221774193548387,128.60991597449546,0.0,-0.14244482723061114,0.09688647092607405,follow,1
1786510646.5836174,12.458083331378102,0.5040322580645161,137.69591384225504,0.0,0.4975551727693889,0.09,follow,1
1786510646.6678567,12.360927080919296,0.48588709677419356,124.53322333392885,0.0,-0.14244482723061114,0.098,follow,1
1786510646.7424445,12.260928026353845,0.4737903225806452,133.61905022431466,0.0,0.4203607320171645,0.09,follow,1
1786510646.8143134,12.436459592322565,0.45564516129032256,136.86784759358292,0.0,0.3750354429326255,0.09,follow,1
1786510646.8892748,12.696266010039952,0.4375,141.71081504702352,0.0,0.7305760194693713,0.09,follow,1
1786510646.9618278,12.924894716003262,0.4254032258064516,145.0134752900056,0.0,0.8479583881581829,0.09,follow,1
1786510647.0320363,13.07614995308952,0.3951152073732719,173.0134752900056,0.0,1.0,0.09,follow,1
1786510647.109031,13.313069846017626,0.49193548387096775,145.0134752900056,0.0,0.8479583881581828,0.09,follow,1
1786510647.187766,13.244535559216057,0.5221774193548387,117.0134752900056,0.0,0.2079583881581828,0.09,follow,1
1786510647.271787,13.152396496193774,0.5463709677419355,116.56207210543819,0.0,-0.4320416118418172,0.098,follow,1
1786510647.3540318,12.898812641836148,0.5705645161290323,112.84306093462618,0.0,-1.0,0.09,follow,1
1786510647.4322503,12.732674404696699,0.5766129032258065,110.83665940977284,0.0,-1.0,0.09,follow,1
1786510647.5149922,12.751658780756024,0.6008064516129032,112.87679785378154,0.0,-0.9575850761004358,0.09,follow,1
1786510647.5962532,12.621765575639259,0.625,111.35197229671857,0.0,-1.0,0.09,follow,1
1786510647.6799505,12.562853084922464,0.6068548387096775,113.7646081866863,0.0,-0.8838586861399333,0.098,follow,1
1786510647.7724845,12.439788598114092,0.594758064516129,112.16063733399713,0.0,-1.0,0.10600000000000001,follow,1
1786510647.8591044,12.118307584875526,0.5826612903225806,111.3792956519374,0.0,-1.0,0.11400000000000002,follow,1
1786510647.940623,11.963063810904497,0.5705645161290323,111.37025553063302,0.0,-1.0,0.12200000000000003,follow,1
1786510648.0201535,12.055238589266756,0.5584677419354839,109.59309558366157,0.0,-1.0,0.11535109164361415,follow,1
1786510648.0989146,12.176019533905302,0.5403225806451613,104.14987681473919,0.0,-1.0,0.09,follow,1
1786510648.1796405,12.251526192870726,0.5342741935483871,106.40279219921052,0.0,-1.0,0.098,follow,1
1786510648.259635,12.26867672400073,0.5161290322580645,103.47460474308268,0.0,-1.0,0.10089726878359916,follow,1
1786510648.3379133,12.300906459379584,0.49798387096774194,98.3084963816676,0.0,-1.0,0.09,follow,1
1786510648.4206514,12.436726935377383,0.4798387096774194,103.66321534084686,0.0,-1.0,0.098,follow,1
1786510648.501278,12.372138308725926,0.45564516129032256,106.59404125286463,0.0,-0.8848060024621254,0.10600000000000001,follow,1
1786510648.5762742,12.387470079706318,0.4375,101.43674790170229,0.0,-1.0,0.10266387842181969,follow,1
1786510648.6538405,12.568774813168252,0.4054032258064516,129.4367479017023,0.0,-0.8848060024621255,0.09,follow,1
1786510648.732261,12.620727659598435,0.49798387096774194,104.59310428652378,0.0,-1.0,0.09,follow,1
1786510648.81543,12.666859816882782,0.5221774193548387,103.76843564183474,0.0,-1.0,0.09,follow,1
1786510648.9005117,12.535940584770168,0.5463709677419355,105.32806492809908,0.0,-0.9909880329750946,0.09,follow,1
1786510648.9782555,12.379213520737197,0.564516129032258,103.0213509206295,0.0,-1.0,0.09,follow,1
1786510649.0608933,12.461216954622849,0.5766129032258065,103.27119086364335,0.0,-1.0,0.09,follow,1
1786510649.1486604,12.35982758117844,0.594758064516129,107.63796888613908,0.0,-0.8596880236236256,0.09,follow,1
1786510649.2270045,12.186654060100851,0.6068548387096775,105.44542923548518,0.0,-1.0,0.09,follow,1
1786510649.3049438,12.322608316009804,0.6129032258064516,105.17315683877108,0.0,-1.0,0.09,follow,1
1786510649.3941166,12.410422620882759,0.6370967741935484,104.1465891970931,0.0,-1.0,0.09,follow,1
1786510649.4774482,12.184508565000899,0.6310483870967742,104.11321878698605,0.0,-1.0,0.09,follow,1
1786510649.5584266,12.136359334504927,0.6008064516129032,108.1086929773295,0.0,-0.9884150015674531,0.09,follow,1
1786510649.640873,12.17555902403062,0.5887096774193548,105.15545967190674,0.0,-1.0,0.09,follow,1
1786510649.7221057,12.142357439212685,0.5766129032258065,104.35071427524208,0.0,-1.0,0.09,follow,1
1786510649.8017733,12.197328467598364,0.5524193548387096,106.675927601808,0.0,-1.0,0.09,follow,1
1786510649.884314,12.244128857781881,0.5403225806451613,98.94672320130294,0.0,-1.0,0.09,follow,1
1786510649.9625692,12.261950498242697,0.5282258064516129,100.04674929218095,0.0,-1.0,0.09,follow,1
1786510650.038233,12.351966557458447,0.5221774193548387,102.23378237335237,0.0,-1.0,0.09,follow,1
1786510650.1168282,12.522147029965996,0.49798387096774194,97.58308764406468,0.0,-1.0,0.09,follow,1
1786510650.1932669,12.5781425316144,0.4798387096774194,88.86877667140766,0.0,-1.0,0.09,follow,1
1786510650.2766109,12.677283685067815,0.4737903225806452,108.22681183207652,0.0,-1.0,0.09,follow,1
1786510650.3589673,12.541733130927323,0.4965092165898618,112.0702253881493,0.0,-1.0,0.09,follow,1
1786510650.4409094,12.462025825919712,0.5221774193548387,116.35372606081465,0.0,-0.8579606576591005,0.09,follow,1
1786510650.5327463,12.327993975570077,0.5403225806451613,116.20427879986414,0.0,-0.8234775387533604,0.098,follow,1
1786510650.6136117,12.10997663952938,0.5463709677419355,114.8441923577941,0.0,-0.9242912572590486,0.09,follow,1
1786510650.6950526,12.145817289045073,0.5463709677419355,115.52341843120246,0.0,-0.82797705709316,0.09415403247435172,follow,1
1786510650.7913432,12.175038963758116,0.5766129032258065,115.61306115268385,0.0,-0.8536488550827834,0.09,follow,1
1786510650.880522,11.821320526437063,0.5766129032258065,118.73082237469022,0.0,-0.5950627444480289,0.098,follow,1
1786510650.9651074,11.682610049866863,0.5826612903225806,118.66923677117323,0.0,-0.739258140750721,0.10600000000000001,follow,1
1786510651.0485075,11.731270542012028,0.6008064516129032,117.77273985665532,0.0,-0.8322023677125872,0.09,follow,1
1786510651.1347694,11.770748742856405,0.6189516129032258,117.23288453995355,0.0,-0.8692613687051638,0.09,follow,1
1786510651.2165222,11.740484034612733,0.6189516129032258,121.47186366412556,0.0,-0.4567499387159538,0.098,follow,1
1786510651.3050406,11.851636725736592,0.6129032258064516,124.36943951647676,0.0,-0.3697218774096461,0.10600000000000001,follow,1
1786510651.395547,11.723851802966463,0.5887096774193548,122.46354522670347,0.0,-0.7042422419870814,0.11400000000000002,follow,1
1786510651.4824297,11.577050057799122,0.5705645161290323,127.65452786207544,0.0,-0.1455520946291421,0.12200000000000003,follow,1
1786510651.5658371,11.584427236626752,0.5584677419354839,128.42409166859787,0.0,-0.29551634592719644,0.12395440493409708,follow,1
1786510651.6458337,11.67705870646283,0.5403225806451613,127.02587975985927,0.0,-0.4851649810127396,0.13195440493409707,follow,1
1786510651.7291524,11.82866182535572,0.5282258064516129,133.2457583466488,0.0,0.15483501898726043,0.11642906847412245,follow,1
1786510651.808586,11.863038166006667,0.5040322580645161,133.787298067785,0.0,-0.04921281574200387,0.11752876367928648,follow,1
1786510651.8948395,12.012401884169378,0.49193548387096775,137.04168030300912,0.0,0.2436863462522828,0.09151575019828749,follow,1
1786510651.9712145,11.919691132998228,0.4737903225806452,157.69093992778272,0.0,0.8836863462522828,0.09,follow,1
1786510652.0481892,12.123818167673186,0.4495967741935484,150.68662824367436,0.0,0.5130913709459304,0.09,follow,1
1786510652.1259553,12.331096201346437,0.4375,165.21690135505068,0.0,1.0,0.09,follow,1
1786510652.1991377,12.453455162639827,0.4157834101382488,193.21690135505068,0.0,1.0,0.09,follow,1
1786510652.280774,12.697180408045499,0.5282258064516129,165.21690135505068,0.0,1.0,0.098,follow,1
1786510652.3609555,12.607025289795608,0.5342741935483871,137.21690135505068,0.0,0.5130913709459303,0.10600000000000001,follow,1
1786510652.4434543,12.51981577183793,0.5463709677419355,127.10458992107483,0.0,-0.12690862905406974,0.09,follow,1
1786510652.5322845,12.449702583317876,0.5524193548387096,124.94418367346942,0.0,-0.7594572627279915,0.09,follow,1
1786510652.6210794,12.255290273264812,0.5766129032258065,125.58855426544132,0.0,-0.6038688109135474,0.09,follow,1
1786510652.7084093,11.958484246799813,0.625,126.43660604114694,0.0,-0.5519798192722188,0.09,follow,1
1786510652.794574,11.955435861554598,0.6129032258064516,126.98912222558441,0.0,-0.5336298122702413,0.09586955635000724,follow,1
1786510652.8750432,11.841229484144101,0.594758064516129,127.54763116547542,0.0,-0.5076988836826919,0.10386955635000725,follow,1
1786510652.9573042,12.016191255039363,0.5887096774193548,127.05892572339954,0.0,-0.5672703302166973,0.11186955635000725,follow,1
1786510653.0383549,12.008666803722576,0.5826612903225806,127.50268653337166,0.0,-0.481320211772194,0.11986955635000726,follow,1
1786510653.1195073,12.106203499910324,0.5524193548387096,127.00309354510995,0.0,-0.526095295231119,0.12786955635000727,follow,1
1786510653.2014923,12.162836472107017,0.5463709677419355,123.18348573471926,0.0,-0.8544935323562107,0.09675840848007512,follow,1
1786510653.295195,12.150755037222034,0.5403225806451613,123.90841624346275,0.0,-0.5664734753180404,0.10475840848007512,follow,1
1786510653.377077,11.83310604272765,0.5161290322580645,126.68525293378683,0.0,-0.28054498854413346,0.11275840848007512,follow,1
1786510653.4582393,11.958823385463656,0.49798387096774194,123.9178504422413,0.0,-0.6035699405504169,0.12075840848007513,follow,1
1786510653.5500414,11.963037096987902,0.4798387096774194,125.14010012036317,0.0,-0.30466559412047456,0.11246405880152172,follow,1
1786510653.63628,11.784089929286822,0.6310483870967742,111.58677278674958,0.0,-0.9446655941204746,0.09,follow,1
1786510653.7158074,11.722533968307541,0.4435483870967742,139.58677278674958,0.0,-0.30466559412047456,0.09,follow,1
1786510653.7961822,11.915012874360519,0.4254032258064516,167.58677278674958,0.0,0.33533440587952545,0.09,follow,1
1786510653.8726275,12.03780077408391,0.3915437788018433,195.58677278674958,0.0,0.9753344058795255,0.09,follow,1
1786510653.957974,12.249169005370158,0.5221774193548387,167.58677278674958,0.0,0.33533440587952545,0.09,follow,1
1786510654.041505,12.141588239274352,0.5403225806451613,139.58677278674958,0.0,-0.30466559412047456,0.09,follow,1
1786510654.1207783,12.099530668154523,0.5463709677419355,111.58677278674958,0.0,-0.9446655941204746,0.09,follow,1
1786510654.2122202,12.226624354035796,0.5524193548387096,105.57397543632939,0.0,-1.0,0.09,follow,1
1786510654.296181,11.960998727893799,0.5887096774193548,107.38097280819554,0.0,-1.0,0.09,follow,1
1786510654.3833747,11.959520563170077,0.6129032258064516,107.34424779191879,0.0,-1.0,0.09,follow,1
1786510654.470297,11.787901769850102,0.6008064516129032,110.96859331262155,0.0,-0.9550472161439603,0.09386425333828495,follow,1
1786510654.548279,11.796174919775602,0.594758064516129,110.7875129884114,0.0,-1.0,0.10186425333828494,follow,1
1786510654.640036,12.003405688423623,0.5524193548387096,116.08826530612177,0.0,-0.5547676817397484,0.10986425333828495,follow,1
1786510654.7201734,11.760810915998132,0.5342741935483871,115.72121429515346,0.0,-0.8209212931145533,0.11786425333828496,follow,1
1786510654.7954419,11.947825371758155,0.5221774193548387,132.43625828667442,0.0,-0.1809212931145533,0.09,follow,1
1786510654.8683712,12.205639080033658,0.49798387096774194,121.6356874832488,0.0,-0.8209212931145533,0.09,follow,1
1786510654.9404497,12.51695372640259,0.48588709677419356,124.25120643503183,0.0,-0.1809212931145533,0.09,follow,1
1786510655.0122733,12.746084024310875,0.467741935483871,136.2078168393944,0.0,0.4590787068854467,0.09,follow,1
1786510655.083695,13.017304423321631,0.4616935483870968,152.69323739323448,0.0,1.0,0.09,follow,1
1786510655.1612809,13.217812921823393,0.6370967741935484,124.69323739323448,0.0,0.4590787068854466,0.09,follow,1
1786510655.2403014,13.120620145449779,0.6612903225806451,103.55138457660215,0.0,-0.1809212931145534,0.09,follow,1
1786510655.3158045,13.061252824955197,0.6370967741935484,104.05316709500171,0.0,-0.8209212931145534,0.09,follow,1
1786510655.3974383,13.072027349940939,0.6612903225806451,104.15731286025098,0.0,-1.0,0.09,follow,1
1786510655.4767509,12.915612032289253,0.685483870967742,104.31530767972028,0.0,-1.0,0.09,follow,1
1786510655.5573895,12.870756537797707,0.7157258064516129,104.96222378554158,0.0,-1.0,0.09,follow,1
1786510655.6351404,12.751648839905195,0.5766129032258065,110.48093007621303,0.0,-0.7315728140969393,0.098,follow,1
1786510655.7129586,12.762642304787484,0.5887096774193548,112.05182755085191,0.0,-0.8325718433906174,0.10600000000000001,follow,1
1786510655.789912,12.80170219593462,0.6129032258064516,110.10832290733305,0.0,-1.0,0.09671017606237513,follow,1
1786510655.875395,12.783730910738363,0.8245967741935484,105.49899328312307,0.0,-1.0,0.09,follow,1
1786510655.9601383,12.624114798172943,0.8245967741935484,105.24391251972327,0.0,-1.0,0.09,follow,1
1786510656.0564616,12.464223021348051,0.782258064516129,105.80065313033194,0.0,-1.0,0.09,follow,1
1786510656.1383383,12.043685457962546,0.6068548387096775,116.10808663830277,0.0,-0.6185997705611127,0.098,follow,1
1786510656.2228763,12.068139803274319,0.8125,103.00643054301955,0.0,-1.0,0.09,follow,1
1786510656.3102303,11.919799498820499,0.8790322580645161,100.7390331320997,0.0,-1.0,0.09,follow,1
1786510656.3839276,11.940133523742766,0.564516129032258,117.92652394775013,0.0,-0.9111024987710478,0.09,follow,1
1786510656.4604204,12.242785931198549,0.5463709677419355,114.58590278664714,0.0,-0.755936100948645,0.09,follow,1
1786510656.5337481,12.422129323068766,0.5342741935483871,118.14809605618402,0.0,-0.23016006534889,0.09,follow,1
1786510656.6122866,12.659698929389563,0.5100806451612904,121.00956162385458,0.0,-0.10652257379102165,0.09,follow,1
1786510656.692156,12.690458432612617,0.49798387096774194,117.86458054140972,0.0,-0.577510338804422,0.09160218811621462,follow,1
1786510656.762229,12.65296485790331,0.4737903225806452,128.0960353065614,0.0,0.06248966119557797,0.09,follow,1
1786510656.8364437,12.922203235679987,0.4616935483870968,123.1676611676611,0.0,-0.40692587000262714,0.09370053050506234,follow,1
1786510656.9088748,13.08031295441895,0.4435483870967742,112.27253320682993,0.0,-1.0,0.09,follow,1
1786510656.9793334,13.207049528322944,0.41330645161290325,140.27253320682993,0.0,-0.40692587000262714,0.09,follow,1
1786510657.0505116,13.428099048371145,0.5161290322580645,112.27253320682993,0.0,-1.0,0.09,follow,1
1786510657.1208353,13.546321652387169,0.5282258064516129,103.5770835085361,0.0,-1.0,0.098,follow,1
1786510657.1958482,13.622919633416979,0.5463709677419355,102.472876682588,0.0,-1.0,0.09,follow,1
1786510657.2711868,13.560705202532057,0.564516129032258,101.6446664200273,0.0,-1.0,0.09,follow,1
1786510657.3484342,13.567167904547375,0.564516129032258,104.02876433592293,0.0,-1.0,0.098,follow,1
1786510657.431603,13.429603491121291,0.5826612903225806,103.83348064271553,0.0,-1.0,0.09,follow,1
1786510657.5107768,13.140088826085261,0.6068548387096775,103.60732442819074,0.0,-1.0,0.09,follow,1
1786510657.585096,13.039116097021838,0.594758064516129,105.51479360560697,0.0,-1.0,0.098,follow,1
1786510657.6799932,13.090704810357138,0.872983870967742,101.53459193406798,0.0,-1.0,0.09,follow,1
1786510657.7576654,12.608415755406766,0.5705645161290323,112.2050109219921,0.0,-1.0,0.09697895904380135,follow,1
1786510657.8360038,12.627184279870175,0.5584677419354839,109.7007403251576,0.0,-1.0,0.10497895904380136,follow,1
1786510657.9139307,12.645002243525,0.5463709677419355,109.0196876197284,0.0,-1.0,0.11297895904380137,follow,1
1786510657.999736,12.719037428937401,0.5342741935483871,109.55636315580804,0.0,-0.9464001014924381,0.11986299043597641,follow,1
1786510658.0804121,12.516611800029182,0.5161290322580645,114.53502619726089,0.0,-0.48382641003364646,0.09,follow,1
1786510658.15653,12.480527996964858,0.5040322580645161,119.05052264808239,0.0,-0.22630958693937253,0.09,follow,1
1786510658.2368248,12.613847119540802,0.48588709677419356,123.29395621552239,0.0,0.004866786759249342,0.09,follow,1
1786510658.3260405,12.547057149700416,0.6431451612903225,99.93925598655073,0.0,-0.6351332132407507,0.09,follow,1
1786510658.4101357,12.317181109865981,0.655241935483871,99.95727584245358,0.0,-1.0,0.09,follow,1
1786510658.482672,12.179410385798068,0.4254032258064516,127.95727584245358,0.0,-0.6351332132407507,0.09,follow,1
1786510658.5597844,12.51515215760513,0.37549539170506907,155.95727584245358,0.0,0.004866786759249342,0.09,follow,1
1786510658.6439207,12.626437418165583,0.5221774193548387,127.95727584245358,0.0,-0.6351332132407507,0.09,follow,1
1786510658.7284446,12.506351963194334,0.5342741935483871,101.17209594290975,0.0,-1.0,0.09,follow,1
1786510658.8228464,12.360180155867006,0.5403225806451613,106.0394077196088,0.0,-0.9779865974960817,0.09,follow,1
1786510658.906362,11.998170122118646,0.5403225806451613,104.91537562064497,0.0,-1.0,0.09,follow,1
1786510658.993586,12.012233210908903,0.5705645161290323,103.75556599030526,0.0,-1.0,0.09,follow,1
1786510659.0897973,11.907865913294868,0.6068548387096775,103.3152436475334,0.0,-1.0,0.09,follow,1
1786510659.172391,11.605195575521904,0.594758064516129,107.1662719374819,0.0,-1.0,0.09,follow,1
1786510659.2545953,11.684563713510407,0.5826612903225806,109.98107110257057,0.0,-0.9370722303602878,0.098,follow,1
1786510659.334536,11.800495915888817,0.5705645161290323,114.07580155693368,0.0,-0.6353859899911478,0.10600000000000001,follow,1
1786510659.4231865,11.938673296631777,0.5584677419354839,112.61757997829022,0.0,-0.9543995717067764,0.11400000000000002,follow,1
1786510659.50793,11.8108176503844,0.5403225806451613,111.71940580811419,0.0,-0.9544836668983658,0.12164459858838086,follow,1
1786510659.6032963,11.803924603868078,0.5221774193548387,120.4049546950692,0.0,-0.3144836668983658,0.09,follow,1
1786510659.6905851,11.524526074591654,0.5100806451612904,125.75504784495251,0.0,0.09731134501931593,0.09,follow,1
1786510659.771638,11.49304532451435,0.48588709677419356,126.52480711184145,0.0,-0.01622162111612424,0.09,follow,1
1786510659.8564851,11.709702289482346,0.467741935483871,138.81364729391325,0.0,0.6237783788838758,0.09,follow,1
1786510659.9401653,11.686438074283593,0.594758064516129,110.81364729391325,0.0,-0.01622162111612424,0.09,follow,1
1786510660.0259688,11.7488841849688,0.6733870967741936,95.42063686466639,0.0,-0.6562216211161243,0.09,follow,1
1786510660.1065664,11.745599866106156,0.49193548387096775,101.73580439137265,0.0,-1.0,0.098,follow,1
1786510660.1923378,11.886416905820848,0.5224193548387096,107.40297118847573,0.0,-0.5576916487075735,0.10600000000000001,follow,1
1786510660.2919555,11.837331489650584,0.8850806451612904,135.40297118847573,0.0,0.08230835129242653,0.11400000000000002,follow,1
1786510660.3772779,11.461381154485139,0.47008064516129033,107.40297118847573,0.0,-0.5576916487075735,0.09,follow,1
1786510660.4656448,11.547597773033988,0.5463709677419355,79.40297118847573,0.0,-1.0,0.0,neutral:white,1
1786510660.5499825,11.488114539636303,0.5282258064516129,51.40297118847573,0.0,-1.0,0.0,neutral:white,1
1786510660.6237879,11.537846242291176,0.0,210.81091934381584,0.0,-1.0,-0.11,reverse:white,1
1786510660.7065513,11.98826467775436,0.0,2.7992663769833968,0.0,-1.0,-0.11,reverse:white,1
1786510660.7871444,12.000880334826071,0.0,6.322204956258702,0.0,-1.0,-0.11,reverse:white,1
1786510660.8955667,12.034543423146161,0.0,220.46514286847233,0.0,-1.0,0.11,avoid:white,1
1786510660.973859,11.503137390813713,0.0,6.208048757966239,0.0,-1.0,0.075,slow:lane_dropout,1
1786510661.070867,11.736793189961759,1.0,218.17145549153588,0.5776785714285715,-0.7200000000000001,0.08299999999999999,follow,1
1786510661.1537228,11.443736047199886,0.0,187.0999781296467,0.6265306122448979,-0.55,0.16,avoid:obstacle,1
1786510661.24153,11.595744646590422,0.0,191.96148289404832,0.0,-0.55,0.16,avoid:obstacle,1
1786510661.325178,11.530423618583534,0.0,154.13968957871376,0.5737244897959185,-0.55,0.16,avoid:obstacle,1
1786510661.4062326,11.633656255150688,0.0,200.4225749966962,0.0,-0.55,0.16,avoid:obstacle,1
1786510661.4689484,11.7895983954919,0.0,0.0,0.0,-0.55,0.16,avoid:obstacle,1
1786510661.5423315,12.594776249241123,0.0,223.0,0.0,-0.55,0.16,avoid:obstacle,1
1786510661.6196787,12.818338082662002,0.0,206.27586262573345,0.0,-0.55,0.16,avoid:obstacle,1
1786510661.705687,12.768586246929525,0.5342741935483871,194.3676796805654,0.0,-0.55,0.16,avoid:obstacle,1
1786510661.8075278,12.599608600494,0.0,219.60477266351722,0.0,-0.55,0.16,avoid:obstacle,1
1786510661.9217184,12.04231036474349,0.969758064516129,215.81866742430054,0.0,-0.55,0.16,avoid:obstacle,1
1786510662.0205512,11.370301267086472,0.9516129032258064,215.3276983488972,0.0,-0.55,0.16,avoid:obstacle,1
1786510662.109279,11.142215094715093,0.0,185.32689574285635,0.0,-0.55,0.16,avoid:obstacle,1
1786510662.195592,11.158810851568827,0.6612903225806451,174.7077689078106,0.0,-0.55,0.16,avoid:obstacle,1
1786510662.2862136,11.251395118909914,0.0,186.92972419371688,0.0,-0.55,0.16,avoid:obstacle,1
1786510662.3867583,11.193126159262,0.7580645161290323,188.60366205547732,0.0,-0.55,0.16,avoid:obstacle,1
1786510662.4832466,10.923609822736609,0.0,199.3272540516939,0.0,-0.55,0.16,avoid:obstacle,1
1786510662.5861268,10.831422567978098,0.9274193548387096,212.74143692280924,0.0,-0.55,0.16,avoid:obstacle,1
1786510662.688863,10.626005647304254,0.9334677419354839,213.70106376399272,0.0,-0.55,0.16,avoid:obstacle,1
1786510662.8097372,10.440569631887406,0.0,209.50452322665393,0.0,-0.55,0.16,avoid:obstacle,1
1786510662.9071324,9.995419632805499,1.0,194.38514687949692,0.0,-0.55,0.16,avoid:obstacle,1
1786510663.003892,10.075043848995044,1.0,209.97886023470772,0.0,-0.55,0.16,avoid:obstacle,1
1786510663.0919688,10.121632369525797,0.0,221.1843956383853,0.0,-0.55,0.16,avoid:obstacle,1
1786510663.1639156,10.37310712928428,0.0,223.0,0.0,-0.55,0.16,avoid:obstacle,1
1786510663.2195652,11.071106176079041,0.0,204.89603331451056,0.0,-0.55,0.16,avoid:obstacle,1
1786510663.2803943,12.429084916109396,0.0,223.0,0.0,-0.55,0.16,avoid:obstacle,1
1786510663.337636,13.238974893924919,0.0,107.8492647058539,0.0,-0.55,0.16,avoid:obstacle,1
1786510663.4013243,14.087682861488354,0.0,223.0,0.0,-0.55,0.16,avoid:obstacle,1
1786510663.47726,14.408211328782741,0.0,223.0,0.0,-0.55,0.16,avoid:obstacle,1
1786510663.5524704,14.16178981613414,0.0,223.0,0.0,-0.55,0.16,avoid:obstacle,1
1786510663.6218789,13.991494925161966,0.4375,223.0,0.0,-0.7200000000000001,0.125,follow,1
1786510663.7186291,14.08417544083457,1.0,220.77672788764653,0.0,-0.08000000000000007,0.09,follow,1
1786510663.795147,13.329032830247565,0.0,206.9669706653233,0.0,-0.08000000000000007,0.05499999999999999,slow:lane_dropout,1
1786510663.8822758,13.22631558651742,0.8306451612903225,219.84689627862775,0.0,0.5599999999999999,0.063,follow,1
1786510663.9850838,12.89970629311883,1.0,191.84689627862775,0.0,1.0,0.07100000000000001,follow,1
1786510664.076701,12.276146014142638,1.0,163.84689627862775,0.0,0.7599771813142226,0.07900000000000001,follow,1
1786510664.176235,12.015723339389593,1.0,135.84689627862775,0.0,0.11997718131422264,0.08700000000000002,follow,1
1786510664.2649982,11.593129523509335,0.6915322580645161,163.84689627862775,0.0,0.7599771813142226,0.09,follow,1
1786510664.376049,11.562619484785186,0.9637096774193549,191.84689627862775,0.0,1.0,0.09,follow,1
1786510664.4753807,11.044097038996648,1.0,219.00296954582217,0.0,1.0,0.09,follow,1
1786510664.5874438,10.858236187851954,1.0,191.00296954582217,0.0,1.0,0.098,follow,1
1786510664.6931171,10.471900855391214,0.9455645161290323,219.00296954582217,0.0,1.0,0.09,follow,1
1786510664.7917035,10.260219705431965,1.0,191.00296954582217,0.0,1.0,0.098,follow,1
1786510664.884863,10.206023622700368,0.8306451612903225,219.00296954582217,0.0,1.0,0.09,follow,1
1786510664.9886036,10.345118418112703,1.0,191.00296954582217,0.0,1.0,0.098,follow,1
1786510665.0921814,10.216608762106617,1.0,163.00296954582217,0.0,1.0,0.09109993122750874,follow,1
1786510665.2017388,10.104149784145918,1.0,135.00296954582217,0.0,0.5131200266157557,0.09909993122750874,follow,1
1786510665.288027,9.90102993319823,0.782258064516129,163.00296954582217,0.0,1.0,0.09,follow,1
1786510665.3829181,10.242949533006746,0.0,5.1484786398805795,0.0,1.0,0.05499999999999999,slow:lane_dropout,1
1786510665.477711,10.303713376315004,0.0,7.730264231634546,0.0,1.0,0.01999999999999999,slow:lane_dropout,1
1786510665.569132,10.346569823469034,0.6431451612903225,223.0,0.0,1.0,0.02799999999999999,follow,1
1786510665.66911,10.46692348945482,0.655241935483871,220.26995043739376,0.0,1.0,0.03599999999999999,follow,1
1786510665.7760453,10.351707269270195,1.0,192.26995043739376,0.0,1.0,0.04399999999999999,follow,1
1786510665.8882163,10.173591848854448,1.0,164.26995043739376,0.0,1.0,0.05199999999999999,follow,1
1786510665.9988234,9.913955089343945,1.0,136.26995043739376,0.0,0.5131200266157557,0.05999999999999999,follow,1
1786510666.0895896,9.736033859237287,0.0,223.0,0.0,0.5131200266157557,0.024999999999999988,slow:lane_dropout,1
1786510666.180981,10.017377253041593,0.0,222.28357883715734,0.0,0.5131200266157557,0.0,slow:lane_dropout,1
1786510666.2721744,10.19998054042316,0.6673387096774193,222.35896286218298,0.0,1.0,0.008,follow,1
1786510666.3607469,10.354833617342754,0.6915322580645161,209.58956802644767,0.0,1.0,0.016,follow,1
1786510666.4674444,10.510265691807474,0.0,5.05091085224899,0.0,1.0,0.0,slow:lane_dropout,1
1786510666.5610225,10.305214455756907,0.842741935483871,212.9145142780635,0.0,1.0,-0.11,reverse:white,1
1786510666.6501226,10.349011405981512,0.6068548387096775,223.0,0.0,1.0,-0.11,reverse:white,1
1786510666.7351787,10.549283016480445,0.0,207.20665328995597,0.0,1.0,0.11,avoid:white,1
1786510666.8176892,10.778172939068071,0.6370967741935484,223.0,0.0,1.0,0.11,avoid:white,1
1786510666.9138966,11.072308388885988,0.0,221.3821343462613,0.0,1.0,0.11,avoid:white,1
1786510666.9813564,10.931353329398135,0.3182488479262673,223.0,0.0,1.0,0.11,avoid:white,1
1786510667.0785205,11.72243851753965,0.0,5.304155502930101,0.0,1.0,0.11,avoid:white,1
1786510667.1657636,11.432135839591963,0.0,4.112523990551452,0.0,1.0,0.11,avoid:white,1
1786510667.252692,11.400676128213833,1.0,221.2829330332382,0.0,1.0,0.11,avoid:white,1
1786510667.3529742,11.465833857983064,1.0,222.59874295443097,0.0,1.0,0.09,follow,1
1786510667.4530525,11.146137662228671,0.9939516129032258,222.4531777584884,0.0,1.0,0.09,follow,1
1786510667.5395293,10.926847683135122,0.7399193548387096,222.7073095476136,0.0,1.0,0.0,neutral:white,1
1786510667.6302419,11.060333620657438,0.8306451612903225,220.86377040130128,0.0,1.0,0.0,neutral:white,1
1786510667.7232866,11.047745024159,1.0,220.6312920306532,0.0,1.0,-0.11,reverse:white,1
1786510667.8196383,10.997332029819821,1.0,220.55633567586784,0.0,1.0,-0.11,reverse:white,1
1786510667.9139724,10.853908331319346,1.0,219.99358534558516,0.0,1.0,0.11,avoid:white,1
1786510668.0123916,10.78366257793782,1.0,220.66381984901886,0.0,1.0,0.11,avoid:white,1
1786510668.0861473,10.684844868025275,0.48588709677419356,192.66381984901886,0.6995216836734695,1.0,0.11,avoid:white,1
1786510668.166302,11.26779291519556,0.34125,204.5,0.6616071428571428,1.0,0.11,avoid:white,1
1786510668.2385702,11.46906290878055,0.0,164.0119230769231,0.6943877551020409,1.0,0.11,avoid:white,1
1786510668.3324754,11.984851323636999,0.0,0.0,0.6344387755102041,1.0,0.11,avoid:white,1
1786510668.4470139,11.732271877737071,0.0,217.75258685991665,0.0,1.0,0.075,slow:lane_dropout,1
1786510668.5414126,11.076975576464514,0.5040322580645161,83.62385175799794,0.0,0.7200000000000001,0.08299999999999999,follow,1
1786510668.6174786,11.050066274866339,0.0,124.33369788099878,0.0,1.0,0.0,neutral:white,1
1786510668.6909564,11.477324343895267,0.0,223.0,0.0,1.0,0.0,neutral:white,1
1786510668.7688067,11.907572388396485,0.0,64.61727799227555,0.0,1.0,-0.11,reverse:white,1
1786510668.8281655,12.08903260166701,0.19567972350230414,136.56798245614576,0.0,1.0,-0.11,reverse:white,1
1786510668.9066274,12.991945220267205,0.0,7.836847941902903,0.0,1.0,-0.11,reverse:white,1
1786510668.974202,12.949099145715522,0.5403225806451613,223.0,0.0,1.0,0.11,avoid:white,1
1786510669.0448153,13.321830638512886,0.0,0.0,0.0,1.0,0.075,slow:lane_dropout,1
1786510669.1135044,13.51567756458581,0.0,212.44485858203936,0.0,1.0,0.039999999999999994,slow:lane_dropout,1
1786510669.1720345,13.725025548623641,0.0,223.0,0.0,0.7200000000000001,0.0,neutral:white,1
1786510669.233328,14.401707199089195,0.0,13.159529914530367,0.0,0.08000000000000007,0.0,neutral:white,1
1786510669.3007367,14.774204401771605,0.0,0.0,0.0,-0.5599999999999999,-0.11,reverse:white,1
1786510669.3800178,14.814120689871293,0.0,0.0,0.0,-1.0,-0.11,reverse:white,1
1786510669.4361343,14.354623598716248,0.18067972350230416,0.0,0.0,-1.0,-0.11,reverse:white,1
1786510669.473936,15.073041667979597,0.0,112.0,0.0,-1.0,0.11,avoid:white,1
1786510669.5140517,17.303426575259262,0.0,112.0,0.0,-1.0,0.075,slow:lane_dropout,1
1786510669.558855,18.888486745671837,0.0,112.0,0.0,-0.7200000000000001,0.0,stop:lane_lost,1
1786510669.6191094,19.57549218180418,0.0,168.0325045504983,0.0,-0.08000000000000007,-0.11,reverse:white,1
1786510669.6981008,18.9818999149817,0.0,221.60495749240647,0.0,0.5599999999999999,-0.11,reverse:white,1
1786510669.7839398,17.658631551431334,0.0,223.0,0.0,1.0,-0.11,reverse:white,1
1786510669.8562922,16.490246984151547,0.0,99.92437012262258,0.0,1.0,0.11,avoid:white,1
1786510669.9072263,15.98193376295306,0.0,223.0,0.0,1.0,0.11,avoid:white,1
1786510669.947861,16.688158587307658,0.0,112.0,0.0,1.0,0.11,avoid:white,1
1786510669.9848967,18.25536467813928,0.0,112.0,0.0,1.0,0.11,avoid:white,1
1786510670.0233214,20.009396945466406,0.0,112.0,0.0,1.0,0.11,avoid:white,1
1786510670.0840049,20.753338617672316,0.0,0.0,0.0,1.0,0.11,avoid:white,1
1786510670.1380439,20.123284190607155,0.0,223.0,0.0,1.0,0.11,avoid:white,1
1786510670.1936636,19.78101263670214,0.0,141.20415019760105,0.0,1.0,0.11,avoid:white,1
1786510670.2320337,19.42805299914672,0.0,112.0,0.0,1.0,0.11,avoid:white,1
1786510670.2762976,20.80659785148171,0.0,112.0,0.0,1.0,0.11,avoid:white,1
1786510670.3443332,21.167737764702238,0.5282258064516129,74.03479522327683,0.0,1.0,0.11,avoid:white,1
1786510670.408795,19.85075290904968,0.0,172.75301275301956,0.0,1.0,0.11,avoid:white,1
1786510670.480253,19.009396038494796,0.48588709677419356,148.52968142429012,0.0,1.0,0.11,avoid:white,1
1786510670.5352502,17.97157738224636,0.0,0.0,0.0,1.0,0.11,avoid:white,1
1786510670.5821142,18.073880150703165,0.0,112.0,0.0,1.0,0.11,avoid:white,1
1786510670.6303644,18.728036896133716,0.0,190.95757575757784,0.0,1.0,0.11,avoid:white,1
1786510670.6851735,19.061574058297808,0.0,0.0,0.0,1.0,0.11,avoid:white,1
1786510670.7336056,18.942911974063602,0.0,223.0,0.0,1.0,0.11,avoid:white,1
1786510670.7745275,19.295564490930783,0.0,112.0,0.0,1.0,0.11,avoid:white,1
1786510670.8313172,20.312985198552905,0.0,1.6975735857313392,0.0,1.0,0.11,avoid:white,1
1786510670.8688974,19.774393932861035,0.0,112.0,0.0,1.0,0.11,avoid:white,1
1786510670.911267,20.945686893051825,0.0,112.0,0.0,1.0,0.11,avoid:white,1
1786510670.9628012,21.576173055094525,0.0,0.0,0.0,1.0,0.11,avoid:white,1
1786510671.0178416,21.137883509816685,0.0,0.0,0.0,1.0,0.11,avoid:white,1
1786510671.072339,20.589069048565126,0.0,8.474505928853887,0.0,1.0,0.11,avoid:white,1
1786510671.1264277,20.14039651505013,0.0,12.906889632107209,0.0,1.0,0.11,avoid:white,1
1786510671.18647,19.791435412782032,0.0,15.034958528062134,0.0,1.0,0.11,avoid:white,1
1786510671.2430456,19.176375219169287,0.0,12.51294682329194,0.0,1.0,0.11,avoid:white,1
1786510671.300403,18.859881061323897,0.0,4.3982712409547275,0.0,1.0,0.11,avoid:white,1
1786510671.3472314,18.56061922002001,0.0,112.0,0.0,1.0,0.11,avoid:white,1
1786510671.3843253,19.16685233790478,0.0,112.0,0.0,1.0,0.11,avoid:white,1
1786510671.45874,20.497410127370124,0.0,223.0,0.0,1.0,0.11,avoid:white,1
1786510671.5173585,19.134835115067762,0.0,223.0,0.0,1.0,0.11,avoid:white,1
1786510671.581289,18.63601284772466,0.0,223.0,0.0,1.0,0.11,avoid:white,1
1786510671.641495,18.124474369648436,0.0,171.08666825166122,0.0,1.0,0.11,avoid:white,1
1786510671.7053044,17.79781998994092,0.0,223.0,0.0,1.0,0.11,avoid:white,1
1786510671.7584016,17.370165571735185,0.0,134.72084623321382,0.0,1.0,0.11,avoid:white,1
1786510671.8141596,17.698873697639357,0.0,211.19780676988043,0.0,1.0,0.11,avoid:white,1
1786510671.8666823,17.74706330393511,0.0,223.0,0.0,1.0,0.11,avoid:white,1
1786510671.9319613,17.9746727101416,0.0,0.0,0.0,1.0,0.11,avoid:white,1
1786510671.997399,17.455248261076328,0.0,0.0,0.0,1.0,0.11,avoid:white,1
1786510672.0819874,17.00948402816293,0.0,8.845342720054834,0.0,1.0,0.11,avoid:white,1
1786510672.1715863,15.96256448463449,0.0,9.389469847084193,0.0,1.0,0.11,avoid:white,1
1786510672.2600248,15.017926458038353,0.0,10.609198783159524,0.0,0.7200000000000001,0.0,stop:lane_lost,1
1786510672.3563154,14.275677471464887,1.0,11.051971272320518,0.0,0.08000000000000007,0.008,follow,1
1786510672.4449365,13.49493013820004,1.0,11.059530281896429,0.0,-0.5599999999999999,0.016,follow,1
1786510672.5352418,13.04266686942554,1.0,10.464131024088033,0.0,-1.0,0.024,follow,1
1786510672.6314504,12.666046286318508,1.0,10.355893358785465,0.0,-1.0,0.032,follow,1
1786510672.7305617,12.200759322281726,0.939516129032258,11.2056388084486,0.0,-1.0,0.04,follow,1
1786510672.8231614,11.781184754338465,0.9213709677419355,10.487583013492277,0.0,-1.0,0.048,follow,1
1786510672.923847,11.586164264037219,1.0,12.494885393308124,0.0,-1.0,0.056,follow,1
1786510673.0319924,11.255424864805983,0.78,40.494885393308124,0.0,-1.0,0.064,avoid,1
1786510673.1226952,10.855266520318038,0.8548387096774193,68.49488539330812,0.0,-1.0,0.07200000000000001,follow,1
1786510673.20211,10.882457406074941,0.0,211.95072039595433,0.0,-1.0,0.0,neutral:white,1
1786510673.2926133,11.225868525081676,0.9213709677419355,7.244264398644532,0.0,-1.0,0.0,neutral:white,1
1786510673.3801863,11.120127419011428,0.0,9.976636913639496,0.0,-1.0,-0.11,reverse:white,1
1786510673.4502234,11.26653984374898,0.5100806451612904,170.51466655862788,0.0,-1.0,-0.11,reverse:white,1
1786510673.5420086,11.85860614222186,0.0,7.616131273967838,0.0,-1.0,-0.11,reverse:white,1
1786510673.636367,11.67734320299802,0.0,8.95800549457634,0.0,-1.0,0.11,avoid:white,1
1786510673.7124784,11.449953336871811,0.625,193.43468395091935,0.0,-1.0,0.11,avoid:white,1
1786510673.7782161,11.805725341674501,0.0,112.43320807545115,0.0,-1.0,0.11,avoid:white,1
1786510673.8583238,12.477145689346735,0.9092741935483871,11.720103095932636,0.0,-1.0,0.11,avoid:white,1
1786510673.9480486,12.483737089434305,0.0,215.89464669240897,0.0,-1.0,0.11,avoid:white,1
1786510674.030321,12.210547041144515,0.0,194.92200328406858,0.0,-1.0,0.11,avoid:white,1
1786510674.0858486,12.20652484622471,0.0,5.711633194391879,0.0,-1.0,0.11,avoid:white,1
1786510674.1410613,13.36891925457094,0.0,7.150226244345731,0.0,-1.0,0.11,avoid:white,1
1786510674.1983168,14.248986753236316,0.0,223.0,0.0,-1.0,0.11,avoid:white,1
1786510674.250553,14.890993126624906,0.0,0.0,0.0,-1.0,0.11,avoid:white,1
1786510674.2999194,15.81793031723673,0.0,14.113636363637397,0.0,-1.0,0.11,avoid:white,1
1786510674.3580973,16.668468673106908,0.0,16.500000000001364,0.0,-1.0,0.11,avoid:white,1
1786510674.4204707,16.78167524959388,0.0,4.3011992030854955,0.0,-1.0,0.11,avoid:white,1
1786510674.4616692,16.59406272825465,0.0,112.0,0.0,-1.0,0.11,avoid:white,1
1786510674.5036085,18.23682772609115,0.0,112.0,0.0,-1.0,0.11,avoid:white,1
1786510674.5406418,19.2935342961954,0.0,112.0,0.0,-1.0,0.11,avoid:white,1
1786510674.592171,20.730914169025997,0.0,223.0,0.0,-1.0,0.11,avoid:white,1
1786510674.6450002,20.582831677827,0.0,223.0,0.0,-1.0,0.11,avoid:white,1
1786510674.7014842,20.13172560210659,0.0,179.49999999997908,0.0,-1.0,0.11,avoid:white,1
1786510674.7629185,19.73992492941572,0.0,178.15358929495414,0.0,-1.0,0.11,avoid:white,1
1786510674.816204,19.028664755436683,0.0,1.969169960474403,0.0,-1.0,0.11,avoid:white,1
1786510674.8699245,19.021955979395592,0.0,0.0,0.0,-1.0,0.11,avoid:white,1
1786510674.9245214,18.89550600737295,0.0,223.0,0.0,-1.0,0.11,avoid:white,1
1786510674.9763298,18.72091609688924,0.0,201.00000000003135,0.0,-1.0,0.11,avoid:white,1
1786510675.0263486,18.89286867279322,0.0,0.0,0.0,-1.0,0.11,avoid:white,1
1786510675.0644593,19.13181695878457,0.0,112.0,0.0,-1.0,0.11,avoid:white,1
1786510675.1062565,20.558641050178103,0.0,112.0,0.0,-1.0,0.11,avoid:white,1
1786510675.1458097,21.28684420990766,0.0,112.0,0.0,-1.0,0.11,avoid:white,1
1786510675.1836739,22.059318938773217,0.0,112.0,0.0,-1.0,0.11,avoid:white,1
1786510675.2389488,22.949135614061298,0.0,0.0,0.0,-1.0,0.11,avoid:white,1
1786510675.295309,21.979744906264873,0.0,0.0,0.0,-1.0,0.11,avoid:white,1
1786510675.357658,21.130881418748782,0.1472926267281106,86.6242424243718,0.0,-1.0,0.11,avoid:white,1
1786510675.421358,20.115902554729683,0.0,201.82517482332713,0.0,-1.0,0.11,avoid:white,1
1786510675.4812233,19.188501992636684,0.0,223.0,0.0,-1.0,0.11,avoid:white,1
1786510675.5510108,18.725137381418563,0.0,223.0,0.0,-1.0,0.11,avoid:white,1
1786510675.632153,17.839225265975546,0.7762096774193549,221.03159902458435,0.0,-1.0,0.11,avoid:white,1
1786510675.715943,16.75298827097129,0.8064516129032258,220.1068398567504,0.0,-1.0,0.11,avoid:white,1
1786510675.8082051,15.784625519273874,0.8608870967741936,217.86605051710217,0.0,-0.7200000000000001,0.09,follow,1
1786510675.8933792,14.787792275477912,0.8608870967741936,215.18936207727018,0.0,-0.08000000000000007,0.09,follow,1
1786510675.9735773,14.151814699951256,0.8185483870967742,212.66282912405825,0.0,0.5599999999999999,0.09,follow,1
1786510676.0585663,13.836159404829212,0.0,211.87226624913686,0.0,0.5599999999999999,0.05499999999999999,slow:lane_dropout,1
1786510676.129595,13.409602900470237,0.0,162.50110864744823,0.0,0.5599999999999999,0.01999999999999999,slow:lane_dropout,1
1786510676.2192857,13.594122517238521,0.0,3.8071418727222266,0.0,1.0,0.0,neutral:white,1
1786510676.2937243,13.035061880762845,0.20786866359447004,223.0,0.0,1.0,0.0,neutral:white,1
1786510676.3767788,13.22168246866998,0.0,198.37446270677475,0.0,1.0,-0.11,reverse:white,1
1786510676.4400115,12.972281299826783,0.37701612903225806,223.0,0.0,1.0,-0.11,reverse:white,1
1786510676.5203314,13.561593779305028,0.8487903225806451,217.96707134420558,0.0,1.0,-0.11,reverse:white,1
1786510676.6086438,13.33771299410577,0.9032258064516129,214.8702477590728,0.0,1.0,0.11,avoid:white,1
1786510676.700448,12.932697859969327,0.9274193548387096,213.6861071052967,0.0,1.0,0.09,follow,1
1786510676.8100913,12.51852665946835,0.9274193548387096,209.81552745976938,0.0,1.0,0.098,follow,1
1786510676.9086564,11.817592240555584,1.0,212.18339829413844,0.0,1.0,0.09,follow,1
1786510677.015125,11.520712837096427,1.0,211.47824347127505,0.0,1.0,0.09,follow,1
1786510677.119496,11.093228749014688,1.0,212.5497429673292,0.0,1.0,0.09,follow,1
1786510677.2236686,10.781083414468982,1.0,213.23256706165463,0.0,1.0,0.09,follow,1
1786510677.3277173,10.549093898451005,1.0,214.77008248497833,0.0,1.0,0.09,follow,1
1786510677.4268024,10.359669361872253,0.9637096774193549,213.2918556916088,0.0,1.0,0.09,follow,1
1786510677.5204492,10.312936688168818,0.939516129032258,216.55487485065103,0.0,1.0,0.09,follow,1
1786510677.6068752,10.385513641342898,0.8004032258064516,211.69249699877545,0.0,1.0,0.09,follow,1
1786510677.6950037,10.568799418475734,0.7883064516129032,216.44397447444732,0.0,1.0,0.09,follow,1
1786510677.7964506,10.780040382822946,0.9032258064516129,214.4893796994371,0.0,1.0,0.09,follow,1
1786510677.8730004,10.59826992676206,0.4616935483870968,223.0,0.0,1.0,0.09,follow,1
1786510677.96114,11.090886360714684,0.6189516129032258,216.79833491894234,0.0,1.0,0.0,neutral:white,1
1786510678.038432,11.142293270912791,0.625,206.73003308277154,0.0,1.0,0.0,neutral:white,1
1786510678.1242304,11.502201695265203,0.0,177.96309915034323,0.0,1.0,-0.11,reverse:white,1
1786510678.2302823,11.48449074497277,0.8064516129032258,216.00087210989594,0.0,1.0,-0.11,reverse:white,1
1786510678.3267329,11.103887934116997,0.842741935483871,215.85991574699244,0.0,1.0,0.11,avoid:white,1
1786510678.42434,10.957764150332407,0.8669354838709677,216.91534638241757,0.0,1.0,0.09,follow,1
1786510678.4995754,10.804281056678004,0.0,170.4369593878635,0.0,1.0,0.05499999999999999,slow:lane_dropout,1
1786510678.5734222,11.310574586161987,0.0,221.04745450233003,0.0,1.0,0.01999999999999999,slow:lane_dropout,1
1786510678.6493828,11.752317722879454,0.0,223.0,0.0,1.0,0.0,slow:lane_dropout,1
1786510678.727225,12.017052999891177,0.0,223.0,0.0,1.0,0.0,stop:lane_lost,1
1786510678.7923343,12.208851102254062,0.0,223.0,0.0,0.7199999999999999,0.0,stop:lane_lost,1
1786510678.8793912,12.772408772179814,0.0,216.29588383588077,0.0,0.07999999999999985,0.0,stop:lane_lost,1
1786510678.9801676,12.557425901525116,0.0,216.29719647522822,0.0,0.0,0.0,stop:lane_lost,1
1786510679.0697777,12.020109317384405,0.0,215.81431466634876,0.0,0.0,0.0,stop:lane_lost,1
1786510679.1549666,11.834501300438836,0.0,216.02226626585787,0.0,0.0,0.0,stop:lane_lost,1
1786510679.2474077,11.828956113871797,0.0,216.35975453087963,0.0,0.0,0.0,stop:lane_lost,1
1786510679.3494575,11.624136859988297,0.0,216.57209710367044,0.0,-0.64,-0.11,reverse:white,1
1786510679.4402766,11.255811077278615,0.0,216.8870230660002,0.0,-1.0,-0.11,reverse:white,1
1786510679.5325,11.228990659346904,0.0,217.30597637900024,0.0,-1.0,0.11,avoid:white,1
1786510679.626786,11.117147701035684,0.0,216.5530219214998,0.0,-1.0,0.11,avoid:white,1
1786510679.7166233,11.02742431806173,0.0,215.74695388040965,0.0,-1.0,0.11,avoid:white,1
1786510679.8123522,11.053878198801439,0.0,215.93766888534952,0.0,-1.0,0.11,avoid:white,1
1786510679.9067166,10.938459904057229,0.0,215.91274919945067,0.7126275510204082,-1.0,0.11,avoid:white,1
1786510679.9969857,10.878828931525598,0.0,216.73031605441037,0.7088966836734695,-1.0,0.11,avoid:white,1
1786510680.085282,10.920933732840991,0.0,216.45933517753537,0.712468112244898,-1.0,0.11,avoid:white,1
1786510680.1740735,11.001601752518159,0.0,215.78894313148965,0.0,-1.0,0.11,avoid:white,1
1786510680.252729,11.052976207663928,0.0,215.55543609379697,0.7088966836734695,-1.0,0.11,avoid:white,1
1786510680.3404634,11.339749270624328,0.0,214.90488854900184,0.7012117346938777,-1.0,0.11,avoid:white,1
1786510680.423202,11.38905263074561,0.0,214.07682921823678,0.0,-1.0,0.11,avoid:white,1
1786510680.5062704,11.520323667547158,0.0,214.47726845026358,0.0,-1.0,0.11,avoid:white,1
1786510680.5863767,11.623497992962285,0.0,213.47414982041136,0.0,-1.0,0.11,avoid:white,1
1786510680.672661,11.75566095507893,0.0,213.71158327905022,0.0,-1.0,0.11,avoid:white,1
1786510680.7602086,11.75271447770496,0.0,213.77724057415742,0.0,-1.0,0.11,avoid:white,1
1786510680.8457336,11.68860757160531,0.0,213.93396314361934,0.0,-1.0,0.11,avoid:white,1
1786510680.9407427,11.645843539985993,0.0,214.05513259324283,0.0,-1.0,0.11,avoid:white,1
1786510681.0271058,11.454125796459046,0.0,213.77100892704414,0.0,-1.0,0.11,avoid:white,1
1786510681.113773,11.482207920745385,0.0,213.93919527568988,0.0,-1.0,0.11,avoid:white,1
1786510681.2079082,11.492394756285552,0.0,208.42338375617513,0.0,-1.0,0.11,avoid:white,1
1786510681.3050463,11.3189536931239,0.0,210.53798647545597,0.0,-1.0,0.11,avoid:white,1
1786510681.400559,11.124599782416945,0.0,209.489083295714,0.0,-1.0,0.11,avoid:white,1
1786510681.5014274,10.930855384930043,0.0,209.04565563820563,0.0,-1.0,0.11,avoid:white,1
1786510681.6038218,10.772476826652532,0.0,208.4095248776067,0.0,-0.7200000000000001,0.0,stop:lane_lost,1
1786510681.7015731,10.562331480566447,0.0,207.93355670794892,0.0,-0.08000000000000007,0.0,stop:lane_lost,1
1786510681.8083446,10.5118599010192,0.0,209.04579557246686,0.0,0.0,0.0,stop:lane_lost,1
1786510681.9131424,10.286516090820077,0.0,209.82914544228402,0.0,0.0,0.0,stop:lane_lost,1
1786510682.0075753,10.13327428228654,0.0,209.22311275237956,0.0,0.0,0.0,stop:lane_lost,1
1786510682.099304,10.23209959172893,0.0,210.39069096435017,0.0,0.0,0.0,stop:lane_lost,1
1786510682.1959822,10.312175647352735,0.0,208.89342048692873,0.0,0.0,0.0,stop:lane_lost,1
1786510682.292122,10.337886309462732,0.0,209.33141673749066,0.0,0.0,0.0,stop:lane_lost,1
1786510682.3920112,10.35289312789535,0.0,208.86191411394935,0.0,0.0,0.0,stop:lane_lost,1
1786510682.4871032,10.30608760302933,0.9879032258064516,210.18790862753815,0.0,0.64,0.008,follow,1
1786510682.582019,10.351962151872973,0.0,210.82341021195214,0.0,0.64,0.0,slow:lane_dropout,1
1786510682.6703153,10.355143520546697,0.0,207.7248689869674,0.0,0.64,0.0,slow:lane_dropout,1
1786510682.7649407,10.56285750375581,1.0,208.9789115745408,0.0,1.0,0.008,follow,1
1786510682.835932,10.565587893810939,0.4616935483870968,180.9789115745408,0.803061224489796,0.55,0.16,avoid:obstacle,1
1786510682.9241323,11.244133242643022,0.0,212.82103361283282,0.0,0.0,0.16,avoid:obstacle,1
1786510683.0033557,11.30978179183369,0.0,223.0,0.0,-0.55,0.16,avoid:obstacle,1
1786510683.0777047,11.560622575345622,0.0,223.0,0.0,-0.55,0.16,avoid:obstacle,1
1786510683.1489651,11.952441763519978,0.0,223.0,0.0,-0.55,0.16,avoid:obstacle,1
1786510683.222863,12.304448945449103,0.0,212.18114738202956,0.0,-0.55,0.16,avoid:obstacle,1
1786510683.3091488,12.568231555368751,0.0,211.51739676679824,0.0,-0.55,0.16,avoid:obstacle,1
1786510683.3964102,12.36626543148146,0.0,212.06878882260833,0.0,-0.55,0.16,avoid:obstacle,1
1786510683.4853635,12.214830424401733,0.0,211.94352435631015,0.0,-0.55,0.16,avoid:obstacle,1
1786510683.5638516,12.027230470131537,0.0,212.8458466830352,0.0,-0.55,0.16,avoid:obstacle,1
1786510683.6515944,12.159717433935404,0.0,212.95470436326738,0.0,-0.55,0.16,avoid:obstacle,1
1786510683.7485573,11.9994849389867,0.0,212.93408937585784,0.0,-0.55,0.16,avoid:obstacle,1
1786510683.8268309,11.668754905399735,0.0,212.98194244130298,0.0,-0.55,0.16,avoid:obstacle,1
1786510683.909029,11.892838154925332,0.0,213.29807554933626,0.0,-0.55,0.16,avoid:obstacle,1
1786510684.0005088,11.94048073700375,0.0,213.0998278829604,0.0,-0.55,0.16,avoid:obstacle,1
1786510684.0906568,11.674341134958144,0.0,215.10043813387472,0.0,-0.55,0.16,avoid:obstacle,1
1786510684.1822636,11.626174421528646,0.0,213.75017059800916,0.0,-0.55,0.16,avoid:obstacle,1
1786510684.2700198,11.494539881512118,0.0,210.84917693243972,0.0,-0.55,0.16,avoid:obstacle,1
1786510684.35339,11.437709493229786,0.0,213.77356777366575,0.0,-0.55,0.16,avoid:obstacle,1
1786510684.4358537,11.592191564562041,0.0,215.4596948376779,0.0,-0.55,0.16,avoid:obstacle,1
1786510684.5200624,11.656603118642384,0.0,212.83609335233928,0.0,-0.55,0.16,avoid:obstacle,1
1786510684.6059413,11.742950561711714,0.0,215.7408422978701,0.0,-0.55,0.16,avoid:obstacle,1
1786510684.6909657,11.713495996223335,0.0,215.28296073769752,0.0,-0.55,0.16,avoid:obstacle,1
1786510684.7792428,11.723916755207815,0.0,215.11695460477324,0.0,-0.55,0.16,avoid:obstacle,1
1786510684.8683498,11.637786853246041,0.0,216.8721374751364,0.0,-0.55,0.16,avoid:obstacle,1
1786510684.9586062,11.57135272224865,0.0,209.19039864631628,0.0,-0.55,0.16,avoid:obstacle,1
1786510685.0508826,11.429598033832423,0.0,215.62926304513212,0.0,-0.55,0.16,avoid:obstacle,1
1786510685.1485932,11.34562609380611,0.0,215.7912498167205,0.0,-0.55,0.16,avoid:obstacle,1
1786510685.2396326,11.11660734861059,0.0,216.6116228643021,0.0,-0.55,0.16,avoid:obstacle,1
1786510685.3259676,11.104350968400011,0.0,215.23009092836264,0.0,-0.55,0.16,avoid:obstacle,1
1786510685.4159522,11.189998346407636,0.0,215.7354555659727,0.0,-0.55,0.16,avoid:obstacle,1
1786510685.508149,11.179504319974658,0.0,209.7807401406596,0.0,-0.55,0.16,avoid:obstacle,1
1786510685.6014235,11.109103977159792,0.0,217.7232356051138,0.0,-0.55,0.16,avoid:obstacle,1
1786510685.6902516,11.032381975807699,0.0,217.34020396570284,0.0,-0.55,0.16,avoid:obstacle,1
1786510685.786728,11.035011774847996,0.0,216.38896041561276,0.0,-0.55,0.16,avoid:obstacle,1
1786510685.87642,10.938548035656423,0.0,216.66363459809511,0.0,-0.55,0.16,avoid:obstacle,1
1786510685.9701958,10.982875787037944,0.0,216.3118106661014,0.0,-0.55,0.16,avoid:obstacle,1
1786510686.0657163,10.918228664215922,0.0,216.78890725450412,0.0,-0.55,0.16,avoid:obstacle,1
1786510686.1570861,10.828923157034366,0.0,217.29042563481278,0.0,-0.55,0.16,avoid:obstacle,1
1786510686.243553,10.85094356033846,0.0,216.78705293750946,0.0,-0.55,0.16,avoid:obstacle,1
1786510686.338262,10.983068340644765,0.0,217.0758350987631,0.0,-0.55,0.16,avoid:obstacle,1
1786510686.4336858,10.8777221439305,0.0,216.6625477603997,0.0,-0.55,0.16,avoid:obstacle,1
1786510686.5236626,10.810846884266386,0.0,217.47313608025974,0.0,-0.55,0.16,avoid:obstacle,1
1786510686.6125138,10.863032225737058,0.0,216.93451616813476,0.0,-0.55,0.16,avoid:obstacle,1
1786510686.697223,10.976729723687654,0.0,217.0004506980912,0.0,-0.55,0.16,avoid:obstacle,1
1786510686.783956,11.113764797237646,0.0,216.97578994503743,0.0,-0.55,0.16,avoid:obstacle,1
1786510686.8732157,11.226222583255815,0.0,216.5215484434993,0.0,-0.55,0.16,avoid:obstacle,1
1786510686.9648607,11.184067776551222,0.0,216.8109481952666,0.0,-0.55,0.16,avoid:obstacle,1
1786510687.0551224,11.153688426090335,0.0,216.6451799583241,0.0,-0.55,0.16,avoid:obstacle,1
1786510687.1412039,11.14137356891647,0.0,216.788862209723,0.0,-0.55,0.16,avoid:obstacle,1
1786510687.2184882,11.234581456991876,0.0,18.972660145762035,0.0,-0.55,0.16,avoid:obstacle,1
1786510687.2748582,11.541649466028332,0.0,174.3002084122777,0.0,-0.55,0.16,avoid:obstacle,1
1786510687.3270538,12.840451601472619,0.0,223.0,0.0,-0.55,0.16,avoid:obstacle,1
1786510687.3719227,14.109572653809883,0.0,112.0,0.0,-0.55,0.16,avoid:obstacle,1
1786510687.42349,15.756564467061207,0.0,223.0,0.0,-0.55,0.16,avoid:obstacle,1
1786510687.4609404,16.512024333415923,0.0,112.0,0.0,-0.55,0.16,avoid:obstacle,1
1786510687.4978504,18.488966339731743,0.0,112.0,0.0,-0.55,0.16,avoid:obstacle,1
1786510687.5484867,20.27330581436484,0.0,223.0,0.0,-0.55,0.16,avoid:obstacle,1
1786510687.6004148,20.140624240878175,0.0,223.0,0.0,-0.55,0.16,avoid:obstacle,1
1786510687.6517634,19.98219303178163,0.0,223.0,0.0,-0.55,0.16,avoid:obstacle,1
1786510687.7026298,19.83625600617546,0.0,223.0,0.0,-0.55,0.16,avoid:obstacle,1
1786510687.7509384,19.845731805533724,0.0,223.0,0.0,-0.55,0.16,avoid:obstacle,1
1786510687.8028586,19.910241219451766,0.0,223.0,0.0,-0.55,0.16,avoid:obstacle,1
1786510687.8595338,19.88174170364601,0.0,223.0,0.0,-0.55,0.16,avoid:obstacle,1
1786510687.9173112,19.413132909596204,0.0,221.66610153958996,0.0,-0.55,0.16,avoid:obstacle,1
1786510687.9734917,19.00478229334194,0.0,217.38798920377843,0.0,-0.55,0.16,avoid:obstacle,1
1786510688.033016,18.746611113651053,0.0,206.27452425623318,0.0,-0.55,0.16,avoid:obstacle,1
1786510688.0913475,18.358781108425102,0.0,115.92490842490747,0.0,-0.55,0.16,avoid:obstacle,1
1786510688.1510162,18.146327454662245,0.0,164.75285777441007,0.0,-0.55,0.16,avoid:obstacle,1
1786510688.215764,17.80026322153325,0.0,221.91633759732946,0.0,-0.55,0.16,avoid:obstacle,1
1786510688.272316,17.35785507957773,0.0,223.0,0.0,-0.55,0.16,avoid:obstacle,1
1786510688.3261957,17.43072073713704,0.0,212.12026862027,0.0,-0.55,0.16,avoid:obstacle,1
1786510688.379586,17.688200426180515,0.0,223.0,0.0,-0.55,0.16,avoid:obstacle,1
1786510688.4244153,17.89971434434289,0.0,112.0,0.0,-0.55,0.16,avoid:obstacle,1
1786510688.4813201,18.731395204044635,0.0,195.0868707949566,0.0,-0.55,0.16,avoid:obstacle,1
1786510688.5380175,18.506962918253596,0.0,101.28115767589293,0.0,-0.55,0.16,avoid:obstacle,1
1786510688.5922503,18.35677271577879,0.0,223.0,0.0,-0.55,0.16,avoid:obstacle,1
1786510688.648545,18.356186923372423,0.0,213.03538272072882,0.0,-0.55,0.16,avoid:obstacle,1
1786510688.702604,18.227205419049266,0.0,223.0,0.0,-0.55,0.16,avoid:obstacle,1
1786510688.7585087,18.310686602122058,0.0,120.30358858325815,0.0,-0.55,0.16,avoid:obstacle,1
1786510688.815611,18.13415009916541,0.0,139.70043964192843,0.0,-0.55,0.16,avoid:obstacle,1
1786510688.8699026,18.082420150837244,0.0,18.12359764817893,0.0,-0.55,0.16,avoid:obstacle,1
1786510688.9267948,18.119868862191232,0.0,0.0,0.0,-0.55,0.16,avoid:obstacle,1
1786510688.993206,18.010083802396185,0.0,0.0,0.0,-0.55,0.16,avoid:obstacle,1
1786510689.0654383,17.38289494068393,0.6189516129032258,0.2686521985751398,0.0,-0.55,0.16,avoid:obstacle,1
1786510689.1413198,16.738619347061622,0.7157258064516129,5.667207209845465,0.0,-0.55,0.16,avoid:obstacle,1
1786510689.225535,16.027169142793856,0.7580645161290323,8.93823467820387,0.0,-1.0,0.125,follow,1
1786510689.3067653,15.19156172693344,0.6794354838709677,11.551787137356584,0.0,-1.0,0.09,follow,1
1786510689.3817,14.607569604250878,0.6189516129032258,23.590441277210925,0.0,-1.0,0.09,follow,1
1786510689.4516542,14.364156160828102,0.0,210.20074241537438,0.0,-1.0,0.05499999999999999,slow:lane_dropout,1
1786510689.5245602,14.305501183956522,0.2727304147465438,223.0,0.0,-1.0,0.063,follow,1
1786510689.600609,14.151226620885748,0.48588709677419356,195.0,0.0,-1.0,0.07100000000000001,follow,1
1786510689.672815,14.030817423292925,0.5584677419354839,219.1909880352716,0.0,-1.0,0.07900000000000001,follow,1
1786510689.7349856,13.980262652950795,0.0,0.0,0.0,-1.0,0.04400000000000001,slow:lane_dropout,1
1786510689.815328,14.419282447243244,0.7217741935483871,217.48958956599702,0.0,-0.7199999999999994,0.05200000000000001,follow,1
1786510689.8791342,14.026705389855117,0.2715898617511521,189.48958956599702,0.0,-0.3585605790401598,0.06000000000000001,follow,1
1786510689.9642859,14.285450517492151,0.7641129032258064,217.48958956599702,0.0,0.2814394209598402,0.068,follow,1
1786510690.04549,13.817905199738547,0.7580645161290323,223.0,0.0,0.9214394209598402,0.07600000000000001,follow,1
1786510690.1192713,13.516958243443874,0.685483870967742,223.0,0.0,1.0,0.08400000000000002,follow,1
1786510690.1901903,13.525010075214146,0.5040322580645161,223.0,0.0,1.0,0.09,follow,1
1786510690.261511,13.598062447281496,0.5100806451612904,223.0,0.0,1.0,0.09,follow,1
1786510690.3296897,13.720665095028304,0.5100806451612904,223.0,0.0,1.0,0.09,follow,1
1786510690.4057379,13.891230738155375,0.7399193548387096,222.33312867951526,0.0,1.0,0.09,follow,1
1786510690.47383,13.70873891764887,0.39821428571428574,194.33312867951526,0.0,1.0,0.09,follow,1
1786510690.5434663,13.950101716593116,0.4233640552995392,217.67562315732985,0.0,1.0,0.09,follow,1
1786510690.6190295,14.040895343796992,0.4244585253456221,189.67562315732985,0.0,1.0,0.09,follow,1
1786510690.6928985,13.888580056420075,0.5282258064516129,217.10818826563474,0.0,1.0,0.09,follow,1
1786510690.7617812,13.81731199635299,0.5403225806451613,222.32299552568477,0.0,1.0,0.09,follow,1
1786510690.8304071,13.951749554194492,0.5584677419354839,223.0,0.0,1.0,0.09,follow,1
1786510690.9026291,14.0833308142725,0.0,0.0,0.0,1.0,0.05499999999999999,slow:lane_dropout,1
1786510690.9798183,14.034251329402867,0.0,15.884926940217294,0.0,1.0,0.01999999999999999,slow:lane_dropout,1
1786510691.0528686,13.808539038990936,0.0,15.576766751115212,0.0,1.0,0.0,slow:lane_dropout,1
1786510691.1269076,13.781705180103625,0.5584677419354839,220.22404068739255,0.0,1.0,0.008,follow,1
1786510691.1998072,13.738225118040981,0.0,17.026242636322074,0.0,1.0,0.0,slow:lane_dropout,1
1786510691.2730446,13.727112625843032,0.0,17.489720656701827,0.0,1.0,0.0,slow:lane_dropout,1
1786510691.344858,13.705774918159502,0.0,17.18195131701546,0.0,1.0,0.0,slow:lane_dropout,1
1786510691.4191377,13.737120296372519,0.0,17.160665823262924,0.0,1.0,0.0,stop:lane_lost,1
1786510691.4891434,13.686816083955836,0.0,16.376097801569536,0.0,1.0,0.0,stop:lane_lost,1
1786510691.5602553,13.79936318119807,0.0,18.55728495822848,0.0,1.0,0.0,stop:lane_lost,1
1786510691.634645,13.88161945014484,0.0,18.37600671618428,0.0,0.7199999999999994,0.0,stop:lane_lost,1
1786510691.7059064,13.78329143476609,0.0,18.37922915658774,0.0,0.0799999999999994,0.0,stop:lane_lost,1
1786510691.777312,13.833002174254382,0.0,18.198772731153397,0.0,0.0,0.0,stop:lane_lost,1
1786510691.8592637,13.86183453894627,0.0,17.745330769859166,0.0,0.0,0.0,stop:lane_lost,1
1786510691.9321458,13.538629880511536,0.0,18.03798884553612,0.0,0.0,0.0,stop:lane_lost,1
1786510692.0106013,13.585625010870597,0.0,16.983385841824997,0.0,0.0,0.0,stop:lane_lost,1
1786510692.087921,13.414591229722163,0.0,16.638192601393136,0.0,0.0,0.0,stop:lane_lost,1
1786510692.1622956,13.309529071083661,0.5826612903225806,16.808855901904565,0.0,-0.64,0.008,follow,1
1786510692.2383292,13.344621880381503,0.0,16.000987604190314,0.0,-0.64,0.0,slow:lane_dropout,1
1786510692.320558,13.271221986937372,0.0,15.222461946655478,0.0,-0.64,0.0,slow:lane_dropout,1
1786510692.399852,13.072410500050665,0.0,15.442127993823526,0.0,-0.64,0.0,slow:lane_dropout,1
1786510692.4736292,12.989276392074927,0.6310483870967742,15.604420846868692,0.0,-1.0,0.008,follow,1
1786510692.5550132,13.084098324136107,0.6431451612903225,15.995251452527569,0.0,-1.0,0.016,follow,1
1786510692.6303167,12.904932523251105,0.6431451612903225,15.640174626368662,0.0,-1.0,0.024,follow,1
1786510692.7052968,13.00395114224509,0.6431451612903225,16.257987224218546,0.0,-1.0,0.032,follow,1
1786510692.7869146,13.038752410505179,0.0,15.482028053769728,0.0,-1.0,0.0,slow:lane_dropout,1
1786510692.8616467,12.892542025910988,0.5705645161290323,15.278717767619,0.0,-1.0,0.008,follow,1
1786510692.934037,13.028522782108691,0.6068548387096775,15.119844592846697,0.0,-1.0,0.016,follow,1
1786510693.0057418,13.116606164827813,0.38622119815668204,43.1198445928467,0.0,-1.0,0.024,follow,1
1786510693.083698,13.33614602649406,0.0,15.042377575360774,0.0,-1.0,0.0,slow:lane_dropout,1
1786510693.1619024,13.225495962864315,0.0,14.38466327339217,0.0,-1.0,0.0,slow:lane_dropout,1
1786510693.2313871,13.143060136073357,0.5342741935483871,223.0,0.0,-1.0,0.008,follow,1
1786510693.309604,13.41826716085601,0.5887096774193548,195.0,0.0,-1.0,0.016,follow,1
1786510693.3790288,13.290876301028288,0.0,40.46617510841543,0.0,-1.0,0.0,slow:lane_dropout,1
1786510693.4496105,13.506086489122655,0.5040322580645161,223.0,0.0,-0.7199999999999994,0.008,follow,1
1786510693.52735,13.62900081424522,0.6310483870967742,195.0,0.0,-0.0799999999999994,0.016,follow,1
1786510693.610184,13.45872827362422,0.655241935483871,167.0,0.0,0.2547528440295887,0.024,follow,1
1786510693.6949077,13.209976069100788,0.6491935483870968,139.0,0.0,-0.3852471559704113,0.032,follow,1
1786510693.7765145,12.913167822788328,0.6733870967741936,111.0,0.0,-1.0,0.04,follow,1
1786510693.855495,12.798080412636004,0.685483870967742,83.0,0.0,-1.0,0.048,follow,1
1786510693.9300122,12.714853476378405,0.685483870967742,111.0,0.0,-1.0,0.056,follow,1
1786510694.0003865,12.907676386275773,0.4474078341013825,139.0,0.0,-0.38524715597041104,0.064,follow,1
1786510694.0691786,13.169198000181812,0.3697811059907834,111.0,0.0,-1.0,0.07200000000000001,follow,1
1786510694.1485617,13.459855389216692,0.7096774193548387,83.0,0.0,-1.0,0.08000000000000002,follow,1
1786510694.216164,13.241042079033821,0.3995967741935484,111.0,0.0,-1.0,0.08800000000000002,follow,1
1786510694.2956214,13.617847548420986,0.7096774193548387,83.0,0.0,-1.0,0.09600000000000003,follow,1
1786510694.3639457,13.366908675653889,0.5161290322580645,111.0,0.0,-1.0,0.09,follow,1
1786510694.442579,13.670617366353952,0.7096774193548387,83.0,0.0,-1.0,0.098,follow,1
1786510694.5213566,13.488726351223665,0.7096774193548387,55.0,0.0,-1.0,0.10057010119967962,follow,1
1786510694.6004727,13.307796807733185,0.7338709677419355,27.0,0.0,-1.0,0.09,follow,1
1786510694.675933,13.174721834218852,0.7036290322580645,8.144292099101044,0.0,-1.0,0.09,follow,1
1786510694.7471414,13.12511750610357,0.32658986175115207,36.144292099101044,0.0,-1.0,0.09,follow,1
1786510694.8287294,13.400432304675423,0.594758064516129,8.144292099101044,0.0,-1.0,0.09,follow,1
1786510694.9086664,13.166489137427472,0.7157258064516129,7.901134308729249,0.0,-1.0,0.09,follow,1
1786510694.985991,13.049749697907092,0.7096774193548387,8.294692412850331,0.0,-1.0,0.09,follow,1
1786510695.064412,12.984610309400288,0.6673387096774193,7.595537787552895,0.0,-1.0,0.09,follow,1
1786510695.133125,12.9699284002448,0.0,32.26634387345939,0.0,-1.0,0.05499999999999999,slow:lane_dropout,1
1786510695.2125416,13.280673364507326,0.685483870967742,7.948002792144706,0.0,-1.0,0.063,follow,1
1786510695.2915814,13.120775427521755,0.6975806451612904,7.704315945361384,0.0,-1.0,0.07100000000000001,follow,1
1786510695.370496,13.05985505398629,0.6129032258064516,8.01116969211261,0.0,-1.0,0.07900000000000001,follow,1
1786510695.439258,12.966983223409228,0.30940092165898614,36.01116969211261,0.0,-1.0,0.08700000000000002,follow,1
1786510695.5137231,13.298711811731534,0.625,8.620868588048658,0.0,-1.0,0.09,follow,1
1786510695.5807295,13.319199042681342,0.0,10.476292081555247,0.0,-1.0,0.05499999999999999,slow:lane_dropout,1
1786510695.6453483,13.634623184639672,0.15253456221198156,223.0,0.0,-1.0,0.063,follow,1
1786510695.711177,13.998805812329383,0.18639400921658986,223.0,0.0,-1.0,0.07100000000000001,follow,1
1786510695.7848012,14.253479240655716,0.6008064516129032,223.0,0.0,-1.0,0.07900000000000001,follow,1
1786510695.8506765,14.081702219452232,0.4798387096774194,223.0,0.0,-0.7199999999999994,0.08700000000000002,follow,1
1786510695.9204764,14.359415533336175,0.5887096774193548,223.0,0.0,-0.0799999999999994,0.09,follow,1
1786510695.9901407,14.342950570459555,0.6915322580645161,223.0,0.0,0.5600000000000006,0.09,follow,1
1786510696.0619652,14.306294167816931,0.6612903225806451,223.0,0.0,1.0,0.09,follow,1
1786510696.1416757,14.224877608230715,0.6612903225806451,223.0,0.0,1.0,0.09,follow,1
1786510696.2154827,13.915547588831831,0.6612903225806451,223.0,0.0,1.0,0.09,follow,1
1786510696.2847114,13.853519250233745,0.6673387096774193,223.0,0.0,1.0,0.09,follow,1
1786510696.3456998,13.961663952885768,0.09662442396313364,223.0,0.0,1.0,0.09,follow,1
1786510696.4437654,14.448632217321252,0.0,223.0,0.0,1.0,0.05499999999999999,slow:lane_dropout,1
1786510696.5158103,13.597182137655548,0.38911290322580644,165.71363636352157,0.0,1.0,0.063,follow,1
1786510696.5892265,13.605710695718148,0.5524193548387096,193.71363636352157,0.0,1.0,0.07100000000000001,follow,1
1786510696.6639721,13.67345170577388,0.5766129032258065,209.94383944148115,0.0,1.0,0.07900000000000001,follow,1
1786510696.736202,13.575650521016653,0.564516129032258,181.94383944148115,0.0,1.0,0.08700000000000002,follow,1
1786510696.8016148,13.675350625624166,0.5463709677419355,207.47171885775768,0.0,1.0,0.09,follow,1
1786510696.8676605,13.9997307276925,0.5342741935483871,179.47171885775768,0.0,1.0,0.09,follow,1
1786510696.9313335,14.175804380060573,0.5221774193548387,151.47171885775768,0.0,1.0,0.09,follow,1
1786510696.99262,14.534196002596548,0.5161290322580645,132.98485001685054,0.0,1.0,0.09,follow,1
1786510697.0570462,14.875352987365885,0.5221774193548387,128.41986650055344,0.0,0.7199999999999994,0.09,follow,1
1786510697.1256406,15.020287797484512,0.5282258064516129,149.7388273343961,0.0,1.0,0.09,follow,1
1786510697.1951625,14.91646339208577,0.5221774193548387,145.6655569745564,0.0,0.7199999999999994,0.09,follow,1
1786510697.2615194,14.822927489616884,0.49798387096774194,158.60151433932003,0.0,1.0,0.09,follow,1
1786510697.3283446,14.864552160544518,0.48588709677419356,158.45446798630334,0.0,1.0,0.09,follow,1
1786510697.399148,14.892762902288087,0.5040322580645161,130.45446798630334,0.0,0.4366584250232083,0.09,follow,1
1786510697.4746363,14.741496311893828,0.4798387096774194,140.7411915964535,0.0,0.7063727934961492,0.09,follow,1
1786510697.5439794,14.442563108541629,0.45564516129032256,129.2975267379669,0.0,0.06637279349614922,0.09,follow,1
1786510697.616619,14.406185524549018,0.4314516129032258,101.2975267379669,0.0,-0.5736272065038508,0.09,follow,1
1786510697.6775565,14.293129643596117,0.3588709677419355,73.2975267379669,0.0,-1.0,0.09,follow,1
1786510697.7550027,14.740373971824912,0.0,13.599437415422784,0.0,-1.0,0.05499999999999999,slow:lane_dropout,1
1786510697.835741,14.364103801844841,0.0,9.752184563532659,0.0,-1.0,0.01999999999999999,slow:lane_dropout,1
1786510697.914284,13.959560401455098,0.0,19.331095305832207,0.0,-1.0,0.0,slow:lane_dropout,1
1786510697.9936702,13.714208967554676,0.0,27.845883240948865,0.0,-0.5736272065038507,0.0,stop:lane_lost,1
1786510698.0633512,13.508200342707138,0.0,41.2716833536096,0.0,0.0,0.0,stop:lane_lost,1
1786510698.129762,13.626862848352843,0.0,34.16272175751544,0.0,0.0,0.0,stop:lane_lost,1
1786510698.1944795,13.954897469652014,0.0,0.0,0.0,0.0,0.0,stop:lane_lost,1
1786510698.2525172,14.251580322312838,0.0,9.042440318302454,0.0,0.0,0.0,stop:lane_lost,1
1786510698.3135724,14.634977137451783,0.0,157.73867162244977,0.0,0.64,-0.11,reverse:white,1
1786510698.3521984,15.197513402776071,0.0,112.0,0.0,1.0,-0.11,reverse:white,1
1786510698.4090092,17.391794556096578,0.0,223.0,0.0,1.0,-0.11,reverse:white,1
1786510698.471298,17.43961937505856,0.0,130.60830039522273,0.7118303571428571,1.0,-0.11,reverse:white,1
1786510698.5302103,17.157394617583734,0.0,191.66652456738646,0.8058035714285715,1.0,0.11,avoid:white,1
1786510698.5900345,17.09702545868479,0.0,201.49573934837133,0.0,1.0,0.11,avoid:white,1
1786510698.6436021,17.043738909455,0.0,99.08020050126254,0.0,1.0,0.11,avoid:white,1
1786510698.681664,17.260305136396855,0.0,112.0,0.0,1.0,0.11,avoid:white,1
1786510698.7191885,19.300224952115382,0.0,112.0,0.0,1.0,0.11,avoid:white,1
1786510698.7589476,20.43926013095485,0.0,112.0,0.0,1.0,0.11,avoid:white,1
1786510698.800205,21.57278059213177,0.0,112.0,0.0,1.0,0.11,avoid:white,1
1786510698.8424497,22.169366686516994,0.0,112.0,0.0,1.0,0.11,avoid:white,1
1786510698.8971403,22.524748635833944,0.0,0.0,0.0,1.0,0.11,avoid:white,1
1786510698.956257,21.678668585027772,0.0,0.0,0.0,1.0,0.11,avoid:white,1
1786510698.9935048,20.723092454011336,0.0,112.0,0.0,1.0,0.11,avoid:white,1
1786510699.0306914,21.9280002412861,0.0,112.0,0.0,1.0,0.11,avoid:white,1
1786510699.0854964,22.93117438485431,0.0,223.0,0.0,1.0,0.11,avoid:white,1
1786510699.1443207,21.95520173602082,0.0,162.4070102491175,0.0,1.0,0.11,avoid:white,1
1786510699.2066636,21.00900849951354,0.0,213.71694041252817,0.0,1.0,0.11,avoid:white,1
1786510699.2724905,19.991083799317654,0.0,197.40547560547893,0.0,0.7200000000000001,0.0,stop:lane_lost,1
1786510699.3244872,19.049134637441913,0.0,223.0,0.0,0.08000000000000007,0.0,stop:lane_lost,1
1786510699.3811796,19.051176726521142,0.0,199.4239294883551,0.0,0.0,0.0,stop:lane_lost,1
1786510699.441634,18.77096635278138,0.0,194.15054998927826,0.0,0.0,0.0,stop:lane_lost,1
1786510699.5082262,18.27436639378745,0.0,218.93791379649983,0.0,0.0,0.0,stop:lane_lost,1
1786510699.5510323,17.66440183430069,0.0,112.0,0.0,-0.64,-0.11,reverse:white,1
1786510699.607,18.6493783759267,0.0,24.10639360641092,0.0,-1.0,-0.11,reverse:white,1
1786510699.6563692,18.609318688707432,0.0,31.609265734226597,0.0,-1.0,-0.11,reverse:white,1
1786510699.6939301,18.912835620149764,0.0,112.0,0.0,-1.0,-0.11,reverse:white,1
1786510699.7514653,20.49286875661654,0.0,212.18313006515336,0.0,-1.0,-0.11,reverse:white,1
1786510699.8217373,19.782633898060993,0.0,215.96691176470495,0.0,-1.0,0.11,avoid:white,1
1786510699.874347,18.663357768110675,0.0,87.5059940060205,0.0,-1.0,0.11,avoid:white,1
1786510699.9134884,18.87253433655734,0.0,112.0,0.7229591836734695,-1.0,0.11,avoid:white,1
1786510699.95652,20.21782929606228,0.0,112.0,0.0,-1.0,0.11,avoid:white,1
1786510700.0142114,20.80732163681315,0.0,126.71315640876912,0.0,-1.0,0.11,avoid:white,1
1786510700.0732074,20.067669056451354,0.0,202.974502233326,0.80625,-1.0,0.11,avoid:white,1
1786510700.1317153,19.462316673286505,0.0,209.12876521745267,0.7544642857142857,-1.0,0.11,avoid:white,1
1786510700.2021956,19.017236447356787,0.41201612903225804,98.5,0.7940051020408163,-1.0,0.11,avoid:white,1
1786510700.2672875,18.054902373079365,0.4214516129032258,94.5,0.8119260204081633,-1.0,0.11,avoid:white,1
1786510700.3392863,17.433470406987162,0.0,223.0,0.8107142857142857,-1.0,0.11,avoid:white,1
1786510700.4080682,16.795356838036454,0.0,223.0,0.8107142857142857,-1.0,0.11,avoid:white,1
1786510700.4600039,16.3392790374012,0.0,223.0,0.7918367346938776,-1.0,0.11,avoid:white,1
1786510700.505958,16.899549326040898,0.0,112.0,0.0,-1.0,0.11,avoid:white,1
1786510700.5477812,17.76820113680672,0.0,112.0,0.0,-1.0,0.11,avoid:white,1
1786510700.5896974,18.732960102075065,0.0,112.0,0.0,-1.0,0.11,avoid:white,1
1786510700.6403127,20.259958108911047,0.0,221.49999999998528,0.0,-1.0,0.11,avoid:white,1
1786510700.679576,19.986977267933785,0.0,112.0,0.0,-1.0,0.11,avoid:white,1
1786510700.720924,21.20249789823979,0.0,112.0,0.0,-1.0,0.11,avoid:white,1
1786510700.7590115,21.89731580093697,0.0,112.0,0.0,-1.0,0.11,avoid:white,1
1786510700.7975652,22.846341454151634,0.0,112.0,0.0,-1.0,0.11,avoid:white,1
1786510700.8506837,23.472870283020352,0.0,0.0,0.0,-1.0,0.11,avoid:white,1
1786510700.8901649,22.509327175371908,0.0,112.0,0.0,-1.0,0.11,avoid:white,1
1786510700.9434187,23.081094613130627,0.1664400921658986,87.77433742727953,0.0,-1.0,0.11,avoid:white,1
1786510701.0025713,22.232000687567943,0.3473041474654378,59.774337427279534,0.0,-1.0,0.11,avoid:white,1
1786510701.0631557,21.132595311901763,0.0,0.0,0.0,-1.0,0.11,avoid:white,1
1786510701.136404,20.25207065840456,0.0,14.181983450568708,0.0,-1.0,0.11,avoid:white,1
1786510701.207102,18.88245119576794,0.0,15.797744094679459,0.0,-1.0,0.11,avoid:white,1
1786510701.277932,17.976455303101442,0.0,14.348923378291914,0.0,-0.7200000000000001,0.0,stop:lane_lost,1
1786510701.352385,17.22214290507938,0.0,12.882449697455698,0.0,-0.08000000000000007,0.0,stop:lane_lost,1
1786510701.4260614,16.3381324137141,0.0,8.435283526673473,0.0,0.0,0.0,stop:lane_lost,1
1786510701.5004978,15.927243294645196,0.0,9.671824275609566,0.0,0.0,0.0,stop:lane_lost,1
1786510701.574627,15.423680863698362,0.782258064516129,8.451471427237365,0.0,-0.64,0.008,follow,1
1786510701.650687,14.990121661750967,0.7883064516129032,3.9479494288482044,0.0,-1.0,0.016,follow,1
1786510701.731821,14.59828650745099,0.0,1.8653054409885073,0.0,-1.0,0.0,slow:lane_dropout,1
1786510701.79898,14.166660871744964,0.0,1.8696410781364818,0.0,-1.0,0.0,slow:lane_dropout,1
1786510701.8677437,14.364606191556877,0.0,0.0,0.0,-1.0,-0.11,reverse:white,1
1786510701.9357271,14.255232266339798,0.0,0.0,0.0,-1.0,-0.11,reverse:white,1
1786510702.0039372,14.41777819963685,0.0,0.0,0.0,-1.0,-0.11,reverse:white,1
1786510702.0710251,14.558400209808509,0.0,3.989260508132652,0.0,-1.0,0.11,avoid:white,1
1786510702.1338754,14.62008298485338,0.0,3.365514822961323,0.0,-1.0,0.11,avoid:white,1
1786510702.1957521,14.746400407088787,0.0,0.0,0.0,-1.0,0.075,slow:lane_dropout,1
1786510702.249525,15.0984289297308,0.0,222.37340485601447,0.0,-0.7200000000000001,0.0,stop:lane_lost,1
1786510702.2926893,15.803867138251826,0.0,112.0,0.0,-1.0,-0.11,reverse:white,1
1786510702.3297486,17.455245934874604,0.0,112.0,0.0,-1.0,-0.11,reverse:white,1
1786510702.382667,19.35266851671634,0.0,0.0,0.0,-1.0,-0.11,reverse:white,1
1786510702.4294736,19.228015468418644,0.0,0.0,0.0,-1.0,-0.11,reverse:white,1
1786510702.4674013,19.59938257609481,0.0,112.0,0.0,-1.0,-0.11,reverse:white,1
1786510702.5176451,21.028436161146892,0.0,0.0,0.0,-1.0,0.11,avoid:white,1
1786510702.557934,20.73694076300293,0.0,112.0,0.0,-0.7200000000000001,0.0,stop:lane_lost,1
1786510702.5965328,21.558963772698235,0.0,112.0,0.0,-0.08000000000000007,0.0,stop:lane_lost,1
1786510702.6360095,22.596399262256295,0.0,112.0,0.0,0.0,0.0,stop:lane_lost,1
1786510702.6809196,23.03332415438645,0.0,112.0,0.5684630102040816,0.0,0.0,stop:lane_lost,1
1786510702.7192552,22.935746848326414,0.0,112.0,0.5277104591836735,0.0,0.0,stop:lane_lost,1
1786510702.7592635,23.45703844176748,0.0,112.0,0.5219387755102042,0.0,0.0,stop:lane_lost,1
1786510702.7973747,23.9140155699259,0.0,112.0,0.5651785714285714,0.0,0.0,stop:lane_lost,1
1786510702.8356676,24.400012403547354,0.0,112.0,0.5648915816326531,0.0,0.0,stop:lane_lost,1
1786510702.873017,24.678908380360987,0.0,112.0,0.0,0.0,0.0,stop:lane_lost,1
1786510702.9137688,25.143161993526835,0.0,112.0,0.0,0.0,0.0,stop:lane_lost,1
1786510702.9514039,25.040394830439748,0.0,112.0,0.0,0.0,0.0,stop:lane_lost,1
1786510703.0075192,25.32550424550556,0.0,0.0,0.0,0.0,0.0,stop:lane_lost,1
1786510703.04448,23.813672667949835,0.0,112.0,0.0,0.0,0.0,stop:lane_lost,1
1786510703.0827968,24.40708307475064,0.0,112.0,0.0,0.0,0.0,stop:lane_lost,1
1786510703.1230078,24.83779815475916,0.0,112.0,0.0,0.0,0.0,stop:lane_lost,1
1786510703.1589346,24.82927231759678,0.0,112.0,0.0,0.0,0.0,stop:lane_lost,1
1786510703.1986616,25.291667092748963,0.0,112.0,0.3654336734693878,0.0,0.0,stop:lane_lost,1
1786510703.237335,25.370106940254477,0.0,112.0,0.0,0.0,0.0,stop:lane_lost,1
1786510703.2742271,25.476538604534277,0.0,112.0,0.043845663265306124,0.0,0.0,stop:lane_lost,1
1786510703.312293,25.8368972792546,0.0,112.0,0.0,0.0,0.0,stop:lane_lost,1
1786510703.3527744,25.914203108429938,0.0,112.0,0.0,0.0,0.0,stop:lane_lost,1
1786510703.3909392,25.67867851832449,0.0,112.0,0.0,0.0,0.0,stop:lane_lost,1
1786510703.4277143,25.639782254385697,0.0,112.0,0.0,0.0,0.0,stop:lane_lost,1
1786510703.4692953,26.08421353013467,0.0,112.0,0.0,0.0,0.0,stop:lane_lost,1
1786510703.5066059,25.562946884739684,0.0,112.0,0.0,0.0,0.0,stop:lane_lost,1
1786510703.5431578,25.98910757253119,0.0,112.0,0.0,0.0,0.0,stop:lane_lost,1
1786510703.581881,26.060136668549433,0.0,112.0,0.0,0.0,0.0,stop:lane_lost,1
1786510703.6176867,26.124177351456428,0.0,112.0,0.0,0.0,0.0,stop:lane_lost,1
1786510703.6548238,26.575055123921608,0.0,112.0,0.0,0.0,0.0,stop:lane_lost,1
1786510703.6929278,26.487757273168093,0.0,112.0,0.0,0.0,0.0,stop:lane_lost,1
1786510703.728417,26.489786195077663,0.0,112.0,0.0,0.0,0.0,stop:lane_lost,1
1786510703.7700956,26.901544450918,0.0,112.0,0.0,0.0,0.0,stop:lane_lost,1
1786510703.80778,26.21204496345769,0.0,112.0,0.0,0.0,0.0,stop:lane_lost,1
1786510703.8470519,26.32395867742711,0.0,112.0,0.0,0.0,0.0,stop:lane_lost,1
1786510703.8886747,25.692213872660332,0.0,112.0,0.0,0.0,0.0,stop:lane_lost,1
1786510703.9429772,25.98234271285333,0.0,221.4779411764713,0.0,0.0,0.0,stop:lane_lost,1
1786510703.9826255,24.38990162048262,0.0,112.0,0.0,0.0,0.0,stop:lane_lost,1
1786510704.0191503,24.701988027680404,0.0,112.0,0.0,0.0,0.0,stop:lane_lost,1
1786510704.0715945,25.19613143007367,0.0,0.0,0.0,0.0,0.0,stop:lane_lost,1
1786510704.131488,23.980156318712268,0.49213133640553,0.0,0.0,-0.64,0.008,follow,1
1786510704.1746764,22.519337558199773,0.0,112.0,0.0,-0.64,0.0,slow:lane_dropout,1
1786510704.2119875,22.684701786810656,0.0,112.0,0.0,-0.64,0.0,slow:lane_dropout,1
1786510704.2488203,23.504616212157288,0.0,112.0,0.0,-0.64,0.0,slow:lane_dropout,1
1786510704.2868876,24.23198817562457,0.0,112.0,0.0,0.0,0.0,stop:lane_lost,1
1786510704.3253953,24.62513751985121,0.0,112.0,0.0,0.0,0.0,stop:lane_lost,1
1786510704.362784,24.904978181107666,0.0,112.0,0.0,0.0,0.0,stop:lane_lost,1
1786510704.4031625,25.199543282941598,0.0,112.0,0.0,0.0,0.0,stop:lane_lost,1
1786510704.4423165,25.18281282635136,0.0,112.0,0.0,0.0,0.0,stop:lane_lost,1
1786510704.4826782,25.14757035949536,0.0,112.0,0.0,0.0,0.0,stop:lane_lost,1
1786510704.5232027,25.179257471113626,0.0,112.0,0.0,0.0,0.0,stop:lane_lost,1
1786510704.563522,25.012574937049752,0.0,112.0,0.0,0.0,0.0,stop:lane_lost,1
1786510704.6061218,25.041004028965258,0.0,112.0,0.0,0.0,0.0,stop:lane_lost,1
1786510704.644809,24.659932382182653,0.0,112.0,0.0,0.0,0.0,stop:lane_lost,1
1786510704.6864755,24.887239481879945,0.0,112.0,0.0,0.0,0.0,stop:lane_lost,1
1786510704.7252228,24.782105177544544,0.0,112.0,0.0,0.0,0.0,stop:lane_lost,1
1786510704.7639232,24.84111411229648,0.0,112.0,0.0,0.0,0.0,stop:lane_lost,1
1786510704.8050761,25.203021996380933,0.0,112.0,0.0,0.0,0.0,stop:lane_lost,1
1786510704.8452997,24.869488236207168,0.0,112.0,0.0,0.0,0.0,stop:lane_lost,1
1786510704.8865843,24.994087949639177,0.0,112.0,0.0,0.0,0.0,stop:lane_lost,1
1786510704.9263582,24.877955189863428,0.0,112.0,0.0,0.0,0.0,stop:lane_lost,1
1786510704.9645786,24.937741454003824,0.0,112.0,0.0,0.0,0.0,stop:lane_lost,1
1786510705.0040674,25.129437486581768,0.0,112.0,0.0,0.0,0.0,stop:lane_lost,1
1786510705.0431426,25.21586747666282,0.0,112.0,0.0,0.0,0.0,stop:lane_lost,1
1786510705.0850635,25.298160927389556,0.0,112.0,0.0,0.0,0.0,stop:lane_lost,1
1786510705.1245573,24.983974490165764,0.0,112.0,0.0,0.0,0.0,stop:lane_lost,1
1786510705.163203,25.082747477357792,0.0,112.0,0.0,0.0,0.0,stop:lane_lost,1
1786510705.2037513,25.193704454472297,0.0,112.0,0.0,0.0,0.0,stop:lane_lost,1
1786510705.2426527,25.068368004008008,0.0,112.0,0.0,0.0,0.0,stop:lane_lost,1
1786510705.2857103,25.256100925974053,0.0,112.0,0.0,0.0,0.0,stop:lane_lost,1
1786510705.3251126,24.604388902151513,0.0,112.0,0.0,0.0,0.0,stop:lane_lost,1
1786510705.3632126,25.042788215299588,0.0,112.0,0.0,0.0,0.0,stop:lane_lost,1
1786510705.4017732,25.307516367410937,0.0,112.0,0.0,0.0,0.0,stop:lane_lost,1
1786510705.4402337,25.44861056353606,0.0,112.0,0.0,0.0,0.0,stop:lane_lost,1
1786510705.479367,25.512981265684807,0.0,112.0,0.0,0.0,0.0,stop:lane_lost,1
1786510705.5216043,25.564955238815752,0.0,112.0,0.0,0.64,-0.11,reverse:white,1
1786510705.5611947,25.020263660043614,0.0,112.0,0.0,1.0,-0.11,reverse:white,1
1786510705.5986166,25.277135421887188,0.0,112.0,0.0,1.0,-0.11,reverse:white,1
1786510705.6363606,25.566960299901776,0.0,112.0,0.0,1.0,-0.11,reverse:white,1
1786510705.673702,25.730825577508124,0.0,112.0,0.0,1.0,-0.11,reverse:white,1
1786510705.710515,25.965898002413464,0.0,112.0,0.0,1.0,-0.11,reverse:white,1
1786510705.7487466,26.13947071657818,0.0,112.0,0.0,1.0,0.11,avoid:white,1
1786510705.7864895,26.187238759239065,0.0,112.0,0.0,1.0,0.11,avoid:white,1
1786510705.8248136,26.080880992241838,0.0,112.0,0.0,1.0,0.11,avoid:white,1
1786510705.8621652,26.213433765968773,0.0,112.0,0.0,1.0,0.11,avoid:white,1
1786510705.90632,26.31029814659172,0.0,112.0,0.0,1.0,0.11,avoid:white,1
1786510705.94451,25.62269302502775,0.0,112.0,0.0,1.0,0.11,avoid:white,1
1786510705.9951568,25.436550155510282,0.0,112.0,0.0,1.0,0.11,avoid:white,1
1786510706.0479984,24.462025870461336,0.0,176.05734004128578,0.0,1.0,0.11,avoid:white,1
1786510706.1027055,23.142452178375223,0.0,184.3123126873233,0.0,1.0,0.11,avoid:white,1
1786510706.15573,22.406094854272286,0.0,132.4937562438017,0.0,1.0,0.11,avoid:white,1
1786510706.2097652,21.703172681633767,0.0,6.4519480521814785,0.0,1.0,0.11,avoid:white,1
1786510706.2480538,20.975052161172588,0.0,112.0,0.0,1.0,0.11,avoid:white,1
1786510706.2975564,21.959879882293816,0.0,223.0,0.0,1.0,0.11,avoid:white,1
1786510706.3355377,21.599607367274118,0.0,112.0,0.0,1.0,0.11,avoid:white,1
1786510706.3764155,22.640781122699146,0.0,112.0,0.0,1.0,0.11,avoid:white,1
1786510706.4279306,23.098787424547986,0.0,0.0,0.0,1.0,0.11,avoid:white,1
1786510706.4813292,22.381193490323085,0.0,0.0,0.0,1.0,0.11,avoid:white,1
1786510706.5389996,21.635039798473446,0.0,6.032324293353668,0.0,1.0,0.11,avoid:white,1
1786510706.5951126,20.77903541334225,0.0,223.0,0.0,1.0,0.11,avoid:white,1
1786510706.6548896,20.211410637899164,0.0,0.0,0.0,1.0,0.11,avoid:white,1
1786510706.7162795,19.51002256529082,0.0,0.0,0.0,1.0,0.11,avoid:white,1
1786510706.7543418,18.847290367856054,0.0,112.0,0.0,1.0,0.11,avoid:white,1
1786510706.7923691,20.3737654651095,0.0,112.0,0.0,1.0,0.11,avoid:white,1
1786510706.8350835,21.571639349858362,0.0,112.0,0.0,1.0,0.11,avoid:white,1
1786510706.8924365,21.807325656587757,0.0,199.7704260651671,0.0,1.0,0.11,avoid:white,1
1786510706.9393265,20.980434472850796,0.0,112.0,0.0,1.0,0.11,avoid:white,1
1786510707.0027447,21.04789601069909,0.0,3.2640442061493786,0.0,1.0,0.11,avoid:white,1
1786510707.063822,19.991399145200408,0.0,223.0,0.0,1.0,0.11,avoid:white,1
1786510707.1284008,19.290105247885343,0.0,23.36964590244088,0.6093750000000001,1.0,0.11,avoid:white,1
1786510707.2006962,18.50405129433618,0.6733870967741936,157.01668707899466,0.0,1.0,0.11,avoid:white,1
1786510707.2615829,17.5782278317313,0.0,223.0,0.0,1.0,0.11,avoid:white,1
1786510707.3581398,17.308522024833525,0.9092741935483871,217.6018147156534,0.0,1.0,0.09,follow,1
1786510707.4454186,15.909018336544465,1.0,220.21423120337113,0.0,1.0,0.098,follow,1
1786510707.523558,15.035107408537431,0.564516129032258,207.99915336236066,0.0,1.0,0.09,follow,1
1786510707.619916,14.612959541114554,0.0,217.7097926079679,0.0,1.0,0.05499999999999999,slow:lane_dropout,1
1786510707.708279,13.761849650772877,0.0,219.58114427090905,0.0,1.0,0.0,neutral:white,1
1786510707.7884035,13.283174760640492,0.0,219.15164921362452,0.0,1.0,0.0,neutral:white,1
1786510707.8700662,13.112883163603083,0.0,222.4603711696558,0.6873086734693877,1.0,-0.11,reverse:white,1
1786510707.9426894,12.909735523140185,0.0,4.648116222351916,0.0,1.0,-0.11,reverse:white,1
1786510708.019288,13.128479466622588,0.0,9.647313051770396,0.0,1.0,-0.11,reverse:white,1
1786510708.1051068,13.117425045230254,0.8487903225806451,219.08639425608885,0.0,1.0,0.11,avoid:white,1
1786510708.1902852,12.81107160710562,0.0,11.089085671609979,0.0,1.0,0.11,avoid:white,1
1786510708.2868292,12.56652871100799,0.9637096774193549,3.8113041354652992,0.0,0.7200000000000001,0.09286921515721487,follow,1
1786510708.3882356,12.1579831776263,0.0,3.2241753492151872,0.0,0.7200000000000001,0.05786921515721487,slow:lane_dropout,1
1786510708.4729223,11.688070557201577,0.0,2.023153990211732,0.0,0.7200000000000001,0.022869215157214864,slow:lane_dropout,1
1786510708.5485628,11.713354652888793,0.5887096774193548,215.50704455103255,0.0,1.0,0.030869215157214865,follow,1
1786510708.632342,12.007784794021482,0.7883064516129032,217.87284602263298,0.0,1.0,0.038869215157214865,follow,1
1786510708.734148,11.994748499803071,0.0,210.7818389234168,0.0,1.0,0.0038692151572148614,slow:lane_dropout,1
1786510708.8167758,11.557272398473067,0.0,203.81703530874378,0.0,1.0,0.0,neutral:white,1
1786510708.9020355,11.678802750553821,0.0,204.52529312197296,0.0,1.0,0.0,neutral:white,1
1786510709.0045407,11.652147911735156,0.0,209.09324251866076,0.0,1.0,-0.11,reverse:white,1
1786510709.098175,11.284595628387367,0.78,166.5,0.0,1.0,-0.11,reverse:white,1
1786510709.1872869,11.192209050313346,0.78,166.5,0.0,1.0,0.11,avoid:white,1
1786510709.2719274,11.18111007415063,0.0,205.43770961906648,0.0,1.0,0.11,avoid:white,1
1786510709.3711596,11.275079521724368,0.78,166.5,0.0,1.0,0.11,avoid:white,1
1786510709.4601421,11.069987210576524,0.78,166.5,0.0,1.0,0.11,avoid:white,1
1786510709.540291,11.091357342911389,0.5865725806451613,166.5,0.0,1.0,0.11,avoid:white,1
1786510709.6247008,11.390259606766055,0.78,166.5,0.0,1.0,0.11,avoid:white,1
1786510709.7136524,11.466590048573334,0.78,167.0,0.0,1.0,0.11,avoid:white,1
1786510709.8032017,11.431119353724773,0.78,167.0,0.0,1.0,0.11,avoid:white,1
1786510709.8874278,11.370067368320377,0.0,209.62369905494018,0.0,1.0,0.11,avoid:white,1
1786510709.9761753,11.462588305584797,0.78,166.5,0.0,1.0,0.11,avoid:white,1
1786510710.06965,11.432379496468055,0.78,167.0,0.0,1.0,0.11,avoid:white,1
1786510710.1639729,11.291444658646801,0.78,167.0,0.0,1.0,0.11,avoid:white,1
1786510710.2574756,11.146456457100928,0.78,167.0,0.0,1.0,0.11,avoid:white,1
1786510710.3490229,11.05575655957226,0.78,167.0,0.0,1.0,0.11,avoid:white,1
1786510710.434045,11.030756173921088,0.6148790322580645,166.5,0.0,1.0,0.11,avoid:white,1
1786510710.5203922,11.174135481793394,0.78,167.0,0.0,1.0,0.11,avoid:white,1
1786510710.607126,11.258911865916831,0.0,210.80431082313618,0.0,1.0,0.11,avoid:white,1
1786510710.6991065,11.322617916364266,0.78,167.0,0.0,1.0,0.11,avoid:white,1
1786510710.7862718,11.218651703304271,0.78,166.5,0.0,1.0,0.11,avoid:white,1
1786510710.8740346,11.281228360435891,0.78,166.5,0.0,1.0,0.11,avoid:white,1
1786510710.965751,11.309400129861853,0.78,166.5,0.0,1.0,0.11,avoid:white,1
1786510711.0524182,11.204653579805221,0.78,167.0,0.0,1.0,0.11,avoid:white,1
1786510711.1412807,11.28485184799412,0.78,167.0,0.0,1.0,0.11,avoid:white,1
1786510711.2261977,11.290728927728331,0.78,166.5,0.0,1.0,0.11,avoid:white,1
1786510711.3174245,11.385486810593498,0.78,167.0,0.0,1.0,0.11,avoid:white,1
1786510711.4047058,11.298464196166327,0.0,210.9104754344596,0.0,1.0,0.11,avoid:white,1
1786510711.5003076,11.321105961565067,0.7658467741935485,167.0,0.0,1.0,0.11,avoid:white,1
1786510711.5747142,11.159826080709818,0.7036290322580645,193.28143375671857,0.0,1.0,0.11,avoid:white,1
1786510711.6651266,11.544330217836851,0.78,166.5,0.0,1.0,0.11,avoid:white,1
1786510711.753621,11.498518304997141,0.7705645161290323,167.0,0.0,1.0,0.11,avoid:white,1
1786510711.841304,11.455555294180481,0.78,166.5,0.0,1.0,0.11,avoid:white,1
1786510711.926478,11.436083986358577,0.0,210.22615972965644,0.0,1.0,0.11,avoid:white,1
1786510712.02003,11.493650340836705,0.78,166.5,0.0,1.0,0.11,avoid:white,1
1786510712.1075096,11.34579848593199,0.0,210.7895651011485,0.0,1.0,0.11,avoid:white,1
1786510712.196814,11.357656914333097,0.78,167.5,0.0,1.0,0.11,avoid:white,1
1786510712.2822795,11.331675020796379,0.0,210.60672640805427,0.0,1.0,0.11,avoid:white,1
1786510712.3685725,11.40416489910895,0.7705645161290323,167.0,0.0,1.0,0.11,avoid:white,1
1786510712.456741,11.437457023036885,0.78,167.5,0.0,1.0,0.11,avoid:white,1
1786510712.5422497,11.410130611606593,0.78,167.0,0.0,1.0,0.11,avoid:white,1
1786510712.630227,11.441938174340612,0.78,166.5,0.0,1.0,0.11,avoid:white,1
1786510712.7212846,11.46526829464612,0.78,166.5,0.0,1.0,0.11,avoid:white,1
1786510712.8138502,11.344696061160159,0.78,167.0,0.0,1.0,0.11,avoid:white,1
1786510712.9045258,11.258738615590977,0.6620564516129033,167.0,0.0,1.0,0.11,avoid:white,1
1786510712.9964008,11.204857601287019,0.78,167.0,0.0,1.0,0.11,avoid:white,1
1786510713.087017,11.133071173396784,0.78,166.5,0.0,1.0,0.11,avoid:white,1
1786510713.1826267,11.122287474657638,0.78,166.5,0.0,1.0,0.11,avoid:white,1
1786510713.2694695,10.987356364542329,0.78,167.0,0.0,1.0,0.11,avoid:white,1
1786510713.3605156,11.09431530110373,0.78,166.5,0.0,1.0,0.11,avoid:white,1
1786510713.4484096,11.077651189386614,0.78,167.5,0.0,1.0,0.11,avoid:white,1
1786510713.5348053,11.126843485234192,0.78,166.5,0.0,1.0,0.11,avoid:white,1
1786510713.6257215,11.21949877843703,0.78,166.5,0.0,1.0,0.11,avoid:white,1
1786510713.7173114,11.117273716408462,0.78,167.5,0.0,1.0,0.11,avoid:white,1
1786510713.8041155,11.14036426666469,0.78,166.5,0.0,1.0,0.11,avoid:white,1
1786510713.8925455,11.21383768072741,0.78,167.0,0.0,1.0,0.11,avoid:white,1
1786510713.9841945,11.231164644776257,0.78,166.5,0.0,1.0,0.11,avoid:white,1
1786510714.0738819,11.168277143804703,0.78,166.5,0.6546875,1.0,0.11,avoid:white,1
1786510714.1655483,11.124014694997514,0.78,166.5,0.0,1.0,0.11,avoid:white,1
1786510714.2631598,11.120606829423785,0.0,209.32316789966038,0.0,1.0,0.11,avoid:white,1
1786510714.3491044,10.954651753868223,0.0,212.779171828043,0.0,1.0,0.11,avoid:white,1
1786510714.4189286,11.091606050819134,0.0,163.45339160972645,0.0,1.0,0.11,avoid:white,1
1786510714.5120595,11.736873472180708,0.0,26.133420106109725,0.0,1.0,0.11,avoid:white,1
1786510714.6057038,11.501174806774962,0.0,25.876364613171773,0.556122448979592,1.0,0.11,avoid:white,1
1786510714.6959343,11.358971628067746,0.0,24.697261133264988,0.0,1.0,0.11,avoid:white,1
1786510714.7674074,11.315417133926914,0.0,166.642786283359,0.729623724489796,1.0,0.11,avoid:white,1
1786510714.8499427,11.83858618140111,0.0,167.18321501901443,0.0,1.0,0.11,avoid:white,1
1786510714.930484,11.895335889687669,0.0,172.50145914019376,0.0,1.0,0.11,avoid:white,1
1786510715.0056412,11.9993980516659,0.0,0.0,0.0,1.0,0.11,avoid:white,1
1786510715.087749,12.277426573589217,0.0,168.39421581442747,0.0,1.0,0.11,avoid:white,1
1786510715.1725857,12.24038586523778,0.0,169.38540575222055,0.0,1.0,0.11,avoid:white,1
1786510715.2434661,12.1425841585758,0.0,0.0,0.0,1.0,0.11,avoid:white,1
1786510715.320343,12.54259453988856,0.0,170.9904063566317,0.0,1.0,0.11,avoid:white,1
1786510715.408685,12.6490714115065,0.0,170.39249872012664,0.0,1.0,0.11,avoid:white,1
1786510715.4985032,12.376251127603684,0.0,21.771862334903858,0.0,1.0,0.11,avoid:white,1
1786510715.597191,12.131369744755931,0.0,21.38599118754196,0.0,1.0,0.11,avoid:white,1
1786510715.6798475,11.730013993669619,0.0,172.84733678086656,0.0,1.0,0.11,avoid:white,1
1786510715.7602217,11.809113575175717,0.0,171.59019138755968,0.0,1.0,0.11,avoid:white,1
1786510715.8437994,11.942971118382971,0.0,171.97662775657204,0.0,1.0,0.11,avoid:white,1
1786510715.9358184,11.93985575018096,0.0,169.96623345208246,0.7118303571428571,1.0,0.11,avoid:white,1
1786510716.0201552,11.698608337459211,0.0,22.683269801210784,0.0,1.0,0.11,avoid:white,1
1786510716.1024883,11.75741972714861,0.0,167.48319418177638,0.7122448979591837,1.0,0.11,avoid:white,1
1786510716.1822486,11.838566151375089,0.0,167.40132960861393,0.7122448979591837,1.0,0.11,avoid:white,1
1786510716.2608478,11.940654319801393,0.0,167.86890984496875,0.7118622448979592,1.0,0.11,avoid:white,1
1786510716.3419006,12.140876565688846,0.0,169.41069291738577,0.7120535714285715,1.0,0.11,avoid:white,1
1786510716.4174328,12.184925993010427,0.0,168.59071428571437,0.7120535714285715,1.0,0.11,avoid:white,1
1786510716.4993541,12.349854637351573,0.0,23.1829932286364,0.0,1.0,0.11,avoid:white,1
1786510716.5782447,12.29414991793066,0.0,167.8670377956916,0.7122767857142858,1.0,0.11,avoid:white,1
1786510716.6610086,12.418729276960699,0.0,19.538024750501876,0.0,1.0,0.11,avoid:white,1
1786510716.7493598,12.378468095089227,0.0,217.76346273840696,0.0,1.0,0.11,avoid:white,1
1786510716.8294456,12.154617161763007,0.0,196.75666429177107,0.0,1.0,0.11,avoid:white,1
1786510716.9098423,12.185293814257015,0.0,190.99171110388357,0.0,1.0,0.11,avoid:white,1
1786510717.0038192,12.262679244655502,0.0,190.70349435434971,0.0,1.0,0.11,avoid:white,1
1786510717.088332,11.948031102589871,0.0,190.67679009748227,0.0,1.0,0.11,avoid:white,1
1786510717.1680162,11.920298442054172,0.0,191.34434019001662,0.0,1.0,0.11,avoid:white,1
1786510717.2565129,12.061309677838095,0.0,190.56072661837828,0.0,1.0,0.11,avoid:white,1
1786510717.336524,11.905261962586911,0.0,188.82309164923703,0.0,1.0,0.11,avoid:white,1
1786510717.4099522,12.0294736309141,0.6068548387096775,142.16013794918535,0.0,1.0,0.11,avoid:white,1
1786510717.4839485,12.33758073055274,0.0,223.0,0.0,1.0,0.11,avoid:white,1
1786510717.5559826,12.573654247233803,0.46391129032258066,91.5,0.6479591836734694,1.0,0.11,avoid:white,1
1786510717.6255853,12.836206240603051,0.46391129032258066,91.5,0.6477040816326531,1.0,0.11,avoid:white,1
1786510717.6978648,13.146909509258258,0.46391129032258066,91.5,0.6517857142857143,1.0,0.11,avoid:white,1
1786510717.7706864,13.21749968970014,0.46391129032258066,91.5,0.6479591836734694,1.0,0.11,avoid:white,1
1786510717.8456457,13.351328798031684,0.46391129032258066,91.5,0.6479591836734694,1.0,0.11,avoid:white,1
1786510717.9323933,13.371600765659345,0.45919354838709675,91.5,0.6475446428571429,1.0,0.11,avoid:white,0
1786510718.0062428,12.997634243591294,0.46391129032258066,92.0,0.6478635204081633,1.0,0.11,avoid:white,0
1786510718.0815322,13.060892253773138,0.46391129032258066,91.5,0.6515306122448979,1.0,0.11,avoid:white,0
1786510718.155295,13.164034085365723,0.46391129032258066,92.0,0.6522321428571429,1.0,0.11,avoid:white,0
1786510718.2261412,13.243674327082338,0.45919354838709675,92.0,0.0,1.0,0.11,avoid:white,0
1786510718.301315,13.402186589082888,0.45919354838709675,91.5,0.6475446428571429,1.0,0.11,avoid:white,0
1786510718.386498,13.388113785507016,0.0,223.0,0.0,1.0,0.11,avoid:white,0
1786510718.4602752,13.046220216493975,0.45919354838709675,91.5,0.0,1.0,0.11,avoid:white,0
1786510718.5325968,13.163656863733364,0.46391129032258066,92.0,0.6475446428571429,1.0,0.11,avoid:white,0
1786510718.6138403,13.30002698152025,0.45919354838709675,91.5,0.6481505102040817,1.0,0.11,avoid:white,0
1786510718.687879,13.07893571868842,0.46391129032258066,91.5,0.0,1.0,0.11,avoid:white,0
1786510718.7642255,13.203059114679203,0.45919354838709675,92.0,0.6477040816326531,1.0,0.11,avoid:white,0
1786510718.841287,13.168003384767019,0.45919354838709675,92.0,0.0,1.0,0.11,avoid:white,0
1786510718.9122965,13.148428301350863,0.45919354838709675,92.0,0.0,1.0,0.11,avoid:white,0
1786510718.984067,13.335629488998675,0.4544758064516129,91.5,0.0,1.0,0.11,avoid:white,0
1786510719.0603912,13.45250973204456,0.46391129032258066,91.5,0.0,1.0,0.11,avoid:white,0
1786510719.131472,13.36998825020192,0.45919354838709675,92.0,0.6475446428571429,1.0,0.11,avoid:white,0
1786510719.2018745,13.526369195141672,0.46391129032258066,91.5,0.0,1.0,0.11,avoid:white,0
1786510719.2747304,13.644049775233661,0.45919354838709675,91.5,0.0,1.0,0.11,avoid:white,0
1786510719.3450348,13.661234087321215,0.45919354838709675,91.5,0.0,1.0,0.11,avoid:white,0
1786510719.4173126,13.776213887489048,0.45919354838709675,91.5,0.6477040816326531,1.0,0.11,avoid:white,0
1786510719.4924247,13.802359825668345,0.46391129032258066,91.5,0.6479591836734694,1.0,0.11,avoid:white,0
1786510719.562321,13.66715276945015,0.46391129032258066,91.5,0.6517857142857143,1.0,0.11,avoid:white,0
1786510719.6353486,13.806675591807464,0.45919354838709675,91.5,0.0,1.0,0.11,avoid:white,0
1786510719.710134,13.813541659209884,0.46391129032258066,91.5,0.0,1.0,0.11,avoid:white,0
1786510719.7883954,13.720718380287531,0.45919354838709675,91.5,0.6479591836734694,1.0,0.11,avoid:white,0
1786510719.8662152,13.473665281568406,0.45919354838709675,91.5,0.0,1.0,0.11,avoid:white,0
1786510719.9428003,13.402367718186845,0.45919354838709675,91.5,0.0,1.0,0.11,avoid:white,0
1786510720.019589,13.2728007680227,0.45919354838709675,91.5,0.0,1.0,0.11,avoid:white,0
1786510720.0938964,13.245759975223631,0.45919354838709675,92.0,0.6478635204081633,1.0,0.11,avoid:white,0
1786510720.1692364,13.334201834486564,0.46391129032258066,91.5,0.6478635204081633,1.0,0.11,avoid:white,0
1786510720.2410262,13.331774112208254,0.45919354838709675,91.5,0.6475446428571429,1.0,0.11,avoid:white,0
1786510720.3136199,13.367163749431112,0.45919354838709675,91.5,0.0,1.0,0.11,avoid:white,0
1786510720.386965,13.490513692601345,0.46391129032258066,91.5,0.0,1.0,0.11,avoid:white,0
1786510720.458945,13.56116106829581,0.46391129032258066,91.5,0.0,1.0,0.11,avoid:white,0
1786510720.5311527,13.618869278331042,0.46391129032258066,91.5,0.6475446428571429,1.0,0.11,avoid:white,0
1786510720.6063786,13.667793963304092,0.45919354838709675,91.5,0.0,1.0,0.11,avoid:white,0
1786510720.6801903,13.597779204829108,0.46391129032258066,91.5,0.6477040816326531,1.0,0.11,avoid:white,0
1786510720.7499344,13.579905086442487,0.45919354838709675,91.5,0.6477040816326531,1.0,0.11,avoid:white,0
1786510720.827301,13.649929928285065,0.46391129032258066,91.5,0.0,1.0,0.11,avoid:white,0
1786510720.9046044,13.54671199886362,0.45919354838709675,91.5,0.6477040816326531,1.0,0.11,avoid:white,0
1786510720.9757943,13.420061318626502,0.45919354838709675,91.5,0.0,1.0,0.11,avoid:white,0
1786510721.0520508,13.582566513008764,0.45919354838709675,91.5,0.6473852040816327,1.0,0.11,avoid:white,0
1786510721.1293242,13.485435349495917,0.0,198.64746405890494,0.0,1.0,0.11,avoid:white,0
1786510721.2076967,13.389557121177491,0.45919354838709675,91.5,0.6479591836734694,1.0,0.11,avoid:white,0
1786510721.2772748,13.256225203147267,0.45919354838709675,91.5,0.0,1.0,0.11,avoid:white,0
1786510721.3458338,13.480536728277222,0.45919354838709675,91.5,0.0,1.0,0.11,avoid:white,0
1786510721.4271774,13.64399187899993,0.45919354838709675,91.5,0.6479591836734694,1.0,0.11,avoid:white,0
1786510721.5034254,13.42091695140885,0.45919354838709675,91.5,0.0,1.0,0.11,avoid:white,0
1786510721.575478,13.359323340487387,0.46391129032258066,91.5,0.6478635204081633,1.0,0.11,avoid:white,0
1786510721.6473014,13.462256971948609,0.46391129032258066,91.5,0.6477040816326531,1.0,0.11,avoid:white,0
1786510721.72378,13.55752859592835,0.45919354838709675,91.5,0.6479591836734694,1.0,0.11,avoid:white,0
1786510721.7962792,13.453075530318085,0.45919354838709675,91.5,0.6481505102040817,1.0,0.11,avoid:white,0
1786510721.86722,13.530420171917529,0.45919354838709675,91.5,0.0,1.0,0.11,avoid:white,0
1786510721.943181,13.621783075575689,0.45919354838709675,91.5,0.6478635204081633,1.0,0.11,avoid:white,0
1786510722.0155246,13.54805807813973,0.46391129032258066,91.5,0.6475446428571429,1.0,0.11,avoid:white,0
1786510722.088602,13.598202230198893,0.45919354838709675,91.5,0.0,1.0,0.11,avoid:white,0
1786510722.160943,13.56973118943822,0.0,203.59576498063285,0.0,1.0,0.11,avoid:white,0
1786510722.2327797,13.658599964405752,0.45919354838709675,91.0,0.6517857142857143,1.0,0.11,avoid:white,0
1786510722.3050878,13.69310694596058,0.45919354838709675,91.5,0.0,1.0,0.11,avoid:white,0
1786510722.379598,13.735964904073274,0.45919354838709675,91.0,0.6513392857142858,1.0,0.11,avoid:white,0
1786510722.4536934,13.670469001476183,0.45919354838709675,91.5,0.6477040816326531,1.0,0.11,avoid:white,0
1786510722.5330632,13.61518003257013,0.46391129032258066,91.5,0.652295918367347,1.0,0.11,avoid:white,0
1786510722.6108289,13.431357609263554,0.45919354838709675,91.5,0.6513392857142858,1.0,0.11,avoid:white,0
1786510722.6832876,13.326822773663753,0.46391129032258066,91.5,0.6520089285714286,1.0,0.11,avoid:white,0
1786510722.7591915,13.413161051759538,0.46391129032258066,91.5,0.6475446428571429,1.0,0.11,avoid:white,0
1786510722.8373165,13.37882600089242,0.45919354838709675,91.5,0.6477040816326531,1.0,0.11,avoid:white,0
1786510722.9081924,13.243245248585065,0.45919354838709675,91.0,0.6479591836734694,1.0,0.11,avoid:white,0
1786510722.9799483,13.44376216465705,0.46391129032258066,91.0,0.6477040816326531,1.0,0.11,avoid:white,0
1786510723.0585444,13.526221546487545,0.45919354838709675,91.5,0.6517857142857143,1.0,0.11,avoid:white,0
1786510723.1355343,13.377345313039147,0.45919354838709675,91.5,0.6517857142857143,1.0,0.11,avoid:white,0
1786510723.207241,13.300409479771886,0.45919354838709675,91.5,0.0,1.0,0.11,avoid:white,0
1786510723.2809992,13.428002031769115,0.45919354838709675,91.5,0.6479591836734694,1.0,0.11,avoid:white,0
1786510723.3528895,13.443188375409846,0.46391129032258066,91.5,0.6477040816326531,1.0,0.11,avoid:white,0
1786510723.424418,13.54916365348856,0.46391129032258066,91.5,0.6471938775510204,1.0,0.11,avoid:white,0
1786510723.4961956,13.614698794673986,0.46391129032258066,91.5,0.6475446428571429,1.0,0.11,avoid:white,0
1786510723.5683293,13.700552367722448,0.45919354838709675,91.5,0.6517857142857143,1.0,0.11,avoid:white,0
1786510723.6386943,13.728216090311504,0.45919354838709675,91.5,0.0,1.0,0.11,avoid:white,0
1786510723.7178252,13.8093489660623,0.45919354838709675,91.5,0.6515306122448979,1.0,0.11,avoid:white,0
1786510723.7927268,13.573865796884503,0.46391129032258066,91.5,0.6477040816326531,1.0,0.11,avoid:white,0
1786510723.8660178,13.469287324485899,0.45919354838709675,91.5,0.6475446428571429,1.0,0.11,avoid:white,0
1786510723.9481845,13.492838849255959,0.45919354838709675,91.5,0.0,1.0,0.11,avoid:white,0
1786510724.0242548,13.265650925274956,0.46391129032258066,91.5,0.6517857142857143,1.0,0.11,avoid:white,0
1786510724.096049,13.276994367459277,0.45919354838709675,91.5,0.6475446428571429,1.0,0.11,avoid:white,0
1786510724.1777952,13.400745708757315,0.46391129032258066,91.5,0.6479591836734694,1.0,0.11,avoid:white,0
1786510724.250359,13.180561347448963,0.46391129032258066,91.5,0.6475446428571429,1.0,0.11,avoid:white,0
1786510724.3260953,13.183870301443388,0.46862903225806457,91.5,0.6477678571428572,1.0,0.11,avoid:white,0
1786510724.4033346,13.26321550861728,0.46391129032258066,91.5,0.6475446428571429,1.0,0.11,avoid:white,0
1786510724.475992,13.23680327698725,0.45919354838709675,91.5,0.6473852040816327,1.0,0.11,avoid:white,0
1786510724.552015,13.28688836704884,0.45919354838709675,91.5,0.6477678571428572,1.0,0.11,avoid:white,0
1786510724.6246328,13.256248218135028,0.46391129032258066,91.5,0.6513392857142858,1.0,0.11,avoid:white,0
1786510724.6945114,13.4082964862973,0.0,223.0,0.6475446428571429,1.0,0.11,avoid:white,0
1786510724.7698734,13.580775576252329,0.45919354838709675,91.5,0.0,1.0,0.11,avoid:white,0
1786510724.8448586,13.539914737680835,0.45919354838709675,91.5,0.0,1.0,0.11,avoid:white,0
1786510724.922095,13.47946389507948,0.46862903225806457,91.5,0.6515306122448979,1.0,0.11,avoid:white,0
1786510724.9922647,13.377589429169296,0.46391129032258066,91.5,0.6520089285714286,1.0,0.11,avoid:white,0
1786510725.0686114,13.518650512985111,0.45919354838709675,91.5,0.6479591836734694,1.0,0.11,avoid:white,0
1786510725.1394386,13.473903254800321,0.45919354838709675,91.5,0.6475446428571429,1.0,0.11,avoid:white,0
1786510725.2115047,13.5482860142274,0.45919354838709675,91.5,0.6478635204081633,1.0,0.11,avoid:white,0
1786510725.2933273,13.642938081269847,0.45919354838709675,91.5,0.6479591836734694,1.0,0.11,avoid:white,0
1786510725.3677855,13.37285838057832,0.45919354838709675,91.5,0.6473852040816327,1.0,0.11,avoid:white,0
1786510725.4391997,13.393473768783384,0.46391129032258066,91.5,0.6480229591836735,1.0,0.11,avoid:white,0
1786510725.5140328,13.490062622291227,0.45919354838709675,91.5,0.6481505102040817,1.0,0.11,avoid:white,0
1786510725.5888827,13.48969293393593,0.46391129032258066,91.5,0.6517857142857143,1.0,0.11,avoid:white,0
1786510725.6578357,13.463701565296388,0.45919354838709675,91.5,0.0,1.0,0.11,avoid:white,0
1786510725.736701,13.671989749510454,0.45919354838709675,91.5,0.6520089285714286,1.0,0.11,avoid:white,0
1786510725.8086333,13.45432340886572,0.45919354838709675,91.5,0.6477040816326531,1.0,0.11,avoid:white,0
1786510725.880235,13.566699351737666,0.45919354838709675,91.0,0.6478635204081633,1.0,0.11,avoid:white,0
1786510725.9565542,13.645968495354591,0.45919354838709675,91.5,0.6479591836734694,1.0,0.11,avoid:white,0
1786510726.0270956,13.521387129752792,0.45919354838709675,91.5,0.0,1.0,0.11,avoid:white,0
1786510726.0961497,13.661484892131996,0.45919354838709675,91.5,0.6477040816326531,1.0,0.11,avoid:white,0
1786510726.1739938,13.836253940308808,0.46862903225806457,91.5,0.6473852040816327,1.0,0.11,avoid:white,0
1786510726.2455497,13.635549529175577,0.46391129032258066,91.5,0.0,1.0,0.11,avoid:white,0
1786510726.320422,13.687101131241542,0.0,223.0,0.6481505102040817,1.0,0.11,avoid:white,0
1786510726.3953075,13.634676316941713,0.46391129032258066,91.5,0.0,1.0,0.11,avoid:white,0
1786510726.4675303,13.57704331809881,0.46391129032258066,91.5,0.6481505102040817,1.0,0.11,avoid:white,0
1786510726.539284,13.630075366098827,0.45919354838709675,91.5,0.0,1.0,0.11,avoid:white,0
1786510726.6209142,13.681391344673136,0.46391129032258066,91.5,0.6522321428571429,1.0,0.11,avoid:white,0
1786510726.697294,13.403277906479053,0.46391129032258066,92.0,0.0,1.0,0.11,avoid:white,0
1786510726.7744148,13.249886897667718,0.46391129032258066,91.5,0.0,1.0,0.11,avoid:white,0
1786510726.848418,13.289327911374428,0.46391129032258066,91.5,0.6478635204081633,1.0,0.11,avoid:white,0
1786510726.9211373,13.337023530328954,0.46391129032258066,91.5,0.6477040816326531,1.0,0.11,avoid:white,0
1786510726.9919515,13.410131604074651,0.46391129032258066,91.5,0.6477040816326531,1.0,0.11,avoid:white,0
1786510727.0655756,13.507991875276378,0.46391129032258066,91.5,0.0,1.0,0.11,avoid:white,0
1786510727.1384702,13.576929481746703,0.45919354838709675,92.0,0.6477040816326531,1.0,0.11,avoid:white,0
1786510727.2074158,13.603177564702177,0.46391129032258066,92.0,0.0,1.0,0.11,avoid:white,0
1786510727.28542,13.771072798149444,0.0,203.10986272499372,0.0,1.0,0.11,avoid:white,0
1786510727.3623652,13.573554839237696,0.45919354838709675,92.0,0.6479591836734694,1.0,0.11,avoid:white,0
1786510727.4370062,13.412525841558123,0.45919354838709675,91.5,0.0,1.0,0.11,avoid:white,0
1786510727.5146549,13.464327903026078,0.4544758064516129,92.0,0.6479591836734694,1.0,0.11,avoid:white,0
1786510727.5885286,13.263909242430431,0.46391129032258066,91.5,0.0,1.0,0.11,avoid:white,0
1786510727.6577938,13.416817698620331,0.45919354838709675,91.5,0.6475446428571429,1.0,0.11,avoid:white,0
1786510727.7337182,13.62025639334683,0.46391129032258066,91.5,0.6477040816326531,1.0,0.11,avoid:white,0
1786510727.806983,13.546090411079625,0.45919354838709675,91.5,0.0,1.0,0.11,avoid:white,0
1786510727.8807611,13.49111145863385,0.45919354838709675,91.5,0.6477040816326531,1.0,0.11,avoid:white,0
1786510727.9579875,13.585327595488588,0.45919354838709675,91.5,0.6479591836734694,1.0,0.11,avoid:white,0
1786510728.03125,13.45533171607205,0.46391129032258066,91.5,0.6475446428571429,1.0,0.11,avoid:white,0
1786510728.1111383,13.46581787132271,0.46391129032258066,91.5,0.6478635204081633,1.0,0.11,avoid:white,0
1786510728.1877398,13.284126797629295,0.45919354838709675,91.5,0.647576530612245,1.0,0.11,avoid:white,0
1786510728.2578003,13.232947691141907,0.46391129032258066,91.5,0.6478635204081633,1.0,0.11,avoid:white,0
1786510728.3356762,13.423835186358263,0.45919354838709675,91.5,0.6475446428571429,1.0,0.11,avoid:white,0
1786510728.4130287,13.34131352513485,0.46391129032258066,92.0,0.0,1.0,0.11,avoid:white,0
1786510728.487514,13.239137528518693,0.46391129032258066,91.5,0.6477040816326531,1.0,0.11,avoid:white,0
1786510728.5602849,13.264228110306977,0.45919354838709675,91.5,0.6475446428571429,1.0,0.11,avoid:white,0
1786510728.6363819,13.390229002669832,0.45919354838709675,91.5,0.6477040816326531,1.0,0.11,avoid:white,0
1786510728.7096303,13.340240241846038,0.46391129032258066,92.0,0.6478635204081633,1.0,0.11,avoid:white,0
1786510728.7785933,13.412376432237384,0.45919354838709675,91.5,0.6520089285714286,1.0,0.11,avoid:white,0
1786510728.8558822,13.570928155460413,0.45919354838709675,91.5,0.6479591836734694,1.0,0.11,avoid:white,0
1786510728.924527,13.48953674876747,0.46391129032258066,91.5,0.0,1.0,0.11,avoid:white,0
1786510728.993031,13.674500147862439,0.46391129032258066,91.5,0.6517857142857143,1.0,0.11,avoid:white,0
1786510729.065155,13.874928292827951,0.45919354838709675,92.0,0.6481505102040817,1.0,0.11,avoid:white,0
1786510729.1348157,13.88706066392517,0.46391129032258066,91.5,0.6477040816326531,1.0,0.11,avoid:white,0
1786510729.2044628,13.96805946103039,0.46391129032258066,91.5,0.6477040816326531,1.0,0.11,avoid:white,0
1786510729.277858,14.062689404903052,0.45919354838709675,92.0,0.6477040816326531,1.0,0.11,avoid:white,0
1786510729.3498049,13.95857327876234,0.45919354838709675,91.5,0.6478635204081633,1.0,0.11,avoid:white,0
1786510729.4242008,13.92878795161411,0.45919354838709675,91.5,0.6479591836734694,1.0,0.11,avoid:white,0
1786510729.507695,13.793947434783561,0.46391129032258066,92.0,0.6481505102040817,1.0,0.11,avoid:white,0
1786510729.5801294,13.486078809040139,0.45919354838709675,91.5,0.0,1.0,0.11,avoid:white,0
1786510729.6539795,13.551754175733814,0.45919354838709675,92.0,0.0,1.0,0.11,avoid:white,0
1786510729.730168,13.520694146784205,0.46391129032258066,91.5,0.0,1.0,0.11,avoid:white,0
1786510729.808563,13.411837703946087,0.45919354838709675,91.5,0.6477040816326531,1.0,0.11,avoid:white,0
1786510729.8833807,13.328582064811801,0.46391129032258066,92.0,0.6477040816326531,1.0,0.11,avoid:white,0
1786510729.9575555,13.28685687973797,0.46391129032258066,91.5,0.6477678571428572,1.0,0.11,avoid:white,0
1786510730.0285354,13.372788234254152,0.45919354838709675,91.5,0.6475446428571429,1.0,0.11,avoid:white,0
1786510730.104984,13.382463986917173,0.45919354838709675,92.0,0.0,1.0,0.11,avoid:white,0
1786510730.182677,13.40730701631853,0.46391129032258066,91.5,0.6477040816326531,1.0,0.11,avoid:white,0
1786510730.2541518,13.338156942623025,0.45919354838709675,91.5,0.0,1.0,0.11,avoid:white,0
1786510730.323302,13.451662404404125,0.45919354838709675,91.5,0.0,1.0,0.11,avoid:white,0
1786510730.395741,13.651930741845533,0.45919354838709675,92.0,0.6477040816326531,1.0,0.11,avoid:white,0
1786510730.4658258,13.684149531023582,0.46391129032258066,91.5,0.6477040816326531,1.0,0.11,avoid:white,0
1786510730.5371547,13.807887603472437,0.46391129032258066,91.5,0.6477040816326531,1.0,0.11,avoid:white,0
1786510730.612928,13.877239544142075,0.45919354838709675,91.5,0.6477040816326531,1.0,0.11,avoid:white,0
1786510730.683636,13.699976725086092,0.45919354838709675,92.0,0.6481505102040817,1.0,0.11,avoid:white,0
1786510730.7560067,13.829984392715852,0.45919354838709675,91.5,0.6475446428571429,1.0,0.11,avoid:white,0
1786510730.8316157,13.831510389688939,0.45919354838709675,92.0,0.6473852040816327,1.0,0.11,avoid:white,0
1786510730.911056,13.637410873627204,0.46391129032258066,91.0,0.6478635204081633,1.0,0.11,avoid:white,0
1786510730.9848053,13.49728599918899,0.46391129032258066,91.5,0.6478635204081633,1.0,0.11,avoid:white,0
1786510731.0610938,13.458038463242746,0.46391129032258066,91.5,0.0,1.0,0.11,avoid:white,0
1786510731.1394935,13.418796201154969,0.46391129032258066,91.5,0.0,1.0,0.11,avoid:white,0
1786510731.2131863,13.281261568020838,0.46391129032258066,91.5,0.0,1.0,0.11,avoid:white,0
1786510731.2876997,13.340997876118223,0.45919354838709675,91.5,0.0,1.0,0.11,avoid:white,0
1786510731.3578591,13.367614623630345,0.46391129032258066,92.0,0.6520089285714286,1.0,0.11,avoid:white,0
1786510731.4294527,13.544833500404216,0.45919354838709675,91.5,0.6479591836734694,1.0,0.11,avoid:white,0
1786510731.506642,13.574952557046766,0.46391129032258066,92.0,0.6475446428571429,1.0,0.11,avoid:white,0
1786510731.5808814,13.478065476849931,0.45919354838709675,92.0,0.6473852040816327,1.0,0.11,avoid:white,0
1786510731.6534584,13.48912731251566,0.46391129032258066,91.5,0.6477040816326531,1.0,0.11,avoid:white,0
1786510731.7309482,13.574250772068208,0.45919354838709675,92.0,0.6477040816326531,1.0,0.11,avoid:white,0
1786510731.8023643,13.431863388940927,0.46391129032258066,92.0,0.0,1.0,0.11,avoid:white,0
1786510731.8725681,13.539109471311965,0.45919354838709675,91.5,0.0,1.0,0.11,avoid:white,0
1786510731.9448025,13.697308425086636,0.45919354838709675,92.0,0.6479591836734694,1.0,0.11,avoid:white,0
1786510732.0174925,13.708173884602093,0.45919354838709675,91.5,0.6477040816326531,1.0,0.11,avoid:white,0
1786510732.091513,13.690710897830163,0.0,223.0,0.6477678571428572,1.0,0.11,avoid:white,0
1786510732.1688125,13.697244034410753,0.46391129032258066,91.5,0.6477040816326531,1.0,0.11,avoid:white,0
1786510732.244169,13.51488170365578,0.46391129032258066,91.5,0.0,1.0,0.11,avoid:white,0
1786510732.3182287,13.443533930352089,0.45919354838709675,91.5,0.0,1.0,0.11,avoid:white,0
1786510732.392894,13.505607465013817,0.46391129032258066,91.5,0.0,1.0,0.11,avoid:white,0
1786510732.4679365,13.47213970612863,0.46391129032258066,91.5,0.6517857142857143,1.0,0.11,avoid:white,0
1786510732.5413678,13.390465648637054,0.45919354838709675,92.0,0.0,1.0,0.11,avoid:white,0
1786510732.6202266,13.498081248142345,0.46391129032258066,91.5,0.6477040816326531,1.0,0.11,avoid:white,0
1786510732.6915343,13.333052743254658,0.45919354838709675,91.5,0.6477040816326531,1.0,0.11,avoid:white,0
1786510732.7635868,13.386586573327191,0.45919354838709675,92.0,0.0,1.0,0.11,avoid:white,0
1786510732.8449864,13.551454951196215,0.46391129032258066,91.5,0.0,1.0,0.11,avoid:white,0
1786510732.9176638,13.324452268745777,0.46391129032258066,91.5,0.6477040816326531,1.0,0.11,avoid:white,0
1786510732.9909873,13.415963734186468,0.46391129032258066,91.5,0.6475446428571429,1.0,0.11,avoid:white,0
1786510733.0675466,13.400446960319883,0.45919354838709675,92.0,0.0,1.0,0.11,avoid:white,0
1786510733.1375458,13.351266741534804,0.46391129032258066,91.5,0.6522321428571429,1.0,0.11,avoid:white,0
1786510733.2090073,13.546166071210568,0.45919354838709675,91.5,0.0,1.0,0.11,avoid:white,0
1786510733.2875705,13.646167981466185,0.45919354838709675,91.5,0.0,1.0,0.11,avoid:white,0
1786510733.356636,13.480162264193478,0.45919354838709675,91.5,0.0,1.0,0.11,avoid:white,0
1786510733.4319756,13.665146916409494,0.0,223.0,0.6475446428571429,1.0,0.11,avoid:white,0
1786510733.5067217,13.593424186262434,0.45919354838709675,91.5,0.6473852040816327,1.0,0.11,avoid:white,0
1786510733.583638,13.397464594095123,0.45919354838709675,91.5,0.6478635204081633,1.0,0.11,avoid:white,0
1786510733.6614628,13.482076004784767,0.46391129032258066,91.5,0.0,1.0,0.11,avoid:white,0
1786510733.738672,13.363067013565077,0.46391129032258066,92.0,0.0,1.0,0.11,avoid:white,0
1786510733.8130288,13.233161149151925,0.46391129032258066,91.5,0.6475446428571429,1.0,0.11,avoid:white,0
1786510733.8875532,13.271422937686456,0.45919354838709675,91.5,0.6522321428571429,1.0,0.11,avoid:white,0
1786510733.9653785,13.351581882138264,0.46391129032258066,91.5,0.6479591836734694,1.0,0.11,avoid:white,0
1786510734.039516,13.247019593095322,0.46391129032258066,92.0,0.6481505102040817,1.0,0.11,avoid:white,0
1786510734.1146603,13.25612172009727,0.45919354838709675,91.5,0.0,1.0,0.11,avoid:white,0
1786510734.1969013,13.271654463576182,0.46391129032258066,91.5,0.6520089285714286,1.0,0.11,avoid:white,0
1786510734.2687566,13.073026556736915,0.45919354838709675,92.0,0.0,1.0,0.11,avoid:white,0
1786510734.341365,13.249106251386625,0.0,223.0,0.0,1.0,0.11,avoid:white,0
1786510734.420145,13.2480151032273,0.46391129032258066,92.0,0.0,1.0,0.11,avoid:white,0
1786510734.493037,13.23854105288488,0.0,223.0,0.0,1.0,0.11,avoid:white,0
1786510734.5660794,13.255226993915338,0.45919354838709675,92.0,0.6478635204081633,1.0,0.11,avoid:white,0
1786510734.641501,13.433421558141717,0.45919354838709675,91.5,0.6475446428571429,1.0,0.11,avoid:white,0
1786510734.711428,13.352873378409706,0.46391129032258066,92.0,0.0,1.0,0.11,avoid:white,0
1786510734.7815309,13.596696486430929,0.46391129032258066,91.5,0.6517857142857143,1.0,0.11,avoid:white,0
1786510734.8526356,13.731240992517057,0.45919354838709675,91.5,0.6479591836734694,1.0,0.11,avoid:white,0
1786510734.9268227,13.776653695316082,0.46391129032258066,91.5,0.6479591836734694,1.0,0.11,avoid:white,0
1786510735.002443,13.65557830706167,0.46391129032258066,91.5,0.6481505102040817,1.0,0.11,avoid:white,0
1786510735.0834017,13.649765474483818,0.45919354838709675,91.5,0.6479591836734694,1.0,0.11,avoid:white,0
1786510735.1586359,13.344187483267522,0.46391129032258066,91.5,0.6477040816326531,1.0,0.11,avoid:white,0
1786510735.2297957,13.38531807714807,0.46391129032258066,91.5,0.6478635204081633,1.0,0.11,avoid:white,0
1786510735.310437,13.504432332622784,0.45919354838709675,91.5,0.6481505102040817,1.0,0.11,avoid:white,0
1786510735.3837824,13.300487050727085,0.45919354838709675,91.5,0.0,1.0,0.11,avoid:white,0
1786510735.4562802,13.359813566524277,0.45919354838709675,91.5,0.0,1.0,0.11,avoid:white,0
1786510735.5334682,13.392482104196127,0.46391129032258066,91.5,0.0,1.0,0.11,avoid:white,0
1786510735.606337,13.337390687544097,0.45919354838709675,91.5,0.0,1.0,0.11,avoid:white,0
1786510735.6832151,13.357527635403223,0.46391129032258066,91.5,0.6515306122448979,1.0,0.11,avoid:white,0
1786510735.7565444,13.364628861014856,0.46391129032258066,91.5,0.6475446428571429,1.0,0.11,avoid:white,0
1786510735.8302853,13.366300435864588,0.45919354838709675,91.5,0.0,1.0,0.11,avoid:white,0
1786510735.9039705,13.435545661042244,0.45919354838709675,91.5,0.6477040816326531,1.0,0.11,avoid:white,0
1786510735.9811573,13.473557550090812,0.45919354838709675,91.5,0.6517857142857143,1.0,0.11,avoid:white,0
1786510736.0515099,13.3678448482137,0.45919354838709675,91.5,0.6479591836734694,1.0,0.11,avoid:white,0
1786510736.127195,13.511385911873008,0.46391129032258066,91.5,0.6478635204081633,1.0,0.11,avoid:white,0
1786510736.2040105,13.478084487238387,0.45919354838709675,91.5,0.0,1.0,0.11,avoid:white,0
1786510736.2806132,13.360294238576868,0.45919354838709675,91.5,0.6477040816326531,1.0,0.11,avoid:white,0
1786510736.3505952,13.333434888091846,0.45919354838709675,91.5,0.6478635204081633,1.0,0.11,avoid:white,0
1786510736.4353173,13.454796782856628,0.45919354838709675,92.0,0.6520408163265307,1.0,0.11,avoid:white,0
1786510736.5119116,13.160808910345596,0.45919354838709675,91.5,0.6483418367346939,1.0,0.11,avoid:white,0
1786510736.5851614,13.149439789638574,0.45919354838709675,91.5,0.0,1.0,0.11,avoid:white,0
1786510736.6603005,13.246830930902044,0.46391129032258066,91.5,0.6517857142857143,1.0,0.11,avoid:white,0
1786510736.734967,13.21872613134552,0.45919354838709675,92.0,0.6477040816326531,1.0,0.11,avoid:white,0
1786510736.8085594,13.294460666425461,0.45919354838709675,91.5,0.6479591836734694,1.0,0.11,avoid:white,0
1786510736.8827477,13.363892074230177,0.46391129032258066,91.5,0.0,1.0,0.11,avoid:white,0
1786510736.9526699,13.377598705326697,0.45919354838709675,91.5,0.0,1.0,0.11,avoid:white,0
1786510737.0226371,13.57887858221314,0.46391129032258066,91.5,0.6480229591836735,1.0,0.11,avoid:white,0
1786510737.0976477,13.712943373038138,0.45919354838709675,92.0,0.6477040816326531,1.0,0.11,avoid:white,0
1786510737.167361,13.62764103801695,0.45919354838709675,91.5,0.6478635204081633,1.0,0.11,avoid:white,0
1786510737.2359886,13.788233743349592,0.46391129032258066,92.0,0.0,1.0,0.11,avoid:white,0
1786510737.3155465,13.937573795020427,0.46391129032258066,91.5,0.0,1.0,0.11,avoid:white,0
1786510737.3934836,13.652040448918743,0.46391129032258066,91.5,0.0,1.0,0.11,avoid:white,0
1786510737.4645202,13.505139045767358,0.45919354838709675,91.5,0.6473852040816327,1.0,0.11,avoid:white,0
1786510737.5397274,13.592320052089509,0.45919354838709675,91.5,0.6477040816326531,1.0,0.11,avoid:white,0
1786510737.612312,13.5549689378622,0.46391129032258066,91.5,0.6515306122448979,1.0,0.11,avoid:white,0
1786510737.6854978,13.520893844472907,0.45919354838709675,91.5,0.6478635204081633,1.0,0.11,avoid:white,0
1786510737.762107,13.618339973200786,0.45919354838709675,92.0,0.6478635204081633,1.0,0.11,avoid:white,0
1786510737.8379667,13.515969163638426,0.45919354838709675,92.0,0.6479591836734694,1.0,0.11,avoid:white,0
1786510737.9149923,13.448817340202815,0.46391129032258066,91.5,0.0,1.0,0.11,avoid:white,0
1786510737.9915767,13.320944440830976,0.45919354838709675,91.5,0.6477040816326531,1.0,0.11,avoid:white,0
1786510738.0641906,13.284060980333159,0.45919354838709675,91.5,0.6475446428571429,1.0,0.11,avoid:white,0
1786510738.135763,13.382813989200068,0.45919354838709675,91.5,0.0,1.0,0.11,avoid:white,0
1786510738.2099106,13.52188017343997,0.46391129032258066,91.5,0.6481505102040817,1.0,0.11,avoid:white,0
1786510738.279933,13.502856273273588,0.46391129032258066,91.5,0.6478635204081633,1.0,0.11,avoid:white,0
1786510738.3548703,13.611752418054639,0.46391129032258066,92.0,0.6517857142857143,1.0,0.11,avoid:white,0
1786510738.4272647,13.60974673488818,0.45919354838709675,91.5,0.6481505102040817,1.0,0.11,avoid:white,0
1786510738.4980736,13.63704938517402,0.46391129032258066,92.0,0.6477040816326531,1.0,0.11,avoid:white,0
1786510738.5683308,13.702116496940896,0.45919354838709675,91.5,0.6479591836734694,1.0,0.11,avoid:white,0
1786510738.6473982,13.83779039806425,0.46391129032258066,91.5,0.6477040816326531,1.0,0.11,avoid:white,0
1786510738.7182841,13.586266374482179,0.45919354838709675,91.5,0.6478635204081633,1.0,0.11,avoid:white,0
1786510738.7861974,13.717266070943408,0.45919354838709675,91.5,0.6478635204081633,1.0,0.11,avoid:white,0
1786510738.8620608,13.913685104901866,0.45919354838709675,91.5,0.0,1.0,0.11,avoid:white,0
1786510738.9329822,13.776885734168577,0.45919354838709675,91.5,0.0,1.0,0.11,avoid:white,0
1786510739.0053866,13.835231202578676,0.46391129032258066,91.5,0.6478635204081633,1.0,0.11,avoid:white,0
1786510739.0803282,13.844867338630795,0.45919354838709675,91.5,0.6475446428571429,1.0,0.11,avoid:white,0
1786510739.1565945,13.732928291821018,0.46391129032258066,91.5,0.6475446428571429,1.0,0.11,avoid:white,0
1786510739.2368598,13.600738430057701,0.45919354838709675,91.5,0.6475446428571429,1.0,0.11,avoid:white,0
1786510739.3172898,13.367146620213445,0.46391129032258066,91.5,0.0,1.0,0.11,avoid:white,0
1786510739.3928385,13.189738233193886,0.45919354838709675,91.5,0.6479591836734694,1.0,0.11,avoid:white,0
1786510739.463187,13.179982555278437,0.45919354838709675,91.5,0.6522321428571429,1.0,0.11,avoid:white,0
1786510739.5411804,13.398945632189752,0.0,203.1266788058303,0.0,1.0,0.11,avoid:white,0
1786510739.6145802,13.291131654979413,0.46391129032258066,92.0,0.6481505102040817,1.0,0.11,avoid:white,0
1786510739.6905663,13.330497001795251,0.46391129032258066,92.0,0.6477040816326531,1.0,0.11,avoid:white,0
1786510739.7683432,13.339682538003613,0.46391129032258066,91.5,0.6478635204081633,1.0,0.11,avoid:white,0
1786510739.841168,13.226571466538465,0.46391129032258066,91.5,0.6477040816326531,1.0,0.11,avoid:white,0
1786510739.9165864,13.33579055326758,0.46391129032258066,92.0,0.6477040816326531,1.0,0.11,avoid:white,0
1786510739.9935493,13.329629270132184,0.0,223.0,0.6475446428571429,1.0,0.11,avoid:white,0
1786510740.0632408,13.260240591029863,0.45919354838709675,91.5,0.6515625,1.0,0.11,avoid:white,0
1786510740.1348994,13.442843869451643,0.45919354838709675,92.0,0.0,1.0,0.11,avoid:white,0
1786510740.2142634,13.5678224385695,0.46391129032258066,91.5,0.6479591836734694,1.0,0.11,avoid:white,0
1786510740.2871482,13.383913322117902,0.46391129032258066,91.5,0.0,1.0,0.11,avoid:white,0
1786510740.362431,13.435163439700494,0.46391129032258066,91.5,0.6481505102040817,1.0,0.11,avoid:white,0
1786510740.436727,13.409236381795205,0.45919354838709675,91.5,0.6477040816326531,1.0,0.11,avoid:white,0
1786510740.5137432,13.417278483742558,0.45919354838709675,91.5,0.6477678571428572,1.0,0.11,avoid:white,0
1786510740.594443,13.347490783434413,0.46391129032258066,91.5,0.0,1.0,0.11,avoid:white,0
1786510740.672406,13.144692334857341,0.46391129032258066,91.5,0.0,1.0,0.11,avoid:white,0
1786510740.7461894,13.08837864736073,0.0,223.0,0.6517857142857143,1.0,0.11,avoid:white,0
1786510740.817514,13.174469589308003,0.45919354838709675,91.5,0.6477040816326531,1.0,0.11,avoid:white,0
1786510740.898174,13.244803302024351,0.45919354838709675,91.5,0.0,1.0,0.11,avoid:white,0
1786510740.9726617,13.154844491683289,0.46391129032258066,91.5,0.0,1.0,0.11,avoid:white,0
1786510741.044852,13.14507081381467,0.46391129032258066,91.5,0.0,1.0,0.11,avoid:white,0
1786510741.121525,13.35390904437519,0.45919354838709675,91.5,0.6477040816326531,1.0,0.11,avoid:white,0
1786510741.1943417,13.30491659389657,0.46391129032258066,91.5,0.6477040816326531,1.0,0.11,avoid:white,0
1786510741.2642443,13.331160923757471,0.46391129032258066,91.5,0.0,1.0,0.11,avoid:white,0
1786510741.3350165,13.585308796677465,0.46391129032258066,91.5,0.0,1.0,0.11,avoid:white,0
1786510741.4048505,13.69960652379722,0.45919354838709675,92.0,0.6477040816326531,1.0,0.11,avoid:white,0
1786510741.4799194,13.825212034533006,0.45919354838709675,91.5,0.6475446428571429,1.0,0.11,avoid:white,0
1786510741.5556312,13.72405179155352,0.46391129032258066,91.5,0.0,1.0,0.11,avoid:white,0
1786510741.6331968,13.583972119061764,0.45919354838709675,92.0,0.0,1.0,0.11,avoid:white,0
1786510741.7089303,13.471235418721665,0.45919354838709675,91.5,0.6517857142857143,1.0,0.11,avoid:white,0
1786510741.7826161,13.421078560641178,0.46391129032258066,92.0,0.6520089285714286,1.0,0.11,avoid:white,0
1786510741.8564477,13.463977279191273,0.45919354838709675,91.5,0.6479591836734694,1.0,0.11,avoid:white,0
1786510741.928846,13.481127001020244,0.0,198.57471018015892,0.0,1.0,0.11,avoid:white,0
1786510742.0134585,13.54817449862443,0.46391129032258066,91.5,0.0,1.0,0.11,avoid:white,0
1786510742.08541,13.187756768667764,0.46391129032258066,91.5,0.0,1.0,0.11,avoid:white,0
1786510742.1577594,13.280894059927189,0.46391129032258066,92.0,0.0,1.0,0.11,avoid:white,0
1786510742.2312615,13.440705544722572,0.46391129032258066,91.5,0.6520089285714286,1.0,0.11,avoid:white,0
1786510742.304989,13.42523320377735,0.46391129032258066,91.5,0.6477040816326531,1.0,0.11,avoid:white,0
1786510742.3793187,13.466540050648822,0.45919354838709675,91.5,0.6477040816326531,1.0,0.11,avoid:white,0
1786510742.4518244,13.510624871765568,0.46391129032258066,91.5,0.6477040816326531,1.0,0.11,avoid:white,0
1786510742.5243993,13.550699689534262,0.45919354838709675,91.5,0.0,1.0,0.11,avoid:white,0
1786510742.5935173,13.598167163194526,0.45919354838709675,91.5,0.0,1.0,0.11,avoid:white,0
1786510742.6677568,13.773394807914663,0.46391129032258066,91.5,0.0,1.0,0.11,avoid:white,0
1786510742.7409344,13.722838578893299,0.45919354838709675,91.5,0.6477040816326531,1.0,0.11,avoid:white,0
1786510742.8144677,13.700945673304242,0.46391129032258066,91.5,0.0,1.0,0.11,avoid:white,0
1786510742.8892624,13.684762143114416,0.45919354838709675,91.5,0.6477040816326531,1.0,0.11,avoid:white,0
1786510742.9622128,13.571752504973535,0.45919354838709675,91.5,0.0,1.0,0.11,avoid:white,0
1786510743.0311134,13.654056383125589,0.46391129032258066,91.5,0.6473852040816327,1.0,0.11,avoid:white,0
1786510743.1033099,13.81850999921096,0.46391129032258066,92.0,0.6478635204081633,1.0,0.11,avoid:white,0
1786510743.1772945,13.842786059554607,0.46391129032258066,91.5,0.0,1.0,0.11,avoid:white,0
1786510743.2559874,13.734982291327565,0.45919354838709675,91.0,0.6478635204081633,1.0,0.11,avoid:white,0
1786510743.3326325,13.56978674170052,0.45919354838709675,91.5,0.0,1.0,0.11,avoid:white,0
1786510743.4110875,13.449874016835086,0.45919354838709675,91.5,0.6478635204081633,1.0,0.11,avoid:white,0
1786510743.4822903,13.290032948119972,0.45919354838709675,91.5,0.6524553571428572,1.0,0.11,avoid:white,0
1786510743.5559797,13.464860503953899,0.46391129032258066,91.0,0.0,1.0,0.11,avoid:white,0
1786510743.6292777,13.473414299272758,0.45919354838709675,92.0,0.6520089285714286,1.0,0.11,avoid:white,0
1786510743.7033672,13.52240659257331,0.46862903225806457,91.5,0.0,1.0,0.11,avoid:white,0
1786510743.7766893,13.52672724706268,0.45919354838709675,91.5,0.0,1.0,0.11,avoid:white,0
1786510743.8482537,13.541231387785562,0.46391129032258066,91.5,0.0,1.0,0.11,avoid:white,0
1786510743.9235976,13.627990642175748,0.46391129032258066,91.5,0.6475446428571429,1.0,0.11,avoid:white,0
1786510743.999098,13.528880291023794,0.46391129032258066,91.5,0.0,1.0,0.11,avoid:white,0
1786510744.0723915,13.458127849489067,0.46391129032258066,91.5,0.6517857142857143,1.0,0.11,avoid:white,0
1786510744.1457114,13.556335702529136,0.45919354838709675,92.0,0.0,1.0,0.11,avoid:white,0
1786510744.2199228,13.555845901157017,0.45919354838709675,91.0,0.6473852040816327,1.0,0.11,avoid:white,0
1786510744.29226,13.499723345932216,0.46391129032258066,92.0,0.0,1.0,0.11,avoid:white,0
1786510744.3622954,13.623924815568397,0.45919354838709675,91.5,0.0,1.0,0.11,avoid:white,0
1786510744.4327717,13.742270421830579,0.46391129032258066,91.5,0.0,1.0,0.11,avoid:white,0
1786510744.504547,13.845997987595004,0.45919354838709675,92.0,0.6478635204081633,1.0,0.11,avoid:white,0
1786510744.5808759,13.81318272993176,0.45919354838709675,91.5,0.0,1.0,0.11,avoid:white,0
1786510744.6595972,13.678653574346624,0.45919354838709675,91.5,0.0,1.0,0.11,avoid:white,0
1786510744.7297282,13.473088282330476,0.45919354838709675,92.0,0.6478635204081633,1.0,0.11,avoid:white,0
1786510744.808206,13.669896374604004,0.45919354838709675,91.5,0.6475446428571429,1.0,0.11,avoid:white,0
1786510744.8823981,13.49942732858322,0.0,206.98611585782635,0.0,1.0,0.11,avoid:white,0
1786510744.9529843,13.460216017311348,0.46391129032258066,91.5,0.0,1.0,0.11,avoid:white,0
1786510745.0280561,13.619647062388413,0.45919354838709675,91.5,0.0,1.0,0.11,avoid:white,0
1786510745.106574,13.574589757952113,0.46391129032258066,91.5,0.6475446428571429,1.0,0.11,avoid:white,0
1786510745.1744032,13.402264848268553,0.45919354838709675,92.0,0.0,1.0,0.11,avoid:white,0
1786510745.2477584,13.61316359841737,0.45919354838709675,91.5,0.6483418367346939,1.0,0.11,avoid:white,0
1786510745.324995,13.610120394756484,0.46391129032258066,91.5,0.6479591836734694,1.0,0.11,avoid:white,0
1786510745.3957362,13.478305398008953,0.45919354838709675,91.5,0.6477040816326531,1.0,0.11,avoid:white,0
1786510745.4680986,13.631463617413242,0.46391129032258066,91.5,0.6478635204081633,1.0,0.11,avoid:white,0
1786510745.544717,13.687329412146452,0.45919354838709675,91.5,0.652295918367347,1.0,0.11,avoid:white,0
1786510745.6210587,13.575083572380658,0.46391129032258066,92.0,0.0,1.0,0.11,avoid:white,0
1786510745.691374,13.4759034596628,0.46391129032258066,92.0,0.6522321428571429,1.0,0.11,avoid:white,0
1786510745.7652752,13.640894424074212,0.45919354838709675,91.5,0.0,1.0,0.11,avoid:white,0
1786510745.8411393,13.56760247260706,0.45919354838709675,91.5,0.6477678571428572,1.0,0.11,avoid:white,0
1786510745.9136539,13.527020498973517,0.45919354838709675,91.5,0.6478635204081633,1.0,0.11,avoid:white,0
1786510745.9921346,13.5963946801865,0.46391129032258066,91.5,0.6477040816326531,1.0,0.11,avoid:white,0
1786510746.0647337,13.408967771877396,0.45919354838709675,91.5,0.0,1.0,0.11,avoid:white,0
1786510746.1390476,13.476658503609942,0.45919354838709675,91.5,0.6475446428571429,1.0,0.11,avoid:white,0
1786510746.2224007,13.492186408873156,0.45919354838709675,91.5,0.6481505102040817,1.0,0.11,avoid:white,0
1786510746.2950914,13.196128212709896,0.45919354838709675,91.5,0.6477040816326531,1.0,0.11,avoid:white,0
1786510746.3711674,13.304897351506469,0.0,223.0,0.6478635204081633,1.0,0.11,avoid:white,0
1786510746.4479835,13.26397917702214,0.45919354838709675,91.5,0.6477040816326531,1.0,0.11,avoid:white,0
1786510746.519606,13.209259448078953,0.45919354838709675,91.5,0.0,1.0,0.11,avoid:white,0
1786510746.5921957,13.344911404922009,0.46391129032258066,91.5,0.6484375,1.0,0.11,avoid:white,0
1786510746.6705134,13.402505248188719,0.45919354838709675,91.5,0.6525510204081633,1.0,0.11,avoid:white,0
1786510746.7425666,13.317830455173844,0.46391129032258066,91.5,0.0,1.0,0.11,avoid:white,0
1786510746.8144472,13.38119484924388,0.46391129032258066,91.5,0.6479591836734694,1.0,0.11,avoid:white,0
1786510746.8971674,13.511294112163027,0.45919354838709675,91.5,0.6477040816326531,1.0,0.11,avoid:white,0
1786510746.971282,13.24057965643631,0.46391129032258066,92.0,0.6477040816326531,1.0,0.11,avoid:white,0
1786510747.0438044,13.270196318131463,0.46391129032258066,91.5,0.6477040816326531,1.0,0.11,avoid:white,0
1786510747.1195533,13.364271796267664,0.46391129032258066,91.5,0.6473852040816327,1.0,0.11,avoid:white,0
1786510747.1897864,13.376005518851253,0.45919354838709675,91.5,0.6475446428571429,1.0,0.11,avoid:white,0
1786510747.2611985,13.53958413893065,0.45919354838709675,92.0,0.652295918367347,1.0,0.11,avoid:white,0
1786510747.3335967,13.635360245757948,0.46391129032258066,91.5,0.6477678571428572,1.0,0.11,avoid:white,0
1786510747.4078228,13.67681471231942,0.46391129032258066,91.5,0.6477040816326531,1.0,0.11,avoid:white,0
1786510747.4784646,13.634266819586246,0.46391129032258066,92.0,0.0,1.0,0.11,avoid:white,0
1786510747.555191,13.713885027571939,0.45919354838709675,91.5,0.6481505102040817,1.0,0.11,avoid:white,0
1786510747.6325588,13.60430482633145,0.45919354838709675,91.5,0.6478635204081633,1.0,0.11,avoid:white,0
1786510747.706462,13.469921044473711,0.46391129032258066,91.5,0.6479591836734694,1.0,0.11,avoid:white,0
1786510747.778061,13.466953471257295,0.46391129032258066,92.0,0.6477040816326531,1.0,0.11,avoid:white,0
1786510747.8536355,13.56518915411424,0.46391129032258066,91.5,0.0,1.0,0.11,avoid:white,0
1786510747.9310577,13.459354431025334,0.45919354838709675,91.5,0.6477040816326531,1.0,0.11,avoid:white,0
1786510748.006867,13.389632760580183,0.46391129032258066,91.5,0.6477040816326531,1.0,0.11,avoid:white,0
1786510748.0775855,13.35301378672538,0.45919354838709675,91.5,0.0,1.0,0.11,avoid:white,0
1786510748.1494594,13.523864799531772,0.4544758064516129,92.0,0.6517857142857143,1.0,0.11,avoid:white,0
1786510748.2264342,13.535654998224867,0.46391129032258066,91.5,0.6477040816326531,1.0,0.11,avoid:white,0
1786510748.293711,13.47326071993027,0.45919354838709675,91.5,0.6481505102040817,1.0,0.11,avoid:white,0
1786510748.3664823,13.750767751648068,0.46391129032258066,91.5,0.6477040816326531,1.0,0.11,avoid:white,0
1786510748.4411097,13.751118664477362,0.46391129032258066,91.5,0.6477040816326531,1.0,0.11,avoid:white,0
1786510748.5107794,13.695887152275533,0.46391129032258066,91.5,0.0,1.0,0.11,avoid:white,0
1786510748.5826123,13.769379132424508,0.46391129032258066,91.5,0.6515625,1.0,0.11,avoid:white,0
1786510748.6578858,13.853013913613243,0.45919354838709675,91.5,0.6477040816326531,1.0,0.11,avoid:white,0
1786510748.7311034,13.739826166549244,0.45919354838709675,91.5,0.6522321428571429,1.0,0.11,avoid:white,0
1786510748.8044906,13.658945869944272,0.46391129032258066,91.5,0.0,1.0,0.11,avoid:white,0
1786510748.875127,13.723314160455036,0.45919354838709675,91.5,0.0,1.0,0.11,avoid:white,0
1786510748.9561265,13.781916509976305,0.46391129032258066,92.0,0.6477040816326531,1.0,0.11,avoid:white,0
1786510749.0345986,13.48596140319238,0.45919354838709675,91.5,0.0,1.0,0.11,avoid:white,0
1786510749.1061323,13.334107614445898,0.45919354838709675,91.5,0.6478635204081633,1.0,0.11,avoid:white,0
1786510749.1770175,13.502628205714872,0.45919354838709675,91.5,0.6478635204081633,1.0,0.11,avoid:white,0
1786510749.2529008,13.62605139585455,0.46391129032258066,91.5,0.6477040816326531,1.0,0.11,avoid:white,0
1786510749.3286517,13.479337675017536,0.45919354838709675,92.0,0.6481505102040817,1.0,0.11,avoid:white,0
1786510749.4112897,13.257904470099978,0.46391129032258066,92.0,0.6473852040816327,1.0,0.11,avoid:white,0
1786510749.4845831,13.241799317067214,0.45919354838709675,91.5,0.6477040816326531,1.0,0.11,avoid:white,0
1786510749.562198,13.207970523196721,0.46391129032258066,91.5,0.6477678571428572,1.0,0.11,avoid:white,0
1786510749.6363864,13.177602337293484,0.46862903225806457,92.0,0.6517857142857143,1.0,0.11,avoid:white,0
1786510749.7083845,13.301460874904008,0.46391129032258066,91.5,0.6479591836734694,1.0,0.11,avoid:white,0
1786510749.7804394,13.410236221967388,0.46391129032258066,91.5,0.6477040816326531,1.0,0.11,avoid:white,0
1786510749.854523,13.513630976395154,0.46391129032258066,91.5,0.6473852040816327,1.0,0.11,avoid:white,0
1786510749.92291,13.523518568146411,0.45919354838709675,92.0,0.6477040816326531,1.0,0.11,avoid:white,0
1786510749.9987502,13.723809151211555,0.45919354838709675,92.0,0.6477040816326531,1.0,0.11,avoid:white,0
1786510750.0731087,13.58646997272327,0.45919354838709675,91.5,0.6475446428571429,1.0,0.11,avoid:white,0
1786510750.1423082,13.612022124558871,0.46391129032258066,91.5,0.6517857142857143,1.0,0.11,avoid:white,0
1786510750.2202482,13.733173559424682,0.46391129032258066,91.5,0.6477040816326531,1.0,0.11,avoid:white,0
1786510750.2922893,13.59056124187727,0.46391129032258066,91.5,0.6479591836734694,1.0,0.11,avoid:white,0
1786510750.3743246,13.626138907016083,0.45919354838709675,91.5,0.6477040816326531,1.0,0.11,avoid:white,0
1786510750.4492028,13.3334690648794,0.46391129032258066,91.5,0.0,1.0,0.11,avoid:white,0
1786510750.523505,13.321300615068726,0.46391129032258066,91.5,0.6520089285714286,1.0,0.11,avoid:white,0
1786510750.5989766,13.35874316316228,0.45919354838709675,92.0,0.6477040816326531,1.0,0.11,avoid:white,0
1786510750.672134,13.365999300093613,0.46391129032258066,91.0,0.6479591836734694,1.0,0.11,avoid:white,0
1786510750.7419546,13.432796013977542,0.46391129032258066,91.5,0.0,1.0,0.11,avoid:white,0
1786510750.8122218,13.54860388096603,0.4544758064516129,91.5,0.0,1.0,0.11,avoid:white,0
1786510750.8854961,13.7274682107961,0.46391129032258066,91.5,0.0,1.0,0.11,avoid:white,0
1786510750.958755,13.726883359844969,0.46391129032258066,91.5,0.6481505102040817,1.0,0.11,avoid:white,0
1786510751.0318696,13.712053551839322,0.46391129032258066,91.5,0.6479591836734694,1.0,0.11,avoid:white,0
1786510751.1070914,13.679033491926138,0.45919354838709675,92.0,0.0,1.0,0.11,avoid:white,0
1786510751.1798158,13.615521740932461,0.45919354838709675,92.0,0.0,1.0,0.11,avoid:white,0
1786510751.2523556,13.653995141766577,0.46391129032258066,91.5,0.0,1.0,0.11,avoid:white,0
1786510751.3276875,13.684237722437812,0.46391129032258066,91.5,0.6477040816326531,1.0,0.11,avoid:white,0
1786510751.4022212,13.583137281915903,0.46391129032258066,92.0,0.0,1.0,0.11,avoid:white,0
1786510751.4730403,13.551525891993789,0.45919354838709675,91.0,0.6481505102040817,1.0,0.11,avoid:white,0
1786510751.5488796,13.665067791544393,0.45919354838709675,91.5,0.6477040816326531,1.0,0.11,avoid:white,0
1786510751.6220858,13.563131060367082,0.45919354838709675,91.5,0.6477040816326531,1.0,0.11,avoid:white,0
1786510751.6948555,13.565389347809438,0.46391129032258066,91.5,0.6522321428571429,1.0,0.11,avoid:white,0
1786510751.7761924,13.610136735017564,0.46862903225806457,91.5,0.0,1.0,0.11,avoid:white,0
1786510751.8523173,13.352545267860814,0.46391129032258066,91.5,0.6473852040816327,1.0,0.11,avoid:white,0
1786510751.9243174,13.324428840564986,0.45919354838709675,91.5,0.0,1.0,0.11,avoid:white,0
1786510752.0056887,13.43133700907739,0.45919354838709675,91.5,0.6478635204081633,1.0,0.11,avoid:white,0
1786510752.0801697,13.200782030867074,0.46391129032258066,91.5,0.6477040816326531,1.0,0.11,avoid:white,0
1786510752.1513913,13.262088793884566,0.45919354838709675,91.5,0.6479591836734694,1.0,0.11,avoid:white,0
1786510752.2284758,13.350082127736577,0.45919354838709675,91.5,0.6478635204081633,1.0,0.11,avoid:white,0
1786510752.300253,13.334332342909775,0.0,199.21068331527098,0.0,1.0,0.11,avoid:white,0
1786510752.372019,13.456419920618075,0.45919354838709675,91.5,0.0,1.0,0.11,avoid:white,0
1786510752.4493296,13.551056883823739,0.45919354838709675,92.0,0.6475446428571429,1.0,0.11,avoid:white,0
1786510752.519098,13.409199520234997,0.46391129032258066,91.5,0.0,1.0,0.11,avoid:white,0
1786510752.5879717,13.614565588007837,0.46391129032258066,91.5,0.6477040816326531,1.0,0.11,avoid:white,0
1786510752.6619356,13.783666154377006,0.45919354838709675,91.5,0.0,1.0,0.11,avoid:white,0
1786510752.735452,13.678291107580776,0.45919354838709675,91.5,0.6473852040816327,1.0,0.11,avoid:white,0
1786510752.80802,13.72959109773313,0.45919354838709675,91.5,0.6473852040816327,1.0,0.11,avoid:white,0
1786510752.884297,13.680468868807752,0.46391129032258066,91.5,0.0,1.0,0.11,avoid:white,0
1786510752.957129,13.614174753807811,0.45919354838709675,91.5,0.0,1.0,0.11,avoid:white,0
1786510753.0256028,13.631148662746487,0.46391129032258066,91.5,0.0,1.0,0.11,avoid:white,0
1786510753.1095002,13.778530165978149,0.45919354838709675,91.5,0.6473852040816327,1.0,0.11,avoid:white,0
1786510753.1856704,13.375709061465018,0.46391129032258066,91.5,0.0,1.0,0.11,avoid:white,0
1786510753.2537773,13.394780449662768,0.45919354838709675,91.5,0.0,1.0,0.11,avoid:white,0
1786510753.3243272,13.68713719598716,0.0,198.0617356512274,0.0,1.0,0.11,avoid:white,0
1786510753.4012456,13.77731636438098,0.46391129032258066,91.5,0.0,1.0,0.11,avoid:white,0
1786510753.472754,13.55952453865072,0.45919354838709675,91.5,0.0,1.0,0.11,avoid:white,0
1786510753.5528603,13.728120220429311,0.46391129032258066,91.0,0.6481505102040817,1.0,0.11,avoid:white,0
1786510753.6221468,13.46268409423854,0.45919354838709675,91.5,0.6478635204081633,1.0,0.11,avoid:white,0
1786510753.6938894,13.653760590501511,0.45919354838709675,91.5,0.0,1.0,0.11,avoid:white,0
1786510753.769793,13.72544916845029,0.45919354838709675,92.0,0.0,1.0,0.11,avoid:white,0
1786510753.845215,13.562531809425096,0.45919354838709675,91.5,0.6477040816326531,1.0,0.11,avoid:white,0
1786510753.9172392,13.500830860962772,0.45919354838709675,91.5,0.6477040816326531,1.0,0.11,avoid:white,0
1786510753.9923224,13.577238667486203,0.46391129032258066,91.5,0.0,1.0,0.11,avoid:white,0
1786510754.0668216,13.518731603625787,0.46862903225806457,91.0,0.0,1.0,0.11,avoid:white,0
1786510754.1336906,13.566063162095041,0.45919354838709675,91.5,0.6479591836734694,1.0,0.11,avoid:white,0
1786510754.2100406,13.783264022462205,0.46391129032258066,91.5,0.6477040816326531,1.0,0.11,avoid:white,0
1786510754.2820046,13.677561215062116,0.46391129032258066,92.0,0.6478635204081633,1.0,0.11,avoid:white,0
1786510754.3540585,13.727832472542975,0.45919354838709675,91.5,0.6475446428571429,1.0,0.11,avoid:white,0
1786510754.4271376,13.759679451733797,0.45919354838709675,91.5,0.6478635204081633,1.0,0.11,avoid:white,0
1786510754.5043714,13.745438893904904,0.45919354838709675,91.5,0.6481823979591838,1.0,0.11,avoid:white,0
1786510754.5781496,13.5853743556208,0.46391129032258066,91.5,0.0,1.0,0.11,avoid:white,0
1786510754.6574519,13.53048622331089,0.45919354838709675,91.5,0.6473852040816327,1.0,0.11,avoid:white,0
1786510754.7321115,13.38881512072941,0.45919354838709675,91.5,0.0,1.0,0.11,avoid:white,0
1786510754.8044562,13.372290546476556,0.46391129032258066,91.5,0.6475446428571429,1.0,0.11,avoid:white,0
1786510754.8824637,13.468476384012975,0.46391129032258066,91.5,0.6475446428571429,1.0,0.11,avoid:white,0
1786510754.9524255,13.327799219476837,0.46391129032258066,92.0,0.6473852040816327,1.0,0.11,avoid:white,0
1786510755.0249984,13.55914897993856,0.45919354838709675,91.5,0.0,1.0,0.11,avoid:white,0
1786510755.1006315,13.585067244626249,0.46391129032258066,91.5,0.0,1.0,0.11,avoid:white,0
1786510755.1719723,13.519314938323875,0.45919354838709675,92.0,0.0,1.0,0.11,avoid:white,0
1786510755.23995,13.6046815303071,0.45919354838709675,91.5,0.6479591836734694,1.0,0.11,avoid:white,0
1786510755.3090646,13.842751185250878,0.45919354838709675,91.0,0.6477040816326531,1.0,0.11,avoid:white,0
1786510755.3813272,13.964381876417226,0.46391129032258066,91.5,0.0,1.0,0.11,avoid:white,0
1786510755.4538536,13.941034390973275,0.46391129032258066,91.5,0.0,1.0,0.11,avoid:white,0
1786510755.5291367,13.900853784140484,0.45919354838709675,92.0,0.6481505102040817,1.0,0.11,avoid:white,0
1786510755.6041374,13.78137746376106,0.46391129032258066,91.5,0.0,1.0,0.11,avoid:white,0
1786510755.6762836,13.709025802711492,0.45919354838709675,92.0,0.6520408163265307,1.0,0.11,avoid:white,0
1786510755.7525253,13.728605763985463,0.45919354838709675,91.5,0.6522321428571429,1.0,0.11,avoid:white,0
1786510755.823224,13.593097012387837,0.45919354838709675,91.5,0.6511479591836735,1.0,0.11,avoid:white,0
1786510755.9010766,13.734757908512831,0.46391129032258066,91.5,0.0,1.0,0.11,avoid:white,0
1786510755.9765928,13.540902558534892,0.45919354838709675,91.5,0.0,1.0,0.11,avoid:white,0
1786510756.0510328,13.426102681343032,0.46391129032258066,91.5,0.0,1.0,0.11,avoid:white,0
1786510756.125798,13.499444391263276,0.45919354838709675,91.5,0.6473852040816327,1.0,0.11,avoid:white,0
1786510756.1995938,13.47642942110861,0.45919354838709675,91.5,0.6480229591836735,1.0,0.11,avoid:white,0
1786510756.2679338,13.465358167225087,0.46391129032258066,91.5,0.6478635204081633,1.0,0.11,avoid:white,0
1786510756.3392303,13.709132322938473,0.46391129032258066,92.0,0.0,1.0,0.11,avoid:white,0
1786510756.4168077,13.767792666974616,0.46391129032258066,91.5,0.6477040816326531,1.0,0.11,avoid:white,0
1786510756.4908717,13.598594538030392,0.0,223.0,0.6478635204081633,1.0,0.11,avoid:white,0
1786510756.5630684,13.561033511207025,0.45919354838709675,91.5,0.6520089285714286,1.0,0.11,avoid:white,0
1786510756.6346579,13.602524646522362,0.45919354838709675,91.5,0.6475446428571429,1.0,0.11,avoid:white,0
1786510756.7038345,13.718369174924073,0.45919354838709675,91.5,0.6477040816326531,1.0,0.11,avoid:white,0
1786510756.7768795,13.864149852383184,0.45919354838709675,91.5,0.6474489795918368,1.0,0.11,avoid:white,0
1786510756.85241,13.843235690021825,0.46391129032258066,92.0,0.6477040816326531,1.0,0.11,avoid:white,0
1786510756.9214098,13.71645035550778,0.45919354838709675,91.5,0.6475446428571429,1.0,0.11,avoid:white,0
1786510756.9942722,13.825221176482323,0.46391129032258066,92.0,0.6477678571428572,1.0,0.11,avoid:white,0
1786510757.0704563,13.839220573339047,0.46391129032258066,91.5,0.6479591836734694,1.0,0.11,avoid:white,0
1786510757.140197,13.694750974837808,0.45919354838709675,91.5,0.0,1.0,0.11,avoid:white,0
1786510757.2133896,13.819694817149653,0.46862903225806457,91.5,0.6472257653061225,1.0,0.11,avoid:white,0
1786510757.2970893,13.81013514120881,0.46391129032258066,91.0,0.0,1.0,0.11,avoid:white,0
1786510757.370108,13.397256327088531,0.0,200.15181419457696,0.0,1.0,0.11,avoid:white,0
1786510757.4360638,13.497116169946192,0.46391129032258066,91.5,0.6477040816326531,1.0,0.11,avoid:white,0
1786510757.5109525,13.84670698010421,0.45919354838709675,92.0,0.6478635204081633,1.0,0.11,avoid:white,0
1786510757.5853827,13.744296739193164,0.46391129032258066,91.5,0.6475446428571429,1.0,0.11,avoid:white,0
1786510757.6600127,13.672783491848788,0.4544758064516129,91.5,0.0,1.0,0.11,avoid:white,0
1786510757.735227,13.612274723781336,0.46391129032258066,91.5,0.0,1.0,0.11,avoid:white,0
1786510757.8070443,13.570228975117884,0.45919354838709675,91.5,0.6473852040816327,1.0,0.11,avoid:white,0
1786510757.881667,13.590233394162558,0.45919354838709675,92.0,0.0,1.0,0.11,avoid:white,0
1786510757.9572897,13.557137070517115,0.46391129032258066,91.5,0.6473852040816327,1.0,0.11,avoid:white,0
1786510758.0303268,13.460342206940616,0.45919354838709675,91.5,0.0,1.0,0.11,avoid:white,0
1786510758.1039097,13.540487902075732,0.45919354838709675,92.0,0.0,1.0,0.11,avoid:white,0
1786510758.1791127,13.565911181814656,0.46391129032258066,92.0,0.6517857142857143,1.0,0.11,avoid:white,0
1786510758.2548723,13.52392339355519,0.45919354838709675,92.0,0.6477040816326531,1.0,0.11,avoid:white,0
1786510758.327743,13.458237043678757,0.46391129032258066,92.0,0.0,1.0,0.11,avoid:white,0
1786510758.4019058,13.478657400827103,0.46391129032258066,91.5,0.6478635204081633,1.0,0.11,avoid:white,0
1786510758.4717233,13.514096201734395,0.46391129032258066,92.0,0.0,1.0,0.11,avoid:white,0
1786510758.5471587,13.681706915774782,0.0,223.0,0.6525510204081633,1.0,0.11,avoid:white,0
1786510758.6221967,13.586831173070586,0.45919354838709675,92.0,0.0,1.0,0.11,avoid:white,0
1786510758.7003284,13.534476703891551,0.46391129032258066,92.0,0.0,1.0,0.11,avoid:white,0
1786510758.7698677,13.387895286264335,0.45919354838709675,92.0,0.6473852040816327,1.0,0.11,avoid:white,0
1786510758.846165,13.609305709409256,0.45919354838709675,92.0,0.0,1.0,0.11,avoid:white,0
1786510758.9217198,13.499251278942184,0.45919354838709675,92.0,0.6477040816326531,1.0,0.11,avoid:white,0
1786510758.9975626,13.32131440136166,0.45919354838709675,92.0,0.6475446428571429,1.0,0.11,avoid:white,0
1786510759.0741549,13.386166189879534,0.45919354838709675,92.0,0.6477040816326531,1.0,0.11,avoid:white,0
1786510759.1451886,13.330280263337265,0.46391129032258066,92.0,0.6478635204081633,1.0,0.11,avoid:white,0
1786510759.2161918,13.503562268401264,0.0,223.0,0.0,1.0,0.11,avoid:white,0
1786510759.2942264,13.642492320201487,0.45919354838709675,92.0,0.6517857142857143,1.0,0.11,avoid:white,0
1786510759.3675816,13.461459996675462,0.45919354838709675,92.0,0.6480229591836735,1.0,0.11,avoid:white,0
1786510759.4385982,13.508218604873427,0.46391129032258066,91.5,0.6481505102040817,1.0,0.11,avoid:white,0
1786510759.516191,13.588959169381482,0.45919354838709675,92.0,0.0,1.0,0.11,avoid:white,0
1786510759.5886426,13.471201369953754,0.45919354838709675,92.0,0.6477040816326531,1.0,0.11,avoid:white,0
1786510759.660954,13.51159938501041,0.46391129032258066,91.5,0.6477040816326531,1.0,0.11,avoid:white,0
1786510759.7339072,13.586333400408403,0.46391129032258066,91.5,0.0,1.0,0.11,avoid:white,0
1786510759.8053,13.584602052195248,0.45919354838709675,91.5,0.0,1.0,0.11,avoid:white,0
1786510759.8804085,13.6702062175584,0.46391129032258066,91.5,0.6477678571428572,1.0,0.11,avoid:white,0
1786510759.9560678,13.649048946986657,0.45919354838709675,91.5,0.6522321428571429,1.0,0.11,avoid:white,0
1786510760.0340242,13.508093123852362,0.45919354838709675,91.5,0.0,1.0,0.11,avoid:white,0
1786510760.1111925,13.42281546356196,0.46391129032258066,91.5,0.0,1.0,0.11,avoid:white,0
1786510760.18632,13.32800899769793,0.45919354838709675,91.0,0.6479591836734694,1.0,0.11,avoid:white,0
1786510760.2586162,13.32613782988775,0.46391129032258066,91.5,0.6479591836734694,1.0,0.11,avoid:white,0
1786510760.3344696,13.42866251266152,0.45919354838709675,91.5,0.6479591836734694,1.0,0.11,avoid:white,0
1786510760.4101462,13.381963045198123,0.45919354838709675,91.5,0.6481505102040817,1.0,0.11,avoid:white,0
1786510760.4818661,13.321474747222695,0.45919354838709675,91.5,0.6475446428571429,1.0,0.11,avoid:white,0
1786510760.5520108,13.444579058383036,0.46391129032258066,91.5,0.6483418367346939,1.0,0.11,avoid:white,0
1786510760.6298158,13.628700443354356,0.45919354838709675,91.5,0.6481505102040817,1.0,0.11,avoid:white,0
1786510760.701265,13.481829224367326,0.0,223.0,0.6477040816326531,1.0,0.11,avoid:white,0
1786510760.776031,13.575779325711014,0.46391129032258066,91.5,0.6522321428571429,1.0,0.11,avoid:white,0
1786510760.850061,13.517242440040379,0.46391129032258066,92.0,0.6520089285714286,1.0,0.11,avoid:white,0
1786510760.9277122,13.495397400191955,0.46391129032258066,92.0,0.6478635204081633,1.0,0.11,avoid:white,0
1786510761.0003774,13.393394196616129,0.45919354838709675,92.0,0.6520089285714286,1.0,0.11,avoid:white,0
1786510761.0767848,13.483305721741909,0.45919354838709675,92.0,0.6477040816326531,1.0,0.11,avoid:white,0
1786510761.1469653,13.400362374688049,0.45919354838709675,91.5,0.6517857142857143,1.0,0.11,avoid:white,0
1786510761.2181563,13.546872472946564,0.45919354838709675,91.0,0.6477040816326531,1.0,0.11,avoid:white,0
1786510761.2921875,13.62328954989009,0.45919354838709675,91.5,0.6520408163265307,1.0,0.11,avoid:white,0
1786510761.3648648,13.639835063290892,0.46391129032258066,91.5,0.0,1.0,0.11,avoid:white,0
1786510761.4358974,13.66261878552809,0.45919354838709675,91.0,0.6479591836734694,1.0,0.11,avoid:white,0
1786510761.5147302,13.756313483972896,0.45919354838709675,91.0,0.6515625,1.0,0.11,avoid:white,0
1786510761.586513,13.543718794526557,0.45919354838709675,90.5,0.6477040816326531,1.0,0.11,avoid:white,0
1786510761.6596885,13.61405886701947,0.4544758064516129,91.0,0.0,1.0,0.11,avoid:white,0
1786510761.7398925,13.633842514495214,0.45919354838709675,91.0,0.6479591836734694,1.0,0.11,avoid:white,0
1786510761.8122277,13.40201810096345,0.45919354838709675,91.0,0.6477040816326531,1.0,0.11,avoid:white,0
1786510761.8796027,13.469208148542034,0.45919354838709675,91.0,0.6477678571428572,1.0,0.11,avoid:white,0
1786510761.9477978,13.7137157357344,0.4544758064516129,91.0,0.6478635204081633,1.0,0.11,avoid:white,0
1786510762.0205884,13.95255213669391,0.45919354838709675,91.0,0.6517857142857143,1.0,0.11,avoid:white,0
1786510762.0962367,13.90728017559952,0.45919354838709675,91.0,0.6477678571428572,1.0,0.11,avoid:white,0
1786510762.1700273,13.774725999798648,0.45919354838709675,91.0,0.6515625,1.0,0.11,avoid:white,0
1786510762.2419431,13.669909356926405,0.4544758064516129,91.0,0.0,1.0,0.11,avoid:white,0
1786510762.3127413,13.70452382878176,0.4544758064516129,91.0,0.6517857142857143,1.0,0.11,avoid:white,0
1786510762.388395,13.871728659608383,0.46391129032258066,91.0,0.0,1.0,0.11,avoid:white,0
1786510762.4601696,13.739448302054152,0.46391129032258066,90.5,0.6520089285714286,1.0,0.11,avoid:white,0
1786510762.529851,13.722468692851553,0.45919354838709675,91.0,0.0,1.0,0.11,avoid:white,0
1786510762.6018124,13.890593202940263,0.45919354838709675,91.5,0.0,1.0,0.11,avoid:white,0
1786510762.6772103,13.893748401346018,0.45919354838709675,91.0,0.6520408163265307,1.0,0.11,avoid:white,0
1786510762.747632,13.783006470727171,0.45919354838709675,91.0,0.6513392857142858,1.0,0.11,avoid:white,0
1786510762.8231874,13.83527661502184,0.45919354838709675,91.0,0.6475446428571429,1.0,0.11,avoid:white,0
1786510762.8950696,13.715435802900858,0.45919354838709675,91.0,0.6520089285714286,1.0,0.11,avoid:white,0
1786510762.968214,13.781853021435625,0.45919354838709675,91.0,0.0,1.0,0.11,avoid:white,0
1786510763.043088,13.76321874779006,0.45919354838709675,91.0,0.6477040816326531,1.0,0.11,avoid:white,0
1786510763.1163049,13.682159696126325,0.45919354838709675,91.0,0.6522321428571429,1.0,0.11,avoid:white,0
1786510763.188304,13.62424482592175,0.45919354838709675,91.0,0.0,1.0,0.11,avoid:white,0
1786510763.2651706,13.73171180966072,0.45919354838709675,91.0,0.6520089285714286,1.0,0.11,avoid:white,0
1786510763.342393,13.588701556627198,0.4544758064516129,91.0,0.6520089285714286,1.0,0.11,avoid:white,0
1786510763.4111056,13.456898468726216,0.45919354838709675,90.5,0.6475446428571429,1.0,0.11,avoid:white,0
1786510763.485211,13.674011613332919,0.45919354838709675,91.0,0.0,1.0,0.11,avoid:white,0
1786510763.5595238,13.609967095352589,0.45919354838709675,91.0,0.6475446428571429,1.0,0.11,avoid:white,0
1786510763.6294618,13.608505420531909,0.45919354838709675,91.0,0.6515306122448979,1.0,0.11,avoid:white,0
1786510763.70776,13.686317260385394,0.45919354838709675,91.0,0.0,1.0,0.11,avoid:white,0
1786510763.7804701,13.5339413537342,0.45919354838709675,91.0,0.0,1.0,0.11,avoid:white,0
1786510763.8494914,13.601067414540896,0.45919354838709675,90.5,0.6477678571428572,1.0,0.11,avoid:white,0
1786510763.9221642,13.783331919310367,0.46391129032258066,91.0,0.0,1.0,0.11,avoid:white,0
1786510763.9940526,13.770283817590983,0.45919354838709675,90.5,0.6475446428571429,1.0,0.11,avoid:white,0
1786510764.06396,13.767620345868469,0.45919354838709675,91.0,0.0,1.0,0.11,avoid:white,0
1786510764.1423724,13.911123920551617,0.4544758064516129,91.0,0.0,1.0,0.11,avoid:white,0
1786510764.218697,13.684977907108557,0.45919354838709675,91.0,0.6473852040816327,1.0,0.11,avoid:white,0
1786510764.2900233,13.543171765766086,0.45919354838709675,91.0,0.6520089285714286,1.0,0.11,avoid:white,0
1786510764.361136,13.646002121486191,0.45919354838709675,91.0,0.6473852040816327,1.0,0.11,avoid:white,0
1786510764.4336975,13.751172731538189,0.45919354838709675,91.0,0.6473852040816327,1.0,0.11,avoid:white,0
1786510764.5009604,13.75489867992513,0.45919354838709675,91.0,0.6515625,1.0,0.11,avoid:white,0
1786510764.5749085,13.911900759340789,0.45919354838709675,90.5,0.6517857142857143,1.0,0.11,avoid:white,0
1786510764.6476073,13.892851194005976,0.45919354838709675,91.0,0.6475446428571429,1.0,0.11,avoid:white,0
1786510764.7161946,13.81627829055069,0.45919354838709675,91.0,0.6520089285714286,1.0,0.11,avoid:white,0
1786510764.7910414,13.991938558047698,0.45919354838709675,91.0,0.0,1.0,0.11,avoid:white,0
1786510764.859636,13.887312299637918,0.45919354838709675,91.0,0.6475446428571429,1.0,0.11,avoid:white,0
1786510764.9271283,13.976163837013669,0.46391129032258066,91.0,0.647576530612245,1.0,0.11,avoid:white,0
1786510764.9951773,14.20054270739056,0.45919354838709675,91.0,0.6517857142857143,1.0,0.11,avoid:white,0
1786510765.0642107,14.28093192329478,0.45919354838709675,91.0,0.6477040816326531,1.0,0.11,avoid:white,0
1786510765.1404495,14.325583426802773,0.4544758064516129,90.5,0.6475446428571429,1.0,0.11,avoid:white,0
1786510765.2133396,14.08089813231408,0.45919354838709675,91.0,0.6517857142857143,1.0,0.11,avoid:white,0
1786510765.28157,14.0224209756756,0.45919354838709675,91.0,0.6513392857142858,1.0,0.11,avoid:white,0
1786510765.35574,14.135128699772908,0.45919354838709675,91.0,0.6475446428571429,1.0,0.11,avoid:white,0
1786510765.4311965,14.01756243198944,0.4544758064516129,90.5,0.6477040816326531,1.0,0.11,avoid:white,0
1786510765.5044594,13.863366660990456,0.45919354838709675,91.0,0.6477040816326531,1.0,0.11,avoid:white,0
1786510765.5771587,13.80711812476246,0.45919354838709675,91.0,0.6473852040816327,1.0,0.11,avoid:white,0
1786510765.6578903,13.711129877490508,0.45919354838709675,91.0,0.6475446428571429,1.0,0.11,avoid:white,0
1786510765.7307808,13.489617043005,0.46391129032258066,91.0,0.6515625,1.0,0.11,avoid:white,0
1786510765.804827,13.584981141056103,0.45919354838709675,91.0,0.6522321428571429,1.0,0.11,avoid:white,0
1786510765.8827069,13.576370393883748,0.45919354838709675,91.0,0.0,1.0,0.11,avoid:white,0
1786510765.955827,13.418821486614885,0.4544758064516129,91.0,0.6479591836734694,1.0,0.11,avoid:white,0
1786510766.028526,13.472955500784625,0.45919354838709675,91.0,0.6475446428571429,1.0,0.11,avoid:white,0
1786510766.100604,13.516643491350953,0.45919354838709675,91.0,0.0,1.0,0.11,avoid:white,0
1786510766.173945,13.590222087551407,0.45919354838709675,91.0,0.6473214285714286,1.0,0.11,avoid:white,0
1786510766.2408986,13.60962707701725,0.45919354838709675,91.0,0.6522321428571429,1.0,0.11,avoid:white,0
1786510766.311497,13.869267341696176,0.4544758064516129,91.0,0.6479591836734694,1.0,0.11,avoid:white,0
1786510766.3836253,13.943208478552009,0.4544758064516129,91.0,0.0,1.0,0.11,avoid:white,0
1786510766.455209,13.864091262651934,0.45919354838709675,91.0,0.6515625,1.0,0.11,avoid:white,0
1786510766.5282714,13.944711492662746,0.45919354838709675,91.0,0.6475446428571429,1.0,0.11,avoid:white,0
1786510766.5966527,13.877521551928503,0.45919354838709675,91.0,0.6520089285714286,1.0,0.11,avoid:white,0
1786510766.6677125,14.006207440562939,0.45919354838709675,90.5,0.647576530612245,1.0,0.11,avoid:white,0
1786510766.7428808,14.043506434543959,0.45919354838709675,91.0,0.6515625,1.0,0.11,avoid:white,0
1786510766.8131475,13.893835858085927,0.46391129032258066,91.5,0.6477040816326531,1.0,0.11,avoid:white,0
1786510766.8809605,13.983590230944255,0.4544758064516129,91.0,0.6517857142857143,1.0,0.11,avoid:white,0
1786510766.9594767,14.136422993989633,0.45919354838709675,91.0,0.6473852040816327,1.0,0.11,avoid:white,0
1786510767.0397637,13.854208662797795,0.45919354838709675,91.0,0.6477678571428572,1.0,0.11,avoid:white,0
1786510767.1141055,13.569188796632442,0.0,223.0,0.6475446428571429,1.0,0.11,avoid:white,0
1786510767.1909156,13.534914801653631,0.45919354838709675,90.5,0.6477040816326531,1.0,0.11,avoid:white,0
1786510767.2670565,13.440291145695332,0.45919354838709675,90.5,0.6517857142857143,1.0,0.11,avoid:white,0
1786510767.3419583,13.376928978388985,0.4544758064516129,91.0,0.6517857142857143,1.0,0.11,avoid:white,0
1786510767.4136412,13.300584728966816,0.45919354838709675,91.0,0.0,1.0,0.11,avoid:white,0
1786510767.4863489,13.506719711787424,0.45919354838709675,91.0,0.6515625,1.0,0.11,avoid:white,0
1786510767.558795,13.573034257417664,0.4544758064516129,91.0,0.6477040816326531,1.0,0.11,avoid:white,0
1786510767.630426,13.62048783230038,0.4544758064516129,91.0,0.6475446428571429,1.0,0.11,avoid:white,0
1786510767.7035992,13.607805000577539,0.46391129032258066,91.0,0.6477040816326531,1.0,0.11,avoid:white,0
1786510767.7735431,13.698075162476425,0.45919354838709675,91.0,0.0,1.0,0.11,avoid:white,0
1786510767.846584,13.802620451664332,0.45919354838709675,91.0,0.6477040816326531,1.0,0.11,avoid:white,0
1786510767.9146335,13.795180200652322,0.45919354838709675,91.0,0.6477040816326531,1.0,0.11,avoid:white,0
1786510767.9839294,13.963597504758479,0.45919354838709675,91.0,0.0,1.0,0.11,avoid:white,0
1786510768.0611742,13.981538084229717,0.4544758064516129,90.5,0.6517857142857143,1.0,0.11,avoid:white,0
1786510768.1313503,13.833505745006647,0.45919354838709675,91.0,0.6513392857142858,1.0,0.11,avoid:white,0
1786510768.1970842,13.933908262791489,0.45919354838709675,90.0,0.6475446428571429,1.0,0.11,avoid:white,0
1786510768.2728145,14.192240567306479,0.45919354838709675,91.0,0.6475446428571429,1.0,0.11,avoid:white,0
1786510768.3514817,13.977907382524705,0.45919354838709675,91.0,0.0,1.0,0.11,avoid:white,0
1786510768.4284928,13.738052534815067,0.45919354838709675,91.0,0.6475446428571429,1.0,0.11,avoid:white,0
1786510768.504552,13.579044687321375,0.4544758064516129,91.0,0.0,1.0,0.11,avoid:white,0
1786510768.5732608,13.498127345343232,0.45919354838709675,91.0,0.6475446428571429,1.0,0.11,avoid:white,0
1786510768.646812,13.698884003067436,0.45919354838709675,90.5,0.6477040816326531,1.0,0.11,avoid:white,0
1786510768.7232454,13.675881769447948,0.46391129032258066,91.0,0.6517857142857143,1.0,0.11,avoid:white,0
1786510768.7937882,13.556894869423738,0.45919354838709675,90.5,0.6517857142857143,1.0,0.11,avoid:white,0
1786510768.8634646,13.666753028893437,0.4544758064516129,91.0,0.6477678571428572,1.0,0.11,avoid:white,0
1786510768.9362574,13.822450399037326,0.45919354838709675,91.0,0.6475446428571429,1.0,0.11,avoid:white,0
1786510769.0107117,13.740577289879568,0.45919354838709675,91.0,0.6479591836734694,1.0,0.11,avoid:white,0
1786510769.0821836,13.735999760975222,0.45919354838709675,91.0,0.6517857142857143,1.0,0.11,avoid:white,0
1786510769.164231,13.746029029439057,0.45919354838709675,91.0,0.6479591836734694,1.0,0.11,avoid:white,0
1786510769.2401438,13.4803476466938,0.45919354838709675,91.0,0.6473852040816327,1.0,0.11,avoid:white,0
1786510769.3126829,13.42358321366215,0.45919354838709675,91.0,0.6477040816326531,1.0,0.11,avoid:white,0
1786510769.3861468,13.49665224112283,0.45919354838709675,91.0,0.6475446428571429,1.0,0.11,avoid:white,0
1786510769.457316,13.488006552128764,0.45919354838709675,91.0,0.0,1.0,0.11,avoid:white,0
1786510769.5287995,13.634774119473164,0.45919354838709675,91.0,0.6478635204081633,1.0,0.11,avoid:white,0
1786510769.600067,13.656461239704125,0.45919354838709675,90.5,0.6517857142857143,1.0,0.11,avoid:white,0
1786510769.6728258,13.777833735792825,0.4544758064516129,91.0,0.6477678571428572,1.0,0.11,avoid:white,0
1786510769.7511563,13.733036685523752,0.45919354838709675,90.5,0.6479591836734694,1.0,0.11,avoid:white,0
1786510769.8314495,13.574573113600898,0.4544758064516129,90.5,0.6479591836734694,1.0,0.11,avoid:white,0
1786510769.9045582,13.35151181251369,0.45919354838709675,90.5,0.0,1.0,0.11,avoid:white,0
1786510769.977418,13.40363335469963,0.45919354838709675,91.0,0.6475446428571429,1.0,0.11,avoid:white,0
1786510770.0555737,13.41025655662899,0.46391129032258066,91.0,0.6517857142857143,1.0,0.11,avoid:white,0
1786510770.1221924,13.338087656397546,0.45919354838709675,91.0,0.6517857142857143,1.0,0.11,avoid:white,0
1786510770.1890304,13.657098155183292,0.45919354838709675,91.0,0.6479591836734694,1.0,0.11,avoid:white,0
1786510770.2649128,13.880115288990202,0.46391129032258066,91.0,0.0,1.0,0.11,avoid:white,0
1786510770.3402112,13.737379315657297,0.45919354838709675,91.0,0.6477040816326531,1.0,0.11,avoid:white,0
1786510770.4117675,13.689886943477022,0.45919354838709675,91.0,0.6520089285714286,1.0,0.11,avoid:white,0
1786510770.481635,13.700146231166226,0.4544758064516129,90.5,0.6517857142857143,1.0,0.11,avoid:white,0
1786510770.5554593,13.880956892894266,0.45919354838709675,91.0,0.6473852040816327,1.0,0.11,avoid:white,0
1786510770.6247756,13.82520089715339,0.45919354838709675,91.0,0.6475446428571429,1.0,0.11,avoid:white,0
1786510770.6970153,13.944690287581636,0.45919354838709675,91.0,0.6561543367346939,1.0,0.11,avoid:white,0
1786510770.7687128,13.902988146716801,0.45919354838709675,90.5,0.6520089285714286,1.0,0.11,avoid:white,0
1786510770.841217,13.893104436987581,0.45919354838709675,91.0,0.0,1.0,0.11,avoid:white,0
1786510770.9157453,13.90603281531659,0.45919354838709675,90.5,0.6515306122448979,1.0,0.11,avoid:white,0
1786510770.987962,13.764909846811436,0.4544758064516129,90.5,0.6479591836734694,1.0,0.11,avoid:white,0
1786510771.0611415,13.807480751081371,0.45919354838709675,90.5,0.6477040816326531,1.0,0.11,avoid:white,0
1786510771.1384084,13.80837292147521,0.45919354838709675,90.5,0.6475446428571429,1.0,0.11,avoid:white,0
1786510771.2136912,13.576775387128386,0.46391129032258066,91.0,0.6477040816326531,1.0,0.11,avoid:white,0
1786510771.283942,13.5519749762895,0.45919354838709675,90.5,0.6477678571428572,1.0,0.11,avoid:white,0
1786510771.3567839,13.645176743350403,0.45919354838709675,90.5,0.6477040816326531,1.0,0.11,avoid:white,0
1786510771.4286258,13.736723662999292,0.45919354838709675,90.5,0.6513392857142858,1.0,0.11,avoid:white,0
1786510771.499418,13.686316928136861,0.45919354838709675,90.5,0.6517857142857143,1.0,0.11,avoid:white,0
1786510771.5717547,13.843943029080734,0.45919354838709675,90.5,0.0,1.0,0.11,avoid:white,0
1786510771.644258,13.854157780125458,0.46391129032258066,91.0,0.0,1.0,0.11,avoid:white,0
1786510771.7154994,13.850595795326866,0.4544758064516129,91.0,0.6520089285714286,1.0,0.11,avoid:white,0
1786510771.7904732,13.887851002318929,0.46391129032258066,90.5,0.6481505102040817,1.0,0.11,avoid:white,0
1786510771.8695316,13.768466650621308,0.45919354838709675,91.0,0.6477040816326531,1.0,0.11,avoid:white,0
1786510771.9383843,13.538203113786512,0.45919354838709675,91.0,0.6513392857142858,1.0,0.11,avoid:white,0
1786510772.0108342,13.737230190533566,0.4544758064516129,91.0,0.6477040816326531,1.0,0.11,avoid:white,0
1786510772.0856254,13.759546775740015,0.45919354838709675,91.0,0.6479591836734694,1.0,0.11,avoid:white,0
1786510772.1593206,13.664802384213875,0.45919354838709675,91.0,0.6473852040816327,1.0,0.11,avoid:white,0
1786510772.2337165,13.652005561107268,0.45919354838709675,90.5,0.6515625,1.0,0.11,avoid:white,0
1786510772.304534,13.569103715078581,0.45919354838709675,91.0,0.6475446428571429,1.0,0.11,avoid:white,0
1786510772.3751025,13.718912153835399,0.45919354838709675,91.0,0.6475446428571429,1.0,0.11,avoid:white,0
1786510772.445418,13.8214319907433,0.45919354838709675,91.0,0.6477040816326531,1.0,0.11,avoid:white,0
1786510772.5236163,13.871175422325745,0.45919354838709675,91.0,0.0,1.0,0.11,avoid:white,0
1786510772.5993342,13.657010168379943,0.45919354838709675,91.0,0.6473852040816327,1.0,0.11,avoid:white,0
1786510772.6720588,13.58952911577653,0.4544758064516129,91.0,0.6520089285714286,1.0,0.11,avoid:white,0
1786510772.7446318,13.566337478696163,0.45919354838709675,91.0,0.6517857142857143,1.0,0.11,avoid:white,0
1786510772.8212216,13.63989472278325,0.45919354838709675,91.0,0.6477040816326531,1.0,0.11,avoid:white,0
1786510772.8949752,13.544348984814143,0.45919354838709675,90.5,0.6479591836734694,1.0,0.11,avoid:white,0
1786510772.9690871,13.544386276176866,0.46391129032258066,91.0,0.6520089285714286,1.0,0.11,avoid:white,0
1786510773.0384152,13.539966916818237,0.45919354838709675,91.0,0.6477678571428572,1.0,0.11,avoid:white,0
1786510773.1100395,13.715047790128128,0.45919354838709675,91.0,0.6479591836734694,1.0,0.11,avoid:white,0
1786510773.1811526,13.766116351164623,0.45919354838709675,91.0,0.6520089285714286,1.0,0.11,avoid:white,0
1786510773.2501411,13.825820061273467,0.4544758064516129,90.5,0.0,1.0,0.11,avoid:white,0
1786510773.32635,13.96658906484403,0.45919354838709675,90.5,0.6517857142857143,1.0,0.11,avoid:white,0
1786510773.3970659,13.79250331163907,0.45919354838709675,91.0,0.6475446428571429,1.0,0.11,avoid:white,0
1786510773.4738166,13.851106492455218,0.45919354838709675,91.0,0.6475446428571429,1.0,0.11,avoid:white,0
1786510773.5514512,13.690962734680536,0.45919354838709675,91.0,0.6479591836734694,1.0,0.11,avoid:white,0
1786510773.6242867,13.530835720025603,0.45919354838709675,90.5,0.6475446428571429,1.0,0.11,avoid:white,0
1786510773.7000575,13.56879467805787,0.45919354838709675,91.0,0.6479591836734694,1.0,0.11,avoid:white,0
1786510773.7732618,13.49551689831912,0.4544758064516129,91.0,0.0,1.0,0.11,avoid:white,0
1786510773.8460178,13.530932983526395,0.45919354838709675,91.0,0.6479591836734694,1.0,0.11,avoid:white,0
1786510773.9243088,13.476064326471445,0.45919354838709675,91.0,0.6522321428571429,1.0,0.11,avoid:white,0
1786510774.0025113,13.364897093157245,0.45919354838709675,91.0,0.6515625,1.0,0.11,avoid:white,0
1786510774.0693133,13.283371337633149,0.45919354838709675,90.5,0.6478635204081633,1.0,0.11,avoid:white,0
1786510774.1412327,13.673809356821746,0.4544758064516129,91.0,0.6477040816326531,1.0,0.11,avoid:white,0
1786510774.2162797,13.662865668415778,0.45919354838709675,91.0,0.6477678571428572,1.0,0.11,avoid:white,0
1786510774.2878838,13.631979987110808,0.45919354838709675,90.5,0.0,1.0,0.11,avoid:white,0
1786510774.3577473,13.7135598316544,0.45919354838709675,91.0,0.6477678571428572,1.0,0.11,avoid:white,0
1786510774.4337752,13.827491707596495,0.45919354838709675,91.0,0.6475446428571429,1.0,0.11,avoid:white,0
1786510774.507522,13.651044558567454,0.45919354838709675,91.0,0.6517857142857143,1.0,0.11,avoid:white,0
1786510774.5757058,13.686437019540143,0.45919354838709675,91.0,0.6522321428571429,1.0,0.11,avoid:white,0
1786510774.6481438,13.863403650303539,0.45919354838709675,90.5,0.6515625,1.0,0.11,avoid:white,0
1786510774.7169583,13.869018541448389,0.45919354838709675,91.0,0.6479591836734694,1.0,0.11,avoid:white,0
1786510774.7884116,13.94880810564051,0.45919354838709675,91.0,0.6520408163265307,1.0,0.11,avoid:white,0
1786510774.8597376,13.970527674005794,0.45919354838709675,91.0,0.6475446428571429,1.0,0.11,avoid:white,0
1786510774.9332626,13.952837506831491,0.45919354838709675,91.0,0.6473852040816327,1.0,0.11,avoid:white,0
1786510775.0060296,13.947465532603363,0.46391129032258066,91.0,0.6477040816326531,1.0,0.11,avoid:white,0
1786510775.0780687,13.879443163297799,0.45919354838709675,91.0,0.6475446428571429,1.0,0.11,avoid:white,0
1786510775.1511369,13.908107531728703,0.46391129032258066,91.0,0.0,1.0,0.11,avoid:white,0
1786510775.2227826,13.85686398668273,0.45919354838709675,91.0,0.6520089285714286,1.0,0.11,avoid:white,0
1786510775.2999444,13.848424112270843,0.4544758064516129,91.0,0.6475446428571429,1.0,0.11,avoid:white,0
1786510775.372627,13.696789154482138,0.45919354838709675,91.0,0.6475446428571429,1.0,0.11,avoid:white,0
1786510775.4439478,13.654212150689759,0.45919354838709675,90.5,0.6520089285714286,1.0,0.11,avoid:white,0
1786510775.5177615,13.715722844763821,0.4544758064516129,90.5,0.6517857142857143,1.0,0.11,avoid:white,0
1786510775.5903275,13.75059249346969,0.45919354838709675,91.0,0.6477040816326531,1.0,0.11,avoid:white,0
1786510775.655896,13.75513978226617,0.45919354838709675,91.0,0.6477040816326531,1.0,0.11,avoid:white,0
1786510775.723515,14.019777409355127,0.46391129032258066,91.0,0.6517857142857143,1.0,0.11,avoid:white,0
1786510775.7932425,14.159870750660888,0.45919354838709675,91.0,0.0,1.0,0.11,avoid:white,0
1786510775.8659034,14.240764535437883,0.45919354838709675,91.0,0.6475446428571429,1.0,0.11,avoid:white,0
1786510775.9387434,14.10144988631258,0.45919354838709675,90.5,0.0,1.0,0.11,avoid:white,0
1786510776.0082853,14.067628721742702,0.46391129032258066,91.0,0.6477678571428572,1.0,0.11,avoid:white,0
1786510776.0806992,14.139154878684101,0.46391129032258066,91.0,0.647576530612245,1.0,0.11,avoid:white,0
1786510776.1530294,14.036744719163043,0.46391129032258066,91.0,0.6477040816326531,1.0,0.11,avoid:white,0
1786510776.2222424,14.011360758162892,0.45919354838709675,91.0,0.0,1.0,0.11,avoid:white,0
1786510776.2945294,14.106000434787266,0.45919354838709675,91.0,0.6517857142857143,1.0,0.11,avoid:white,0
1786510776.366182,14.063089909702665,0.4544758064516129,91.0,0.0,1.0,0.11,avoid:white,0
1786510776.4413311,14.028910279251932,0.45919354838709675,91.0,0.6517857142857143,1.0,0.11,avoid:white,0
1786510776.5176523,13.788350967655804,0.46391129032258066,91.0,0.6477040816326531,1.0,0.11,avoid:white,0
1786510776.5918267,13.765798203584557,0.45919354838709675,91.0,0.6479591836734694,1.0,0.11,avoid:white,0
1786510776.6643305,13.668722823218319,0.45919354838709675,91.0,0.6481505102040817,1.0,0.11,avoid:white,0
1786510776.7434602,13.737067232708291,0.45919354838709675,91.0,0.6478635204081633,1.0,0.11,avoid:white,0
1786510776.8174164,13.4622526006488,0.45919354838709675,91.0,0.6473852040816327,1.0,0.11,avoid:white,0
1786510776.8899066,13.468980859417538,0.45919354838709675,91.0,0.6515625,1.0,0.11,avoid:white,0
1786510776.9607453,13.584206118289712,0.45919354838709675,91.0,0.6517857142857143,1.0,0.11,avoid:white,0
1786510777.0377042,13.695348413705776,0.46391129032258066,91.0,0.6477040816326531,1.0,0.11,avoid:white,0
1786510777.1109962,13.529008647994104,0.45919354838709675,91.0,0.0,1.0,0.11,avoid:white,0
1786510777.1846855,13.595010842767447,0.45919354838709675,91.0,0.6477678571428572,1.0,0.11,avoid:white,0
1786510777.2608628,13.578365365691772,0.45919354838709675,90.5,0.6475446428571429,1.0,0.11,avoid:white,0
1786510777.3336582,13.503287866208304,0.45919354838709675,91.0,0.6520089285714286,1.0,0.11,avoid:white,0
1786510777.4022439,13.53626402441251,0.4544758064516129,91.0,0.6517857142857143,1.0,0.11,avoid:white,0
1786510777.473909,13.73120179587155,0.45919354838709675,91.0,0.6475446428571429,1.0,0.11,avoid:white,0
1786510777.5497515,13.717118901370528,0.4544758064516129,91.0,0.6515625,1.0,0.11,avoid:white,0
1786510777.6190367,13.690471607112917,0.45919354838709675,91.0,0.6520089285714286,1.0,0.11,avoid:white,0
1786510777.693316,13.839027606127773,0.45919354838709675,91.0,0.6520089285714286,1.0,0.11,avoid:white,0
1786510777.7647672,13.762676291203634,0.46391129032258066,91.0,0.0,1.0,0.11,avoid:white,0
1786510777.8302398,13.812197305143428,0.45919354838709675,91.0,0.0,1.0,0.11,avoid:white,0
1786510777.9008117,14.086575446332251,0.45919354838709675,90.5,0.6525510204081633,1.0,0.11,avoid:white,0
1786510777.972223,14.071682675636497,0.45919354838709675,90.5,0.6473852040816327,1.0,0.11,avoid:white,0
1786510778.04132,14.085238011314505,0.45919354838709675,91.0,0.6561543367346939,1.0,0.11,avoid:white,0
1786510778.1247444,14.16703328662463,0.46391129032258066,91.0,0.6475446428571429,1.0,0.11,avoid:white,0
1786510778.1990077,13.727966104308708,0.45919354838709675,91.0,0.6477040816326531,1.0,0.11,avoid:white,0
1786510778.271405,13.691738685541754,0.45919354838709675,91.0,0.6475446428571429,1.0,0.11,avoid:white,0
1786510778.3492029,13.679674753428406,0.45919354838709675,90.5,0.0,1.0,0.11,avoid:white,0
1786510778.4232812,13.534866489399132,0.45919354838709675,91.0,0.0,1.0,0.11,avoid:white,0
1786510778.4927263,13.539591293074091,0.45919354838709675,91.0,0.6475446428571429,1.0,0.11,avoid:white,0
1786510778.565465,13.711866823118307,0.45919354838709675,91.0,0.0,1.0,0.11,avoid:white,0
1786510778.637788,13.719863947152085,0.45919354838709675,90.5,0.6515625,1.0,0.11,avoid:white,0
1786510778.7105508,13.728258658235129,0.45919354838709675,91.0,0.6522321428571429,1.0,0.11,avoid:white,0
1786510778.7833838,13.680716062022187,0.45919354838709675,91.0,0.6477678571428572,1.0,0.11,avoid:white,0
1786510778.8496866,13.73517468309016,0.45919354838709675,91.0,0.6520089285714286,1.0,0.11,avoid:white,0
1786510778.9182398,14.03205400835839,0.45919354838709675,91.0,0.6515625,1.0,0.11,avoid:white,0
1786510778.9893887,14.12227749288731,0.45919354838709675,91.0,0.6478635204081633,1.0,0.11,avoid:white,0
1786510779.05791,14.06945782708594,0.45919354838709675,90.5,0.6475446428571429,1.0,0.11,avoid:white,0
1786510779.1323872,14.122415245600111,0.46391129032258066,90.5,0.6477040816326531,1.0,0.11,avoid:white,0
1786510779.2036123,14.05862843468378,0.45919354838709675,90.5,0.6520089285714286,1.0,0.11,avoid:white,0
1786510779.276156,14.064800382223416,0.45919354838709675,91.0,0.0,1.0,0.11,avoid:white,0
1786510779.3547611,14.003844834916665,0.45919354838709675,90.5,0.6520089285714286,1.0,0.11,avoid:white,0
1786510779.4336417,13.751497276334844,0.45919354838709675,90.5,0.6477040816326531,1.0,0.11,avoid:white,0
1786510779.516153,13.542582620614448,0.45919354838709675,91.0,0.0,1.0,0.11,avoid:white,0
1786510779.5942013,13.239566436598267,0.45919354838709675,91.0,0.0,1.0,0.11,avoid:white,0
1786510779.6744506,13.168248268755145,0.45919354838709675,91.0,0.6479591836734694,1.0,0.11,avoid:white,0
1786510779.7519398,12.987786756237165,0.46391129032258066,91.0,0.6522321428571429,1.0,0.11,avoid:white,0
1786510779.826341,13.009636553256517,0.45919354838709675,90.5,0.0,1.0,0.11,avoid:white,0
1786510779.8991208,13.117528186180866,0.45919354838709675,90.5,0.6479591836734694,1.0,0.11,avoid:white,0
1786510779.9727933,13.227901483411024,0.45919354838709675,90.5,0.6473852040816327,1.0,0.11,avoid:white,0
1786510780.045467,13.311208931786675,0.45919354838709675,90.5,0.0,1.0,0.11,avoid:white,0
1786510780.1143944,13.384563920650177,0.45919354838709675,91.0,0.6473852040816327,1.0,0.11,avoid:white,0
1786510780.1862535,13.616619890086056,0.45919354838709675,90.5,0.6522321428571429,1.0,0.11,avoid:white,0
1786510780.2581866,13.687951585835217,0.45919354838709675,90.5,0.0,1.0,0.11,avoid:white,0
1786510780.3319566,13.671224557224305,0.45919354838709675,91.0,0.647576530612245,1.0,0.11,avoid:white,0
1786510780.4079504,13.594874797750059,0.46391129032258066,90.5,0.6517857142857143,1.0,0.11,avoid:white,0
1786510780.4806378,13.503821997295832,0.45919354838709675,90.5,0.6479591836734694,1.0,0.11,avoid:white,0
1786510780.5523174,13.657539669906402,0.46391129032258066,91.0,0.6517857142857143,1.0,0.11,avoid:white,0
1786510780.6232882,13.738367455983965,0.45919354838709675,91.0,0.0,1.0,0.11,avoid:white,0
1786510780.693824,13.787061176176032,0.45919354838709675,91.0,0.6473852040816327,1.0,0.11,avoid:white,0
1786510780.7690387,13.848119522962493,0.45919354838709675,90.5,0.6475446428571429,1.0,0.11,avoid:white,0
1786510780.8402677,13.74289161571434,0.45919354838709675,91.0,0.6522321428571429,1.0,0.11,avoid:white,0
1786510780.9169953,13.777756382164156,0.45919354838709675,90.5,0.6475446428571429,1.0,0.11,avoid:white,0
1786510780.9959,13.615401874749553,0.45919354838709675,91.0,0.6477040816326531,1.0,0.11,avoid:white,0
1786510781.0674872,13.482728014765682,0.45919354838709675,91.0,0.6479591836734694,1.0,0.11,avoid:white,0
1786510781.1383686,13.546305141221655,0.45919354838709675,91.0,0.6517857142857143,1.0,0.11,avoid:white,0
1786510781.215108,13.654648176312733,0.45919354838709675,91.0,0.6477678571428572,1.0,0.11,avoid:white,0
1786510781.286335,13.543252560799852,0.45919354838709675,91.0,0.0,1.0,0.11,avoid:white,0
1786510781.3607671,13.658696265954946,0.45919354838709675,91.0,0.6517857142857143,1.0,0.11,avoid:white,0
1786510781.4335089,13.554656162330975,0.45919354838709675,90.5,0.6477678571428572,1.0,0.11,avoid:white,0
1786510781.5039396,13.650358565629546,0.45919354838709675,91.0,0.0,1.0,0.11,avoid:white,0
1786510781.571111,13.772193120852975,0.46391129032258066,91.0,0.6477040816326531,1.0,0.11,avoid:white,0
1786510781.6443205,13.994909535658621,0.45919354838709675,91.0,0.6475446428571429,1.0,0.11,avoid:white,0
1786510781.7146335,13.920443430640931,0.45919354838709675,91.0,0.6477040816326531,1.0,0.11,avoid:white,0
1786510781.7895858,13.994876348305752,0.45919354838709675,91.0,0.6475446428571429,1.0,0.11,avoid:white,0
1786510781.8645067,13.852878492634296,0.45919354838709675,90.5,0.6475446428571429,1.0,0.11,avoid:white,0
1786510781.935886,13.748076817447423,0.45919354838709675,90.5,0.6479591836734694,1.0,0.11,avoid:white,0
1786510782.0103302,13.813079137118189,0.45919354838709675,91.0,0.0,1.0,0.11,avoid:white,0
1786510782.0872557,13.741466729579598,0.46391129032258066,91.0,0.0,1.0,0.11,avoid:white,0
1786510782.1596944,13.570840856753545,0.45919354838709675,91.0,0.6477040816326531,1.0,0.11,avoid:white,0
1786510782.2309663,13.598800027514455,0.45919354838709675,91.0,0.6477040816326531,1.0,0.11,avoid:white,0
1786510782.3132198,13.714648016268441,0.45919354838709675,91.0,0.6515625,1.0,0.11,avoid:white,0
1786510782.3874478,13.415576307134932,0.45919354838709675,90.5,0.6517857142857143,1.0,0.11,avoid:white,0
1786510782.4582875,13.417597260709215,0.45919354838709675,90.5,0.6478635204081633,1.0,0.11,avoid:white,0
1786510782.5337784,13.541873023036988,0.45919354838709675,91.0,0.6481505102040817,1.0,0.11,avoid:white,0
1786510782.6019707,13.460724743154943,0.45919354838709675,91.0,0.6520089285714286,1.0,0.11,avoid:white,0
1786510782.6697624,13.692117102758605,0.0,202.53161312371805,0.0,1.0,0.11,avoid:white,0
1786510782.7420487,13.929743504613162,0.45919354838709675,90.5,0.6477678571428572,1.0,0.11,avoid:white,0
1786510782.8091884,13.925088793782137,0.45919354838709675,90.5,0.0,1.0,0.11,avoid:white,0
1786510782.878416,14.142783279896213,0.45919354838709675,90.5,0.6479591836734694,1.0,0.11,avoid:white,0
1786510782.9512398,14.142591354788088,0.45919354838709675,90.5,0.6477678571428572,1.0,0.11,avoid:white,0
1786510783.016543,14.086487356657768,0.45919354838709675,91.0,0.6520089285714286,1.0,0.11,avoid:white,0
1786510783.0842917,14.34700486567612,0.45919354838709675,91.0,0.0,1.0,0.11,avoid:white,0
1786510783.1580238,14.400462507311609,0.45919354838709675,91.0,0.0,1.0,0.11,avoid:white,0
1786510783.230113,14.257247768309046,0.45919354838709675,91.0,0.6481505102040817,1.0,0.11,avoid:white,0
1786510783.301587,14.184542146244922,0.46391129032258066,90.5,0.0,1.0,0.11,avoid:white,0
1786510783.375495,14.162940630782186,0.45919354838709675,91.0,0.6479591836734694,1.0,0.11,avoid:white,0
1786510783.4486654,14.018797439242217,0.45919354838709675,91.0,0.0,1.0,0.11,avoid:white,0
1786510783.5208552,13.960011503366255,0.45919354838709675,90.5,0.6475446428571429,1.0,0.11,avoid:white,0
1786510783.596366,13.940637670291778,0.45919354838709675,91.0,0.0,1.0,0.11,avoid:white,0
1786510783.6708865,13.79308025961404,0.45919354838709675,90.5,0.6475446428571429,1.0,0.11,avoid:white,0
1786510783.7494397,13.722062390700422,0.45919354838709675,91.0,0.6481505102040817,1.0,0.11,avoid:white,0
1786510783.828359,13.516336352266798,0.46391129032258066,91.0,0.6520089285714286,1.0,0.11,avoid:white,0
1786510783.901076,13.32833678823571,0.46391129032258066,91.0,0.6517857142857143,1.0,0.11,avoid:white,0
1786510783.9776638,13.452758281657967,0.45919354838709675,90.5,0.6477678571428572,1.0,0.11,avoid:white,0
1786510784.051556,13.335586554001239,0.45919354838709675,91.0,0.6522321428571429,1.0,0.11,avoid:white,0
1786510784.1266215,13.359846122811023,0.45919354838709675,91.0,0.6515625,1.0,0.11,avoid:white,0
1786510784.193386,13.359467198975645,0.45919354838709675,90.5,0.6520089285714286,1.0,0.11,avoid:white,0
1786510784.2621725,13.724393759183426,0.45919354838709675,91.0,0.6481505102040817,1.0,0.11,avoid:white,0
1786510784.3334908,13.88708066037843,0.45919354838709675,90.5,0.0,1.0,0.11,avoid:white,0
1786510784.4080632,13.915147817322595,0.45919354838709675,91.0,0.0,1.0,0.11,avoid:white,0
1786510784.483263,13.801095863688168,0.46391129032258066,91.0,0.0,1.0,0.11,avoid:white,0
1786510784.5554225,13.724327879670152,0.45919354838709675,90.5,0.6475446428571429,1.0,0.11,avoid:white,0
1786510784.6250005,13.73904549795413,0.4544758064516129,90.5,0.0,1.0,0.11,avoid:white,0
1786510784.700324,13.883888418602718,0.45919354838709675,91.0,0.652295918367347,1.0,0.11,avoid:white,0
1786510784.7690625,13.758624565661242,0.45919354838709675,90.5,0.6477040816326531,1.0,0.11,avoid:white,0
1786510784.8395274,13.897770297487773,0.0,205.49107142857105,0.0,1.0,0.11,avoid:white,0
1786510784.917229,13.939163162457348,0.45919354838709675,91.0,0.6477040816326531,1.0,0.11,avoid:white,0
1786510784.9921875,13.745985118584894,0.45919354838709675,91.0,0.6520089285714286,1.0,0.11,avoid:white,0
1786510785.0722654,13.660899417003142,0.45919354838709675,91.0,0.6478635204081633,1.0,0.11,avoid:white,0
1786510785.1462975,13.411216379272311,0.45919354838709675,91.0,0.6520089285714286,1.0,0.11,avoid:white,0
1786510785.2174523,13.453945235808419,0.45919354838709675,91.0,0.0,1.0,0.11,avoid:white,0
1786510785.2870517,13.560209822707005,0.46391129032258066,91.0,0.6520089285714286,1.0,0.11,avoid:white,0
1786510785.3643577,13.735970933100475,0.46391129032258066,91.0,0.6475446428571429,1.0,0.11,avoid:white,0
1786510785.4333417,13.584211734506834,0.45919354838709675,90.5,0.6477040816326531,1.0,0.11,avoid:white,0
1786510785.5084991,13.749281704717637,0.45919354838709675,90.5,0.0,1.0,0.11,avoid:white,0
1786510785.5802963,13.676353373667016,0.45919354838709675,91.0,0.0,1.0,0.11,avoid:white,0
1786510785.6538935,13.639895354945507,0.46391129032258066,90.5,0.6477040816326531,1.0,0.11,avoid:white,0
1786510785.724303,13.716555297121431,0.45919354838709675,91.0,0.0,1.0,0.11,avoid:white,0
1786510785.7986953,13.817124415876002,0.45919354838709675,90.5,0.6517857142857143,1.0,0.11,avoid:white,0
1786510785.8652315,13.729918588614325,0.4544758064516129,90.5,0.6515625,1.0,0.11,avoid:white,0
1786510785.9365578,13.978173611222179,0.45919354838709675,91.0,0.0,1.0,0.11,avoid:white,0
1786510786.011725,14.008950855212802,0.45919354838709675,91.0,0.6517857142857143,1.0,0.11,avoid:white,0
1786510786.0824268,13.86477067663847,0.45919354838709675,91.0,0.0,1.0,0.11,avoid:white,0
1786510786.1542256,13.89511040599618,0.45919354838709675,91.0,0.0,1.0,0.11,avoid:white,0
1786510786.2287126,13.900191352639192,0.45919354838709675,91.0,0.6522321428571429,1.0,0.11,avoid:white,0
1786510786.299812,13.834500260853243,0.45919354838709675,91.0,0.6479591836734694,1.0,0.11,avoid:white,0
1786510786.3721812,13.874943759017789,0.45919354838709675,90.5,0.6478635204081633,1.0,0.11,avoid:white,0
1786510786.4530275,13.805788834995749,0.45919354838709675,91.0,0.6517857142857143,1.0,0.11,avoid:white,0
1786510786.5244145,13.570186915064843,0.45919354838709675,90.5,0.6522321428571429,1.0,0.11,avoid:white,0
1786510786.593118,13.650414755352339,0.45919354838709675,90.5,0.6475446428571429,1.0,0.11,avoid:white,0
1786510786.6681764,13.836907728980796,0.45919354838709675,90.5,0.6517857142857143,1.0,0.11,avoid:white,0
1786510786.7429125,13.734419594243537,0.45919354838709675,90.5,0.0,1.0,0.11,avoid:white,0
1786510786.8161771,13.649929165009025,0.45919354838709675,91.0,0.6520089285714286,1.0,0.11,avoid:white,0
1786510786.8925138,13.645321586908029,0.45919354838709675,90.5,0.6477678571428572,1.0,0.11,avoid:white,0
1786510786.961922,13.545615378000486,0.4544758064516129,91.0,0.6475446428571429,1.0,0.11,avoid:white,0
1786510787.0330193,13.731434125441174,0.45919354838709675,91.0,0.6473852040816327,1.0,0.11,avoid:white,0
1786510787.107626,13.727211970841202,0.45919354838709675,91.0,0.6517857142857143,1.0,0.11,avoid:white,0
1786510787.1737645,13.73075784934359,0.4544758064516129,90.5,0.6477678571428572,1.0,0.11,avoid:white,0
1786510787.2433357,13.987581552302148,0.45919354838709675,91.0,0.6520089285714286,1.0,0.11,avoid:white,0
1786510787.3176734,14.07375867640095,0.45919354838709675,91.0,0.0,1.0,0.11,avoid:white,0
1786510787.3926451,13.939206614918858,0.45919354838709675,91.0,0.6477040816326531,1.0,0.11,avoid:white,0
1786510787.465072,13.83723773717413,0.45919354838709675,90.5,0.6520089285714286,1.0,0.11,avoid:white,0
1786510787.5430615,13.767859505284632,0.45919354838709675,90.5,0.0,1.0,0.11,avoid:white,0
1786510787.6105134,13.633853772635064,0.46391129032258066,91.0,0.6479591836734694,1.0,0.11,avoid:white,0
1786510787.679247,13.822014007334671,0.45919354838709675,90.5,0.0,1.0,0.11,avoid:white,0
1786510787.7540832,13.970459244055945,0.45919354838709675,91.0,0.652295918367347,1.0,0.11,avoid:white,0
1786510787.8327107,13.884470164662321,0.4544758064516129,90.5,0.6477678571428572,1.0,0.11,avoid:white,0
1786510787.902555,13.642567119331027,0.45919354838709675,91.0,0.6525510204081633,1.0,0.11,avoid:white,0
1786510787.9762917,13.723603304008277,0.45919354838709675,90.5,0.6479591836734694,1.0,0.11,avoid:white,0
1786510788.0450618,13.757906118260504,0.45919354838709675,91.0,0.6479591836734694,1.0,0.11,avoid:white,0
1786510788.1185882,13.891740996073489,0.45919354838709675,90.5,0.0,1.0,0.11,avoid:white,0
1786510788.191082,13.851095961634043,0.45919354838709675,91.0,0.6517857142857143,1.0,0.11,avoid:white,0
1786510788.263841,13.791458914534173,0.45919354838709675,91.0,0.6475446428571429,1.0,0.11,avoid:white,0
1786510788.335382,13.818150551150762,0.45919354838709675,90.5,0.6477678571428572,1.0,0.11,avoid:white,0
1786510788.4044316,13.86457789508488,0.45919354838709675,90.5,0.6477040816326531,1.0,0.11,avoid:white,0
1786510788.476022,13.97809783417287,0.45919354838709675,90.5,0.6475446428571429,1.0,0.11,avoid:white,0
1786510788.5469553,13.961284550791857,0.45919354838709675,90.5,0.6517857142857143,1.0,0.11,avoid:white,0
1786510788.617616,13.952957090530338,0.45919354838709675,90.5,0.6478635204081633,1.0,0.11,avoid:white,0
1786510788.687939,13.911653081171233,0.45919354838709675,91.0,0.6477040816326531,1.0,0.11,avoid:white,0
1786510788.7574997,14.114801111728948,0.4544758064516129,90.5,0.6517857142857143,1.0,0.11,avoid:white,0
1786510788.8287737,14.143169033049922,0.45919354838709675,90.5,0.6520089285714286,1.0,0.11,avoid:white,0
1786510788.9000297,14.13504911729122,0.45919354838709675,90.5,0.6517857142857143,1.0,0.11,avoid:white,0
1786510788.9717758,14.126842958039614,0.46391129032258066,90.5,0.0,1.0,0.11,avoid:white,0
1786510789.0497928,14.079932827952305,0.45919354838709675,91.0,0.6517857142857143,1.0,0.11,avoid:white,0
1786510789.1214452,13.824941518386115,0.45919354838709675,91.0,0.6477040816326531,1.0,0.11,avoid:white,0
1786510789.1918242,13.853437825293138,0.45919354838709675,91.0,0.6477678571428572,1.0,0.11,avoid:white,0
1786510789.2753325,13.939844710038367,0.45919354838709675,90.5,0.0,1.0,0.11,avoid:white,0
1786510789.345483,13.532831493654127,0.45919354838709675,91.0,0.0,1.0,0.11,avoid:white,0
1786510789.4185596,13.687606948456507,0.45919354838709675,90.5,0.0,1.0,0.11,avoid:white,0
1786510789.5005774,13.675369002550852,0.45919354838709675,91.0,0.6520408163265307,1.0,0.11,avoid:white,0
1786510789.5734937,13.39333759277048,0.45919354838709675,91.0,0.6475446428571429,1.0,0.11,avoid:white,0
1786510789.6398408,13.445333478659574,0.45919354838709675,91.0,0.6478635204081633,1.0,0.11,avoid:white,0
1786510789.7143097,13.777753070467625,0.45919354838709675,91.0,0.6478635204081633,1.0,0.11,avoid:white,0
1786510789.7900963,13.648316598427307,0.45919354838709675,90.5,0.6477678571428572,1.0,0.11,avoid:white,0
1786510789.860566,13.631098424620504,0.45919354838709675,90.5,0.6517857142857143,1.0,0.11,avoid:white,0
1786510789.9351704,13.743666844590912,0.45919354838709675,91.0,0.6478635204081633,1.0,0.11,avoid:white,0
1786510790.0063376,13.653042060497304,0.45919354838709675,90.5,0.6520089285714286,1.0,0.11,avoid:white,0
1786510790.0759175,13.68950378709754,0.45919354838709675,90.5,0.6477040816326531,1.0,0.11,avoid:white,0
1786510790.1483693,13.877916367508675,0.45919354838709675,91.0,0.6515625,1.0,0.11,avoid:white,0
1786510790.2220204,13.84224948929989,0.45919354838709675,91.0,0.652295918367347,1.0,0.11,avoid:white,0
1786510790.2913346,13.779877504662954,0.45919354838709675,90.5,0.6478635204081633,1.0,0.11,avoid:white,0
1786510790.3696742,13.924788067780604,0.45919354838709675,91.0,0.6520089285714286,1.0,0.11,avoid:white,0
1786510790.44321,13.707906193670166,0.45919354838709675,90.5,0.0,1.0,0.11,avoid:white,0
1786510790.5135002,13.70205228586316,0.45919354838709675,90.0,0.6479591836734694,1.0,0.11,avoid:white,0
1786510790.5893478,13.734544612290371,0.46391129032258066,90.5,0.6479591836734694,1.0,0.11,avoid:white,0
1786510790.665607,13.62739803943278,0.45919354838709675,90.5,0.6479591836734694,1.0,0.11,avoid:white,0
1786510790.7384655,13.581500900067663,0.45919354838709675,90.5,0.6479591836734694,1.0,0.11,avoid:white,0
1786510790.8118274,13.595270043479012,0.45919354838709675,91.0,0.6475446428571429,1.0,0.11,avoid:white,0
1786510790.8831103,13.60903264076768,0.45919354838709675,91.0,0.6477678571428572,1.0,0.11,avoid:white,0
1786510790.9538016,13.606738636740408,0.46391129032258066,91.0,0.6477040816326531,1.0,0.11,avoid:white,0
1786510791.0293298,13.750417419056639,0.45919354838709675,91.0,0.0,1.0,0.11,avoid:white,0
1786510791.1036654,13.708346941656155,0.45919354838709675,90.5,0.6524553571428572,1.0,0.11,avoid:white,0
1786510791.1755676,13.627126856395499,0.46391129032258066,91.0,0.0,1.0,0.11,avoid:white,0
1786510791.252892,13.68669095444299,0.46391129032258066,90.5,0.0,1.0,0.11,avoid:white,0
1786510791.319668,13.562343138072242,0.46391129032258066,91.0,0.0,1.0,0.11,avoid:white,0
1786510791.392223,13.742251979367353,0.45919354838709675,91.0,0.6517857142857143,1.0,0.11,avoid:white,0
1786510791.4638047,13.789830791428168,0.46391129032258066,90.5,0.6477040816326531,1.0,0.11,avoid:white,0
1786510791.5375764,13.860241843513464,0.45919354838709675,91.0,0.0,1.0,0.11,avoid:white,0
1786510791.6122298,13.816776827486104,0.45919354838709675,91.0,0.6475446428571429,1.0,0.11,avoid:white,0
1786510791.687821,13.734764621328548,0.45919354838709675,91.0,0.0,1.0,0.11,avoid:white,0
1786510791.7576568,13.582392637147787,0.45919354838709675,91.0,0.6473852040816327,1.0,0.11,avoid:white,0
1786510791.8259637,13.771363423728461,0.45919354838709675,90.5,0.6477040816326531,1.0,0.11,avoid:white,0
1786510791.9067094,13.959664109729019,0.45919354838709675,91.0,0.6475446428571429,1.0,0.11,avoid:white,0
1786510791.9884686,13.649393848833007,0.45919354838709675,91.0,0.0,1.0,0.11,avoid:white,0
1786510792.0583057,13.32775206835953,0.45919354838709675,91.0,0.6481505102040817,1.0,0.11,avoid:white,0
1786510792.1277516,13.571055835942495,0.46391129032258066,90.5,0.0,1.0,0.11,avoid:white,0
1786510792.201117,13.737548390111685,0.46391129032258066,91.0,0.6475446428571429,1.0,0.11,avoid:white,0
1786510792.277898,13.722264219048846,0.4544758064516129,91.0,0.6473852040816327,1.0,0.11,avoid:white,0
1786510792.3550005,13.570953843696817,0.45919354838709675,90.5,0.6475446428571429,1.0,0.11,avoid:white,0
1786510792.4245834,13.419664197005755,0.46391129032258066,91.0,0.0,1.0,0.11,avoid:white,0
1786510792.492958,13.641857933047508,0.45919354838709675,91.0,0.6517857142857143,1.0,0.11,avoid:white,0
1786510792.5701494,13.859800842878851,0.46391129032258066,91.0,0.6522321428571429,1.0,0.11,avoid:white,0
1786510792.6390777,13.647724517020404,0.45919354838709675,90.5,0.6477040816326531,1.0,0.11,avoid:white,0
1786510792.710421,13.85704829436095,0.46391129032258066,90.5,0.6477040816326531,1.0,0.11,avoid:white,0
1786510792.7849424,13.8325522445477,0.45919354838709675,91.0,0.0,1.0,0.11,avoid:white,0
1786510792.853437,13.791607723972572,0.45919354838709675,91.0,0.6517857142857143,1.0,0.11,avoid:white,0
1786510792.9229975,13.935375854974033,0.45919354838709675,90.5,0.6478635204081633,1.0,0.11,avoid:white,0
1786510793.000606,14.057366416429238,0.45919354838709675,91.0,0.6475446428571429,1.0,0.11,avoid:white,0
1786510793.077142,13.817847643554025,0.45919354838709675,91.0,0.6477040816326531,1.0,0.11,avoid:white,0
1786510793.1522987,13.636091188426683,0.45919354838709675,90.5,0.6515625,1.0,0.11,avoid:white,0
1786510793.2266216,13.603485044218154,0.45919354838709675,91.0,0.6520089285714286,1.0,0.11,avoid:white,0
1786510793.2935808,13.567237209214932,0.45919354838709675,91.0,0.6479591836734694,1.0,0.11,avoid:white,0
1786510793.3747907,13.619873274033866,0.45919354838709675,91.0,0.6475446428571429,1.0,0.11,avoid:white,0
1786510793.450731,13.491977587216677,0.45919354838709675,91.0,0.6479591836734694,1.0,0.11,avoid:white,0
1786510793.519885,13.458273915548709,0.45919354838709675,90.5,0.6477040816326531,1.0,0.11,avoid:white,0
1786510793.5875168,13.64593394765479,0.45919354838709675,91.0,0.6473852040816327,1.0,0.11,avoid:white,0
1786510793.6632268,13.864794356182056,0.46391129032258066,90.5,0.0,1.0,0.11,avoid:white,0
1786510793.7405453,13.66757852530794,0.45919354838709675,91.0,0.6473852040816327,1.0,0.11,avoid:white,0
1786510793.8112059,13.614097859028785,0.45919354838709675,91.0,0.6477678571428572,1.0,0.11,avoid:white,0
1786510793.8914235,13.590781567828891,0.45919354838709675,90.5,0.0,1.0,0.11,avoid:white,0
1786510793.9634497,13.47492348435038,0.45919354838709675,91.0,0.0,1.0,0.11,avoid:white,0
1786510794.0353727,13.572952025765202,0.45919354838709675,91.0,0.0,1.0,0.11,avoid:white,0
1786510794.1106133,13.63352892954801,0.4544758064516129,91.0,0.0,1.0,0.11,avoid:white,0
1786510794.1832263,13.564287825067726,0.45919354838709675,90.5,0.6520089285714286,1.0,0.11,avoid:white,0
1786510794.2552965,13.606020964514832,0.45919354838709675,90.5,0.0,1.0,0.11,avoid:white,0
1786510794.3303916,13.614775455602013,0.45919354838709675,91.0,0.0,1.0,0.11,avoid:white,0
1786510794.4005537,13.580982590276701,0.4544758064516129,90.5,0.6477678571428572,1.0,0.11,avoid:white,0
1786510794.4705637,13.743554774477273,0.45919354838709675,90.5,0.6520089285714286,1.0,0.11,avoid:white,0
1786510794.5473452,13.84578880377763,0.46391129032258066,91.0,0.6479591836734694,1.0,0.11,avoid:white,0
1786510794.6203516,13.681013724245831,0.45919354838709675,90.5,0.6515625,1.0,0.11,avoid:white,0
1786510794.6899092,13.691156828930845,0.46391129032258066,90.0,0.6478635204081633,1.0,0.11,avoid:white,0
1786510794.7737966,13.82778236714332,0.45919354838709675,90.5,0.6520089285714286,1.0,0.11,avoid:white,0
1786510794.851423,13.34609710840844,0.45919354838709675,90.5,0.6475446428571429,1.0,0.11,avoid:white,0
1786510794.9197938,13.37543238266082,0.45919354838709675,91.0,0.6481505102040817,1.0,0.11,avoid:white,0
1786510794.9921627,13.588340132903392,0.45919354838709675,90.5,0.6477040816326531,1.0,0.11,avoid:white,0
1786510795.065918,13.673947503755771,0.46391129032258066,91.0,0.6478635204081633,1.0,0.11,avoid:white,0
1786510795.1376815,13.64047675441173,0.45919354838709675,91.0,0.6477040816326531,1.0,0.11,avoid:white,0
1786510795.2122564,13.711359692488351,0.45919354838709675,91.0,0.0,1.0,0.11,avoid:white,0
1786510795.283023,13.645528783291557,0.45919354838709675,91.0,0.6473852040816327,1.0,0.11,avoid:white,0
1786510795.3547418,13.740193276097358,0.46391129032258066,90.5,0.6515625,1.0,0.11,avoid:white,0
1786510795.4267886,13.78690995507222,0.45919354838709675,91.0,0.0,1.0,0.11,avoid:white,0
1786510795.4963894,13.806505509477272,0.45919354838709675,91.0,0.6479591836734694,1.0,0.11,avoid:white,0
1786510795.5672743,13.90996162570641,0.45919354838709675,91.0,0.6473852040816327,1.0,0.11,avoid:white,0
1786510795.6461658,13.89874321609899,0.4544758064516129,90.5,0.0,1.0,0.11,avoid:white,0
1786510795.7158573,13.646076201084625,0.45919354838709675,91.0,0.6477040816326531,1.0,0.11,avoid:white,0
1786510795.785989,13.816522508029575,0.45919354838709675,91.0,0.6475446428571429,1.0,0.11,avoid:white,0
1786510795.862371,13.924027804735283,0.45919354838709675,90.0,0.6517857142857143,1.0,0.11,avoid:white,0
1786510795.933146,13.767164154131557,0.45919354838709675,91.0,0.6517857142857143,1.0,0.11,avoid:white,0
1786510796.0082288,13.835003677358875,0.4544758064516129,91.0,0.6477678571428572,1.0,0.11,avoid:white,0
1786510796.084704,13.730918909167382,0.46391129032258066,91.0,0.6481505102040817,1.0,0.11,avoid:white,0
1786510796.1643927,13.616199640617566,0.45919354838709675,91.0,0.6479591836734694,1.0,0.11,avoid:white,0
1786510796.2359657,13.400122834227046,0.45919354838709675,91.0,0.6517857142857143,1.0,0.11,avoid:white,0
1786510796.3105068,13.456816079570299,0.46391129032258066,90.5,0.6478635204081633,1.0,0.11,avoid:white,0
1786510796.3804276,13.501930804201919,0.45919354838709675,90.5,0.0,1.0,0.11,avoid:white,0
1786510796.4581344,13.52551351830586,0.45919354838709675,90.5,0.0,1.0,0.11,avoid:white,0
1786510796.5323315,13.495216844731909,0.45919354838709675,91.0,0.0,1.0,0.11,avoid:white,0
1786510796.6007698,13.49408541604309,0.45919354838709675,91.0,0.0,1.0,0.11,avoid:white,0
1786510796.6724954,13.69243584893266,0.45919354838709675,91.0,0.6520089285714286,1.0,0.11,avoid:white,0
1786510796.749632,13.738992714176955,0.0,204.56533378901764,0.0,1.0,0.11,avoid:white,0
1786510796.8211854,13.617755591521144,0.45919354838709675,91.0,0.6477040816326531,1.0,0.11,avoid:white,0
1786510796.891633,13.702161865037523,0.45919354838709675,91.0,0.6525510204081633,1.0,0.11,avoid:white,0
1786510796.9683092,13.779916668608196,0.46391129032258066,90.5,0.6475446428571429,1.0,0.11,avoid:white,0
1786510797.041084,13.633099306247276,0.45919354838709675,90.5,0.6477040816326531,1.0,0.11,avoid:white,0
1786510797.110312,13.655392943815883,0.45919354838709675,90.5,0.6478635204081633,1.0,0.11,avoid:white,0
1786510797.1878984,13.820887433919417,0.45919354838709675,91.0,0.0,1.0,0.11,avoid:white,0
1786510797.2589555,13.636117591844139,0.45919354838709675,90.5,0.6520089285714286,1.0,0.11,avoid:white,0
1786510797.332784,13.693174732085277,0.45919354838709675,91.0,0.652295918367347,1.0,0.11,avoid:white,0
1786510797.4058187,13.683196810260839,0.45919354838709675,91.0,0.6479591836734694,1.0,0.11,avoid:white,0
1786510797.471336,13.685160685798946,0.45919354838709675,90.5,0.6475446428571429,1.0,0.11,avoid:white,0
1786510797.5476344,14.001958283213582,0.45919354838709675,90.5,0.6475446428571429,1.0,0.11,avoid:white,0
1786510797.6199188,13.834673122162041,0.45919354838709675,91.0,0.6477678571428572,1.0,0.11,avoid:white,0
1786510797.6879218,13.831558332769411,0.45919354838709675,91.0,0.6475446428571429,1.0,0.11,avoid:white,0
1786510797.7590911,13.948160715745825,0.45919354838709675,90.0,0.0,1.0,0.11,avoid:white,0
1786510797.833015,14.02685943622567,0.46391129032258066,90.5,0.6475446428571429,1.0,0.11,avoid:white,0
1786510797.9023485,13.922958307998261,0.4544758064516129,91.0,0.6475446428571429,1.0,0.11,avoid:white,0
1786510797.9735253,14.014108445797309,0.45919354838709675,90.5,0.0,1.0,0.11,avoid:white,0
1786510798.0474343,14.015587847830211,0.0,201.0998803827743,0.0,1.0,0.11,avoid:white,0
1786510798.120589,13.924760229543708,0.45919354838709675,91.0,0.6481505102040817,1.0,0.11,avoid:white,0
1786510798.1907175,13.877384463638698,0.45919354838709675,91.0,0.652295918367347,1.0,0.11,avoid:white,0
1786510798.2599585,13.947448385790178,0.45919354838709675,91.0,0.6478635204081633,1.0,0.11,avoid:white,0
1786510798.3312745,13.954163006695318,0.45919354838709675,90.5,0.6479591836734694,1.0,0.11,avoid:white,0
1786510798.4041874,14.015518441435574,0.46391129032258066,90.5,0.0,1.0,0.11,avoid:white,0
1786510798.4828682,13.965553810039527,0.4544758064516129,90.5,0.0,1.0,0.11,avoid:white,0
1786510798.5516315,13.750970788888141,0.45919354838709675,90.5,0.0,1.0,0.11,avoid:white,0
1786510798.6224816,13.912261988094555,0.45919354838709675,91.0,0.0,1.0,0.11,avoid:white,0
1786510798.6995273,13.900097740345444,0.45919354838709675,91.0,0.6473852040816327,1.0,0.11,avoid:white,0
1786510798.7722776,13.743420500619834,0.46391129032258066,90.5,0.6475446428571429,1.0,0.11,avoid:white,0
1786510798.8473654,13.75976822643068,0.4544758064516129,91.0,0.6479591836734694,1.0,0.11,avoid:white,0
1786510798.931343,13.630932867578277,0.4544758064516129,91.0,0.6475446428571429,1.0,0.11,avoid:white,0
1786510799.005429,13.320497893140681,0.46391129032258066,91.0,0.6477040816326531,1.0,0.11,avoid:white,0
1786510799.070951,13.346854967466626,0.45919354838709675,91.0,0.6479591836734694,1.0,0.11,avoid:white,0
1786510799.1457515,13.716505542747406,0.45919354838709675,90.5,0.0,1.0,0.11,avoid:white,0
1786510799.2254567,13.666482193361642,0.45919354838709675,90.5,0.0,1.0,0.11,avoid:white,0
1786510799.2960377,13.448130594336,0.4544758064516129,91.0,0.0,1.0,0.11,avoid:white,0
1786510799.3694448,13.58232244822589,0.46391129032258066,91.0,0.6473852040816327,1.0,0.11,avoid:white,0
1786510799.4407601,13.548105766996013,0.45919354838709675,90.5,0.6517857142857143,1.0,0.11,avoid:white,0
1786510799.5139797,13.675806507448886,0.45919354838709675,91.0,0.6479591836734694,1.0,0.11,avoid:white,0
1786510799.5893028,13.690263380244007,0.45919354838709675,91.0,0.6479591836734694,1.0,0.11,avoid:white,0
1786510799.6624753,13.563285704138424,0.45919354838709675,90.5,0.6481505102040817,1.0,0.11,avoid:white,0
1786510799.7390816,13.609827086213627,0.45919354838709675,91.0,0.6477040816326531,1.0,0.11,avoid:white,0
1786510799.8183894,13.49245985787632,0.0,201.74191159717435,0.0,1.0,0.11,avoid:white,0
1786510799.8894985,13.28789113056699,0.45919354838709675,90.5,0.0,1.0,0.11,avoid:white,0
1786510799.9649332,13.457272116180468,0.4544758064516129,91.0,0.6475446428571429,1.0,0.11,avoid:white,0
1786510800.0406482,13.424795022597966,0.45919354838709675,91.0,0.6477040816326531,1.0,0.11,avoid:white,0
1786510800.1151876,13.404337404351091,0.45919354838709675,91.0,0.6522321428571429,1.0,0.11,avoid:white,0
1786510800.1883268,13.413834215607656,0.45919354838709675,91.0,0.0,1.0,0.11,avoid:white,0
1786510800.2660792,13.442187296543256,0.45919354838709675,90.5,0.6479591836734694,1.0,0.11,avoid:white,0
1786510800.3474724,13.358729678220707,0.46391129032258066,91.0,0.6475446428571429,1.0,0.11,avoid:white,0
1786510800.4218104,13.109974405777518,0.45919354838709675,91.0,0.0,1.0,0.11,avoid:white,0
1786510800.4976227,13.201795339772533,0.45919354838709675,91.0,0.6522321428571429,1.0,0.11,avoid:white,0
1786510800.5722282,13.197485507782858,0.45919354838709675,90.5,0.0,1.0,0.11,avoid:white,0
1786510800.6399114,13.202799832365178,0.45919354838709675,91.0,0.6477040816326531,1.0,0.11,avoid:white,0
1786510800.7110076,13.563039669061906,0.45919354838709675,90.5,0.6522321428571429,1.0,0.11,avoid:white,0
1786510800.7827709,13.684327939396216,0.45919354838709675,91.0,0.6478635204081633,1.0,0.11,avoid:white,0
1786510800.854361,13.680710804740858,0.45919354838709675,90.5,0.6477040816326531,1.0,0.11,avoid:white,0
1786510800.9331748,13.733553064534414,0.46391129032258066,90.5,0.6520089285714286,1.0,0.11,avoid:white,0
1786510801.0084357,13.536874982401315,0.45919354838709675,90.5,0.6475446428571429,1.0,0.11,avoid:white,0
1786510801.0843709,13.525867972847813,0.45919354838709675,91.0,0.6475446428571429,1.0,0.11,avoid:white,0
1786510801.155818,13.442079242797288,0.45919354838709675,90.5,0.0,1.0,0.11,avoid:white,0
1786510801.2274768,13.552651867778517,0.45919354838709675,91.0,0.6475446428571429,1.0,0.11,avoid:white,0
1786510801.299462,13.646854784571351,0.45919354838709675,91.0,0.6477040816326531,1.0,0.11,avoid:white,0
1786510801.3769417,13.673681952209222,0.45919354838709675,90.5,0.6481505102040817,1.0,0.11,avoid:white,0
1786510801.4498086,13.52655215273051,0.46391129032258066,91.0,0.6475446428571429,1.0,0.11,avoid:white,0
1786510801.5237253,13.511950988296311,0.45919354838709675,91.0,0.6520089285714286,1.0,0.11,avoid:white,0
1786510801.603049,13.520918109272936,0.45919354838709675,91.0,0.6517857142857143,1.0,0.11,avoid:white,0
1786510801.6811187,13.372910252147104,0.4544758064516129,90.5,0.0,1.0,0.11,avoid:white,0
1786510801.760739,13.248845110519188,0.45919354838709675,90.5,0.6475446428571429,1.0,0.11,avoid:white,0
1786510801.8338027,13.125522582937732,0.45919354838709675,90.5,0.6520089285714286,1.0,0.11,avoid:white,0
1786510801.9045973,13.253790107313808,0.45919354838709675,91.0,0.0,1.0,0.11,avoid:white,0
1786510801.9790218,13.355058351199897,0.45919354838709675,90.0,0.0,1.0,0.11,avoid:white,0
1786510802.0533197,13.440005418580972,0.45919354838709675,90.5,0.6475446428571429,1.0,0.11,avoid:white,0
1786510802.1276631,13.435969442943627,0.45919354838709675,91.0,0.0,1.0,0.11,avoid:white,0
1786510802.1995096,13.440876979916535,0.45919354838709675,90.5,0.6477040816326531,1.0,0.11,avoid:white,0
1786510802.2719765,13.540432723441427,0.45919354838709675,91.0,0.0,1.0,0.11,avoid:white,0
1786510802.345847,13.578132344275925,0.45919354838709675,91.0,0.0,1.0,0.11,avoid:white,0
1786510802.420398,13.531997433642681,0.4544758064516129,90.0,0.0,1.0,0.11,avoid:white,0
1786510802.4958944,13.55927057459123,0.4544758064516129,91.0,0.6522321428571429,1.0,0.11,avoid:white,0
1786510802.5672874,13.500670749027806,0.46391129032258066,91.0,0.0,1.0,0.11,avoid:white,0
1786510802.6427824,13.598336169017285,0.45919354838709675,91.0,0.6477040816326531,1.0,0.11,avoid:white,0
1786510802.7147563,13.531903055819576,0.45919354838709675,91.0,0.0,1.0,0.11,avoid:white,0
1786510802.7863867,13.595840563737951,0.45919354838709675,91.0,0.0,1.0,0.11,avoid:white,0
1786510802.8605385,13.617155902966276,0.45919354838709675,91.0,0.6517857142857143,1.0,0.11,avoid:white,0
1786510802.937279,13.653668928996808,0.45919354838709675,91.0,0.0,1.0,0.11,avoid:white,0
1786510803.0148604,13.465265580566584,0.45919354838709675,91.0,0.0,1.0,0.11,avoid:white,0
1786510803.1012678,13.408377541271278,0.45919354838709675,91.0,0.6513392857142858,1.0,0.11,avoid:white,0
1786510803.174737,13.042426439714141,0.0,196.33878730918164,0.0,1.0,0.11,avoid:white,0
1786510803.252867,13.14800245778645,0.4544758064516129,90.5,0.6475446428571429,1.0,0.11,avoid:white,0
1786510803.3312774,13.067472985329923,0.45919354838709675,91.0,0.0,1.0,0.11,avoid:white,0
1786510803.4099348,12.978936366960259,0.45919354838709675,90.5,0.0,1.0,0.11,avoid:white,0
1786510803.479345,12.927136900546245,0.45919354838709675,91.0,0.6475446428571429,1.0,0.11,avoid:white,0
1786510803.5487714,13.228260017975352,0.45919354838709675,90.5,0.6479591836734694,1.0,0.11,avoid:white,0
1786510803.6204,13.522045893914358,0.45919354838709675,90.5,0.6477040816326531,1.0,0.11,avoid:white,0
1786510803.6927688,13.605750378784052,0.45919354838709675,91.0,0.6477040816326531,1.0,0.11,avoid:white,0
1786510803.764003,13.629897666981314,0.0,202.15308557909918,0.0,1.0,0.11,avoid:white,0
1786510803.8349361,13.716303287194826,0.45919354838709675,90.5,0.6477040816326531,1.0,0.11,avoid:white,0
1786510803.9045455,13.79881185923493,0.45919354838709675,91.0,0.0,1.0,0.11,avoid:white,0
1786510803.977556,13.925396069376344,0.45919354838709675,90.5,0.0,1.0,0.11,avoid:white,0
1786510804.0518398,13.83221823118059,0.0,185.20745044429134,0.0,1.0,0.11,avoid:white,0
1786510804.1244555,13.757832599233906,0.45919354838709675,90.5,0.6475446428571429,1.0,0.11,avoid:white,0
1786510804.193791,13.748667601223524,0.45919354838709675,90.5,0.6477040816326531,1.0,0.11,avoid:white,0
1786510804.27122,13.898711705735273,0.45919354838709675,90.0,0.6477678571428572,1.0,0.11,avoid:white,0
1786510804.3458738,13.735625898459672,0.45919354838709675,91.0,0.6477678571428572,1.0,0.11,avoid:white,0
1786510804.41995,13.645095808407477,0.45919354838709675,91.0,0.6475446428571429,1.0,0.11,avoid:white,0
1786510804.5014176,13.639046895345558,0.45919354838709675,91.0,0.0,1.0,0.11,avoid:white,0
1786510804.5747056,13.363379159767096,0.46391129032258066,91.0,0.6475446428571429,1.0,0.11,avoid:white,0
1786510804.647566,13.381740710762646,0.45919354838709675,90.5,0.6477678571428572,1.0,0.11,avoid:white,0
1786510804.7281115,13.473256549574518,0.45919354838709675,90.5,0.6475446428571429,1.0,0.11,avoid:white,0
1786510804.7988257,13.281181829948197,0.45919354838709675,90.5,0.6479591836734694,1.0,0.11,avoid:white,0
1786510804.8710635,13.457344964610488,0.4544758064516129,91.0,0.0,1.0,0.11,avoid:white,0
1786510804.9477737,13.472234232959924,0.45919354838709675,91.0,0.0,1.0,0.11,avoid:white,0
1786510805.0210507,13.44016056805078,0.45919354838709675,90.5,0.6475446428571429,1.0,0.11,avoid:white,0
1786510805.0961847,13.482329744534365,0.46391129032258066,91.0,0.0,1.0,0.11,avoid:white,0
1786510805.176224,13.450747974565164,0.45919354838709675,91.0,0.6517857142857143,1.0,0.11,avoid:white,0
1786510805.2483113,13.250180226491446,0.45919354838709675,90.5,0.0,1.0,0.11,avoid:white,0
1786510805.3163354,13.375136983905374,0.45919354838709675,91.0,0.0,1.0,0.11,avoid:white,0
1786510805.3942096,13.652747154645962,0.46391129032258066,90.5,0.0,1.0,0.11,avoid:white,0
1786510805.46327,13.437506616790783,0.46391129032258066,91.0,0.6477678571428572,1.0,0.11,avoid:white,0
1786510805.5340083,13.716488527113466,0.45919354838709675,91.0,0.6520089285714286,1.0,0.11,avoid:white,0
1786510805.6060727,13.727915912106676,0.45919354838709675,90.5,0.0,1.0,0.11,avoid:white,0
1786510805.6757376,13.826484598126996,0.4544758064516129,90.5,0.6475446428571429,1.0,0.11,avoid:white,0
1786510805.7494085,13.90027173037103,0.45919354838709675,90.5,0.6517857142857143,1.0,0.11,avoid:white,0
1786510805.8267238,13.827796950044917,0.45919354838709675,91.0,0.6520089285714286,1.0,0.11,avoid:white,0
1786510805.908285,13.614622712904767,0.45919354838709675,91.0,0.6479591836734694,1.0,0.11,avoid:white,0
1786510805.9770067,13.40182937362925,0.45919354838709675,90.5,0.6475446428571429,1.0,0.11,avoid:white,0
1786510806.0514996,13.622139199696903,0.45919354838709675,91.0,0.6477040816326531,1.0,0.11,avoid:white,0
1786510806.1203752,13.547620425481684,0.4497580645161291,91.0,0.6477040816326531,1.0,0.11,avoid:white,0
1786510806.1957517,13.600117058496647,0.45919354838709675,90.5,0.0,1.0,0.11,avoid:white,0
1786510806.2671926,13.714623676197156,0.45919354838709675,91.0,0.6522321428571429,1.0,0.11,avoid:white,0
1786510806.3344674,13.778147947480134,0.45919354838709675,91.0,0.0,1.0,0.11,avoid:white,0
1786510806.4071481,13.899451597792359,0.45919354838709675,90.5,0.0,1.0,0.11,avoid:white,0
1786510806.4847577,13.945347196407518,0.45919354838709675,91.0,0.0,1.0,0.11,avoid:white,0
1786510806.553663,13.713921156774678,0.46391129032258066,91.0,0.6475446428571429,1.0,0.11,avoid:white,0
1786510806.6282582,13.890484574999645,0.45919354838709675,90.0,0.6481505102040817,1.0,0.11,avoid:white,0
1786510806.7056968,13.812876217534075,0.45919354838709675,90.5,0.6479591836734694,1.0,0.11,avoid:white,0
1786510806.7768996,13.619818466826942,0.4544758064516129,91.0,0.6477040816326531,1.0,0.11,avoid:white,0
1786510806.8504224,13.720661582793653,0.45919354838709675,90.5,0.6473852040816327,1.0,0.11,avoid:white,0
1786510806.92967,13.612375857333104,0.45919354838709675,90.5,0.6520089285714286,1.0,0.11,avoid:white,0
1786510807.0021138,13.446707924981666,0.45919354838709675,91.0,0.6478635204081633,1.0,0.11,avoid:white,0
1786510807.072617,13.540746908219464,0.0,207.88569434950978,0.0,1.0,0.11,avoid:white,0
1786510807.14951,13.67105199946265,0.45919354838709675,90.0,0.0,1.0,0.11,avoid:white,0
1786510807.2215908,13.559359712358601,0.45919354838709675,91.0,0.6477040816326531,1.0,0.11,avoid:white,0
1786510807.293281,13.62144619219195,0.4544758064516129,90.5,0.0,1.0,0.11,avoid:white,0
1786510807.3639743,13.688718415177952,0.45919354838709675,90.5,0.0,1.0,0.11,avoid:white,0
1786510807.4348025,13.76662844909808,0.45919354838709675,91.0,0.6517857142857143,1.0,0.11,avoid:white,0
1786510807.506698,13.83594590093645,0.45919354838709675,91.0,0.6517857142857143,1.0,0.11,avoid:white,0
1786510807.5827057,13.819562617482127,0.45919354838709675,91.0,0.6517857142857143,1.0,0.11,avoid:white,0
1786510807.658004,13.697299286132704,0.45919354838709675,90.5,0.6478635204081633,1.0,0.11,avoid:white,0
1786510807.7322578,13.598689218458023,0.46391129032258066,90.5,0.0,1.0,0.11,avoid:white,0
1786510807.804411,13.609583685854048,0.4544758064516129,91.0,0.6473852040816327,1.0,0.11,avoid:white,0
1786510807.8778973,13.649105677037365,0.46391129032258066,91.0,0.6475446428571429,1.0,0.11,avoid:white,0
1786510807.9509468,13.620827552243975,0.45919354838709675,90.5,0.0,1.0,0.11,avoid:white,0
1786510808.0244224,13.636242195926073,0.45919354838709675,91.0,0.6478635204081633,1.0,0.11,avoid:white,0
1786510808.0998356,13.636590572099689,0.4544758064516129,90.5,0.6522321428571429,1.0,0.11,avoid:white,0
1786510808.1685503,13.570119921911715,0.45919354838709675,91.0,0.0,1.0,0.11,avoid:white,0
1786510808.2491035,13.752457097066603,0.45919354838709675,90.5,0.6475446428571429,1.0,0.11,avoid:white,0
1786510808.3194218,13.517434395322587,0.45919354838709675,91.0,0.6477040816326531,1.0,0.11,avoid:white,0
1786510808.391147,13.624558263233764,0.45919354838709675,91.0,0.6477040816326531,1.0,0.11,avoid:white,0
1786510808.4694211,13.675391656293938,0.45919354838709675,90.5,0.6477040816326531,1.0,0.11,avoid:white,0
1786510808.5416331,13.522251387642552,0.46391129032258066,90.5,0.6525510204081633,1.0,0.11,avoid:white,0
1786510808.617607,13.58888291510791,0.45919354838709675,91.0,0.6477040816326531,1.0,0.11,avoid:white,0
1786510808.695005,13.510201039199902,0.45919354838709675,90.5,0.0,1.0,0.11,avoid:white,0
1786510808.7652729,13.393589636435376,0.45919354838709675,91.0,0.0,1.0,0.11,avoid:white,0
1786510808.8367114,13.544876918619757,0.4544758064516129,90.5,0.0,1.0,0.11,avoid:white,0
1786510808.9145932,13.532176754695408,0.0,197.99350649350583,0.0,1.0,0.11,avoid:white,0
1786510808.9883451,13.502262664846757,0.45919354838709675,90.5,0.0,1.0,0.11,avoid:white,0
1786510809.0618172,13.49528063683151,0.45919354838709675,90.5,0.6475446428571429,1.0,0.11,avoid:white,0
1786510809.139002,13.521771049007768,0.46391129032258066,91.0,0.0,1.0,0.11,avoid:white,0
1786510809.2097347,13.397321817441567,0.46391129032258066,91.0,0.6481505102040817,1.0,0.11,avoid:white,0
1786510809.2816072,13.54358304624325,0.45919354838709675,90.5,0.6480229591836735,1.0,0.11,avoid:white,0
1786510809.359586,13.633463287694608,0.4544758064516129,90.5,0.6520089285714286,1.0,0.11,avoid:white,0
1786510809.4283218,13.478995588155668,0.45919354838709675,90.5,0.6522321428571429,1.0,0.11,avoid:white,0
1786510809.5007324,13.702506408119646,0.46391129032258066,90.5,0.6522321428571429,1.0,0.11,avoid:white,0
1786510809.5755932,13.703490323632842,0.46391129032258066,90.5,0.6477040816326531,1.0,0.11,avoid:white,0
1786510809.6493218,13.626604207110908,0.45919354838709675,90.0,0.6515625,1.0,0.11,avoid:white,0
1786510809.720455,13.549766816256003,0.45919354838709675,91.0,0.6477678571428572,1.0,0.11,avoid:white,0
1786510809.7952325,13.63682840033021,0.46391129032258066,90.5,0.6515306122448979,1.0,0.11,avoid:white,0
1786510809.866433,13.69033777487765,0.45919354838709675,91.0,0.0,1.0,0.11,avoid:white,0
1786510809.939176,13.69852179248108,0.45919354838709675,91.0,0.6522321428571429,1.0,0.11,avoid:white,0
1786510810.0230613,13.771653739338138,0.45919354838709675,91.0,0.6475446428571429,1.0,0.11,avoid:white,0
1786510810.0979192,13.347918934982568,0.45919354838709675,90.5,0.6475446428571429,1.0,0.11,avoid:white,0
1786510810.170738,13.405800211134054,0.45919354838709675,90.0,0.6477040816326531,1.0,0.11,avoid:white,0
1786510810.2449112,13.469319402372689,0.45919354838709675,91.0,0.6475446428571429,1.0,0.11,avoid:white,0
1786510810.3186307,13.427300777918681,0.45919354838709675,91.0,0.0,1.0,0.11,avoid:white,0
1786510810.388705,13.449803982989916,0.45919354838709675,90.5,0.6520089285714286,1.0,0.11,avoid:white,0
1786510810.4590716,13.690708442002407,0.45919354838709675,90.5,0.6475446428571429,1.0,0.11,avoid:white,0
1786510810.5309489,13.793942774609754,0.45919354838709675,90.5,0.6478635204081633,1.0,0.11,avoid:white,0
1786510810.6045437,13.787217937238491,0.45919354838709675,91.0,0.6517857142857143,1.0,0.11,avoid:white,0
1786510810.6789763,13.77963470500321,0.45919354838709675,90.5,0.647576530612245,1.0,0.11,avoid:white,0
1786510810.7464604,13.655296683711953,0.45919354838709675,91.0,0.6567283163265306,1.0,0.11,avoid:white,0
1786510810.817027,13.890670201368156,0.45919354838709675,91.0,0.6479591836734694,1.0,0.11,avoid:white,0
1786510810.8922746,14.006860459167351,0.45919354838709675,91.0,0.6517857142857143,1.0,0.11,avoid:white,0
1786510810.9634545,13.862627595588279,0.46391129032258066,90.5,0.653061224489796,1.0,0.11,avoid:white,0
1786510811.033959,13.884973364683638,0.4544758064516129,90.5,0.6475446428571429,1.0,0.11,avoid:white,0
1786510811.1084707,13.93451336828613,0.45919354838709675,91.0,0.0,1.0,0.11,avoid:white,0
1786510811.1761763,13.856737542504955,0.45919354838709675,91.0,0.0,1.0,0.11,avoid:white,0
1786510811.2419822,14.021270306110775,0.45919354838709675,90.5,0.6475446428571429,1.0,0.11,avoid:white,0
1786510811.314041,14.27548929486889,0.45919354838709675,90.5,0.6520089285714286,1.0,0.11,avoid:white,0
1786510811.3932328,14.170161204537905,0.45919354838709675,91.0,0.6477678571428572,1.0,0.11,avoid:white,0
1786510811.467448,13.844956398402285,0.45919354838709675,91.0,0.6477678571428572,1.0,0.11,avoid:white,0
1786510811.5443816,13.804854799969812,0.45919354838709675,90.5,0.6517857142857143,1.0,0.11,avoid:white,0
1786510811.6132603,13.654014621482082,0.4544758064516129,90.5,0.6477040816326531,1.0,0.11,avoid:white,0
1786510811.6880512,13.813016323429775,0.45919354838709675,90.5,0.6478635204081633,1.0,0.11,avoid:white,0
1786510811.764242,13.679033217416912,0.45919354838709675,90.5,0.6479591836734694,1.0,0.11,avoid:white,0
1786510811.8363872,13.601329612330256,0.45919354838709675,91.0,0.6517857142857143,1.0,0.11,avoid:white,0
1786510811.90848,13.669215833239871,0.45919354838709675,90.5,0.6477040816326531,1.0,0.11,avoid:white,0
1786510811.9802997,13.70380935448664,0.45919354838709675,90.5,0.6475446428571429,1.0,0.11,avoid:white,0
1786510812.0508451,13.738128537807501,0.45919354838709675,90.5,0.6475446428571429,1.0,0.11,avoid:white,0
1786510812.1240623,13.823725717474867,0.45919354838709675,90.5,0.6520089285714286,1.0,0.11,avoid:white,0
1786510812.1997018,13.807154336936138,0.45919354838709675,91.0,0.6520089285714286,1.0,0.11,avoid:white,0
1786510812.270976,13.66863569371159,0.45919354838709675,90.5,0.6517857142857143,1.0,0.11,avoid:white,0
1786510812.3402731,13.771886698343218,0.46391129032258066,90.5,0.6520089285714286,1.0,0.11,avoid:white,0
1786510812.4148774,13.906702990075853,0.45919354838709675,91.0,0.6522321428571429,1.0,0.11,avoid:white,0
1786510812.48323,13.793904118464212,0.45919354838709675,91.0,0.6477040816326531,1.0,0.11,avoid:white,0
1786510812.5557973,13.971077652430708,0.45919354838709675,90.0,0.6479591836734694,1.0,0.11,avoid:white,0
1786510812.632785,13.930808775338049,0.45919354838709675,91.0,0.647576530612245,1.0,0.11,avoid:white,0
1786510812.705858,13.729299693880916,0.45919354838709675,91.0,0.6520089285714286,1.0,0.11,avoid:white,0
1786510812.7827096,13.7226310023104,0.46862903225806457,90.5,0.6481505102040817,1.0,0.11,avoid:white,0
1786510812.8615751,13.53942465611308,0.45919354838709675,91.0,0.6475446428571429,1.0,0.11,avoid:white,0
1786510812.9329128,13.42240590340311,0.45919354838709675,90.5,0.6513392857142858,1.0,0.11,avoid:white,0
1786510813.003823,13.541318825598758,0.45919354838709675,91.0,0.6525510204081633,1.0,0.11,avoid:white,0
1786510813.0832462,13.611907636683146,0.45919354838709675,90.5,0.6520089285714286,1.0,0.11,avoid:white,0
1786510813.15697,13.396458466728491,0.45919354838709675,91.0,0.6481505102040817,1.0,0.11,avoid:white,0
1786510813.225667,13.485565523784008,0.45919354838709675,90.5,0.6477678571428572,1.0,0.11,avoid:white,0
1786510813.3030984,13.676585605405055,0.45919354838709675,90.5,0.6477678571428572,1.0,0.11,avoid:white,0
1786510813.376053,13.539576676498328,0.45919354838709675,91.0,0.647576530612245,1.0,0.11,avoid:white,0
1786510813.449749,13.526888104039257,0.45919354838709675,91.0,0.6517857142857143,1.0,0.11,avoid:white,0
1786510813.525871,13.541356226619953,0.45919354838709675,91.0,0.6481505102040817,1.0,0.11,avoid:white,0
1786510813.5950615,13.485881026339248,0.45919354838709675,90.5,0.6475446428571429,1.0,0.11,avoid:white,0
1786510813.6652722,13.678035440468093,0.45919354838709675,91.0,0.6515625,1.0,0.11,avoid:white,0
1786510813.7404575,13.79306219436683,0.45919354838709675,91.0,0.6475446428571429,1.0,0.11,avoid:white,0
1786510813.8118188,13.688287170560756,0.45919354838709675,91.0,0.6515625,1.0,0.11,avoid:white,0
1786510813.8828576,13.772389300786223,0.45919354838709675,91.0,0.6477040816326531,1.0,0.11,avoid:white,0
1786510813.9563477,13.79097039641724,0.45919354838709675,90.5,0.0,1.0,0.11,avoid:white,0
1786510814.0293653,13.790058983076781,0.45919354838709675,90.5,0.6520089285714286,1.0,0.11,avoid:white,0
1786510814.1055145,13.715858469000768,0.45919354838709675,90.5,0.6473852040816327,1.0,0.11,avoid:white,0
1786510814.18643,13.643788289527752,0.45919354838709675,91.0,0.6478635204081633,1.0,0.11,avoid:white,0
1786510814.2590466,13.397952844343557,0.45919354838709675,91.0,0.6481505102040817,1.0,0.11,avoid:white,0
1786510814.3316345,13.474362598046998,0.45919354838709675,91.0,0.0,1.0,0.11,avoid:white,0
1786510814.4080088,13.53237258385555,0.45919354838709675,90.5,0.6475446428571429,1.0,0.11,avoid:white,0
1786510814.480371,13.446619194398654,0.45919354838709675,90.5,0.6478635204081633,1.0,0.11,avoid:white,0
1786510814.5495844,13.524351559144476,0.45919354838709675,91.0,0.6477040816326531,1.0,0.11,avoid:white,0
1786510814.6249795,13.688219215468083,0.46391129032258066,91.0,0.6475446428571429,1.0,0.11,avoid:white,0
1786510814.6978395,13.620781628857745,0.45919354838709675,90.5,0.6517857142857143,1.0,0.11,avoid:white,0
1786510814.7690375,13.563086083412824,0.45919354838709675,90.5,0.6477040816326531,1.0,0.11,avoid:white,0
1786510814.8447027,13.710193237918455,0.46391129032258066,90.5,0.6517857142857143,1.0,0.11,avoid:white,0
1786510814.9156847,13.621298888020485,0.4544758064516129,91.0,0.6475446428571429,1.0,0.11,avoid:white,0
1786510814.9883676,13.717869975995113,0.45919354838709675,91.0,0.6483418367346939,1.0,0.11,avoid:white,0
1786510815.0571568,13.727192316803157,0.45919354838709675,91.0,0.6475446428571429,1.0,0.11,avoid:white,0
1786510815.1283166,13.889198451095142,0.46391129032258066,91.0,0.6517857142857143,1.0,0.11,avoid:white,0
1786510815.201804,13.887651684659868,0.45919354838709675,91.0,0.6520089285714286,1.0,0.11,avoid:white,0
1786510815.2773616,13.84917191774936,0.45919354838709675,91.0,0.6475446428571429,1.0,0.11,avoid:white,0
1786510815.3508413,13.731904534037602,0.46391129032258066,91.0,0.6528061224489796,1.0,0.11,avoid:white,0
1786510815.4231122,13.723855393616091,0.45919354838709675,90.0,0.6475446428571429,1.0,0.11,avoid:white,0
1786510815.5009098,13.69840811261364,0.45919354838709675,91.0,0.6522321428571429,1.0,0.11,avoid:white,0
1786510815.5811644,13.53471662116657,0.45919354838709675,90.5,0.6477040816326531,1.0,0.11,avoid:white,0
1786510815.6563036,13.359698788536562,0.45919354838709675,90.5,0.0,1.0,0.11,avoid:white,0
1786510815.7260456,13.335919189125729,0.45919354838709675,90.0,0.6520089285714286,1.0,0.11,avoid:white,0
1786510815.8015432,13.485644932745751,0.46391129032258066,91.0,0.6475446428571429,1.0,0.11,avoid:white,0
1786510815.8761508,13.445715824576547,0.46391129032258066,91.0,0.6478635204081633,1.0,0.11,avoid:white,0
1786510815.9501543,13.493466039907531,0.45919354838709675,91.0,0.6477678571428572,1.0,0.11,avoid:white,0
1786510816.0218394,13.496095377818888,0.45919354838709675,91.0,0.6477678571428572,1.0,0.11,avoid:white,0
1786510816.0963714,13.575029207857526,0.46391129032258066,90.5,0.6477678571428572,1.0,0.11,avoid:white,0
1786510816.1657166,13.554985337000868,0.4544758064516129,91.0,0.6517857142857143,1.0,0.11,avoid:white,0
1786510816.2353287,13.713283576124578,0.45919354838709675,91.0,0.6564413265306123,1.0,0.11,avoid:white,0
1786510816.301732,13.842282532491675,0.45919354838709675,90.5,0.6524553571428572,1.0,0.11,avoid:white,0
1786510816.3755095,14.099743310124856,0.45919354838709675,91.0,0.6475446428571429,1.0,0.11,avoid:white,0
1786510816.4512026,13.875068278510996,0.45919354838709675,90.5,0.0,1.0,0.11,avoid:white,0
1786510816.522573,13.862268056795552,0.4544758064516129,91.0,0.6517857142857143,1.0,0.11,avoid:white,0
1786510816.600622,13.873988127540795,0.45919354838709675,90.5,0.6479591836734694,1.0,0.11,avoid:white,0
1786510816.6693,13.667312605246309,0.45919354838709675,90.5,0.6517857142857143,1.0,0.11,avoid:white,0
1786510816.7415657,13.844168152714103,0.46391129032258066,90.5,0.6477040816326531,1.0,0.11,avoid:white,0
1786510816.816357,13.839838839639173,0.45919354838709675,91.0,0.6477040816326531,1.0,0.11,avoid:white,0
1786510816.8897111,13.74752884037344,0.45919354838709675,90.5,0.0,1.0,0.11,avoid:white,0
1786510816.969701,13.740177822396417,0.45919354838709675,91.0,0.6477040816326531,1.0,0.11,avoid:white,0
1786510817.051172,13.454200039410194,0.4544758064516129,90.5,0.652295918367347,1.0,0.11,avoid:white,0
1786510817.1201947,13.252659466736576,0.45919354838709675,91.0,0.6522321428571429,1.0,0.11,avoid:white,0
1786510817.191321,13.508691864273803,0.45919354838709675,90.5,0.6475446428571429,1.0,0.11,avoid:white,0
1786510817.2673202,13.502795240449933,0.45919354838709675,91.0,0.6479591836734694,1.0,0.11,avoid:white,0
1786510817.3393123,13.534298410969576,0.45919354838709675,91.0,0.0,1.0,0.11,avoid:white,0
1786510817.4059958,13.615758912808868,0.4544758064516129,90.5,0.0,1.0,0.11,avoid:white,0
1786510817.47568,13.89013217873243,0.45919354838709675,90.5,0.6517857142857143,1.0,0.11,avoid:white,0
1786510817.5450728,13.91080860577597,0.46391129032258066,90.5,0.6520089285714286,1.0,0.11,avoid:white,0
1786510817.6178527,13.960187998732545,0.45919354838709675,91.0,0.6520089285714286,1.0,0.11,avoid:white,0
1786510817.6935532,14.01953147040001,0.45919354838709675,91.0,0.6520089285714286,1.0,0.11,avoid:white,0
1786510817.769608,13.72879563458523,0.45919354838709675,91.0,0.6520089285714286,1.0,0.11,avoid:white,0
1786510817.8429115,13.770249621225354,0.46391129032258066,91.0,0.6477678571428572,1.0,0.11,avoid:white,0
1786510817.9182725,13.698439987210671,0.45919354838709675,91.0,0.6475446428571429,1.0,0.11,avoid:white,0
1786510817.9871008,13.630567208744685,0.45919354838709675,90.5,0.6517857142857143,1.0,0.11,avoid:white,0
1786510818.0564313,13.790830674131671,0.45919354838709675,91.0,0.0,1.0,0.11,avoid:white,0
1786510818.1285903,13.948027061059223,0.46391129032258066,90.5,0.6520089285714286,1.0,0.11,avoid:white,0
1786510818.1992621,13.92913556846152,0.45919354838709675,91.0,0.6479591836734694,1.0,0.11,avoid:white,0
1786510818.268289,13.960879413318338,0.45919354838709675,91.0,0.6475446428571429,1.0,0.11,avoid:white,0
1786510818.343884,14.065180503712194,0.4544758064516129,91.0,0.0,1.0,0.11,avoid:white,0
1786510818.4204571,13.871655195176329,0.45919354838709675,91.0,0.6478635204081633,1.0,0.11,avoid:white,0
1786510818.4915528,13.747752672126394,0.45919354838709675,90.5,0.6479591836734694,1.0,0.11,avoid:white,0
1786510818.5639508,13.828787272441897,0.45919354838709675,91.0,0.6475446428571429,1.0,0.11,avoid:white,0
1786510818.6384876,13.823962264904285,0.45919354838709675,90.5,0.6477040816326531,1.0,0.11,avoid:white,0
1786510818.7119322,13.686272142364054,0.45919354838709675,90.5,0.0,1.0,0.11,avoid:white,0
1786510818.7886434,13.727323369736755,0.45919354838709675,91.0,0.6522321428571429,1.0,0.11,avoid:white,0
1786510818.8582036,13.581660369919936,0.45919354838709675,91.0,0.6475446428571429,1.0,0.11,avoid:white,0
1786510818.9332585,13.730835897247045,0.45919354838709675,90.5,0.6473852040816327,1.0,0.11,avoid:white,0
1786510819.0062659,13.656917141344808,0.45919354838709675,90.5,0.6477678571428572,1.0,0.11,avoid:white,0
1786510819.0787919,13.629860217673626,0.45919354838709675,91.0,0.6477040816326531,1.0,0.11,avoid:white,0
1786510819.15134,13.711722374097455,0.46391129032258066,91.0,0.6475446428571429,1.0,0.11,avoid:white,0
1786510819.2227225,13.70116412100548,0.4544758064516129,91.0,0.6517857142857143,1.0,0.11,avoid:white,0
1786510819.2941916,13.752070646309303,0.45919354838709675,91.0,0.6475446428571429,1.0,0.11,avoid:white,0
1786510819.3621452,13.82015605443248,0.45919354838709675,90.5,0.6517857142857143,1.0,0.11,avoid:white,0
1786510819.4369361,14.000473936872025,0.46391129032258066,91.0,0.6475446428571429,1.0,0.11,avoid:white,0
1786510819.5057514,13.794861942931092,0.45919354838709675,91.0,0.6475446428571429,1.0,0.11,avoid:white,0
1786510819.574926,14.066284277045607,0.45919354838709675,91.0,0.6477040816326531,1.0,0.11,avoid:white,0
1786510819.6487892,14.140910848974244,0.45919354838709675,91.0,0.6477678571428572,1.0,0.11,avoid:white,0
1786510819.7273855,14.023728029044978,0.45919354838709675,91.0,0.6481505102040817,1.0,0.11,avoid:white,0
1786510819.8068342,13.756964112333058,0.45919354838709675,90.5,0.6479591836734694,1.0,0.11,avoid:white,0
1786510819.879758,13.524827508182398,0.46391129032258066,91.0,0.6475446428571429,1.0,0.11,avoid:white,0
1786510819.9566085,13.560744498623187,0.46862903225806457,91.0,0.6478635204081633,1.0,0.11,avoid:white,0
1786510820.0336432,13.438755738535404,0.0,217.24260936431997,0.0,1.0,0.11,avoid:white,0
1786510820.1067185,13.35413373428158,0.45919354838709675,91.0,0.0,1.0,0.11,avoid:white,0
1786510820.174642,13.413760693254233,0.45919354838709675,91.0,0.6517857142857143,1.0,0.11,avoid:white,0
1786510820.248022,13.661562929194075,0.45919354838709675,91.0,0.0,1.0,0.11,avoid:white,0
1786510820.3220332,13.679083098522593,0.45919354838709675,91.0,0.6517857142857143,1.0,0.11,avoid:white,0
1786510820.3935516,13.647050293128363,0.45919354838709675,90.5,0.6477040816326531,1.0,0.11,avoid:white,0
1786510820.46437,13.675798276440165,0.45919354838709675,90.5,0.6520089285714286,1.0,0.11,avoid:white,0
1786510820.538707,13.798370946821553,0.45919354838709675,90.5,0.6517857142857143,1.0,0.11,avoid:white,0
1786510820.6075072,13.738824523452426,0.45919354838709675,91.0,0.6477040816326531,1.0,0.11,avoid:white,0
1786510820.677627,13.873703164318838,0.46391129032258066,91.0,0.6513392857142858,1.0,0.11,avoid:white,0
1786510820.7510955,13.956550233361916,0.45919354838709675,90.5,0.6522321428571429,1.0,0.11,avoid:white,0
1786510820.8241537,13.881370999677063,0.45919354838709675,90.0,0.6475446428571429,1.0,0.11,avoid:white,0
1786510820.8941317,13.859744793054864,0.46391129032258066,91.0,0.6479591836734694,1.0,0.11,avoid:white,0
1786510820.9687862,13.954732557003457,0.45919354838709675,90.0,0.6517857142857143,1.0,0.11,avoid:white,0
1786510821.0348384,13.84230871069878,0.45919354838709675,90.5,0.6475446428571429,1.0,0.11,avoid:white,0
1786510821.1047428,14.099566354913698,0.45919354838709675,91.0,0.647576530612245,1.0,0.11,avoid:white,0
1786510821.184746,14.05505303780327,0.45919354838709675,91.0,0.6478635204081633,1.0,0.11,avoid:white,0
1786510821.2571769,13.759333197216208,0.45919354838709675,91.0,0.6477040816326531,1.0,0.11,avoid:white,0
1786510821.326158,13.83088800190633,0.45919354838709675,91.0,0.6479591836734694,1.0,0.11,avoid:white,0
1786510821.4019759,13.89483242605766,0.45919354838709675,91.0,0.0,1.0,0.11,avoid:white,0
1786510821.4726777,13.781876839932007,0.4544758064516129,91.0,0.6479591836734694,1.0,0.11,avoid:white,0
1786510821.547852,13.894949012045227,0.45919354838709675,91.0,0.0,1.0,0.11,avoid:white,0
1786510821.6229923,13.759732701375295,0.45919354838709675,91.0,0.6517857142857143,1.0,0.11,avoid:white,0
1786510821.6970162,13.68533388188607,0.45919354838709675,91.0,0.6477678571428572,1.0,0.11,avoid:white,0
1786510821.7690222,13.65159599416773,0.45919354838709675,91.0,0.6475446428571429,1.0,0.11,avoid:white,0
1786510821.8427334,13.67174774472727,0.46391129032258066,90.5,0.652295918367347,1.0,0.11,avoid:white,0
1786510821.907465,13.672151355531106,0.45919354838709675,91.0,0.6515625,1.0,0.11,avoid:white,0
1786510821.979749,13.961536747287099,0.45919354838709675,91.0,0.0,1.0,0.11,avoid:white,0
1786510822.0501943,13.947762241920579,0.45919354838709675,90.0,0.0,1.0,0.11,avoid:white,0
1786510822.1210847,14.011370534985636,0.45919354838709675,91.0,0.6477040816326531,1.0,0.11,avoid:white,0
1786510822.1923902,14.017694591758797,0.45919354838709675,91.0,0.0,1.0,0.11,avoid:white,0
1786510822.2699225,13.971561088931397,0.45919354838709675,90.5,0.6477040816326531,1.0,0.11,avoid:white,0
1786510822.3417308,13.832133971890997,0.0,186.15753873319557,0.0,1.0,0.11,avoid:white,0
1786510822.4112628,13.84387413018117,0.45919354838709675,91.0,0.0,1.0,0.11,avoid:white,0
1786510822.4876213,13.946362047028867,0.45919354838709675,91.0,0.6522321428571429,1.0,0.11,avoid:white,0
1786510822.5701926,13.666910755896946,0.45919354838709675,91.0,0.6475446428571429,1.0,0.11,avoid:white,0
1786510822.6491241,13.355991913181118,0.45919354838709675,91.0,0.6477040816326531,1.0,0.11,avoid:white,0
1786510822.7232625,13.348335684685965,0.45919354838709675,90.5,0.0,1.0,0.11,avoid:white,0
1786510822.7979546,13.372696480510976,0.4544758064516129,90.5,0.6478635204081633,1.0,0.11,avoid:white,0
1786510822.8686087,13.372715438320856,0.45919354838709675,90.5,0.0,1.0,0.11,avoid:white,0
1786510822.9424922,13.535917798790168,0.45919354838709675,90.5,0.6515625,1.0,0.11,avoid:white,0
1786510823.0143993,13.481887687675739,0.45919354838709675,91.0,0.6522321428571429,1.0,0.11,avoid:white,0
1786510823.087116,13.58628497329798,0.45919354838709675,91.0,0.6479591836734694,1.0,0.11,avoid:white,0
1786510823.1623988,13.656829956659944,0.45919354838709675,91.0,0.0,1.0,0.11,avoid:white,0
1786510823.2311263,13.582033295335286,0.4544758064516129,91.0,0.6513392857142858,1.0,0.11,avoid:white,0
1786510823.3006868,13.776851568515035,0.45919354838709675,90.5,0.6477678571428572,1.0,0.11,avoid:white,0
1786510823.3777406,13.835179089946712,0.45919354838709675,91.0,0.6475446428571429,1.0,0.11,avoid:white,0
1786510823.4460046,13.688993183957129,0.45919354838709675,91.0,0.6478635204081633,1.0,0.11,avoid:white,0
1786510823.5174358,13.896146532819001,0.45919354838709675,91.0,0.6475446428571429,1.0,0.11,avoid:white,0
1786510823.5853314,13.934916225472536,0.45919354838709675,91.0,0.0,1.0,0.11,avoid:white,0
1786510823.6534276,14.071666200601353,0.45919354838709675,90.0,0.6475446428571429,1.0,0.11,avoid:white,0
1786510823.722426,14.197081361815005,0.45919354838709675,90.5,0.6479591836734694,1.0,0.11,avoid:white,0
1786510823.7971437,14.252897248643567,0.45919354838709675,90.0,0.6520089285714286,1.0,0.11,avoid:white,0
1786510823.8678315,14.057581065744728,0.45919354838709675,90.5,0.6517857142857143,1.0,0.11,avoid:white,0
1786510823.946037,14.1200869234759,0.46391129032258066,90.5,0.6477678571428572,1.0,0.11,avoid:white,0
1786510824.0208302,13.7967898087266,0.45919354838709675,90.5,0.6520089285714286,1.0,0.11,avoid:white,0
1786510824.0936809,13.752322095581782,0.45919354838709675,91.0,0.0,1.0,0.11,avoid:white,0
1786510824.1668737,13.769837382741411,0.45919354838709675,91.0,0.6520089285714286,1.0,0.11,avoid:white,0
1786510824.240177,13.744716917715554,0.4544758064516129,90.5,0.6515625,1.0,0.11,avoid:white,0
1786510824.3094044,13.728749672082158,0.46391129032258066,91.0,0.0,1.0,0.11,avoid:white,0
1786510824.3782651,13.848535092883134,0.45919354838709675,91.0,0.0,1.0,0.11,avoid:white,0
1786510824.4501593,13.98936455690852,0.45919354838709675,91.0,0.6517857142857143,1.0,0.11,avoid:white,0
1786510824.5212436,13.988614558454366,0.46391129032258066,91.0,0.6522321428571429,1.0,0.11,avoid:white,0
1786510824.5958538,14.003462171981553,0.46391129032258066,91.0,0.6477040816326531,1.0,0.11,avoid:white,0
1786510824.672148,13.869130554881817,0.45919354838709675,91.0,0.6475446428571429,1.0,0.11,avoid:white,0
1786510824.7470536,13.701505983866666,0.45919354838709675,91.0,0.0,1.0,0.11,avoid:white,0
1786510824.816707,13.654476924626312,0.45919354838709675,91.0,0.6478635204081633,1.0,0.11,avoid:white,0
1786510824.886362,13.795537865517261,0.45919354838709675,90.5,0.6517857142857143,1.0,0.11,avoid:white,0
1786510824.960448,13.915714889222926,0.45919354838709675,91.0,0.6478635204081633,1.0,0.11,avoid:white,0
1786510825.031105,13.781384240878705,0.45919354838709675,90.5,0.0,1.0,0.11,avoid:white,0
1786510825.1085954,13.909255683957419,0.46391129032258066,90.5,0.0,1.0,0.11,avoid:white,0
1786510825.1816235,13.694089887763047,0.45919354838709675,90.0,0.6477678571428572,1.0,0.11,avoid:white,0
1786510825.2528179,13.700333773806513,0.45919354838709675,91.0,0.6479591836734694,1.0,0.11,avoid:white,0
1786510825.3353984,13.742927515749354,0.46391129032258066,90.0,0.6477040816326531,1.0,0.11,avoid:white,0
1786510825.4100866,13.40994013842542,0.45919354838709675,91.0,0.6522321428571429,1.0,0.11,avoid:white,0
1786510825.4822838,13.440966430939024,0.46391129032258066,90.5,0.6473852040816327,1.0,0.11,avoid:white,0
1786510825.5584793,13.510915363307408,0.46391129032258066,91.0,0.0,1.0,0.11,avoid:white,0
1786510825.6326149,13.451083128881372,0.45919354838709675,90.5,0.6477040816326531,1.0,0.11,avoid:white,0
1786510825.7006905,13.461444289020587,0.45919354838709675,90.5,0.6524553571428572,1.0,0.11,avoid:white,0
1786510825.7726254,13.661630993022555,0.45919354838709675,91.0,0.647576530612245,1.0,0.11,avoid:white,0
1786510825.8443828,13.75420923671868,0.4544758064516129,91.0,0.6522321428571429,1.0,0.11,avoid:white,0
1786510825.9127338,13.789720983028767,0.46391129032258066,91.0,0.6475446428571429,1.0,0.11,avoid:white,0
1786510825.9852428,13.888469469612089,0.45919354838709675,91.0,0.6477678571428572,1.0,0.11,avoid:white,0
1786510826.0623813,13.878396185824602,0.45919354838709675,90.5,0.6473852040816327,1.0,0.11,avoid:white,0
1786510826.1310117,13.725638116421228,0.45919354838709675,90.5,0.6473852040816327,1.0,0.11,avoid:white,0
1786510826.2010767,13.8583773629568,0.45919354838709675,91.0,0.6477040816326531,1.0,0.11,avoid:white,0
1786510826.2759771,13.936728516032504,0.4544758064516129,90.5,0.0,1.0,0.11,avoid:white,0
1786510826.3483157,13.866395765736504,0.45919354838709675,91.0,0.6478635204081633,1.0,0.11,avoid:white,0
1786510826.420509,13.86986325320689,0.45919354838709675,90.5,0.6477040816326531,1.0,0.11,avoid:white,0
1786510826.492188,13.830715823175861,0.45919354838709675,90.5,0.6481505102040817,1.0,0.11,avoid:white,0
1786510826.565407,13.890321127247454,0.45919354838709675,91.0,0.6517857142857143,1.0,0.11,avoid:white,0
1786510826.6408172,13.825397753977281,0.45919354838709675,91.0,0.6477040816326531,1.0,0.11,avoid:white,0
1786510826.720985,13.66072727873742,0.4544758064516129,91.0,0.6479591836734694,1.0,0.11,avoid:white,0
1786510826.796046,13.477739135308756,0.45919354838709675,91.0,0.6517857142857143,1.0,0.11,avoid:white,0
1786510826.868061,13.441437472596899,0.45919354838709675,90.5,0.6475446428571429,1.0,0.11,avoid:white,0
1786510826.9350126,13.52143699140422,0.45919354838709675,90.5,0.6522321428571429,1.0,0.11,avoid:white,0
1786510827.0101829,13.820573436251275,0.45919354838709675,90.5,0.0,1.0,0.11,avoid:white,0
1786510827.0832064,13.681375553899368,0.45919354838709675,90.5,0.647576530612245,1.0,0.11,avoid:white,0
1786510827.1569705,13.719391553482302,0.45919354838709675,90.5,0.6477040816326531,1.0,0.11,avoid:white,0
1786510827.2300308,13.70165189637185,0.46391129032258066,90.5,0.6478635204081633,1.0,0.11,avoid:white,0
1786510827.3061228,13.681596941718661,0.46391129032258066,90.5,0.6481505102040817,1.0,0.11,avoid:white,0
1786510827.379845,13.514999671467036,0.45919354838709675,91.0,0.6477040816326531,1.0,0.11,avoid:white,0
1786510827.4488504,13.568011908831242,0.45919354838709675,91.0,0.0,1.0,0.11,avoid:white,0
1786510827.523943,13.741450498002337,0.46391129032258066,90.5,0.6475446428571429,1.0,0.11,avoid:white,0
1786510827.5968306,13.681989361365458,0.45919354838709675,91.0,0.6477040816326531,1.0,0.11,avoid:white,0
1786510827.6660857,13.710914023737196,0.45919354838709675,91.0,0.6520089285714286,1.0,0.11,avoid:white,0
1786510827.7377555,13.840157122867346,0.45919354838709675,90.5,0.6475446428571429,1.0,0.11,avoid:white,0
1786510827.811157,13.877830369248692,0.45919354838709675,90.5,0.6515625,1.0,0.11,avoid:white,0
1786510827.880634,13.792485317775082,0.45919354838709675,91.0,0.6517857142857143,1.0,0.11,avoid:white,0
1786510827.9564912,13.936249035553338,0.45919354838709675,91.0,0.6475446428571429,1.0,0.11,avoid:white,0
1786510828.0275483,13.795867041534056,0.45919354838709675,91.0,0.6517857142857143,1.0,0.11,avoid:white,0
1786510828.1139708,13.795135043216234,0.4544758064516129,91.0,0.6473852040816327,1.0,0.11,avoid:white,0
1786510828.1894495,13.372945950987766,0.45919354838709675,91.0,0.6478635204081633,1.0,0.11,avoid:white,0
1786510828.257681,13.36994331439723,0.45919354838709675,91.0,0.6517857142857143,1.0,0.11,avoid:white,0
1786510828.332267,13.61300254595866,0.45919354838709675,91.0,0.6522321428571429,1.0,0.11,avoid:white,0
1786510828.4084053,13.583534366199071,0.46391129032258066,91.0,0.0,1.0,0.11,avoid:white,0
1786510828.481723,13.484804191238231,0.46391129032258066,91.0,0.0,1.0,0.11,avoid:white,0
1786510828.5532205,13.516581797313705,0.46391129032258066,90.5,0.6517857142857143,1.0,0.11,avoid:white,0
1786510828.63069,13.60035313368404,0.46391129032258066,91.0,0.6479591836734694,1.0,0.11,avoid:white,0
1786510828.7062457,13.469775414193055,0.45919354838709675,90.5,0.6479591836734694,1.0,0.11,avoid:white,0
1786510828.7784438,13.436717569674117,0.45919354838709675,91.0,0.0,1.0,0.11,avoid:white,0
1786510828.8537831,13.460388729423773,0.45919354838709675,90.5,0.6477040816326531,1.0,0.11,avoid:white,0
1786510828.9270945,13.472578433860651,0.45919354838709675,91.0,0.6477040816326531,1.0,0.11,avoid:white,0
1786510828.9984288,13.497166976274125,0.45919354838709675,91.0,0.6517857142857143,1.0,0.11,avoid:white,0
1786510829.0761907,13.619489004942409,0.45919354838709675,91.0,0.6475446428571429,1.0,0.11,avoid:white,0
1786510829.147332,13.44799160124326,0.46391129032258066,91.0,0.0,1.0,0.11,avoid:white,0
1786510829.221116,13.58609775517001,0.45919354838709675,91.0,0.6520089285714286,1.0,0.11,avoid:white,0
1786510829.295919,13.562977990900238,0.45919354838709675,91.0,0.6473852040816327,1.0,0.11,avoid:white,0
1786510829.3670235,13.534865328351257,0.45919354838709675,91.0,0.6479591836734694,1.0,0.11,avoid:white,0
1786510829.440285,13.648507666807763,0.46391129032258066,91.0,0.6475446428571429,1.0,0.11,avoid:white,0
1786510829.5290575,13.63305352062319,0.46391129032258066,91.0,0.6517857142857143,1.0,0.11,avoid:white,0
1786510829.6039715,13.153130090157552,0.46391129032258066,91.0,0.6475446428571429,1.0,0.11,avoid:white,0
1786510829.6771023,13.217834899316728,0.45919354838709675,91.0,0.0,1.0,0.11,avoid:white,0
1786510829.750154,13.292479045147177,0.45919354838709675,91.0,0.0,1.0,0.11,avoid:white,0
1786510829.822387,13.385013813425102,0.46391129032258066,91.0,0.6520089285714286,1.0,0.11,avoid:white,0
1786510829.8986,13.482745214912555,0.46391129032258066,91.0,0.0,1.0,0.11,avoid:white,0
1786510829.972585,13.370535704936486,0.45919354838709675,91.0,0.647576530612245,1.0,0.11,avoid:white,0
1786510830.0443568,13.401985958758988,0.45919354838709675,91.0,0.6481505102040817,1.0,0.11,avoid:white,0
1786510830.116335,13.553361649533143,0.45919354838709675,91.0,0.6477040816326531,1.0,0.11,avoid:white,0
1786510830.1926064,13.599265390273555,0.45919354838709675,91.0,0.6513392857142858,1.0,0.11,avoid:white,0
1786510830.2645714,13.50275816476788,0.46391129032258066,91.0,0.6520089285714286,1.0,0.11,avoid:white,0
1786510830.3399825,13.58336558096131,0.46391129032258066,91.0,0.6475446428571429,1.0,0.11,avoid:white,0
1786510830.4171436,13.509788983441828,0.45919354838709675,91.0,0.6520089285714286,1.0,0.11,avoid:white,0
1786510830.4925919,13.405344903767308,0.45919354838709675,91.0,0.6478635204081633,1.0,0.11,avoid:white,0
1786510830.5634053,13.39550936598377,0.45919354838709675,91.0,0.0,1.0,0.11,avoid:white,0
1786510830.6418097,13.535097379830535,0.45919354838709675,91.0,0.6517857142857143,1.0,0.11,avoid:white,0
1786510830.7152224,13.353203598943317,0.45919354838709675,91.0,0.6473852040816327,1.0,0.11,avoid:white,0
1786510830.7813082,13.396324969162013,0.45919354838709675,91.0,0.6477040816326531,1.0,0.11,avoid:white,0
1786510830.8579264,13.774420133474726,0.45919354838709675,91.0,0.0,1.0,0.11,avoid:white,0
1786510830.938986,13.587338808738142,0.46391129032258066,91.0,0.0,1.0,0.11,avoid:white,0
1786510831.0115895,13.387392999774285,0.45919354838709675,91.0,0.6475446428571429,1.0,0.11,avoid:white,0
1786510831.0839841,13.448628978658954,0.45919354838709675,91.0,0.6481505102040817,1.0,0.11,avoid:white,0
1786510831.157912,13.49067384510049,0.45919354838709675,91.0,0.6479591836734694,1.0,0.11,avoid:white,0
1786510831.227769,13.531388446562822,0.45919354838709675,90.5,0.6477678571428572,1.0,0.11,avoid:white,0
1786510831.3034744,13.692034616608604,0.46862903225806457,91.0,0.0,1.0,0.11,avoid:white,0
1786510831.3767605,13.587742114434535,0.46391129032258066,91.0,0.0,1.0,0.11,avoid:white,0
1786510831.4490376,13.603852718485106,0.45919354838709675,91.0,0.6479591836734694,1.0,0.11,avoid:white,0
1786510831.5247176,13.649767542401252,0.45919354838709675,91.0,0.6522321428571429,1.0,0.11,avoid:white,0
1786510831.5975125,13.545265626360129,0.46391129032258066,91.0,0.0,1.0,0.11,avoid:white,0
1786510831.6694348,13.62057394015325,0.45919354838709675,91.0,0.6520089285714286,1.0,0.11,avoid:white,0
1786510831.738006,13.662193998478884,0.45919354838709675,91.0,0.6517857142857143,1.0,0.11,avoid:white,0
1786510831.8131645,13.845188564250476,0.45919354838709675,91.0,0.6477040816326531,1.0,0.11,avoid:white,0
1786510831.8850195,13.740912923788734,0.45919354838709675,91.0,0.6477040816326531,1.0,0.11,avoid:white,0
1786510831.9596977,13.732965449557694,0.45919354838709675,91.0,0.6475446428571429,1.0,0.11,avoid:white,0
1786510832.0307305,13.696424614193,0.45919354838709675,91.0,0.6480229591836735,1.0,0.11,avoid:white,0
1786510832.1039853,13.744557132931376,0.46391129032258066,91.0,0.0,1.0,0.11,avoid:white,0
1786510832.1808171,13.758791361427999,0.45919354838709675,91.0,0.6520089285714286,1.0,0.11,avoid:white,0
1786510832.2552817,13.583396533856648,0.45919354838709675,91.0,0.6479591836734694,1.0,0.11,avoid:white,0
1786510832.3330066,13.5973864476179,0.45919354838709675,91.0,0.0,1.0,0.11,avoid:white,0
1786510832.4082186,13.437255537883432,0.45919354838709675,91.0,0.6475446428571429,1.0,0.11,avoid:white,0
1786510832.4794676,13.427103866736836,0.45919354838709675,90.5,0.6477040816326531,1.0,0.11,avoid:white,0
1786510832.5574014,13.501595574363108,0.45919354838709675,91.0,0.6475446428571429,1.0,0.11,avoid:white,0
1786510832.6371827,13.348306671923533,0.45919354838709675,91.0,0.6477040816326531,1.0,0.11,avoid:white,0
1786510832.7098184,13.220189933818059,0.46391129032258066,90.5,0.6478635204081633,1.0,0.11,avoid:white,0
1786510832.7804332,13.337368294343422,0.45919354838709675,91.0,0.0,1.0,0.11,avoid:white,0
1786510832.8590024,13.464525863833043,0.45919354838709675,91.0,0.6520089285714286,1.0,0.11,avoid:white,0
1786510832.9278665,13.35413525967134,0.45919354838709675,91.0,0.6517857142857143,1.0,0.11,avoid:white,0
1786510833.0044334,13.539550450896023,0.45919354838709675,91.0,0.6477040816326531,1.0,0.11,avoid:white,0
1786510833.079047,13.495265664495212,0.46391129032258066,91.0,0.6520089285714286,1.0,0.11,avoid:white,0
1786510833.1482122,13.448442403812898,0.4544758064516129,91.0,0.0,1.0,0.11,avoid:white,0
1786510833.2199893,13.660120024025789,0.46391129032258066,91.0,0.6477040816326531,1.0,0.11,avoid:white,0
1786510833.2936597,13.714538510830822,0.45919354838709675,91.0,0.6475446428571429,1.0,0.11,avoid:white,0
1786510833.3636897,13.67803107586778,0.46391129032258066,91.0,0.6515625,1.0,0.11,avoid:white,0
1786510833.4375167,13.747393734029693,0.45919354838709675,91.0,0.6475446428571429,1.0,0.11,avoid:white,0
1786510833.5165167,13.725672585808576,0.46391129032258066,91.0,0.6478635204081633,1.0,0.11,avoid:white,0
1786510833.5876489,13.559091773347093,0.46391129032258066,91.0,0.6479591836734694,1.0,0.11,avoid:white,0
1786510833.6573274,13.645607134076403,0.45919354838709675,90.5,0.6524553571428572,1.0,0.11,avoid:white,0
1786510833.7390876,13.749112984632154,0.45919354838709675,91.0,0.0,1.0,0.11,avoid:white,0
1786510833.8165438,13.486685451037516,0.45919354838709675,91.0,0.6477040816326531,1.0,0.11,avoid:white,0
1786510833.8892727,13.323113248376291,0.45919354838709675,91.0,0.6515625,1.0,0.11,avoid:white,0
1786510833.9678788,13.437453758662496,0.45919354838709675,91.0,0.6475446428571429,1.0,0.11,avoid:white,0
1786510834.0386322,13.299993814487133,0.45919354838709675,91.0,0.6477040816326531,1.0,0.11,avoid:white,0
1786510834.1052227,13.472377865579428,0.45919354838709675,91.0,0.6517857142857143,1.0,0.11,avoid:white,0
1786510834.1788852,13.74447264892758,0.45919354838709675,91.0,0.6517857142857143,1.0,0.11,avoid:white,0
1786510834.256554,13.755932996994797,0.46391129032258066,91.0,0.6479591836734694,1.0,0.11,avoid:white,0
1786510834.3283663,13.532325380576294,0.45919354838709675,91.0,0.6475446428571429,1.0,0.11,avoid:white,0
1786510834.4088387,13.619048255340708,0.45919354838709675,91.0,0.6520089285714286,1.0,0.11,avoid:white,0
1786510834.4798856,13.421252984395581,0.45919354838709675,91.5,0.6522321428571429,1.0,0.11,avoid:white,0
1786510834.5504723,13.533432744170916,0.45919354838709675,91.0,0.0,1.0,0.11,avoid:white,0
1786510834.625574,13.655700583089292,0.45919354838709675,91.0,0.6478635204081633,1.0,0.11,avoid:white,0
1786510834.694219,13.596219537769766,0.45919354838709675,91.0,0.6477040816326531,1.0,0.11,avoid:white,0
1786510834.7684894,13.798684454154158,0.45919354838709675,90.5,0.6477678571428572,1.0,0.11,avoid:white,0
1786510834.8431346,13.732928248712126,0.45919354838709675,91.0,0.0,1.0,0.11,avoid:white,0
1786510834.9138305,13.668455518172795,0.45919354838709675,91.0,0.6475446428571429,1.0,0.11,avoid:white,0
1786510834.9824264,13.73905728776287,0.4544758064516129,91.0,0.6478635204081633,1.0,0.11,avoid:white,0
1786510835.0569496,13.861862459633578,0.45919354838709675,91.0,0.6524553571428572,1.0,0.11,avoid:white,0
1786510835.1308155,13.83665513018778,0.45919354838709675,91.0,0.6475446428571429,1.0,0.11,avoid:white,0
1786510835.2033627,13.729137601757131,0.46391129032258066,91.0,0.0,1.0,0.11,avoid:white,0
1786510835.2722416,13.789236169236935,0.45919354838709675,91.0,0.6479591836734694,1.0,0.11,avoid:white,0
1786510835.3454745,13.870741665756531,0.45919354838709675,90.5,0.6475446428571429,1.0,0.11,avoid:white,0
1786510835.419977,13.870217146458772,0.45919354838709675,91.0,0.6475446428571429,1.0,0.11,avoid:white,0
1786510835.4971097,13.7787082192255,0.45919354838709675,91.0,0.6479591836734694,1.0,0.11,avoid:white,0
1786510835.565907,13.627619545678069,0.45919354838709675,91.0,0.6517857142857143,1.0,0.11,avoid:white,0
1786510835.6401925,13.815166881431168,0.45919354838709675,91.0,0.6475446428571429,1.0,0.11,avoid:white,0
1786510835.7086368,13.72649985080908,0.45919354838709675,91.0,0.6517857142857143,1.0,0.11,avoid:white,0
1786510835.7806673,13.879473883129313,0.45919354838709675,91.0,0.6520408163265307,1.0,0.11,avoid:white,0
1786510835.8516474,13.836640806298481,0.46391129032258066,91.0,0.6477040816326531,1.0,0.11,avoid:white,0
1786510835.931461,13.964330901965608,0.45919354838709675,91.0,0.6475446428571429,1.0,0.11,avoid:white,0
1786510836.0042841,13.681574596987417,0.45919354838709675,91.0,0.6478635204081633,1.0,0.11,avoid:white,0
1786510836.0782726,13.68365979416304,0.45919354838709675,91.0,0.0,1.0,0.11,avoid:white,0
1786510836.156782,13.600424138436537,0.46391129032258066,91.0,0.6475446428571429,1.0,0.11,avoid:white,0
1786510836.2270808,13.439752242859532,0.46391129032258066,91.0,0.6475446428571429,1.0,0.11,avoid:white,0
1786510836.298414,13.643218806492703,0.46391129032258066,91.0,0.6481505102040817,1.0,0.11,avoid:white,0
1786510836.370108,13.673141286455628,0.4544758064516129,91.0,0.6517857142857143,1.0,0.11,avoid:white,0
1786510836.4408684,13.785064235251049,0.4544758064516129,90.5,0.0,1.0,0.11,avoid:white,0
1786510836.519372,13.85869284990157,0.45919354838709675,91.0,0.6477040816326531,1.0,0.11,avoid:white,0
1786510836.595047,13.618400730451539,0.45919354838709675,91.0,0.6477040816326531,1.0,0.11,avoid:white,0
1786510836.6684017,13.543346541452202,0.45919354838709675,91.0,0.6517857142857143,1.0,0.11,avoid:white,0
1786510836.743682,13.553028861703119,0.45919354838709675,90.5,0.6475446428571429,1.0,0.11,avoid:white,0
1786510836.8191326,13.465080928056889,0.45919354838709675,91.0,0.6473852040816327,1.0,0.11,avoid:white,0
1786510836.8926625,13.422956166316736,0.45919354838709675,91.0,0.0,1.0,0.11,avoid:white,0
1786510836.9670022,13.486578044897767,0.46391129032258066,91.0,0.6517857142857143,1.0,0.11,avoid:white,0
1786510837.0390453,13.497865684385664,0.45919354838709675,91.0,0.6479591836734694,1.0,0.11,avoid:white,0
1786510837.1070435,13.551753441342846,0.4544758064516129,91.0,0.0,1.0,0.11,avoid:white,0
1786510837.1752517,13.820333845856872,0.45919354838709675,91.0,0.0,1.0,0.11,avoid:white,0
1786510837.2450156,13.983059995640225,0.45919354838709675,91.0,0.6473852040816327,1.0,0.11,avoid:white,0
1786510837.3209684,13.858711308947981,0.45919354838709675,91.0,0.6520089285714286,1.0,0.11,avoid:white,0
1786510837.3914404,13.893990412503621,0.45919354838709675,91.0,0.6525510204081633,1.0,0.11,avoid:white,0
1786510837.4699268,13.955565784569695,0.45919354838709675,90.5,0.6477678571428572,1.0,0.11,avoid:white,0
1786510837.5414634,13.725003904101008,0.46391129032258066,91.0,0.6478635204081633,1.0,0.11,avoid:white,0
1786510837.6121218,13.778512217575324,0.45919354838709675,91.0,0.6478635204081633,1.0,0.11,avoid:white,0
1786510837.686515,13.845780808798255,0.45919354838709675,90.5,0.0,1.0,0.11,avoid:white,0
1786510837.7579296,13.767341442687266,0.45919354838709675,90.5,0.0,1.0,0.11,avoid:white,0
1786510837.82635,13.780173857669187,0.4544758064516129,91.0,0.0,1.0,0.11,avoid:white,0
1786510837.9076774,13.984112213138232,0.46391129032258066,91.0,0.6520089285714286,1.0,0.11,avoid:white,0
1786510837.9794662,13.592265800594351,0.45919354838709675,90.5,0.6517857142857143,1.0,0.11,avoid:white,0
1786510838.0527177,13.690354443976268,0.45919354838709675,91.0,0.6520089285714286,1.0,0.11,avoid:white,0
1786510838.1252975,13.693038905158115,0.45919354838709675,91.0,0.6522321428571429,1.0,0.11,avoid:white,0
1786510838.1996713,13.568963970968301,0.45919354838709675,91.0,0.0,1.0,0.11,avoid:white,0
1786510838.2727869,13.669982805640398,0.45919354838709675,91.0,0.6517857142857143,1.0,0.11,avoid:white,0
1786510838.34639,13.665386055090668,0.45919354838709675,91.0,0.0,1.0,0.11,avoid:white,0
1786510838.417217,13.678941486193565,0.45919354838709675,91.0,0.6481505102040817,1.0,0.11,avoid:white,0
1786510838.4858987,13.75590503570663,0.45919354838709675,91.0,0.6526785714285714,1.0,0.11,avoid:white,0
1786510838.5580866,13.91033382694565,0.45919354838709675,91.0,0.6473852040816327,1.0,0.11,avoid:white,0
1786510838.6304467,13.911413645054036,0.46391129032258066,90.5,0.6477040816326531,1.0,0.11,avoid:white,0
1786510838.699141,13.906502156102837,0.45919354838709675,91.0,0.6478635204081633,1.0,0.11,avoid:white,0
1786510838.7728324,14.064659866049725,0.45919354838709675,90.5,0.6473852040816327,1.0,0.11,avoid:white,0
1786510838.848025,13.918103497942052,0.45919354838709675,91.0,0.0,1.0,0.11,avoid:white,0
1786510838.9205852,13.795197517147628,0.45919354838709675,91.0,0.6475446428571429,1.0,0.11,avoid:white,0
1786510838.9948034,13.81920371047165,0.45919354838709675,91.0,0.6517857142857143,1.0,0.11,avoid:white,0
1786510839.0648315,13.75488140667848,0.4544758064516129,91.0,0.6479591836734694,1.0,0.11,avoid:white,0
1786510839.1378314,13.870351772162477,0.45919354838709675,91.0,0.6480229591836735,1.0,0.11,avoid:white,0
1786510839.2126703,13.825194370538906,0.46391129032258066,91.0,0.6479591836734694,1.0,0.11,avoid:white,0
1786510839.2942445,13.699975928455173,0.45919354838709675,90.5,0.6517857142857143,1.0,0.11,avoid:white,0
1786510839.3690627,13.41950433231404,0.4544758064516129,91.0,0.0,1.0,0.11,avoid:white,0
1786510839.4411373,13.433295570010307,0.45919354838709675,90.5,0.6481505102040817,1.0,0.11,avoid:white,0
1786510839.5141294,13.528194370996617,0.45919354838709675,91.0,0.6475446428571429,1.0,0.11,avoid:white,0
1786510839.5848403,13.571929529626699,0.45919354838709675,91.0,0.6515306122448979,1.0,0.11,avoid:white,0
1786510839.6562161,13.67136108820819,0.46391129032258066,91.0,0.0,1.0,0.11,avoid:white,0
1786510839.724674,13.73664462586908,0.45919354838709675,91.0,0.6478635204081633,1.0,0.11,avoid:white,0
1786510839.7966468,13.912681650218012,0.45919354838709675,91.0,0.6483418367346939,1.0,0.11,avoid:white,0
1786510839.8736699,13.8544717379513,0.46391129032258066,91.0,0.0,1.0,0.11,avoid:white,0
1786510839.949979,13.663988616574137,0.45919354838709675,91.0,0.6479591836734694,1.0,0.11,avoid:white,0
1786510840.0169196,13.635243137278826,0.45919354838709675,91.0,0.6517857142857143,1.0,0.11,avoid:white,0
1786510840.0888016,13.87856963685742,0.45919354838709675,91.0,0.6475446428571429,1.0,0.11,avoid:white,0
1786510840.1559122,13.842895264971688,0.45919354838709675,91.0,0.6477040816326531,1.0,0.11,avoid:white,0
1786510840.224357,14.115564140615657,0.45919354838709675,91.0,0.6478635204081633,1.0,0.11,avoid:white,0
1786510840.3007958,14.204842013213565,0.45919354838709675,90.5,0.6475446428571429,1.0,0.11,avoid:white,0
1786510840.3730683,13.994298009288768,0.46391129032258066,91.0,0.6475446428571429,1.0,0.11,avoid:white,0
1786510840.4442942,13.94688295020752,0.45919354838709675,90.5,0.6517857142857143,1.0,0.11,avoid:white,0
1786510840.5182698,13.960180251193078,0.45919354838709675,91.0,0.6515625,1.0,0.11,avoid:white,0
1786510840.5893936,13.81653085545119,0.45919354838709675,91.0,0.6520089285714286,1.0,0.11,avoid:white,0
1786510840.6705356,13.91679195466491,0.45919354838709675,91.0,0.6481505102040817,1.0,0.11,avoid:white,0
1786510840.746236,13.586930504100966,0.45919354838709675,91.0,0.6477040816326531,1.0,0.11,avoid:white,0
1786510840.8184886,13.552354360173696,0.45919354838709675,91.0,0.0,1.0,0.11,avoid:white,0
1786510840.8876953,13.605991828806335,0.45919354838709675,91.0,0.6479591836734694,1.0,0.11,avoid:white,0
1786510840.9677322,13.750846428473784,0.45919354838709675,91.0,0.6520089285714286,1.0,0.11,avoid:white,0
1786510841.03948,13.510626235874836,0.45919354838709675,91.0,0.6520089285714286,1.0,0.11,avoid:white,0
1786510841.1109655,13.607609842007143,0.46391129032258066,91.0,0.0,1.0,0.11,avoid:white,0
1786510841.1823907,13.68467450339594,0.45919354838709675,91.0,0.6528061224489796,1.0,0.11,avoid:white,0
1786510841.25124,13.74724026138587,0.45919354838709675,91.0,0.6479591836734694,1.0,0.11,avoid:white,0
1786510841.320745,13.82031293829981,0.45919354838709675,90.5,0.6517857142857143,1.0,0.11,avoid:white,0
1786510841.3913722,14.022030233300109,0.45919354838709675,91.0,0.6481505102040817,1.0,0.11,avoid:white,0
1786510841.4669125,14.046126398129367,0.45919354838709675,91.0,0.6479591836734694,1.0,0.11,avoid:white,0
1786510841.5437171,13.876694338224913,0.45919354838709675,91.0,0.6478635204081633,1.0,0.11,avoid:white,0
1786510841.6154387,13.699897478036867,0.45919354838709675,91.0,0.6477040816326531,1.0,0.11,avoid:white,0
1786510841.6898417,13.748108567738472,0.45919354838709675,91.0,0.6479591836734694,1.0,0.11,avoid:white,0
1786510841.7591174,13.673032053471633,0.46391129032258066,91.0,0.6477678571428572,1.0,0.11,avoid:white,0
1786510841.8356466,13.832743448594481,0.45919354838709675,91.0,0.6522321428571429,1.0,0.11,avoid:white,0
1786510841.9076102,13.693872331119367,0.45919354838709675,90.5,0.652295918367347,1.0,0.11,avoid:white,0
1786510841.9784071,13.731274367193201,0.45919354838709675,91.0,0.6478635204081633,1.0,0.11,avoid:white,0
1786510842.0622616,13.753150833609626,0.46391129032258066,91.0,0.6477040816326531,1.0,0.11,avoid:white,0
1786510842.1351821,13.42381392660276,0.45919354838709675,91.0,0.0,1.0,0.11,avoid:white,0
1786510842.2018201,13.488358240272364,0.4544758064516129,90.5,0.6522321428571429,1.0,0.11,avoid:white,0
1786510842.2786753,13.78710063372473,0.45919354838709675,91.0,0.0,1.0,0.11,avoid:white,0
1786510842.3524258,13.61783472184149,0.45919354838709675,91.0,0.6520089285714286,1.0,0.11,avoid:white,0
1786510842.4233813,13.638660626102844,0.45919354838709675,91.0,0.6479591836734694,1.0,0.11,avoid:white,0
1786510842.4977844,13.692204389776808,0.4544758064516129,91.0,0.0,1.0,0.11,avoid:white,0
1786510842.5666423,13.670982147268841,0.46391129032258066,91.0,0.0,1.0,0.11,avoid:white,0
1786510842.6384442,13.773550030116324,0.46391129032258066,91.0,0.0,1.0,0.11,avoid:white,0
1786510842.7131088,13.811057132151728,0.46391129032258066,91.0,0.6515625,1.0,0.11,avoid:white,0
1786510842.7851958,13.747574894381223,0.45919354838709675,91.0,0.0,1.0,0.11,avoid:white,0
1786510842.8596644,13.760511802056552,0.46391129032258066,91.0,0.6513392857142858,1.0,0.11,avoid:white,0
1786510842.9365325,13.72934217303013,0.45919354838709675,91.0,0.6520089285714286,1.0,0.11,avoid:white,0
1786510843.010728,13.560995840902363,0.45919354838709675,91.0,0.6481505102040817,1.0,0.11,avoid:white,0
1786510843.08235,13.568099284734892,0.45919354838709675,91.0,0.6478635204081633,1.0,0.11,avoid:white,0
1786510843.155232,13.652291169695753,0.46391129032258066,91.0,0.0,1.0,0.11,avoid:white,0
1786510843.228854,13.577369822436925,0.45919354838709675,91.0,0.0,1.0,0.11,avoid:white,0
1786510843.2968998,13.682710172878995,0.45919354838709675,91.0,0.6517857142857143,1.0,0.11,avoid:white,0
1786510843.373507,13.862861498806579,0.45919354838709675,91.0,0.6475446428571429,1.0,0.11,avoid:white,0
1786510843.4532301,13.659363184803683,0.45919354838709675,91.0,0.6517857142857143,1.0,0.11,avoid:white,0
1786510843.5243866,13.4400262479904,0.45919354838709675,90.5,0.6478635204081633,1.0,0.11,avoid:white,0
1786510843.5964794,13.608072068811214,0.45919354838709675,91.0,0.6477678571428572,1.0,0.11,avoid:white,0
1786510843.6686244,13.671618817702596,0.4544758064516129,91.0,0.6477040816326531,1.0,0.11,avoid:white,0
1786510843.7455575,13.719810412148949,0.45919354838709675,91.0,0.6479591836734694,1.0,0.11,avoid:white,0
1786510843.8216627,13.514153834639796,0.45919354838709675,91.0,0.6517857142857143,1.0,0.11,avoid:white,0
1786510843.8919132,13.507499820327757,0.45919354838709675,91.0,0.652295918367347,1.0,0.11,avoid:white,0
1786510843.964334,13.63339828001445,0.46391129032258066,91.0,0.6475446428571429,1.0,0.11,avoid:white,0
1786510844.0355842,13.686240976729003,0.46391129032258066,90.5,0.6520089285714286,1.0,0.11,avoid:white,0
1786510844.1015222,13.747628362572936,0.45919354838709675,91.0,0.6473852040816327,1.0,0.11,avoid:white,0
1786510844.176428,14.039150710629706,0.45919354838709675,91.0,0.6517857142857143,1.0,0.11,avoid:white,0
1786510844.250594,13.845371103187592,0.45919354838709675,91.0,0.6477040816326531,1.0,0.11,avoid:white,0
1786510844.3226771,13.796260141289018,0.46391129032258066,91.0,0.6520089285714286,1.0,0.11,avoid:white,0
1786510844.3913875,13.84721568620647,0.45919354838709675,91.0,0.6517857142857143,1.0,0.11,avoid:white,0
1786510844.4638035,13.960208327110303,0.46391129032258066,91.0,0.6477040816326531,1.0,0.11,avoid:white,0
1786510844.5326445,13.954815426170931,0.45919354838709675,91.0,0.6515625,1.0,0.11,avoid:white,0
1786510844.6037135,14.048806735442286,0.46391129032258066,91.0,0.6483418367346939,1.0,0.11,avoid:white,0
1786510844.6795661,14.004889776859983,0.4544758064516129,91.0,0.0,1.0,0.11,avoid:white,0
1786510844.7486043,13.90664896582618,0.45919354838709675,91.0,0.6515625,1.0,0.11,avoid:white,0
1786510844.826901,14.000003889817183,0.45919354838709675,90.5,0.0,1.0,0.11,avoid:white,0
1786510844.904847,13.770213715557531,0.45919354838709675,91.0,0.6477040816326531,1.0,0.11,avoid:white,0
1786510844.9747224,13.56871900245309,0.45919354838709675,91.0,0.6522321428571429,1.0,0.11,avoid:white,0
1786510845.0472782,13.727803909052792,0.46391129032258066,91.0,0.6481505102040817,1.0,0.11,avoid:white,0
1786510845.120629,13.729573388463109,0.45919354838709675,91.0,0.6477040816326531,1.0,0.11,avoid:white,0
1786510845.1947412,13.67125497962468,0.45919354838709675,91.0,0.0,1.0,0.11,avoid:white,0
1786510845.2639894,13.681510603267707,0.45919354838709675,91.0,0.6477040816326531,1.0,0.11,avoid:white,0
1786510845.3426397,13.82971209270366,0.45919354838709675,91.0,0.6481505102040817,1.0,0.11,avoid:white,0
1786510845.4170682,13.604283534508127,0.46391129032258066,91.0,0.6475446428571429,1.0,0.11,avoid:white,0
1786510845.4895656,13.568861604056751,0.45919354838709675,91.0,0.6517857142857143,1.0,0.11,avoid:white,0
1786510845.5652173,13.62793801431248,0.45919354838709675,91.0,0.6477040816326531,1.0,0.11,avoid:white,0
1786510845.6377544,13.534004257082174,0.46391129032258066,91.0,0.6477678571428572,1.0,0.11,avoid:white,0
1786510845.7085834,13.561127110673842,0.45919354838709675,91.0,0.0,1.0,0.11,avoid:white,0
1786510845.7852435,13.67847316082999,0.45919354838709675,91.0,0.0,1.0,0.11,avoid:white,0
1786510845.8571956,13.581936721656584,0.4544758064516129,90.5,0.6475446428571429,1.0,0.11,avoid:white,0
1786510845.9314537,13.578496608717927,0.45919354838709675,91.0,0.6477040816326531,1.0,0.11,avoid:white,0
1786510846.0048244,13.60306363482718,0.45919354838709675,91.0,0.6517857142857143,1.0,0.11,avoid:white,0
1786510846.076462,13.606773466234863,0.4544758064516129,91.0,0.0,1.0,0.11,avoid:white,0
1786510846.1497285,13.700566740765602,0.45919354838709675,91.0,0.6480229591836735,1.0,0.11,avoid:white,0
1786510846.2328873,13.676274907844217,0.45919354838709675,91.0,0.6477678571428572,1.0,0.11,avoid:white,0
1786510846.304857,13.327763541708125,0.46391129032258066,91.0,0.6473852040816327,1.0,0.11,avoid:white,0
1786510846.3780646,13.460911698813147,0.45919354838709675,91.0,0.6517857142857143,1.0,0.11,avoid:white,0
1786510846.453725,13.505023960570853,0.45919354838709675,91.0,0.6479591836734694,1.0,0.11,avoid:white,0
1786510846.520136,13.437905920471321,0.45919354838709675,91.0,0.6478635204081633,1.0,0.11,avoid:white,0
1786510846.5927541,13.770280756761888,0.45919354838709675,91.0,0.6475446428571429,1.0,0.11,avoid:white,0
1786510846.6658783,13.763423163408781,0.46391129032258066,91.0,0.6477040816326531,1.0,0.11,avoid:white,0
1786510846.7366858,13.739568117300676,0.45919354838709675,91.0,0.6475446428571429,1.0,0.11,avoid:white,0
1786510846.811268,13.849025287529505,0.45919354838709675,91.0,0.6477040816326531,1.0,0.11,avoid:white,0
1786510846.8884027,13.717856139695105,0.45919354838709675,91.0,0.6478635204081633,1.0,0.11,avoid:white,0
1786510846.962181,13.586377647315976,0.45919354838709675,91.0,0.6479591836734694,1.0,0.11,avoid:white,0
1786510847.0349753,13.540863405822773,0.45919354838709675,91.0,0.6525510204081633,1.0,0.11,avoid:white,0
1786510847.113809,13.637432196205628,0.45919354838709675,91.0,0.6477678571428572,1.0,0.11,avoid:white,0
1786510847.188865,13.27431051475395,0.45919354838709675,91.0,0.0,1.0,0.11,avoid:white,0
1786510847.2619643,13.497317393561044,0.45919354838709675,91.0,0.6475446428571429,1.0,0.11,avoid:white,0
1786510847.3358092,13.522193840658796,0.45919354838709675,91.0,0.0,1.0,0.11,avoid:white,0
1786510847.410396,13.53453155854353,0.45919354838709675,91.0,0.6520089285714286,1.0,0.11,avoid:white,0
1786510847.4826665,13.52614961274702,0.45919354838709675,91.0,0.6515625,1.0,0.11,avoid:white,0
1786510847.5634427,13.54534077830434,0.4544758064516129,91.0,0.6477040816326531,1.0,0.11,avoid:white,0
1786510847.6379616,13.333241427357967,0.45919354838709675,91.0,0.6517857142857143,1.0,0.11,avoid:white,0
1786510847.7132192,13.358045500991055,0.45919354838709675,91.0,0.6517857142857143,1.0,0.11,avoid:white,0
1786510847.7886775,13.336292451343194,0.46391129032258066,91.0,0.0,1.0,0.11,avoid:white,0
1786510847.8632605,13.337507077296626,0.45919354838709675,91.0,0.6520089285714286,1.0,0.11,avoid:white,0
1786510847.9346912,13.330799672304215,0.45919354838709675,91.0,0.6522321428571429,1.0,0.11,avoid:white,0
1786510848.0110993,13.48833938215387,0.46391129032258066,91.0,0.0,1.0,0.11,avoid:white,0
1786510848.083027,13.393084390082036,0.45919354838709675,91.0,0.0,1.0,0.11,avoid:white,0
1786510848.1553552,13.509808768379447,0.45919354838709675,91.0,0.6477040816326531,1.0,0.11,avoid:white,0
1786510848.2368507,13.569595565534405,0.46391129032258066,90.5,0.6475446428571429,1.0,0.11,avoid:white,0
1786510848.3113284,13.258956160178675,0.45919354838709675,91.0,0.0,1.0,0.11,avoid:white,0
1786510848.385123,13.351408732698498,0.45919354838709675,91.0,0.6473852040816327,1.0,0.11,avoid:white,0
1786510848.4643233,13.343850939715923,0.46391129032258066,91.0,0.6477678571428572,1.0,0.11,avoid:white,0
1786510848.5386107,13.245129651180862,0.46391129032258066,91.0,0.0,1.0,0.11,avoid:white,0
1786510848.6086378,13.290678021791797,0.45919354838709675,90.5,0.6520089285714286,1.0,0.11,avoid:white,0
