timestamp,fps,lane_confidence,target_x,risk,white_front,steering,throttle,throttle_max,state,armed,competition,green,start_authorized,start_latency_ms
1787200914.705804,0.18732871439769552,0.3209677419354839,126.94999999998949,0.0,0.0,0.0,0.0,0.9999999999999999,wait:lane_lock,0,0,0,0,-1.0
1787200914.770383,0.1770355932160162,0.3238248847926267,145.3000000000004,0.0,0.0,0.0,0.0,0.9999999999999999,wait:lane_lock,0,0,0,0,-1.0
1787200914.8105202,3.1173163606227257,0.32025345622119816,132.2749999999962,0.0,0.0,0.0,0.0,0.9999999999999999,wait:lane_lock,0,0,0,0,-1.0
1787200914.8535972,7.810544327580008,0.3216820276497696,125.47499999998529,0.0,0.0,0.0,0.0,0.9999999999999999,wait:lane_lock,0,0,0,0,-1.0
1787200914.896564,10.902747490161058,0.3216820276497696,125.47499999998529,0.0,0.0,0.0,0.0,0.9999999999999999,wait:lane_lock,0,0,0,0,-1.0
1787200914.943641,13.384313936347382,0.31953917050691244,128.4999999999943,0.0,0.0,0.0,0.0,0.9999999999999999,wait:lane_lock,0,0,0,0,-1.0
1787200914.987096,14.903503645556974,0.3223963133640553,117.84999999999144,0.0,0.0,0.0,0.0,0.9999999999999999,wait:lane_lock,0,0,0,0,-1.0
1787200915.0293195,16.566348025384585,0.32025345622119816,132.2749999999962,0.0,0.0,0.0,0.0,0.9999999999999999,wait:lane_lock,0,0,0,0,-1.0
1787200915.0757785,18.011837302673367,0.3238248847926267,145.4000000000043,0.0,0.0,0.0,0.0,0.9999999999999999,wait:lane_lock,0,0,0,0,-1.0
1787200915.118137,18.69726327889469,0.32025345622119816,132.2749999999962,0.0,0.0,0.0,0.0,0.9999999999999999,wait:lane_lock,0,0,0,0,-1.0
1787200915.1611443,19.68278297612123,0.3216820276497696,125.57499999998913,0.0,0.0,0.0,0.0,0.9999999999999999,wait:lane_lock,0,0,0,0,-1.0
1787200915.2085721,20.413980976684883,0.32525345622119817,138.59999999999502,0.0,0.0,0.0,0.0,0.9999999999999999,wait:lane_lock,0,0,0,0,-1.0
1787200915.2505534,20.537620935736943,0.3223963133640553,117.84999999999144,0.0,0.0,0.0,0.0,0.9999999999999999,wait:lane_lock,0,0,0,0,-1.0
1787200915.2930715,21.203425449876036,0.3223963133640553,143.00000000000273,0.0,0.0,0.0,0.0,0.9999999999999999,wait:lane_lock,0,0,0,0,-1.0
1787200915.3397732,21.671096760262795,0.3209677419354839,126.94999999998949,0.0,0.0,0.0,0.0,0.9999999999999999,wait:lane_lock,0,0,0,0,-1.0
1787200915.3799684,21.597836253484097,0.3238248847926267,145.4000000000043,0.0,0.0,0.0,0.0,0.9999999999999999,wait:lane_lock,0,0,0,0,-1.0
1787200915.4168644,22.282429712203257,0.3238248847926267,136.29999999999714,0.0,0.0,0.0,0.0,0.9999999999999999,wait:lane_lock,0,0,0,0,-1.0
1787200915.4579613,23.230462688001456,0.32453917050691244,140.07499999999766,0.0,0.0,0.0,0.0,0.9999999999999999,wait:lane_lock,0,0,0,0,-1.0
1787200915.495562,23.44039767514162,0.32525345622119817,132.35000000000124,0.0,0.0,0.0,0.0,0.9999999999999999,wait:lane_lock,0,0,0,0,-1.0
1787200915.531389,24.100942262722562,0.32311059907834105,146.7750000000047,0.0,0.0,0.0,0.0,0.9999999999999999,wait:lane_lock,0,0,0,0,-1.0
1787200915.5728414,24.76435808016688,0.32453917050691244,140.07499999999766,0.0,0.0,0.0,0.0,0.9999999999999999,wait:lane_lock,0,0,0,0,-1.0
1787200915.6123948,24.680184968519313,0.31953917050691244,128.4999999999943,0.0,0.0,0.0,0.0,0.9999999999999999,wait:lane_lock,0,0,0,0,-1.0
1787200915.6478581,24.833002685828063,0.3216820276497696,125.47499999998529,0.0,0.0,0.0,0.0,0.9999999999999999,wait:lane_lock,0,0,0,0,-1.0
1787200915.6893523,25.50547455958688,0.3266820276497696,126.8499999999976,0.0,0.0,0.0,0.0,0.9999999999999999,wait:lane_lock,0,0,0,0,-1.0
1787200915.7267146,25.20174723612808,0.31953917050691244,124.65000000000241,0.0,0.0,0.0,0.0,0.9999999999999999,wait:lane_lock,0,0,0,0,-1.0
1787200915.7626433,25.545215105424514,0.3209677419354839,130.89999999999586,0.0,0.0,0.0,0.0,0.9999999999999999,wait:lane_lock,0,0,0,0,-1.0
1787200915.8040354,26.001500975809435,0.32025345622119816,123.17499999998755,0.0,0.0,0.0,0.0,0.9999999999999999,wait:lane_lock,0,0,0,0,-1.0
1787200915.8436522,25.46190196729227,0.32025345622119816,132.2749999999962,0.0,0.0,0.0,0.0,0.9999999999999999,wait:lane_lock,0,0,0,0,-1.0
1787200915.8790576,25.620567654418206,0.3216820276497696,125.47499999998529,0.0,0.0,0.0,0.0,0.9999999999999999,wait:lane_lock,0,0,0,0,-1.0
1787200915.9196248,26.13811155785959,0.32311059907834105,121.0749999999948,0.0,0.0,0.0,0.0,0.9999999999999999,wait:lane_lock,0,0,0,0,-1.0
1787200915.957985,25.48530747046264,0.3216820276497696,125.57499999998913,0.0,0.0,0.0,0.0,0.9999999999999999,wait:lane_lock,0,0,0,0,-1.0
1787200915.9955528,26.06789620986965,0.3216820276497696,125.47499999998529,0.0,0.0,0.0,0.0,0.9999999999999999,wait:lane_lock,0,0,0,0,-1.0
1787200916.036796,26.17671950572218,0.32311059907834105,116.47499999999252,0.0,0.0,0.0,0.0,0.9999999999999999,wait:lane_lock,0,0,0,0,-1.0
1787200916.0755386,25.612542831873977,0.32311059907834105,127.32499999998836,0.0,0.0,0.0,0.0,0.9999999999999999,wait:lane_lock,0,0,0,0,-1.0
1787200916.110701,25.868896729141948,0.32453917050691244,140.07499999999766,0.0,0.0,0.0,0.0,0.9999999999999999,wait:lane_lock,0,0,0,0,-1.0
1787200916.151149,26.393918478101934,0.32025345622119816,127.12499999999386,0.0,0.0,0.0,0.0,0.9999999999999999,wait:lane_lock,0,0,0,0,-1.0
1787200916.1889987,25.888196576320116,0.3223963133640553,121.44999999998582,0.0,0.0,0.0,0.0,0.9999999999999999,wait:lane_lock,0,0,0,0,-1.0
1787200916.2244139,26.205225180365318,0.32311059907834105,116.47499999999252,0.0,0.0,0.0,0.0,0.9999999999999999,wait:lane_lock,0,0,0,0,-1.0
1787200916.2659962,26.609968253687434,0.32525345622119817,135.9499999999944,0.0,0.0,0.0,0.0,0.9999999999999999,wait:lane_lock,0,0,0,0,-1.0
1787200916.3031814,26.070387146914022,0.3238248847926267,136.29999999999714,0.0,0.0,0.0,0.0,0.9999999999999999,wait:lane_lock,0,0,0,0,-1.0
1787200916.3393946,26.161915811931106,0.32025345622119816,127.12499999999386,0.0,0.0,0.0,0.0,0.9999999999999999,wait:lane_lock,0,0,0,0,-1.0
1787200916.3790717,26.565633725574322,0.3223963133640553,124.09999999998642,0.0,0.0,0.0,0.0,0.9999999999999999,wait:lane_lock,0,0,0,0,-1.0
1787200916.4156497,26.264060741790974,0.3209677419354839,130.89999999999586,0.0,0.0,0.0,0.0,0.9999999999999999,wait:lane_lock,0,0,0,0,-1.0
1787200916.4499512,26.51989208198867,0.3209677419354839,126.94999999998949,0.0,0.0,0.0,0.0,0.9999999999999999,wait:lane_lock,0,0,0,0,-1.0
1787200916.4905233,27.027836866717735,0.32311059907834105,146.7750000000047,0.0,0.0,0.0,0.0,0.9999999999999999,wait:lane_lock,0,0,0,0,-1.0
1787200916.5290267,26.550656214808,0.3216820276497696,125.57499999998913,0.0,0.0,0.0,0.0,0.9999999999999999,wait:lane_lock,0,0,0,0,-1.0
1787200916.5642238,26.44914111677237,0.32025345622119816,123.17499999998755,0.0,0.0,0.0,0.0,0.9999999999999999,wait:lane_lock,0,0,0,0,-1.0
1787200916.605152,26.84420172271818,0.32525345622119817,138.59999999999502,0.0,0.0,0.0,0.0,0.9999999999999999,wait:lane_lock,0,0,0,0,-1.0
1787200916.6417115,26.249152880914323,0.32596774193548383,130.97500000000107,0.0,0.0,0.0,0.0,0.9999999999999999,wait:lane_lock,0,0,0,0,-1.0
1787200916.6777306,26.617266219849814,0.3209677419354839,130.89999999999586,0.0,0.0,0.0,0.0,0.9999999999999999,wait:lane_lock,0,0,0,0,-1.0
1787200916.7192814,26.847406261802988,0.3223963133640553,124.09999999998642,0.0,0.0,0.0,0.0,0.9999999999999999,wait:lane_lock,0,0,0,0,-1.0
1787200916.7574756,26.26892391067778,0.31953917050691244,128.77280219779126,0.0,0.0,0.0,0.0,0.9999999999999999,wait:lane_lock,0,0,0,0,-1.0
1787200916.7937343,26.277887082900286,0.32453917050691244,140.07499999999766,0.0,0.0,0.0,0.0,0.9999999999999999,wait:lane_lock,0,0,0,0,-1.0
1787200916.8351119,26.537227021424037,0.32525345622119817,132.4500000000053,0.0,0.0,0.0,0.0,0.9999999999999999,wait:lane_lock,0,0,0,0,-1.0
1787200916.8720927,26.032699524257374,0.3223963133640553,124.09999999998642,0.0,0.0,0.0,0.0,0.9999999999999999,wait:lane_lock,0,0,0,0,-1.0
1787200916.9081001,26.272856581692984,0.32525345622119817,138.59999999999502,0.0,0.0,0.0,0.0,0.9999999999999999,wait:lane_lock,0,0,0,0,-1.0
1787200916.9496036,26.57386319754328,0.32025345622119816,132.2749999999962,0.0,0.0,0.0,0.0,0.9999999999999999,wait:lane_lock,0,0,0,0,-1.0
1787200916.9883454,26.003555795357595,0.32453917050691244,140.07499999999766,0.0,0.0,0.0,0.0,0.9999999999999999,wait:lane_lock,0,0,0,0,-1.0
1787200917.024208,26.052117651342073,0.32453917050691244,133.82500000000417,0.0,0.0,0.0,0.0,0.9999999999999999,wait:lane_lock,0,0,0,0,-1.0
1787200917.0652616,26.420225789057305,0.32025345622119816,127.12499999999386,0.0,0.0,0.0,0.0,0.9999999999999999,wait:lane_lock,0,0,0,0,-1.0
1787200917.102306,25.894343890772753,0.32025345622119816,132.2749999999962,0.0,0.0,0.0,0.0,0.9999999999999999,wait:lane_lock,0,0,0,0,-1.0
1787200917.1378226,26.244686280797506,0.31953917050691244,128.4999999999943,0.0,0.0,0.0,0.0,0.9999999999999999,wait:lane_lock,0,0,0,0,-1.0
1787200917.1787865,26.642384018384575,0.3223963133640553,124.09999999998642,0.0,0.0,0.0,0.0,0.9999999999999999,wait:lane_lock,0,0,0,0,-1.0
1787200917.2186568,26.190068088424265,0.31953917050691244,128.4999999999943,0.0,0.0,0.0,0.0,0.9999999999999999,wait:lane_lock,0,0,0,0,-1.0
1787200917.2541149,25.9633857171028,0.3216820276497696,125.57499999998913,0.0,0.0,0.0,0.0,0.9999999999999999,wait:lane_lock,0,0,0,0,-1.0
1787200917.2942927,26.424876588871477,0.3238248847926267,136.29999999999714,0.0,0.0,0.0,0.0,0.9999999999999999,wait:lane_lock,0,0,0,0,-1.0
1787200917.3318608,26.10513458331523,0.32025345622119816,132.2749999999962,0.0,0.0,0.0,0.0,0.9999999999999999,wait:lane_lock,0,0,0,0,-1.0
1787200917.369703,26.225448025265255,0.3216820276497696,125.57499999998913,0.0,0.0,0.0,0.0,0.9999999999999999,wait:lane_lock,0,0,0,0,-1.0
1787200917.4124784,26.106891904153965,0.3216820276497696,125.47499999998529,0.0,0.0,0.0,0.0,0.9999999999999999,wait:lane_lock,0,0,0,0,-1.0
1787200917.4520183,25.510211533441325,0.3223963133640553,143.00000000000273,0.0,0.0,0.0,0.0,0.9999999999999999,wait:lane_lock,0,0,0,0,-1.0
1787200917.4873352,25.67201363761706,0.3216820276497696,125.57499999998913,0.0,0.0,0.0,0.0,0.9999999999999999,wait:lane_lock,0,0,0,0,-1.0
1787200917.5277934,26.20693017564675,0.3216820276497696,125.57499999998913,0.0,0.0,0.0,0.0,0.9999999999999999,wait:lane_lock,0,0,0,0,-1.0
1787200917.5640845,25.907256275266324,0.3216820276497696,125.57499999998913,0.0,0.0,0.0,0.0,0.9999999999999999,wait:lane_lock,0,0,0,0,-1.0
1787200917.599225,26.246177097702002,0.3209677419354839,126.94999999998949,0.0,0.0,0.0,0.0,0.9999999999999999,wait:lane_lock,0,0,0,0,-1.0
1787200917.641369,26.651733969016124,0.32025345622119816,132.2749999999962,0.0,0.0,0.0,0.0,0.9999999999999999,wait:lane_lock,0,0,0,0,-1.0
1787200917.6796167,26.061126433619656,0.32025345622119816,123.17499999998755,0.0,0.0,0.0,0.0,0.9999999999999999,wait:lane_lock,0,0,0,0,-1.0
1787200917.7145252,26.115655125815373,0.32025345622119816,132.2749999999962,0.0,0.0,0.0,0.0,0.9999999999999999,wait:lane_lock,0,0,0,0,-1.0
1787200917.7561247,26.623842802872364,0.32025345622119816,132.2749999999962,0.0,0.0,0.0,0.0,0.9999999999999999,wait:lane_lock,0,0,0,0,-1.0
1787200917.7928898,26.086680126476605,0.32311059907834105,141.62500000000222,0.0,0.0,0.0,0.0,0.9999999999999999,wait:lane_lock,0,0,0,0,-1.0
1787200917.8282444,26.33446735147131,0.3223963133640553,124.09999999998642,0.0,0.0,0.0,0.0,0.9999999999999999,wait:lane_lock,0,0,0,0,-1.0
1787200917.8681273,26.640721386449073,0.32025345622119816,132.2749999999962,0.0,0.0,0.0,0.0,0.9999999999999999,wait:lane_lock,0,0,0,0,-1.0
1787200917.9054365,26.388462354959277,0.3238248847926267,141.44999999999806,0.0,0.0,0.0,0.0,0.9999999999999999,wait:lane_lock,0,0,0,0,-1.0
1787200917.9405484,26.477551576879794,0.32025345622119816,132.2749999999962,0.0,0.0,0.0,0.0,0.9999999999999999,wait:lane_lock,0,0,0,0,-1.0
1787200917.9813368,26.87932043467579,0.3209677419354839,121.79999999998718,0.0,0.0,0.0,0.0,0.9999999999999999,wait:lane_lock,0,0,0,0,-1.0
1787200918.0173717,26.385711488725622,0.32025345622119816,132.2749999999962,0.0,0.0,0.0,0.0,0.9999999999999999,wait:lane_lock,0,0,0,0,-1.0
1787200918.05239,26.67168873474656,0.32025345622119816,132.2749999999962,0.0,0.0,0.0,0.0,0.9999999999999999,wait:lane_lock,0,0,0,0,-1.0
1787200918.0929897,27.056130682557047,0.32025345622119816,132.2749999999962,0.0,0.0,0.0,0.0,0.9999999999999999,wait:lane_lock,0,0,0,0,-1.0
1787200918.130498,26.561724006969374,0.32025345622119816,123.17499999998755,0.0,0.0,0.0,0.0,0.9999999999999999,wait:lane_lock,0,0,0,0,-1.0
1787200918.1656272,26.59915074626037,0.32525345622119817,138.59999999999502,0.0,0.0,0.0,0.0,0.9999999999999999,wait:lane_lock,0,0,0,0,-1.0
1787200918.205704,26.952299890301394,0.31953917050691244,128.4999999999943,0.0,0.0,0.0,0.0,0.9999999999999999,wait:lane_lock,0,0,0,0,-1.0
1787200918.2434106,26.415019579671814,0.31953917050691244,124.65000000000241,0.0,0.0,0.0,0.0,0.9999999999999999,wait:lane_lock,0,0,0,0,-1.0
1787200918.2792737,26.614641032043203,0.32025345622119816,132.2749999999962,0.0,0.0,0.0,0.0,0.9999999999999999,wait:lane_lock,0,0,0,0,-1.0
1787200918.3200576,26.86555600583838,0.32311059907834105,146.7750000000047,0.0,0.0,0.0,0.0,0.9999999999999999,wait:lane_lock,0,0,0,0,-1.0
1787200918.3577535,26.347894899318533,0.31953917050691244,128.4999999999943,0.0,0.0,0.0,0.0,0.9999999999999999,wait:lane_lock,0,0,0,0,-1.0
1787200918.393565,26.45063134655931,0.32025345622119816,132.2749999999962,0.0,0.0,0.0,0.0,0.9999999999999999,wait:lane_lock,0,0,0,0,-1.0
1787200918.4343343,26.743716761710544,0.31953917050691244,128.4999999999943,0.0,0.0,0.0,0.0,0.9999999999999999,wait:lane_lock,0,0,0,0,-1.0
1787200918.4718323,26.094012965623612,0.32311059907834105,146.7750000000047,0.0,0.0,0.0,0.0,0.9999999999999999,wait:lane_lock,0,0,0,0,-1.0
1787200918.507545,26.475113583774203,0.32025345622119816,132.2749999999962,0.0,0.0,0.0,0.0,0.9999999999999999,wait:lane_lock,0,0,0,0,-1.0
1787200918.548693,26.782077241750848,0.32453917050691244,140.07499999999766,0.0,0.0,0.0,0.0,0.9999999999999999,wait:lane_lock,0,0,0,0,-1.0
1787200918.5859914,26.235582504984666,0.32453917050691244,140.07499999999766,0.0,0.0,0.0,0.0,0.9999999999999999,wait:lane_lock,0,0,0,0,-1.0
1787200918.6222498,26.326850872974923,0.31953917050691244,128.4999999999943,0.0,0.0,0.0,0.0,0.9999999999999999,wait:lane_lock,0,0,0,0,-1.0
1787200918.663244,26.66799840978572,0.32311059907834105,141.62500000000222,0.0,0.0,0.0,0.0,0.9999999999999999,wait:lane_lock,0,0,0,0,-1.0
1787200918.6990898,26.199161958588967,0.32453917050691244,139.97499999999388,0.0,0.0,0.0,0.0,0.9999999999999999,wait:lane_lock,0,0,0,0,-1.0
1787200918.736003,26.538744716391577,0.32311059907834105,146.7750000000047,0.0,0.0,0.0,0.0,0.9999999999999999,wait:lane_lock,0,0,0,0,-1.0
1787200918.7774715,26.651007818008914,0.32311059907834105,137.6749999999974,0.0,0.0,0.0,0.0,0.9999999999999999,wait:lane_lock,0,0,0,0,-1.0
1787200918.816719,25.952583120031846,0.3216820276497696,125.47499999998529,0.0,0.0,0.0,0.0,0.9999999999999999,wait:lane_lock,0,0,0,0,-1.0
1787200918.8521874,26.086985605178068,0.31953917050691244,128.4999999999943,0.0,0.0,0.0,0.0,0.9999999999999999,wait:lane_lock,0,0,0,0,-1.0
1787200918.892043,26.518964961047477,0.3216820276497696,119.32499999999564,0.0,0.0,0.0,0.0,0.9999999999999999,wait:lane_lock,0,0,0,0,-1.0
1787200918.928617,26.235840177112543,0.3238248847926267,141.44999999999806,0.0,0.0,0.0,0.0,0.9999999999999999,wait:lane_lock,0,0,0,0,-1.0
1787200918.9633367,26.46596404259049,0.32311059907834105,146.7750000000047,0.0,0.0,0.0,0.0,0.9999999999999999,wait:lane_lock,0,0,0,0,-1.0
1787200919.0054498,26.92577118623342,0.32525345622119817,138.59999999999502,0.0,0.0,0.0,0.0,0.9999999999999999,wait:lane_lock,0,0,0,0,-1.0
1787200919.0443513,26.241854147725054,0.31953917050691244,128.4999999999943,0.0,0.0,0.0,0.0,0.9999999999999999,wait:lane_lock,0,0,0,0,-1.0
1787200919.0796127,26.189609948724826,0.3209677419354839,130.89999999999586,0.0,0.0,0.0,0.0,0.9999999999999999,wait:lane_lock,0,0,0,0,-1.0
1787200919.1197453,26.633077454132255,0.32311059907834105,116.47499999999252,0.0,0.0,0.0,0.0,0.9999999999999999,wait:lane_lock,0,0,0,0,-1.0
1787200919.157699,26.227421147805543,0.3216820276497696,125.57499999998913,0.0,0.0,0.0,0.0,0.9999999999999999,wait:lane_lock,0,0,0,0,-1.0
1787200919.192811,26.32299484563488,0.3223963133640553,124.09999999998642,0.0,0.0,0.0,0.0,0.9999999999999999,wait:lane_lock,0,0,0,0,-1.0
1787200919.2335105,26.7542467254085,0.3209677419354839,121.79999999998718,0.0,0.0,0.0,0.0,0.9999999999999999,wait:lane_lock,0,0,0,0,-1.0
1787200919.2731454,26.080715078943115,0.32525345622119817,132.4500000000053,0.0,0.0,0.0,0.0,0.9999999999999999,wait:lane_lock,0,0,0,0,-1.0
1787200919.3085432,26.18850928616634,0.3223963133640553,128.69999999998734,0.0,0.0,0.0,0.0,0.9999999999999999,wait:lane_lock,0,0,0,0,-1.0
1787200919.350303,26.5990203484743,0.32525345622119817,132.35000000000124,0.0,0.0,0.0,0.0,0.9999999999999999,wait:lane_lock,0,0,0,0,-1.0
1787200919.3883042,25.919270994312605,0.3166820276497696,136.65594405594103,0.0,0.0,0.0,0.0,0.9999999999999999,wait:lane_lock,0,0,0,0,-1.0
1787200919.4244497,26.192043854009174,0.32596774193548383,130.97500000000107,0.0,0.0,0.0,0.0,0.9999999999999999,wait:lane_lock,0,0,0,0,-1.0
1787200919.4668915,26.4861362453647,0.3216820276497696,125.57499999998913,0.0,0.0,0.0,0.0,0.9999999999999999,wait:lane_lock,0,0,0,0,-1.0
1787200919.5061998,25.865417921592538,0.3223963133640553,117.84999999999144,0.0,0.0,0.0,0.0,0.9999999999999999,wait:lane_lock,0,0,0,0,-1.0
1787200919.5420516,25.823066680053405,0.32453917050691244,140.07499999999766,0.0,0.0,0.0,0.0,0.9999999999999999,wait:lane_lock,0,0,0,0,-1.0
1787200919.583873,26.23600443711597,0.32453917050691244,132.17499999999234,0.0,0.0,0.0,0.0,0.9999999999999999,wait:lane_lock,0,0,0,0,-1.0
1787200919.6220045,25.73849752692139,0.32025345622119816,132.2749999999962,0.0,0.0,0.0,0.0,0.9999999999999999,wait:lane_lock,0,0,0,0,-1.0
1787200919.6578774,25.875760698730964,0.32453917050691244,140.07499999999766,0.0,0.0,0.0,0.0,0.9999999999999999,wait:lane_lock,0,0,0,0,-1.0
1787200919.6991112,26.277333517380015,0.3209677419354839,126.94999999998949,0.0,0.0,0.0,0.0,0.9999999999999999,wait:lane_lock,0,0,0,0,-1.0
1787200919.736542,25.851582042549303,0.32025345622119816,132.2749999999962,0.0,0.0,0.0,0.0,0.9999999999999999,wait:lane_lock,0,0,0,0,-1.0
1787200919.7723863,26.04716223283053,0.3216820276497696,125.47499999998529,0.0,0.0,0.0,0.0,0.9999999999999999,wait:lane_lock,0,0,0,0,-1.0
1787200919.813209,26.418920837564308,0.32525345622119817,138.59999999999502,0.0,0.0,0.0,0.0,0.9999999999999999,wait:lane_lock,0,0,0,0,-1.0
1787200919.849918,25.855270718082867,0.32453917050691244,139.97499999999388,0.0,0.0,0.0,0.0,0.9999999999999999,wait:lane_lock,0,0,0,0,-1.0
1787200919.8850183,26.357531070309182,0.3209677419354839,117.84999999999144,0.0,0.0,0.0,0.0,0.9999999999999999,wait:lane_lock,0,0,0,0,-1.0
1787200919.9254417,26.790455758687298,0.31953917050691244,124.65000000000241,0.0,0.0,0.0,0.0,0.9999999999999999,wait:lane_lock,0,0,0,0,-1.0
1787200919.9644244,26.291544244767167,0.32311059907834105,146.7750000000047,0.0,0.0,0.0,0.0,0.9999999999999999,wait:lane_lock,0,0,0,0,-1.0
1787200919.9997132,26.25898408099776,0.32453917050691244,139.97499999999388,0.0,0.0,0.0,0.0,0.9999999999999999,wait:lane_lock,0,0,0,0,-1.0
1787200920.0408704,26.680200028284222,0.32025345622119816,132.2749999999962,0.0,0.0,0.0,0.0,0.9999999999999999,wait:lane_lock,0,0,0,0,-1.0
1787200920.0781202,26.187081088575397,0.32596774193548383,130.97500000000107,0.0,0.0,0.0,0.0,0.9999999999999999,wait:lane_lock,0,0,0,0,-1.0
1787200920.1140735,26.345859555320263,0.3216820276497696,125.57499999998913,0.0,0.0,0.0,0.0,0.9999999999999999,wait:lane_lock,0,0,0,0,-1.0
1787200920.1610932,26.52715723763805,0.31953917050691244,128.4999999999943,0.0,0.0,0.0,0.0,0.9999999999999999,wait:lane_lock,0,0,0,0,-1.0
1787200920.2004066,25.51543066058559,0.3216820276497696,125.47499999998529,0.0,0.0,0.0,0.0,0.9999999999999999,wait:lane_lock,0,0,0,0,-1.0
1787200920.2383678,25.300062048699136,0.32525345622119817,138.59999999999502,0.0,0.0,0.0,0.0,0.9999999999999999,wait:lane_lock,0,0,0,0,-1.0
1787200920.279878,25.786423326946164,0.3238248847926267,136.29999999999714,0.0,0.0,0.0,0.0,0.9999999999999999,wait:lane_lock,0,0,0,0,-1.0
1787200920.3190973,25.319986681033424,0.3209677419354839,126.94999999998949,0.0,0.0,0.0,0.0,0.9999999999999999,wait:lane_lock,0,0,0,0,-1.0
1787200920.3549821,25.49097804091118,0.31953917050691244,128.4999999999943,0.0,0.0,0.0,0.0,0.9999999999999999,wait:lane_lock,0,0,0,0,-1.0
1787200920.39636,25.983619118505164,0.32025345622119816,132.2749999999962,0.0,0.0,0.0,0.0,0.9999999999999999,wait:lane_lock,0,0,0,0,-1.0
1787200920.4366271,25.444594353738015,0.32453917050691244,140.07499999999766,0.0,0.0,0.0,0.0,0.9999999999999999,wait:lane_lock,0,0,0,0,-1.0
1787200920.4727097,25.516999770412326,0.3209677419354839,121.79999999998718,0.0,0.0,0.0,0.0,0.9999999999999999,wait:lane_lock,0,0,0,0,-1.0
1787200920.512852,25.964158481451435,0.3209677419354839,126.94999999998949,0.0,0.0,0.0,0.0,0.9999999999999999,wait:lane_lock,0,0,0,0,-1.0
1787200920.5496235,25.67888374809811,0.3223963133640553,124.09999999998642,0.0,0.0,0.0,0.0,0.9999999999999999,wait:lane_lock,0,0,0,0,-1.0
1787200920.5852904,26.0549132046815,0.3223963133640553,124.09999999998642,0.0,0.0,0.0,0.0,0.9999999999999999,wait:lane_lock,0,0,0,0,-1.0
1787200920.626488,26.47064957916976,0.3223963133640553,117.9499999999967,0.0,0.0,0.0,0.0,0.9999999999999999,wait:lane_lock,0,0,0,0,-1.0
1787200920.6648438,26.01290791339109,0.3216820276497696,125.57499999998913,0.0,0.0,0.0,0.0,0.9999999999999999,wait:lane_lock,0,0,0,0,-1.0
1787200920.700786,26.03554883505735,0.3209677419354839,126.94999999998949,0.0,0.0,0.0,0.0,0.9999999999999999,wait:lane_lock,0,0,0,0,-1.0
1787200920.7416487,26.3962448790229,0.32453917050691244,133.82500000000417,0.0,0.0,0.0,0.0,0.9999999999999999,wait:lane_lock,0,0,0,0,-1.0
1787200920.7790942,26.005889561484405,0.32025345622119816,132.2749999999962,0.0,0.0,0.0,0.0,0.9999999999999999,wait:lane_lock,0,0,0,0,-1.0
1787200920.81442,26.15528825006155,0.32525345622119817,132.4500000000053,0.0,0.0,0.0,0.0,0.9999999999999999,wait:lane_lock,0,0,0,0,-1.0
1787200920.8548086,26.58573427732366,0.3223963133640553,124.09999999998642,0.0,0.0,0.0,0.0,0.9999999999999999,wait:lane_lock,0,0,0,0,-1.0
1787200920.8927174,26.216233655838902,0.32596774193548383,128.32500000000195,0.0,0.0,0.0,0.0,0.9999999999999999,wait:lane_lock,0,0,0,0,-1.0
1787200920.9284954,26.18103774838105,0.3223963133640553,124.09999999998642,0.0,0.0,0.0,0.0,0.9999999999999999,wait:lane_lock,0,0,0,0,-1.0
1787200920.9685462,26.624127546951886,0.3223963133640553,143.00000000000273,0.0,0.0,0.0,0.0,0.9999999999999999,wait:lane_lock,0,0,0,0,-1.0
1787200921.0046334,26.22422467010416,0.3223963133640553,124.09999999998642,0.0,0.0,0.0,0.0,0.9999999999999999,wait:lane_lock,0,0,0,0,-1.0
1787200921.0402918,26.609728849258943,0.32596774193548383,134.47499999999147,0.0,0.0,0.0,0.0,0.9999999999999999,wait:lane_lock,0,0,0,0,-1.0
1787200921.08238,26.89715070089073,0.3223963133640553,143.00000000000273,0.0,0.0,0.0,0.0,0.9999999999999999,wait:lane_lock,0,0,0,0,-1.0
1787200921.120501,26.255933243873294,0.3216820276497696,125.47499999998529,0.0,0.0,0.0,0.0,0.9999999999999999,wait:lane_lock,0,0,0,0,-1.0
1787200921.1559963,26.263681426764396,0.32311059907834105,146.7750000000047,0.0,0.0,0.0,0.0,0.9999999999999999,wait:lane_lock,0,0,0,0,-1.0
1787200921.1975954,26.649272120127097,0.3238248847926267,145.4000000000043,0.0,0.0,0.0,0.0,0.9999999999999999,wait:lane_lock,0,0,0,0,-1.0
1787200921.2354739,26.11006967772005,0.3238248847926267,136.29999999999714,0.0,0.0,0.0,0.0,0.9999999999999999,wait:lane_lock,0,0,0,0,-1.0
1787200921.2726264,26.185456593642673,0.32453917050691244,132.17499999999234,0.0,0.0,0.0,0.0,0.9999999999999999,wait:lane_lock,0,0,0,0,-1.0
1787200921.314873,26.331548318747345,0.3209677419354839,126.94999999998949,0.0,0.0,0.0,0.0,0.9999999999999999,wait:lane_lock,0,0,0,0,-1.0
1787200921.353759,25.75413341802911,0.31953917050691244,128.4999999999943,0.0,0.0,0.0,0.0,0.9999999999999999,wait:lane_lock,0,0,0,0,-1.0
1787200921.390245,25.80034044428552,0.31953917050691244,128.4999999999943,0.0,0.0,0.0,0.0,0.9999999999999999,wait:lane_lock,0,0,0,0,-1.0
1787200921.4317954,26.12227917559796,0.3238248847926267,141.44999999999806,0.0,0.0,0.0,0.0,0.9999999999999999,wait:lane_lock,0,0,0,0,-1.0
1787200921.4679506,25.697175389551877,0.3216820276497696,125.47499999998529,0.0,0.0,0.0,0.0,0.9999999999999999,wait:lane_lock,0,0,0,0,-1.0
1787200921.503333,26.111405615508566,0.3216820276497696,125.47499999998529,0.0,0.0,0.0,0.0,0.9999999999999999,wait:lane_lock,0,0,0,0,-1.0
1787200921.5461657,26.523794572333266,0.3209677419354839,126.94999999998949,0.0,0.0,0.0,0.0,0.9999999999999999,wait:lane_lock,0,0,0,0,-1.0
1787200921.5849478,25.81855091955349,0.3223963133640553,128.69999999998734,0.0,0.0,0.0,0.0,0.9999999999999999,wait:lane_lock,0,0,0,0,-1.0
1787200921.6204615,25.903231041215484,0.3209677419354839,126.94999999998949,0.0,0.0,0.0,0.0,0.9999999999999999,wait:lane_lock,0,0,0,0,-1.0
1787200921.6608453,26.366721348367136,0.3266820276497696,126.8499999999976,0.0,0.0,0.0,0.0,0.9999999999999999,wait:lane_lock,0,0,0,0,-1.0
1787200921.6973166,25.965806878062434,0.32025345622119816,123.17499999998755,0.0,0.0,0.0,0.0,0.9999999999999999,wait:lane_lock,0,0,0,0,-1.0
1787200921.7333078,26.347063028780127,0.3188248847926267,132.42499999999723,0.0,0.0,0.0,0.0,0.9999999999999999,wait:lane_lock,0,0,0,0,-1.0
1787200921.774244,26.64309190319996,0.31953917050691244,128.4999999999943,0.0,0.0,0.0,0.0,0.9999999999999999,wait:lane_lock,0,0,0,0,-1.0
1787200921.8127396,26.192560613885874,0.32311059907834105,119.9749999999816,0.0,0.0,0.0,0.0,0.9999999999999999,wait:lane_lock,0,0,0,0,-1.0
1787200921.8482683,26.134940769755385,0.32025345622119816,123.17499999998755,0.0,0.0,0.0,0.0,0.9999999999999999,wait:lane_lock,0,0,0,0,-1.0
1787200921.8876064,26.566311274777448,0.32453917050691244,139.97499999999388,0.0,0.0,0.0,0.0,0.9999999999999999,wait:lane_lock,0,0,0,0,-1.0
1787200921.923838,26.26995196923775,0.32525345622119817,138.59999999999502,0.0,0.0,0.0,0.0,0.9999999999999999,wait:lane_lock,0,0,0,0,-1.0
1787200921.959067,26.619541837306663,0.3209677419354839,126.94999999998949,0.0,0.0,0.0,0.0,0.9999999999999999,wait:lane_lock,0,0,0,0,-1.0
1787200922.0019119,26.967900488643178,0.3216820276497696,125.47499999998529,0.0,0.0,0.0,0.0,0.9999999999999999,wait:lane_lock,0,0,0,0,-1.0
1787200922.0407887,26.226996708035273,0.3209677419354839,130.89999999999586,0.0,0.0,0.0,0.0,0.9999999999999999,wait:lane_lock,0,0,0,0,-1.0
1787200922.0765665,26.14896424575196,0.32025345622119816,123.17499999998755,0.0,0.0,0.0,0.0,0.9999999999999999,wait:lane_lock,0,0,0,0,-1.0
1787200922.1181452,26.50975553353924,0.3238248847926267,136.29999999999714,0.0,0.0,0.0,0.0,0.9999999999999999,wait:lane_lock,0,0,0,0,-1.0
1787200922.1556063,26.005345552671333,0.3223963133640553,143.00000000000273,0.0,0.0,0.0,0.0,0.9999999999999999,wait:lane_lock,0,0,0,0,-1.0
1787200922.1913083,26.1591953823255,0.31953917050691244,128.4999999999943,0.0,0.0,0.0,0.0,0.9999999999999999,wait:lane_lock,0,0,0,0,-1.0
1787200922.231683,26.52224955585808,0.32311059907834105,146.7750000000047,0.0,0.0,0.0,0.0,0.9999999999999999,wait:lane_lock,0,0,0,0,-1.0
1787200922.2693758,26.1578523520864,0.32525345622119817,135.9499999999944,0.0,0.0,0.0,0.0,0.9999999999999999,wait:lane_lock,0,0,0,0,-1.0
1787200922.3051143,26.25400079377423,0.3216820276497696,125.57499999998913,0.0,0.0,0.0,0.0,0.9999999999999999,wait:lane_lock,0,0,0,0,-1.0
1787200922.3466363,26.600377419039603,0.32025345622119816,132.2749999999962,0.0,0.0,0.0,0.0,0.9999999999999999,wait:lane_lock,0,0,0,0,-1.0
1787200922.384411,26.08010376101865,0.32311059907834105,137.6749999999974,0.0,0.0,0.0,0.0,0.9999999999999999,wait:lane_lock,0,0,0,0,-1.0
1787200922.4200683,26.178257538423278,0.3209677419354839,126.94999999998949,0.0,0.0,0.0,0.0,0.9999999999999999,wait:lane_lock,0,0,0,0,-1.0
1787200922.461374,26.469389764263937,0.3216820276497696,125.47499999998529,0.0,0.0,0.0,0.0,0.9999999999999999,wait:lane_lock,0,0,0,0,-1.0
1787200922.4999425,26.00276796714811,0.32025345622119816,132.2749999999962,0.0,0.0,0.0,0.0,0.9999999999999999,wait:lane_lock,0,0,0,0,-1.0
1787200922.534883,26.070340943620018,0.32025345622119816,132.2749999999962,0.0,0.0,0.0,0.0,0.9999999999999999,wait:lane_lock,0,0,0,0,-1.0
1787200922.5751452,26.587711026386962,0.32453917050691244,140.07499999999766,0.0,0.0,0.0,0.0,0.9999999999999999,wait:lane_lock,0,0,0,0,-1.0
1787200922.6127017,26.18550896853811,0.32453917050691244,140.07499999999766,0.0,0.0,0.0,0.0,0.9999999999999999,wait:lane_lock,0,0,0,0,-1.0
1787200922.6476772,26.318310696735708,0.32311059907834105,113.82499999999335,0.0,0.0,0.0,0.0,0.9999999999999999,wait:lane_lock,0,0,0,0,-1.0
1787200922.687616,26.789639062109785,0.32025345622119816,127.12499999999386,0.0,0.0,0.0,0.0,0.9999999999999999,wait:lane_lock,0,0,0,0,-1.0
1787200922.725843,26.384328569265193,0.3216820276497696,125.57499999998913,0.0,0.0,0.0,0.0,0.9999999999999999,wait:lane_lock,0,0,0,0,-1.0
1787200922.761215,26.405609150585356,0.32453917050691244,132.17499999999234,0.0,0.0,0.0,0.0,0.9999999999999999,wait:lane_lock,0,0,0,0,-1.0
1787200922.802194,26.77454511490656,0.3216820276497696,119.32499999999564,0.0,0.0,0.0,0.0,0.9999999999999999,wait:lane_lock,0,0,0,0,-1.0
1787200922.839996,26.109326763674627,0.32453917050691244,140.07499999999766,0.0,0.0,0.0,0.0,0.9999999999999999,wait:lane_lock,0,0,0,0,-1.0
1787200922.8760192,26.425412128829386,0.32311059907834105,141.62500000000222,0.0,0.0,0.0,0.0,0.9999999999999999,wait:lane_lock,0,0,0,0,-1.0
1787200922.919188,26.69104873211225,0.3238248847926267,145.4000000000043,0.0,0.0,0.0,0.0,0.9999999999999999,wait:lane_lock,0,0,0,0,-1.0
1787200922.9625363,25.93519073153926,0.3216820276497696,125.57499999998913,0.0,0.0,0.0,0.0,0.9999999999999999,wait:lane_lock,0,0,0,0,-1.0
1787200923.000259,25.236462277710064,0.31953917050691244,128.4999999999943,0.0,0.0,0.0,0.0,0.9999999999999999,wait:lane_lock,0,0,0,0,-1.0
1787200923.0402439,25.73917491012763,0.31953917050691244,133.01923076922603,0.0,0.0,0.0,0.0,0.9999999999999999,wait:lane_lock,0,0,0,0,-1.0
1787200923.0768077,25.529188219236822,0.31953917050691244,124.65000000000241,0.0,0.0,0.0,0.0,0.9999999999999999,wait:lane_lock,0,0,0,0,-1.0
1787200923.112134,25.97240110231072,0.32453917050691244,140.07499999999766,0.0,0.0,0.0,0.0,0.9999999999999999,wait:lane_lock,0,0,0,0,-1.0
1787200923.1528893,26.417738445040225,0.32025345622119816,127.12499999999386,0.0,0.0,0.0,0.0,0.9999999999999999,wait:lane_lock,0,0,0,0,-1.0
1787200923.1935298,26.04307125711833,0.32311059907834105,146.7750000000047,0.0,0.0,0.0,0.0,0.9999999999999999,wait:lane_lock,0,0,0,0,-1.0
1787200923.2301795,25.64411236959157,0.31953917050691244,128.4999999999943,0.0,0.0,0.0,0.0,0.9999999999999999,wait:lane_lock,0,0,0,0,-1.0
1787200923.2707255,26.12864271482438,0.3209677419354839,126.94999999998949,0.0,0.0,0.0,0.0,0.9999999999999999,wait:lane_lock,0,0,0,0,-1.0
1787200923.3080873,25.78376039150946,0.32025345622119816,132.2749999999962,0.0,0.0,0.0,0.0,0.9999999999999999,wait:lane_lock,0,0,0,0,-1.0
1787200923.3428335,26.050074299423315,0.3238248847926267,136.29999999999714,0.0,0.0,0.0,0.0,0.9999999999999999,wait:lane_lock,0,0,0,0,-1.0
1787200923.3835795,26.58933805599157,0.32025345622119816,127.12499999999386,0.0,0.0,0.0,0.0,0.9999999999999999,wait:lane_lock,0,0,0,0,-1.0
1787200923.4214857,26.085956037945834,0.31953917050691244,128.4999999999943,0.0,0.0,0.0,0.0,0.9999999999999999,wait:lane_lock,0,0,0,0,-1.0
1787200923.4565687,26.262238414497325,0.32525345622119817,132.4500000000053,0.0,0.0,0.0,0.0,0.9999999999999999,wait:lane_lock,0,0,0,0,-1.0
1787200923.4993336,26.710495087822412,0.32025345622119816,132.2749999999962,0.0,0.0,0.0,0.0,0.9999999999999999,wait:lane_lock,0,0,0,0,-1.0
1787200923.5349064,26.03233490792078,0.3238248847926267,136.29999999999714,0.0,0.0,0.0,0.0,0.9999999999999999,wait:lane_lock,0,0,0,0,-1.0
1787200923.570334,26.467052590913863,0.32311059907834105,137.6749999999974,0.0,0.0,0.0,0.0,0.9999999999999999,wait:lane_lock,0,0,0,0,-1.0
1787200923.611544,26.81897345143659,0.3209677419354839,126.94999999998949,0.0,0.0,0.0,0.0,0.9999999999999999,wait:lane_lock,0,0,0,0,-1.0
1787200923.6499836,26.227231748202833,0.32311059907834105,146.7750000000047,0.0,0.0,0.0,0.0,0.9999999999999999,wait:lane_lock,0,0,0,0,-1.0
1787200923.684907,26.280911389865896,0.3238248847926267,141.44999999999806,0.0,0.0,0.0,0.0,0.9999999999999999,wait:lane_lock,0,0,0,0,-1.0
1787200923.7245073,26.75335406547696,0.3238248847926267,145.4000000000043,0.0,0.0,0.0,0.0,0.9999999999999999,wait:lane_lock,0,0,0,0,-1.0
1787200923.7603204,26.397535432841163,0.3238248847926267,141.44999999999806,0.0,0.0,0.0,0.0,0.9999999999999999,wait:lane_lock,0,0,0,0,-1.0
1787200923.7953613,26.771247023299868,0.3216820276497696,125.57499999998913,0.0,0.0,0.0,0.0,0.9999999999999999,wait:lane_lock,0,0,0,0,-1.0
1787200923.8358178,27.103039301752514,0.32596774193548383,130.97500000000107,0.0,0.0,0.0,0.0,0.9999999999999999,wait:lane_lock,0,0,0,0,-1.0
1787200923.8735545,26.628446062768443,0.3188248847926267,136.94423076922914,0.0,0.0,0.0,0.0,0.9999999999999999,wait:lane_lock,0,0,0,0,-1.0
1787200923.9092042,26.61805685889838,0.3209677419354839,126.94999999998949,0.0,0.0,0.0,0.0,0.9999999999999999,wait:lane_lock,0,0,0,0,-1.0
1787200923.9501717,26.905722897784305,0.3216820276497696,125.57499999998913,0.0,0.0,0.0,0.0,0.9999999999999999,wait:lane_lock,0,0,0,0,-1.0
1787200923.9886887,26.203662729026078,0.32453917050691244,133.82500000000417,0.0,0.0,0.0,0.0,0.9999999999999999,wait:lane_lock,0,0,0,0,-1.0
1787200924.0244632,26.404910550361393,0.32453917050691244,140.07499999999766,0.0,0.0,0.0,0.0,0.9999999999999999,wait:lane_lock,0,0,0,0,-1.0
1787200924.0658278,26.71588030184502,0.3238248847926267,141.44999999999806,0.0,0.0,0.0,0.0,0.9999999999999999,wait:lane_lock,0,0,0,0,-1.0
1787200924.1040096,26.176348785814945,0.32453917050691244,139.97499999999388,0.0,0.0,0.0,0.0,0.9999999999999999,wait:lane_lock,0,0,0,0,-1.0
1787200924.1397452,26.21758105815626,0.32025345622119816,123.17499999998755,0.0,0.0,0.0,0.0,0.9999999999999999,wait:lane_lock,0,0,0,0,-1.0
1787200924.180997,26.5708906179807,0.3209677419354839,126.94999999998949,0.0,0.0,0.0,0.0,0.9999999999999999,wait:lane_lock,0,0,0,0,-1.0
1787200924.2194088,26.038064723441636,0.32025345622119816,132.2749999999962,0.0,0.0,0.0,0.0,0.9999999999999999,wait:lane_lock,0,0,0,0,-1.0
1787200924.2552059,26.10897016197757,0.32453917050691244,140.07499999999766,0.0,0.0,0.0,0.0,0.9999999999999999,wait:lane_lock,0,0,0,0,-1.0
1787200924.2987502,26.475994625136675,0.32025345622119816,127.12499999999386,0.0,0.0,0.0,0.0,0.9999999999999999,wait:lane_lock,0,0,0,0,-1.0
1787200924.3388455,25.75979233250031,0.3209677419354839,126.94999999998949,0.0,0.0,0.0,0.0,0.9999999999999999,wait:lane_lock,0,0,0,0,-1.0
1787200924.3757684,25.60770024458209,0.32453917050691244,139.97499999999388,0.0,0.0,0.0,0.0,0.9999999999999999,wait:lane_lock,0,0,0,0,-1.0
1787200924.416912,25.909570737743127,0.32025345622119816,127.12499999999386,0.0,0.0,0.0,0.0,0.9999999999999999,wait:lane_lock,0,0,0,0,-1.0
1787200924.454705,25.531187031364336,0.3216820276497696,125.57499999998913,0.0,0.0,0.0,0.0,0.9999999999999999,wait:lane_lock,0,0,0,0,-1.0
1787200924.4906647,25.79064352990109,0.32453917050691244,140.07499999999766,0.0,0.0,0.0,0.0,0.9999999999999999,wait:lane_lock,0,0,0,0,-1.0
1787200924.5318756,26.193523257186715,0.31953917050691244,128.4999999999943,0.0,0.0,0.0,0.0,0.9999999999999999,wait:lane_lock,0,0,0,0,-1.0
1787200924.576174,25.6550311752231,0.32453917050691244,140.07499999999766,0.0,0.0,0.0,0.0,0.9999999999999999,wait:lane_lock,0,0,0,0,-1.0
1787200924.6118727,25.17399117560175,0.32596774193548383,134.47499999999147,0.0,0.0,0.0,0.0,0.9999999999999999,wait:lane_lock,0,0,0,0,-1.0
1787200924.6531887,25.731079605016575,0.32311059907834105,146.7750000000047,0.0,0.0,0.0,0.0,0.9999999999999999,wait:lane_lock,0,0,0,0,-1.0
1787200924.6921287,25.389217427809918,0.31953917050691244,128.4999999999943,0.0,0.0,0.0,0.0,0.9999999999999999,wait:lane_lock,0,0,0,0,-1.0
1787200924.7278671,25.50624201520668,0.32311059907834105,146.7750000000047,0.0,0.0,0.0,0.0,0.9999999999999999,wait:lane_lock,0,0,0,0,-1.0
1787200924.768564,25.900604871970692,0.32525345622119817,132.35000000000124,0.0,0.0,0.0,0.0,0.9999999999999999,wait:lane_lock,0,0,0,0,-1.0
1787200924.8086345,25.55342670496432,0.3223963133640553,117.84999999999144,0.0,0.0,0.0,0.0,0.9999999999999999,wait:lane_lock,0,0,0,0,-1.0
1787200924.8434634,25.60757122776544,0.3188248847926267,120.87500000000044,0.0,0.0,0.0,0.0,0.9999999999999999,wait:lane_lock,0,0,0,0,-1.0
1787200924.8838015,26.216981863789115,0.3223963133640553,117.84999999999144,0.0,0.0,0.0,0.0,0.9999999999999999,wait:lane_lock,0,0,0,0,-1.0
1787200924.9204164,25.931983908509388,0.32453917050691244,139.97499999999388,0.0,0.0,0.0,0.0,0.9999999999999999,wait:lane_lock,0,0,0,0,-1.0
1787200924.9555125,26.216128942941292,0.32311059907834105,141.62500000000222,0.0,0.0,0.0,0.0,0.9999999999999999,wait:lane_lock,0,0,0,0,-1.0
1787200924.9967418,26.67374286809651,0.32453917050691244,133.82500000000417,0.0,0.0,0.0,0.0,0.9999999999999999,wait:lane_lock,0,0,0,0,-1.0
1787200925.0345166,26.17391475895118,0.3209677419354839,130.89999999999586,0.0,0.0,0.0,0.0,0.9999999999999999,wait:lane_lock,0,0,0,0,-1.0
1787200925.070103,26.250623296005298,0.32025345622119816,132.2749999999962,0.0,0.0,0.0,0.0,0.9999999999999999,wait:lane_lock,0,0,0,0,-1.0
1787200925.1115766,26.62068682487185,0.32453917050691244,140.07499999999766,0.0,0.0,0.0,0.0,0.9999999999999999,wait:lane_lock,0,0,0,0,-1.0
1787200925.1479154,26.10745802186657,0.3238248847926267,141.44999999999806,0.0,0.0,0.0,0.0,0.9999999999999999,wait:lane_lock,0,0,0,0,-1.0
1787200925.182725,26.39810469721394,0.3223963133640553,117.9499999999967,0.0,0.0,0.0,0.0,0.9999999999999999,wait:lane_lock,0,0,0,0,-1.0
1787200925.2238827,26.8720349934325,0.32525345622119817,143.19999999999584,0.0,0.0,0.0,0.0,0.9999999999999999,wait:lane_lock,0,0,0,0,-1.0
1787200925.2617388,26.350402578307904,0.3238248847926267,141.44999999999806,0.0,0.0,0.0,0.0,0.9999999999999999,wait:lane_lock,0,0,0,0,-1.0
1787200925.2975574,26.362761556598006,0.3223963133640553,117.9499999999967,0.0,0.0,0.0,0.0,0.9999999999999999,wait:lane_lock,0,0,0,0,-1.0
1787200925.3386068,26.663534263962607,0.32453917050691244,140.07499999999766,0.0,0.0,0.0,0.0,0.9999999999999999,wait:lane_lock,0,0,0,0,-1.0
1787200925.37558,26.205663199269893,0.32453917050691244,140.07499999999766,0.0,0.0,0.0,0.0,0.9999999999999999,wait:lane_lock,0,0,0,0,-1.0
1787200925.4102325,26.389542544633354,0.32025345622119816,123.17499999998755,0.0,0.0,0.0,0.0,0.9999999999999999,wait:lane_lock,0,0,0,0,-1.0
1787200925.4505973,26.857505792038207,0.32025345622119816,132.2749999999962,0.0,0.0,0.0,0.0,0.9999999999999999,wait:lane_lock,0,0,0,0,-1.0
1787200925.4881134,26.443301978577438,0.31953917050691244,128.4999999999943,0.0,0.0,0.0,0.0,0.9999999999999999,wait:lane_lock,0,0,0,0,-1.0
1787200925.5255015,26.423013779649455,0.3209677419354839,126.94999999998949,0.0,0.0,0.0,0.0,0.9999999999999999,wait:lane_lock,0,0,0,0,-1.0
1787200925.56635,26.57211294588488,0.3216820276497696,125.57499999998913,0.0,0.0,0.0,0.0,0.9999999999999999,wait:lane_lock,0,0,0,0,-1.0
1787200925.602842,26.129705799640043,0.3209677419354839,130.89999999999586,0.0,0.0,0.0,0.0,0.9999999999999999,wait:lane_lock,0,0,0,0,-1.0
1787200925.6380064,26.413854150837672,0.32453917050691244,140.07499999999766,0.0,0.0,0.0,0.0,0.9999999999999999,wait:lane_lock,0,0,0,0,-1.0
1787200925.6804593,26.81915482609865,0.3216820276497696,125.57499999998913,0.0,0.0,0.0,0.0,0.9999999999999999,wait:lane_lock,0,0,0,0,-1.0
1787200925.7193072,26.10944364116203,0.32453917050691244,140.07499999999766,0.0,0.0,0.0,0.0,0.9999999999999999,wait:lane_lock,0,0,0,0,-1.0
1787200925.7575061,26.083139850334273,0.32525345622119817,135.9499999999944,0.0,0.0,0.0,0.0,0.9999999999999999,wait:lane_lock,0,0,0,0,-1.0
1787200925.7984536,26.122538453475435,0.3216820276497696,125.57499999998913,0.0,0.0,0.0,0.0,0.9999999999999999,wait:lane_lock,0,0,0,0,-1.0
1787200925.8355467,25.6567951933758,0.3209677419354839,130.89999999999586,0.0,0.0,0.0,0.0,0.9999999999999999,wait:lane_lock,0,0,0,0,-1.0
1787200925.8711183,26.08069203506639,0.32453917050691244,139.97499999999388,0.0,0.0,0.0,0.0,0.9999999999999999,wait:lane_lock,0,0,0,0,-1.0
1787200925.912118,26.48068950528568,0.3223963133640553,143.00000000000273,0.0,0.0,0.0,0.0,0.9999999999999999,wait:lane_lock,0,0,0,0,-1.0
1787200925.9513388,25.910110740656208,0.32596774193548383,130.97500000000107,0.0,0.0,0.0,0.0,0.9999999999999999,wait:lane_lock,0,0,0,0,-1.0
1787200925.9879777,26.007586672761715,0.31953917050691244,124.65000000000241,0.0,0.0,0.0,0.0,0.9999999999999999,wait:lane_lock,0,0,0,0,-1.0
1787200926.0296645,26.26900745490842,0.3209677419354839,126.94999999998949,0.0,0.0,0.0,0.0,0.9999999999999999,wait:lane_lock,0,0,0,0,-1.0
1787200926.0682683,25.778048892489508,0.3216820276497696,114.17499999999472,0.0,0.0,0.0,0.0,0.9999999999999999,wait:lane_lock,0,0,0,0,-1.0
1787200926.1036325,25.844896883565536,0.32025345622119816,132.2749999999962,0.0,0.0,0.0,0.0,0.9999999999999999,wait:lane_lock,0,0,0,0,-1.0
1787200926.1437168,26.331825364195485,0.32453917050691244,141.27500000000106,0.0,0.0,0.0,0.0,0.9999999999999999,wait:lane_lock,0,0,0,0,-1.0
1787200926.180972,25.970747654007845,0.3238248847926267,141.44999999999806,0.0,0.0,0.0,0.0,0.9999999999999999,wait:lane_lock,0,0,0,0,-1.0
1787200926.2162402,26.24434336094684,0.32025345622119816,127.12499999999386,0.0,0.0,0.0,0.0,0.9999999999999999,wait:lane_lock,0,0,0,0,-1.0
1787200926.2567432,26.667875396218182,0.31953917050691244,128.4999999999943,0.0,0.0,0.0,0.0,0.9999999999999999,wait:lane_lock,0,0,0,0,-1.0
1787200926.296358,26.022668141182923,0.32596774193548383,135.32499999999413,0.0,0.0,0.0,0.0,0.9999999999999999,wait:lane_lock,0,0,0,0,-1.0
1787200926.3321679,26.149877565056094,0.3209677419354839,126.94999999998949,0.0,0.0,0.0,0.0,0.9999999999999999,wait:lane_lock,0,0,0,0,-1.0
1787200926.373058,26.513458521104866,0.32453917050691244,140.07499999999766,0.0,0.0,0.0,0.0,0.9999999999999999,wait:lane_lock,0,0,0,0,-1.0
1787200926.4122477,26.08744120780181,0.3209677419354839,126.94999999998949,0.0,0.0,0.0,0.0,0.9999999999999999,wait:lane_lock,0,0,0,0,-1.0
1787200926.448745,25.979337349539943,0.3238248847926267,136.29999999999714,0.0,0.0,0.0,0.0,0.9999999999999999,wait:lane_lock,0,0,0,0,-1.0
1787200926.489653,26.274334508506676,0.3216820276497696,125.47499999998529,0.0,0.0,0.0,0.0,0.9999999999999999,wait:lane_lock,0,0,0,0,-1.0
1787200926.5256412,25.88951181633889,0.32025345622119816,132.2749999999962,0.0,0.0,0.0,0.0,0.9999999999999999,wait:lane_lock,0,0,0,0,-1.0
1787200926.560781,26.281692558995797,0.31953917050691244,128.4999999999943,0.0,0.0,0.0,0.0,0.9999999999999999,wait:lane_lock,0,0,0,0,-1.0
1787200926.601234,26.711606051698652,0.32311059907834105,146.7750000000047,0.0,0.0,0.0,0.0,0.9999999999999999,wait:lane_lock,0,0,0,0,-1.0
1787200926.6386578,26.304746645243387,0.3209677419354839,126.94999999998949,0.0,0.0,0.0,0.0,0.9999999999999999,wait:lane_lock,0,0,0,0,-1.0
1787200926.6735337,26.41478975690044,0.32025345622119816,132.2749999999962,0.0,0.0,0.0,0.0,0.9999999999999999,wait:lane_lock,0,0,0,0,-1.0
1787200926.714586,26.865571936258213,0.3216820276497696,125.47499999998529,0.0,0.0,0.0,0.0,0.9999999999999999,wait:lane_lock,0,0,0,0,-1.0
1787200926.7513497,26.335695966809364,0.31525345622119816,142.61363636363734,0.0,0.0,0.0,0.0,0.9999999999999999,wait:lane_lock,0,0,0,0,-1.0
1787200926.7869632,26.539004920218204,0.32453917050691244,132.17499999999234,0.0,0.0,0.0,0.0,0.9999999999999999,wait:lane_lock,0,0,0,0,-1.0
1787200926.827669,26.85347397268466,0.3216820276497696,125.47499999998529,0.0,0.0,0.0,0.0,0.9999999999999999,wait:lane_lock,0,0,0,0,-1.0
1787200926.864727,26.306512020910144,0.32025345622119816,132.2749999999962,0.0,0.0,0.0,0.0,0.9999999999999999,wait:lane_lock,0,0,0,0,-1.0
1787200926.9000604,26.555504831892577,0.3216820276497696,125.57499999998913,0.0,0.0,0.0,0.0,0.9999999999999999,wait:lane_lock,0,0,0,0,-1.0
1787200926.94056,26.903345774671962,0.32525345622119817,132.35000000000124,0.0,0.0,0.0,0.0,0.9999999999999999,wait:lane_lock,0,0,0,0,-1.0
1787200926.9801328,26.409603993708902,0.32453917050691244,139.97499999999388,0.0,0.0,0.0,0.0,0.9999999999999999,wait:lane_lock,0,0,0,0,-1.0
1787200927.0152817,26.2360410431014,0.3216820276497696,125.47499999998529,0.0,0.0,0.0,0.0,0.9999999999999999,wait:lane_lock,0,0,0,0,-1.0
1787200927.056313,26.585666750310832,0.3223963133640553,124.09999999998642,0.0,0.0,0.0,0.0,0.9999999999999999,wait:lane_lock,0,0,0,0,-1.0
1787200927.0966291,26.148870820921392,0.32453917050691244,140.07499999999766,0.0,0.0,0.0,0.0,0.9999999999999999,wait:lane_lock,0,0,0,0,-1.0
1787200927.1341777,25.93886538444365,0.32311059907834105,116.47499999999252,0.0,0.0,0.0,0.0,0.9999999999999999,wait:lane_lock,0,0,0,0,-1.0
1787200927.1749883,26.08998891352005,0.32453917050691244,140.07499999999766,0.0,0.0,0.0,0.0,0.9999999999999999,wait:lane_lock,0,0,0,0,-1.0
1787200927.2134638,25.728460250005945,0.32025345622119816,132.2749999999962,0.0,0.0,0.0,0.0,0.9999999999999999,wait:lane_lock,0,0,0,0,-1.0
1787200927.2486541,25.825669043556374,0.3209677419354839,130.89999999999586,0.0,0.0,0.0,0.0,0.9999999999999999,wait:lane_lock,0,0,0,0,-1.0
1787200927.289329,26.347907329404542,0.3209677419354839,130.89999999999586,0.0,0.0,0.0,0.0,0.9999999999999999,wait:lane_lock,0,0,0,0,-1.0
1787200927.3282912,25.96549577184289,0.32525345622119817,138.59999999999502,0.0,0.0,0.0,0.0,0.9999999999999999,wait:lane_lock,0,0,0,0,-1.0
1787200927.367387,25.91741381495979,0.3216820276497696,125.57499999998913,0.0,0.0,0.0,0.0,0.9999999999999999,wait:lane_lock,0,0,0,0,-1.0
1787200927.4081264,25.854113641781392,0.3223963133640553,117.84999999999144,0.0,0.0,0.0,0.0,0.9999999999999999,wait:lane_lock,0,0,0,0,-1.0
1787200927.4458213,25.423702648519992,0.32453917050691244,132.17499999999234,0.0,0.0,0.0,0.0,0.9999999999999999,wait:lane_lock,0,0,0,0,-1.0
1787200927.4807496,25.87006834115448,0.3209677419354839,126.94999999998949,0.0,0.0,0.0,0.0,0.9999999999999999,wait:lane_lock,0,0,0,0,-1.0
1787200927.5208066,26.4282369152834,0.32453917050691244,139.97499999999388,0.0,0.0,0.0,0.0,0.9999999999999999,wait:lane_lock,0,0,0,0,-1.0
1787200927.5598333,25.977875281423824,0.32025345622119816,123.17499999998755,0.0,0.0,0.0,0.0,0.9999999999999999,wait:lane_lock,0,0,0,0,-1.0
1787200927.5947282,26.075202839684888,0.31953917050691244,124.65000000000241,0.0,0.0,0.0,0.0,0.9999999999999999,wait:lane_lock,0,0,0,0,-1.0
1787200927.6349964,26.598100587485906,0.3238248847926267,141.44999999999806,0.0,0.0,0.0,0.0,0.9999999999999999,wait:lane_lock,0,0,0,0,-1.0
1787200927.6717792,26.212743504005456,0.32453917050691244,141.27500000000106,0.0,0.0,0.0,0.0,0.9999999999999999,wait:lane_lock,0,0,0,0,-1.0
1787200927.7075746,26.4505193556975,0.32311059907834105,116.47499999999252,0.0,0.0,0.0,0.0,0.9999999999999999,wait:lane_lock,0,0,0,0,-1.0
1787200927.7483299,26.74244178410773,0.31953917050691244,128.4999999999943,0.0,0.0,0.0,0.0,0.9999999999999999,wait:lane_lock,0,0,0,0,-1.0
1787200927.7871983,26.2466359343684,0.32525345622119817,135.9499999999944,0.0,0.0,0.0,0.0,0.9999999999999999,wait:lane_lock,0,0,0,0,-1.0
1787200927.8236337,26.13406684135754,0.32025345622119816,132.2749999999962,0.0,0.0,0.0,0.0,0.9999999999999999,wait:lane_lock,0,0,0,0,-1.0
1787200927.8647645,26.481929703544882,0.31953917050691244,128.4999999999943,0.0,0.0,0.0,0.0,0.9999999999999999,wait:lane_lock,0,0,0,0,-1.0
1787200927.902591,25.971037133081534,0.3223963133640553,124.09999999998642,0.0,0.0,0.0,0.0,0.9999999999999999,wait:lane_lock,0,0,0,0,-1.0
1787200927.9379587,26.14679306344472,0.32025345622119816,123.17499999998755,0.0,0.0,0.0,0.0,0.9999999999999999,wait:lane_lock,0,0,0,0,-1.0
1787200927.9795897,26.585690364125593,0.32311059907834105,141.62500000000222,0.0,0.0,0.0,0.0,0.9999999999999999,wait:lane_lock,0,0,0,0,-1.0
1787200928.0179105,26.064319623787235,0.3223963133640553,143.00000000000273,0.0,0.0,0.0,0.0,0.9999999999999999,wait:lane_lock,0,0,0,0,-1.0
1787200928.0534875,26.081025716985874,0.32453917050691244,140.07499999999766,0.0,0.0,0.0,0.0,0.9999999999999999,wait:lane_lock,0,0,0,0,-1.0
1787200928.0950692,26.485058037051743,0.32025345622119816,123.17499999998755,0.0,0.0,0.0,0.0,0.9999999999999999,wait:lane_lock,0,0,0,0,-1.0
1787200928.133286,25.916712944264887,0.31953917050691244,128.4999999999943,0.0,0.0,0.0,0.0,0.9999999999999999,wait:lane_lock,0,0,0,0,-1.0
1787200928.1688926,26.06721659140515,0.3238248847926267,133.54999999999265,0.0,0.0,0.0,0.0,0.9999999999999999,wait:lane_lock,0,0,0,0,-1.0
1787200928.208819,26.47018814421107,0.3209677419354839,130.89999999999586,0.0,0.0,0.0,0.0,0.9999999999999999,wait:lane_lock,0,0,0,0,-1.0
1787200928.2471037,26.085784046081507,0.32453917050691244,140.07499999999766,0.0,0.0,0.0,0.0,0.9999999999999999,wait:lane_lock,0,0,0,0,-1.0
1787200928.2831614,26.191471727695983,0.3209677419354839,126.94999999998949,0.0,0.0,0.0,0.0,0.9999999999999999,wait:lane_lock,0,0,0,0,-1.0
1787200928.323825,26.493668803256398,0.32525345622119817,138.59999999999502,0.0,0.0,0.0,0.0,0.9999999999999999,wait:lane_lock,0,0,0,0,-1.0
1787200928.3617508,25.96939675247688,0.3238248847926267,141.44999999999806,0.0,0.0,0.0,0.0,0.9999999999999999,wait:lane_lock,0,0,0,0,-1.0
1787200928.396808,26.23530956790504,0.31953917050691244,128.4999999999943,0.0,0.0,0.0,0.0,0.9999999999999999,wait:lane_lock,0,0,0,0,-1.0
1787200928.437121,26.70481346170888,0.32453917050691244,140.07499999999766,0.0,0.0,0.0,0.0,0.9999999999999999,wait:lane_lock,0,0,0,0,-1.0
1787200928.4774745,26.311809010479386,0.3238248847926267,145.4000000000043,0.0,0.0,0.0,0.0,0.9999999999999999,wait:lane_lock,0,0,0,0,-1.0
1787200928.515142,26.011555310388918,0.32025345622119816,132.2749999999962,0.0,0.0,0.0,0.0,0.9999999999999999,wait:lane_lock,0,0,0,0,-1.0
1787200928.5559936,26.113252216635846,0.3238248847926267,130.05000000000345,0.0,0.0,0.0,0.0,0.9999999999999999,wait:lane_lock,0,0,0,0,-1.0
1787200928.592851,25.67197754963562,0.3216820276497696,125.57499999998913,0.0,0.0,0.0,0.0,0.9999999999999999,wait:lane_lock,0,0,0,0,-1.0
1787200928.6280596,26.108651010578132,0.3223963133640553,117.9499999999967,0.0,0.0,0.0,0.0,0.9999999999999999,wait:lane_lock,0,0,0,0,-1.0
1787200928.6681428,26.575742058528768,0.3223963133640553,143.00000000000273,0.0,0.0,0.0,0.0,0.9999999999999999,wait:lane_lock,0,0,0,0,-1.0
1787200928.7087834,26.19330383416691,0.32453917050691244,140.07499999999766,0.0,0.0,0.0,0.0,0.9999999999999999,wait:lane_lock,0,0,0,0,-1.0
1787200928.745557,25.930440415845567,0.32025345622119816,127.12499999999386,0.0,0.0,0.0,0.0,0.9999999999999999,wait:lane_lock,0,0,0,0,-1.0
1787200928.786492,26.043865726046256,0.32025345622119816,123.17499999998755,0.0,0.0,0.0,0.0,0.9999999999999999,wait:lane_lock,0,0,0,0,-1.0
1787200928.823564,25.768791438764943,0.32025345622119816,132.2749999999962,0.0,0.0,0.0,0.0,0.9999999999999999,wait:lane_lock,0,0,0,0,-1.0
1787200928.8585749,26.098221735931947,0.32025345622119816,132.2749999999962,0.0,0.0,0.0,0.0,0.9999999999999999,wait:lane_lock,0,0,0,0,-1.0
1787200928.898884,26.591281989625045,0.32025345622119816,132.2749999999962,0.0,0.0,0.0,0.0,0.9999999999999999,wait:lane_lock,0,0,0,0,-1.0
1787200928.9364536,26.188629828342254,0.3216820276497696,125.47499999998529,0.0,0.0,0.0,0.0,0.9999999999999999,wait:lane_lock,0,0,0,0,-1.0
1787200928.9717546,26.336933100673118,0.3238248847926267,141.44999999999806,0.0,0.0,0.0,0.0,0.9999999999999999,wait:lane_lock,0,0,0,0,-1.0
1787200929.0125537,26.735602724087517,0.3216820276497696,117.67499999998381,0.0,0.0,0.0,0.0,0.9999999999999999,wait:lane_lock,0,0,0,0,-1.0
1787200929.049006,26.25935414572139,0.3216820276497696,126.77499999999108,0.0,0.0,0.0,0.0,0.9999999999999999,wait:lane_lock,0,0,0,0,-1.0
1787200929.0843408,26.532588788068747,0.3216820276497696,125.47499999998529,0.0,0.0,0.0,0.0,0.9999999999999999,wait:lane_lock,0,0,0,0,-1.0
1787200929.125524,26.886380839020212,0.3209677419354839,126.94999999998949,0.0,0.0,0.0,0.0,0.9999999999999999,wait:lane_lock,0,0,0,0,-1.0
1787200929.1629467,26.32426023853953,0.32453917050691244,140.07499999999766,0.0,0.0,0.0,0.0,0.9999999999999999,wait:lane_lock,0,0,0,0,-1.0
1787200929.1982157,26.44938384405061,0.3238248847926267,136.29999999999714,0.0,0.0,0.0,0.0,0.9999999999999999,wait:lane_lock,0,0,0,0,-1.0
1787200929.2384412,26.832670298587427,0.3216820276497696,125.47499999998529,0.0,0.0,0.0,0.0,0.9999999999999999,wait:lane_lock,0,0,0,0,-1.0
1787200929.274362,26.42552061660216,0.3223963133640553,124.09999999998642,0.0,0.0,0.0,0.0,0.9999999999999999,wait:lane_lock,0,0,0,0,-1.0
1787200929.3095067,26.7065270952972,0.32525345622119817,138.59999999999502,0.0,0.0,0.0,0.0,0.9999999999999999,wait:lane_lock,0,0,0,0,-1.0
1787200929.350658,26.978229485048224,0.32525345622119817,138.59999999999502,0.0,0.0,0.0,0.0,0.9999999999999999,wait:lane_lock,0,0,0,0,-1.0
1787200929.3888195,26.502186817112253,0.32453917050691244,139.97499999999388,0.0,0.0,0.0,0.0,0.9999999999999999,wait:lane_lock,0,0,0,0,-1.0
1787200929.4256837,26.45935186133561,0.3223963133640553,117.84999999999144,0.0,0.0,0.0,0.0,0.9999999999999999,wait:lane_lock,0,0,0,0,-1.0
1787200929.4667473,26.563198083263014,0.3188248847926267,129.24423076922542,0.0,0.0,0.0,0.0,0.9999999999999999,wait:lane_lock,0,0,0,0,-1.0
1787200929.503795,26.13257728098435,0.3216820276497696,125.47499999998529,0.0,0.0,0.0,0.0,0.9999999999999999,wait:lane_lock,0,0,0,0,-1.0
1787200929.5395808,26.320440905017715,0.32025345622119816,132.2749999999962,0.0,0.0,0.0,0.0,0.9999999999999999,wait:lane_lock,0,0,0,0,-1.0
1787200929.579349,26.62139048558681,0.3223963133640553,128.69999999998734,0.0,0.0,0.0,0.0,0.9999999999999999,wait:lane_lock,0,0,0,0,-1.0
1787200929.6166747,26.233849460486955,0.3216820276497696,125.57499999998913,0.0,0.0,0.0,0.0,0.9999999999999999,wait:lane_lock,0,0,0,0,-1.0
1787200929.6518877,26.47635065083011,0.3216820276497696,125.47499999998529,0.0,0.0,0.0,0.0,0.9999999999999999,wait:lane_lock,0,0,0,0,-1.0
1787200929.6945882,26.862049300820402,0.3216820276497696,125.47499999998529,0.0,0.0,0.0,0.0,0.9999999999999999,wait:lane_lock,0,0,0,0,-1.0
1787200929.7299845,26.166643549187114,0.3216820276497696,125.57499999998913,0.0,0.0,0.0,0.0,0.9999999999999999,wait:lane_lock,0,0,0,0,-1.0
1787200929.7651787,26.591798047275876,0.3209677419354839,126.94999999998949,0.0,0.0,0.0,0.0,0.9999999999999999,wait:lane_lock,0,0,0,0,-1.0
1787200929.805359,26.956475566530436,0.32453917050691244,140.07499999999766,0.0,0.0,0.0,0.0,0.9999999999999999,wait:lane_lock,0,0,0,0,-1.0
1787200929.8443897,26.481149580743494,0.32525345622119817,138.59999999999502,0.0,0.0,0.0,0.0,0.9999999999999999,wait:lane_lock,0,0,0,0,-1.0
1787200929.8824008,26.278221829633175,0.31953917050691244,128.4999999999943,0.0,0.0,0.0,0.0,0.9999999999999999,wait:lane_lock,0,0,0,0,-1.0
1787200929.9265628,26.376271681360674,0.3266820276497696,126.8499999999976,0.0,0.0,0.0,0.0,0.9999999999999999,wait:lane_lock,0,0,0,0,-1.0
1787200929.9633996,25.622154338701776,0.32025345622119816,123.17499999998755,0.0,0.0,0.0,0.0,0.9999999999999999,wait:lane_lock,0,0,0,0,-1.0
1787200929.9987776,25.94267437750583,0.32525345622119817,138.59999999999502,0.0,0.0,0.0,0.0,0.9999999999999999,wait:lane_lock,0,0,0,0,-1.0
1787200930.0398748,26.41652764932175,0.3209677419354839,126.94999999998949,0.0,0.0,0.0,0.0,0.9999999999999999,wait:lane_lock,0,0,0,0,-1.0
1787200930.078953,25.826730066306478,0.3209677419354839,121.79999999998718,0.0,0.0,0.0,0.0,0.9999999999999999,wait:lane_lock,0,0,0,0,-1.0
1787200930.1152546,25.90120845814465,0.3216820276497696,125.57499999998913,0.0,0.0,0.0,0.0,0.9999999999999999,wait:lane_lock,0,0,0,0,-1.0
1787200930.1601853,26.302944302630937,0.3209677419354839,126.94999999998949,0.0,0.0,0.0,0.0,0.9999999999999999,wait:lane_lock,0,0,0,0,-1.0
1787200930.1973164,25.49280027296104,0.3238248847926267,145.4000000000043,0.0,0.0,0.0,0.0,0.9999999999999999,wait:lane_lock,0,0,0,0,-1.0
1787200930.2326756,25.799374636633946,0.32525345622119817,138.59999999999502,0.0,0.0,0.0,0.0,0.9999999999999999,wait:lane_lock,0,0,0,0,-1.0
1787200930.2719553,26.298066166375104,0.32025345622119816,131.5442307692217,0.0,0.0,0.0,0.0,0.9999999999999999,wait:lane_lock,0,0,0,0,-1.0
1787200930.3098645,25.949970350585563,0.3209677419354839,126.94999999998949,0.0,0.0,0.0,0.0,0.9999999999999999,wait:lane_lock,0,0,0,0,-1.0
1787200930.3461282,26.23059575783503,0.3216820276497696,125.57499999998913,0.0,0.0,0.0,0.0,0.9999999999999999,wait:lane_lock,0,0,0,0,-1.0
1787200930.3868072,26.512572726367736,0.3223963133640553,143.00000000000273,0.0,0.0,0.0,0.0,0.9999999999999999,wait:lane_lock,0,0,0,0,-1.0
1787200930.4252613,26.057172441925992,0.3209677419354839,130.89999999999586,0.0,0.0,0.0,0.0,0.9999999999999999,wait:lane_lock,0,0,0,0,-1.0
1787200930.4613183,26.103469868938788,0.3223963133640553,124.09999999998642,0.0,0.0,0.0,0.0,0.9999999999999999,wait:lane_lock,0,0,0,0,-1.0
1787200930.5012424,26.455259572571055,0.3209677419354839,126.94999999998949,0.0,0.0,0.0,0.0,0.9999999999999999,wait:lane_lock,0,0,0,0,-1.0
1787200930.5402222,26.003228437692943,0.32311059907834105,141.62500000000222,0.0,0.0,0.0,0.0,0.9999999999999999,wait:lane_lock,0,0,0,0,-1.0
1787200930.575805,26.119037827213845,0.32025345622119816,123.17499999998755,0.0,0.0,0.0,0.0,0.9999999999999999,wait:lane_lock,0,0,0,0,-1.0
1787200930.6159954,26.516405543857378,0.32025345622119816,127.12499999999386,0.0,0.0,0.0,0.0,0.9999999999999999,wait:lane_lock,0,0,0,0,-1.0
1787200930.6524286,26.132815762826226,0.3209677419354839,130.89999999999586,0.0,0.0,0.0,0.0,0.9999999999999999,wait:lane_lock,0,0,0,0,-1.0
1787200930.6875982,26.474203352151022,0.32025345622119816,127.12499999999386,0.0,0.0,0.0,0.0,0.9999999999999999,wait:lane_lock,0,0,0,0,-1.0
1787200930.7288313,26.86890037008748,0.31953917050691244,128.4999999999943,0.0,0.0,0.0,0.0,0.9999999999999999,wait:lane_lock,0,0,0,0,-1.0
1787200930.7676778,26.29260111970739,0.31953917050691244,128.4999999999943,0.0,0.0,0.0,0.0,0.9999999999999999,wait:lane_lock,0,0,0,0,-1.0
1787200930.803229,26.24029527272644,0.32525345622119817,132.35000000000124,0.0,0.0,0.0,0.0,0.9999999999999999,wait:lane_lock,0,0,0,0,-1.0
1787200930.8440895,26.61137150912335,0.32453917050691244,132.17499999999234,0.0,0.0,0.0,0.0,0.9999999999999999,wait:lane_lock,0,0,0,0,-1.0
1787200930.8821602,26.071211411548415,0.3238248847926267,145.4000000000043,0.0,0.0,0.0,0.0,0.9999999999999999,wait:lane_lock,0,0,0,0,-1.0
1787200930.9179807,26.25339080518837,0.3238248847926267,136.29999999999714,0.0,0.0,0.0,0.0,0.9999999999999999,wait:lane_lock,0,0,0,0,-1.0
1787200930.9598067,26.585858867651837,0.3188248847926267,120.87500000000044,0.0,0.0,0.0,0.0,0.9999999999999999,wait:lane_lock,0,0,0,0,-1.0
1787200930.9976707,25.977857001676487,0.31953917050691244,128.4999999999943,0.0,0.0,0.0,0.0,0.9999999999999999,wait:lane_lock,0,0,0,0,-1.0
1787200931.0336337,26.154547779023943,0.32025345622119816,132.2749999999962,0.0,0.0,0.0,0.0,0.9999999999999999,wait:lane_lock,0,0,0,0,-1.0
1787200931.0751216,26.486620050460004,0.31953917050691244,128.4999999999943,0.0,0.0,0.0,0.0,0.9999999999999999,wait:lane_lock,0,0,0,0,-1.0
1787200931.1125023,25.936658275355057,0.32525345622119817,138.59999999999502,0.0,0.0,0.0,0.0,0.9999999999999999,wait:lane_lock,0,0,0,0,-1.0
1787200931.1482983,26.192509924517744,0.32311059907834105,146.7750000000047,0.0,0.0,0.0,0.0,0.9999999999999999,wait:lane_lock,0,0,0,0,-1.0
1787200931.188067,26.538428901751498,0.32311059907834105,141.62500000000222,0.0,0.0,0.0,0.0,0.9999999999999999,wait:lane_lock,0,0,0,0,-1.0
1787200931.2291334,26.01080346296393,0.31953917050691244,128.4999999999943,0.0,0.0,0.0,0.0,0.9999999999999999,wait:lane_lock,0,0,0,0,-1.0
1787200931.2667844,25.931892533768092,0.32025345622119816,132.2749999999962,0.0,0.0,0.0,0.0,0.9999999999999999,wait:lane_lock,0,0,0,0,-1.0
1787200931.3094995,26.062683024810184,0.32025345622119816,123.17499999998755,0.0,0.0,0.0,0.0,0.9999999999999999,wait:lane_lock,0,0,0,0,-1.0
1787200931.3470922,25.51044534727079,0.31953917050691244,128.4999999999943,0.0,0.0,0.0,0.0,0.9999999999999999,wait:lane_lock,0,0,0,0,-1.0
1787200931.383012,25.754440378133104,0.3209677419354839,126.94999999998949,0.0,0.0,0.0,0.0,0.9999999999999999,wait:lane_lock,0,0,0,0,-1.0
1787200931.4247594,26.17258507204738,0.3238248847926267,141.44999999999806,0.0,0.0,0.0,0.0,0.9999999999999999,wait:lane_lock,0,0,0,0,-1.0
1787200931.4652858,25.656218044612878,0.3216820276497696,125.47499999998529,0.0,0.0,0.0,0.0,0.9999999999999999,wait:lane_lock,0,0,0,0,-1.0
1787200931.5033765,25.53917138221746,0.32453917050691244,140.07499999999766,0.0,0.0,0.0,0.0,0.9999999999999999,wait:lane_lock,0,0,0,0,-1.0
1787200931.5465178,25.671833714090546,0.32453917050691244,139.97499999999388,0.0,0.0,0.0,0.0,0.9999999999999999,wait:lane_lock,0,0,0,0,-1.0
1787200931.5848377,25.16423732108414,0.32025345622119816,123.17499999998755,0.0,0.0,0.0,0.0,0.9999999999999999,wait:lane_lock,0,0,0,0,-1.0
1787200931.6218042,25.293594855577805,0.32025345622119816,132.2749999999962,0.0,0.0,0.0,0.0,0.9999999999999999,wait:lane_lock,0,0,0,0,-1.0
1787200931.6649003,25.629910138463742,0.31953917050691244,128.4999999999943,0.0,0.0,0.0,0.0,0.9999999999999999,wait:lane_lock,0,0,0,0,-1.0
1787200931.7041764,25.204347580912202,0.3238248847926267,145.4000000000043,0.0,0.0,0.0,0.0,0.9999999999999999,wait:lane_lock,0,0,0,0,-1.0
1787200931.7430248,25.27566474583157,0.3209677419354839,126.94999999998949,0.0,0.0,0.0,0.0,0.9999999999999999,wait:lane_lock,0,0,0,0,-1.0
1787200931.783786,25.365927957312955,0.32311059907834105,141.62500000000222,0.0,0.0,0.0,0.0,0.9999999999999999,wait:lane_lock,0,0,0,0,-1.0
1787200931.821039,25.19893197295299,0.32453917050691244,140.07499999999766,0.0,0.0,0.0,0.0,0.9999999999999999,wait:lane_lock,0,0,0,0,-1.0
1787200931.856674,25.495207845083517,0.31953917050691244,128.4999999999943,0.0,0.0,0.0,0.0,0.9999999999999999,wait:lane_lock,0,0,0,0,-1.0
1787200931.8973088,26.034451450271256,0.31953917050691244,128.4999999999943,0.0,0.0,0.0,0.0,0.9999999999999999,wait:lane_lock,0,0,0,0,-1.0
1787200931.9353118,25.647648624086234,0.31953917050691244,128.4999999999943,0.0,0.0,0.0,0.0,0.9999999999999999,wait:lane_lock,0,0,0,0,-1.0
1787200931.9706302,25.909411358114177,0.32311059907834105,137.6749999999974,0.0,0.0,0.0,0.0,0.9999999999999999,wait:lane_lock,0,0,0,0,-1.0
1787200932.0117822,26.400826201698045,0.3223963133640553,139.1500000000109,0.0,0.0,0.0,0.0,0.9999999999999999,wait:lane_lock,0,0,0,0,-1.0
1787200932.0485013,25.950394034557448,0.3223963133640553,143.00000000000273,0.0,0.0,0.0,0.0,0.9999999999999999,wait:lane_lock,0,0,0,0,-1.0
1787200932.0843918,26.246770404279058,0.31953917050691244,128.4999999999943,0.0,0.0,0.0,0.0,0.9999999999999999,wait:lane_lock,0,0,0,0,-1.0
1787200932.124813,26.570021263790974,0.32311059907834105,141.62500000000222,0.0,0.0,0.0,0.0,0.9999999999999999,wait:lane_lock,0,0,0,0,-1.0
1787200932.1640358,26.19032435690146,0.32453917050691244,140.07499999999766,0.0,0.0,0.0,0.0,0.9999999999999999,wait:lane_lock,0,0,0,0,-1.0
1787200932.1997523,26.064881603690825,0.31953917050691244,128.4999999999943,0.0,0.0,0.0,0.0,0.9999999999999999,wait:lane_lock,0,0,0,0,-1.0
1787200932.2406528,26.454847410279097,0.31953917050691244,128.4999999999943,0.0,0.0,0.0,0.0,0.9999999999999999,wait:lane_lock,0,0,0,0,-1.0
1787200932.278763,26.031643850018735,0.31953917050691244,128.4999999999943,0.0,0.0,0.0,0.0,0.9999999999999999,wait:lane_lock,0,0,0,0,-1.0
1787200932.3147361,26.095870893318722,0.3216820276497696,125.57499999998913,0.0,0.0,0.0,0.0,0.9999999999999999,wait:lane_lock,0,0,0,0,-1.0
1787200932.3564777,26.436231198167615,0.32453917050691244,140.07499999999766,0.0,0.0,0.0,0.0,0.9999999999999999,wait:lane_lock,0,0,0,0,-1.0
1787200932.3946955,25.890947734696137,0.3209677419354839,126.94999999998949,0.0,0.0,0.0,0.0,0.9999999999999999,wait:lane_lock,0,0,0,0,-1.0
1787200932.4311771,25.917356679512977,0.31953917050691244,128.4999999999943,0.0,0.0,0.0,0.0,0.9999999999999999,wait:lane_lock,0,0,0,0,-1.0
1787200932.4724743,26.307088757403907,0.32025345622119816,132.2749999999962,0.0,0.0,0.0,0.0,0.9999999999999999,wait:lane_lock,0,0,0,0,-1.0
1787200932.5103974,25.828166231676434,0.32311059907834105,141.62500000000222,0.0,0.0,0.0,0.0,0.9999999999999999,wait:lane_lock,0,0,0,0,-1.0
1787200932.546074,26.016592955627658,0.31953917050691244,128.4999999999943,0.0,0.0,0.0,0.0,0.9999999999999999,wait:lane_lock,0,0,0,0,-1.0
1787200932.5874586,26.420855814623952,0.3223963133640553,124.09999999998642,0.0,0.0,0.0,0.0,0.9999999999999999,wait:lane_lock,0,0,0,0,-1.0
1787200932.634252,25.95215405824156,0.32025345622119816,123.17499999998755,0.0,0.0,0.0,0.0,0.9999999999999999,wait:lane_lock,0,0,0,0,-1.0
1787200932.6703804,25.04109638775277,0.32025345622119816,132.2749999999962,0.0,0.0,0.0,0.0,0.9999999999999999,wait:lane_lock,0,0,0,0,-1.0
1787200932.7115757,25.568288534780688,0.3238248847926267,142.6500000000015,0.0,0.0,0.0,0.0,0.9999999999999999,wait:lane_lock,0,0,0,0,-1.0
1787200932.7481697,25.302871089929443,0.32525345622119817,138.59999999999502,0.0,0.0,0.0,0.0,0.9999999999999999,wait:lane_lock,0,0,0,0,-1.0
1787200932.7840946,25.730743965234595,0.3216820276497696,125.47499999998529,0.0,0.0,0.0,0.0,0.9999999999999999,wait:lane_lock,0,0,0,0,-1.0
1787200932.8265362,26.15118169207603,0.3209677419354839,121.79999999998718,0.0,0.0,0.0,0.0,0.9999999999999999,wait:lane_lock,0,0,0,0,-1.0
1787200932.8649433,25.626393255363375,0.32025345622119816,132.2749999999962,0.0,0.0,0.0,0.0,0.9999999999999999,wait:lane_lock,0,0,0,0,-1.0
1787200932.9025724,25.714213171300205,0.3216820276497696,125.47499999998529,0.0,0.0,0.0,0.0,0.9999999999999999,wait:lane_lock,0,0,0,0,-1.0
1787200932.9436135,25.882237204884166,0.3209677419354839,130.89999999999586,0.0,0.0,0.0,0.0,0.9999999999999999,wait:lane_lock,0,0,0,0,-1.0
1787200932.980855,25.577984068190375,0.32025345622119816,132.2749999999962,0.0,0.0,0.0,0.0,0.9999999999999999,wait:lane_lock,0,0,0,0,-1.0
1787200933.0165455,25.84134693200592,0.3223963133640553,134.00000000001006,0.0,0.0,0.0,0.0,0.9999999999999999,wait:lane_lock,0,0,0,0,-1.0
1787200933.0574582,26.277148163181053,0.31953917050691244,128.4999999999943,0.0,0.0,0.0,0.0,0.9999999999999999,wait:lane_lock,0,0,0,0,-1.0
1787200933.0969024,25.705893973612646,0.32311059907834105,137.6749999999974,0.0,0.0,0.0,0.0,0.9999999999999999,wait:lane_lock,0,0,0,0,-1.0
1787200933.1326675,25.87476655656443,0.3238248847926267,141.44999999999806,0.0,0.0,0.0,0.0,0.9999999999999999,wait:lane_lock,0,0,0,0,-1.0
1787200933.1731956,26.292057808646813,0.32025345622119816,132.2749999999962,0.0,0.0,0.0,0.0,0.9999999999999999,wait:lane_lock,0,0,0,0,-1.0
1787200933.211526,25.70748498143345,0.3223963133640553,143.00000000000273,0.0,0.0,0.0,0.0,0.9999999999999999,wait:lane_lock,0,0,0,0,-1.0
1787200933.2474768,26.11133594144809,0.3209677419354839,126.94999999998949,0.0,0.0,0.0,0.0,0.9999999999999999,wait:lane_lock,0,0,0,0,-1.0
1787200933.2884917,26.44661576306805,0.31953917050691244,128.4999999999943,0.0,0.0,0.0,0.0,0.9999999999999999,wait:lane_lock,0,0,0,0,-1.0
1787200933.3279326,26.025694119019114,0.3216820276497696,125.57499999998913,0.0,0.0,0.0,0.0,0.9999999999999999,wait:lane_lock,0,0,0,0,-1.0
1787200933.364238,25.903461175224045,0.31953917050691244,128.4999999999943,0.0,0.0,0.0,0.0,0.9999999999999999,wait:lane_lock,0,0,0,0,-1.0
1787200933.4053652,26.231806792216698,0.32025345622119816,127.12499999999386,0.0,0.0,0.0,0.0,0.9999999999999999,wait:lane_lock,0,0,0,0,-1.0
1787200933.4424052,25.842362714863782,0.3238248847926267,136.29999999999714,0.0,0.0,0.0,0.0,0.9999999999999999,wait:lane_lock,0,0,0,0,-1.0
1787200933.478236,26.0817725335812,0.3223963133640553,124.09999999998642,0.0,0.0,0.0,0.0,0.9999999999999999,wait:lane_lock,0,0,0,0,-1.0
1787200933.519847,26.445919042013585,0.3209677419354839,126.94999999998949,0.0,0.0,0.0,0.0,0.9999999999999999,wait:lane_lock,0,0,0,0,-1.0
1787200933.5579703,25.930917715139035,0.32311059907834105,146.7750000000047,0.0,0.0,0.0,0.0,0.9999999999999999,wait:lane_lock,0,0,0,0,-1.0
1787200933.5938148,26.022976589167044,0.32025345622119816,132.2749999999962,0.0,0.0,0.0,0.0,0.9999999999999999,wait:lane_lock,0,0,0,0,-1.0
1787200933.633925,26.40688196991985,0.31953917050691244,128.4999999999943,0.0,0.0,0.0,0.0,0.9999999999999999,wait:lane_lock,0,0,0,0,-1.0
1787200933.6705146,26.03080508984331,0.32525345622119817,138.59999999999502,0.0,0.0,0.0,0.0,0.9999999999999999,wait:lane_lock,0,0,0,0,-1.0
1787200933.7056806,26.37444802643834,0.32025345622119816,132.2749999999962,0.0,0.0,0.0,0.0,0.9999999999999999,wait:lane_lock,0,0,0,0,-1.0
1787200933.7460172,26.799890049348182,0.31953917050691244,128.4999999999943,0.0,0.0,0.0,0.0,0.9999999999999999,wait:lane_lock,0,0,0,0,-1.0
1787200933.7838104,26.33917198667115,0.32596774193548383,134.47499999999147,0.0,0.0,0.0,0.0,0.9999999999999999,wait:lane_lock,0,0,0,0,-1.0
1787200933.8199725,26.4375860597769,0.31953917050691244,128.4999999999943,0.0,0.0,0.0,0.0,0.9999999999999999,wait:lane_lock,0,0,0,0,-1.0
1787200933.8606482,26.67569088091963,0.31953917050691244,128.4999999999943,0.0,0.0,0.0,0.0,0.9999999999999999,wait:lane_lock,0,0,0,0,-1.0
1787200933.8976235,26.24642255347948,0.3223963133640553,117.84999999999144,0.0,0.0,0.0,0.0,0.9999999999999999,wait:lane_lock,0,0,0,0,-1.0
1787200933.9333382,26.418894145790105,0.32025345622119816,132.2749999999962,0.0,0.0,0.0,0.0,0.9999999999999999,wait:lane_lock,0,0,0,0,-1.0
1787200933.9751596,26.65218715061189,0.32025345622119816,123.17499999998755,0.0,0.0,0.0,0.0,0.9999999999999999,wait:lane_lock,0,0,0,0,-1.0
1787200934.0143416,26.09420558690767,0.3209677419354839,126.94999999998949,0.0,0.0,0.0,0.0,0.9999999999999999,wait:lane_lock,0,0,0,0,-1.0
1787200934.0524843,25.911783571515752,0.3216820276497696,125.57499999998913,0.0,0.0,0.0,0.0,0.9999999999999999,wait:lane_lock,0,0,0,0,-1.0
1787200934.092861,26.13157257868075,0.32453917050691244,132.17499999999234,0.0,0.0,0.0,0.0,0.9999999999999999,wait:lane_lock,0,0,0,0,-1.0
1787200934.129781,25.800745524997918,0.32453917050691244,141.27500000000106,0.0,0.0,0.0,0.0,0.9999999999999999,wait:lane_lock,0,0,0,0,-1.0
1787200934.1654344,26.137442302341885,0.3209677419354839,121.79999999998718,0.0,0.0,0.0,0.0,0.9999999999999999,wait:lane_lock,0,0,0,0,-1.0
1787200934.205755,26.519542041726858,0.3209677419354839,130.89999999999586,0.0,0.0,0.0,0.0,0.9999999999999999,wait:lane_lock,0,0,0,0,-1.0
1787200934.2444696,26.15839460775726,0.3238248847926267,145.4000000000043,0.0,0.0,0.0,0.0,0.9999999999999999,wait:lane_lock,0,0,0,0,-1.0
1787200934.2815475,26.10913181049407,0.31953917050691244,128.4999999999943,0.0,0.0,0.0,0.0,0.9999999999999999,wait:lane_lock,0,0,0,0,-1.0
1787200934.3242273,26.281854396929702,0.32525345622119817,135.9499999999944,0.0,0.0,0.0,0.0,0.9999999999999999,wait:lane_lock,0,0,0,0,-1.0
1787200934.3613708,25.701900701103508,0.31953917050691244,128.4999999999943,0.0,0.0,0.0,0.0,0.9999999999999999,wait:lane_lock,0,0,0,0,-1.0
1787200934.3967285,25.961326659240303,0.32025345622119816,132.2749999999962,0.0,0.0,0.0,0.0,0.9999999999999999,wait:lane_lock,0,0,0,0,-1.0
1787200934.437295,26.426010467960296,0.32025345622119816,132.2749999999962,0.0,0.0,0.0,0.0,0.9999999999999999,wait:lane_lock,0,0,0,0,-1.0
1787200934.4744377,26.037207185663707,0.32025345622119816,123.17499999998755,0.0,0.0,0.0,0.0,0.9999999999999999,wait:lane_lock,0,0,0,0,-1.0
1787200934.5095458,26.252578529531814,0.3238248847926267,141.44999999999806,0.0,0.0,0.0,0.0,0.9999999999999999,wait:lane_lock,0,0,0,0,-1.0
1787200934.5493069,26.700397921111392,0.32525345622119817,138.59999999999502,0.0,0.0,0.0,0.0,0.9999999999999999,wait:lane_lock,0,0,0,0,-1.0
1787200934.5876822,26.27609848766176,0.32025345622119816,123.17499999998755,0.0,0.0,0.0,0.0,0.9999999999999999,wait:lane_lock,0,0,0,0,-1.0
1787200934.622842,26.352377234963537,0.32025345622119816,127.12499999999386,0.0,0.0,0.0,0.0,0.9999999999999999,wait:lane_lock,0,0,0,0,-1.0
1787200934.6636267,26.771869069809018,0.32525345622119817,138.59999999999502,0.0,0.0,0.0,0.0,0.9999999999999999,wait:lane_lock,0,0,0,0,-1.0
1787200934.7021031,26.32177980557254,0.3223963133640553,117.84999999999144,0.0,0.0,0.0,0.0,0.9999999999999999,wait:lane_lock,0,0,0,0,-1.0
1787200934.7379704,26.166902993606925,0.3209677419354839,121.79999999998718,0.0,0.0,0.0,0.0,0.9999999999999999,wait:lane_lock,0,0,0,0,-1.0
1787200934.7788405,26.610123908922404,0.3223963133640553,124.09999999998642,0.0,0.0,0.0,0.0,0.9999999999999999,wait:lane_lock,0,0,0,0,-1.0
1787200934.8181517,26.133904274744793,0.3209677419354839,130.89999999999586,0.0,0.0,0.0,0.0,0.9999999999999999,wait:lane_lock,0,0,0,0,-1.0
1787200934.8542714,26.05805498638235,0.32025345622119816,123.17499999998755,0.0,0.0,0.0,0.0,0.9999999999999999,wait:lane_lock,0,0,0,0,-1.0
1787200934.8955777,26.364038951121465,0.32453917050691244,132.17499999999234,0.0,0.0,0.0,0.0,0.9999999999999999,wait:lane_lock,0,0,0,0,-1.0
1787200934.9340758,25.90810795577707,0.32311059907834105,146.7750000000047,0.0,0.0,0.0,0.0,0.9999999999999999,wait:lane_lock,0,0,0,0,-1.0
1787200934.9702005,25.96978773907889,0.3216820276497696,125.57499999998913,0.0,0.0,0.0,0.0,0.9999999999999999,wait:lane_lock,0,0,0,0,-1.0
1787200935.0111763,26.306999895094346,0.32025345622119816,132.2749999999962,0.0,0.0,0.0,0.0,0.9999999999999999,wait:lane_lock,0,0,0,0,-1.0
1787200935.0492003,25.86919908560436,0.3238248847926267,145.4000000000043,0.0,0.0,0.0,0.0,0.9999999999999999,wait:lane_lock,0,0,0,0,-1.0
1787200935.0849001,26.027583214843578,0.32453917050691244,140.07499999999766,0.0,0.0,0.0,0.0,0.9999999999999999,wait:lane_lock,0,0,0,0,-1.0
1787200935.1267686,26.423962253381944,0.3216820276497696,125.57499999998913,0.0,0.0,0.0,0.0,0.9999999999999999,wait:lane_lock,0,0,0,0,-1.0
1787200935.1658206,25.859784806309726,0.3223963133640553,117.9499999999967,0.0,0.0,0.0,0.0,0.9999999999999999,wait:lane_lock,0,0,0,0,-1.0
1787200935.201541,25.875347740817254,0.3216820276497696,125.57499999998913,0.0,0.0,0.0,0.0,0.9999999999999999,wait:lane_lock,0,0,0,0,-1.0
1787200935.24301,26.30016415656477,0.32525345622119817,124.54999999999984,0.0,0.0,0.0,0.0,0.9999999999999999,wait:lane_lock,0,0,0,0,-1.0
1787200935.2812366,25.85177507971211,0.32025345622119816,132.2749999999962,0.0,0.0,0.0,0.0,0.9999999999999999,wait:lane_lock,0,0,0,0,-1.0
1787200935.3169813,25.925910195884107,0.32025345622119816,127.12499999999386,0.0,0.0,0.0,0.0,0.9999999999999999,wait:lane_lock,0,0,0,0,-1.0
1787200935.3584876,26.336868319763138,0.31953917050691244,124.65000000000241,0.0,0.0,0.0,0.0,0.9999999999999999,wait:lane_lock,0,0,0,0,-1.0
1787200935.4005013,25.87225559017495,0.31953917050691244,128.4999999999943,0.0,0.0,0.0,0.0,0.9999999999999999,wait:lane_lock,0,0,0,0,-1.0
1787200935.4362016,25.463324675368067,0.3209677419354839,126.94999999998949,0.0,0.0,0.0,0.0,0.9999999999999999,wait:lane_lock,0,0,0,0,-1.0
1787200935.4761488,25.972792517058167,0.3209677419354839,126.94999999998949,0.0,0.0,0.0,0.0,0.9999999999999999,wait:lane_lock,0,0,0,0,-1.0
1787200935.5138874,25.666361636396754,0.3216820276497696,125.57499999998913,0.0,0.0,0.0,0.0,0.9999999999999999,wait:lane_lock,0,0,0,0,-1.0
1787200935.5490024,25.984788481086895,0.32525345622119817,135.9499999999944,0.0,0.0,0.0,0.0,0.9999999999999999,wait:lane_lock,0,0,0,0,-1.0
1787200935.5901484,26.484331535541912,0.3209677419354839,130.89999999999586,0.0,0.0,0.0,0.0,0.9999999999999999,wait:lane_lock,0,0,0,0,-1.0
1787200935.6281452,26.032371541030436,0.3209677419354839,126.94999999998949,0.0,0.0,0.0,0.0,0.9999999999999999,wait:lane_lock,0,0,0,0,-1.0
1787200935.664518,26.10347193392139,0.31953917050691244,128.4999999999943,0.0,0.0,0.0,0.0,0.9999999999999999,wait:lane_lock,0,0,0,0,-1.0
1787200935.7053058,26.384742890430154,0.31953917050691244,128.4999999999943,0.0,0.0,0.0,0.0,0.9999999999999999,wait:lane_lock,0,0,0,0,-1.0
1787200935.7425804,25.944846012274215,0.32025345622119816,127.12499999999386,0.0,0.0,0.0,0.0,0.9999999999999999,wait:lane_lock,0,0,0,0,-1.0
1787200935.777355,26.204311745514957,0.32025345622119816,132.2749999999962,0.0,0.0,0.0,0.0,0.9999999999999999,wait:lane_lock,0,0,0,0,-1.0
1787200935.817621,26.71585382957199,0.3209677419354839,126.94999999998949,0.0,0.0,0.0,0.0,0.9999999999999999,wait:lane_lock,0,0,0,0,-1.0
1787200935.8577719,26.194701286114594,0.32025345622119816,132.2749999999962,0.0,0.0,0.0,0.0,0.9999999999999999,wait:lane_lock,0,0,0,0,-1.0
1787200935.893357,26.089655038213326,0.3209677419354839,115.54999999999369,0.0,0.0,0.0,0.0,0.9999999999999999,wait:lane_lock,0,0,0,0,-1.0
1787200935.9338377,26.493170433210928,0.32025345622119816,123.17499999998755,0.0,0.0,0.0,0.0,0.9999999999999999,wait:lane_lock,0,0,0,0,-1.0
1787200935.9701633,26.120968457926665,0.3216820276497696,125.57499999998913,0.0,0.0,0.0,0.0,0.9999999999999999,wait:lane_lock,0,0,0,0,-1.0
1787200936.005479,26.40160317519339,0.3223963133640553,124.09999999998642,0.0,0.0,0.0,0.0,0.9999999999999999,wait:lane_lock,0,0,0,0,-1.0
1787200936.04635,26.792275408799092,0.3223963133640553,143.00000000000273,0.0,0.0,0.0,0.0,0.9999999999999999,wait:lane_lock,0,0,0,0,-1.0
1787200936.0835896,26.32529166278325,0.31953917050691244,128.4999999999943,0.0,0.0,0.0,0.0,0.9999999999999999,wait:lane_lock,0,0,0,0,-1.0
1787200936.1183,26.44156744637021,0.31953917050691244,128.4999999999943,0.0,0.0,0.0,0.0,0.9999999999999999,wait:lane_lock,0,0,0,0,-1.0
1787200936.1588488,26.904271254540717,0.32311059907834105,146.7750000000047,0.0,0.0,0.0,0.0,0.9999999999999999,wait:lane_lock,0,0,0,0,-1.0
1787200936.1954827,26.44922339939563,0.3238248847926267,141.44999999999806,0.0,0.0,0.0,0.0,0.9999999999999999,wait:lane_lock,0,0,0,0,-1.0
1787200936.2307687,26.640031412634347,0.32025345622119816,132.2749999999962,0.0,0.0,0.0,0.0,0.9999999999999999,wait:lane_lock,0,0,0,0,-1.0
1787200936.2717166,26.884807704603325,0.32525345622119817,138.59999999999502,0.0,0.0,0.0,0.0,0.9999999999999999,wait:lane_lock,0,0,0,0,-1.0
1787200936.3094292,26.41124131125648,0.31953917050691244,128.4999999999943,0.0,0.0,0.0,0.0,0.9999999999999999,wait:lane_lock,0,0,0,0,-1.0
1787200936.3449814,26.49478398013577,0.32596774193548383,128.32500000000195,0.0,0.0,0.0,0.0,0.9999999999999999,wait:lane_lock,0,0,0,0,-1.0
1787200936.3859057,26.821210149635462,0.32525345622119817,132.4500000000053,0.0,0.0,0.0,0.0,0.9999999999999999,wait:lane_lock,0,0,0,0,-1.0
1787200936.4222932,26.298575655413718,0.3223963133640553,124.09999999998642,0.0,0.0,0.0,0.0,0.9999999999999999,wait:lane_lock,0,0,0,0,-1.0
1787200936.4574594,26.588135071828955,0.3209677419354839,121.79999999998718,0.0,0.0,0.0,0.0,0.9999999999999999,wait:lane_lock,0,0,0,0,-1.0
1787200936.4982536,26.96397649908955,0.3216820276497696,125.57499999998913,0.0,0.0,0.0,0.0,0.9999999999999999,wait:lane_lock,0,0,0,0,-1.0
1787200936.536058,26.46571381056382,0.3209677419354839,121.79999999998718,0.0,0.0,0.0,0.0,0.9999999999999999,wait:lane_lock,0,0,0,0,-1.0
1787200936.5710871,26.459541178393998,0.3266820276497696,126.8499999999976,0.0,0.0,0.0,0.0,0.9999999999999999,wait:lane_lock,0,0,0,0,-1.0
1787200936.6120005,26.85755813640376,0.31953917050691244,124.65000000000241,0.0,0.0,0.0,0.0,0.9999999999999999,wait:lane_lock,0,0,0,0,-1.0
1787200936.649129,26.33549889684254,0.32025345622119816,123.17499999998755,0.0,0.0,0.0,0.0,0.9999999999999999,wait:lane_lock,0,0,0,0,-1.0
1787200936.6840153,26.534556130590133,0.31953917050691244,128.4999999999943,0.0,0.0,0.0,0.0,0.9999999999999999,wait:lane_lock,0,0,0,0,-1.0
1787200936.7247057,26.9583382487317,0.3238248847926267,136.29999999999714,0.0,0.0,0.0,0.0,0.9999999999999999,wait:lane_lock,0,0,0,0,-1.0
1787200936.7640016,26.468213070287057,0.32525345622119817,135.9499999999944,0.0,0.0,0.0,0.0,0.9999999999999999,wait:lane_lock,0,0,0,0,-1.0
1787200936.8017123,26.278623076566177,0.31953917050691244,128.4999999999943,0.0,0.0,0.0,0.0,0.9999999999999999,wait:lane_lock,0,0,0,0,-1.0
1787200936.8437746,26.321321965681378,0.32311059907834105,137.6749999999974,0.0,0.0,0.0,0.0,0.9999999999999999,wait:lane_lock,0,0,0,0,-1.0
1787200936.882054,25.79889723989647,0.32311059907834105,141.62500000000222,0.0,0.0,0.0,0.0,0.9999999999999999,wait:lane_lock,0,0,0,0,-1.0
1787200936.9167664,25.8859368160581,0.32025345622119816,132.2749999999962,0.0,0.0,0.0,0.0,0.9999999999999999,wait:lane_lock,0,0,0,0,-1.0
1787200936.9568653,26.473122463011602,0.32311059907834105,146.7750000000047,0.0,0.0,0.0,0.0,0.9999999999999999,wait:lane_lock,0,0,0,0,-1.0
1787200936.9955595,26.113946620572662,0.32596774193548383,130.97500000000107,0.0,0.0,0.0,0.0,0.9999999999999999,wait:lane_lock,0,0,0,0,-1.0
1787200937.0317893,26.04043803463413,0.3216820276497696,125.47499999998529,0.0,0.0,0.0,0.0,0.9999999999999999,wait:lane_lock,0,0,0,0,-1.0
1787200937.073549,26.43628992993424,0.3209677419354839,126.94999999998949,0.0,0.0,0.0,0.0,0.9999999999999999,wait:lane_lock,0,0,0,0,-1.0
1787200937.111062,25.82371829995303,0.32025345622119816,127.12499999999386,0.0,0.0,0.0,0.0,0.9999999999999999,wait:lane_lock,0,0,0,0,-1.0
1787200937.1461232,26.13859483653431,0.3209677419354839,130.89999999999586,0.0,0.0,0.0,0.0,0.9999999999999999,wait:lane_lock,0,0,0,0,-1.0
1787200937.186824,26.620072242738,0.3223963133640553,143.00000000000273,0.0,0.0,0.0,0.0,0.9999999999999999,wait:lane_lock,0,0,0,0,-1.0
1787200937.2250404,26.053489324466288,0.3209677419354839,121.79999999998718,0.0,0.0,0.0,0.0,0.9999999999999999,wait:lane_lock,0,0,0,0,-1.0
1787200937.260575,26.26367480551532,0.32596774193548383,134.47499999999147,0.0,0.0,0.0,0.0,0.9999999999999999,wait:lane_lock,0,0,0,0,-1.0
1787200937.30003,26.64230388411869,0.32453917050691244,139.97499999999388,0.0,0.0,0.0,0.0,0.9999999999999999,wait:lane_lock,0,0,0,0,-1.0
1787200937.336902,26.30912356631465,0.3223963133640553,143.00000000000273,0.0,0.0,0.0,0.0,0.9999999999999999,wait:lane_lock,0,0,0,0,-1.0
1787200937.372869,26.538979601990015,0.3209677419354839,126.94999999998949,0.0,0.0,0.0,0.0,0.9999999999999999,wait:lane_lock,0,0,0,0,-1.0
1787200937.413928,26.81119783417948,0.3216820276497696,125.57499999998913,0.0,0.0,0.0,0.0,0.9999999999999999,wait:lane_lock,0,0,0,0,-1.0
1787200937.4550045,26.30993954974135,0.32025345622119816,127.12499999999386,0.0,0.0,0.0,0.0,0.9999999999999999,wait:lane_lock,0,0,0,0,-1.0
1787200937.490833,25.91545823205066,0.3223963133640553,143.00000000000273,0.0,0.0,0.0,0.0,0.9999999999999999,wait:lane_lock,0,0,0,0,-1.0
1787200937.5318081,26.32930606718204,0.3238248847926267,136.29999999999714,0.0,0.0,0.0,0.0,0.9999999999999999,wait:lane_lock,0,0,0,0,-1.0
1787200937.569629,25.88134288241237,0.3209677419354839,126.94999999998949,0.0,0.0,0.0,0.0,0.9999999999999999,wait:lane_lock,0,0,0,0,-1.0
1787200937.6067996,26.044727652964934,0.3209677419354839,126.94999999998949,0.0,0.0,0.0,0.0,0.9999999999999999,wait:lane_lock,0,0,0,0,-1.0
1787200937.6477354,26.24210338781698,0.32025345622119816,127.12499999999386,0.0,0.0,0.0,0.0,0.9999999999999999,wait:lane_lock,0,0,0,0,-1.0
1787200937.6867146,25.870691141578344,0.32025345622119816,132.2749999999962,0.0,0.0,0.0,0.0,0.9999999999999999,wait:lane_lock,0,0,0,0,-1.0
1787200937.721826,25.82734619778413,0.32025345622119816,132.2749999999962,0.0,0.0,0.0,0.0,0.9999999999999999,wait:lane_lock,0,0,0,0,-1.0
1787200937.7620866,26.369113257295172,0.3223963133640553,117.84999999999144,0.0,0.0,0.0,0.0,0.9999999999999999,wait:lane_lock,0,0,0,0,-1.0
1787200937.7995353,25.879036813934857,0.3216820276497696,125.47499999998529,0.0,0.0,0.0,0.0,0.9999999999999999,wait:lane_lock,0,0,0,0,-1.0
1787200937.8348947,26.276076777963034,0.32025345622119816,123.17499999998755,0.0,0.0,0.0,0.0,0.9999999999999999,wait:lane_lock,0,0,0,0,-1.0
1787200937.8757954,26.666681885000344,0.3216820276497696,125.47499999998529,0.0,0.0,0.0,0.0,0.9999999999999999,wait:lane_lock,0,0,0,0,-1.0
1787200937.9148238,26.205088352069335,0.32525345622119817,138.59999999999502,0.0,0.0,0.0,0.0,0.9999999999999999,wait:lane_lock,0,0,0,0,-1.0
1787200937.9495614,26.115485841088283,0.3223963133640553,117.84999999999144,0.0,0.0,0.0,0.0,0.9999999999999999,wait:lane_lock,0,0,0,0,-1.0
1787200937.9892247,26.651263379537102,0.32453917050691244,139.97499999999388,0.0,0.0,0.0,0.0,0.9999999999999999,wait:lane_lock,0,0,0,0,-1.0
1787200938.0266862,26.136075384632928,0.3216820276497696,125.47499999998529,0.0,0.0,0.0,0.0,0.9999999999999999,wait:lane_lock,0,0,0,0,-1.0
1787200938.0621471,26.52970604600777,0.32453917050691244,140.07499999999766,0.0,0.0,0.0,0.0,0.9999999999999999,wait:lane_lock,0,0,0,0,-1.0
1787200938.1052456,26.862918972720262,0.3238248847926267,136.29999999999714,0.0,0.0,0.0,0.0,0.9999999999999999,wait:lane_lock,0,0,0,0,-1.0
1787200938.1441112,26.071795209766467,0.3238248847926267,137.4999999999991,0.0,0.0,0.0,0.0,0.9999999999999999,wait:lane_lock,0,0,0,0,-1.0
1787200938.1806397,26.078785618270977,0.32596774193548383,134.47499999999147,0.0,0.0,0.0,0.0,0.9999999999999999,wait:lane_lock,0,0,0,0,-1.0
1787200938.2221851,26.33134929551663,0.32453917050691244,140.07499999999766,0.0,0.0,0.0,0.0,0.9999999999999999,wait:lane_lock,0,0,0,0,-1.0
1787200938.2580988,25.87125467950262,0.3266820276497696,126.8499999999976,0.0,0.0,0.0,0.0,0.9999999999999999,wait:lane_lock,0,0,0,0,-1.0
1787200938.2934473,26.282610328061033,0.3238248847926267,141.44999999999806,0.0,0.0,0.0,0.0,0.9999999999999999,wait:lane_lock,0,0,0,0,-1.0
1787200938.3338368,26.68429596518216,0.3238248847926267,136.29999999999714,0.0,0.0,0.0,0.0,0.9999999999999999,wait:lane_lock,0,0,0,0,-1.0
1787200938.3724897,26.24892290518678,0.3209677419354839,126.94999999998949,0.0,0.0,0.0,0.0,0.9999999999999999,wait:lane_lock,0,0,0,0,-1.0
1787200938.4080958,26.22841586729779,0.3188248847926267,120.87500000000044,0.0,0.0,0.0,0.0,0.9999999999999999,wait:lane_lock,0,0,0,0,-1.0
1787200938.4486883,26.594952651778453,0.3216820276497696,125.47499999998529,0.0,0.0,0.0,0.0,0.9999999999999999,wait:lane_lock,0,0,0,0,-1.0
1787200938.4856102,26.15672091346747,0.32025345622119816,132.2749999999962,0.0,0.0,0.0,0.0,0.9999999999999999,wait:lane_lock,0,0,0,0,-1.0
1787200938.5206327,26.39532561110018,0.32453917050691244,140.07499999999766,0.0,0.0,0.0,0.0,0.9999999999999999,wait:lane_lock,0,0,0,0,-1.0
1787200938.5613604,26.736242424563265,0.3209677419354839,126.94999999998949,0.0,0.0,0.0,0.0,0.9999999999999999,wait:lane_lock,0,0,0,0,-1.0
1787200938.5989802,26.364565252783244,0.32311059907834105,146.7750000000047,0.0,0.0,0.0,0.0,0.9999999999999999,wait:lane_lock,0,0,0,0,-1.0
1787200938.6341877,26.4084013897256,0.3223963133640553,143.00000000000273,0.0,0.0,0.0,0.0,0.9999999999999999,wait:lane_lock,0,0,0,0,-1.0
1787200938.6746445,26.811129090493715,0.32453917050691244,132.17499999999234,0.0,0.0,0.0,0.0,0.9999999999999999,wait:lane_lock,0,0,0,0,-1.0
1787200938.7113318,26.37639097922942,0.32525345622119817,135.9499999999944,0.0,0.0,0.0,0.0,0.9999999999999999,wait:lane_lock,0,0,0,0,-1.0
1787200938.7463665,26.576224799384725,0.32311059907834105,141.62500000000222,0.0,0.0,0.0,0.0,0.9999999999999999,wait:lane_lock,0,0,0,0,-1.0
1787200938.7869508,26.9778003920389,0.3216820276497696,125.47499999998529,0.0,0.0,0.0,0.0,0.9999999999999999,wait:lane_lock,0,0,0,0,-1.0
1787200938.8251202,26.490944550704526,0.32025345622119816,132.2749999999962,0.0,0.0,0.0,0.0,0.9999999999999999,wait:lane_lock,0,0,0,0,-1.0
1787200938.8603096,26.45168259017321,0.31953917050691244,128.4999999999943,0.0,0.0,0.0,0.0,0.9999999999999999,wait:lane_lock,0,0,0,0,-1.0
1787200938.9014173,26.84643576465178,0.31953917050691244,128.4999999999943,0.0,0.0,0.0,0.0,0.9999999999999999,wait:lane_lock,0,0,0,0,-1.0
1787200938.9383206,26.256316296256824,0.32453917050691244,140.07499999999766,0.0,0.0,0.0,0.0,0.9999999999999999,wait:lane_lock,0,0,0,0,-1.0
1787200938.973294,26.535481551465516,0.3209677419354839,126.94999999998949,0.0,0.0,0.0,0.0,0.9999999999999999,wait:lane_lock,0,0,0,0,-1.0
1787200939.013298,26.94749625112502,0.32453917050691244,139.97499999999388,0.0,0.0,0.0,0.0,0.9999999999999999,wait:lane_lock,0,0,0,0,-1.0
1787200939.052607,26.49595257668889,0.32025345622119816,132.2749999999962,0.0,0.0,0.0,0.0,0.9999999999999999,wait:lane_lock,0,0,0,0,-1.0
1787200939.0874796,26.34179262680732,0.32025345622119816,127.12499999999386,0.0,0.0,0.0,0.0,0.9999999999999999,wait:lane_lock,0,0,0,0,-1.0
1787200939.127901,26.82069843954442,0.3209677419354839,126.94999999998949,0.0,0.0,0.0,0.0,0.9999999999999999,wait:lane_lock,0,0,0,0,-1.0
1787200939.1648514,26.3384964122265,0.3216820276497696,125.47499999998529,0.0,0.0,0.0,0.0,0.9999999999999999,wait:lane_lock,0,0,0,0,-1.0
1787200939.199547,26.56261148437221,0.32453917050691244,140.07499999999766,0.0,0.0,0.0,0.0,0.9999999999999999,wait:lane_lock,0,0,0,0,-1.0
1787200939.2400694,26.987246653734623,0.31953917050691244,128.4999999999943,0.0,0.0,0.0,0.0,0.9999999999999999,wait:lane_lock,0,0,0,0,-1.0
1787200939.2785754,26.52605810248692,0.31953917050691244,128.4999999999943,0.0,0.0,0.0,0.0,0.9999999999999999,wait:lane_lock,0,0,0,0,-1.0
1787200939.314726,26.35465101130738,0.32311059907834105,141.62500000000222,0.0,0.0,0.0,0.0,0.9999999999999999,wait:lane_lock,0,0,0,0,-1.0
1787200939.3567817,26.711387250168332,0.32025345622119816,127.12499999999386,0.0,0.0,0.0,0.0,0.9999999999999999,wait:lane_lock,0,0,0,0,-1.0
1787200939.3950777,26.07651292118554,0.32025345622119816,132.2749999999962,0.0,0.0,0.0,0.0,0.9999999999999999,wait:lane_lock,0,0,0,0,-1.0
1787200939.4305243,26.137508713950634,0.32025345622119816,132.2749999999962,0.0,0.0,0.0,0.0,0.9999999999999999,wait:lane_lock,0,0,0,0,-1.0
1787200939.4731226,26.559132922858105,0.3209677419354839,121.79999999998718,0.0,0.0,0.0,0.0,0.9999999999999999,wait:lane_lock,0,0,0,0,-1.0
1787200939.5175824,25.790970576764543,0.31953917050691244,128.4999999999943,0.0,0.0,0.0,0.0,0.9999999999999999,wait:lane_lock,0,0,0,0,-1.0
1787200939.554447,25.26126418311917,0.32025345622119816,127.12499999999386,0.0,0.0,0.0,0.0,0.9999999999999999,wait:lane_lock,0,0,0,0,-1.0
1787200939.5957744,25.648038613449817,0.32025345622119816,123.17499999999816,0.0,0.0,0.0,0.0,0.9999999999999999,wait:lane_lock,0,0,0,0,-1.0
1787200939.63233,25.357853875713403,0.32311059907834105,146.7750000000047,0.0,0.0,0.0,0.0,0.9999999999999999,wait:lane_lock,0,0,0,0,-1.0
1787200939.6673994,25.75234659441989,0.32453917050691244,139.97499999999388,0.0,0.0,0.0,0.0,0.9999999999999999,wait:lane_lock,0,0,0,0,-1.0
1787200939.7075174,26.298107405060676,0.32453917050691244,132.17499999999234,0.0,0.0,0.0,0.0,0.9999999999999999,wait:lane_lock,0,0,0,0,-1.0
1787200939.7483573,25.872243339033894,0.32025345622119816,127.12499999999386,0.0,0.0,0.0,0.0,0.9999999999999999,wait:lane_lock,0,0,0,0,-1.0
1787200939.7839015,25.765466331510826,0.3266820276497696,126.8499999999976,0.0,0.0,0.0,0.0,0.9999999999999999,wait:lane_lock,0,0,0,0,-1.0
1787200939.8246744,26.22135479495673,0.3238248847926267,141.44999999999806,0.0,0.0,0.0,0.0,0.9999999999999999,wait:lane_lock,0,0,0,0,-1.0
1787200939.8617363,25.886415596868815,0.3238248847926267,136.29999999999714,0.0,0.0,0.0,0.0,0.9999999999999999,wait:lane_lock,0,0,0,0,-1.0
1787200939.8965285,26.121885475668904,0.32025345622119816,123.17499999998755,0.0,0.0,0.0,0.0,0.9999999999999999,wait:lane_lock,0,0,0,0,-1.0
1787200939.9365714,26.646330058913566,0.3209677419354839,126.94999999998949,0.0,0.0,0.0,0.0,0.9999999999999999,wait:lane_lock,0,0,0,0,-1.0
1787200939.974029,26.23622574130364,0.3216820276497696,119.32499999999564,0.0,0.0,0.0,0.0,0.9999999999999999,wait:lane_lock,0,0,0,0,-1.0
1787200940.0094838,26.41311833143231,0.3209677419354839,130.89999999999586,0.0,0.0,0.0,0.0,0.9999999999999999,wait:lane_lock,0,0,0,0,-1.0
1787200940.0503583,26.7753687497309,0.31953917050691244,128.4999999999943,0.0,0.0,0.0,0.0,0.9999999999999999,wait:lane_lock,0,0,0,0,-1.0
1787200940.0868711,26.22177666020515,0.3238248847926267,141.44999999999806,0.0,0.0,0.0,0.0,0.9999999999999999,wait:lane_lock,0,0,0,0,-1.0
1787200940.121737,26.57407513362785,0.32025345622119816,123.17499999999816,0.0,0.0,0.0,0.0,0.9999999999999999,wait:lane_lock,0,0,0,0,-1.0
1787200940.1616435,26.99630615810934,0.3223963133640553,124.09999999998642,0.0,0.0,0.0,0.0,0.9999999999999999,wait:lane_lock,0,0,0,0,-1.0
1787200940.1996188,26.53719207964034,0.3209677419354839,126.94999999998949,0.0,0.0,0.0,0.0,0.9999999999999999,wait:lane_lock,0,0,0,0,-1.0
1787200940.234644,26.562088499573175,0.32525345622119817,132.35000000000124,0.0,0.0,0.0,0.0,0.9999999999999999,wait:lane_lock,0,0,0,0,-1.0
1787200940.2744875,26.955431292656783,0.31953917050691244,128.4999999999943,0.0,0.0,0.0,0.0,0.9999999999999999,wait:lane_lock,0,0,0,0,-1.0
1787200940.310814,26.541322160072617,0.3209677419354839,126.94999999998949,0.0,0.0,0.0,0.0,0.9999999999999999,wait:lane_lock,0,0,0,0,-1.0
1787200940.3463097,26.81210696990959,0.32025345622119816,132.2749999999962,0.0,0.0,0.0,0.0,0.9999999999999999,wait:lane_lock,0,0,0,0,-1.0
1787200940.3871357,27.083172758864368,0.32525345622119817,138.59999999999502,0.0,0.0,0.0,0.0,0.9999999999999999,wait:lane_lock,0,0,0,0,-1.0
1787200940.4247608,26.50211563922222,0.31953917050691244,128.4999999999943,0.0,0.0,0.0,0.0,0.9999999999999999,wait:lane_lock,0,0,0,0,-1.0
1787200940.4601345,26.594551794042157,0.32025345622119816,132.2749999999962,0.0,0.0,0.0,0.0,0.9999999999999999,wait:lane_lock,0,0,0,0,-1.0
1787200940.5017278,26.930382723762524,0.3223963133640553,124.09999999998642,0.0,0.0,0.0,0.0,0.9999999999999999,wait:lane_lock,0,0,0,0,-1.0
1787200940.5377321,26.341492878456155,0.32025345622119816,132.2749999999962,0.0,0.0,0.0,0.0,0.9999999999999999,wait:lane_lock,0,0,0,0,-1.0
1787200940.5729723,26.641669494178103,0.3223963133640553,117.84999999999144,0.0,0.0,0.0,0.0,0.9999999999999999,wait:lane_lock,0,0,0,0,-1.0
1787200940.613336,26.989810955984375,0.32025345622119816,132.2749999999962,0.0,0.0,0.0,0.0,0.9999999999999999,wait:lane_lock,0,0,0,0,-1.0
1787200940.6526315,26.494686532192986,0.32453917050691244,139.97499999999388,0.0,0.0,0.0,0.0,0.9999999999999999,wait:lane_lock,0,0,0,0,-1.0
1787200940.6887112,26.3341909203423,0.3209677419354839,130.89999999999586,0.0,0.0,0.0,0.0,0.9999999999999999,wait:lane_lock,0,0,0,0,-1.0
1787200940.7297914,26.61875306868172,0.32025345622119816,132.2749999999962,0.0,0.0,0.0,0.0,0.9999999999999999,wait:lane_lock,0,0,0,0,-1.0
1787200940.7671266,26.119383176929254,0.32025345622119816,132.2749999999962,0.0,0.0,0.0,0.0,0.9999999999999999,wait:lane_lock,0,0,0,0,-1.0
1787200940.8022907,26.29647439497563,0.3216820276497696,125.47499999998529,0.0,0.0,0.0,0.0,0.9999999999999999,wait:lane_lock,0,0,0,0,-1.0
1787200940.8426106,26.636787655406533,0.32025345622119816,132.2749999999962,0.0,0.0,0.0,0.0,0.9999999999999999,wait:lane_lock,0,0,0,0,-1.0
1787200940.8806648,26.127606134412957,0.3238248847926267,145.4000000000043,0.0,0.0,0.0,0.0,0.9999999999999999,wait:lane_lock,0,0,0,0,-1.0
1787200940.9171195,26.389480757106806,0.31953917050691244,128.4999999999943,0.0,0.0,0.0,0.0,0.9999999999999999,wait:lane_lock,0,0,0,0,-1.0
1787200940.9579659,26.62271736941918,0.3216820276497696,125.47499999998529,0.0,0.0,0.0,0.0,0.9999999999999999,wait:lane_lock,0,0,0,0,-1.0
1787200940.995217,26.143740244727436,0.3216820276497696,125.47499999998529,0.0,0.0,0.0,0.0,0.9999999999999999,wait:lane_lock,0,0,0,0,-1.0
1787200941.0305233,26.344544581579548,0.3216820276497696,125.47499999998529,0.0,0.0,0.0,0.0,0.9999999999999999,wait:lane_lock,0,0,0,0,-1.0
1787200941.0716345,26.725634402493604,0.3209677419354839,126.94999999998949,0.0,0.0,0.0,0.0,0.9999999999999999,wait:lane_lock,0,0,0,0,-1.0
1787200941.1109483,26.201169612462216,0.32525345622119817,132.35000000000124,0.0,0.0,0.0,0.0,0.9999999999999999,wait:lane_lock,0,0,0,0,-1.0
1787200941.146322,26.076683840241927,0.32453917050691244,140.07499999999766,0.0,0.0,0.0,0.0,0.9999999999999999,wait:lane_lock,0,0,0,0,-1.0
1787200941.189276,26.56204216650013,0.32525345622119817,132.35000000000124,0.0,0.0,0.0,0.0,0.9999999999999999,wait:lane_lock,0,0,0,0,-1.0
1787200941.2275221,25.890943885944345,0.32453917050691244,139.97499999999388,0.0,0.0,0.0,0.0,0.9999999999999999,wait:lane_lock,0,0,0,0,-1.0
1787200941.2631636,25.964446350272986,0.3209677419354839,121.79999999998718,0.0,0.0,0.0,0.0,0.9999999999999999,wait:lane_lock,0,0,0,0,-1.0
1787200941.3050017,26.373379016788515,0.32453917050691244,140.07499999999766,0.0,0.0,0.0,0.0,0.9999999999999999,wait:lane_lock,0,0,0,0,-1.0
1787200941.3429677,25.83474692143671,0.3209677419354839,121.79999999998718,0.0,0.0,0.0,0.0,0.9999999999999999,wait:lane_lock,0,0,0,0,-1.0
1787200941.3780692,25.99715715782994,0.3188248847926267,120.87500000000044,0.0,0.0,0.0,0.0,0.9999999999999999,wait:lane_lock,0,0,0,0,-1.0
1787200941.4185305,26.496796387348187,0.3209677419354839,126.94999999998949,0.0,0.0,0.0,0.0,0.9999999999999999,wait:lane_lock,0,0,0,0,-1.0
1787200941.4555223,26.052978325141712,0.32025345622119816,127.12499999999386,0.0,0.0,0.0,0.0,0.9999999999999999,wait:lane_lock,0,0,0,0,-1.0
1787200941.4907217,26.35717227806189,0.3238248847926267,145.4000000000043,0.0,0.0,0.0,0.0,0.9999999999999999,wait:lane_lock,0,0,0,0,-1.0
1787200941.5307086,26.768471537857994,0.3238248847926267,141.44999999999806,0.0,0.0,0.0,0.0,0.9999999999999999,wait:lane_lock,0,0,0,0,-1.0
1787200941.5691373,26.18060483568199,0.32453917050691244,140.07499999999766,0.0,0.0,0.0,0.0,0.9999999999999999,wait:lane_lock,0,0,0,0,-1.0
1787200941.6045973,26.348210613538228,0.32025345622119816,132.2749999999962,0.0,0.0,0.0,0.0,0.9999999999999999,wait:lane_lock,0,0,0,0,-1.0
1787200941.643911,26.808697192377345,0.3238248847926267,141.44999999999806,0.0,0.0,0.0,0.0,0.9999999999999999,wait:lane_lock,0,0,0,0,-1.0
1787200941.6797569,26.4588440687801,0.3209677419354839,126.94999999998949,0.0,0.0,0.0,0.0,0.9999999999999999,wait:lane_lock,0,0,0,0,-1.0
1787200941.7168427,26.839508782327492,0.32525345622119817,135.9499999999944,0.0,0.0,0.0,0.0,0.9999999999999999,wait:lane_lock,0,0,0,0,-1.0
1787200941.7581315,26.853167174593217,0.31953917050691244,128.4999999999943,0.0,0.0,0.0,0.0,0.9999999999999999,wait:lane_lock,0,0,0,0,-1.0
1787200941.7960396,26.279588578261865,0.31953917050691244,128.4999999999943,0.0,0.0,0.0,0.0,0.9999999999999999,wait:lane_lock,0,0,0,0,-1.0
1787200941.8324807,26.36457917059518,0.32311059907834105,146.7750000000047,0.0,0.0,0.0,0.0,0.9999999999999999,wait:lane_lock,0,0,0,0,-1.0
1787200941.873503,26.562040859262133,0.32311059907834105,137.6749999999974,0.0,0.0,0.0,0.0,0.9999999999999999,wait:lane_lock,0,0,0,0,-1.0
1787200941.9104412,26.121078757418704,0.32311059907834105,141.62500000000222,0.0,0.0,0.0,0.0,0.9999999999999999,wait:lane_lock,0,0,0,0,-1.0
1787200941.946802,26.334088081153176,0.32311059907834105,146.7750000000047,0.0,0.0,0.0,0.0,0.9999999999999999,wait:lane_lock,0,0,0,0,-1.0
1787200941.987067,26.554031035117838,0.3216820276497696,125.57499999998913,0.0,0.0,0.0,0.0,0.9999999999999999,wait:lane_lock,0,0,0,0,-1.0
1787200942.0248847,26.114578230357864,0.32025345622119816,132.2749999999962,0.0,0.0,0.0,0.0,0.9999999999999999,wait:lane_lock,0,0,0,0,-1.0
1787200942.06027,26.30934885952226,0.3216820276497696,125.47499999998529,0.0,0.0,0.0,0.0,0.9999999999999999,wait:lane_lock,0,0,0,0,-1.0
1787200942.1010177,26.701554232580815,0.3266820276497696,126.8499999999976,0.0,0.0,0.0,0.0,0.9999999999999999,wait:lane_lock,0,0,0,0,-1.0
1787200942.1389775,26.095015901456993,0.31953917050691244,128.4999999999943,0.0,0.0,0.0,0.0,0.9999999999999999,wait:lane_lock,0,0,0,0,-1.0
1787200942.1746645,26.359678334469656,0.3216820276497696,125.57499999998913,0.0,0.0,0.0,0.0,0.9999999999999999,wait:lane_lock,0,0,0,0,-1.0
1787200942.215392,26.692180911906583,0.32311059907834105,146.7750000000047,0.0,0.0,0.0,0.0,0.9999999999999999,wait:lane_lock,0,0,0,0,-1.0
1787200942.2550619,26.169950607291696,0.3209677419354839,126.94999999998949,0.0,0.0,0.0,0.0,0.9999999999999999,wait:lane_lock,0,0,0,0,-1.0
1787200942.2925732,26.071584351926106,0.3238248847926267,145.4000000000043,0.0,0.0,0.0,0.0,0.9999999999999999,wait:lane_lock,0,0,0,0,-1.0
1787200942.3351212,26.19365564806637,0.31953917050691244,128.4999999999943,0.0,0.0,0.0,0.0,0.9999999999999999,wait:lane_lock,0,0,0,0,-1.0
1787200942.3749702,25.537549043881935,0.3216820276497696,125.47499999998529,0.0,0.0,0.0,0.0,0.9999999999999999,wait:lane_lock,0,0,0,0,-1.0
1787200942.411141,25.59598704291093,0.31525345622119816,134.2272727272691,0.0,0.0,0.0,0.0,0.9999999999999999,wait:lane_lock,0,0,0,0,-1.0
1787200942.4522376,25.998247884593866,0.31953917050691244,133.01923076922603,0.0,0.0,0.0,0.0,0.9999999999999999,wait:lane_lock,0,0,0,0,-1.0
1787200942.4912746,25.607698780096186,0.32525345622119817,132.4500000000053,0.0,0.0,0.0,0.0,0.9999999999999999,wait:lane_lock,0,0,0,0,-1.0
1787200942.5269213,25.672613622842928,0.32311059907834105,137.6749999999974,0.0,0.0,0.0,0.0,0.9999999999999999,wait:lane_lock,0,0,0,0,-1.0
1787200942.569457,26.156288262008715,0.3216820276497696,125.57499999998913,0.0,0.0,0.0,0.0,0.9999999999999999,wait:lane_lock,0,0,0,0,-1.0
1787200942.6076434,25.62204599216927,0.31953917050691244,133.01923076922603,0.0,0.0,0.0,0.0,0.9999999999999999,wait:lane_lock,0,0,0,0,-1.0
1787200942.643113,25.743480780388914,0.3209677419354839,126.94999999998949,0.0,0.0,0.0,0.0,0.9999999999999999,wait:lane_lock,0,0,0,0,-1.0
1787200942.6826854,26.22635495981364,0.32025345622119816,132.2749999999962,0.0,0.0,0.0,0.0,0.9999999999999999,wait:lane_lock,0,0,0,0,-1.0
1787200942.7195868,26.023878636256086,0.32525345622119817,138.59999999999502,0.0,0.0,0.0,0.0,0.9999999999999999,wait:lane_lock,0,0,0,0,-1.0
1787200942.7557144,26.25903157195577,0.3216820276497696,125.57499999998913,0.0,0.0,0.0,0.0,0.9999999999999999,wait:lane_lock,0,0,0,0,-1.0
1787200942.7957928,26.543458283360764,0.3209677419354839,126.94999999998949,0.0,0.0,0.0,0.0,0.9999999999999999,wait:lane_lock,0,0,0,0,-1.0
1787200942.8331532,25.9987493925119,0.3209677419354839,121.79999999998718,0.0,0.0,0.0,0.0,0.9999999999999999,wait:lane_lock,0,0,0,0,-1.0
1787200942.8683689,26.431304930940353,0.3209677419354839,126.94999999998949,0.0,0.0,0.0,0.0,0.9999999999999999,wait:lane_lock,0,0,0,0,-1.0
1787200942.909137,26.832583921060277,0.32525345622119817,135.9499999999944,0.0,0.0,0.0,0.0,0.9999999999999999,wait:lane_lock,0,0,0,0,-1.0
1787200942.9467282,26.35024007456026,0.32025345622119816,132.2749999999962,0.0,0.0,0.0,0.0,0.9999999999999999,wait:lane_lock,0,0,0,0,-1.0
1787200942.9824195,26.402578592228675,0.32311059907834105,141.62500000000222,0.0,0.0,0.0,0.0,0.9999999999999999,wait:lane_lock,0,0,0,0,-1.0
1787200943.0236933,26.739191994473416,0.3216820276497696,135.37500000000878,0.0,0.0,0.0,0.0,0.9999999999999999,wait:lane_lock,0,0,0,0,-1.0
1787200943.0606012,26.22286665636639,0.32453917050691244,140.07499999999766,0.0,0.0,0.0,0.0,0.9999999999999999,wait:lane_lock,0,0,0,0,-1.0
1787200943.095288,26.42757843610143,0.32453917050691244,140.07499999999766,0.0,0.0,0.0,0.0,0.9999999999999999,wait:lane_lock,0,0,0,0,-1.0
1787200943.1360245,26.79982835466658,0.3216820276497696,125.47499999998529,0.0,0.0,0.0,0.0,0.9999999999999999,wait:lane_lock,0,0,0,0,-1.0
1787200943.1736224,26.37558392229368,0.31953917050691244,128.4999999999943,0.0,0.0,0.0,0.0,0.9999999999999999,wait:lane_lock,0,0,0,0,-1.0
1787200943.2089944,26.48251735452191,0.32025345622119816,132.2749999999962,0.0,0.0,0.0,0.0,0.9999999999999999,wait:lane_lock,0,0,0,0,-1.0
1787200943.2491505,26.84207113491021,0.3223963133640553,143.00000000000273,0.0,0.0,0.0,0.0,0.9999999999999999,wait:lane_lock,0,0,0,0,-1.0
1787200943.2882295,26.250250263034875,0.3223963133640553,143.00000000000273,0.0,0.0,0.0,0.0,0.9999999999999999,wait:lane_lock,0,0,0,0,-1.0
1787200943.3238442,26.35224486275404,0.3216820276497696,129.42499999999174,0.0,0.0,0.0,0.0,0.9999999999999999,wait:lane_lock,0,0,0,0,-1.0
1787200943.364625,26.697298338271366,0.3238248847926267,141.44999999999806,0.0,0.0,0.0,0.0,0.9999999999999999,wait:lane_lock,0,0,0,0,-1.0
1787200943.4041853,26.106268970145862,0.32311059907834105,146.7750000000047,0.0,0.0,0.0,0.0,0.9999999999999999,wait:lane_lock,0,0,0,0,-1.0
1787200943.4397905,26.117812792197338,0.31953917050691244,128.4999999999943,0.0,0.0,0.0,0.0,0.9999999999999999,wait:lane_lock,0,0,0,0,-1.0
1787200943.480463,26.512439548643073,0.3209677419354839,126.94999999998949,0.0,0.0,0.0,0.0,0.9999999999999999,wait:lane_lock,0,0,0,0,-1.0
1787200943.5195024,26.109192503993846,0.32025345622119816,123.17499999998755,0.0,0.0,0.0,0.0,0.9999999999999999,wait:lane_lock,0,0,0,0,-1.0
1787200943.5551863,26.029242752101702,0.32025345622119816,132.2749999999962,0.0,0.0,0.0,0.0,0.9999999999999999,wait:lane_lock,0,0,0,0,-1.0
1787200943.5967965,26.421149210841175,0.32025345622119816,132.2749999999962,0.0,0.0,0.0,0.0,0.9999999999999999,wait:lane_lock,0,0,0,0,-1.0
1787200943.635128,25.891740918197545,0.32025345622119816,132.2749999999962,0.0,0.0,0.0,0.0,0.9999999999999999,wait:lane_lock,0,0,0,0,-1.0
1787200943.6726124,25.98605404630368,0.32311059907834105,146.7750000000047,0.0,0.0,0.0,0.0,0.9999999999999999,wait:lane_lock,0,0,0,0,-1.0
1787200943.7257206,26.130093157350593,0.32525345622119817,135.9499999999944,0.0,0.0,0.0,0.0,0.9999999999999999,wait:lane_lock,0,0,0,0,-1.0
1787200943.7662356,24.646309108456084,0.32025345622119816,123.17499999998755,0.0,0.0,0.0,0.0,0.9999999999999999,wait:lane_lock,0,0,0,0,-1.0
1787200943.8136013,24.684675489197712,0.32453917050691244,141.27500000000106,0.0,0.0,0.0,0.0,0.9999999999999999,wait:lane_lock,0,0,0,0,-1.0
1787200943.857786,23.976424319836603,0.3209677419354839,122.99999999999054,0.0,0.0,0.0,0.0,0.9999999999999999,wait:lane_lock,0,0,0,0,-1.0
1787200943.9213216,23.709153224294532,0.32311059907834105,137.6749999999974,0.0,0.0,0.0,0.0,0.9999999999999999,wait:lane_lock,0,0,0,0,-1.0
1787200943.971611,22.054865378565502,0.3209677419354839,126.94999999998949,0.0,0.0,0.0,0.0,0.9999999999999999,wait:lane_lock,0,0,0,0,-1.0
1787200944.0177674,21.72172150636635,0.3209677419354839,117.84999999999144,0.0,0.0,0.0,0.0,0.9999999999999999,wait:lane_lock,0,0,0,0,-1.0
1787200944.0682375,21.68549917172562,0.32025345622119816,132.2749999999962,0.0,0.0,0.0,0.0,0.9999999999999999,wait:lane_lock,0,0,0,0,-1.0
1787200944.1058884,21.216382892574476,0.3238248847926267,141.44999999999806,0.0,0.0,0.0,0.0,0.9999999999999999,wait:lane_lock,0,0,0,0,-1.0
1787200944.1592762,22.51430047963195,0.32025345622119816,132.2749999999962,0.0,0.0,0.0,0.0,0.9999999999999999,wait:lane_lock,0,0,0,0,-1.0
1787200944.1986878,21.73809434074569,0.31811059907834105,134.42857142856693,0.0,0.0,0.0,0.0,0.9999999999999999,wait:lane_lock,0,0,0,0,-1.0
1787200944.2507668,22.29184881289916,0.32025345622119816,132.2749999999962,0.0,0.0,0.0,0.0,0.9999999999999999,wait:lane_lock,0,0,0,0,-1.0
1787200944.2922359,21.796945167229914,0.32025345622119816,132.2749999999962,0.0,0.0,0.0,0.0,0.9999999999999999,wait:lane_lock,0,0,0,0,-1.0
1787200944.3375056,22.25974363571644,0.3209677419354839,126.94999999998949,0.0,0.0,0.0,0.0,0.9999999999999999,wait:lane_lock,0,0,0,0,-1.0
1787200944.3771937,22.122209419226806,0.32025345622119816,127.12499999999386,0.0,0.0,0.0,0.0,0.9999999999999999,wait:lane_lock,0,0,0,0,-1.0
1787200944.4207258,22.887242936765116,0.3216820276497696,125.57499999998913,0.0,0.0,0.0,0.0,0.9999999999999999,wait:lane_lock,0,0,0,0,-1.0
1787200944.4603622,22.87703171065903,0.3209677419354839,130.89999999999586,0.0,0.0,0.0,0.0,0.9999999999999999,wait:lane_lock,0,0,0,0,-1.0
1787200944.4983664,23.37967099431235,0.32525345622119817,138.59999999999502,0.0,0.0,0.0,0.0,0.9999999999999999,wait:lane_lock,0,0,0,0,-1.0
1787200944.5396829,23.9578063941556,0.3223963133640553,143.00000000000273,0.0,0.0,0.0,0.0,0.9999999999999999,wait:lane_lock,0,0,0,0,-1.0
1787200944.5773208,23.956836394061547,0.32525345622119817,135.9499999999944,0.0,0.0,0.0,0.0,0.9999999999999999,wait:lane_lock,0,0,0,0,-1.0
1787200944.6181154,24.16169172114092,0.32596774193548383,134.47499999999147,0.0,0.0,0.0,0.0,0.9999999999999999,wait:lane_lock,0,0,0,0,-1.0
1787200944.658925,24.59878758380782,0.32453917050691244,132.17499999999234,0.0,0.0,0.0,0.0,0.9999999999999999,wait:lane_lock,0,0,0,0,-1.0
1787200944.6975882,24.48808220358667,0.32025345622119816,132.2749999999962,0.0,0.0,0.0,0.0,0.9999999999999999,wait:lane_lock,0,0,0,0,-1.0
1787200944.7334888,24.86743097595201,0.31953917050691244,128.4999999999943,0.0,0.0,0.0,0.0,0.9999999999999999,wait:lane_lock,0,0,0,0,-1.0
1787200944.7737865,25.476165207743694,0.31953917050691244,135.46923076922474,0.0,0.0,0.0,0.0,0.9999999999999999,wait:lane_lock,0,0,0,0,-1.0
1787200944.8105738,25.163391139696383,0.3216820276497696,129.42499999999174,0.0,0.0,0.0,0.0,0.9999999999999999,wait:lane_lock,0,0,0,0,-1.0
1787200944.846421,25.800399253353866,0.31953917050691244,128.4999999999943,0.0,0.0,0.0,0.0,0.9999999999999999,wait:lane_lock,0,0,0,0,-1.0
1787200944.8879824,26.214120952441363,0.32596774193548383,134.47499999999147,0.0,0.0,0.0,0.0,0.9999999999999999,wait:lane_lock,0,0,0,0,-1.0
1787200944.9265037,25.724034962953755,0.3216820276497696,125.47499999998529,0.0,0.0,0.0,0.0,0.9999999999999999,wait:lane_lock,0,0,0,0,-1.0
1787200944.9632194,25.84773672898175,0.3238248847926267,141.44999999999806,0.0,0.0,0.0,0.0,0.9999999999999999,wait:lane_lock,0,0,0,0,-1.0
1787200945.0051086,26.080828783232207,0.32311059907834105,141.62500000000222,0.0,0.0,0.0,0.0,0.9999999999999999,wait:lane_lock,0,0,0,0,-1.0
1787200945.0548909,25.63515012194084,0.32596774193548383,130.97500000000107,0.0,0.0,0.0,0.0,0.9999999999999999,wait:lane_lock,0,0,0,0,-1.0
1787200945.097343,24.38740053680314,0.3238248847926267,136.29999999999714,0.0,0.0,0.0,0.0,0.9999999999999999,wait:lane_lock,0,0,0,0,-1.0
1787200945.141426,24.44853615224553,0.3216820276497696,125.57499999998913,0.0,0.0,0.0,0.0,0.9999999999999999,wait:lane_lock,0,0,0,0,-1.0
1787200945.1806455,24.101842423500756,0.32025345622119816,132.2749999999962,0.0,0.0,0.0,0.0,0.9999999999999999,wait:lane_lock,0,0,0,0,-1.0
1787200945.215564,24.390238906365497,0.3238248847926267,136.29999999999714,0.0,0.0,0.0,0.0,0.9999999999999999,wait:lane_lock,0,0,0,0,-1.0
1787200945.2569456,25.234131324006114,0.3209677419354839,126.94999999998949,0.0,0.0,0.0,0.0,0.9999999999999999,wait:lane_lock,0,0,0,0,-1.0
1787200945.2981777,24.97142636920802,0.3209677419354839,126.94999999998949,0.0,0.0,0.0,0.0,0.9999999999999999,wait:lane_lock,0,0,0,0,-1.0
1787200945.3345268,24.878902325144107,0.31953917050691244,128.4999999999943,0.0,0.0,0.0,0.0,0.9999999999999999,wait:lane_lock,0,0,0,0,-1.0
1787200945.3765242,25.407113423590527,0.3209677419354839,130.89999999999586,0.0,0.0,0.0,0.0,0.9999999999999999,wait:lane_lock,0,0,0,0,-1.0
1787200945.4146209,25.08605892193087,0.32525345622119817,135.9499999999944,0.0,0.0,0.0,0.0,0.9999999999999999,wait:lane_lock,0,0,0,0,-1.0
1787200945.450448,25.316626690509576,0.32025345622119816,127.12499999999386,0.0,0.0,0.0,0.0,0.9999999999999999,wait:lane_lock,0,0,0,0,-1.0
1787200945.4908133,25.84481265542585,0.32525345622119817,138.59999999999502,0.0,0.0,0.0,0.0,0.9999999999999999,wait:lane_lock,0,0,0,0,-1.0
1787200945.5277865,25.582879220251264,0.32311059907834105,116.47499999999252,0.0,0.0,0.0,0.0,0.9999999999999999,wait:lane_lock,0,0,0,0,-1.0
1787200945.5627615,25.917274777472855,0.32525345622119817,132.35000000000124,0.0,0.0,0.0,0.0,0.9999999999999999,wait:lane_lock,0,0,0,0,-1.0
1787200945.6042826,26.364572357120394,0.3238248847926267,136.29999999999714,0.0,0.0,0.0,0.0,0.9999999999999999,wait:lane_lock,0,0,0,0,-1.0
1787200945.6420264,25.933954924211776,0.32525345622119817,132.4500000000053,0.0,0.0,0.0,0.0,0.9999999999999999,wait:lane_lock,0,0,0,0,-1.0
1787200945.676996,26.10896097995638,0.3209677419354839,126.94999999998949,0.0,0.0,0.0,0.0,0.9999999999999999,wait:lane_lock,0,0,0,0,-1.0
1787200945.7186706,26.60710595961604,0.32025345622119816,123.17499999999816,0.0,0.0,0.0,0.0,0.9999999999999999,wait:lane_lock,0,0,0,0,-1.0
1787200945.7571678,26.02857831835749,0.32311059907834105,146.7750000000047,0.0,0.0,0.0,0.0,0.9999999999999999,wait:lane_lock,0,0,0,0,-1.0
1787200945.7921343,26.086893547383177,0.32025345622119816,132.2749999999962,0.0,0.0,0.0,0.0,0.9999999999999999,wait:lane_lock,0,0,0,0,-1.0
1787200945.8319387,26.588131505669786,0.31953917050691244,128.4999999999943,0.0,0.0,0.0,0.0,0.9999999999999999,wait:lane_lock,0,0,0,0,-1.0
1787200945.86967,26.09928418644811,0.3209677419354839,126.94999999998949,0.0,0.0,0.0,0.0,0.9999999999999999,wait:lane_lock,0,0,0,0,-1.0
1787200945.9049582,26.417225186806917,0.32025345622119816,132.2749999999962,0.0,0.0,0.0,0.0,0.9999999999999999,wait:lane_lock,0,0,0,0,-1.0
1787200945.9457495,26.80023692111596,0.31953917050691244,128.4999999999943,0.0,0.0,0.0,0.0,0.9999999999999999,wait:lane_lock,0,0,0,0,-1.0
1787200945.9833288,26.295288737122718,0.32453917050691244,140.07499999999766,0.0,0.0,0.0,0.0,0.9999999999999999,wait:lane_lock,0,0,0,0,-1.0
1787200946.0186172,26.407027274169806,0.3209677419354839,121.79999999998718,0.0,0.0,0.0,0.0,0.9999999999999999,wait:lane_lock,0,0,0,0,-1.0
1787200946.0601587,26.802894151126747,0.3238248847926267,145.4000000000043,0.0,0.0,0.0,0.0,0.9999999999999999,wait:lane_lock,0,0,0,0,-1.0
1787200946.0988736,26.15426999755193,0.3209677419354839,126.94999999998949,0.0,0.0,0.0,0.0,0.9999999999999999,wait:lane_lock,0,0,0,0,-1.0
1787200946.1347468,26.20610901351689,0.3216820276497696,125.47499999998529,0.0,0.0,0.0,0.0,0.9999999999999999,wait:lane_lock,0,0,0,0,-1.0
1787200946.1758356,26.548235744808313,0.3209677419354839,126.94999999998949,0.0,0.0,0.0,0.0,0.9999999999999999,wait:lane_lock,0,0,0,0,-1.0
1787200946.2129874,26.07173123351872,0.3095391705069125,138.57409090909883,0.0,0.0,0.0,0.0,0.9999999999999999,wait:lane_lock,0,0,0,0,-1.0
1787200946.248279,26.27838294049501,0.3209677419354839,126.94999999998949,0.0,0.0,0.0,0.0,0.9999999999999999,wait:lane_lock,0,0,0,0,-1.0
1787200946.2890787,26.69305400083345,0.3216820276497696,125.47499999998529,0.0,0.0,0.0,0.0,0.9999999999999999,wait:lane_lock,0,0,0,0,-1.0
1787200946.3261654,26.180545697238177,0.31953917050691244,128.4999999999943,0.0,0.0,0.0,0.0,0.9999999999999999,wait:lane_lock,0,0,0,0,-1.0
1787200946.3624423,26.303397586003346,0.32596774193548383,137.97499999999175,0.0,0.0,0.0,0.0,0.9999999999999999,wait:lane_lock,0,0,0,0,-1.0
1787200946.4022853,26.68428288431991,0.3209677419354839,126.94999999998949,0.0,0.0,0.0,0.0,0.9999999999999999,wait:lane_lock,0,0,0,0,-1.0
1787200946.4508133,26.33547133522634,0.3216820276497696,125.47499999998529,0.0,0.0,0.0,0.0,0.9999999999999999,wait:lane_lock,1,0,0,0,-1.0
1787200946.4926512,25.180627016658985,0.32525345622119817,132.35000000000124,0.0,0.0,0.0,0.0,0.9999999999999999,wait:lane_lock,1,0,0,0,-1.0
1787200946.53482,24.96856093381585,0.32025345622119816,132.2749999999962,0.0,0.0,0.0,0.0,0.9999999999999999,wait:lane_lock,1,0,0,0,-1.0
1787200946.5737808,24.717203377816993,0.3209677419354839,126.94999999998949,0.0,0.0,0.0,0.0,0.9999999999999999,wait:lane_lock,1,0,0,0,-1.0
1787200946.6096535,24.914928445655022,0.32453917050691244,139.97499999999388,0.0,0.0,0.0,0.0,0.9999999999999999,wait:lane_lock,1,0,0,0,-1.0
1787200946.6508582,25.4815135624277,0.32596774193548383,130.97500000000107,0.0,0.0,0.0,0.0,0.9999999999999999,wait:lane_lock,1,0,0,0,-1.0
1787200946.6903615,25.19238465309789,0.32025345622119816,132.2749999999962,0.0,0.0,0.0,0.0,0.9999999999999999,wait:lane_lock,1,0,0,0,-1.0
1787200946.7310102,25.286456302820614,0.3223963133640553,124.09999999998642,0.0,0.0,0.0,0.0,0.9999999999999999,wait:lane_lock,1,0,0,0,-1.0
1787200946.77301,25.125856842172446,0.32453917050691244,140.07499999999766,0.0,0.0,0.0,0.0,0.9999999999999999,wait:lane_lock,1,0,0,0,-1.0
1787200946.8157985,24.864957625153547,0.3238248847926267,136.29999999999714,0.0,0.0,0.0,0.0,0.9999999999999999,wait:lane_lock,1,0,0,0,-1.0
1787200946.851673,24.588039295383723,0.32596774193548383,130.97500000000107,0.0,0.0,0.0,0.0,0.9999999999999999,wait:lane_lock,1,0,0,0,-1.0
1787200946.8929555,25.247867894800414,0.3209677419354839,130.89999999999586,0.0,0.0,0.0,0.0,0.9999999999999999,wait:lane_lock,1,0,0,0,-1.0
1787200946.9364254,24.95279778746692,0.32025345622119816,132.2749999999962,0.0,0.0,0.0,0.0,0.9999999999999999,wait:lane_lock,1,0,0,0,-1.0
1787200946.9721742,24.64580191424215,0.32025345622119816,132.2749999999962,0.0,0.0,0.0,0.0,0.9999999999999999,wait:lane_lock,1,0,0,0,-1.0
1787200947.014101,25.311794606942637,0.3223963133640553,124.09999999998642,0.0,0.0,0.0,0.0,0.9999999999999999,wait:lane_lock,1,0,0,0,-1.0
1787200947.0543582,24.957028833230012,0.32311059907834105,116.47499999999252,0.0,0.0,0.0,0.0,0.9999999999999999,wait:lane_lock,1,0,0,0,-1.0
1787200947.0899317,25.002616382517722,0.32453917050691244,139.97499999999388,0.0,0.0,0.0,0.0,0.9999999999999999,wait:lane_lock,1,0,0,0,-1.0
1787200947.1317594,25.623876549924688,0.3216820276497696,125.47499999998529,0.0,0.0,0.0,0.0,0.9999999999999999,wait:lane_lock,1,0,0,0,-1.0
1787200947.1725605,25.15437127795445,0.32525345622119817,138.59999999999502,0.0,0.0,0.0,0.0,0.9999999999999999,wait:lane_lock,1,0,0,0,-1.0
1787200947.2079186,25.16587429550389,0.3209677419354839,130.89999999999586,0.0,0.0,0.0,0.0,0.9999999999999999,wait:lane_lock,1,0,0,0,-1.0
1787200947.2495108,25.788989751605094,0.32525345622119817,135.9499999999944,0.0,0.0,0.0,0.0,0.9999999999999999,wait:lane_lock,1,0,0,0,-1.0
1787200947.2883308,25.416266922291918,0.3209677419354839,126.94999999998949,0.0,0.0,0.0,0.0,0.9999999999999999,wait:lane_lock,1,0,0,0,-1.0
1787200947.3239777,25.512723711812594,0.32025345622119816,132.2749999999962,0.0,0.0,0.0,0.0,0.9999999999999999,wait:lane_lock,1,0,0,0,-1.0
1787200947.3656018,26.02097987341285,0.3209677419354839,126.94999999998949,0.0,0.0,0.0,0.0,0.9999999999999999,wait:lane_lock,1,0,0,0,-1.0
1787200947.403615,25.60637122093763,0.32025345622119816,132.2749999999962,0.0,0.0,0.0,0.0,0.9999999999999999,wait:lane_lock,1,0,0,0,-1.0
1787200947.438872,25.763556430908146,0.3216820276497696,125.47499999998529,0.0,0.0,0.0,0.0,0.9999999999999999,wait:lane_lock,1,0,0,0,-1.0
1787200947.4793732,26.28383988575611,0.3209677419354839,130.89999999999586,0.0,0.0,0.0,0.0,0.9999999999999999,wait:lane_lock,1,0,0,0,-1.0
1787200947.517196,25.948275806329416,0.3216820276497696,119.32499999999564,0.0,0.0,0.0,0.0,0.9999999999999999,wait:lane_lock,1,0,0,0,-1.0
1787200947.5524592,26.066051310720393,0.32453917050691244,140.07499999999766,0.0,0.0,0.0,0.0,0.9999999999999999,wait:lane_lock,1,0,0,0,-1.0
1787200947.5930178,26.524419775056845,0.31953917050691244,128.4999999999943,0.0,0.0,0.0,0.0,0.9999999999999999,wait:lane_lock,1,0,0,0,-1.0
1787200947.63182,26.119895700024603,0.31953917050691244,124.65000000000241,0.0,0.0,0.0,0.0,0.9999999999999999,wait:lane_lock,1,0,0,0,-1.0
1787200947.6667178,26.08130643366607,0.32025345622119816,127.12499999999386,0.0,0.0,0.0,0.0,0.9999999999999999,wait:lane_lock,1,0,0,0,-1.0
1787200947.7072184,26.600197311123186,0.32025345622119816,123.17499999998755,0.0,0.0,0.0,0.0,0.9999999999999999,wait:lane_lock,1,0,0,0,-1.0
1787200947.7455072,26.189916123585284,0.3209677419354839,130.89999999999586,0.0,0.0,0.0,0.0,0.9999999999999999,wait:lane_lock,1,0,0,0,-1.0
1787200947.781706,26.191670819745617,0.31953917050691244,128.4999999999943,0.0,0.0,0.0,0.0,0.9999999999999999,wait:lane_lock,1,0,0,0,-1.0
1787200947.8239934,26.494490751856702,0.32525345622119817,138.59999999999502,0.0,0.0,0.0,0.0,0.9999999999999999,wait:lane_lock,1,0,0,0,-1.0
1787200947.866703,25.707755995230126,0.31953917050691244,128.4999999999943,0.0,0.0,0.0,0.0,0.9999999999999999,wait:lane_lock,1,0,0,0,-1.0
1787200947.9031246,25.474682788088874,0.3238248847926267,136.29999999999714,0.0,0.0,0.0,0.0,0.9999999999999999,wait:lane_lock,1,0,0,0,-1.0
1787200947.9443812,25.788336272166195,0.32311059907834105,141.62500000000222,0.0,0.0,0.0,0.0,0.9999999999999999,wait:lane_lock,1,0,0,0,-1.0
1787200947.9833462,25.534051302182956,0.31953917050691244,128.4999999999943,0.0,0.0,0.0,0.0,0.9999999999999999,wait:lane_lock,1,0,0,0,-1.0
1787200948.0190327,25.56976308317497,0.3188248847926267,120.87500000000044,0.0,0.0,0.0,0.0,0.9999999999999999,wait:lane_lock,1,0,0,0,-1.0
1787200948.0592735,26.069490375743555,0.3223963133640553,117.9499999999967,0.0,0.0,0.0,0.0,0.9999999999999999,wait:lane_lock,1,0,0,0,-1.0
1787200948.0960245,25.805016730792232,0.3209677419354839,126.94999999998949,0.0,0.0,0.0,0.0,0.9999999999999999,wait:lane_lock,1,0,0,0,-1.0
1787200948.1323292,26.106398702877172,0.32525345622119817,138.59999999999502,0.0,0.0,0.0,0.0,0.9999999999999999,wait:lane_lock,1,0,0,0,-1.0
1787200948.1721041,26.403545928065817,0.3188248847926267,120.87500000000044,0.0,0.0,0.0,0.0,0.9999999999999999,wait:lane_lock,1,0,0,0,-1.0
1787200948.209915,26.098820282298515,0.32025345622119816,127.12499999999386,0.0,0.0,0.0,0.0,0.9999999999999999,wait:lane_lock,1,0,0,0,-1.0
1787200948.2447917,26.212405345893213,0.3223963133640553,124.09999999998642,0.0,0.0,0.0,0.0,0.9999999999999999,wait:lane_lock,1,0,0,0,-1.0
1787200948.2849557,26.711430636687506,0.31953917050691244,124.65000000000241,0.0,0.0,0.0,0.0,0.9999999999999999,wait:lane_lock,1,0,0,0,-1.0
1787200948.3229556,26.344818563301285,0.3209677419354839,130.89999999999586,0.0,0.0,0.0,0.0,0.9999999999999999,wait:lane_lock,1,0,0,0,-1.0
1787200948.359529,26.35347996578326,0.31953917050691244,115.54999999999369,0.0,0.0,0.0,0.0,0.9999999999999999,wait:lane_lock,1,0,0,0,-1.0
1787200948.399953,26.539719813099225,0.32025345622119816,132.2749999999962,0.0,0.0,0.0,0.0,0.9999999999999999,wait:lane_lock,1,0,0,0,-1.0
1787200948.4376476,26.152948264699504,0.3238248847926267,145.4000000000043,0.0,0.0,0.0,0.0,0.9999999999999999,wait:lane_lock,1,0,0,0,-1.0
1787200948.4729257,26.27002783412955,0.32453917050691244,141.27500000000106,0.0,0.0,0.0,0.0,0.9999999999999999,wait:lane_lock,1,0,0,0,-1.0
1787200948.5139728,26.685465600533607,0.32596774193548383,134.47499999999147,0.0,0.0,0.0,0.0,0.9999999999999999,wait:lane_lock,1,0,0,0,-1.0
1787200948.5516849,26.210473569345126,0.3238248847926267,145.4000000000043,0.0,0.0,0.0,0.0,0.9999999999999999,wait:lane_lock,1,0,0,0,-1.0
1787200948.5870452,26.286475063193095,0.32453917050691244,140.07499999999766,0.0,0.0,0.0,0.0,0.9999999999999999,wait:lane_lock,1,0,0,0,-1.0
1787200948.6275468,26.675921540492777,0.3223963133640553,112.69999999999047,0.0,0.0,0.0,0.0,0.9999999999999999,wait:lane_lock,1,0,0,0,-1.0
1787200948.6663654,25.98293927764599,0.32311059907834105,119.9749999999816,0.0,0.0,0.0,0.0,0.9999999999999999,wait:lane_lock,1,0,0,0,-1.0
1787200948.7024734,26.224839148362534,0.32311059907834105,141.62500000000222,0.0,0.0,0.0,0.0,0.9999999999999999,wait:lane_lock,1,0,0,0,-1.0
1787200948.7439592,26.60603665577115,0.32525345622119817,132.35000000000124,0.0,0.0,0.0,0.0,0.9999999999999999,wait:lane_lock,1,0,0,0,-1.0
1787200948.7818673,26.053479796771832,0.3216820276497696,125.47499999998529,0.0,0.0,0.0,0.0,0.9999999999999999,wait:lane_lock,1,0,0,0,-1.0
1787200948.816969,26.184420067657438,0.32025345622119816,132.2749999999962,0.0,0.0,0.0,0.0,0.9999999999999999,wait:lane_lock,1,0,0,0,-1.0
1787200948.8574684,26.64543931974326,0.31953917050691244,128.4999999999943,0.0,0.0,0.0,0.0,0.9999999999999999,wait:lane_lock,1,0,0,0,-1.0
1787200948.8968844,25.977458664524256,0.31953917050691244,128.4999999999943,0.0,0.0,0.0,0.0,0.9999999999999999,wait:lane_lock,1,0,0,0,-1.0
1787200948.9322002,26.17797846429133,0.3216820276497696,125.57499999998913,0.0,0.0,0.0,0.0,0.9999999999999999,wait:lane_lock,1,0,0,0,-1.0
1787200948.9719977,26.614489243452596,0.32025345622119816,132.2749999999962,0.0,0.0,0.0,0.0,0.9999999999999999,wait:lane_lock,1,0,0,0,-1.0
1787200949.010753,26.219103988873545,0.32025345622119816,132.2749999999962,0.0,0.0,0.0,0.0,0.9999999999999999,wait:lane_lock,1,0,0,0,-1.0
1787200949.0456026,26.240324307903784,0.3216820276497696,125.47499999998529,0.0,0.0,0.0,0.0,0.9999999999999999,wait:lane_lock,1,0,0,0,-1.0
1787200949.0858428,26.720498824413113,0.32525345622119817,138.59999999999502,0.0,0.0,0.0,0.0,0.9999999999999999,wait:lane_lock,1,0,0,0,-1.0
1787200949.1232398,26.30412023094041,0.3216820276497696,125.47499999998529,0.0,0.0,0.0,0.0,0.9999999999999999,wait:lane_lock,1,0,0,0,-1.0
1787200949.1675234,26.44325361687334,0.3216820276497696,125.57499999998913,0.0,0.0,0.0,0.0,0.9999999999999999,wait:lane_lock,0,0,0,0,-1.0
1787201000.9499042,21.158467260514335,0.4737903225806452,109.72807017543887,0.0,0.0,0.0,0.0,0.9999999999999999,wait:lane_lock,0,0,0,0,-1.0
1787201000.992409,19.7162953945815,0.4737903225806452,111.31697486960658,0.0,0.0,0.0,0.0,0.9999999999999999,wait:lane_lock,0,0,0,0,-1.0
1787201001.0343318,20.470325833996455,0.4737903225806452,111.405168326221,0.0,0.0,0.0,0.0,0.9999999999999999,wait:lane_lock,0,0,0,0,-1.0
1787201001.080493,21.15830112129684,0.4737903225806452,111.79990516832643,0.0,0.0,0.0,0.0,0.9999999999999999,wait:lane_lock,0,0,0,0,-1.0
1787201001.1215992,21.226685449804314,0.4737903225806452,112.26292081555245,0.0,0.0,0.0,0.0,0.9999999999999999,wait:lane_lock,0,0,0,0,-1.0
1787201001.1648211,21.871198136814776,0.4737903225806452,111.82479848269332,0.0,0.0,0.0,0.0,0.9999999999999999,wait:lane_lock,0,0,0,0,-1.0
1787201001.2115633,22.140315493106645,0.4737903225806452,112.61356092935053,0.0,0.0,0.0,0.0,0.9999999999999999,wait:lane_lock,0,0,0,0,-1.0
1787201001.252737,21.948183865326055,0.4737903225806452,111.27785680417279,0.0,0.0,0.0,0.0,0.9999999999999999,wait:lane_lock,0,0,0,0,-1.0
1787201001.2962954,22.45699876026609,0.4737903225806452,112.3610715979139,0.0,0.0,0.0,0.0,0.9999999999999999,wait:lane_lock,0,0,0,0,-1.0
1787201001.3419988,22.57066095216893,0.4737903225806452,111.71597913703191,0.0,0.0,0.0,0.0,0.9999999999999999,wait:lane_lock,0,0,0,0,-1.0
1787201001.3847616,22.34019172364913,0.4737903225806452,112.44926505452838,0.0,0.0,0.0,0.0,0.9999999999999999,wait:lane_lock,0,0,0,0,-1.0
1787201001.4257035,22.654271356492792,0.4737903225806452,111.22830725462322,0.0,0.0,0.0,0.0,0.9999999999999999,wait:lane_lock,0,0,0,0,-1.0
1787201001.474268,23.012332971762383,0.4737903225806452,111.3183973447132,0.0,0.0,0.0,0.0,0.9999999999999999,wait:lane_lock,0,0,0,0,-1.0
1787201001.5156636,22.48811425119706,0.4737903225806452,111.67686107159803,0.0,0.0,0.0,0.0,0.9999999999999999,wait:lane_lock,0,0,0,0,-1.0
1787201001.5568404,22.879170793639506,0.4737903225806452,110.76173541963037,0.0,0.0,0.0,0.0,0.9999999999999999,wait:lane_lock,0,0,0,0,-1.0
1787201001.6038027,23.159097237361912,0.4737903225806452,110.8487434803226,0.0,0.0,0.0,0.0,0.9999999999999999,wait:lane_lock,0,0,0,0,-1.0
1787201001.6402922,22.774030966603718,0.4737903225806452,111.34115694642013,0.0,0.0,0.0,0.0,0.9999999999999999,wait:lane_lock,0,0,0,0,-1.0
1787201001.6753604,23.719824297377716,0.4737903225806452,111.22309151256529,0.0,0.0,0.0,0.0,0.9999999999999999,wait:lane_lock,0,0,0,0,-1.0
1787201001.7159607,24.67472499892546,0.4798387096774194,112.67496443812281,0.0,0.0,0.0,0.0,0.9999999999999999,wait:lane_lock,0,0,0,0,-1.0
1787201001.7516582,24.586800166253035,0.4798387096774194,112.08019203413973,0.0,0.0,0.0,0.0,0.9999999999999999,wait:lane_lock,0,0,0,0,-1.0
1787201001.786206,25.370099317338894,0.4737903225806452,110.70080606922717,0.0,0.0,0.0,0.0,0.9999999999999999,wait:lane_lock,0,0,0,0,-1.0
1787201001.828685,26.08846640384051,0.4737903225806452,111.3923660502607,0.0,0.0,0.0,0.0,0.9999999999999999,wait:lane_lock,0,0,0,0,-1.0
1787201001.864822,25.538337735820544,0.4798387096774194,112.58303698435313,0.0,0.0,0.0,0.0,0.9999999999999999,wait:lane_lock,0,0,0,0,-1.0
1787201001.8994768,26.032882367790187,0.4737903225806452,111.29800853485081,0.0,0.0,0.0,0.0,0.9999999999999999,wait:lane_lock,0,0,0,0,-1.0
1787201001.9420245,26.597850275824655,0.4737903225806452,111.0075865339023,0.0,0.0,0.0,0.0,0.9999999999999999,wait:lane_lock,0,0,0,0,-1.0
1787201001.9775589,25.968564234015894,0.4798387096774194,112.72332859174986,0.0,0.0,0.0,0.0,0.9999999999999999,wait:lane_lock,0,0,0,0,-1.0
1787201002.0122366,26.41894346345009,0.4737903225806452,111.71597913703191,0.0,0.0,0.0,0.0,0.9999999999999999,wait:lane_lock,0,0,0,0,-1.0
1787201002.0527706,26.90223497360981,0.4737903225806452,111.33570412517787,0.0,0.0,0.0,0.0,0.9999999999999999,wait:lane_lock,0,0,0,0,-1.0
1787201002.0906844,26.38510056638281,0.4737903225806452,112.09364627785676,0.0,0.0,0.0,0.0,0.9999999999999999,wait:lane_lock,0,0,0,0,-1.0
1787201002.1265638,26.458587057805858,0.4737903225806452,111.17401612138458,0.0,0.0,0.0,0.0,0.9999999999999999,wait:lane_lock,0,0,0,0,-1.0
1787201002.1682115,26.576067484106048,0.4737903225806452,111.03034613560928,0.0,0.0,0.0,0.0,0.9999999999999999,wait:lane_lock,0,0,0,0,-1.0
1787201002.2051494,26.125768566320687,0.4737903225806452,111.69464201043174,0.0,0.0,0.0,0.0,0.9999999999999999,wait:lane_lock,0,0,0,0,-1.0
1787201002.2395592,26.399922270276186,0.4798387096774194,113.08979374110993,0.0,0.0,0.0,0.0,0.9999999999999999,wait:lane_lock,0,0,0,0,-1.0
1787201002.2795026,26.936682158230138,0.4737903225806452,111.27003319108577,0.0,0.0,0.0,0.0,0.9999999999999999,wait:lane_lock,0,0,0,0,-1.0
1787201002.314803,26.55100064915905,0.4737903225806452,111.44428639165494,0.0,0.0,0.0,0.0,0.9999999999999999,wait:lane_lock,0,0,0,0,-1.0
1787201002.3496537,26.91621660607929,0.4737903225806452,110.98269321953542,0.0,0.0,0.0,0.0,0.9999999999999999,wait:lane_lock,0,0,0,0,-1.0
1787201002.3922467,27.26727564647275,0.4737903225806452,112.61379800853499,0.0,0.0,0.0,0.0,0.9999999999999999,wait:lane_lock,0,0,0,0,-1.0
1787201002.4285865,26.472980702157948,0.4737903225806452,112.14343290659079,0.0,0.0,0.0,0.0,0.9999999999999999,wait:lane_lock,0,0,0,0,-1.0
1787201002.4630892,26.737498258888984,0.4737903225806452,112.63987671882425,0.0,0.0,0.0,0.0,0.9999999999999999,wait:lane_lock,0,0,0,0,-1.0
1787201002.5101497,27.09180876077921,0.4737903225806452,111.84779516358473,0.0,0.0,0.0,0.0,0.9999999999999999,wait:lane_lock,1,0,0,0,-1.0
1787201002.5465534,25.955342608095513,0.4737903225806452,111.9620673304885,0.0,0.0,0.0,0.0,0.9999999999999999,wait:lane_lock,1,0,0,0,-1.0
1787201002.5811355,26.28959966489313,0.4798387096774194,111.92798719772436,0.0,0.0,0.0,0.0,0.9999999999999999,wait:lane_lock,1,0,0,0,-1.0
1787201002.6206837,26.816954235523063,0.4737903225806452,111.39521100047422,0.0,0.0,0.0,0.0,0.9999999999999999,wait:lane_lock,1,0,0,0,-1.0
1787201002.6574504,26.497992449602158,0.4737903225806452,110.90801327643449,0.0,0.0,0.0,0.0,0.9999999999999999,wait:lane_lock,1,0,0,0,-1.0
1787201002.692217,26.65239064298853,0.4737903225806452,111.47060218112851,0.0,0.0,0.0,0.0,0.9999999999999999,wait:lane_lock,1,0,0,0,-1.0
1787201002.7328153,27.07562463685174,0.4737903225806452,110.76529160739692,0.0,0.0,0.0,0.0,0.9999999999999999,wait:lane_lock,1,0,0,0,-1.0
1787201002.7711344,26.568869525492552,0.4798387096774194,112.90682788051265,0.0,0.0,0.0,0.0,0.9999999999999999,wait:lane_lock,1,0,0,0,-1.0
1787201002.8055687,26.475938855501372,0.4737903225806452,111.4613560929351,0.0,0.0,0.0,0.0,0.9999999999999999,wait:lane_lock,1,0,0,0,-1.0
1787201002.8454742,27.00960084221566,0.4798387096774194,112.67532005689947,0.0,0.0,0.0,0.0,0.9999999999999999,wait:lane_lock,1,0,0,0,-1.0
1787201002.8815947,26.61145364368158,0.4737903225806452,111.6590801327645,0.0,0.0,0.0,0.0,0.9999999999999999,wait:lane_lock,1,0,0,0,-1.0
1787201002.9158497,26.837424817870133,0.4798387096774194,111.72083926031324,0.0,0.0,0.0,0.0,0.9999999999999999,wait:lane_lock,1,0,0,0,-1.0
1787201002.95702,27.308609756243396,0.4737903225806452,111.23518255097221,0.0,0.0,0.0,0.0,0.9999999999999999,wait:lane_lock,1,0,0,0,-1.0
1787201002.9932075,26.67476050452302,0.4798387096774194,111.5917496443815,0.0,0.0,0.0,0.0,0.9999999999999999,wait:lane_lock,1,0,0,0,-1.0
1787201003.028061,26.90603735781238,0.4737903225806452,112.01991465149385,0.0,0.0,0.0,0.0,0.9999999999999999,wait:lane_lock,1,0,0,0,-1.0
1787201003.068958,27.26436051604385,0.4737903225806452,111.3219535324799,0.0,0.0,0.0,0.0,0.9999999999999999,wait:lane_lock,1,0,0,0,-1.0
1787201003.1061525,26.52638053634074,0.4737903225806452,111.7408724513989,0.0,0.0,0.0,0.0,0.9999999999999999,wait:lane_lock,1,0,0,0,-1.0
1787201003.1418722,26.8261214573947,0.4737903225806452,111.0993361782836,0.0,0.0,0.0,0.0,0.9999999999999999,wait:lane_lock,1,0,0,0,-1.0
1787201003.1829438,27.06045419614981,0.4737903225806452,111.56235182550982,0.0,0.0,0.0,0.0,0.9999999999999999,wait:lane_lock,1,0,0,0,-1.0
1787201003.2191763,26.495622113344254,0.4737903225806452,111.0075865339023,0.0,0.0,0.0,0.0,0.9999999999999999,wait:lane_lock,1,0,0,0,-1.0
1787201003.254828,26.65148613986197,0.4798387096774194,113.33748221906146,0.0,0.0,0.0,0.0,0.9999999999999999,wait:lane_lock,1,0,0,0,-1.0
1787201003.2958431,27.022067950378734,0.4737903225806452,111.45471787577058,0.0,0.0,0.0,0.0,0.9999999999999999,wait:lane_lock,1,0,0,0,-1.0
1787201003.3319268,26.467907170035513,0.4737903225806452,110.58226647700337,0.0,0.0,0.0,0.0,0.9999999999999999,wait:lane_lock,1,0,0,0,-1.0
1787201003.3680325,26.759491357406358,0.4737903225806452,110.98127074442874,0.0,0.0,0.0,0.0,0.9999999999999999,wait:lane_lock,1,0,0,0,-1.0
1787201003.4093158,26.934517026121092,0.4737903225806452,111.23352299668102,0.0,0.0,0.0,0.0,0.9999999999999999,wait:lane_lock,1,0,0,0,-1.0
1787201003.4458117,26.37119871385608,0.4737903225806452,112.60431484115713,0.0,0.0,0.0,0.0,0.9999999999999999,wait:lane_lock,1,0,0,0,-1.0
1787201003.482077,26.615550540426792,0.4737903225806452,112.05239449976295,0.0,0.0,0.0,0.0,0.9999999999999999,wait:lane_lock,1,0,0,0,-1.0
1787201003.524086,26.799484892166998,0.4737903225806452,111.5851114272167,0.0,0.0,0.0,0.0,0.9999999999999999,wait:lane_lock,1,0,0,0,-1.0
1787201003.5842512,26.161222528533173,0.4737903225806452,109.74608819345674,0.0,0.0,0.0,0.0,0.9999999999999999,wait:lane_lock,0,0,0,0,-1.0
1787201004.7462037,21.1059149817062,0.4737903225806452,111.99336178283554,0.0,0.0,0.0,0.0,0.9999999999999999,wait:lane_lock,1,0,0,0,-1.0
1787201004.7842536,19.073799586936243,0.4737903225806452,112.39805595068766,0.0,0.0,0.0,0.0,0.9999999999999999,wait:lane_lock,1,0,0,0,-1.0
1787201004.8266025,20.41593192824558,0.4737903225806452,110.94215267899482,0.0,0.0,0.0,0.0,0.9999999999999999,wait:lane_lock,1,0,0,0,-1.0
1787201004.869646,21.11130460682007,0.4737903225806452,111.2629208155524,0.0,0.0,0.0,0.0,0.9999999999999999,wait:lane_lock,1,0,0,0,-1.0
1787201004.9161725,21.547491747248273,0.4737903225806452,111.95495495495513,0.0,0.0,0.0,0.0,0.9999999999999999,wait:lane_lock,1,0,0,0,-1.0
1787201004.9613307,21.484892121233443,0.4737903225806452,112.19559032716933,0.0,0.0,0.0,0.0,0.9999999999999999,wait:lane_lock,1,0,0,0,-1.0
1787201005.0011919,21.68580518666392,0.4737903225806452,111.40303461356106,0.0,0.0,0.0,0.0,0.9999999999999999,wait:lane_lock,1,0,0,0,-1.0
1787201005.0477126,22.359089801166437,0.4737903225806452,112.2600758653392,0.0,0.0,0.0,0.0,0.9999999999999999,wait:lane_lock,1,0,0,0,-1.0
1787201005.0899317,22.138679785015874,0.4737903225806452,111.48103366524442,0.0,0.0,0.0,0.0,0.9999999999999999,wait:lane_lock,1,0,0,0,-1.0
1787201005.1312835,22.51524702316322,0.4737903225806452,112.67899478425824,0.0,0.0,0.0,0.0,0.9999999999999999,wait:lane_lock,1,0,0,0,-1.0
1787201005.1806006,22.83700069600483,0.4737903225806452,111.62660028449497,0.0,0.0,0.0,0.0,0.9999999999999999,wait:lane_lock,1,0,0,0,-1.0
1787201005.2232034,22.28808946352254,0.4737903225806452,112.26932195353257,0.0,0.0,0.0,0.0,0.9999999999999999,wait:lane_lock,1,0,0,0,-1.0
1787201005.2634094,22.578800295622912,0.4737903225806452,112.67899478425824,0.0,0.0,0.0,0.0,0.9999999999999999,wait:lane_lock,1,0,0,0,-1.0
1787201005.30928,23.038441850922162,0.4737903225806452,110.77050734945486,0.0,0.0,0.0,0.0,0.9999999999999999,wait:lane_lock,1,0,0,0,-1.0
1787201005.350058,22.78951684202983,0.4737903225806452,110.7600758653391,0.0,0.0,0.0,0.0,0.9999999999999999,wait:lane_lock,1,0,0,0,-1.0
1787201005.392847,23.1347874329654,0.4737903225806452,112.60644855381706,0.0,0.0,0.0,0.0,0.9999999999999999,wait:lane_lock,1,0,0,0,-1.0
1787201005.4388723,23.189530489825056,0.4737903225806452,111.80630630630635,0.0,0.0,0.0,0.0,0.9999999999999999,wait:lane_lock,1,0,0,0,-1.0
1787201005.480607,22.863580999089184,0.4737903225806452,111.86605026078719,0.0,0.0,0.0,0.0,0.9999999999999999,wait:lane_lock,1,0,0,0,-1.0
1787201005.5156922,23.125320233888598,0.4737903225806452,111.31650071123747,0.0,0.0,0.0,0.0,0.9999999999999999,wait:lane_lock,1,0,0,0,-1.0
1787201005.5569692,24.07462213085926,0.4737903225806452,110.753674727359,0.0,0.0,0.0,0.0,0.9999999999999999,wait:lane_lock,1,0,0,0,-1.0
1787201005.5950828,24.186690146557527,0.4737903225806452,111.93930772878161,0.0,0.0,0.0,0.0,0.9999999999999999,wait:lane_lock,1,0,0,0,-1.0
1787201005.631164,24.517237862308985,0.4737903225806452,111.53745851114293,0.0,0.0,0.0,0.0,0.9999999999999999,wait:lane_lock,1,0,0,0,-1.0
1787201005.6713707,25.22837935035714,0.4737903225806452,112.61047889995253,0.0,0.0,0.0,0.0,0.9999999999999999,wait:lane_lock,1,0,0,0,-1.0
1787201005.7075417,25.092541666746584,0.4737903225806452,111.48909435751558,0.0,0.0,0.0,0.0,0.9999999999999999,wait:lane_lock,1,0,0,0,-1.0
1787201005.7425764,25.722376098345002,0.4737903225806452,112.39805595068766,0.0,0.0,0.0,0.0,0.9999999999999999,wait:lane_lock,1,0,0,0,-1.0
1787201005.7825658,26.285737064236372,0.4737903225806452,110.85348506401134,0.0,0.0,0.0,0.0,0.9999999999999999,wait:lane_lock,1,0,0,0,-1.0
1787201005.8193808,25.841570105646863,0.4737903225806452,111.28046467520171,0.0,0.0,0.0,0.0,0.9999999999999999,wait:lane_lock,1,0,0,0,-1.0
1787201005.8547485,26.331061223332668,0.4737903225806452,111.55879563774312,0.0,0.0,0.0,0.0,0.9999999999999999,wait:lane_lock,1,0,0,0,-1.0
1787201005.8943808,26.73423188447485,0.4737903225806452,112.33143669985783,0.0,0.0,0.0,0.0,0.9999999999999999,wait:lane_lock,1,0,0,0,-1.0
1787201005.9301994,26.40465935427148,0.4737903225806452,111.946420104315,0.0,0.0,0.0,0.0,0.9999999999999999,wait:lane_lock,1,0,0,0,-1.0
1787201005.96598,26.744431052728913,0.4737903225806452,111.5673304883832,0.0,0.0,0.0,0.0,0.9999999999999999,wait:lane_lock,1,0,0,0,-1.0
1787201006.0057118,26.968333162037297,0.4737903225806452,112.41868183973449,0.0,0.0,0.0,0.0,0.9999999999999999,wait:lane_lock,1,0,0,0,-1.0
1787201006.0410647,26.60140488192867,0.4737903225806452,111.70815552394511,0.0,0.0,0.0,0.0,0.9999999999999999,wait:lane_lock,1,0,0,0,-1.0
1787201006.076757,26.963678882276533,0.4737903225806452,111.01280227596008,0.0,0.0,0.0,0.0,0.9999999999999999,wait:lane_lock,1,0,0,0,-1.0
1787201006.1171646,27.17654893588194,0.4737903225806452,112.3610715979139,0.0,0.0,0.0,0.0,0.9999999999999999,wait:lane_lock,1,0,0,0,-1.0
1787201006.1529799,26.648605252443716,0.4798387096774194,112.68189900426756,0.0,0.0,0.0,0.0,0.9999999999999999,wait:lane_lock,1,0,0,0,-1.0
1787201006.1877553,26.95496526571822,0.4737903225806452,111.83191085822672,0.0,0.0,0.0,0.0,0.9999999999999999,wait:lane_lock,1,0,0,0,-1.0
1787201006.247409,27.316382767411806,0.4737903225806452,110.20910384068296,0.0,0.0,0.0,0.0,0.9999999999999999,wait:lane_lock,0,0,0,0,-1.0
1787201006.7694223,22.227822708581936,0.4737903225806452,111.36178283546714,0.0,0.0,0.0,0.0,0.9999999999999999,wait:lane_lock,0,0,0,0,-1.0
1787201006.8060966,21.952325262619627,0.4737903225806452,110.2238027501185,0.0,0.0,0.0,0.0,0.9999999999999999,wait:lane_lock,0,0,0,0,-1.0
1787201006.8469496,23.02035344543062,0.4737903225806452,111.84779516358473,0.0,0.0,0.0,0.0,0.9999999999999999,wait:lane_lock,0,0,0,0,-1.0
1787201006.8829203,23.279638390515323,0.4737903225806452,112.42176386913235,0.0,0.0,0.0,0.0,0.9999999999999999,wait:lane_lock,0,0,0,0,-1.0
1787201006.9188972,24.19333048617023,0.4737903225806452,112.26647700331915,0.0,0.0,0.0,0.0,0.9999999999999999,wait:lane_lock,0,0,0,0,-1.0
1787201006.959799,24.939959936668046,0.4737903225806452,111.69369369369376,0.0,0.0,0.0,0.0,0.9999999999999999,wait:lane_lock,0,0,0,0,-1.0
1787201006.9972055,24.799936621368147,0.4737903225806452,111.3923660502607,0.0,0.0,0.0,0.0,0.9999999999999999,wait:lane_lock,0,0,0,0,-1.0
1787201007.0326877,25.199132902638972,0.4737903225806452,111.90303461356118,0.0,0.0,0.0,0.0,0.9999999999999999,wait:lane_lock,0,0,0,0,-1.0
1787201007.0727181,25.831268341984032,0.4737903225806452,113.10289236605041,0.0,0.0,0.0,0.0,0.9999999999999999,wait:lane_lock,0,0,0,0,-1.0
1787201007.1101341,25.64623795244054,0.4737903225806452,112.60644855381706,0.0,0.0,0.0,0.0,0.9999999999999999,wait:lane_lock,0,0,0,0,-1.0
1787201007.1449766,25.89273213367841,0.4737903225806452,110.15955429113346,0.0,0.0,0.0,0.0,0.9999999999999999,wait:lane_lock,0,0,0,0,-1.0
1787201007.187862,26.45351045528448,0.4737903225806452,112.28568041725944,0.0,0.0,0.0,0.0,0.9999999999999999,wait:lane_lock,0,0,0,0,-1.0
1787201007.2253215,25.807698500855487,0.4737903225806452,111.78236130867734,0.0,0.0,0.0,0.0,0.9999999999999999,wait:lane_lock,0,0,0,0,-1.0
1787201007.2611535,26.00683860564046,0.4737903225806452,111.89947842579437,0.0,0.0,0.0,0.0,0.9999999999999999,wait:lane_lock,0,0,0,0,-1.0
1787201007.303599,26.387624315750987,0.4737903225806452,111.78994784257945,0.0,0.0,0.0,0.0,0.9999999999999999,wait:lane_lock,0,0,0,0,-1.0
1787201007.3392866,25.8167158162105,0.4737903225806452,110.35870080606934,0.0,0.0,0.0,0.0,0.9999999999999999,wait:lane_lock,0,0,0,0,-1.0
1787201007.3750932,26.25423639576021,0.4737903225806452,112.44144144144155,0.0,0.0,0.0,0.0,0.9999999999999999,wait:lane_lock,0,0,0,0,-1.0
1787201007.4176102,26.591781600704806,0.4737903225806452,112.55737316263658,0.0,0.0,0.0,0.0,0.9999999999999999,wait:lane_lock,0,0,0,0,-1.0
1787201007.4548879,25.881675827824665,0.4798387096774194,112.9302987197728,0.0,0.0,0.0,0.0,0.9999999999999999,wait:lane_lock,0,0,0,0,-1.0
1787201007.4906638,26.117435416791793,0.4798387096774194,111.95501422475138,0.0,0.0,0.0,0.0,0.9999999999999999,wait:lane_lock,0,0,0,0,-1.0
1787201007.529833,26.583946858021232,0.4737903225806452,112.89189189189199,0.0,0.0,0.0,0.0,0.9999999999999999,wait:lane_lock,0,0,0,0,-1.0
1787201007.5651848,26.325627839379035,0.4737903225806452,111.66690374585106,0.0,0.0,0.0,0.0,0.9999999999999999,wait:lane_lock,0,0,0,0,-1.0
1787201007.6012647,26.75974816438437,0.4798387096774194,113.19559032716953,0.0,0.0,0.0,0.0,0.9999999999999999,wait:lane_lock,0,0,0,0,-1.0
1787201007.6430957,26.94536284823263,0.4737903225806452,111.79990516832643,0.0,0.0,0.0,0.0,0.9999999999999999,wait:lane_lock,0,0,0,0,-1.0
1787201007.6808326,26.319048027724236,0.4737903225806452,111.43504030346159,0.0,0.0,0.0,0.0,0.9999999999999999,wait:lane_lock,0,0,0,0,-1.0
1787201007.7163582,26.37741632870298,0.4737903225806452,110.76173541963037,0.0,0.0,0.0,0.0,0.9999999999999999,wait:lane_lock,0,0,0,0,-1.0
1787201007.7557685,26.754649390988664,0.4798387096774194,111.30636557610268,0.0,0.0,0.0,0.0,0.9999999999999999,wait:lane_lock,0,0,0,0,-1.0
1787201007.792049,26.413720602224082,0.4737903225806452,110.77216690374593,0.0,0.0,0.0,0.0,0.9999999999999999,wait:lane_lock,0,0,0,0,-1.0
1787201007.8268285,26.723739759283717,0.4737903225806452,111.99786628734009,0.0,0.0,0.0,0.0,0.9999999999999999,wait:lane_lock,0,0,0,0,-1.0
1787201007.8679168,27.129016223474203,0.4737903225806452,111.47060218112851,0.0,0.0,0.0,0.0,0.9999999999999999,wait:lane_lock,0,0,0,0,-1.0
1787201007.906053,26.561074383017257,0.4737903225806452,111.49336178283556,0.0,0.0,0.0,0.0,0.9999999999999999,wait:lane_lock,0,0,0,0,-1.0
1787201007.9415374,26.497361649516126,0.4798387096774194,111.43598862019952,0.0,0.0,0.0,0.0,0.9999999999999999,wait:lane_lock,0,0,0,0,-1.0
1787201007.9824712,26.84321751132292,0.4737903225806452,110.23636794689433,0.0,0.0,0.0,0.0,0.9999999999999999,wait:lane_lock,0,0,0,0,-1.0
1787201008.0205219,26.34628398193804,0.4737903225806452,112.71337126600307,0.0,0.0,0.0,0.0,0.9999999999999999,wait:lane_lock,0,0,0,0,-1.0
1787201008.0560663,26.349425791336298,0.4737903225806452,112.97771455666202,0.0,0.0,0.0,0.0,0.9999999999999999,wait:lane_lock,0,0,0,0,-1.0
1787201008.0975451,26.707312064275037,0.4737903225806452,111.92721669037464,0.0,0.0,0.0,0.0,0.9999999999999999,wait:lane_lock,0,0,0,0,-1.0
1787201008.1364322,26.012729639779316,0.4737903225806452,111.87316263632054,0.0,0.0,0.0,0.0,0.9999999999999999,wait:lane_lock,0,0,0,0,-1.0
1787201008.171821,26.166369533329203,0.4737903225806452,111.53603603603617,0.0,0.0,0.0,0.0,0.9999999999999999,wait:lane_lock,0,0,0,0,-1.0
1787201008.2118573,26.586011509494746,0.4737903225806452,111.71811284969193,0.0,0.0,0.0,0.0,0.9999999999999999,wait:lane_lock,0,0,0,0,-1.0
1787201008.249879,26.091867012264046,0.4737903225806452,110.99170222854451,0.0,0.0,0.0,0.0,0.9999999999999999,wait:lane_lock,0,0,0,0,-1.0
1787201008.2851887,26.330171732578584,0.4737903225806452,111.61853959222393,0.0,0.0,0.0,0.0,0.9999999999999999,wait:lane_lock,0,0,0,0,-1.0
1787201008.3257098,26.730516937279674,0.4737903225806452,111.95424371740167,0.0,0.0,0.0,0.0,0.9999999999999999,wait:lane_lock,0,0,0,0,-1.0
1787201008.3637626,26.310957183124188,0.4737903225806452,112.35775248933149,0.0,0.0,0.0,0.0,0.9999999999999999,wait:lane_lock,0,0,0,0,-1.0
1787201008.3989727,26.30453776015534,0.4737903225806452,111.88311996206758,0.0,0.0,0.0,0.0,0.9999999999999999,wait:lane_lock,0,0,0,0,-1.0
1787201008.4386363,26.710569936273618,0.4737903225806452,111.56235182550982,0.0,0.0,0.0,0.0,0.9999999999999999,wait:lane_lock,0,0,0,0,-1.0
1787201008.474784,26.39082192586703,0.4737903225806452,111.0075865339023,0.0,0.0,0.0,0.0,0.9999999999999999,wait:lane_lock,0,0,0,0,-1.0
1787201008.5100217,26.700789733777444,0.4737903225806452,111.9336178283546,0.0,0.0,0.0,0.0,0.9999999999999999,wait:lane_lock,0,0,0,0,-1.0
1787201008.5511894,27.037952627516137,0.4737903225806452,112.04457088667637,0.0,0.0,0.0,0.0,0.9999999999999999,wait:lane_lock,0,0,0,0,-1.0
1787201008.5891595,26.451052427758967,0.4737903225806452,111.89805595068782,0.0,0.0,0.0,0.0,0.9999999999999999,wait:lane_lock,0,0,0,0,-1.0
1787201008.6246939,26.472661132987444,0.4737903225806452,110.95258416311052,0.0,0.0,0.0,0.0,0.9999999999999999,wait:lane_lock,0,0,0,0,-1.0
1787201008.6649282,26.806824197616017,0.4737903225806452,111.7408724513989,0.0,0.0,0.0,0.0,0.9999999999999999,wait:lane_lock,0,0,0,0,-1.0
1787201008.701968,26.160328139990025,0.4737903225806452,112.39805595068783,0.0,0.0,0.0,0.0,0.9999999999999999,wait:lane_lock,0,0,0,0,-1.0
1787201008.7368336,26.665306423813465,0.4737903225806452,111.89805595068782,0.0,0.0,0.0,0.0,0.9999999999999999,wait:lane_lock,0,0,0,0,-1.0
1787201008.7768762,27.069006007250675,0.4737903225806452,111.82479848269332,0.0,0.0,0.0,0.0,0.9999999999999999,wait:lane_lock,0,0,0,0,-1.0
1787201008.8132615,26.631270427771373,0.4737903225806452,112.12991939307729,0.0,0.0,0.0,0.0,0.9999999999999999,wait:lane_lock,0,0,0,0,-1.0
1787201008.8481965,26.80459156877573,0.4737903225806452,112.40943575154117,0.0,0.0,0.0,0.0,0.9999999999999999,wait:lane_lock,0,0,0,0,-1.0
1787201008.8879573,27.176160599329688,0.4737903225806452,111.6505452821243,0.0,0.0,0.0,0.0,0.9999999999999999,wait:lane_lock,0,0,0,0,-1.0
1787201008.924178,26.711454749839316,0.4737903225806452,112.91156946420128,0.0,0.0,0.0,0.0,0.9999999999999999,wait:lane_lock,0,0,0,0,-1.0
1787201008.95924,26.978258003800477,0.4737903225806452,113.05618776671423,0.0,0.0,0.0,0.0,0.9999999999999999,wait:lane_lock,0,0,0,0,-1.0
1787201009.000718,27.191610312650695,0.4737903225806452,111.15765765765785,0.0,0.0,0.0,0.0,0.9999999999999999,wait:lane_lock,0,0,0,0,-1.0
1787201009.0427842,26.461537800154932,0.4737903225806452,111.24940730203899,0.0,0.0,0.0,0.0,0.9999999999999999,wait:lane_lock,0,0,0,0,-1.0
1787201009.0804698,26.100537986208856,0.4737903225806452,111.80630630630635,0.0,0.0,0.0,0.0,0.9999999999999999,wait:lane_lock,0,0,0,0,-1.0
1787201009.1203573,26.188812908886426,0.4737903225806452,111.24940730203899,0.0,0.0,0.0,0.0,0.9999999999999999,wait:lane_lock,0,0,0,0,-1.0
1787201009.157938,25.841796797580265,0.4737903225806452,111.56235182550982,0.0,0.0,0.0,0.0,0.9999999999999999,wait:lane_lock,0,0,0,0,-1.0
1787201009.1931093,26.152461078244464,0.4737903225806452,111.89687055476544,0.0,0.0,0.0,0.0,0.9999999999999999,wait:lane_lock,0,0,0,0,-1.0
1787201009.2337813,26.608579952873605,0.4737903225806452,111.47060218112851,0.0,0.0,0.0,0.0,0.9999999999999999,wait:lane_lock,0,0,0,0,-1.0
1787201009.2717419,26.044670553511978,0.4737903225806452,111.0993361782836,0.0,0.0,0.0,0.0,0.9999999999999999,wait:lane_lock,0,0,0,0,-1.0
1787201009.3074114,26.297078835860503,0.4737903225806452,112.8027501185398,0.0,0.0,0.0,0.0,0.9999999999999999,wait:lane_lock,0,0,0,0,-1.0
1787201009.3466065,26.639695104966535,0.4737903225806452,111.5362731152204,0.0,0.0,0.0,0.0,0.9999999999999999,wait:lane_lock,0,0,0,0,-1.0
1787201009.3854027,26.184473636076255,0.4737903225806452,110.60052157420596,0.0,0.0,0.0,0.0,0.9999999999999999,wait:lane_lock,0,0,0,0,-1.0
1787201009.4208605,26.36865136016178,0.4737903225806452,112.04480796586077,0.0,0.0,0.0,0.0,0.9999999999999999,wait:lane_lock,0,0,0,0,-1.0
1787201009.4608943,26.735986578216714,0.4737903225806452,111.15765765765785,0.0,0.0,0.0,0.0,0.9999999999999999,wait:lane_lock,0,0,0,0,-1.0
1787201009.498585,26.323335102640744,0.4737903225806452,111.94713134186816,0.0,0.0,0.0,0.0,0.9999999999999999,wait:lane_lock,0,0,0,0,-1.0
1787201009.5333757,26.419505082459118,0.4737903225806452,111.73304883831203,0.0,0.0,0.0,0.0,0.9999999999999999,wait:lane_lock,0,0,0,0,-1.0
1787201009.5727859,26.898434547013622,0.4737903225806452,111.4613560929351,0.0,0.0,0.0,0.0,0.9999999999999999,wait:lane_lock,0,0,0,0,-1.0
1787201009.6088023,26.59038618030265,0.467741935483871,110.95367542465063,0.0,0.0,0.0,0.0,0.9999999999999999,wait:lane_lock,0,0,0,0,-1.0
1787201009.6434755,26.833813610447066,0.4737903225806452,110.41204362256995,0.0,0.0,0.0,0.0,0.9999999999999999,wait:lane_lock,0,0,0,0,-1.0
1787201009.6846454,27.234451561537313,0.4798387096774194,112.67532005689947,0.0,0.0,0.0,0.0,0.9999999999999999,wait:lane_lock,0,0,0,0,-1.0
1787201009.7220461,26.629465685481932,0.4737903225806452,111.85822664770039,0.0,0.0,0.0,0.0,0.9999999999999999,wait:lane_lock,0,0,0,0,-1.0
1787201009.7576156,26.594488817619062,0.4737903225806452,111.47060218112851,0.0,0.0,0.0,0.0,0.9999999999999999,wait:lane_lock,0,0,0,0,-1.0
1787201009.7983327,26.98608402212105,0.4737903225806452,111.47060218112851,0.0,0.0,0.0,0.0,0.9999999999999999,wait:lane_lock,0,0,0,0,-1.0
1787201009.8346574,26.478025716516502,0.4737903225806452,111.31650071123747,0.0,0.0,0.0,0.0,0.9999999999999999,wait:lane_lock,0,0,0,0,-1.0
1787201009.870312,26.641177508356122,0.4737903225806452,111.4950213371268,0.0,0.0,0.0,0.0,0.9999999999999999,wait:lane_lock,0,0,0,0,-1.0
1787201009.910169,27.00046289765264,0.4737903225806452,112.8392603129447,0.0,0.0,0.0,0.0,0.9999999999999999,wait:lane_lock,0,0,0,0,-1.0
1787201009.9481316,26.563867642023286,0.4737903225806452,111.94713134186816,0.0,0.0,0.0,0.0,0.9999999999999999,wait:lane_lock,0,0,0,0,-1.0
1787201009.9829268,26.563361544208252,0.4737903225806452,112.11782835467032,0.0,0.0,0.0,0.0,0.9999999999999999,wait:lane_lock,0,0,0,0,-1.0
1787201010.0218394,27.01103002633849,0.4737903225806452,111.80630630630635,0.0,0.0,0.0,0.0,0.9999999999999999,wait:lane_lock,0,0,0,0,-1.0
1787201010.0580778,26.55334574564624,0.4798387096774194,112.50160028449547,0.0,0.0,0.0,0.0,0.9999999999999999,wait:lane_lock,0,0,0,0,-1.0
1787201010.0930529,27.01500155392374,0.4737903225806452,111.56235182550982,0.0,0.0,0.0,0.0,0.9999999999999999,wait:lane_lock,0,0,0,0,-1.0
1787201010.1344266,27.329977175722608,0.4737903225806452,111.31484115694657,0.0,0.0,0.0,0.0,0.9999999999999999,wait:lane_lock,0,0,0,0,-1.0
1787201010.1715481,26.680137399893447,0.4737903225806452,109.57847321005235,0.0,0.0,0.0,0.0,0.9999999999999999,wait:lane_lock,0,0,0,0,-1.0
1787201010.2062948,26.75410007264888,0.4737903225806452,111.75865339023242,0.0,0.0,0.0,0.0,0.9999999999999999,wait:lane_lock,0,0,0,0,-1.0
1787201010.2474864,27.159363821346666,0.4737903225806452,112.86107159791386,0.0,0.0,0.0,0.0,0.9999999999999999,wait:lane_lock,0,0,0,0,-1.0
1787201010.2846942,26.571124053064544,0.4737903225806452,111.2247510668564,0.0,0.0,0.0,0.0,0.9999999999999999,wait:lane_lock,0,0,0,0,-1.0
1787201010.319735,26.64651656506978,0.4737903225806452,112.04457088667637,0.0,0.0,0.0,0.0,0.9999999999999999,wait:lane_lock,0,0,0,0,-1.0
1787201010.3603308,27.02376854045422,0.4737903225806452,111.86605026078719,0.0,0.0,0.0,0.0,0.9999999999999999,wait:lane_lock,0,0,0,0,-1.0
1787201010.3993347,26.449359132538746,0.4737903225806452,112.02536747273604,0.0,0.0,0.0,0.0,0.9999999999999999,wait:lane_lock,0,0,0,0,-1.0
1787201010.4367414,26.26914085441462,0.4737903225806452,111.56590801327634,0.0,0.0,0.0,0.0,0.9999999999999999,wait:lane_lock,0,0,0,0,-1.0
1787201010.4770167,26.499179626808097,0.4737903225806452,112.26292081555268,0.0,0.0,0.0,0.0,0.9999999999999999,wait:lane_lock,0,0,0,0,-1.0
1787201010.5138118,26.022389409959736,0.4737903225806452,111.79634898055959,0.0,0.0,0.0,0.0,0.9999999999999999,wait:lane_lock,0,0,0,0,-1.0
1787201010.5484664,26.435169857656454,0.4737903225806452,110.45187292555735,0.0,0.0,0.0,0.0,0.9999999999999999,wait:lane_lock,0,0,0,0,-1.0
1787201010.5878732,26.91206483832503,0.4737903225806452,110.7726410621148,0.0,0.0,0.0,0.0,0.9999999999999999,wait:lane_lock,0,0,0,0,-1.0
1787201010.6256576,26.540777446375074,0.4798387096774194,112.12055476529196,0.0,0.0,0.0,0.0,0.9999999999999999,wait:lane_lock,0,0,0,0,-1.0
1787201010.661241,26.600818362017893,0.4737903225806452,110.63323850165953,0.0,0.0,0.0,0.0,0.9999999999999999,wait:lane_lock,0,0,0,0,-1.0
1787201010.700963,26.897247475152522,0.4737903225806452,112.3610715979139,0.0,0.0,0.0,0.0,0.9999999999999999,wait:lane_lock,0,0,0,0,-1.0
1787201010.7370954,26.515605317094792,0.4737903225806452,111.5673304883832,0.0,0.0,0.0,0.0,0.9999999999999999,wait:lane_lock,0,0,0,0,-1.0
1787201010.7720766,26.798283498594856,0.4737903225806452,111.47060218112851,0.0,0.0,0.0,0.0,0.9999999999999999,wait:lane_lock,0,0,0,0,-1.0
1787201010.8122597,27.162637279880666,0.4737903225806452,111.27785680417279,0.0,0.0,0.0,0.0,0.9999999999999999,wait:lane_lock,0,0,0,0,-1.0
1787201010.8506691,26.553834057386542,0.4737903225806452,110.94215267899482,0.0,0.0,0.0,0.0,0.9999999999999999,wait:lane_lock,0,0,0,0,-1.0
1787201010.8853922,26.62698688315706,0.4737903225806452,111.27785680417279,0.0,0.0,0.0,0.0,0.9999999999999999,wait:lane_lock,0,0,0,0,-1.0
1787201010.9255567,27.06196480648476,0.4737903225806452,111.23352299668102,0.0,0.0,0.0,0.0,0.9999999999999999,wait:lane_lock,0,0,0,0,-1.0
1787201010.9623911,26.61701164336685,0.4737903225806452,111.0075865339023,0.0,0.0,0.0,0.0,0.9999999999999999,wait:lane_lock,0,0,0,0,-1.0
1787201010.9975708,26.726508862685673,0.4737903225806452,111.51896633475593,0.0,0.0,0.0,0.0,0.9999999999999999,wait:lane_lock,0,0,0,0,-1.0
1787201011.0371072,27.064645051777028,0.4737903225806452,111.87743006164051,0.0,0.0,0.0,0.0,0.9999999999999999,wait:lane_lock,0,0,0,0,-1.0
1787201011.0744991,26.63825003105286,0.4737903225806452,111.74395448079672,0.0,0.0,0.0,0.0,0.9999999999999999,wait:lane_lock,0,0,0,0,-1.0
1787201011.1092756,26.755957280565738,0.4737903225806452,111.53651019440495,0.0,0.0,0.0,0.0,0.9999999999999999,wait:lane_lock,0,0,0,0,-1.0
1787201011.150034,27.15626290321162,0.4737903225806452,111.89805595068782,0.0,0.0,0.0,0.0,0.9999999999999999,wait:lane_lock,0,0,0,0,-1.0
1787201011.187035,26.612930317085173,0.4737903225806452,112.04457088667637,0.0,0.0,0.0,0.0,0.9999999999999999,wait:lane_lock,0,0,0,0,-1.0
1787201011.2219439,26.711431986791226,0.4737903225806452,112.01967757230943,0.0,0.0,0.0,0.0,0.9999999999999999,wait:lane_lock,0,0,0,0,-1.0
1787201011.2628837,27.01804481104055,0.4737903225806452,111.22309151256529,0.0,0.0,0.0,0.0,0.9999999999999999,wait:lane_lock,0,0,0,0,-1.0
1787201011.300426,26.540947808904384,0.4737903225806452,111.31650071123747,0.0,0.0,0.0,0.0,0.9999999999999999,wait:lane_lock,0,0,0,0,-1.0
1787201011.3359199,26.58922795862305,0.4737903225806452,111.92081555239463,0.0,0.0,0.0,0.0,0.9999999999999999,wait:lane_lock,0,0,0,0,-1.0
1787201011.3761926,26.90608229152866,0.4737903225806452,110.81412991939314,0.0,0.0,0.0,0.0,0.9999999999999999,wait:lane_lock,0,0,0,0,-1.0
1787201011.4137292,26.484439849454333,0.4737903225806452,111.03888098624947,0.0,0.0,0.0,0.0,0.9999999999999999,wait:lane_lock,0,0,0,0,-1.0
1787201011.4493365,26.50539582249278,0.4737903225806452,111.0075865339023,0.0,0.0,0.0,0.0,0.9999999999999999,wait:lane_lock,0,0,0,0,-1.0
1787201011.4898663,26.840348009313725,0.4737903225806452,111.65765765765781,0.0,0.0,0.0,0.0,0.9999999999999999,wait:lane_lock,0,0,0,0,-1.0
1787201011.5309339,26.35769845269079,0.4737903225806452,112.50758653390254,0.0,0.0,0.0,0.0,0.9999999999999999,wait:lane_lock,0,0,0,0,-1.0
1787201011.5657265,25.998471643864676,0.4798387096774194,111.10366287340004,0.0,0.0,0.0,0.0,0.9999999999999999,wait:lane_lock,0,0,0,0,-1.0
1787201011.6054626,26.556147072239874,0.4737903225806452,110.71526789947862,0.0,0.0,0.0,0.0,0.9999999999999999,wait:lane_lock,0,0,0,0,-1.0
1787201011.6419382,26.24426049416797,0.4737903225806452,111.47060218112851,0.0,0.0,0.0,0.0,0.9999999999999999,wait:lane_lock,0,0,0,0,-1.0
1787201011.6767585,26.520868763572583,0.4798387096774194,112.60704125177828,0.0,0.0,0.0,0.0,0.9999999999999999,wait:lane_lock,0,0,0,0,-1.0
1787201011.7177534,26.940082874159728,0.4737903225806452,111.7501185395922,0.0,0.0,0.0,0.0,0.9999999999999999,wait:lane_lock,0,0,0,0,-1.0
1787201011.7565532,26.430069988022463,0.4737903225806452,112.48269321953559,0.0,0.0,0.0,0.0,0.9999999999999999,wait:lane_lock,0,0,0,0,-1.0
1787201011.7928038,26.3127902240059,0.4737903225806452,111.34115694642013,0.0,0.0,0.0,0.0,0.9999999999999999,wait:lane_lock,0,0,0,0,-1.0
1787201011.8345895,26.5637602543771,0.4798387096774194,113.43029871977274,0.0,0.0,0.0,0.0,0.9999999999999999,wait:lane_lock,0,0,0,0,-1.0
1787201011.8717957,26.009781805685556,0.4737903225806452,110.60834518729271,0.0,0.0,0.0,0.0,0.9999999999999999,wait:lane_lock,0,0,0,0,-1.0
1787201011.9071507,26.22510450075232,0.4737903225806452,112.04457088667637,0.0,0.0,0.0,0.0,0.9999999999999999,wait:lane_lock,0,0,0,0,-1.0
1787201011.9471657,26.627504018505288,0.4798387096774194,111.72083926031324,0.0,0.0,0.0,0.0,0.9999999999999999,wait:lane_lock,0,0,0,0,-1.0
1787201011.9845986,26.217976088160718,0.4737903225806452,111.34115694642013,0.0,0.0,0.0,0.0,0.9999999999999999,wait:lane_lock,0,0,0,0,-1.0
1787201012.0213442,26.338258123453112,0.4737903225806452,111.60028449502155,0.0,0.0,0.0,0.0,0.9999999999999999,wait:lane_lock,0,0,0,0,-1.0
1787201012.0640094,26.597546170640626,0.4737903225806452,111.47842579421534,0.0,0.0,0.0,0.0,0.9999999999999999,wait:lane_lock,0,0,0,0,-1.0
1787201012.1009192,25.94008180729954,0.4737903225806452,113.8975817923187,0.0,0.0,0.0,0.0,0.9999999999999999,wait:lane_lock,0,0,0,0,-1.0
1787201012.1364412,26.207549690038885,0.4737903225806452,112.55168326220965,0.0,0.0,0.0,0.0,0.9999999999999999,wait:lane_lock,0,0,0,0,-1.0
1787201012.1761293,26.596625046294694,0.4737903225806452,112.49976292081564,0.0,0.0,0.0,0.0,0.9999999999999999,wait:lane_lock,0,0,0,0,-1.0
1787201012.2135496,26.225262072907636,0.4737903225806452,112.31436699857764,0.0,0.0,0.0,0.0,0.9999999999999999,wait:lane_lock,0,0,0,0,-1.0
1787201012.2490096,26.4234211095431,0.4737903225806452,111.56235182550982,0.0,0.0,0.0,0.0,0.9999999999999999,wait:lane_lock,0,0,0,0,-1.0
1787201012.2888243,26.787129263372755,0.4737903225806452,112.67899478425824,0.0,0.0,0.0,0.0,0.9999999999999999,wait:lane_lock,0,0,0,0,-1.0
1787201012.3291476,26.30773196521858,0.4737903225806452,111.31484115694657,0.0,0.0,0.0,0.0,0.9999999999999999,wait:lane_lock,0,0,0,0,-1.0
1787201012.3642786,26.14763204395056,0.4737903225806452,110.99952584163121,0.0,0.0,0.0,0.0,0.9999999999999999,wait:lane_lock,0,0,0,0,-1.0
1787201012.4042144,26.614679724049168,0.4737903225806452,112.27785680417271,0.0,0.0,0.0,0.0,0.9999999999999999,wait:lane_lock,0,0,0,0,-1.0
1787201012.4448555,26.26103492650973,0.4737903225806452,112.06235182550982,0.0,0.0,0.0,0.0,0.9999999999999999,wait:lane_lock,0,0,0,0,-1.0
1787201012.4800463,25.961180490662684,0.4737903225806452,113.14201043148447,0.0,0.0,0.0,0.0,0.9999999999999999,wait:lane_lock,0,0,0,0,-1.0
1787201012.5196333,26.459971529315904,0.4737903225806452,112.42176386913235,0.0,0.0,0.0,0.0,0.9999999999999999,wait:lane_lock,0,0,0,0,-1.0
1787201012.556343,26.221255068765633,0.4737903225806452,111.43504030346159,0.0,0.0,0.0,0.0,0.9999999999999999,wait:lane_lock,0,0,0,0,-1.0
1787201012.59121,26.432829247758605,0.4737903225806452,111.56235182550982,0.0,0.0,0.0,0.0,0.9999999999999999,wait:lane_lock,0,0,0,0,-1.0
1787201012.6317286,26.87281768239295,0.4737903225806452,111.0075865339023,0.0,0.0,0.0,0.0,0.9999999999999999,wait:lane_lock,0,0,0,0,-1.0
1787201012.6687932,26.386199107456505,0.4737903225806452,110.7968231389286,0.0,0.0,0.0,0.0,0.9999999999999999,wait:lane_lock,0,0,0,0,-1.0
1787201012.7039611,26.572407329753,0.4737903225806452,111.56235182550982,0.0,0.0,0.0,0.0,0.9999999999999999,wait:lane_lock,0,0,0,0,-1.0
1787201012.7437723,26.944469531111597,0.4737903225806452,111.7036510194407,0.0,0.0,0.0,0.0,0.9999999999999999,wait:lane_lock,0,0,0,0,-1.0
1787201012.7802246,26.425104629913964,0.4737903225806452,112.0097202465626,0.0,0.0,0.0,0.0,0.9999999999999999,wait:lane_lock,0,0,0,0,-1.0
1787201012.8147373,26.809742561409283,0.4737903225806452,111.48909435751558,0.0,0.0,0.0,0.0,0.9999999999999999,wait:lane_lock,0,0,0,0,-1.0
1787201012.8556216,27.25600382587361,0.4798387096774194,111.0921052631583,0.0,0.0,0.0,0.0,0.9999999999999999,wait:lane_lock,0,0,0,0,-1.0
1787201012.8923812,26.598388629626324,0.4737903225806452,111.71384542437197,0.0,0.0,0.0,0.0,0.9999999999999999,wait:lane_lock,0,0,0,0,-1.0
1787201012.9278944,26.845996885457772,0.4737903225806452,111.32693219535341,0.0,0.0,0.0,0.0,0.9999999999999999,wait:lane_lock,0,0,0,0,-1.0
1787201012.967639,27.103735935918095,0.4737903225806452,111.28046467520171,0.0,0.0,0.0,0.0,0.9999999999999999,wait:lane_lock,0,0,0,0,-1.0
1787201013.0040307,26.70881887703179,0.4737903225806452,112.14343290659079,0.0,0.0,0.0,0.0,0.9999999999999999,wait:lane_lock,0,0,0,0,-1.0
1787201013.039014,26.876343196651362,0.4737903225806452,109.74608819345674,0.0,0.0,0.0,0.0,0.9999999999999999,wait:lane_lock,0,0,0,0,-1.0
1787201013.0791554,27.212637651060096,0.4737903225806452,110.84352773826491,0.0,0.0,0.0,0.0,0.9999999999999999,wait:lane_lock,0,0,0,0,-1.0
1787201013.1155307,26.736611935248618,0.4737903225806452,112.1816026552871,0.0,0.0,0.0,0.0,0.9999999999999999,wait:lane_lock,0,0,0,0,-1.0
1787201013.1541724,26.90986444099203,0.4737903225806452,111.48103366524442,0.0,0.0,0.0,0.0,0.9999999999999999,wait:lane_lock,0,0,0,0,-1.0
1787201013.1976066,26.69238506085763,0.4737903225806452,112.90018966334765,0.0,0.0,0.0,0.0,0.9999999999999999,wait:lane_lock,0,0,0,0,-1.0
1787201013.2337801,25.95839547161126,0.4798387096774194,113.11610953058343,0.0,0.0,0.0,0.0,0.9999999999999999,wait:lane_lock,0,0,0,0,-1.0
1787201013.2684999,26.310196231915718,0.4737903225806452,112.12849691797076,0.0,0.0,0.0,0.0,0.9999999999999999,wait:lane_lock,0,0,0,0,-1.0
1787201013.3080895,26.808687747015043,0.4737903225806452,112.36818397344722,0.0,0.0,0.0,0.0,0.9999999999999999,wait:lane_lock,0,0,0,0,-1.0
1787201013.3461428,26.44070824973825,0.4798387096774194,110.08517069701306,0.0,0.0,0.0,0.0,0.9999999999999999,wait:lane_lock,0,0,0,0,-1.0
1787201013.3813555,26.464701680996853,0.4737903225806452,109.98364153627342,0.0,0.0,0.0,0.0,0.9999999999999999,wait:lane_lock,0,0,0,0,-1.0
1787201013.4221716,26.8334703265697,0.4737903225806452,111.06472261735429,0.0,0.0,0.0,0.0,0.9999999999999999,wait:lane_lock,0,0,0,0,-1.0
1787201013.459506,26.34095339962466,0.4737903225806452,112.7382645803699,0.0,0.0,0.0,0.0,0.9999999999999999,wait:lane_lock,0,0,0,0,-1.0
1787201013.495605,26.456033280504908,0.4737903225806452,111.69962067330498,0.0,0.0,0.0,0.0,0.9999999999999999,wait:lane_lock,0,0,0,0,-1.0
1787201013.5372088,26.63920235807329,0.4737903225806452,111.9440493124706,0.0,0.0,0.0,0.0,0.9999999999999999,wait:lane_lock,0,0,0,0,-1.0
1787201013.5753725,26.051244476721713,0.4798387096774194,111.54054054054073,0.0,0.0,0.0,0.0,0.9999999999999999,wait:lane_lock,0,0,0,0,-1.0
1787201013.6102219,26.24193834835247,0.4737903225806452,112.3639165481272,0.0,0.0,0.0,0.0,0.9999999999999999,wait:lane_lock,0,0,0,0,-1.0
1787201013.6499906,26.740038396649712,0.4737903225806452,111.19606448553846,0.0,0.0,0.0,0.0,0.9999999999999999,wait:lane_lock,0,0,0,0,-1.0
1787201013.6876986,26.373460569514144,0.4737903225806452,110.76173541963037,0.0,0.0,0.0,0.0,0.9999999999999999,wait:lane_lock,0,0,0,0,-1.0
1787201013.723805,26.461065054306488,0.4737903225806452,111.85538169748698,0.0,0.0,0.0,0.0,0.9999999999999999,wait:lane_lock,0,0,0,0,-1.0
1787201013.7650714,26.711115864804235,0.4737903225806452,111.405168326221,0.0,0.0,0.0,0.0,0.9999999999999999,wait:lane_lock,0,0,0,0,-1.0
1787201013.801907,26.15987059054962,0.4737903225806452,111.09625414888582,0.0,0.0,0.0,0.0,0.9999999999999999,wait:lane_lock,0,0,0,0,-1.0
1787201013.836844,26.42907880031134,0.4737903225806452,112.04457088667637,0.0,0.0,0.0,0.0,0.9999999999999999,wait:lane_lock,0,0,0,0,-1.0
1787201013.8765905,26.868160915925795,0.4798387096774194,113.31721194879137,0.0,0.0,0.0,0.0,0.9999999999999999,wait:lane_lock,0,0,0,0,-1.0
1787201013.9138796,26.32299621821343,0.4737903225806452,111.44570886676149,0.0,0.0,0.0,0.0,0.9999999999999999,wait:lane_lock,0,0,0,0,-1.0
1787201013.9486206,26.66481300191908,0.4737903225806452,111.7408724513989,0.0,0.0,0.0,0.0,0.9999999999999999,wait:lane_lock,0,0,0,0,-1.0
1787201013.988661,27.099276853577894,0.4737903225806452,111.44428639165494,0.0,0.0,0.0,0.0,0.9999999999999999,wait:lane_lock,0,0,0,0,-1.0
1787201014.0253718,26.62186829601632,0.4737903225806452,112.01280227596013,0.0,0.0,0.0,0.0,0.9999999999999999,wait:lane_lock,0,0,0,0,-1.0
1787201014.0607061,26.800182658647724,0.4798387096774194,112.32325746799475,0.0,0.0,0.0,0.0,0.9999999999999999,wait:lane_lock,0,0,0,0,-1.0
1787201014.1006029,27.088089803823458,0.4737903225806452,112.82195353247994,0.0,0.0,0.0,0.0,0.9999999999999999,wait:lane_lock,0,0,0,0,-1.0
1787201014.1367877,26.648698572801965,0.4737903225806452,110.81768610716006,0.0,0.0,0.0,0.0,0.9999999999999999,wait:lane_lock,0,0,0,0,-1.0
1787201014.1721113,26.909531587258492,0.4737903225806452,111.99762920815576,0.0,0.0,0.0,0.0,0.9999999999999999,wait:lane_lock,0,0,0,0,-1.0
1787201014.2129312,27.190979308553757,0.4737903225806452,111.5673304883832,0.0,0.0,0.0,0.0,0.9999999999999999,wait:lane_lock,0,0,0,0,-1.0
1787201014.250103,26.64116387898558,0.4737903225806452,112.18136557610262,0.0,0.0,0.0,0.0,0.9999999999999999,wait:lane_lock,0,0,0,0,-1.0
1787201014.2863576,26.629663047361554,0.4737903225806452,111.82147937411114,0.0,0.0,0.0,0.0,0.9999999999999999,wait:lane_lock,0,0,0,0,-1.0
1787201014.3271136,26.900838613594075,0.4737903225806452,112.22522522522534,0.0,0.0,0.0,0.0,0.9999999999999999,wait:lane_lock,0,0,0,0,-1.0
1787201014.3643048,26.34378917720216,0.4737903225806452,112.2671882408726,0.0,0.0,0.0,0.0,0.9999999999999999,wait:lane_lock,0,0,0,0,-1.0
1787201014.3996413,26.55781768171377,0.467741935483871,110.68871991186221,0.0,0.0,0.0,0.0,0.9999999999999999,wait:lane_lock,0,0,0,0,-1.0
1787201014.4394603,26.908088464753327,0.4737903225806452,112.10573731626393,0.0,0.0,0.0,0.0,0.9999999999999999,wait:lane_lock,0,0,0,0,-1.0
1787201014.480033,26.54275463247935,0.4737903225806452,112.52536747273598,0.0,0.0,0.0,0.0,0.9999999999999999,wait:lane_lock,0,0,0,0,-1.0
1787201014.5161622,26.167177418949173,0.4737903225806452,111.45614035087738,0.0,0.0,0.0,0.0,0.9999999999999999,wait:lane_lock,0,0,0,0,-1.0
1787201014.5590296,26.462909844053506,0.4737903225806452,112.44144144144155,0.0,0.0,0.0,0.0,0.9999999999999999,wait:lane_lock,0,0,0,0,-1.0
1787201014.5967274,25.798908467083375,0.4737903225806452,114.78568041725944,0.0,0.0,0.0,0.0,0.9999999999999999,wait:lane_lock,0,0,0,0,-1.0
1787201014.632399,25.997352853621663,0.4737903225806452,111.24585111427221,0.0,0.0,0.0,0.0,0.9999999999999999,wait:lane_lock,0,0,0,0,-1.0
1787201014.6728866,26.409066337841693,0.4737903225806452,111.09625414888582,0.0,0.0,0.0,0.0,0.9999999999999999,wait:lane_lock,0,0,0,0,-1.0
1787201014.7111135,26.03414239195038,0.4798387096774194,112.92300853485105,0.0,0.0,0.0,0.0,0.9999999999999999,wait:lane_lock,0,0,0,0,-1.0
1787201014.746227,26.065806092162553,0.4737903225806452,111.79682313892866,0.0,0.0,0.0,0.0,0.9999999999999999,wait:lane_lock,0,0,0,0,-1.0
1787201014.788306,26.582121230533772,0.4798387096774194,113.03929587482236,0.0,0.0,0.0,0.0,0.9999999999999999,wait:lane_lock,0,0,0,0,-1.0
1787201014.8283863,25.990834885792623,0.4737903225806452,111.98506401137989,0.0,0.0,0.0,0.0,0.9999999999999999,wait:lane_lock,0,0,0,0,-1.0
1787201014.8643904,25.80963994878492,0.4737903225806452,111.15765765765785,0.0,0.0,0.0,0.0,0.9999999999999999,wait:lane_lock,0,0,0,0,-1.0
1787201014.9047434,26.20392947615641,0.4737903225806452,112.62067330488391,0.0,0.0,0.0,0.0,0.9999999999999999,wait:lane_lock,0,0,0,0,-1.0
1787201014.9444559,25.873640927884466,0.4737903225806452,111.96348980559513,0.0,0.0,0.0,0.0,0.9999999999999999,wait:lane_lock,0,0,0,0,-1.0
1787201014.9799109,25.770169349233417,0.4737903225806452,112.85917496443835,0.0,0.0,0.0,0.0,0.9999999999999999,wait:lane_lock,0,0,0,0,-1.0
1787201015.020736,26.271357409522846,0.4737903225806452,112.18349928876265,0.0,0.0,0.0,0.0,0.9999999999999999,wait:lane_lock,0,0,0,0,-1.0
1787201015.0586452,25.757922299811014,0.4737903225806452,112.77524893314373,0.0,0.0,0.0,0.0,0.9999999999999999,wait:lane_lock,0,0,0,0,-1.0
1787201015.0943499,26.060558817833385,0.4737903225806452,112.37766714082504,0.0,0.0,0.0,0.0,0.9999999999999999,wait:lane_lock,0,0,0,0,-1.0
1787201015.1349664,26.45982789977314,0.4737903225806452,111.9371740161215,0.0,0.0,0.0,0.0,0.9999999999999999,wait:lane_lock,0,0,0,0,-1.0
1787201015.1730464,26.072000397200362,0.4737903225806452,112.36818397344722,0.0,0.0,0.0,0.0,0.9999999999999999,wait:lane_lock,0,0,0,0,-1.0
1787201015.2090926,26.148093634566887,0.4737903225806452,111.2529634898057,0.0,0.0,0.0,0.0,0.9999999999999999,wait:lane_lock,0,0,0,0,-1.0
1787201015.2493935,26.454530016654065,0.4737903225806452,111.70886676149844,0.0,0.0,0.0,0.0,0.9999999999999999,wait:lane_lock,0,0,0,0,-1.0
1787201015.28662,26.080572572738483,0.4737903225806452,112.04457088667637,0.0,0.0,0.0,0.0,0.9999999999999999,wait:lane_lock,0,0,0,0,-1.0
1787201015.3221629,26.303359748151326,0.4737903225806452,111.24585111427221,0.0,0.0,0.0,0.0,0.9999999999999999,wait:lane_lock,0,0,0,0,-1.0
1787201015.3631217,26.6702939077309,0.4737903225806452,112.33617828354684,0.0,0.0,0.0,0.0,0.9999999999999999,wait:lane_lock,0,0,0,0,-1.0
1787201015.401655,26.113016719429627,0.4737903225806452,110.43693693693697,0.0,0.0,0.0,0.0,0.9999999999999999,wait:lane_lock,0,0,0,0,-1.0
1787201015.4370613,26.20687297497461,0.4737903225806452,110.67449027975354,0.0,0.0,0.0,0.0,0.9999999999999999,wait:lane_lock,0,0,0,0,-1.0
1787201015.4783719,26.61290205389779,0.4737903225806452,112.67923186344262,0.0,0.0,0.0,0.0,0.9999999999999999,wait:lane_lock,0,0,0,0,-1.0
1787201015.5150638,26.10007058095961,0.4737903225806452,111.82337600758666,0.0,0.0,0.0,0.0,0.9999999999999999,wait:lane_lock,0,0,0,0,-1.0
1787201015.5505292,26.36516103253811,0.4737903225806452,111.94713134186816,0.0,0.0,0.0,0.0,0.9999999999999999,wait:lane_lock,0,0,0,0,-1.0
1787201015.5917597,26.7390509541708,0.4737903225806452,111.7408724513989,0.0,0.0,0.0,0.0,0.9999999999999999,wait:lane_lock,0,0,0,0,-1.0
1787201015.6295946,26.205138138468755,0.4737903225806452,111.34115694642013,0.0,0.0,0.0,0.0,0.9999999999999999,wait:lane_lock,0,0,0,0,-1.0
1787201015.6643436,26.291131679146318,0.4737903225806452,112.86107159791386,0.0,0.0,0.0,0.0,0.9999999999999999,wait:lane_lock,0,0,0,0,-1.0
1787201015.7040694,26.786324003118906,0.467741935483871,111.64514266588559,0.0,0.0,0.0,0.0,0.9999999999999999,wait:lane_lock,0,0,0,0,-1.0
1787201015.7403884,26.382261225938652,0.4798387096774194,112.16162873399757,0.0,0.0,0.0,0.0,0.9999999999999999,wait:lane_lock,0,0,0,0,-1.0
1787201015.7747858,26.71547663711656,0.4737903225806452,110.56140350877196,0.0,0.0,0.0,0.0,0.9999999999999999,wait:lane_lock,0,0,0,0,-1.0
1787201015.8153543,27.070967256878458,0.4798387096774194,112.18136557610273,0.0,0.0,0.0,0.0,0.9999999999999999,wait:lane_lock,0,0,0,0,-1.0
1787201015.8523133,26.642563059677965,0.4737903225806452,111.48103366524442,0.0,0.0,0.0,0.0,0.9999999999999999,wait:lane_lock,0,0,0,0,-1.0
1787201015.8905344,26.764895868425633,0.4737903225806452,112.2503556187768,0.0,0.0,0.0,0.0,0.9999999999999999,wait:lane_lock,0,0,0,0,-1.0
1787201015.9323564,26.633157233811776,0.4737903225806452,110.82171645329566,0.0,0.0,0.0,0.0,0.9999999999999999,wait:lane_lock,0,0,0,0,-1.0
1787201015.970878,26.06619577057317,0.4737903225806452,111.89805595068782,0.0,0.0,0.0,0.0,0.9999999999999999,wait:lane_lock,0,0,0,0,-1.0
1787201016.0054073,26.07878040095492,0.4737903225806452,111.67686107159803,0.0,0.0,0.0,0.0,0.9999999999999999,wait:lane_lock,0,0,0,0,-1.0
1787201016.0457644,26.660754445648454,0.4737903225806452,112.9883831199623,0.0,0.0,0.0,0.0,0.9999999999999999,wait:lane_lock,0,0,0,0,-1.0
1787201016.0826664,26.264855685859644,0.4737903225806452,112.04457088667637,0.0,0.0,0.0,0.0,0.9999999999999999,wait:lane_lock,0,0,0,0,-1.0
1787201016.1176631,26.453946358690878,0.4737903225806452,111.93954480796604,0.0,0.0,0.0,0.0,0.9999999999999999,wait:lane_lock,0,0,0,0,-1.0
1787201016.1578233,26.878537051574206,0.4737903225806452,112.07112375533437,0.0,0.0,0.0,0.0,0.9999999999999999,wait:lane_lock,0,0,0,0,-1.0
1787201016.1951113,26.46651950533853,0.4737903225806452,112.52418207681377,0.0,0.0,0.0,0.0,0.9999999999999999,wait:lane_lock,0,0,0,0,-1.0
1787201016.230143,26.54122412545681,0.4737903225806452,111.89805595068782,0.0,0.0,0.0,0.0,0.9999999999999999,wait:lane_lock,0,0,0,0,-1.0
1787201016.2702622,26.955642011821322,0.4737903225806452,111.06756756756761,0.0,0.0,0.0,0.0,0.9999999999999999,wait:lane_lock,0,0,0,0,-1.0
1787201016.3085039,26.376335871816394,0.4737903225806452,112.60644855381706,0.0,0.0,0.0,0.0,0.9999999999999999,wait:lane_lock,0,0,0,0,-1.0
1787201016.343091,26.532500201472168,0.4737903225806452,111.43504030346159,0.0,0.0,0.0,0.0,0.9999999999999999,wait:lane_lock,0,0,0,0,-1.0
1787201016.3833241,27.00400555384152,0.4737903225806452,112.04599336178295,0.0,0.0,0.0,0.0,0.9999999999999999,wait:lane_lock,0,0,0,0,-1.0
1787201016.4202278,26.392001378278845,0.4737903225806452,112.63987671882434,0.0,0.0,0.0,0.0,0.9999999999999999,wait:lane_lock,0,0,0,0,-1.0
1787201016.454808,26.7800222338184,0.4737903225806452,111.61071597913724,0.0,0.0,0.0,0.0,0.9999999999999999,wait:lane_lock,0,0,0,0,-1.0
1787201016.4950962,27.206869786149277,0.4737903225806452,111.50047415836909,0.0,0.0,0.0,0.0,0.9999999999999999,wait:lane_lock,0,0,0,0,-1.0
1787201016.5332606,26.645197995325322,0.4737903225806452,111.96348980559513,0.0,0.0,0.0,0.0,0.9999999999999999,wait:lane_lock,0,0,0,0,-1.0
1787201016.5713472,26.582157852011076,0.4737903225806452,113.08108108108127,0.0,0.0,0.0,0.0,0.9999999999999999,wait:lane_lock,0,0,0,0,-1.0
1787201016.6144829,26.573983971832753,0.467741935483871,110.68871991186221,0.0,0.0,0.0,0.0,0.9999999999999999,wait:lane_lock,0,0,0,0,-1.0
1787201016.6511621,25.87956407454582,0.4798387096774194,113.63193456614539,0.0,0.0,0.0,0.0,0.9999999999999999,wait:lane_lock,0,0,0,0,-1.0
1787201016.687784,26.1869856654123,0.4737903225806452,111.2529634898057,0.0,0.0,0.0,0.0,0.9999999999999999,wait:lane_lock,0,0,0,0,-1.0
1787201016.7293718,26.418662382693366,0.4737903225806452,111.73873873873886,0.0,0.0,0.0,0.0,0.9999999999999999,wait:lane_lock,0,0,0,0,-1.0
1787201016.7716248,25.923529858632325,0.4737903225806452,113.05737316263645,0.0,0.0,0.0,0.0,0.9999999999999999,wait:lane_lock,0,0,0,0,-1.0
1787201016.8103397,25.398984689490906,0.4737903225806452,112.0239449976292,0.0,0.0,0.0,0.0,0.9999999999999999,wait:lane_lock,0,0,0,0,-1.0
1787201016.8510985,25.59067417870069,0.4737903225806452,110.94215267899482,0.0,0.0,0.0,0.0,0.9999999999999999,wait:lane_lock,0,0,0,0,-1.0
1787201016.8875465,25.268897027314818,0.4737903225806452,112.66358463726885,0.0,0.0,0.0,0.0,0.9999999999999999,wait:lane_lock,0,0,0,0,-1.0
1787201016.9220595,25.857442892922307,0.4737903225806452,112.28639165481277,0.0,0.0,0.0,0.0,0.9999999999999999,wait:lane_lock,0,0,0,0,-1.0
1787201016.9657943,26.479546861689755,0.4737903225806452,111.70886676149844,0.0,0.0,0.0,0.0,0.9999999999999999,wait:lane_lock,0,0,0,0,-1.0
1787201017.0062196,25.716374308476357,0.4737903225806452,112.2671882408726,0.0,0.0,0.0,0.0,0.9999999999999999,wait:lane_lock,0,0,0,0,-1.0
1787201017.0424376,25.56393029235636,0.4737903225806452,112.67899478425824,0.0,0.0,0.0,0.0,0.9999999999999999,wait:lane_lock,0,0,0,0,-1.0
1787201017.0851579,25.970274906777473,0.4737903225806452,111.47415836889539,0.0,0.0,0.0,0.0,0.9999999999999999,wait:lane_lock,0,0,0,0,-1.0
1787201017.1221194,25.42768733314795,0.4737903225806452,112.22048364153639,0.0,0.0,0.0,0.0,0.9999999999999999,wait:lane_lock,0,0,0,0,-1.0
1787201017.158099,25.803158076775695,0.4737903225806452,111.38027501185411,0.0,0.0,0.0,0.0,0.9999999999999999,wait:lane_lock,0,0,0,0,-1.0
1787201017.199923,26.183558510223016,0.4737903225806452,112.99288762446668,0.0,0.0,0.0,0.0,0.9999999999999999,wait:lane_lock,0,0,0,0,-1.0
1787201017.237467,25.70222571830592,0.4737903225806452,111.7408724513989,0.0,0.0,0.0,0.0,0.9999999999999999,wait:lane_lock,0,0,0,0,-1.0
1787201017.2727673,25.939592427444715,0.4737903225806452,112.33926031294453,0.0,0.0,0.0,0.0,0.9999999999999999,wait:lane_lock,0,0,0,0,-1.0
1787201017.320154,26.401470776672795,0.4737903225806452,112.04457088667637,0.0,0.0,0.0,0.0,0.9999999999999999,wait:lane_lock,0,0,0,0,-1.0
1787201017.3619325,25.295087283869467,0.4737903225806452,111.64272166903766,0.0,0.0,0.0,0.0,0.9999999999999999,wait:lane_lock,0,0,0,0,-1.0
1787201017.4002728,25.089497877341415,0.4737903225806452,112.70388809862507,0.0,0.0,0.0,0.0,0.9999999999999999,wait:lane_lock,0,0,0,0,-1.0
1787201017.4427576,25.291681716723023,0.4737903225806452,111.01801801801828,0.0,0.0,0.0,0.0,0.9999999999999999,wait:lane_lock,0,0,0,0,-1.0
1787201017.4815297,24.851477457638794,0.4737903225806452,112.22166903745862,0.0,0.0,0.0,0.0,0.9999999999999999,wait:lane_lock,0,0,0,0,-1.0
1787201017.5181315,25.155513949550343,0.4798387096774194,112.87500000000051,0.0,0.0,0.0,0.0,0.9999999999999999,wait:lane_lock,0,0,0,0,-1.0
1787201017.5646052,25.579585149402586,0.4737903225806452,112.56661925083007,0.0,0.0,0.0,0.0,0.9999999999999999,wait:lane_lock,0,0,0,0,-1.0
1787201017.6051598,24.59726651571851,0.4737903225806452,112.06116642958759,0.0,0.0,0.0,0.0,0.9999999999999999,wait:lane_lock,0,0,0,0,-1.0
1787201017.6449597,24.854037242036142,0.4737903225806452,112.72830725462303,0.0,0.0,0.0,0.0,0.9999999999999999,wait:lane_lock,0,0,0,0,-1.0
1787201017.691062,24.90348136295829,0.4737903225806452,111.47060218112851,0.0,0.0,0.0,0.0,0.9999999999999999,wait:lane_lock,0,0,0,0,-1.0
1787201017.7313807,24.196469351727167,0.4737903225806452,111.68776671408258,0.0,0.0,0.0,0.0,0.9999999999999999,wait:lane_lock,0,0,0,0,-1.0
1787201017.7721298,24.40920992049842,0.4737903225806452,111.66761498340456,0.0,0.0,0.0,0.0,0.9999999999999999,wait:lane_lock,0,0,0,0,-1.0
1787201017.8199248,24.411545048761297,0.4737903225806452,111.54741583688956,0.0,0.0,0.0,0.0,0.9999999999999999,wait:lane_lock,0,0,0,0,-1.0
1787201017.862122,23.676307533678298,0.4737903225806452,111.23352299668102,0.0,0.0,0.0,0.0,0.9999999999999999,wait:lane_lock,0,0,0,0,-1.0
1787201017.9009557,23.748855871720245,0.4737903225806452,111.81650071123744,0.0,0.0,0.0,0.0,0.9999999999999999,wait:lane_lock,0,0,0,0,-1.0
1787201017.943556,24.16256420200509,0.4798387096774194,112.70376955903313,0.0,0.0,0.0,0.0,0.9999999999999999,wait:lane_lock,0,0,0,0,-1.0
1787201017.9822254,24.012636476373192,0.4737903225806452,111.64698909435758,0.0,0.0,0.0,0.0,0.9999999999999999,wait:lane_lock,0,0,0,0,-1.0
1787201018.0177941,24.395903082458922,0.4737903225806452,111.56235182550982,0.0,0.0,0.0,0.0,0.9999999999999999,wait:lane_lock,0,0,0,0,-1.0
1787201018.0590572,25.140454999668027,0.467741935483871,111.36954996792481,0.0,0.0,0.0,0.0,0.9999999999999999,wait:lane_lock,0,0,0,0,-1.0
1787201018.0977738,24.925706199238537,0.4737903225806452,111.405168326221,0.0,0.0,0.0,0.0,0.9999999999999999,wait:lane_lock,0,0,0,0,-1.0
1787201018.1359737,25.137293078577216,0.4737903225806452,111.68776671408258,0.0,0.0,0.0,0.0,0.9999999999999999,wait:lane_lock,0,0,0,0,-1.0
1787201018.1779008,25.269158384029407,0.4798387096774194,111.25515647226217,0.0,0.0,0.0,0.0,0.9999999999999999,wait:lane_lock,0,0,0,0,-1.0
1787201018.2156641,24.941278676993292,0.4737903225806452,111.43195827406362,0.0,0.0,0.0,0.0,0.9999999999999999,wait:lane_lock,0,0,0,0,-1.0
1787201018.2515173,25.39134681537421,0.4737903225806452,111.23660502607869,0.0,0.0,0.0,0.0,0.9999999999999999,wait:lane_lock,0,0,0,0,-1.0
1787201018.296003,25.889078033537118,0.4737903225806452,110.18942626837365,0.0,0.0,0.0,0.0,0.9999999999999999,wait:lane_lock,0,0,0,0,-1.0
1787201018.332964,25.13498272473675,0.4737903225806452,111.27785680417279,0.0,0.0,0.0,0.0,0.9999999999999999,wait:lane_lock,0,0,0,0,-1.0
1787201018.3691623,25.6283387536606,0.4737903225806452,111.80630630630635,0.0,0.0,0.0,0.0,0.9999999999999999,wait:lane_lock,0,0,0,0,-1.0
1787201018.411745,26.02825059615936,0.4737903225806452,110.9172593646279,0.0,0.0,0.0,0.0,0.9999999999999999,wait:lane_lock,0,0,0,0,-1.0
1787201018.4499855,25.480002887116097,0.4737903225806452,111.70886676149844,0.0,0.0,0.0,0.0,0.9999999999999999,wait:lane_lock,0,0,0,0,-1.0
1787201018.4861922,25.66436864038797,0.4737903225806452,111.87316263632054,0.0,0.0,0.0,0.0,0.9999999999999999,wait:lane_lock,0,0,0,0,-1.0
1787201018.528875,26.04853219928588,0.4737903225806452,111.89023233760085,0.0,0.0,0.0,0.0,0.9999999999999999,wait:lane_lock,0,0,0,0,-1.0
1787201018.567565,25.52140506365427,0.4737903225806452,113.0445708866763,0.0,0.0,0.0,0.0,0.9999999999999999,wait:lane_lock,0,0,0,0,-1.0
1787201018.6056669,25.594667182451637,0.4737903225806452,111.66548127074462,0.0,0.0,0.0,0.0,0.9999999999999999,wait:lane_lock,0,0,0,0,-1.0
1787201018.647704,25.71604169159893,0.4737903225806452,111.56235182550982,0.0,0.0,0.0,0.0,0.9999999999999999,wait:lane_lock,0,0,0,0,-1.0
1787201018.6856177,25.33404365865983,0.4737903225806452,111.85822664770039,0.0,0.0,0.0,0.0,0.9999999999999999,wait:lane_lock,0,0,0,0,-1.0
1787201018.723509,25.548385562900403,0.4737903225806452,111.94807965860613,0.0,0.0,0.0,0.0,0.9999999999999999,wait:lane_lock,0,0,0,0,-1.0
1787201018.7673247,25.70799577420463,0.4737903225806452,110.90801327643449,0.0,0.0,0.0,0.0,0.9999999999999999,wait:lane_lock,0,0,0,0,-1.0
1787201018.808354,25.061370867317585,0.4737903225806452,110.98269321953542,0.0,0.0,0.0,0.0,0.9999999999999999,wait:lane_lock,0,0,0,0,-1.0
1787201018.8489995,25.00456794418505,0.4737903225806452,111.49265054528213,0.0,0.0,0.0,0.0,0.9999999999999999,wait:lane_lock,0,0,0,0,-1.0
1787201018.8921177,24.93265773008101,0.4737903225806452,111.55879563774312,0.0,0.0,0.0,0.0,0.9999999999999999,wait:lane_lock,0,0,0,0,-1.0
1787201018.9338205,24.55471939924034,0.4737903225806452,112.5540540540542,0.0,0.0,0.0,0.0,0.9999999999999999,wait:lane_lock,0,0,0,0,-1.0
1787201018.9704266,24.41130517170115,0.4737903225806452,111.87316263632054,0.0,0.0,0.0,0.0,0.9999999999999999,wait:lane_lock,0,0,0,0,-1.0
1787201019.013176,25.07155569986621,0.4737903225806452,111.7814129919394,0.0,0.0,0.0,0.0,0.9999999999999999,wait:lane_lock,0,0,0,0,-1.0
1787201019.0568223,24.728459900350682,0.4737903225806452,111.01801801801828,0.0,0.0,0.0,0.0,0.9999999999999999,wait:lane_lock,0,0,0,0,-1.0
1787201019.095603,24.24403222340407,0.4737903225806452,111.48103366524442,0.0,0.0,0.0,0.0,0.9999999999999999,wait:lane_lock,0,0,0,0,-1.0
1787201019.1386795,24.71436594396745,0.4737903225806452,111.40919867235678,0.0,0.0,0.0,0.0,0.9999999999999999,wait:lane_lock,0,0,0,0,-1.0
1787201019.1769423,24.396900843366858,0.4798387096774194,111.72083926031324,0.0,0.0,0.0,0.0,0.9999999999999999,wait:lane_lock,0,0,0,0,-1.0
1787201019.2134311,24.779183426409876,0.4737903225806452,110.76173541963037,0.0,0.0,0.0,0.0,0.9999999999999999,wait:lane_lock,0,0,0,0,-1.0
1787201019.254336,25.30683780023898,0.4737903225806452,111.2532005689901,0.0,0.0,0.0,0.0,0.9999999999999999,wait:lane_lock,0,0,0,0,-1.0
1787201019.296098,25.092025161134295,0.4798387096774194,111.5917496443815,0.0,0.0,0.0,0.0,0.9999999999999999,wait:lane_lock,0,0,0,0,-1.0
1787201019.331742,24.903666494928075,0.4798387096774194,112.78093883357059,0.0,0.0,0.0,0.0,0.9999999999999999,wait:lane_lock,0,0,0,0,-1.0
1787201019.372559,25.536290741560794,0.4737903225806452,111.84329065908017,0.0,0.0,0.0,0.0,0.9999999999999999,wait:lane_lock,0,0,0,0,-1.0
1787201019.4100757,25.307637296690945,0.4737903225806452,111.47060218112851,0.0,0.0,0.0,0.0,0.9999999999999999,wait:lane_lock,0,0,0,0,-1.0
1787201019.445775,25.600495616088036,0.4737903225806452,112.08605974395444,0.0,0.0,0.0,0.0,0.9999999999999999,wait:lane_lock,0,0,0,0,-1.0
1787201019.4866781,26.083621799015212,0.4737903225806452,111.56116642958749,0.0,0.0,0.0,0.0,0.9999999999999999,wait:lane_lock,0,0,0,0,-1.0
1787201019.5269628,25.74127248644801,0.4737903225806452,112.62067330488391,0.0,0.0,0.0,0.0,0.9999999999999999,wait:lane_lock,0,0,0,0,-1.0
1787201019.5618355,25.56968315270641,0.4737903225806452,111.6595542911336,0.0,0.0,0.0,0.0,0.9999999999999999,wait:lane_lock,0,0,0,0,-1.0
1787201019.6018982,26.19574019209057,0.4737903225806452,112.24087245139886,0.0,0.0,0.0,0.0,0.9999999999999999,wait:lane_lock,0,0,0,0,-1.0
1787201019.6376212,25.92149476064857,0.4737903225806452,111.27785680417279,0.0,0.0,0.0,0.0,0.9999999999999999,wait:lane_lock,0,0,0,0,-1.0
1787201019.672745,26.36584135911747,0.4737903225806452,111.64272166903766,0.0,0.0,0.0,0.0,0.9999999999999999,wait:lane_lock,0,0,0,0,-1.0
1787201019.7130253,26.778172630076384,0.4737903225806452,111.44570886676149,0.0,0.0,0.0,0.0,0.9999999999999999,wait:lane_lock,0,0,0,0,-1.0
1787201019.7509453,26.305286708711257,0.4737903225806452,110.19108582266497,0.0,0.0,0.0,0.0,0.9999999999999999,wait:lane_lock,0,0,0,0,-1.0
1787201019.7855449,26.427824229068758,0.4737903225806452,111.58795637743016,0.0,0.0,0.0,0.0,0.9999999999999999,wait:lane_lock,0,0,0,0,-1.0
1787201019.8258634,26.922987130619404,0.4737903225806452,111.79706021811295,0.0,0.0,0.0,0.0,0.9999999999999999,wait:lane_lock,0,0,0,0,-1.0
1787201019.8628602,26.33085039704269,0.4737903225806452,111.89805595068782,0.0,0.0,0.0,0.0,0.9999999999999999,wait:lane_lock,0,0,0,0,-1.0
1787201019.8978965,26.68363169206566,0.4737903225806452,111.78212422949277,0.0,0.0,0.0,0.0,0.9999999999999999,wait:lane_lock,0,0,0,0,-1.0
1787201019.9378748,27.059929958563465,0.4737903225806452,111.73873873873886,0.0,0.0,0.0,0.0,0.9999999999999999,wait:lane_lock,0,0,0,0,-1.0
1787201019.9758325,26.552313662160827,0.4737903225806452,112.48269321953559,0.0,0.0,0.0,0.0,0.9999999999999999,wait:lane_lock,0,0,0,0,-1.0
1787201020.0105393,26.617547331039628,0.4737903225806452,111.78496917970617,0.0,0.0,0.0,0.0,0.9999999999999999,wait:lane_lock,0,0,0,0,-1.0
1787201020.0503254,27.060225694761076,0.4737903225806452,110.98269321953542,0.0,0.0,0.0,0.0,0.9999999999999999,wait:lane_lock,0,0,0,0,-1.0
1787201020.0859275,26.63381432745718,0.4737903225806452,111.2529634898057,0.0,0.0,0.0,0.0,0.9999999999999999,wait:lane_lock,0,0,0,0,-1.0
1787201020.1218839,26.975898452217738,0.4737903225806452,111.5609293504031,0.0,0.0,0.0,0.0,0.9999999999999999,wait:lane_lock,0,0,0,0,-1.0
1787201020.1632643,27.13284695774432,0.4737903225806452,112.80369843527754,0.0,0.0,0.0,0.0,0.9999999999999999,wait:lane_lock,0,0,0,0,-1.0
1787201020.2024214,26.515098790914163,0.4737903225806452,111.09625414888582,0.0,0.0,0.0,0.0,0.9999999999999999,wait:lane_lock,0,0,0,0,-1.0
1787201020.237821,26.35718305722417,0.4737903225806452,112.04457088667637,0.0,0.0,0.0,0.0,0.9999999999999999,wait:lane_lock,0,0,0,0,-1.0
1787201020.278304,26.70432765569498,0.4737903225806452,112.17899478425798,0.0,0.0,0.0,0.0,0.9999999999999999,wait:lane_lock,0,0,0,0,-1.0
1787201020.314715,26.299530171205475,0.4798387096774194,113.3739331436704,0.0,0.0,0.0,0.0,0.9999999999999999,wait:lane_lock,0,0,0,0,-1.0
1787201020.349829,26.566722810877913,0.4737903225806452,110.2707444286392,0.0,0.0,0.0,0.0,0.9999999999999999,wait:lane_lock,0,0,0,0,-1.0
1787201020.39194,26.949639365320948,0.4737903225806452,111.28852536747267,0.0,0.0,0.0,0.0,0.9999999999999999,wait:lane_lock,0,0,0,0,-1.0
1787201020.4296682,26.296489227199867,0.4737903225806452,111.79848269321954,0.0,0.0,0.0,0.0,0.9999999999999999,wait:lane_lock,0,0,0,0,-1.0
1787201020.4663563,26.34743831037253,0.4737903225806452,112.35277382645802,0.0,0.0,0.0,0.0,0.9999999999999999,wait:lane_lock,0,0,0,0,-1.0
1787201020.5077636,26.454994472734647,0.4737903225806452,111.35158843053593,0.0,0.0,0.0,0.0,0.9999999999999999,wait:lane_lock,0,0,0,0,-1.0
1787201020.5441892,26.03382705255735,0.4737903225806452,111.36178283546714,0.0,0.0,0.0,0.0,0.9999999999999999,wait:lane_lock,0,0,0,0,-1.0
1787201020.5789833,26.350606261915786,0.4737903225806452,112.14343290659079,0.0,0.0,0.0,0.0,0.9999999999999999,wait:lane_lock,0,0,0,0,-1.0
1787201020.6191428,26.82703282839195,0.4798387096774194,112.10544096728349,0.0,0.0,0.0,0.0,0.9999999999999999,wait:lane_lock,0,0,0,0,-1.0
1787201020.6582441,26.305711155500887,0.4737903225806452,112.20175438596519,0.0,0.0,0.0,0.0,0.9999999999999999,wait:lane_lock,0,0,0,0,-1.0
1787201020.6932437,26.305099876103775,0.4737903225806452,111.09625414888582,0.0,0.0,0.0,0.0,0.9999999999999999,wait:lane_lock,0,0,0,0,-1.0
1787201020.7331107,26.767424852603806,0.4737903225806452,112.12209577999074,0.0,0.0,0.0,0.0,0.9999999999999999,wait:lane_lock,0,0,0,0,-1.0
1787201020.7692094,26.401807890720487,0.4737903225806452,111.48909435751558,0.0,0.0,0.0,0.0,0.9999999999999999,wait:lane_lock,0,0,0,0,-1.0
1787201020.8039532,26.69777897383236,0.4737903225806452,112.63987671882434,0.0,0.0,0.0,0.0,0.9999999999999999,wait:lane_lock,0,0,0,0,-1.0
1787201020.8453114,27.09493237836741,0.4737903225806452,111.09625414888582,0.0,0.0,0.0,0.0,0.9999999999999999,wait:lane_lock,0,0,0,0,-1.0
1787201020.8827586,26.468932957404043,0.4737903225806452,110.9141773352301,0.0,0.0,0.0,0.0,0.9999999999999999,wait:lane_lock,0,0,0,0,-1.0
1787201020.9175284,26.587225596389594,0.4798387096774194,112.8536628734003,0.0,0.0,0.0,0.0,0.9999999999999999,wait:lane_lock,0,0,0,0,-1.0
1787201020.9582188,27.022294109854524,0.4737903225806452,111.51967757230918,0.0,0.0,0.0,0.0,0.9999999999999999,wait:lane_lock,0,0,0,0,-1.0
1787201020.9947438,26.517586620597037,0.4737903225806452,111.7408724513989,0.0,0.0,0.0,0.0,0.9999999999999999,wait:lane_lock,0,0,0,0,-1.0
1787201021.0305526,26.707915982177493,0.4737903225806452,111.84329065908017,0.0,0.0,0.0,0.0,0.9999999999999999,wait:lane_lock,0,0,0,0,-1.0
1787201021.0713625,26.951205666063395,0.4737903225806452,111.97131341868203,0.0,0.0,0.0,0.0,0.9999999999999999,wait:lane_lock,0,0,0,0,-1.0
1787201021.1088796,26.387295527559324,0.4737903225806452,111.47060218112851,0.0,0.0,0.0,0.0,0.9999999999999999,wait:lane_lock,0,0,0,0,-1.0
1787201021.144877,26.53358082657475,0.4737903225806452,111.47060218112851,0.0,0.0,0.0,0.0,0.9999999999999999,wait:lane_lock,0,0,0,0,-1.0
1787201021.185082,26.781386150063504,0.4737903225806452,112.3610715979139,0.0,0.0,0.0,0.0,0.9999999999999999,wait:lane_lock,0,0,0,0,-1.0
1787201021.2217126,26.34001832229884,0.4737903225806452,112.3335704125179,0.0,0.0,0.0,0.0,0.9999999999999999,wait:lane_lock,0,0,0,0,-1.0
1787201021.2580397,26.499538395988218,0.4737903225806452,111.82147937411114,0.0,0.0,0.0,0.0,0.9999999999999999,wait:lane_lock,0,0,0,0,-1.0
1787201021.2979214,26.768935183347864,0.4737903225806452,112.043859649123,0.0,0.0,0.0,0.0,0.9999999999999999,wait:lane_lock,0,0,0,0,-1.0
1787201021.3362586,26.281535875239065,0.4737903225806452,111.7814129919394,0.0,0.0,0.0,0.0,0.9999999999999999,wait:lane_lock,0,0,0,0,-1.0
1787201021.3726141,26.414157528527703,0.4737903225806452,112.348506401138,0.0,0.0,0.0,0.0,0.9999999999999999,wait:lane_lock,0,0,0,0,-1.0
1787201021.4132214,26.65852795367749,0.4737903225806452,111.56235182550982,0.0,0.0,0.0,0.0,0.9999999999999999,wait:lane_lock,0,0,0,0,-1.0
1787201021.4505384,26.254092772157367,0.4737903225806452,111.0075865339023,0.0,0.0,0.0,0.0,0.9999999999999999,wait:lane_lock,0,0,0,0,-1.0
1787201021.4859123,26.37642041513412,0.4737903225806452,111.71597913703191,0.0,0.0,0.0,0.0,0.9999999999999999,wait:lane_lock,0,0,0,0,-1.0
1787201021.5262735,26.725338398430683,0.4737903225806452,111.67686107159803,0.0,0.0,0.0,0.0,0.9999999999999999,wait:lane_lock,0,0,0,0,-1.0
1787201021.5676773,26.305202810698386,0.4737903225806452,111.31484115694657,0.0,0.0,0.0,0.0,0.9999999999999999,wait:lane_lock,0,0,0,0,-1.0
1787201021.6068833,25.915445529446725,0.4737903225806452,111.63418681839745,0.0,0.0,0.0,0.0,0.9999999999999999,wait:lane_lock,0,0,0,0,-1.0
1787201021.6475878,25.83933224611055,0.4737903225806452,111.63560929350403,0.0,0.0,0.0,0.0,0.9999999999999999,wait:lane_lock,0,0,0,0,-1.0
1787201021.6860561,25.580255453561392,0.4737903225806452,110.77050734945486,0.0,0.0,0.0,0.0,0.9999999999999999,wait:lane_lock,0,0,0,0,-1.0
1787201021.7224538,25.655705201074426,0.4737903225806452,111.56235182550982,0.0,0.0,0.0,0.0,0.9999999999999999,wait:lane_lock,0,0,0,0,-1.0
1787201021.763387,26.01896112593484,0.4737903225806452,112.86889521100056,0.0,0.0,0.0,0.0,0.9999999999999999,wait:lane_lock,0,0,0,0,-1.0
1787201021.8021824,25.67673247488291,0.4737903225806452,110.94215267899482,0.0,0.0,0.0,0.0,0.9999999999999999,wait:lane_lock,0,0,0,0,-1.0
1787201021.840267,25.740478197607597,0.4737903225806452,113.0765765765766,0.0,0.0,0.0,0.0,0.9999999999999999,wait:lane_lock,0,0,0,0,-1.0
1787201021.8801866,25.830810249247122,0.4737903225806452,110.86842105263179,0.0,0.0,0.0,0.0,0.9999999999999999,wait:lane_lock,0,0,0,0,-1.0
1787201021.9171,25.600760590338677,0.4737903225806452,110.30962541488861,0.0,0.0,0.0,0.0,0.9999999999999999,wait:lane_lock,0,0,0,0,-1.0
1787201021.9515762,26.005321397133073,0.4737903225806452,111.5851114272167,0.0,0.0,0.0,0.0,0.9999999999999999,wait:lane_lock,0,0,0,0,-1.0
1787201021.99193,26.605701073900818,0.4737903225806452,112.39805595068766,0.0,0.0,0.0,0.0,0.9999999999999999,wait:lane_lock,0,0,0,0,-1.0
1787201022.029355,26.145035231209572,0.4798387096774194,112.51991465149403,0.0,0.0,0.0,0.0,0.9999999999999999,wait:lane_lock,0,0,0,0,-1.0
1787201022.0642676,26.373450494882363,0.467741935483871,110.89368183973484,0.0,0.0,0.0,0.0,0.9999999999999999,wait:lane_lock,0,0,0,0,-1.0
1787201022.1039464,26.826766649047872,0.4737903225806452,109.97392128971082,0.0,0.0,0.0,0.0,0.9999999999999999,wait:lane_lock,0,0,0,0,-1.0
1787201022.1408272,26.283513854685705,0.4737903225806452,111.64058795637756,0.0,0.0,0.0,0.0,0.9999999999999999,wait:lane_lock,0,0,0,0,-1.0
1787201022.1755462,26.72928973453151,0.4737903225806452,111.405168326221,0.0,0.0,0.0,0.0,0.9999999999999999,wait:lane_lock,0,0,0,0,-1.0
1787201022.2157502,27.144610699967387,0.4737903225806452,111.67686107159803,0.0,0.0,0.0,0.0,0.9999999999999999,wait:lane_lock,0,0,0,0,-1.0
1787201022.2559204,26.6150334783565,0.4737903225806452,112.49478425794243,0.0,0.0,0.0,0.0,0.9999999999999999,wait:lane_lock,0,0,0,0,-1.0
1787201022.2907715,26.344938601453258,0.467741935483871,110.97724179287616,0.0,0.0,0.0,0.0,0.9999999999999999,wait:lane_lock,0,0,0,0,-1.0
1787201022.330532,26.817094485378956,0.4737903225806452,110.99952584163121,0.0,0.0,0.0,0.0,0.9999999999999999,wait:lane_lock,0,0,0,0,-1.0
1787201022.3665,26.44558968585384,0.4737903225806452,111.43504030346159,0.0,0.0,0.0,0.0,0.9999999999999999,wait:lane_lock,0,0,0,0,-1.0
1787201022.4015431,26.766770259487963,0.4737903225806452,110.9158368895213,0.0,0.0,0.0,0.0,0.9999999999999999,wait:lane_lock,0,0,0,0,-1.0
1787201022.4416568,27.120878731954402,0.4737903225806452,113.85893788525377,0.0,0.0,0.0,0.0,0.9999999999999999,wait:lane_lock,0,0,0,0,-1.0
1787201022.4788306,26.657705536716175,0.4737903225806452,111.49336178283556,0.0,0.0,0.0,0.0,0.9999999999999999,wait:lane_lock,0,0,0,0,-1.0
1787201022.5142822,26.736047756038836,0.4737903225806452,111.0744428639167,0.0,0.0,0.0,0.0,0.9999999999999999,wait:lane_lock,0,0,0,0,-1.0
1787201022.5564446,27.030011094933943,0.4737903225806452,112.53247984826953,0.0,0.0,0.0,0.0,0.9999999999999999,wait:lane_lock,0,0,0,0,-1.0
1787201022.5915046,26.354414430402375,0.4737903225806452,111.27785680417279,0.0,0.0,0.0,0.0,0.9999999999999999,wait:lane_lock,0,0,0,0,-1.0
1787201022.6271021,26.80660331839537,0.4737903225806452,111.58155523945008,0.0,0.0,0.0,0.0,0.9999999999999999,wait:lane_lock,0,0,0,0,-1.0
1787201022.6676257,27.05525336786532,0.4737903225806452,111.82337600758666,0.0,0.0,0.0,0.0,0.9999999999999999,wait:lane_lock,0,0,0,0,-1.0
1787201022.7062454,26.264340400735374,0.4798387096774194,112.07521337126627,0.0,0.0,0.0,0.0,0.9999999999999999,wait:lane_lock,0,0,0,0,-1.0
1787201022.7412844,26.584268404416548,0.4737903225806452,112.04457088667637,0.0,0.0,0.0,0.0,0.9999999999999999,wait:lane_lock,0,0,0,0,-1.0
1787201022.782748,26.899585480142285,0.4737903225806452,110.82171645329566,0.0,0.0,0.0,0.0,0.9999999999999999,wait:lane_lock,0,0,0,0,-1.0
1787201022.8206198,26.381644302305027,0.4737903225806452,112.5801327643435,0.0,0.0,0.0,0.0,0.9999999999999999,wait:lane_lock,0,0,0,0,-1.0
1787201022.8554816,26.401039811678288,0.4737903225806452,111.53461356092957,0.0,0.0,0.0,0.0,0.9999999999999999,wait:lane_lock,0,0,0,0,-1.0
1787201022.895788,26.868738713139557,0.4798387096774194,111.9016714082504,0.0,0.0,0.0,0.0,0.9999999999999999,wait:lane_lock,0,0,0,0,-1.0
1787201022.9355738,26.457897955566004,0.4737903225806452,110.85585585585584,0.0,0.0,0.0,0.0,0.9999999999999999,wait:lane_lock,0,0,0,0,-1.0
1787201022.9725633,26.123651097348883,0.4798387096774194,111.51813655761059,0.0,0.0,0.0,0.0,0.9999999999999999,wait:lane_lock,0,0,0,0,-1.0
1787201023.0138302,26.37358537606371,0.4737903225806452,112.26932195353257,0.0,0.0,0.0,0.0,0.9999999999999999,wait:lane_lock,0,0,0,0,-1.0
1787201023.0512667,25.94771813549029,0.4737903225806452,111.46301564722603,0.0,0.0,0.0,0.0,0.9999999999999999,wait:lane_lock,0,0,0,0,-1.0
1787201023.0857787,26.110738963499173,0.4798387096774194,112.00906827880551,0.0,0.0,0.0,0.0,0.9999999999999999,wait:lane_lock,0,0,0,0,-1.0
1787201023.1257145,26.674074363651336,0.4737903225806452,111.43504030346159,0.0,0.0,0.0,0.0,0.9999999999999999,wait:lane_lock,0,0,0,0,-1.0
1787201023.1639812,26.22791355060662,0.4737903225806452,112.30630630630645,0.0,0.0,0.0,0.0,0.9999999999999999,wait:lane_lock,0,0,0,0,-1.0
1787201023.1995792,26.36300622554318,0.4737903225806452,111.82337600758666,0.0,0.0,0.0,0.0,0.9999999999999999,wait:lane_lock,0,0,0,0,-1.0
1787201023.2414749,26.701195180836162,0.4798387096774194,113.04871977240435,0.0,0.0,0.0,0.0,0.9999999999999999,wait:lane_lock,0,0,0,0,-1.0
1787201023.2795062,26.10620969887305,0.4737903225806452,111.01801801801828,0.0,0.0,0.0,0.0,0.9999999999999999,wait:lane_lock,0,0,0,0,-1.0
1787201023.3151443,26.180969785983038,0.4737903225806452,112.32479848269318,0.0,0.0,0.0,0.0,0.9999999999999999,wait:lane_lock,0,0,0,0,-1.0
1787201023.3562534,26.5517237343522,0.4737903225806452,113.80844001896625,0.0,0.0,0.0,0.0,0.9999999999999999,wait:lane_lock,0,0,0,0,-1.0
1787201023.3942146,26.103188730530285,0.4737903225806452,112.647700331911,0.0,0.0,0.0,0.0,0.9999999999999999,wait:lane_lock,0,0,0,0,-1.0
1787201023.430414,26.164427850766177,0.4737903225806452,110.21574205784732,0.0,0.0,0.0,0.0,0.9999999999999999,wait:lane_lock,0,0,0,0,-1.0
1787201023.4718122,26.45667644744554,0.4737903225806452,112.55618776671426,0.0,0.0,0.0,0.0,0.9999999999999999,wait:lane_lock,0,0,0,0,-1.0
1787201023.5083284,25.982136862169284,0.4798387096774194,112.26084637268897,0.0,0.0,0.0,0.0,0.9999999999999999,wait:lane_lock,0,0,0,0,-1.0
1787201023.5446606,26.200467352727443,0.4737903225806452,111.87102892366072,0.0,0.0,0.0,0.0,0.9999999999999999,wait:lane_lock,0,0,0,0,-1.0
1787201023.5846229,26.547676491172545,0.4737903225806452,113.21550497866292,0.0,0.0,0.0,0.0,0.9999999999999999,wait:lane_lock,0,0,0,0,-1.0
1787201023.6232486,26.170411382001085,0.4737903225806452,111.17970602181144,0.0,0.0,0.0,0.0,0.9999999999999999,wait:lane_lock,0,0,0,0,-1.0
1787201023.6587658,26.182708251451945,0.4737903225806452,112.47558084400215,0.0,0.0,0.0,0.0,0.9999999999999999,wait:lane_lock,0,0,0,0,-1.0
1787201023.6997724,26.589959567533082,0.4737903225806452,111.18444760550047,0.0,0.0,0.0,0.0,0.9999999999999999,wait:lane_lock,0,0,0,0,-1.0
1787201023.7373667,26.105096159372984,0.4737903225806452,111.27785680417279,0.0,0.0,0.0,0.0,0.9999999999999999,wait:lane_lock,0,0,0,0,-1.0
1787201023.7732294,26.228424462306073,0.4737903225806452,111.56235182550982,0.0,0.0,0.0,0.0,0.9999999999999999,wait:lane_lock,0,0,0,0,-1.0
1787201023.813108,26.590285172916225,0.4737903225806452,111.66998577524906,0.0,0.0,0.0,0.0,0.9999999999999999,wait:lane_lock,0,0,0,0,-1.0
1787201023.850645,26.236771247334875,0.4737903225806452,111.48103366524442,0.0,0.0,0.0,0.0,0.9999999999999999,wait:lane_lock,0,0,0,0,-1.0
1787201023.885039,26.377400576813926,0.4737903225806452,113.0810810810811,0.0,0.0,0.0,0.0,0.9999999999999999,wait:lane_lock,0,0,0,0,-1.0
1787201023.925476,26.885774036025488,0.4737903225806452,111.65481270744414,0.0,0.0,0.0,0.0,0.9999999999999999,wait:lane_lock,0,0,0,0,-1.0
1787201023.9618034,26.452561352256346,0.4737903225806452,111.55879563774312,0.0,0.0,0.0,0.0,0.9999999999999999,wait:lane_lock,0,0,0,0,-1.0
1787201023.996682,26.698311684907928,0.4737903225806452,112.26884779516364,0.0,0.0,0.0,0.0,0.9999999999999999,wait:lane_lock,0,0,0,0,-1.0
1787201024.0376692,27.092788453950572,0.4737903225806452,111.22309151256529,0.0,0.0,0.0,0.0,0.9999999999999999,wait:lane_lock,0,0,0,0,-1.0
1787201024.0742338,26.537715423651626,0.4737903225806452,110.57586533902322,0.0,0.0,0.0,0.0,0.9999999999999999,wait:lane_lock,0,0,0,0,-1.0
1787201024.1092675,26.719448091842853,0.4737903225806452,111.405168326221,0.0,0.0,0.0,0.0,0.9999999999999999,wait:lane_lock,0,0,0,0,-1.0
1787201024.1485703,27.08393732043063,0.4737903225806452,111.9440493124706,0.0,0.0,0.0,0.0,0.9999999999999999,wait:lane_lock,0,0,0,0,-1.0
1787201024.1860132,26.6853673659065,0.4737903225806452,111.56235182550982,0.0,0.0,0.0,0.0,0.9999999999999999,wait:lane_lock,0,0,0,0,-1.0
1787201024.2205336,26.766971543564978,0.4737903225806452,111.17117117117125,0.0,0.0,0.0,0.0,0.9999999999999999,wait:lane_lock,0,0,0,0,-1.0
1787201024.2606273,27.189418398760928,0.4737903225806452,111.01801801801828,0.0,0.0,0.0,0.0,0.9999999999999999,wait:lane_lock,0,0,0,0,-1.0
1787201024.298629,26.676144726211703,0.4737903225806452,111.7408724513989,0.0,0.0,0.0,0.0,0.9999999999999999,wait:lane_lock,0,0,0,0,-1.0
1787201024.3349807,26.688523090330015,0.4737903225806452,111.82337600758666,0.0,0.0,0.0,0.0,0.9999999999999999,wait:lane_lock,0,0,0,0,-1.0
1787201024.3776765,26.817844351686738,0.4737903225806452,111.6448553816975,0.0,0.0,0.0,0.0,0.9999999999999999,wait:lane_lock,0,0,0,0,-1.0
1787201024.41515,26.14831449773995,0.4737903225806452,111.24324324324336,0.0,0.0,0.0,0.0,0.9999999999999999,wait:lane_lock,0,0,0,0,-1.0
1787201024.4496746,26.269694314417002,0.4798387096774194,112.36539829303027,0.0,0.0,0.0,0.0,0.9999999999999999,wait:lane_lock,0,0,0,0,-1.0
1787201024.489132,26.82443064403313,0.4737903225806452,111.95234708392601,0.0,0.0,0.0,0.0,0.9999999999999999,wait:lane_lock,0,0,0,0,-1.0
1787201024.525695,26.44308823093651,0.4737903225806452,112.12067330488392,0.0,0.0,0.0,0.0,0.9999999999999999,wait:lane_lock,0,0,0,0,-1.0
1787201024.5612862,26.727032049960776,0.4737903225806452,110.65244191559992,0.0,0.0,0.0,0.0,0.9999999999999999,wait:lane_lock,0,0,0,0,-1.0
1787201024.6035938,26.998135933622688,0.4798387096774194,112.75604551920355,0.0,0.0,0.0,0.0,0.9999999999999999,wait:lane_lock,0,0,0,0,-1.0
1787201024.6409295,26.130148896336273,0.4737903225806452,112.01967757230943,0.0,0.0,0.0,0.0,0.9999999999999999,wait:lane_lock,0,0,0,0,-1.0
1787201024.6758323,26.539339628453035,0.4737903225806452,111.51967757230918,0.0,0.0,0.0,0.0,0.9999999999999999,wait:lane_lock,0,0,0,0,-1.0
1787201024.7159324,26.962444372047543,0.4737903225806452,110.76173541963037,0.0,0.0,0.0,0.0,0.9999999999999999,wait:lane_lock,0,0,0,0,-1.0
1787201024.7539003,26.464597951712015,0.4737903225806452,111.51967757230918,0.0,0.0,0.0,0.0,0.9999999999999999,wait:lane_lock,0,0,0,0,-1.0
1787201024.7894793,26.456062933617858,0.4737903225806452,111.2418207681366,0.0,0.0,0.0,0.0,0.9999999999999999,wait:lane_lock,0,0,0,0,-1.0
1787201024.8291833,26.888203651584774,0.4737903225806452,112.88477951635835,0.0,0.0,0.0,0.0,0.9999999999999999,wait:lane_lock,0,0,0,0,-1.0
1787201024.8650942,26.48886685046229,0.4737903225806452,112.64770033191084,0.0,0.0,0.0,0.0,0.9999999999999999,wait:lane_lock,0,0,0,0,-1.0
1787201024.8994787,26.834538003001313,0.4737903225806452,111.82337600758666,0.0,0.0,0.0,0.0,0.9999999999999999,wait:lane_lock,0,0,0,0,-1.0
1787201024.9396572,27.284832561430548,0.4798387096774194,113.09192745376978,0.0,0.0,0.0,0.0,0.9999999999999999,wait:lane_lock,0,0,0,0,-1.0
1787201024.976892,26.746798355540697,0.4737903225806452,111.2247510668564,0.0,0.0,0.0,0.0,0.9999999999999999,wait:lane_lock,0,0,0,0,-1.0
1787201025.0121434,26.83930770088554,0.4737903225806452,111.60787102892363,0.0,0.0,0.0,0.0,0.9999999999999999,wait:lane_lock,0,0,0,0,-1.0
1787201025.0556264,27.05630266591878,0.4737903225806452,111.48103366524442,0.0,0.0,0.0,0.0,0.9999999999999999,wait:lane_lock,0,0,0,0,-1.0
1787201025.0911152,26.292067989714262,0.4737903225806452,111.8966334755809,0.0,0.0,0.0,0.0,0.9999999999999999,wait:lane_lock,0,0,0,0,-1.0
1787201025.128423,26.68120732966073,0.4737903225806452,110.99999999999984,0.0,0.0,0.0,0.0,0.9999999999999999,wait:lane_lock,0,0,0,0,-1.0
1787201025.1696258,26.711593900513684,0.4737903225806452,112.55737316263658,0.0,0.0,0.0,0.0,0.9999999999999999,wait:lane_lock,0,0,0,0,-1.0
1787201025.2077239,25.993864269024705,0.4737903225806452,111.6505452821243,0.0,0.0,0.0,0.0,0.9999999999999999,wait:lane_lock,0,0,0,0,-1.0
1787201025.2426891,26.34153355007531,0.4737903225806452,110.43693693693697,0.0,0.0,0.0,0.0,0.9999999999999999,wait:lane_lock,0,0,0,0,-1.0
1787201025.2827137,26.793331862333194,0.4737903225806452,111.79990516832643,0.0,0.0,0.0,0.0,0.9999999999999999,wait:lane_lock,0,0,0,0,-1.0
1787201025.319056,26.418933768511987,0.4737903225806452,111.71597913703191,0.0,0.0,0.0,0.0,0.9999999999999999,wait:lane_lock,0,0,0,0,-1.0
1787201025.3539257,26.629897659716512,0.4737903225806452,111.82337600758666,0.0,0.0,0.0,0.0,0.9999999999999999,wait:lane_lock,0,0,0,0,-1.0
1787201025.39374,27.05734522853915,0.4798387096774194,111.97546230441003,0.0,0.0,0.0,0.0,0.9999999999999999,wait:lane_lock,0,0,0,0,-1.0
1787201025.430749,26.650353062746216,0.4798387096774194,112.4923541963021,0.0,0.0,0.0,0.0,0.9999999999999999,wait:lane_lock,0,0,0,0,-1.0
1787201025.4654105,26.75386568398268,0.4737903225806452,111.45614035087738,0.0,0.0,0.0,0.0,0.9999999999999999,wait:lane_lock,0,0,0,0,-1.0
1787201025.505834,27.17288465061679,0.4737903225806452,111.7408724513989,0.0,0.0,0.0,0.0,0.9999999999999999,wait:lane_lock,0,0,0,0,-1.0
1787201025.542273,26.669051479801375,0.4737903225806452,110.7600758653391,0.0,0.0,0.0,0.0,0.9999999999999999,wait:lane_lock,0,0,0,0,-1.0
1787201025.5778291,26.84570704632641,0.4737903225806452,111.51967757230918,0.0,0.0,0.0,0.0,0.9999999999999999,wait:lane_lock,0,0,0,0,-1.0
1787201025.6187181,27.101006374314558,0.4737903225806452,111.15718349928866,0.0,0.0,0.0,0.0,0.9999999999999999,wait:lane_lock,0,0,0,0,-1.0
1787201025.6582859,26.489638349067576,0.4737903225806452,112.01967757230943,0.0,0.0,0.0,0.0,0.9999999999999999,wait:lane_lock,0,0,0,0,-1.0
1787201025.6965053,26.337317855126273,0.4737903225806452,111.87316263632054,0.0,0.0,0.0,0.0,0.9999999999999999,wait:lane_lock,0,0,0,0,-1.0
1787201025.73917,26.295827044709384,0.4737903225806452,111.40303461356106,0.0,0.0,0.0,0.0,0.9999999999999999,wait:lane_lock,0,0,0,0,-1.0
1787201025.7769585,25.70111312331837,0.4737903225806452,112.71337126600307,0.0,0.0,0.0,0.0,0.9999999999999999,wait:lane_lock,0,0,0,0,-1.0
1787201025.8130171,25.81149502700954,0.4737903225806452,111.71621621621631,0.0,0.0,0.0,0.0,0.9999999999999999,wait:lane_lock,0,0,0,0,-1.0
1787201025.8542008,26.28439176365579,0.4737903225806452,112.39402560455181,0.0,0.0,0.0,0.0,0.9999999999999999,wait:lane_lock,0,0,0,0,-1.0
1787201025.8927925,25.833794451240923,0.4737903225806452,111.48103366524442,0.0,0.0,0.0,0.0,0.9999999999999999,wait:lane_lock,0,0,0,0,-1.0
1787201025.9275517,25.907329089747638,0.4737903225806452,112.48269321953545,0.0,0.0,0.0,0.0,0.9999999999999999,wait:lane_lock,0,0,0,0,-1.0
1787201025.9706688,26.47579263391232,0.4737903225806452,110.6993835941206,0.0,0.0,0.0,0.0,0.9999999999999999,wait:lane_lock,0,0,0,0,-1.0
1787201026.0086136,25.77757501764067,0.4798387096774194,112.6342460881939,0.0,0.0,0.0,0.0,0.9999999999999999,wait:lane_lock,0,0,0,0,-1.0
1787201026.044634,25.95035221467515,0.4737903225806452,111.48103366524442,0.0,0.0,0.0,0.0,0.9999999999999999,wait:lane_lock,0,0,0,0,-1.0
1787201026.0864081,26.313887394642272,0.4737903225806452,111.53745851114293,0.0,0.0,0.0,0.0,0.9999999999999999,wait:lane_lock,0,0,0,0,-1.0
1787201026.1254134,25.82381827115978,0.4737903225806452,111.48103366524442,0.0,0.0,0.0,0.0,0.9999999999999999,wait:lane_lock,0,0,0,0,-1.0
1787201026.1611822,25.80350367279762,0.4737903225806452,111.82479848269332,0.0,0.0,0.0,0.0,0.9999999999999999,wait:lane_lock,0,0,0,0,-1.0
1787201026.20185,26.234963065274403,0.4737903225806452,111.77999051683258,0.0,0.0,0.0,0.0,0.9999999999999999,wait:lane_lock,0,0,0,0,-1.0
1787201026.2394814,25.844227902636614,0.4737903225806452,111.06353722143201,0.0,0.0,0.0,0.0,0.9999999999999999,wait:lane_lock,0,0,0,0,-1.0
1787201026.275873,26.06347926701313,0.4737903225806452,112.17686107159811,0.0,0.0,0.0,0.0,0.9999999999999999,wait:lane_lock,0,0,0,0,-1.0
1787201026.3175988,26.30271976966117,0.4737903225806452,111.82479848269332,0.0,0.0,0.0,0.0,0.9999999999999999,wait:lane_lock,0,0,0,0,-1.0
1787201026.354862,25.78094668802683,0.4737903225806452,111.40706495969673,0.0,0.0,0.0,0.0,0.9999999999999999,wait:lane_lock,0,0,0,0,-1.0
1787201026.389768,26.099538891584327,0.4737903225806452,111.82479848269332,0.0,0.0,0.0,0.0,0.9999999999999999,wait:lane_lock,0,0,0,0,-1.0
1787201026.4296796,26.61526896853376,0.4737903225806452,111.96135609293522,0.0,0.0,0.0,0.0,0.9999999999999999,wait:lane_lock,0,0,0,0,-1.0
1787201026.465332,26.28516774709876,0.4737903225806452,111.31650071123747,0.0,0.0,0.0,0.0,0.9999999999999999,wait:lane_lock,0,0,0,0,-1.0
1787201026.500549,26.660486564848778,0.4737903225806452,112.86107159791386,0.0,0.0,0.0,0.0,0.9999999999999999,wait:lane_lock,0,0,0,0,-1.0
1787201026.5402448,26.994893705406756,0.4737903225806452,111.4841156946419,0.0,0.0,0.0,0.0,0.9999999999999999,wait:lane_lock,0,0,0,0,-1.0
1787201026.5781426,26.570523319637196,0.4737903225806452,111.47060218112851,0.0,0.0,0.0,0.0,0.9999999999999999,wait:lane_lock,0,0,0,0,-1.0
1787201026.6132035,26.617876481130736,0.4737903225806452,111.47060218112851,0.0,0.0,0.0,0.0,0.9999999999999999,wait:lane_lock,0,0,0,0,-1.0
1787201026.6525292,26.99888080145187,0.4737903225806452,112.31081081081088,0.0,0.0,0.0,0.0,0.9999999999999999,wait:lane_lock,0,0,0,0,-1.0
1787201026.6889896,26.602329469725056,0.4737903225806452,111.86605026078719,0.0,0.0,0.0,0.0,0.9999999999999999,wait:lane_lock,0,0,0,0,-1.0
1787201026.7247658,26.862904956805494,0.4737903225806452,111.23257467994307,0.0,0.0,0.0,0.0,0.9999999999999999,wait:lane_lock,0,0,0,0,-1.0
1787201026.7647552,27.083746682033215,0.4737903225806452,111.60146989094375,0.0,0.0,0.0,0.0,0.9999999999999999,wait:lane_lock,0,0,0,0,-1.0
1787201026.8042896,26.662288284858178,0.4737903225806452,111.7062588904696,0.0,0.0,0.0,0.0,0.9999999999999999,wait:lane_lock,0,0,0,0,-1.0
1787201026.8392458,26.388133895936097,0.4737903225806452,111.53485064011394,0.0,0.0,0.0,0.0,0.9999999999999999,wait:lane_lock,0,0,0,0,-1.0
1787201026.879585,26.83197572619527,0.4737903225806452,111.66761498340456,0.0,0.0,0.0,0.0,0.9999999999999999,wait:lane_lock,0,0,0,0,-1.0
1787201026.9179308,26.35855771534529,0.4737903225806452,111.75580844001898,0.0,0.0,0.0,0.0,0.9999999999999999,wait:lane_lock,0,0,0,0,-1.0
1787201026.9531224,26.376850840698534,0.4737903225806452,111.22309151256529,0.0,0.0,0.0,0.0,0.9999999999999999,wait:lane_lock,0,0,0,0,-1.0
1787201026.9921994,26.782732020443337,0.4737903225806452,111.80583214793744,0.0,0.0,0.0,0.0,0.9999999999999999,wait:lane_lock,0,0,0,0,-1.0
1787201027.0288606,26.473704090966905,0.4737903225806452,111.82337600758666,0.0,0.0,0.0,0.0,0.9999999999999999,wait:lane_lock,0,0,0,0,-1.0
1787201027.0665715,26.725149163508032,0.4737903225806452,110.30962541488861,0.0,0.0,0.0,0.0,0.9999999999999999,wait:lane_lock,0,0,0,0,-1.0
1787201027.110617,26.670218727271063,0.4737903225806452,111.58155523945008,0.0,0.0,0.0,0.0,0.9999999999999999,wait:lane_lock,0,0,0,0,-1.0
1787201027.1489522,25.85607463100817,0.4737903225806452,112.69962067330499,0.0,0.0,0.0,0.0,0.9999999999999999,wait:lane_lock,0,0,0,0,-1.0
1787201027.1850626,25.917733444433996,0.4737903225806452,112.11925082977731,0.0,0.0,0.0,0.0,0.9999999999999999,wait:lane_lock,0,0,0,0,-1.0
1787201027.2257998,26.285696802361816,0.4737903225806452,109.72807017543887,0.0,0.0,0.0,0.0,0.9999999999999999,wait:lane_lock,0,0,0,0,-1.0
1787201027.2640018,25.930272539752234,0.4737903225806452,111.86605026078719,0.0,0.0,0.0,0.0,0.9999999999999999,wait:lane_lock,0,0,0,0,-1.0
1787201027.2983813,26.005541801368306,0.4737903225806452,111.09625414888582,0.0,0.0,0.0,0.0,0.9999999999999999,wait:lane_lock,0,0,0,0,-1.0
1787201027.3405626,26.488257916067663,0.4737903225806452,111.9364627785683,0.0,0.0,0.0,0.0,0.9999999999999999,wait:lane_lock,0,0,0,0,-1.0
1787201027.3774111,25.995732749246482,0.4737903225806452,111.48103366524442,0.0,0.0,0.0,0.0,0.9999999999999999,wait:lane_lock,0,0,0,0,-1.0
1787201027.4125519,26.259093407174404,0.4798387096774194,111.44185633001445,0.0,0.0,0.0,0.0,0.9999999999999999,wait:lane_lock,0,0,0,0,-1.0
1787201027.4526923,26.698470445968326,0.4737903225806452,111.56235182550982,0.0,0.0,0.0,0.0,0.9999999999999999,wait:lane_lock,0,0,0,0,-1.0
1787201027.4904356,26.264054335314686,0.4737903225806452,112.04457088667637,0.0,0.0,0.0,0.0,0.9999999999999999,wait:lane_lock,0,0,0,0,-1.0
1787201027.5259748,26.401427866996446,0.4737903225806452,111.15765765765785,0.0,0.0,0.0,0.0,0.9999999999999999,wait:lane_lock,0,0,0,0,-1.0
1787201027.5655723,26.747412564777413,0.4737903225806452,112.39544807965886,0.0,0.0,0.0,0.0,0.9999999999999999,wait:lane_lock,0,0,0,0,-1.0
1787201027.6011093,26.366172919212175,0.4737903225806452,111.9521100047417,0.0,0.0,0.0,0.0,0.9999999999999999,wait:lane_lock,0,0,0,0,-1.0
1787201027.636018,26.809126233665577,0.4798387096774194,113.0147581792323,0.0,0.0,0.0,0.0,0.9999999999999999,wait:lane_lock,0,0,0,0,-1.0
1787201027.6755207,27.184138701996474,0.4737903225806452,111.40706495969673,0.0,0.0,0.0,0.0,0.9999999999999999,wait:lane_lock,0,0,0,0,-1.0
1787201027.713351,26.812246089030136,0.4737903225806452,112.37766714082524,0.0,0.0,0.0,0.0,0.9999999999999999,wait:lane_lock,0,0,0,0,-1.0
1787201027.7479188,26.739160360592212,0.4737903225806452,111.76292081555249,0.0,0.0,0.0,0.0,0.9999999999999999,wait:lane_lock,0,0,0,0,-1.0
1787201027.7870255,27.177151240210563,0.4737903225806452,112.06116642958759,0.0,0.0,0.0,0.0,0.9999999999999999,wait:lane_lock,0,0,0,0,-1.0
1787201027.8246999,26.6139868683943,0.4737903225806452,111.71597913703191,0.0,0.0,0.0,0.0,0.9999999999999999,wait:lane_lock,0,0,0,0,-1.0
1787201027.860431,26.8895949344838,0.4737903225806452,111.45614035087738,0.0,0.0,0.0,0.0,0.9999999999999999,wait:lane_lock,0,0,0,0,-1.0
1787201027.903606,27.109501774428125,0.4737903225806452,111.56235182550982,0.0,0.0,0.0,0.0,0.9999999999999999,wait:lane_lock,0,0,0,0,-1.0
1787201027.9415507,26.311956608136235,0.4737903225806452,111.56235182550982,0.0,0.0,0.0,0.0,0.9999999999999999,wait:lane_lock,0,0,0,0,-1.0
1787201027.9776096,26.329822460376533,0.4737903225806452,111.86605026078719,0.0,0.0,0.0,0.0,0.9999999999999999,wait:lane_lock,0,0,0,0,-1.0
1787201028.0214124,26.611101441771304,0.4737903225806452,111.58155523945008,0.0,0.0,0.0,0.0,0.9999999999999999,wait:lane_lock,0,0,0,0,-1.0
1787201028.0582852,25.800893992801814,0.4737903225806452,111.92935040303475,0.0,0.0,0.0,0.0,0.9999999999999999,wait:lane_lock,0,0,0,0,-1.0
1787201028.0936632,26.05677134726684,0.4737903225806452,111.48103366524442,0.0,0.0,0.0,0.0,0.9999999999999999,wait:lane_lock,0,0,0,0,-1.0
1787201028.1329613,26.596155738619146,0.4737903225806452,112.24324324324321,0.0,0.0,0.0,0.0,0.9999999999999999,wait:lane_lock,0,0,0,0,-1.0
1787201028.1698735,26.300190348587982,0.4737903225806452,112.1375059269797,0.0,0.0,0.0,0.0,0.9999999999999999,wait:lane_lock,0,0,0,0,-1.0
1787201028.2046852,26.534674830545132,0.4737903225806452,111.55879563774312,0.0,0.0,0.0,0.0,0.9999999999999999,wait:lane_lock,0,0,0,0,-1.0
1787201028.2447271,26.971914983657875,0.4737903225806452,112.20175438596519,0.0,0.0,0.0,0.0,0.9999999999999999,wait:lane_lock,0,0,0,0,-1.0
1787201028.2803285,26.56121789111396,0.4737903225806452,110.4054054054055,0.0,0.0,0.0,0.0,0.9999999999999999,wait:lane_lock,0,0,0,0,-1.0
1787201028.3148234,26.883334852137864,0.4737903225806452,109.74608819345674,0.0,0.0,0.0,0.0,0.9999999999999999,wait:lane_lock,0,0,0,0,-1.0
1787201028.354742,27.282786950613307,0.4737903225806452,112.20175438596519,0.0,0.0,0.0,0.0,0.9999999999999999,wait:lane_lock,0,0,0,0,-1.0
1787201028.392343,26.788257763720715,0.4737903225806452,111.22972972972987,0.0,0.0,0.0,0.0,0.9999999999999999,wait:lane_lock,0,0,0,0,-1.0
1787201028.4284732,26.824136956710454,0.4737903225806452,111.90872451398766,0.0,0.0,0.0,0.0,0.9999999999999999,wait:lane_lock,0,0,0,0,-1.0
1787201028.4706674,26.99336194549958,0.4737903225806452,111.405168326221,0.0,0.0,0.0,0.0,0.9999999999999999,wait:lane_lock,0,0,0,0,-1.0
1787201028.5090573,26.277537147314234,0.4737903225806452,112.64509246088208,0.0,0.0,0.0,0.0,0.9999999999999999,wait:lane_lock,0,0,0,0,-1.0
1787201028.5442443,26.299246395580056,0.4737903225806452,111.54385964912282,0.0,0.0,0.0,0.0,0.9999999999999999,wait:lane_lock,0,0,0,0,-1.0
1787201028.5841923,26.727195404140822,0.4737903225806452,111.0075865339023,0.0,0.0,0.0,0.0,0.9999999999999999,wait:lane_lock,0,0,0,0,-1.0
1787201028.6221075,26.27842090881613,0.4737903225806452,111.946420104315,0.0,0.0,0.0,0.0,0.9999999999999999,wait:lane_lock,0,0,0,0,-1.0
1787201028.6571026,26.425236901495403,0.4737903225806452,111.0075865339023,0.0,0.0,0.0,0.0,0.9999999999999999,wait:lane_lock,0,0,0,0,-1.0
1787201028.697313,26.855679897554673,0.4737903225806452,113.12162162162184,0.0,0.0,0.0,0.0,0.9999999999999999,wait:lane_lock,0,0,0,0,-1.0
1787201028.7362025,26.44335540993339,0.4737903225806452,111.5900900900901,0.0,0.0,0.0,0.0,0.9999999999999999,wait:lane_lock,0,0,0,0,-1.0
1787201028.7714853,26.29986393138044,0.4798387096774194,112.5350284495024,0.0,0.0,0.0,0.0,0.9999999999999999,wait:lane_lock,0,0,0,0,-1.0
1787201028.8120224,26.722260613620485,0.467741935483871,110.87035115610972,0.0,0.0,0.0,0.0,0.9999999999999999,wait:lane_lock,0,0,0,0,-1.0
1787201028.8496838,26.157717348547788,0.4737903225806452,112.28639165481277,0.0,0.0,0.0,0.0,0.9999999999999999,wait:lane_lock,0,0,0,0,-1.0
1787201028.8845682,26.41252430532431,0.4737903225806452,111.71621621621631,0.0,0.0,0.0,0.0,0.9999999999999999,wait:lane_lock,0,0,0,0,-1.0
1787201028.9240937,26.86900904921923,0.4737903225806452,112.82076813655763,0.0,0.0,0.0,0.0,0.9999999999999999,wait:lane_lock,0,0,0,0,-1.0
1787201028.9617307,26.48896491744129,0.4737903225806452,112.90469416785234,0.0,0.0,0.0,0.0,0.9999999999999999,wait:lane_lock,0,0,0,0,-1.0
1787201028.9967196,26.592023253942322,0.4798387096774194,113.86148648648683,0.0,0.0,0.0,0.0,0.9999999999999999,wait:lane_lock,0,0,0,0,-1.0
1787201029.0378206,26.98950019156545,0.4737903225806452,111.61853959222393,0.0,0.0,0.0,0.0,0.9999999999999999,wait:lane_lock,0,0,0,0,-1.0
1787201029.0767586,26.415693683168275,0.4737903225806452,111.95424371740167,0.0,0.0,0.0,0.0,0.9999999999999999,wait:lane_lock,0,0,0,0,-1.0
1787201029.1121044,26.315562807702186,0.4737903225806452,111.87316263632054,0.0,0.0,0.0,0.0,0.9999999999999999,wait:lane_lock,0,0,0,0,-1.0
1787201029.1538088,26.71166404894728,0.4737903225806452,111.33546704599348,0.0,0.0,0.0,0.0,0.9999999999999999,wait:lane_lock,0,0,0,0,-1.0
1787201029.1910903,26.145987680913862,0.4737903225806452,110.99952584163121,0.0,0.0,0.0,0.0,0.9999999999999999,wait:lane_lock,0,0,0,0,-1.0
1787201029.226512,26.299660237233013,0.4737903225806452,111.93717401612138,0.0,0.0,0.0,0.0,0.9999999999999999,wait:lane_lock,0,0,0,0,-1.0
1787201029.2665424,26.692402339911048,0.4737903225806452,110.43693693693697,0.0,0.0,0.0,0.0,0.9999999999999999,wait:lane_lock,0,0,0,0,-1.0
1787201029.304214,26.263326420568376,0.4737903225806452,112.38311996206764,0.0,0.0,0.0,0.0,0.9999999999999999,wait:lane_lock,0,0,0,0,-1.0
1787201029.3403227,26.4207042647645,0.467741935483871,111.49256338381713,0.0,0.0,0.0,0.0,0.9999999999999999,wait:lane_lock,0,0,0,0,-1.0
1787201029.3800733,26.67596453497852,0.4737903225806452,111.0993361782836,0.0,0.0,0.0,0.0,0.9999999999999999,wait:lane_lock,0,0,0,0,-1.0
1787201029.416939,26.306849221009237,0.4737903225806452,112.5801327643435,0.0,0.0,0.0,0.0,0.9999999999999999,wait:lane_lock,0,0,0,0,-1.0
1787201029.4525683,26.53732223277703,0.4737903225806452,111.0993361782836,0.0,0.0,0.0,0.0,0.9999999999999999,wait:lane_lock,0,0,0,0,-1.0
1787201029.4932983,26.85261007341384,0.4737903225806452,112.68349928876272,0.0,0.0,0.0,0.0,0.9999999999999999,wait:lane_lock,0,0,0,0,-1.0
1787201029.5305011,26.381964354013366,0.4737903225806452,111.24940730203899,0.0,0.0,0.0,0.0,0.9999999999999999,wait:lane_lock,0,0,0,0,-1.0
1787201029.5659952,26.47451047455972,0.4737903225806452,112.63987671882434,0.0,0.0,0.0,0.0,0.9999999999999999,wait:lane_lock,0,0,0,0,-1.0
1787201029.6069474,26.73275618285906,0.4737903225806452,111.23352299668102,0.0,0.0,0.0,0.0,0.9999999999999999,wait:lane_lock,0,0,0,0,-1.0
1787201029.6431882,26.321885745346098,0.4737903225806452,112.01967757230943,0.0,0.0,0.0,0.0,0.9999999999999999,wait:lane_lock,0,0,0,0,-1.0
1787201029.6778185,26.607437910995483,0.4737903225806452,111.71597913703191,0.0,0.0,0.0,0.0,0.9999999999999999,wait:lane_lock,0,0,0,0,-1.0
1787201029.718528,27.066355788974125,0.4737903225806452,111.48767188240866,0.0,0.0,0.0,0.0,0.9999999999999999,wait:lane_lock,0,0,0,0,-1.0
1787201029.7560275,26.55273585440785,0.4737903225806452,113.10289236605041,0.0,0.0,0.0,0.0,0.9999999999999999,wait:lane_lock,0,0,0,0,-1.0
1787201029.7910416,26.59133051402597,0.4737903225806452,111.27785680417279,0.0,0.0,0.0,0.0,0.9999999999999999,wait:lane_lock,0,0,0,0,-1.0
1787201029.8358712,26.980441915776325,0.4737903225806452,112.70388809862507,0.0,0.0,0.0,0.0,0.9999999999999999,wait:lane_lock,0,0,0,0,-1.0
1787201029.873835,26.02212268470627,0.4737903225806452,110.81412991939314,0.0,0.0,0.0,0.0,0.9999999999999999,wait:lane_lock,0,0,0,0,-1.0
1787201029.9099522,26.11620643487189,0.4737903225806452,112.42176386913235,0.0,0.0,0.0,0.0,0.9999999999999999,wait:lane_lock,0,0,0,0,-1.0
1787201029.951697,26.43496466474316,0.4737903225806452,110.67875770507356,0.0,0.0,0.0,0.0,0.9999999999999999,wait:lane_lock,0,0,0,0,-1.0
1787201029.9886398,25.897221890508767,0.4737903225806452,110.8831199620674,0.0,0.0,0.0,0.0,0.9999999999999999,wait:lane_lock,0,0,0,0,-1.0
1787201030.0235233,26.18785610047498,0.4737903225806452,111.3188715030821,0.0,0.0,0.0,0.0,0.9999999999999999,wait:lane_lock,0,0,0,0,-1.0
1787201030.0633812,26.686222612404848,0.4737903225806452,111.15765765765785,0.0,0.0,0.0,0.0,0.9999999999999999,wait:lane_lock,0,0,0,0,-1.0
1787201030.1001813,26.34113877520037,0.4737903225806452,112.20175438596519,0.0,0.0,0.0,0.0,0.9999999999999999,wait:lane_lock,0,0,0,0,-1.0
1787201030.1351867,26.522966817832568,0.4737903225806452,112.04457088667637,0.0,0.0,0.0,0.0,0.9999999999999999,wait:lane_lock,0,0,0,0,-1.0
1787201030.1753986,26.938793747269983,0.4737903225806452,112.22166903745862,0.0,0.0,0.0,0.0,0.9999999999999999,wait:lane_lock,0,0,0,0,-1.0
1787201030.2132843,26.521747312323015,0.4737903225806452,111.46301564722603,0.0,0.0,0.0,0.0,0.9999999999999999,wait:lane_lock,0,0,0,0,-1.0
1787201030.2480714,26.48358491083612,0.4737903225806452,111.72024656235189,0.0,0.0,0.0,0.0,0.9999999999999999,wait:lane_lock,0,0,0,0,-1.0
1787201030.288052,26.954961052454003,0.4737903225806452,112.20317686107161,0.0,0.0,0.0,0.0,0.9999999999999999,wait:lane_lock,0,0,0,0,-1.0
1787201030.3249843,26.417801496172686,0.4737903225806452,111.2532005689901,0.0,0.0,0.0,0.0,0.9999999999999999,wait:lane_lock,0,0,0,0,-1.0
1787201030.3621342,26.65894603337824,0.4737903225806452,112.57894736842113,0.0,0.0,0.0,0.0,0.9999999999999999,wait:lane_lock,0,0,0,0,-1.0
1787201030.4021506,26.791195203477447,0.4798387096774194,112.47261735419687,0.0,0.0,0.0,0.0,0.9999999999999999,wait:lane_lock,0,0,0,0,-1.0
1787201030.4416823,26.25068846245787,0.4737903225806452,111.70815552394511,0.0,0.0,0.0,0.0,0.9999999999999999,wait:lane_lock,0,0,0,0,-1.0
1787201030.4774046,26.259647949682417,0.4737903225806452,111.84329065908017,0.0,0.0,0.0,0.0,0.9999999999999999,wait:lane_lock,0,0,0,0,-1.0
1787201030.5181577,26.605552333871817,0.4737903225806452,111.49336178283556,0.0,0.0,0.0,0.0,0.9999999999999999,wait:lane_lock,0,0,0,0,-1.0
1787201030.5553253,26.111294458976122,0.4737903225806452,113.25533428165002,0.0,0.0,0.0,0.0,0.9999999999999999,wait:lane_lock,0,0,0,0,-1.0
1787201030.5902555,26.364730245300272,0.4737903225806452,110.7968231389286,0.0,0.0,0.0,0.0,0.9999999999999999,wait:lane_lock,0,0,0,0,-1.0
1787201030.6306112,26.82498143493326,0.4737903225806452,112.04457088667637,0.0,0.0,0.0,0.0,0.9999999999999999,wait:lane_lock,0,0,0,0,-1.0
1787201030.669541,26.103509988219564,0.4737903225806452,111.47060218112851,0.0,0.0,0.0,0.0,0.9999999999999999,wait:lane_lock,0,0,0,0,-1.0
1787201030.7045603,26.40473211386186,0.4737903225806452,111.47060218112851,0.0,0.0,0.0,0.0,0.9999999999999999,wait:lane_lock,0,0,0,0,-1.0
1787201030.743879,26.835526906272804,0.4737903225806452,111.2532005689901,0.0,0.0,0.0,0.0,0.9999999999999999,wait:lane_lock,0,0,0,0,-1.0
1787201030.7796676,26.475684685415096,0.4737903225806452,111.60810810810813,0.0,0.0,0.0,0.0,0.9999999999999999,wait:lane_lock,0,0,0,0,-1.0
1787201030.8144405,26.835261377654007,0.4737903225806452,111.07136083451887,0.0,0.0,0.0,0.0,0.9999999999999999,wait:lane_lock,0,0,0,0,-1.0
1787201030.8555932,27.23209436656089,0.4737903225806452,111.24585111427221,0.0,0.0,0.0,0.0,0.9999999999999999,wait:lane_lock,0,0,0,0,-1.0
1787201030.8929918,26.544991300671466,0.4737903225806452,111.31484115694657,0.0,0.0,0.0,0.0,0.9999999999999999,wait:lane_lock,0,0,0,0,-1.0
1787201030.9276063,26.726571715409936,0.4737903225806452,112.04457088667637,0.0,0.0,0.0,0.0,0.9999999999999999,wait:lane_lock,0,0,0,0,-1.0
1787201030.9698708,27.16368235657988,0.4798387096774194,112.26084637268897,0.0,0.0,0.0,0.0,0.9999999999999999,wait:lane_lock,0,0,0,0,-1.0
1787201031.007362,26.43954726161494,0.4737903225806452,112.2038880986251,0.0,0.0,0.0,0.0,0.9999999999999999,wait:lane_lock,0,0,0,0,-1.0
1787201031.0426905,26.511187199813094,0.4737903225806452,111.37458511142738,0.0,0.0,0.0,0.0,0.9999999999999999,wait:lane_lock,0,0,0,0,-1.0
1787201031.0836604,26.875211638217703,0.4798387096774194,112.16162873399757,0.0,0.0,0.0,0.0,0.9999999999999999,wait:lane_lock,0,0,0,0,-1.0
1787201031.122594,26.251152918583607,0.4737903225806452,111.68397344713144,0.0,0.0,0.0,0.0,0.9999999999999999,wait:lane_lock,0,0,0,0,-1.0
1787201031.1579123,26.29156106019046,0.4737903225806452,111.0993361782836,0.0,0.0,0.0,0.0,0.9999999999999999,wait:lane_lock,0,0,0,0,-1.0
1787201031.20087,26.69485717916474,0.4737903225806452,111.64485538169754,0.0,0.0,0.0,0.0,0.9999999999999999,wait:lane_lock,0,0,0,0,-1.0
1787201031.242007,25.807932701031774,0.4737903225806452,111.57894736842113,0.0,0.0,0.0,0.0,0.9999999999999999,wait:lane_lock,0,0,0,0,-1.0
1787201031.2789595,25.743289253908344,0.4737903225806452,111.18183973447137,0.0,0.0,0.0,0.0,0.9999999999999999,wait:lane_lock,0,0,0,0,-1.0
1787201031.3198743,26.001124828804514,0.4737903225806452,111.24940730203899,0.0,0.0,0.0,0.0,0.9999999999999999,wait:lane_lock,0,0,0,0,-1.0
1787201031.3581553,25.684859425808842,0.4737903225806452,111.31484115694657,0.0,0.0,0.0,0.0,0.9999999999999999,wait:lane_lock,0,0,0,0,-1.0
1787201031.3933055,25.797006115220817,0.4737903225806452,111.89805595068782,0.0,0.0,0.0,0.0,0.9999999999999999,wait:lane_lock,0,0,0,0,-1.0
1787201031.4337397,26.32238869005276,0.4737903225806452,112.5146989094359,0.0,0.0,0.0,0.0,0.9999999999999999,wait:lane_lock,0,0,0,0,-1.0
1787201031.4720192,25.937203476086353,0.4737903225806452,111.73873873873889,0.0,0.0,0.0,0.0,0.9999999999999999,wait:lane_lock,0,0,0,0,-1.0
1787201031.5085895,26.048826854873074,0.4737903225806452,112.38525367472735,0.0,0.0,0.0,0.0,0.9999999999999999,wait:lane_lock,0,0,0,0,-1.0
1787201031.550007,26.309233579078736,0.4798387096774194,111.84619487909015,0.0,0.0,0.0,0.0,0.9999999999999999,wait:lane_lock,0,0,0,0,-1.0
1787201031.5888805,25.73392648877399,0.4737903225806452,111.8041725936463,0.0,0.0,0.0,0.0,0.9999999999999999,wait:lane_lock,0,0,0,0,-1.0
1787201031.6242194,25.89994471811707,0.4798387096774194,112.09423897581814,0.0,0.0,0.0,0.0,0.9999999999999999,wait:lane_lock,0,0,0,0,-1.0
1787201031.6657765,26.38626773948013,0.4737903225806452,111.01801801801828,0.0,0.0,0.0,0.0,0.9999999999999999,wait:lane_lock,0,0,0,0,-1.0
1787201031.7027442,25.87078517039305,0.4798387096774194,111.92798719772436,0.0,0.0,0.0,0.0,0.9999999999999999,wait:lane_lock,0,0,0,0,-1.0
1787201031.7417564,26.170246663421086,0.4737903225806452,111.2532005689901,0.0,0.0,0.0,0.0,0.9999999999999999,wait:lane_lock,0,0,0,0,-1.0
1787201031.782584,26.064007486085956,0.4737903225806452,110.45898530109059,0.0,0.0,0.0,0.0,0.9999999999999999,wait:lane_lock,0,0,0,0,-1.0
1787201031.8218584,25.723527414935184,0.4737903225806452,111.56235182550982,0.0,0.0,0.0,0.0,0.9999999999999999,wait:lane_lock,0,0,0,0,-1.0
1787201031.8573923,25.699875574401805,0.4737903225806452,111.47060218112851,0.0,0.0,0.0,0.0,0.9999999999999999,wait:lane_lock,0,0,0,0,-1.0
1787201031.8976622,26.10097211552367,0.4737903225806452,110.82171645329566,0.0,0.0,0.0,0.0,0.9999999999999999,wait:lane_lock,0,0,0,0,-1.0
1787201031.934151,25.832478432029248,0.4737903225806452,111.6593172119488,0.0,0.0,0.0,0.0,0.9999999999999999,wait:lane_lock,0,0,0,0,-1.0
1787201031.9699824,26.25079839140648,0.4737903225806452,111.96348980559513,0.0,0.0,0.0,0.0,0.9999999999999999,wait:lane_lock,0,0,0,0,-1.0
1787201032.0105858,26.582020718561086,0.4737903225806452,112.99075391180676,0.0,0.0,0.0,0.0,0.9999999999999999,wait:lane_lock,0,0,0,0,-1.0
1787201032.0485768,26.13309592073733,0.4737903225806452,112.23660502607883,0.0,0.0,0.0,0.0,0.9999999999999999,wait:lane_lock,0,0,0,0,-1.0
1787201032.083929,26.23241142347624,0.4798387096774194,113.02062588904747,0.0,0.0,0.0,0.0,0.9999999999999999,wait:lane_lock,0,0,0,0,-1.0
1787201032.1258707,26.652600565451568,0.4737903225806452,111.24940730203899,0.0,0.0,0.0,0.0,0.9999999999999999,wait:lane_lock,0,0,0,0,-1.0
1787201032.1611705,26.068342664079346,0.4737903225806452,111.56235182550982,0.0,0.0,0.0,0.0,0.9999999999999999,wait:lane_lock,0,0,0,0,-1.0
1787201032.1958582,26.549777760228835,0.4737903225806452,112.04457088667637,0.0,0.0,0.0,0.0,0.9999999999999999,wait:lane_lock,0,0,0,0,-1.0
1787201032.2354927,26.996250570033286,0.4737903225806452,111.33688952110022,0.0,0.0,0.0,0.0,0.9999999999999999,wait:lane_lock,0,0,0,0,-1.0
1787201032.2731133,26.628190437865427,0.4737903225806452,112.01967757230943,0.0,0.0,0.0,0.0,0.9999999999999999,wait:lane_lock,0,0,0,0,-1.0
1787201032.3081198,26.6447807075229,0.4737903225806452,111.2247510668564,0.0,0.0,0.0,0.0,0.9999999999999999,wait:lane_lock,0,0,0,0,-1.0
1787201032.347151,27.030251508299322,0.4737903225806452,111.7408724513989,0.0,0.0,0.0,0.0,0.9999999999999999,wait:lane_lock,0,0,0,0,-1.0
1787201032.3830752,26.6663842359065,0.4737903225806452,109.74608819345674,0.0,0.0,0.0,0.0,0.9999999999999999,wait:lane_lock,0,0,0,0,-1.0
1787201032.4179332,26.989745016017388,0.4737903225806452,111.49336178283556,0.0,0.0,0.0,0.0,0.9999999999999999,wait:lane_lock,0,0,0,0,-1.0
1787201032.459095,27.3385499014067,0.4737903225806452,109.97392128971082,0.0,0.0,0.0,0.0,0.9999999999999999,wait:lane_lock,0,0,0,0,-1.0
1787201032.4971972,26.70264245888871,0.4737903225806452,112.42176386913235,0.0,0.0,0.0,0.0,0.9999999999999999,wait:lane_lock,0,0,0,0,-1.0
1787201032.5322616,26.635598176587287,0.4737903225806452,111.63703176861088,0.0,0.0,0.0,0.0,0.9999999999999999,wait:lane_lock,0,0,0,0,-1.0
1787201032.5720007,27.010000340153624,0.4798387096774194,112.00622332859201,0.0,0.0,0.0,0.0,0.9999999999999999,wait:lane_lock,0,0,0,0,-1.0
1787201032.6127286,26.550332277367716,0.4737903225806452,112.24087245139899,0.0,0.0,0.0,0.0,0.9999999999999999,wait:lane_lock,0,0,0,0,-1.0
1787201032.650251,26.144478697692332,0.4737903225806452,112.97581792318647,0.0,0.0,0.0,0.0,0.9999999999999999,wait:lane_lock,0,0,0,0,-1.0
1787201032.6916249,26.352543601462422,0.4737903225806452,112.1135609293505,0.0,0.0,0.0,0.0,0.9999999999999999,wait:lane_lock,0,0,0,0,-1.0
1787201032.7325532,25.88142562731576,0.4737903225806452,112.1398767188242,0.0,0.0,0.0,0.0,0.9999999999999999,wait:lane_lock,0,0,0,0,-1.0
1787201032.7684639,25.636751752694828,0.4737903225806452,112.42460881934574,0.0,0.0,0.0,0.0,0.9999999999999999,wait:lane_lock,0,0,0,0,-1.0
1787201032.8087466,26.085207355637102,0.4737903225806452,112.08321479374113,0.0,0.0,0.0,0.0,0.9999999999999999,wait:lane_lock,0,0,0,0,-1.0
1787201032.84606,25.6761259817145,0.4737903225806452,112.30440967283091,0.0,0.0,0.0,0.0,0.9999999999999999,wait:lane_lock,0,0,0,0,-1.0
1787201032.883183,26.085044491120545,0.4737903225806452,111.405168326221,0.0,0.0,0.0,0.0,0.9999999999999999,wait:lane_lock,0,0,0,0,-1.0
1787201032.9252713,26.248100167123816,0.4737903225806452,112.17117117117122,0.0,0.0,0.0,0.0,0.9999999999999999,wait:lane_lock,0,0,0,0,-1.0
1787201032.962449,25.736783070232466,0.4737903225806452,111.47060218112851,0.0,0.0,0.0,0.0,0.9999999999999999,wait:lane_lock,0,0,0,0,-1.0
1787201032.9972177,25.99440559864395,0.4737903225806452,112.2479848269324,0.0,0.0,0.0,0.0,0.9999999999999999,wait:lane_lock,0,0,0,0,-1.0
1787201033.0373209,26.541315184455176,0.4798387096774194,112.67532005689947,0.0,0.0,0.0,0.0,0.9999999999999999,wait:lane_lock,0,0,0,0,-1.0
1787201033.0743139,26.17413126145191,0.4737903225806452,111.66761498340456,0.0,0.0,0.0,0.0,0.9999999999999999,wait:lane_lock,0,0,0,0,-1.0
1787201033.1094031,26.417773191114595,0.4737903225806452,111.5851114272167,0.0,0.0,0.0,0.0,0.9999999999999999,wait:lane_lock,0,0,0,0,-1.0
1787201033.1510286,26.83397136315592,0.4798387096774194,112.26084637268897,0.0,0.0,0.0,0.0,0.9999999999999999,wait:lane_lock,0,0,0,0,-1.0
1787201033.1881542,26.214125799366474,0.4737903225806452,110.20910384068296,0.0,0.0,0.0,0.0,0.9999999999999999,wait:lane_lock,0,0,0,0,-1.0
1787201033.2228827,26.43349694274082,0.4737903225806452,111.7408724513989,0.0,0.0,0.0,0.0,0.9999999999999999,wait:lane_lock,0,0,0,0,-1.0
1787201033.2635171,26.90489200267394,0.4737903225806452,111.5673304883832,0.0,0.0,0.0,0.0,0.9999999999999999,wait:lane_lock,0,0,0,0,-1.0
1787201033.3023474,26.415525510058202,0.4798387096774194,112.47261735419687,0.0,0.0,0.0,0.0,0.9999999999999999,wait:lane_lock,0,0,0,0,-1.0
1787201033.338158,26.31648476012146,0.4737903225806452,112.04457088667637,0.0,0.0,0.0,0.0,0.9999999999999999,wait:lane_lock,0,0,0,0,-1.0
1787201033.379113,26.637832848898725,0.4737903225806452,112.5815552394499,0.0,0.0,0.0,0.0,0.9999999999999999,wait:lane_lock,0,0,0,0,-1.0
1787201033.4177475,25.912639631011338,0.4737903225806452,111.79990516832643,0.0,0.0,0.0,0.0,0.9999999999999999,wait:lane_lock,0,0,0,0,-1.0
1787201033.453014,26.255428582416254,0.4737903225806452,112.38264580369857,0.0,0.0,0.0,0.0,0.9999999999999999,wait:lane_lock,0,0,0,0,-1.0
1787201033.4928298,26.686316979197333,0.4737903225806452,112.20175438596512,0.0,0.0,0.0,0.0,0.9999999999999999,wait:lane_lock,0,0,0,0,-1.0
1787201033.52913,26.22443089490716,0.4737903225806452,112.86107159791386,0.0,0.0,0.0,0.0,0.9999999999999999,wait:lane_lock,0,0,0,0,-1.0
1787201033.5638757,26.65845181253048,0.4737903225806452,112.17425320056914,0.0,0.0,0.0,0.0,0.9999999999999999,wait:lane_lock,0,0,0,0,-1.0
1787201033.6035805,27.08449319849642,0.4737903225806452,111.0993361782836,0.0,0.0,0.0,0.0,0.9999999999999999,wait:lane_lock,0,0,0,0,-1.0
1787201033.6413047,26.652464357363538,0.4737903225806452,111.93930772878146,0.0,0.0,0.0,0.0,0.9999999999999999,wait:lane_lock,0,0,0,0,-1.0
1787201033.67624,26.70015962540993,0.4737903225806452,111.66548127074462,0.0,0.0,0.0,0.0,0.9999999999999999,wait:lane_lock,0,0,0,0,-1.0
1787201033.715934,27.084521713099452,0.4737903225806452,112.10360360360359,0.0,0.0,0.0,0.0,0.9999999999999999,wait:lane_lock,0,0,0,0,-1.0
1787201033.7520514,26.649466997741513,0.4798387096774194,111.6959459459462,0.0,0.0,0.0,0.0,0.9999999999999999,wait:lane_lock,0,0,0,0,-1.0
1787201033.7868822,26.926103882835637,0.4737903225806452,110.74774774774794,0.0,0.0,0.0,0.0,0.9999999999999999,wait:lane_lock,0,0,0,0,-1.0
1787201033.827209,27.283022132288373,0.4798387096774194,112.68225462304432,0.0,0.0,0.0,0.0,0.9999999999999999,wait:lane_lock,0,0,0,0,-1.0
1787201033.8650637,26.749322917973995,0.4737903225806452,111.7408724513989,0.0,0.0,0.0,0.0,0.9999999999999999,wait:lane_lock,0,0,0,0,-1.0
1787201033.9002278,26.723052329960247,0.4737903225806452,111.70886676149844,0.0,0.0,0.0,0.0,0.9999999999999999,wait:lane_lock,0,0,0,0,-1.0
1787201033.9400969,27.069358884385373,0.4737903225806452,111.99502133712667,0.0,0.0,0.0,0.0,0.9999999999999999,wait:lane_lock,0,0,0,0,-1.0
1787201033.9827442,26.61429208311949,0.4737903225806452,110.67875770507356,0.0,0.0,0.0,0.0,0.9999999999999999,wait:lane_lock,0,0,0,0,-1.0
1787201034.019851,26.028070949580247,0.4737903225806452,112.16263632053118,0.0,0.0,0.0,0.0,0.9999999999999999,wait:lane_lock,0,0,0,0,-1.0
1787201034.0606728,26.217942637202995,0.4737903225806452,110.94215267899482,0.0,0.0,0.0,0.0,0.9999999999999999,wait:lane_lock,0,0,0,0,-1.0
1787201034.0995946,25.807403312162055,0.4737903225806452,111.31484115694657,0.0,0.0,0.0,0.0,0.9999999999999999,wait:lane_lock,0,0,0,0,-1.0
1787201034.1351135,25.855665734117782,0.4737903225806452,111.97842579421543,0.0,0.0,0.0,0.0,0.9999999999999999,wait:lane_lock,0,0,0,0,-1.0
1787201034.1759968,26.20153791486137,0.4737903225806452,111.66690374585119,0.0,0.0,0.0,0.0,0.9999999999999999,wait:lane_lock,0,0,0,0,-1.0
1787201034.2136786,25.940825197038784,0.4737903225806452,111.47842579421534,0.0,0.0,0.0,0.0,0.9999999999999999,wait:lane_lock,0,0,0,0,-1.0
1787201034.2500613,26.052989541297972,0.4737903225806452,111.25983878615473,0.0,0.0,0.0,0.0,0.9999999999999999,wait:lane_lock,0,0,0,0,-1.0
1787201034.2905185,26.33860503056207,0.4798387096774194,112.2629800853489,0.0,0.0,0.0,0.0,0.9999999999999999,wait:lane_lock,0,0,0,0,-1.0
1787201034.3283467,25.887153923591498,0.4798387096774194,112.5698790896162,0.0,0.0,0.0,0.0,0.9999999999999999,wait:lane_lock,0,0,0,0,-1.0
1787201034.362888,26.157652578370854,0.4798387096774194,111.67976529160777,0.0,0.0,0.0,0.0,0.9999999999999999,wait:lane_lock,0,0,0,0,-1.0
1787201034.4027915,26.698012563467067,0.4737903225806452,112.26292081555268,0.0,0.0,0.0,0.0,0.9999999999999999,wait:lane_lock,0,0,0,0,-1.0
1787201034.4403887,26.37633243872601,0.4737903225806452,112.24513987671897,0.0,0.0,0.0,0.0,0.9999999999999999,wait:lane_lock,0,0,0,0,-1.0
1787201034.4748604,26.43662841117599,0.4737903225806452,111.87055476529169,0.0,0.0,0.0,0.0,0.9999999999999999,wait:lane_lock,0,0,0,0,-1.0
1787201034.5162027,26.951246026026276,0.4737903225806452,112.01967757230943,0.0,0.0,0.0,0.0,0.9999999999999999,wait:lane_lock,0,0,0,0,-1.0
1787201034.5540462,26.338461329624355,0.4737903225806452,111.54385964912282,0.0,0.0,0.0,0.0,0.9999999999999999,wait:lane_lock,0,0,0,0,-1.0
1787201034.588966,26.42904711032573,0.4737903225806452,111.48103366524442,0.0,0.0,0.0,0.0,0.9999999999999999,wait:lane_lock,0,0,0,0,-1.0
1787201034.6305528,26.872030014151985,0.4737903225806452,111.93954480796604,0.0,0.0,0.0,0.0,0.9999999999999999,wait:lane_lock,0,0,0,0,-1.0
1787201034.6656594,26.292795388832438,0.4737903225806452,112.35988620199163,0.0,0.0,0.0,0.0,0.9999999999999999,wait:lane_lock,0,0,0,0,-1.0
1787201034.7005055,26.749148053105394,0.4798387096774194,111.66963015647272,0.0,0.0,0.0,0.0,0.9999999999999999,wait:lane_lock,0,0,0,0,-1.0
1787201034.7406566,27.14007544339743,0.4798387096774194,112.16376244665746,0.0,0.0,0.0,0.0,0.9999999999999999,wait:lane_lock,0,0,0,0,-1.0
1787201034.7788234,26.6820457432012,0.4798387096774194,112.36219772404027,0.0,0.0,0.0,0.0,0.9999999999999999,wait:lane_lock,0,0,0,0,-1.0
1787201034.813728,26.593141183115534,0.4798387096774194,112.5158250355623,0.0,0.0,0.0,0.0,0.9999999999999999,wait:lane_lock,0,0,0,0,-1.0
1787201034.854496,26.99879603942655,0.4737903225806452,112.17899478425814,0.0,0.0,0.0,0.0,0.9999999999999999,wait:lane_lock,0,0,0,0,-1.0
1787201034.8908584,26.493067726428453,0.4737903225806452,110.27975343764805,0.0,0.0,0.0,0.0,0.9999999999999999,wait:lane_lock,0,0,0,0,-1.0
1787201034.9275339,26.629583131617256,0.4737903225806452,111.75865339023242,0.0,0.0,0.0,0.0,0.9999999999999999,wait:lane_lock,0,0,0,0,-1.0
1787201034.9674911,26.835805132714295,0.4737903225806452,110.43693693693697,0.0,0.0,0.0,0.0,0.9999999999999999,wait:lane_lock,0,0,0,0,-1.0
1787201035.0054138,26.4444256092547,0.4737903225806452,111.01801801801828,0.0,0.0,0.0,0.0,0.9999999999999999,wait:lane_lock,0,0,0,0,-1.0
1787201035.0402687,26.473803706447388,0.4737903225806452,111.1839734471315,0.0,0.0,0.0,0.0,0.9999999999999999,wait:lane_lock,0,0,0,0,-1.0
1787201035.0803802,26.914269466163876,0.4737903225806452,111.48553816974886,0.0,0.0,0.0,0.0,0.9999999999999999,wait:lane_lock,0,0,0,0,-1.0
1787201035.1176834,26.380406009485355,0.4798387096774194,112.29071834992915,0.0,0.0,0.0,0.0,0.9999999999999999,wait:lane_lock,0,0,0,0,-1.0
1787201035.1528265,26.63612879442068,0.4737903225806452,112.01967757230943,0.0,0.0,0.0,0.0,0.9999999999999999,wait:lane_lock,0,0,0,0,-1.0
1787201035.1928444,27.000115436503528,0.4737903225806452,112.15267899478444,0.0,0.0,0.0,0.0,0.9999999999999999,wait:lane_lock,0,0,0,0,-1.0
1787201035.2362316,26.519358460626822,0.4737903225806452,111.0993361782836,0.0,0.0,0.0,0.0,0.9999999999999999,wait:lane_lock,0,0,0,0,-1.0
1787201035.2709444,25.894277382533488,0.4737903225806452,112.20175438596512,0.0,0.0,0.0,0.0,0.9999999999999999,wait:lane_lock,0,0,0,0,-1.0
1787201035.3128798,26.477093251647663,0.4737903225806452,110.76173541963037,0.0,0.0,0.0,0.0,0.9999999999999999,wait:lane_lock,0,0,0,0,-1.0
1787201035.3504717,25.89788634573777,0.4737903225806452,111.33570412517787,0.0,0.0,0.0,0.0,0.9999999999999999,wait:lane_lock,0,0,0,0,-1.0
1787201035.386912,26.097318374969934,0.4737903225806452,110.99952584163121,0.0,0.0,0.0,0.0,0.9999999999999999,wait:lane_lock,0,0,0,0,-1.0
1787201035.4295433,26.36547519062333,0.4737903225806452,112.63987671882425,0.0,0.0,0.0,0.0,0.9999999999999999,wait:lane_lock,0,0,0,0,-1.0
1787201035.4678369,25.77683854830827,0.4737903225806452,112.00260787102891,0.0,0.0,0.0,0.0,0.9999999999999999,wait:lane_lock,0,0,0,0,-1.0
1787201035.5035295,25.78451273151221,0.4737903225806452,111.9336178283546,0.0,0.0,0.0,0.0,0.9999999999999999,wait:lane_lock,0,0,0,0,-1.0
1787201035.5435987,26.321945065120758,0.4737903225806452,110.94215267899482,0.0,0.0,0.0,0.0,0.9999999999999999,wait:lane_lock,0,0,0,0,-1.0
1787201035.579889,25.98648957948759,0.4737903225806452,111.0075865339023,0.0,0.0,0.0,0.0,0.9999999999999999,wait:lane_lock,0,0,0,0,-1.0
1787201035.6149192,26.366576950219205,0.4798387096774194,111.2652916073971,0.0,0.0,0.0,0.0,0.9999999999999999,wait:lane_lock,0,0,0,0,-1.0
1787201035.6563456,26.811866945579723,0.4737903225806452,111.89805595068782,0.0,0.0,0.0,0.0,0.9999999999999999,wait:lane_lock,0,0,0,0,-1.0
1787201035.695758,26.166244190729806,0.4737903225806452,111.56235182550982,0.0,0.0,0.0,0.0,0.9999999999999999,wait:lane_lock,0,0,0,0,-1.0
1787201035.7305768,26.13252374495564,0.4737903225806452,112.60644855381706,0.0,0.0,0.0,0.0,0.9999999999999999,wait:lane_lock,0,0,0,0,-1.0
1787201035.7704523,26.656757491435766,0.4798387096774194,112.43367709815105,0.0,0.0,0.0,0.0,0.9999999999999999,wait:lane_lock,0,0,0,0,-1.0
1787201035.8078744,26.244161796820286,0.4737903225806452,112.3990042674255,0.0,0.0,0.0,0.0,0.9999999999999999,wait:lane_lock,0,0,0,0,-1.0
1787201035.8423629,26.455560730116055,0.4737903225806452,111.27003319108577,0.0,0.0,0.0,0.0,0.9999999999999999,wait:lane_lock,0,0,0,0,-1.0
1787201035.8835168,26.942323109161848,0.4737903225806452,111.22688477951665,0.0,0.0,0.0,0.0,0.9999999999999999,wait:lane_lock,0,0,0,0,-1.0
1787201035.9210742,26.395329013321156,0.4737903225806452,112.86107159791386,0.0,0.0,0.0,0.0,0.9999999999999999,wait:lane_lock,0,0,0,0,-1.0
1787201035.9558034,26.47425717558054,0.4737903225806452,111.67686107159803,0.0,0.0,0.0,0.0,0.9999999999999999,wait:lane_lock,0,0,0,0,-1.0
1787201035.9957602,26.948374021630922,0.4737903225806452,111.31650071123747,0.0,0.0,0.0,0.0,0.9999999999999999,wait:lane_lock,0,0,0,0,-1.0
1787201036.0314856,26.452985808228313,0.4737903225806452,112.02110004741596,0.0,0.0,0.0,0.0,0.9999999999999999,wait:lane_lock,0,0,0,0,-1.0
1787201036.0669322,26.90523187945739,0.4737903225806452,111.31484115694657,0.0,0.0,0.0,0.0,0.9999999999999999,wait:lane_lock,0,0,0,0,-1.0
1787201036.1079853,27.165714513630775,0.4737903225806452,111.74348032242779,0.0,0.0,0.0,0.0,0.9999999999999999,wait:lane_lock,0,0,0,0,-1.0
1787201036.1449242,26.499526734759137,0.4737903225806452,112.26718824087241,0.0,0.0,0.0,0.0,0.9999999999999999,wait:lane_lock,0,0,0,0,-1.0
1787201036.1795974,26.73721698263789,0.4737903225806452,111.65481270744414,0.0,0.0,0.0,0.0,0.9999999999999999,wait:lane_lock,0,0,0,0,-1.0
1787201036.2193406,27.16914376016034,0.4737903225806452,112.39805595068783,0.0,0.0,0.0,0.0,0.9999999999999999,wait:lane_lock,0,0,0,0,-1.0
1787201036.2554977,26.68545815637289,0.4737903225806452,111.56235182550982,0.0,0.0,0.0,0.0,0.9999999999999999,wait:lane_lock,0,0,0,0,-1.0
1787201036.289911,26.985232939192564,0.4737903225806452,111.56235182550982,0.0,0.0,0.0,0.0,0.9999999999999999,wait:lane_lock,0,0,0,0,-1.0
1787201036.3305182,27.400281320989688,0.4737903225806452,111.56235182550982,0.0,0.0,0.0,0.0,0.9999999999999999,wait:lane_lock,0,0,0,0,-1.0
1787201036.369013,26.816102832974593,0.4737903225806452,111.72593646277859,0.0,0.0,0.0,0.0,0.9999999999999999,wait:lane_lock,0,0,0,0,-1.0
1787201036.404722,26.681302673510814,0.4737903225806452,111.31484115694657,0.0,0.0,0.0,0.0,0.9999999999999999,wait:lane_lock,0,0,0,0,-1.0
1787201036.4469159,26.860010894590882,0.4737903225806452,111.70815552394511,0.0,0.0,0.0,0.0,0.9999999999999999,wait:lane_lock,0,0,0,0,-1.0
1787201036.483115,26.268476832010972,0.4737903225806452,111.43504030346159,0.0,0.0,0.0,0.0,0.9999999999999999,wait:lane_lock,0,0,0,0,-1.0
1787201036.5180564,26.560558583713103,0.4737903225806452,111.73873873873889,0.0,0.0,0.0,0.0,0.9999999999999999,wait:lane_lock,0,0,0,0,-1.0
1787201036.5582058,26.982842780052085,0.4737903225806452,111.45614035087738,0.0,0.0,0.0,0.0,0.9999999999999999,wait:lane_lock,0,0,0,0,-1.0
1787201036.5982118,26.299603082067534,0.4737903225806452,112.60644855381706,0.0,0.0,0.0,0.0,0.9999999999999999,wait:lane_lock,0,0,0,0,-1.0
1787201036.6353288,26.338446661369424,0.4737903225806452,112.28591749644396,0.0,0.0,0.0,0.0,0.9999999999999999,wait:lane_lock,0,0,0,0,-1.0
1787201036.6761742,26.45762187468937,0.4737903225806452,111.09625414888582,0.0,0.0,0.0,0.0,0.9999999999999999,wait:lane_lock,0,0,0,0,-1.0
1787201036.7140746,25.988155483218968,0.4737903225806452,110.41204362256995,0.0,0.0,0.0,0.0,0.9999999999999999,wait:lane_lock,0,0,0,0,-1.0
1787201036.7506826,26.1615208659324,0.4798387096774194,112.26315789473705,0.0,0.0,0.0,0.0,0.9999999999999999,wait:lane_lock,0,0,0,0,-1.0
1787201036.794713,26.38368518970654,0.4737903225806452,111.0075865339023,0.0,0.0,0.0,0.0,0.9999999999999999,wait:lane_lock,0,0,0,0,-1.0
1787201036.8353388,25.625353265006556,0.4737903225806452,112.28781412991944,0.0,0.0,0.0,0.0,0.9999999999999999,wait:lane_lock,0,0,0,0,-1.0
1787201036.871034,25.445618843444873,0.4798387096774194,112.09423897581814,0.0,0.0,0.0,0.0,0.9999999999999999,wait:lane_lock,0,0,0,0,-1.0
1787201036.9119396,25.97032010691576,0.4737903225806452,110.9172593646279,0.0,0.0,0.0,0.0,0.9999999999999999,wait:lane_lock,0,0,0,0,-1.0
1787201036.9495618,25.572433647128896,0.4737903225806452,111.79800853485071,0.0,0.0,0.0,0.0,0.9999999999999999,wait:lane_lock,0,0,0,0,-1.0
1787201036.985274,25.87108623618839,0.4737903225806452,112.04457088667637,0.0,0.0,0.0,0.0,0.9999999999999999,wait:lane_lock,0,0,0,0,-1.0
1787201037.0273619,26.322438507534883,0.4737903225806452,111.9336178283546,0.0,0.0,0.0,0.0,0.9999999999999999,wait:lane_lock,0,0,0,0,-1.0
1787201037.0667746,25.782844016943972,0.4737903225806452,110.84495021337149,0.0,0.0,0.0,0.0,0.9999999999999999,wait:lane_lock,0,0,0,0,-1.0
1787201037.1030545,25.731390298940262,0.4737903225806452,112.86107159791386,0.0,0.0,0.0,0.0,0.9999999999999999,wait:lane_lock,0,0,0,0,-1.0
1787201037.145994,26.090521620432444,0.4798387096774194,112.16162873399757,0.0,0.0,0.0,0.0,0.9999999999999999,wait:lane_lock,0,0,0,0,-1.0
1787201037.182094,25.514796705200347,0.4737903225806452,111.48103366524442,0.0,0.0,0.0,0.0,0.9999999999999999,wait:lane_lock,0,0,0,0,-1.0
1787201037.2181022,25.89505390999975,0.4737903225806452,111.89805595068782,0.0,0.0,0.0,0.0,0.9999999999999999,wait:lane_lock,0,0,0,0,-1.0
1787201037.2597122,26.35995188022398,0.4737903225806452,111.33404457088672,0.0,0.0,0.0,0.0,0.9999999999999999,wait:lane_lock,0,0,0,0,-1.0
1787201037.2995036,25.85699460799311,0.4737903225806452,112.84139402560466,0.0,0.0,0.0,0.0,0.9999999999999999,wait:lane_lock,0,0,0,0,-1.0
1787201037.3355446,25.752087822536456,0.4737903225806452,111.51967757230918,0.0,0.0,0.0,0.0,0.9999999999999999,wait:lane_lock,0,0,0,0,-1.0
1787201037.3770134,26.15182397230786,0.4737903225806452,109.94760550023719,0.0,0.0,0.0,0.0,0.9999999999999999,wait:lane_lock,0,0,0,0,-1.0
1787201037.4145913,25.724782193560497,0.4737903225806452,111.75865339023252,0.0,0.0,0.0,0.0,0.9999999999999999,wait:lane_lock,0,0,0,0,-1.0
1787201037.4508688,25.926189531130454,0.4737903225806452,111.60028449502155,0.0,0.0,0.0,0.0,0.9999999999999999,wait:lane_lock,0,0,0,0,-1.0
1787201037.4921124,26.253782587362792,0.4737903225806452,111.48103366524442,0.0,0.0,0.0,0.0,0.9999999999999999,wait:lane_lock,0,0,0,0,-1.0
1787201037.5328798,25.62729197923223,0.4737903225806452,112.18349928876265,0.0,0.0,0.0,0.0,0.9999999999999999,wait:lane_lock,0,0,0,0,-1.0
1787201037.5684528,25.661586898680405,0.4737903225806452,112.02110004741596,0.0,0.0,0.0,0.0,0.9999999999999999,wait:lane_lock,0,0,0,0,-1.0
1787201037.61005,26.152589833170452,0.4737903225806452,112.59862494073045,0.0,0.0,0.0,0.0,0.9999999999999999,wait:lane_lock,0,0,0,0,-1.0
1787201037.6490786,25.572710757349657,0.4737903225806452,112.09317211948799,0.0,0.0,0.0,0.0,0.9999999999999999,wait:lane_lock,0,0,0,0,-1.0
1787201037.684855,25.77351664410744,0.4798387096774194,112.26795874822217,0.0,0.0,0.0,0.0,0.9999999999999999,wait:lane_lock,0,0,0,0,-1.0
1787201037.7246523,26.210232075458798,0.4737903225806452,111.24940730203899,0.0,0.0,0.0,0.0,0.9999999999999999,wait:lane_lock,0,0,0,0,-1.0
1787201037.7637146,25.699337037145202,0.4737903225806452,111.1839734471315,0.0,0.0,0.0,0.0,0.9999999999999999,wait:lane_lock,0,0,0,0,-1.0
1787201037.799319,26.023912282788533,0.4737903225806452,112.04599336178295,0.0,0.0,0.0,0.0,0.9999999999999999,wait:lane_lock,0,0,0,0,-1.0
1787201037.8397703,26.431453253781697,0.4737903225806452,112.03959222380291,0.0,0.0,0.0,0.0,0.9999999999999999,wait:lane_lock,0,0,0,0,-1.0
1787201037.8783033,26.015833860908455,0.4737903225806452,112.46846846846861,0.0,0.0,0.0,0.0,0.9999999999999999,wait:lane_lock,0,0,0,0,-1.0
1787201037.9137604,26.08172993901145,0.4737903225806452,111.405168326221,0.0,0.0,0.0,0.0,0.9999999999999999,wait:lane_lock,0,0,0,0,-1.0
1787201037.955624,26.517167559436977,0.4737903225806452,112.40256045519217,0.0,0.0,0.0,0.0,0.9999999999999999,wait:lane_lock,0,0,0,0,-1.0
1787201037.995173,25.86601262776629,0.4737903225806452,112.37529634898091,0.0,0.0,0.0,0.0,0.9999999999999999,wait:lane_lock,0,0,0,0,-1.0
1787201038.030609,25.88264774618612,0.4737903225806452,111.85538169748698,0.0,0.0,0.0,0.0,0.9999999999999999,wait:lane_lock,0,0,0,0,-1.0
1787201038.071677,26.368694878856466,0.4737903225806452,111.73873873873886,0.0,0.0,0.0,0.0,0.9999999999999999,wait:lane_lock,0,0,0,0,-1.0
1787201038.1098232,25.929824589253332,0.4737903225806452,112.48269321953545,0.0,0.0,0.0,0.0,0.9999999999999999,wait:lane_lock,0,0,0,0,-1.0
1787201038.1467032,25.970180804386423,0.4737903225806452,113.48008534850649,0.0,0.0,0.0,0.0,0.9999999999999999,wait:lane_lock,0,0,0,0,-1.0
1787201038.190383,26.250293672668903,0.4737903225806452,112.06851588430564,0.0,0.0,0.0,0.0,0.9999999999999999,wait:lane_lock,0,0,0,0,-1.0
1787201038.2327926,25.574455718485787,0.4737903225806452,111.405168326221,0.0,0.0,0.0,0.0,0.9999999999999999,wait:lane_lock,0,0,0,0,-1.0
1787201038.2691395,25.183190757110005,0.4798387096774194,111.37748933143708,0.0,0.0,0.0,0.0,0.9999999999999999,wait:lane_lock,0,0,0,0,-1.0
1787201038.3108194,25.653090793812297,0.4737903225806452,111.47060218112851,0.0,0.0,0.0,0.0,0.9999999999999999,wait:lane_lock,0,0,0,0,-1.0
1787201038.347575,25.281776550678657,0.4737903225806452,110.43172119487915,0.0,0.0,0.0,0.0,0.9999999999999999,wait:lane_lock,0,0,0,0,-1.0
1787201038.3827631,25.713614107056127,0.4737903225806452,111.79871977240408,0.0,0.0,0.0,0.0,0.9999999999999999,wait:lane_lock,0,0,0,0,-1.0
1787201038.423476,26.263461795174376,0.4737903225806452,111.44570886676149,0.0,0.0,0.0,0.0,0.9999999999999999,wait:lane_lock,0,0,0,0,-1.0
1787201038.4636452,25.910870584033432,0.4737903225806452,112.1567093409199,0.0,0.0,0.0,0.0,0.9999999999999999,wait:lane_lock,0,0,0,0,-1.0
1787201038.4997065,25.71764644192376,0.4737903225806452,111.46301564722603,0.0,0.0,0.0,0.0,0.9999999999999999,wait:lane_lock,0,0,0,0,-1.0
1787201038.5404263,26.122995558750638,0.4737903225806452,112.20175438596512,0.0,0.0,0.0,0.0,0.9999999999999999,wait:lane_lock,0,0,0,0,-1.0
1787201038.5788555,25.74397864490843,0.4737903225806452,112.48411569464231,0.0,0.0,0.0,0.0,0.9999999999999999,wait:lane_lock,0,0,0,0,-1.0
1787201038.6144152,25.875962773048855,0.4737903225806452,111.02821242294931,0.0,0.0,0.0,0.0,0.9999999999999999,wait:lane_lock,0,0,0,0,-1.0
1787201038.6549404,26.325490775301766,0.4737903225806452,111.96609767662423,0.0,0.0,0.0,0.0,0.9999999999999999,wait:lane_lock,0,0,0,0,-1.0
1787201038.6943984,25.88828280108649,0.4737903225806452,112.59862494073045,0.0,0.0,0.0,0.0,0.9999999999999999,wait:lane_lock,0,0,0,0,-1.0
1787201038.729814,25.892193137889446,0.4737903225806452,112.578947368421,0.0,0.0,0.0,0.0,0.9999999999999999,wait:lane_lock,0,0,0,0,-1.0
1787201038.7709188,26.277724488577597,0.4737903225806452,111.00355618776679,0.0,0.0,0.0,0.0,0.9999999999999999,wait:lane_lock,0,0,0,0,-1.0
1787201038.8082569,25.831801528128995,0.4737903225806452,112.12849691797076,0.0,0.0,0.0,0.0,0.9999999999999999,wait:lane_lock,0,0,0,0,-1.0
1787201038.844105,26.158423169040837,0.4737903225806452,111.51967757230918,0.0,0.0,0.0,0.0,0.9999999999999999,wait:lane_lock,0,0,0,0,-1.0
1787201038.885196,26.511269741203122,0.4737903225806452,111.00355618776679,0.0,0.0,0.0,0.0,0.9999999999999999,wait:lane_lock,0,0,0,0,-1.0
1787201038.924926,26.018631831455174,0.4737903225806452,111.68397344713144,0.0,0.0,0.0,0.0,0.9999999999999999,wait:lane_lock,0,0,0,0,-1.0
1787201038.9607897,25.917734356142113,0.4737903225806452,111.55666192508316,0.0,0.0,0.0,0.0,0.9999999999999999,wait:lane_lock,0,0,0,0,-1.0
1787201039.001073,26.307112609655686,0.4737903225806452,111.36178283546714,0.0,0.0,0.0,0.0,0.9999999999999999,wait:lane_lock,0,0,0,0,-1.0
1787201039.0385551,25.964697765475613,0.4737903225806452,111.03200568990046,0.0,0.0,0.0,0.0,0.9999999999999999,wait:lane_lock,0,0,0,0,-1.0
1787201039.073823,26.16950421621708,0.4737903225806452,112.44807965860613,0.0,0.0,0.0,0.0,0.9999999999999999,wait:lane_lock,0,0,0,0,-1.0
1787201039.1138973,26.594825342566153,0.4737903225806452,110.85348506401134,0.0,0.0,0.0,0.0,0.9999999999999999,wait:lane_lock,0,0,0,0,-1.0
1787201039.1512077,26.26227702550405,0.4737903225806452,112.04457088667637,0.0,0.0,0.0,0.0,0.9999999999999999,wait:lane_lock,0,0,0,0,-1.0
1787201039.1863234,26.37399048507258,0.4737903225806452,111.38027501185411,0.0,0.0,0.0,0.0,0.9999999999999999,wait:lane_lock,0,0,0,0,-1.0
1787201039.2262297,26.809871400651623,0.4737903225806452,111.82479848269332,0.0,0.0,0.0,0.0,0.9999999999999999,wait:lane_lock,0,0,0,0,-1.0
1787201039.2630925,26.303638506644848,0.4737903225806452,111.57728781413002,0.0,0.0,0.0,0.0,0.9999999999999999,wait:lane_lock,0,0,0,0,-1.0
1787201039.2979581,26.656629161138778,0.4737903225806452,111.89805595068782,0.0,0.0,0.0,0.0,0.9999999999999999,wait:lane_lock,0,0,0,0,-1.0
1787201039.3379428,27.067725599764955,0.4798387096774194,111.5917496443815,0.0,0.0,0.0,0.0,0.9999999999999999,wait:lane_lock,0,0,0,0,-1.0
1787201039.3747103,26.634001374079887,0.4737903225806452,111.45614035087738,0.0,0.0,0.0,0.0,0.9999999999999999,wait:lane_lock,0,0,0,0,-1.0
1787201039.4134653,26.759733181549553,0.4737903225806452,111.47060218112851,0.0,0.0,0.0,0.0,0.9999999999999999,wait:lane_lock,0,0,0,0,-1.0
1787201039.4549057,26.575219512082228,0.4737903225806452,111.48103366524442,0.0,0.0,0.0,0.0,0.9999999999999999,wait:lane_lock,0,0,0,0,-1.0
1787201039.496553,26.08295405525056,0.4737903225806452,111.48103366524442,0.0,0.0,0.0,0.0,0.9999999999999999,wait:lane_lock,0,0,0,0,-1.0
1787201039.5324643,25.61377551284593,0.4737903225806452,110.1991465149361,0.0,0.0,0.0,0.0,0.9999999999999999,wait:lane_lock,0,0,0,0,-1.0
1787201039.575118,26.139935586955104,0.4798387096774194,112.44167852062628,0.0,0.0,0.0,0.0,0.9999999999999999,wait:lane_lock,0,0,0,0,-1.0
1787201039.620876,25.540941505499028,0.4737903225806452,111.47060218112851,0.0,0.0,0.0,0.0,0.9999999999999999,wait:lane_lock,0,0,0,0,-1.0
1787201039.660634,24.851245487137557,0.4737903225806452,112.38525367472735,0.0,0.0,0.0,0.0,0.9999999999999999,wait:lane_lock,0,0,0,0,-1.0
1787201039.7013953,24.91353122416344,0.4737903225806452,111.89805595068782,0.0,0.0,0.0,0.0,0.9999999999999999,wait:lane_lock,0,0,0,0,-1.0
1787201039.746632,24.577501997714364,0.4737903225806452,112.1398767188242,0.0,0.0,0.0,0.0,0.9999999999999999,wait:lane_lock,0,0,0,0,-1.0
1787201039.7824852,24.32361594505241,0.4737903225806452,110.94215267899482,0.0,0.0,0.0,0.0,0.9999999999999999,wait:lane_lock,0,0,0,0,-1.0
1787201039.8290055,25.037857959529237,0.4737903225806452,111.13063063063073,0.0,0.0,0.0,0.0,0.9999999999999999,wait:lane_lock,0,0,0,0,-1.0
1787201039.8679528,24.314703913164163,0.4737903225806452,111.85964912280714,0.0,0.0,0.0,0.0,0.9999999999999999,wait:lane_lock,0,0,0,0,-1.0
1787201039.9050922,24.601980154234496,0.4737903225806452,113.32550972024657,0.0,0.0,0.0,0.0,0.9999999999999999,wait:lane_lock,0,0,0,0,-1.0
1787201039.9493022,25.07449342915772,0.4737903225806452,112.57325746799455,0.0,0.0,0.0,0.0,0.9999999999999999,wait:lane_lock,0,0,0,0,-1.0
1787201039.984777,24.573676115473283,0.4737903225806452,111.47842579421534,0.0,0.0,0.0,0.0,0.9999999999999999,wait:lane_lock,0,0,0,0,-1.0
1787201040.019332,25.317837488459787,0.4798387096774194,112.57610241820795,0.0,0.0,0.0,0.0,0.9999999999999999,wait:lane_lock,0,0,0,0,-1.0
1787201040.0596068,26.036024484979194,0.4737903225806452,112.2330488383122,0.0,0.0,0.0,0.0,0.9999999999999999,wait:lane_lock,0,0,0,0,-1.0
1787201040.0983343,25.734968515952296,0.4737903225806452,110.20910384068296,0.0,0.0,0.0,0.0,0.9999999999999999,wait:lane_lock,0,0,0,0,-1.0
1787201040.1345582,25.821490077045844,0.467741935483871,110.55441315928951,0.0,0.0,0.0,0.0,0.9999999999999999,wait:lane_lock,0,0,0,0,-1.0
1787201040.1758862,26.17948927542475,0.4737903225806452,111.90872451398766,0.0,0.0,0.0,0.0,0.9999999999999999,wait:lane_lock,0,0,0,0,-1.0
1787201040.2136629,25.736153402480593,0.4737903225806452,111.405168326221,0.0,0.0,0.0,0.0,0.9999999999999999,wait:lane_lock,0,0,0,0,-1.0
1787201040.250396,25.94050222997884,0.4737903225806452,114.17354196301585,0.0,0.0,0.0,0.0,0.9999999999999999,wait:lane_lock,0,0,0,0,-1.0
1787201040.2907004,26.197024957260272,0.4737903225806452,112.54243717401633,0.0,0.0,0.0,0.0,0.9999999999999999,wait:lane_lock,0,0,0,0,-1.0
1787201040.3293076,25.782768058643402,0.4737903225806452,112.55618776671426,0.0,0.0,0.0,0.0,0.9999999999999999,wait:lane_lock,0,0,0,0,-1.0
1787201040.3649378,25.967365088331306,0.4737903225806452,111.50047415836907,0.0,0.0,0.0,0.0,0.9999999999999999,wait:lane_lock,0,0,0,0,-1.0
1787201040.4062521,26.385239539532208,0.4737903225806452,111.38027501185411,0.0,0.0,0.0,0.0,0.9999999999999999,wait:lane_lock,0,0,0,0,-1.0
1787201040.4441347,25.908698296291394,0.4737903225806452,111.98055950687531,0.0,0.0,0.0,0.0,0.9999999999999999,wait:lane_lock,0,0,0,0,-1.0
1787201040.4797323,26.018311645528115,0.4737903225806452,112.42176386913235,0.0,0.0,0.0,0.0,0.9999999999999999,wait:lane_lock,0,0,0,0,-1.0
1787201040.5204678,26.47801939199884,0.4737903225806452,111.9336178283546,0.0,0.0,0.0,0.0,0.9999999999999999,wait:lane_lock,0,0,0,0,-1.0
1787201040.5601556,26.026567283010948,0.4737903225806452,112.31436699857764,0.0,0.0,0.0,0.0,0.9999999999999999,wait:lane_lock,0,0,0,0,-1.0
1787201040.596277,25.843717674902262,0.4737903225806452,112.06899004267449,0.0,0.0,0.0,0.0,0.9999999999999999,wait:lane_lock,0,0,0,0,-1.0
1787201040.636943,26.31483766537046,0.4737903225806452,112.7041251778096,0.0,0.0,0.0,0.0,0.9999999999999999,wait:lane_lock,0,0,0,0,-1.0
1787201040.67775,25.949808724633378,0.4737903225806452,111.54385964912282,0.0,0.0,0.0,0.0,0.9999999999999999,wait:lane_lock,0,0,0,0,-1.0
1787201040.7137442,25.680525034387554,0.4737903225806452,110.70080606922717,0.0,0.0,0.0,0.0,0.9999999999999999,wait:lane_lock,0,0,0,0,-1.0
1787201040.7552092,26.09620268408921,0.4737903225806452,111.56235182550982,0.0,0.0,0.0,0.0,0.9999999999999999,wait:lane_lock,0,0,0,0,-1.0
1787201040.7923923,25.676754757842787,0.4737903225806452,112.44855381697508,0.0,0.0,0.0,0.0,0.9999999999999999,wait:lane_lock,0,0,0,0,-1.0
1787201040.8269851,25.950235048436078,0.4737903225806452,112.44144144144155,0.0,0.0,0.0,0.0,0.9999999999999999,wait:lane_lock,0,0,0,0,-1.0
1787201040.8668296,26.545731816228038,0.4737903225806452,112.83617828354697,0.0,0.0,0.0,0.0,0.9999999999999999,wait:lane_lock,0,0,0,0,-1.0
1787201040.9033105,26.22432359752437,0.4737903225806452,110.85348506401134,0.0,0.0,0.0,0.0,0.9999999999999999,wait:lane_lock,0,0,0,0,-1.0
1787201040.9398828,26.494807846007575,0.4737903225806452,111.79706021811295,0.0,0.0,0.0,0.0,0.9999999999999999,wait:lane_lock,0,0,0,0,-1.0
1787201040.9798079,26.666088242569,0.4737903225806452,111.71597913703191,0.0,0.0,0.0,0.0,0.9999999999999999,wait:lane_lock,0,0,0,0,-1.0
1787201041.0172093,26.32742702699491,0.4737903225806452,111.0744428639167,0.0,0.0,0.0,0.0,0.9999999999999999,wait:lane_lock,0,0,0,0,-1.0
1787201041.05207,26.42784944963276,0.4737903225806452,111.73304883831203,0.0,0.0,0.0,0.0,0.9999999999999999,wait:lane_lock,0,0,0,0,-1.0
1787201041.0925286,26.791892859210606,0.4737903225806452,111.33404457088672,0.0,0.0,0.0,0.0,0.9999999999999999,wait:lane_lock,0,0,0,0,-1.0
1787201041.1295507,26.387175879213924,0.4737903225806452,111.5362731152204,0.0,0.0,0.0,0.0,0.9999999999999999,wait:lane_lock,0,0,0,0,-1.0
1787201041.1643922,26.58218892402429,0.4737903225806452,111.34115694642013,0.0,0.0,0.0,0.0,0.9999999999999999,wait:lane_lock,0,0,0,0,-1.0
1787201041.204185,27.00677410970096,0.4737903225806452,112.35893788525387,0.0,0.0,0.0,0.0,0.9999999999999999,wait:lane_lock,0,0,0,0,-1.0
1787201041.2419665,26.541137968380724,0.4737903225806452,111.2247510668564,0.0,0.0,0.0,0.0,0.9999999999999999,wait:lane_lock,0,0,0,0,-1.0
1787201041.2766232,26.61610472025105,0.4737903225806452,111.79706021811295,0.0,0.0,0.0,0.0,0.9999999999999999,wait:lane_lock,0,0,0,0,-1.0
1787201041.3166845,27.078026748055862,0.4737903225806452,111.0075865339023,0.0,0.0,0.0,0.0,0.9999999999999999,wait:lane_lock,0,0,0,0,-1.0
1787201041.3528583,26.597023730559492,0.4737903225806452,112.05168326220969,0.0,0.0,0.0,0.0,0.9999999999999999,wait:lane_lock,0,0,0,0,-1.0
1787201041.3872192,26.881015561728738,0.4737903225806452,111.47060218112851,0.0,0.0,0.0,0.0,0.9999999999999999,wait:lane_lock,0,0,0,0,-1.0
1787201041.4276707,27.31763750619621,0.4737903225806452,112.24087245139899,0.0,0.0,0.0,0.0,0.9999999999999999,wait:lane_lock,0,0,0,0,-1.0
1787201041.464058,26.769314736132177,0.4737903225806452,111.24585111427221,0.0,0.0,0.0,0.0,0.9999999999999999,wait:lane_lock,0,0,0,0,-1.0
1787201041.4992223,26.868820158685107,0.4737903225806452,113.4217638691324,0.0,0.0,0.0,0.0,0.9999999999999999,wait:lane_lock,0,0,0,0,-1.0
1787201041.5386026,27.267623495622068,0.4737903225806452,111.4201043148414,0.0,0.0,0.0,0.0,0.9999999999999999,wait:lane_lock,0,0,0,0,-1.0
1787201041.5754914,26.649606665776652,0.4737903225806452,111.7814129919394,0.0,0.0,0.0,0.0,0.9999999999999999,wait:lane_lock,0,0,0,0,-1.0
1787201041.6103997,27.048408903403597,0.4798387096774194,113.01031294452372,0.0,0.0,0.0,0.0,0.9999999999999999,wait:lane_lock,0,0,0,0,-1.0
1787201041.6501908,27.37661029138223,0.4737903225806452,111.89805595068782,0.0,0.0,0.0,0.0,0.9999999999999999,wait:lane_lock,0,0,0,0,-1.0
1787201041.6893287,26.701278748324427,0.4737903225806452,112.3186344238977,0.0,0.0,0.0,0.0,0.9999999999999999,wait:lane_lock,0,0,0,0,-1.0
1787201041.7242892,26.718807546179388,0.4798387096774194,112.4032716927458,0.0,0.0,0.0,0.0,0.9999999999999999,wait:lane_lock,0,0,0,0,-1.0
1787201041.7639768,27.099055862669374,0.4737903225806452,111.04883831199616,0.0,0.0,0.0,0.0,0.9999999999999999,wait:lane_lock,0,0,0,0,-1.0
1787201041.802906,26.65070342127403,0.4737903225806452,111.89805595068782,0.0,0.0,0.0,0.0,0.9999999999999999,wait:lane_lock,0,0,0,0,-1.0
1787201041.8379853,26.458492913102887,0.4737903225806452,112.10360360360359,0.0,0.0,0.0,0.0,0.9999999999999999,wait:lane_lock,0,0,0,0,-1.0
1787201041.8781056,26.94319099749738,0.4737903225806452,112.63987671882407,0.0,0.0,0.0,0.0,0.9999999999999999,wait:lane_lock,0,0,0,0,-1.0
1787201041.9150853,26.50880240840389,0.4737903225806452,111.47060218112851,0.0,0.0,0.0,0.0,0.9999999999999999,wait:lane_lock,0,0,0,0,-1.0
1787201041.9501548,26.660882893754675,0.4737903225806452,111.33546704599333,0.0,0.0,0.0,0.0,0.9999999999999999,wait:lane_lock,0,0,0,0,-1.0
1787201041.9910543,27.043702974878798,0.4737903225806452,111.3923660502607,0.0,0.0,0.0,0.0,0.9999999999999999,wait:lane_lock,0,0,0,0,-1.0
1787201042.027297,26.496525599506413,0.4737903225806452,110.62091038406858,0.0,0.0,0.0,0.0,0.9999999999999999,wait:lane_lock,0,0,0,0,-1.0
1787201042.0622847,26.743518032041735,0.4737903225806452,111.85822664770039,0.0,0.0,0.0,0.0,0.9999999999999999,wait:lane_lock,0,0,0,0,-1.0
1787201042.1027215,27.120548499802368,0.4737903225806452,110.9862494073021,0.0,0.0,0.0,0.0,0.9999999999999999,wait:lane_lock,0,0,0,0,-1.0
1787201042.1410506,26.613921957215414,0.4737903225806452,112.02181128496943,0.0,0.0,0.0,0.0,0.9999999999999999,wait:lane_lock,0,0,0,0,-1.0
1787201042.1763816,26.529600656239023,0.4737903225806452,111.56235182550982,0.0,0.0,0.0,0.0,0.9999999999999999,wait:lane_lock,0,0,0,0,-1.0
1787201042.2169616,26.897871272620705,0.4737903225806452,111.48103366524442,0.0,0.0,0.0,0.0,0.9999999999999999,wait:lane_lock,0,0,0,0,-1.0
1787201042.2533834,26.321049187190017,0.4737903225806452,111.28473210052177,0.0,0.0,0.0,0.0,0.9999999999999999,wait:lane_lock,0,0,0,0,-1.0
1787201042.287967,26.713026807350527,0.4737903225806452,110.85348506401134,0.0,0.0,0.0,0.0,0.9999999999999999,wait:lane_lock,0,0,0,0,-1.0
1787201042.3276188,27.134765215545354,0.4737903225806452,111.7408724513989,0.0,0.0,0.0,0.0,0.9999999999999999,wait:lane_lock,0,0,0,0,-1.0
1787201042.3661718,26.705573300397614,0.4737903225806452,111.86605026078719,0.0,0.0,0.0,0.0,0.9999999999999999,wait:lane_lock,0,0,0,0,-1.0
1787201042.4011104,26.617066671817977,0.4737903225806452,111.56235182550982,0.0,0.0,0.0,0.0,0.9999999999999999,wait:lane_lock,0,0,0,0,-1.0
1787201042.4412162,27.019062868138285,0.4737903225806452,111.89805595068782,0.0,0.0,0.0,0.0,0.9999999999999999,wait:lane_lock,0,0,0,0,-1.0
1787201042.4779062,26.51198333622974,0.4737903225806452,111.23352299668102,0.0,0.0,0.0,0.0,0.9999999999999999,wait:lane_lock,0,0,0,0,-1.0
1787201042.5125914,26.77278265608216,0.4737903225806452,111.94713134186816,0.0,0.0,0.0,0.0,0.9999999999999999,wait:lane_lock,0,0,0,0,-1.0
1787201042.5525165,27.184768410104873,0.4737903225806452,111.86605026078719,0.0,0.0,0.0,0.0,0.9999999999999999,wait:lane_lock,0,0,0,0,-1.0
1787201042.5926902,26.609895013858946,0.4737903225806452,111.98269321953545,0.0,0.0,0.0,0.0,0.9999999999999999,wait:lane_lock,0,0,0,0,-1.0
1787201042.6276944,26.419014947527124,0.4737903225806452,111.82479848269332,0.0,0.0,0.0,0.0,0.9999999999999999,wait:lane_lock,0,0,0,0,-1.0
1787201042.6680727,26.85057428327314,0.4737903225806452,112.2678994784261,0.0,0.0,0.0,0.0,0.9999999999999999,wait:lane_lock,0,0,0,0,-1.0
1787201042.7052398,26.36087437512062,0.4737903225806452,112.39687055476521,0.0,0.0,0.0,0.0,0.9999999999999999,wait:lane_lock,0,0,0,0,-1.0
1787201042.7398472,26.54811549818453,0.4737903225806452,112.07254623044098,0.0,0.0,0.0,0.0,0.9999999999999999,wait:lane_lock,0,0,0,0,-1.0
1787201042.7795436,27.016705789408064,0.4737903225806452,112.33617828354684,0.0,0.0,0.0,0.0,0.9999999999999999,wait:lane_lock,0,0,0,0,-1.0
1787201042.8173037,26.59932168349245,0.4737903225806452,111.36178283546714,0.0,0.0,0.0,0.0,0.9999999999999999,wait:lane_lock,0,0,0,0,-1.0
1787201042.8518713,26.644555350900664,0.4737903225806452,111.37102892366052,0.0,0.0,0.0,0.0,0.9999999999999999,wait:lane_lock,0,0,0,0,-1.0
1787201042.892827,27.10308037620977,0.4737903225806452,112.15836889521115,0.0,0.0,0.0,0.0,0.9999999999999999,wait:lane_lock,0,0,0,0,-1.0
1787201042.928392,26.54998037028607,0.4737903225806452,112.37031768610721,0.0,0.0,0.0,0.0,0.9999999999999999,wait:lane_lock,0,0,0,0,-1.0
1787201042.963264,26.88295574956239,0.4798387096774194,112.67532005689947,0.0,0.0,0.0,0.0,0.9999999999999999,wait:lane_lock,0,0,0,0,-1.0
1787201043.0036533,27.235267692019473,0.4737903225806452,110.94404931247044,0.0,0.0,0.0,0.0,0.9999999999999999,wait:lane_lock,0,0,0,0,-1.0
1787201043.0416622,26.52125491718684,0.4737903225806452,111.24940730203899,0.0,0.0,0.0,0.0,0.9999999999999999,wait:lane_lock,0,0,0,0,-1.0
1787201043.0763996,26.754184049464058,0.4737903225806452,111.58440018966344,0.0,0.0,0.0,0.0,0.9999999999999999,wait:lane_lock,0,0,0,0,-1.0
1787201043.1159878,27.163350262422394,0.4737903225806452,112.79919393077299,0.0,0.0,0.0,0.0,0.9999999999999999,wait:lane_lock,0,0,0,0,-1.0
1787201043.1515472,26.732321123288944,0.4737903225806452,111.38027501185411,0.0,0.0,0.0,0.0,0.9999999999999999,wait:lane_lock,0,0,0,0,-1.0
1787201043.1865423,27.075281453165214,0.4737903225806452,111.2247510668564,0.0,0.0,0.0,0.0,0.9999999999999999,wait:lane_lock,0,0,0,0,-1.0
1787201043.2268918,27.36874787846898,0.4737903225806452,111.34329065908022,0.0,0.0,0.0,0.0,0.9999999999999999,wait:lane_lock,0,0,0,0,-1.0
1787201043.264335,26.822514781750897,0.4737903225806452,111.50829777145582,0.0,0.0,0.0,0.0,0.9999999999999999,wait:lane_lock,0,0,0,0,-1.0
1787201043.2990062,26.840353605343132,0.4737903225806452,111.68278805120919,0.0,0.0,0.0,0.0,0.9999999999999999,wait:lane_lock,0,0,0,0,-1.0
1787201043.340573,27.14054345635855,0.4737903225806452,110.18421052631597,0.0,0.0,0.0,0.0,0.9999999999999999,wait:lane_lock,0,0,0,0,-1.0
1787201043.3770263,26.58572685591413,0.4737903225806452,111.56235182550982,0.0,0.0,0.0,0.0,0.9999999999999999,wait:lane_lock,0,0,0,0,-1.0
1787201043.41284,26.710465456257623,0.4737903225806452,110.7863916548128,0.0,0.0,0.0,0.0,0.9999999999999999,wait:lane_lock,0,0,0,0,-1.0
1787201043.4529684,27.01333455660494,0.4737903225806452,111.21384542437177,0.0,0.0,0.0,0.0,0.9999999999999999,wait:lane_lock,0,0,0,0,-1.0
1787201043.4904401,26.512952004390417,0.4737903225806452,111.2532005689901,0.0,0.0,0.0,0.0,0.9999999999999999,wait:lane_lock,0,0,0,0,-1.0
1787201043.525103,26.634818140107384,0.4737903225806452,111.55879563774312,0.0,0.0,0.0,0.0,0.9999999999999999,wait:lane_lock,0,0,0,0,-1.0
1787201043.5651832,27.08638093005151,0.4737903225806452,111.0075865339023,0.0,0.0,0.0,0.0,0.9999999999999999,wait:lane_lock,0,0,0,0,-1.0
1787201043.601371,26.63698738277983,0.4737903225806452,111.17259364627809,0.0,0.0,0.0,0.0,0.9999999999999999,wait:lane_lock,0,0,0,0,-1.0
1787201043.6372323,26.865436989435693,0.4737903225806452,111.24940730203899,0.0,0.0,0.0,0.0,0.9999999999999999,wait:lane_lock,0,0,0,0,-1.0
1787201043.6771019,27.058601937933105,0.4737903225806452,111.47060218112851,0.0,0.0,0.0,0.0,0.9999999999999999,wait:lane_lock,0,0,0,0,-1.0
1787201043.7142026,26.63428262711417,0.4737903225806452,110.82171645329566,0.0,0.0,0.0,0.0,0.9999999999999999,wait:lane_lock,0,0,0,0,-1.0
1787201043.7496402,26.742655049027373,0.4737903225806452,111.80630630630635,0.0,0.0,0.0,0.0,0.9999999999999999,wait:lane_lock,0,0,0,0,-1.0
1787201043.7920778,27.037277800336895,0.4737903225806452,111.17045993361793,0.0,0.0,0.0,0.0,0.9999999999999999,wait:lane_lock,0,0,0,0,-1.0
1787201043.8289013,26.292194892802595,0.4737903225806452,111.2247510668564,0.0,0.0,0.0,0.0,0.9999999999999999,wait:lane_lock,0,0,0,0,-1.0
1787201043.8636134,26.533810873540308,0.4798387096774194,112.12055476529196,0.0,0.0,0.0,0.0,0.9999999999999999,wait:lane_lock,0,0,0,0,-1.0
1787201043.9027202,26.994058725599075,0.4737903225806452,111.14485538169747,0.0,0.0,0.0,0.0,0.9999999999999999,wait:lane_lock,0,0,0,0,-1.0
1787201043.9388018,26.694037447955225,0.4737903225806452,111.47060218112851,0.0,0.0,0.0,0.0,0.9999999999999999,wait:lane_lock,0,0,0,0,-1.0
1787201043.9738085,26.890733919640862,0.4737903225806452,110.7600758653391,0.0,0.0,0.0,0.0,0.9999999999999999,wait:lane_lock,0,0,0,0,-1.0
1787201044.0147169,27.237638236089722,0.4737903225806452,111.15765765765785,0.0,0.0,0.0,0.0,0.9999999999999999,wait:lane_lock,0,0,0,0,-1.0
1787201044.0506017,26.67101541295816,0.4737903225806452,111.0075865339023,0.0,0.0,0.0,0.0,0.9999999999999999,wait:lane_lock,0,0,0,0,-1.0
1787201044.085732,26.83643398388547,0.4737903225806452,112.44357515410167,0.0,0.0,0.0,0.0,0.9999999999999999,wait:lane_lock,0,0,0,0,-1.0
1787201044.1252856,27.257595158336294,0.4737903225806452,111.0993361782836,0.0,0.0,0.0,0.0,0.9999999999999999,wait:lane_lock,0,0,0,0,-1.0
1787201044.1621754,26.858296125185163,0.4737903225806452,111.70815552394511,0.0,0.0,0.0,0.0,0.9999999999999999,wait:lane_lock,0,0,0,0,-1.0
1787201044.1979814,26.91793727783567,0.4737903225806452,111.86605026078719,0.0,0.0,0.0,0.0,0.9999999999999999,wait:lane_lock,0,0,0,0,-1.0
1787201044.238305,27.11882426849381,0.4798387096774194,112.09157183499316,0.0,0.0,0.0,0.0,0.9999999999999999,wait:lane_lock,0,0,0,0,-1.0
1787201044.274688,26.55869759125365,0.4737903225806452,111.78283546704623,0.0,0.0,0.0,0.0,0.9999999999999999,wait:lane_lock,0,0,0,0,-1.0
1787201044.3105,26.86685457473788,0.4798387096774194,113.2457325746802,0.0,0.0,0.0,0.0,0.9999999999999999,wait:lane_lock,0,0,0,0,-1.0
1787201044.351916,27.07913595113733,0.4737903225806452,111.47060218112851,0.0,0.0,0.0,0.0,0.9999999999999999,wait:lane_lock,0,0,0,0,-1.0
1787201044.3900218,26.451717135147227,0.4737903225806452,111.03034613560928,0.0,0.0,0.0,0.0,0.9999999999999999,wait:lane_lock,0,0,0,0,-1.0
1787201044.424837,26.450168478792133,0.4737903225806452,111.77358937885269,0.0,0.0,0.0,0.0,0.9999999999999999,wait:lane_lock,0,0,0,0,-1.0
1787201044.4642718,26.914130631067977,0.4798387096774194,113.62980085348534,0.0,0.0,0.0,0.0,0.9999999999999999,wait:lane_lock,0,0,0,0,-1.0
1787201044.5013266,26.534366003267706,0.4737903225806452,111.22309151256529,0.0,0.0,0.0,0.0,0.9999999999999999,wait:lane_lock,0,0,0,0,-1.0
1787201044.5375395,26.705460403224023,0.4737903225806452,110.89995258416309,0.0,0.0,0.0,0.0,0.9999999999999999,wait:lane_lock,0,0,0,0,-1.0
1787201044.578263,26.859637568924683,0.4737903225806452,110.7354196301565,0.0,0.0,0.0,0.0,0.9999999999999999,wait:lane_lock,0,0,0,0,-1.0
1787201044.6159027,26.407612687320288,0.4737903225806452,113.23826458037001,0.0,0.0,0.0,0.0,0.9999999999999999,wait:lane_lock,0,0,0,0,-1.0
1787201044.6514618,26.458281398919162,0.4737903225806452,112.2038880986251,0.0,0.0,0.0,0.0,0.9999999999999999,wait:lane_lock,0,0,0,0,-1.0
1787201044.692665,26.787763906208042,0.4737903225806452,111.15765765765785,0.0,0.0,0.0,0.0,0.9999999999999999,wait:lane_lock,0,0,0,0,-1.0
1787201044.72908,26.233275633812873,0.4737903225806452,112.29634898055969,0.0,0.0,0.0,0.0,0.9999999999999999,wait:lane_lock,0,0,0,0,-1.0
1787201044.7646804,26.54614355446766,0.4737903225806452,111.6185395922238,0.0,0.0,0.0,0.0,0.9999999999999999,wait:lane_lock,0,0,0,0,-1.0
1787201044.8061519,26.854772282060157,0.4737903225806452,111.6590801327645,0.0,0.0,0.0,0.0,0.9999999999999999,wait:lane_lock,0,0,0,0,-1.0
1787201044.8446438,26.219491017217415,0.4737903225806452,112.20175438596519,0.0,0.0,0.0,0.0,0.9999999999999999,wait:lane_lock,0,0,0,0,-1.0
1787201044.8800046,26.276719610697427,0.4737903225806452,111.71242294926505,0.0,0.0,0.0,0.0,0.9999999999999999,wait:lane_lock,0,0,0,0,-1.0
1787201044.9208033,26.67727986711897,0.4737903225806452,111.51967757230918,0.0,0.0,0.0,0.0,0.9999999999999999,wait:lane_lock,0,0,0,0,-1.0
1787201044.9578476,26.1353670677383,0.4737903225806452,112.56140350877196,0.0,0.0,0.0,0.0,0.9999999999999999,wait:lane_lock,0,0,0,0,-1.0
1787201044.9928281,26.4444359578588,0.4737903225806452,111.42105263157909,0.0,0.0,0.0,0.0,0.9999999999999999,wait:lane_lock,0,0,0,0,-1.0
1787201045.033163,26.873515380726975,0.4737903225806452,112.36249407302047,0.0,0.0,0.0,0.0,0.9999999999999999,wait:lane_lock,0,0,0,0,-1.0
1787201045.0706697,26.405644563099607,0.4737903225806452,110.18421052631588,0.0,0.0,0.0,0.0,0.9999999999999999,wait:lane_lock,0,0,0,0,-1.0
1787201045.105507,26.503125548220112,0.4737903225806452,112.74751066856352,0.0,0.0,0.0,0.0,0.9999999999999999,wait:lane_lock,0,0,0,0,-1.0
1787201045.144361,26.947276634594054,0.4737903225806452,111.2188240872452,0.0,0.0,0.0,0.0,0.9999999999999999,wait:lane_lock,0,0,0,0,-1.0
1787201045.1804693,26.622702691438914,0.4737903225806452,111.37885253674744,0.0,0.0,0.0,0.0,0.9999999999999999,wait:lane_lock,0,0,0,0,-1.0
1787201045.2154722,26.94890605946009,0.4737903225806452,111.09222380275028,0.0,0.0,0.0,0.0,0.9999999999999999,wait:lane_lock,0,0,0,0,-1.0
1787201045.2555711,27.26963395745194,0.4737903225806452,111.17117117117125,0.0,0.0,0.0,0.0,0.9999999999999999,wait:lane_lock,0,0,0,0,-1.0
1787201045.2930386,26.79177216889421,0.4737903225806452,111.86605026078719,0.0,0.0,0.0,0.0,0.9999999999999999,wait:lane_lock,0,0,0,0,-1.0
1787201045.3280103,26.787033993144675,0.4737903225806452,111.48340445708884,0.0,0.0,0.0,0.0,0.9999999999999999,wait:lane_lock,0,0,0,0,-1.0
1787201045.3680072,27.149237539203753,0.4737903225806452,111.01801801801828,0.0,0.0,0.0,0.0,0.9999999999999999,wait:lane_lock,0,0,0,0,-1.0
1787201045.405515,26.533196335927197,0.4737903225806452,110.18942626837365,0.0,0.0,0.0,0.0,0.9999999999999999,wait:lane_lock,0,0,0,0,-1.0
1787201045.4408433,26.777705629135745,0.4737903225806452,111.40919867235678,0.0,0.0,0.0,0.0,0.9999999999999999,wait:lane_lock,0,0,0,0,-1.0
1787201045.4806614,27.09251761773155,0.4737903225806452,111.56235182550982,0.0,0.0,0.0,0.0,0.9999999999999999,wait:lane_lock,0,0,0,0,-1.0
1787201045.5173619,26.62473780831399,0.4737903225806452,112.24442863916565,0.0,0.0,0.0,0.0,0.9999999999999999,wait:lane_lock,0,0,0,0,-1.0
1787201045.5519898,26.838807527485947,0.4737903225806452,111.09625414888582,0.0,0.0,0.0,0.0,0.9999999999999999,wait:lane_lock,0,0,0,0,-1.0
1787201045.5919034,27.137340970265406,0.4737903225806452,112.3610715979139,0.0,0.0,0.0,0.0,0.9999999999999999,wait:lane_lock,0,0,0,0,-1.0
1787201045.6276314,26.72019993729741,0.4737903225806452,111.31175912754885,0.0,0.0,0.0,0.0,0.9999999999999999,wait:lane_lock,0,0,0,0,-1.0
1787201045.6624556,27.08021373245752,0.4737903225806452,111.05595068752966,0.0,0.0,0.0,0.0,0.9999999999999999,wait:lane_lock,0,0,0,0,-1.0
1787201045.7033756,27.40843156492453,0.4737903225806452,111.98269321953545,0.0,0.0,0.0,0.0,0.9999999999999999,wait:lane_lock,0,0,0,0,-1.0
1787201045.7406917,26.74984481205057,0.4737903225806452,111.37102892366052,0.0,0.0,0.0,0.0,0.9999999999999999,wait:lane_lock,0,0,0,0,-1.0
1787201045.7755935,26.837452013082963,0.4737903225806452,111.67686107159803,0.0,0.0,0.0,0.0,0.9999999999999999,wait:lane_lock,0,0,0,0,-1.0
1787201045.8158138,27.201421398381573,0.4737903225806452,112.63987671882427,0.0,0.0,0.0,0.0,0.9999999999999999,wait:lane_lock,0,0,0,0,-1.0
1787201045.8528814,26.676920652570892,0.4737903225806452,111.56377430061633,0.0,0.0,0.0,0.0,0.9999999999999999,wait:lane_lock,0,0,0,0,-1.0
1787201045.8872848,26.793774440814897,0.4737903225806452,111.48103366524442,0.0,0.0,0.0,0.0,0.9999999999999999,wait:lane_lock,0,0,0,0,-1.0
1787201045.9268022,27.235262379818952,0.4737903225806452,111.70815552394511,0.0,0.0,0.0,0.0,0.9999999999999999,wait:lane_lock,0,0,0,0,-1.0
1787201045.9632778,26.812211443212693,0.4737903225806452,112.14698909435762,0.0,0.0,0.0,0.0,0.9999999999999999,wait:lane_lock,0,0,0,0,-1.0
1787201045.9984531,26.99107247797093,0.4737903225806452,111.97273589378851,0.0,0.0,0.0,0.0,0.9999999999999999,wait:lane_lock,0,0,0,0,-1.0
1787201046.0383246,27.28995522872452,0.4737903225806452,112.04457088667637,0.0,0.0,0.0,0.0,0.9999999999999999,wait:lane_lock,0,0,0,0,-1.0
1787201046.0737715,26.83346826029833,0.4737903225806452,111.79682313892866,0.0,0.0,0.0,0.0,0.9999999999999999,wait:lane_lock,0,0,0,0,-1.0
1787201046.1085122,27.126313340546055,0.4737903225806452,112.66287339971574,0.0,0.0,0.0,0.0,0.9999999999999999,wait:lane_lock,0,0,0,0,-1.0
1787201046.148781,27.45836789157393,0.4737903225806452,111.78212422949277,0.0,0.0,0.0,0.0,0.9999999999999999,wait:lane_lock,0,0,0,0,-1.0
1787201046.1867611,26.90850449832688,0.4737903225806452,111.63560929350403,0.0,0.0,0.0,0.0,0.9999999999999999,wait:lane_lock,0,0,0,0,-1.0
1787201046.2216792,26.81727438416146,0.4737903225806452,112.578947368421,0.0,0.0,0.0,0.0,0.9999999999999999,wait:lane_lock,0,0,0,0,-1.0
1787201046.2613633,27.179775374078066,0.4737903225806452,111.85538169748698,0.0,0.0,0.0,0.0,0.9999999999999999,wait:lane_lock,0,0,0,0,-1.0
1787201046.297466,26.766573118393794,0.4737903225806452,111.36178283546714,0.0,0.0,0.0,0.0,0.9999999999999999,wait:lane_lock,0,0,0,0,-1.0
1787201046.3331237,26.89477625572455,0.4737903225806452,111.89805595068782,0.0,0.0,0.0,0.0,0.9999999999999999,wait:lane_lock,0,0,0,0,-1.0
1787201046.372134,27.21366242293437,0.4737903225806452,112.01967757230943,0.0,0.0,0.0,0.0,0.9999999999999999,wait:lane_lock,0,0,0,0,-1.0
1787201046.408555,26.817937259844037,0.4737903225806452,111.53745851114293,0.0,0.0,0.0,0.0,0.9999999999999999,wait:lane_lock,0,0,0,0,-1.0
1787201046.4437995,27.041188400563563,0.4737903225806452,111.70815552394511,0.0,0.0,0.0,0.0,0.9999999999999999,wait:lane_lock,0,0,0,0,-1.0
1787201046.48387,27.307552324402817,0.4737903225806452,111.86605026078719,0.0,0.0,0.0,0.0,0.9999999999999999,wait:lane_lock,0,0,0,0,-1.0
1787201046.5199823,26.748970852136818,0.4737903225806452,112.60573731626388,0.0,0.0,0.0,0.0,0.9999999999999999,wait:lane_lock,0,0,0,0,-1.0
1787201046.554805,27.041857740683362,0.4737903225806452,111.67686107159803,0.0,0.0,0.0,0.0,0.9999999999999999,wait:lane_lock,0,0,0,0,-1.0
1787201046.5949035,27.374946731678246,0.4737903225806452,111.60360360360374,0.0,0.0,0.0,0.0,0.9999999999999999,wait:lane_lock,0,0,0,0,-1.0
1787201046.6323705,26.859364268053085,0.4737903225806452,112.01967757230943,0.0,0.0,0.0,0.0,0.9999999999999999,wait:lane_lock,0,0,0,0,-1.0
1787201046.6668756,26.86296892146896,0.4737903225806452,111.0075865339023,0.0,0.0,0.0,0.0,0.9999999999999999,wait:lane_lock,0,0,0,0,-1.0
1787201046.7072225,27.288376032856483,0.4737903225806452,111.71597913703191,0.0,0.0,0.0,0.0,0.9999999999999999,wait:lane_lock,0,0,0,0,-1.0
1787201046.7435656,26.729870284777313,0.4737903225806452,111.95566619250835,0.0,0.0,0.0,0.0,0.9999999999999999,wait:lane_lock,0,0,0,0,-1.0
1787201046.7786593,26.963477460173735,0.4737903225806452,111.31484115694657,0.0,0.0,0.0,0.0,0.9999999999999999,wait:lane_lock,0,0,0,0,-1.0
1787201046.818412,27.26897841773892,0.4737903225806452,112.06448553816985,0.0,0.0,0.0,0.0,0.9999999999999999,wait:lane_lock,0,0,0,0,-1.0
1787201046.855413,26.720817694800335,0.4737903225806452,110.55144618302519,0.0,0.0,0.0,0.0,0.9999999999999999,wait:lane_lock,0,0,0,0,-1.0
1787201046.8906934,26.92641452829354,0.4737903225806452,112.66477003319127,0.0,0.0,0.0,0.0,0.9999999999999999,wait:lane_lock,0,0,0,0,-1.0
1787201046.9318938,27.21882089848299,0.4798387096774194,112.38993598862058,0.0,0.0,0.0,0.0,0.9999999999999999,wait:lane_lock,0,0,0,0,-1.0
1787201046.9684248,26.554977228712474,0.4737903225806452,113.14201043148447,0.0,0.0,0.0,0.0,0.9999999999999999,wait:lane_lock,0,0,0,0,-1.0
1787201047.0031617,26.806540909482184,0.4737903225806452,111.0320056899006,0.0,0.0,0.0,0.0,0.9999999999999999,wait:lane_lock,0,0,0,0,-1.0
1787201047.043571,27.197185680991417,0.4737903225806452,111.03034613560928,0.0,0.0,0.0,0.0,0.9999999999999999,wait:lane_lock,0,0,0,0,-1.0
1787201047.0819373,26.6257459791559,0.4737903225806452,111.67686107159803,0.0,0.0,0.0,0.0,0.9999999999999999,wait:lane_lock,0,0,0,0,-1.0
1787201047.1170096,26.620989361267245,0.4798387096774194,112.48968705547685,0.0,0.0,0.0,0.0,0.9999999999999999,wait:lane_lock,0,0,0,0,-1.0
1787201047.1576564,26.987775712295143,0.4737903225806452,111.4950213371268,0.0,0.0,0.0,0.0,0.9999999999999999,wait:lane_lock,0,0,0,0,-1.0
1787201047.1944127,26.505368527468754,0.4737903225806452,110.18942626837365,0.0,0.0,0.0,0.0,0.9999999999999999,wait:lane_lock,0,0,0,0,-1.0
1787201047.2299035,26.66333038289467,0.4737903225806452,111.51967757230918,0.0,0.0,0.0,0.0,0.9999999999999999,wait:lane_lock,0,0,0,0,-1.0
1787201047.2698467,26.965983738474346,0.4737903225806452,111.36036036036046,0.0,0.0,0.0,0.0,0.9999999999999999,wait:lane_lock,0,0,0,0,-1.0
1787201047.3074043,26.50698331505016,0.4737903225806452,111.2247510668564,0.0,0.0,0.0,0.0,0.9999999999999999,wait:lane_lock,0,0,0,0,-1.0
1787201047.3429806,26.6052984262228,0.4737903225806452,110.33380749170236,0.0,0.0,0.0,0.0,0.9999999999999999,wait:lane_lock,0,0,0,0,-1.0
1787201047.3835955,26.91660712851804,0.4737903225806452,112.62162162162164,0.0,0.0,0.0,0.0,0.9999999999999999,wait:lane_lock,0,0,0,0,-1.0
1787201047.4199588,26.326667231682016,0.4737903225806452,112.35775248933149,0.0,0.0,0.0,0.0,0.9999999999999999,wait:lane_lock,0,0,0,0,-1.0
1787201047.4558723,26.726224244494876,0.4737903225806452,110.20910384068296,0.0,0.0,0.0,0.0,0.9999999999999999,wait:lane_lock,0,0,0,0,-1.0
1787201047.4963605,26.95804040824116,0.4737903225806452,110.81412991939314,0.0,0.0,0.0,0.0,0.9999999999999999,wait:lane_lock,0,0,0,0,-1.0
1787201047.5341513,26.457016150553073,0.4737903225806452,111.27785680417279,0.0,0.0,0.0,0.0,0.9999999999999999,wait:lane_lock,0,0,0,0,-1.0
1787201047.5694492,26.490823390745135,0.4737903225806452,111.48103366524442,0.0,0.0,0.0,0.0,0.9999999999999999,wait:lane_lock,0,0,0,0,-1.0
1787201047.610052,26.864569741621974,0.4737903225806452,111.55832147937409,0.0,0.0,0.0,0.0,0.9999999999999999,wait:lane_lock,0,0,0,0,-1.0
1787201047.6474128,26.257255937716764,0.4798387096774194,112.11041963015685,0.0,0.0,0.0,0.0,0.9999999999999999,wait:lane_lock,0,0,0,0,-1.0
1787201047.6825745,26.57738742760597,0.4798387096774194,114.2224395448082,0.0,0.0,0.0,0.0,0.9999999999999999,wait:lane_lock,0,0,0,0,-1.0
1787201047.7225091,26.957621452923306,0.4737903225806452,111.47060218112851,0.0,0.0,0.0,0.0,0.9999999999999999,wait:lane_lock,0,0,0,0,-1.0
1787201047.7609882,26.55967916108316,0.4737903225806452,112.66974869606456,0.0,0.0,0.0,0.0,0.9999999999999999,wait:lane_lock,0,0,0,0,-1.0
1787201047.7966115,26.46018770621356,0.4737903225806452,112.07088667614987,0.0,0.0,0.0,0.0,0.9999999999999999,wait:lane_lock,0,0,0,0,-1.0
1787201047.8389227,26.70006538815568,0.4737903225806452,111.53461356092957,0.0,0.0,0.0,0.0,0.9999999999999999,wait:lane_lock,0,0,0,0,-1.0
1787201047.8765008,26.10707121231317,0.4737903225806452,112.24513987671897,0.0,0.0,0.0,0.0,0.9999999999999999,wait:lane_lock,0,0,0,0,-1.0
1787201047.9118676,26.258291482828668,0.4737903225806452,111.44570886676149,0.0,0.0,0.0,0.0,0.9999999999999999,wait:lane_lock,0,0,0,0,-1.0
1787201047.9514885,26.66162949567541,0.4737903225806452,111.73873873873889,0.0,0.0,0.0,0.0,0.9999999999999999,wait:lane_lock,0,0,0,0,-1.0
1787201047.991494,26.29470012056787,0.4737903225806452,111.67686107159803,0.0,0.0,0.0,0.0,0.9999999999999999,wait:lane_lock,0,0,0,0,-1.0
1787201048.0271695,26.11667209577405,0.4798387096774194,112.50106685633045,0.0,0.0,0.0,0.0,0.9999999999999999,wait:lane_lock,0,0,0,0,-1.0
1787201048.067969,26.494519055391006,0.4737903225806452,111.3191085822665,0.0,0.0,0.0,0.0,0.9999999999999999,wait:lane_lock,0,0,0,0,-1.0
1787201048.1052732,26.02086019244527,0.4737903225806452,111.45614035087738,0.0,0.0,0.0,0.0,0.9999999999999999,wait:lane_lock,0,0,0,0,-1.0
1787201048.1413932,26.279179397922327,0.4737903225806452,111.47060218112851,0.0,0.0,0.0,0.0,0.9999999999999999,wait:lane_lock,0,0,0,0,-1.0
1787201048.1823468,26.560260274052112,0.4737903225806452,111.55666192508316,0.0,0.0,0.0,0.0,0.9999999999999999,wait:lane_lock,0,0,0,0,-1.0
1787201048.221181,26.099636620453364,0.4737903225806452,110.99170222854451,0.0,0.0,0.0,0.0,0.9999999999999999,wait:lane_lock,0,0,0,0,-1.0
1787201048.2567446,26.06575478887606,0.4798387096774194,111.83339260312988,0.0,0.0,0.0,0.0,0.9999999999999999,wait:lane_lock,0,0,0,0,-1.0
1787201048.297829,26.476031028812578,0.4737903225806452,111.8041725936463,0.0,0.0,0.0,0.0,0.9999999999999999,wait:lane_lock,0,0,0,0,-1.0
1787201048.3365066,26.014847214050235,0.4737903225806452,112.09720246562371,0.0,0.0,0.0,0.0,0.9999999999999999,wait:lane_lock,0,0,0,0,-1.0
1787201048.3713613,26.011483485131738,0.4737903225806452,111.47060218112851,0.0,0.0,0.0,0.0,0.9999999999999999,wait:lane_lock,0,0,0,0,-1.0
1787201048.414428,26.553369991237282,0.4737903225806452,110.85348506401134,0.0,0.0,0.0,0.0,0.9999999999999999,wait:lane_lock,0,0,0,0,-1.0
1787201048.4560103,25.875654167133007,0.4737903225806452,111.8041725936463,0.0,0.0,0.0,0.0,0.9999999999999999,wait:lane_lock,0,0,0,0,-1.0
1787201048.4922678,25.524131693756225,0.4737903225806452,111.87316263632054,0.0,0.0,0.0,0.0,0.9999999999999999,wait:lane_lock,0,0,0,0,-1.0
1787201048.5342727,25.934749232137072,0.4798387096774194,111.54054054054073,0.0,0.0,0.0,0.0,0.9999999999999999,wait:lane_lock,0,0,0,0,-1.0
1787201048.57398,25.23496775564155,0.4737903225806452,111.23352299668102,0.0,0.0,0.0,0.0,0.9999999999999999,wait:lane_lock,0,0,0,0,-1.0
1787201048.6112514,25.491971341833974,0.4737903225806452,110.43693693693697,0.0,0.0,0.0,0.0,0.9999999999999999,wait:lane_lock,0,0,0,0,-1.0
1787201048.6557062,25.836864819273686,0.4737903225806452,111.0341394025606,0.0,0.0,0.0,0.0,0.9999999999999999,wait:lane_lock,0,0,0,0,-1.0
1787201048.6949024,25.109734054645934,0.4737903225806452,112.70531057373172,0.0,0.0,0.0,0.0,0.9999999999999999,wait:lane_lock,0,0,0,0,-1.0
1787201048.7301695,25.27750543630224,0.4737903225806452,111.5851114272167,0.0,0.0,0.0,0.0,0.9999999999999999,wait:lane_lock,0,0,0,0,-1.0
1787201048.7713223,25.89338750809229,0.4798387096774194,112.74697724039879,0.0,0.0,0.0,0.0,0.9999999999999999,wait:lane_lock,0,0,0,0,-1.0
1787201048.80855,25.51150448141704,0.4737903225806452,112.04457088667637,0.0,0.0,0.0,0.0,0.9999999999999999,wait:lane_lock,0,0,0,0,-1.0
1787201048.844154,25.860528149331603,0.4737903225806452,112.4442863916549,0.0,0.0,0.0,0.0,0.9999999999999999,wait:lane_lock,0,0,0,0,-1.0
1787201048.885423,26.30575389664817,0.4737903225806452,111.9336178283546,0.0,0.0,0.0,0.0,0.9999999999999999,wait:lane_lock,0,0,0,0,-1.0
1787201048.9241405,25.86867814615932,0.4737903225806452,112.64011379800857,0.0,0.0,0.0,0.0,0.9999999999999999,wait:lane_lock,0,0,0,0,-1.0
1787201048.9602542,25.8857831229579,0.4737903225806452,112.61356092935053,0.0,0.0,0.0,0.0,0.9999999999999999,wait:lane_lock,0,0,0,0,-1.0
1787201049.0015597,26.2473001765443,0.4737903225806452,112.01185395922244,0.0,0.0,0.0,0.0,0.9999999999999999,wait:lane_lock,0,0,0,0,-1.0
1787201049.0392654,25.766150560535593,0.4737903225806452,111.64272166903766,0.0,0.0,0.0,0.0,0.9999999999999999,wait:lane_lock,0,0,0,0,-1.0
1787201049.0749857,25.999399513368203,0.4737903225806452,111.29634898055963,0.0,0.0,0.0,0.0,0.9999999999999999,wait:lane_lock,0,0,0,0,-1.0
1787201049.1161087,26.407163008097307,0.4737903225806452,112.20175438596519,0.0,0.0,0.0,0.0,0.9999999999999999,wait:lane_lock,0,0,0,0,-1.0
1787201049.1552625,25.90934869516395,0.4737903225806452,112.67899478425824,0.0,0.0,0.0,0.0,0.9999999999999999,wait:lane_lock,0,0,0,0,-1.0
1787201049.1908798,25.887502509566808,0.4737903225806452,111.47060218112851,0.0,0.0,0.0,0.0,0.9999999999999999,wait:lane_lock,0,0,0,0,-1.0
1787201049.2310543,26.37236979526424,0.4737903225806452,111.71242294926505,0.0,0.0,0.0,0.0,0.9999999999999999,wait:lane_lock,0,0,0,0,-1.0
1787201049.2677853,25.83718100555997,0.4737903225806452,111.47060218112851,0.0,0.0,0.0,0.0,0.9999999999999999,wait:lane_lock,0,0,0,0,-1.0
1787201049.302582,26.42718268011257,0.4798387096774194,111.30636557610268,0.0,0.0,0.0,0.0,0.9999999999999999,wait:lane_lock,0,0,0,0,-1.0
1787201049.3428602,26.885800502147454,0.4798387096774194,112.79018492176436,0.0,0.0,0.0,0.0,0.9999999999999999,wait:lane_lock,0,0,0,0,-1.0
1787201049.3808894,26.385615058282326,0.4737903225806452,111.405168326221,0.0,0.0,0.0,0.0,0.9999999999999999,wait:lane_lock,0,0,0,0,-1.0
1787201049.4152403,26.477618266167234,0.4737903225806452,112.01967757230943,0.0,0.0,0.0,0.0,0.9999999999999999,wait:lane_lock,0,0,0,0,-1.0
1787201049.4560523,26.977444018884487,0.4737903225806452,110.59388335704129,0.0,0.0,0.0,0.0,0.9999999999999999,wait:lane_lock,0,0,0,0,-1.0
1787201049.49231,26.496014944431202,0.4737903225806452,111.56235182550982,0.0,0.0,0.0,0.0,0.9999999999999999,wait:lane_lock,0,0,0,0,-1.0
1787201049.5271823,26.720697845759968,0.4737903225806452,110.80346135609302,0.0,0.0,0.0,0.0,0.9999999999999999,wait:lane_lock,0,0,0,0,-1.0
1787201049.5680246,27.104734819009387,0.4737903225806452,112.41014698909434,0.0,0.0,0.0,0.0,0.9999999999999999,wait:lane_lock,0,0,0,0,-1.0
1787201049.6053503,26.55652321489501,0.4737903225806452,109.74608819345674,0.0,0.0,0.0,0.0,0.9999999999999999,wait:lane_lock,0,0,0,0,-1.0
1787201049.6401145,26.638771717171444,0.4737903225806452,111.27785680417279,0.0,0.0,0.0,0.0,0.9999999999999999,wait:lane_lock,0,0,0,0,-1.0
1787201049.679665,27.066297951585966,0.4737903225806452,111.73304883831203,0.0,0.0,0.0,0.0,0.9999999999999999,wait:lane_lock,0,0,0,0,-1.0
1787201049.7150807,26.653982164389372,0.4737903225806452,111.2532005689901,0.0,0.0,0.0,0.0,0.9999999999999999,wait:lane_lock,0,0,0,0,-1.0
1787201049.749917,27.012449899423057,0.4737903225806452,111.5362731152204,0.0,0.0,0.0,0.0,0.9999999999999999,wait:lane_lock,0,0,0,0,-1.0
1787201049.789859,27.35938083786254,0.4737903225806452,113.51920341394037,0.0,0.0,0.0,0.0,0.9999999999999999,wait:lane_lock,0,0,0,0,-1.0
1787201049.8273726,26.802010936392563,0.4737903225806452,111.36178283546714,0.0,0.0,0.0,0.0,0.9999999999999999,wait:lane_lock,0,0,0,0,-1.0
1787201049.863406,26.8900868774708,0.4737903225806452,110.898767188241,0.0,0.0,0.0,0.0,0.9999999999999999,wait:lane_lock,0,0,0,0,-1.0
1787201049.9044578,27.066469896538067,0.4737903225806452,112.20175438596519,0.0,0.0,0.0,0.0,0.9999999999999999,wait:lane_lock,0,0,0,0,-1.0
1787201049.94112,26.48636480669746,0.4737903225806452,112.10787102892358,0.0,0.0,0.0,0.0,0.9999999999999999,wait:lane_lock,0,0,0,0,-1.0
1787201049.9762642,26.695677184522154,0.4737903225806452,111.27003319108577,0.0,0.0,0.0,0.0,0.9999999999999999,wait:lane_lock,0,0,0,0,-1.0
1787201050.0161006,27.05181387725313,0.4737903225806452,111.7408724513989,0.0,0.0,0.0,0.0,0.9999999999999999,wait:lane_lock,0,0,0,0,-1.0
1787201050.0546744,26.578476869622634,0.4737903225806452,111.0993361782836,0.0,0.0,0.0,0.0,0.9999999999999999,wait:lane_lock,0,0,0,0,-1.0
1787201050.0909593,26.540476523621667,0.4737903225806452,110.94215267899482,0.0,0.0,0.0,0.0,0.9999999999999999,wait:lane_lock,0,0,0,0,-1.0
1787201050.1350036,26.651601241395287,0.4737903225806452,111.9542437174017,0.0,0.0,0.0,0.0,0.9999999999999999,wait:lane_lock,0,0,0,0,-1.0
1787201050.1755788,25.775599969834065,0.4798387096774194,112.86842105263196,0.0,0.0,0.0,0.0,0.9999999999999999,wait:lane_lock,0,0,0,0,-1.0
1787201050.2112215,25.73279942344379,0.4737903225806452,111.47700331910885,0.0,0.0,0.0,0.0,0.9999999999999999,wait:lane_lock,0,0,0,0,-1.0
1787201050.2529802,26.191435331049295,0.4737903225806452,109.97392128971082,0.0,0.0,0.0,0.0,0.9999999999999999,wait:lane_lock,0,0,0,0,-1.0
1787201050.2919586,25.723164666776892,0.4737903225806452,111.93954480796604,0.0,0.0,0.0,0.0,0.9999999999999999,wait:lane_lock,0,0,0,0,-1.0
1787201050.3276665,25.736482898251104,0.4737903225806452,111.73257467994316,0.0,0.0,0.0,0.0,0.9999999999999999,wait:lane_lock,0,0,0,0,-1.0
1787201050.368741,26.191470840591784,0.4737903225806452,112.04812707444287,0.0,0.0,0.0,0.0,0.9999999999999999,wait:lane_lock,0,0,0,0,-1.0
1787201050.404224,25.806990596811083,0.4737903225806452,110.63323850165953,0.0,0.0,0.0,0.0,0.9999999999999999,wait:lane_lock,0,0,0,0,-1.0
1787201050.4390066,26.30461412654704,0.4737903225806452,111.53745851114293,0.0,0.0,0.0,0.0,0.9999999999999999,wait:lane_lock,0,0,0,0,-1.0
1787201050.4790602,26.78670603653039,0.4737903225806452,111.31650071123747,0.0,0.0,0.0,0.0,0.9999999999999999,wait:lane_lock,0,0,0,0,-1.0
1787201050.5177014,26.31319344219762,0.4737903225806452,112.26932195353257,0.0,0.0,0.0,0.0,0.9999999999999999,wait:lane_lock,0,0,0,0,-1.0
1787201050.5526073,26.338846927026573,0.4737903225806452,111.405168326221,0.0,0.0,0.0,0.0,0.9999999999999999,wait:lane_lock,0,0,0,0,-1.0
1787201050.5914934,26.81919899805696,0.4737903225806452,112.51612138454254,0.0,0.0,0.0,0.0,0.9999999999999999,wait:lane_lock,0,0,0,0,-1.0
1787201050.6273723,26.522700105219418,0.4737903225806452,111.47060218112851,0.0,0.0,0.0,0.0,0.9999999999999999,wait:lane_lock,0,0,0,0,-1.0
1787201050.6620073,26.874897385572595,0.4737903225806452,110.9172593646279,0.0,0.0,0.0,0.0,0.9999999999999999,wait:lane_lock,0,0,0,0,-1.0
1787201050.7033744,27.28516530198012,0.4737903225806452,112.12825983878625,0.0,0.0,0.0,0.0,0.9999999999999999,wait:lane_lock,0,0,0,0,-1.0
1787201050.7419124,26.637320252994503,0.4737903225806452,111.23352299668102,0.0,0.0,0.0,0.0,0.9999999999999999,wait:lane_lock,0,0,0,0,-1.0
1787201050.7768087,26.526790276492694,0.4737903225806452,111.01801801801828,0.0,0.0,0.0,0.0,0.9999999999999999,wait:lane_lock,0,0,0,0,-1.0
1787201050.8162467,26.95807231068143,0.4737903225806452,112.62162162162164,0.0,0.0,0.0,0.0,0.9999999999999999,wait:lane_lock,0,0,0,0,-1.0
1787201050.85475,26.630811476360588,0.4737903225806452,110.43693693693697,0.0,0.0,0.0,0.0,0.9999999999999999,wait:lane_lock,0,0,0,0,-1.0
1787201050.890398,26.425190172375398,0.4737903225806452,111.70886676149844,0.0,0.0,0.0,0.0,0.9999999999999999,wait:lane_lock,0,0,0,0,-1.0
1787201050.930287,26.844061788672768,0.4737903225806452,111.24940730203899,0.0,0.0,0.0,0.0,0.9999999999999999,wait:lane_lock,0,0,0,0,-1.0
1787201050.9690506,26.457396157250923,0.4737903225806452,111.4464201043149,0.0,0.0,0.0,0.0,0.9999999999999999,wait:lane_lock,0,0,0,0,-1.0
1787201051.0043736,26.35045686618731,0.4737903225806452,111.85822664770039,0.0,0.0,0.0,0.0,0.9999999999999999,wait:lane_lock,0,0,0,0,-1.0
1787201051.0435162,26.754413613921802,0.4737903225806452,112.1621621621623,0.0,0.0,0.0,0.0,0.9999999999999999,wait:lane_lock,0,0,0,0,-1.0
1787201051.0793626,26.44908569175916,0.4798387096774194,112.76333570412547,0.0,0.0,0.0,0.0,0.9999999999999999,wait:lane_lock,0,0,0,0,-1.0
1787201051.115754,26.810661050870475,0.4737903225806452,111.31484115694657,0.0,0.0,0.0,0.0,0.9999999999999999,wait:lane_lock,0,0,0,0,-1.0
1787201051.157595,26.9429881455137,0.4737903225806452,111.6590801327645,0.0,0.0,0.0,0.0,0.9999999999999999,wait:lane_lock,0,0,0,0,-1.0
1787201051.1978774,26.036473200398675,0.4737903225806452,112.85988620199149,0.0,0.0,0.0,0.0,0.9999999999999999,wait:lane_lock,0,0,0,0,-1.0
1787201051.2348337,26.14980694248429,0.4737903225806452,112.70388809862507,0.0,0.0,0.0,0.0,0.9999999999999999,wait:lane_lock,0,0,0,0,-1.0
1787201051.2773867,26.340695106291005,0.4737903225806452,111.4613560929351,0.0,0.0,0.0,0.0,0.9999999999999999,wait:lane_lock,0,0,0,0,-1.0
1787201051.313837,25.72435541496412,0.4737903225806452,110.41204362256995,0.0,0.0,0.0,0.0,0.9999999999999999,wait:lane_lock,0,0,0,0,-1.0
1787201051.3503497,26.127256209477004,0.4737903225806452,112.181128496918,0.0,0.0,0.0,0.0,0.9999999999999999,wait:lane_lock,0,0,0,0,-1.0
1787201051.3911767,26.389519114303365,0.4737903225806452,112.17686107159811,0.0,0.0,0.0,0.0,0.9999999999999999,wait:lane_lock,0,0,0,0,-1.0
1787201051.4297853,25.98743808045326,0.4737903225806452,112.37529634898091,0.0,0.0,0.0,0.0,0.9999999999999999,wait:lane_lock,0,0,0,0,-1.0
1787201051.4688153,25.978925138520886,0.467741935483871,110.99961648955443,0.0,0.0,0.0,0.0,0.9999999999999999,wait:lane_lock,0,0,0,0,-1.0
1787201051.5104892,25.924530400340622,0.4798387096774194,112.38993598862058,0.0,0.0,0.0,0.0,0.9999999999999999,wait:lane_lock,0,0,0,0,-1.0
1787201051.5465958,25.490131484422445,0.4737903225806452,111.31484115694657,0.0,0.0,0.0,0.0,0.9999999999999999,wait:lane_lock,0,0,0,0,-1.0
1787201051.5815845,25.999322685746897,0.4737903225806452,111.78923660502628,0.0,0.0,0.0,0.0,0.9999999999999999,wait:lane_lock,0,0,0,0,-1.0
1787201051.6227677,26.516445711216463,0.4737903225806452,112.70625889046931,0.0,0.0,0.0,0.0,0.9999999999999999,wait:lane_lock,0,0,0,0,-1.0
1787201051.6611116,25.973280364554093,0.4737903225806452,112.77999051683284,0.0,0.0,0.0,0.0,0.9999999999999999,wait:lane_lock,0,0,0,0,-1.0
1787201051.69644,26.108099227246765,0.4737903225806452,112.20056899004268,0.0,0.0,0.0,0.0,0.9999999999999999,wait:lane_lock,0,0,0,0,-1.0
1787201051.736865,26.526740217921496,0.4737903225806452,113.48506401137993,0.0,0.0,0.0,0.0,0.9999999999999999,wait:lane_lock,0,0,0,0,-1.0
1787201051.7740192,26.14305408175266,0.4737903225806452,112.70128022759614,0.0,0.0,0.0,0.0,0.9999999999999999,wait:lane_lock,0,0,0,0,-1.0
1787201051.809665,26.355933693973526,0.4737903225806452,111.51967757230918,0.0,0.0,0.0,0.0,0.9999999999999999,wait:lane_lock,0,0,0,0,-1.0
1787201051.8518825,26.695667962058934,0.4737903225806452,111.84329065908017,0.0,0.0,0.0,0.0,0.9999999999999999,wait:lane_lock,0,0,0,0,-1.0
1787201051.888735,26.052731286073197,0.4737903225806452,111.23352299668102,0.0,0.0,0.0,0.0,0.9999999999999999,wait:lane_lock,0,0,0,0,-1.0
1787201051.9238396,26.3238671520754,0.4737903225806452,110.9172593646279,0.0,0.0,0.0,0.0,0.9999999999999999,wait:lane_lock,0,0,0,0,-1.0
1787201051.9639728,26.756478388512917,0.4737903225806452,112.04457088667637,0.0,0.0,0.0,0.0,0.9999999999999999,wait:lane_lock,0,0,0,0,-1.0
1787201052.0007722,26.320028582719058,0.4737903225806452,112.56661925083007,0.0,0.0,0.0,0.0,0.9999999999999999,wait:lane_lock,0,0,0,0,-1.0
1787201052.0355628,26.571023101533935,0.4737903225806452,111.98055950687531,0.0,0.0,0.0,0.0,0.9999999999999999,wait:lane_lock,0,0,0,0,-1.0
1787201052.0754998,27.009210671034232,0.4737903225806452,111.89805595068782,0.0,0.0,0.0,0.0,0.9999999999999999,wait:lane_lock,0,0,0,0,-1.0
1787201052.11208,26.592975960674245,0.4737903225806452,112.86107159791386,0.0,0.0,0.0,0.0,0.9999999999999999,wait:lane_lock,0,0,0,0,-1.0
1787201052.1474981,26.768329019718998,0.4737903225806452,111.0993361782836,0.0,0.0,0.0,0.0,0.9999999999999999,wait:lane_lock,0,0,0,0,-1.0
1787201052.1866615,27.04379480487325,0.4737903225806452,111.31484115694657,0.0,0.0,0.0,0.0,0.9999999999999999,wait:lane_lock,0,0,0,0,-1.0
1787201052.2225895,26.680153320455915,0.4737903225806452,111.0993361782836,0.0,0.0,0.0,0.0,0.9999999999999999,wait:lane_lock,0,0,0,0,-1.0
1787201052.2579424,27.003944871728464,0.4737903225806452,112.5810810810811,0.0,0.0,0.0,0.0,0.9999999999999999,wait:lane_lock,0,0,0,0,-1.0
1787201052.2984054,27.260284889710256,0.4737903225806452,111.2309151256521,0.0,0.0,0.0,0.0,0.9999999999999999,wait:lane_lock,0,0,0,0,-1.0
1787201052.336177,26.716496302176594,0.4737903225806452,111.4841156946419,0.0,0.0,0.0,0.0,0.9999999999999999,wait:lane_lock,0,0,0,0,-1.0
1787201052.3710942,26.704307231035823,0.4737903225806452,111.50829777145582,0.0,0.0,0.0,0.0,0.9999999999999999,wait:lane_lock,0,0,0,0,-1.0
1787201052.4116995,27.00256350989721,0.4798387096774194,112.61397581792359,0.0,0.0,0.0,0.0,0.9999999999999999,wait:lane_lock,0,0,0,0,-1.0
1787201052.4478586,26.538181716482494,0.4737903225806452,111.47060218112851,0.0,0.0,0.0,0.0,0.9999999999999999,wait:lane_lock,0,0,0,0,-1.0
1787201052.4825761,26.820930268944995,0.4737903225806452,112.39947842579434,0.0,0.0,0.0,0.0,0.9999999999999999,wait:lane_lock,0,0,0,0,-1.0
1787201052.522945,27.215554914781002,0.4737903225806452,111.9521100047417,0.0,0.0,0.0,0.0,0.9999999999999999,wait:lane_lock,0,0,0,0,-1.0
1787201052.560802,26.710510942290128,0.4798387096774194,112.16162873399757,0.0,0.0,0.0,0.0,0.9999999999999999,wait:lane_lock,0,0,0,0,-1.0
1787201052.5992653,26.675653230102483,0.4737903225806452,112.69464201043172,0.0,0.0,0.0,0.0,0.9999999999999999,wait:lane_lock,0,0,0,0,-1.0
1787201052.6412754,26.528046247295723,0.4737903225806452,110.76173541963037,0.0,0.0,0.0,0.0,0.9999999999999999,wait:lane_lock,0,0,0,0,-1.0
1787201052.678598,25.909222189874615,0.4737903225806452,111.79706021811295,0.0,0.0,0.0,0.0,0.9999999999999999,wait:lane_lock,0,0,0,0,-1.0
1787201052.7150676,26.107570121753962,0.4737903225806452,111.22309151256529,0.0,0.0,0.0,0.0,0.9999999999999999,wait:lane_lock,0,0,0,0,-1.0
1787201052.7556987,26.43401233988693,0.4737903225806452,112.0239449976292,0.0,0.0,0.0,0.0,0.9999999999999999,wait:lane_lock,0,0,0,0,-1.0
1787201052.794127,26.044367360914684,0.4737903225806452,111.56235182550982,0.0,0.0,0.0,0.0,0.9999999999999999,wait:lane_lock,0,0,0,0,-1.0
1787201052.832774,26.102771210177586,0.4737903225806452,111.905168326221,0.0,0.0,0.0,0.0,0.9999999999999999,wait:lane_lock,0,0,0,0,-1.0
1787201052.8728302,26.061176966687945,0.4737903225806452,111.23044096728299,0.0,0.0,0.0,0.0,0.9999999999999999,wait:lane_lock,0,0,0,0,-1.0
1787201052.909129,25.818000485758503,0.4737903225806452,111.14390706495973,0.0,0.0,0.0,0.0,0.9999999999999999,wait:lane_lock,0,0,0,0,-1.0
1787201052.9436157,26.189401563555236,0.4798387096774194,112.16162873399757,0.0,0.0,0.0,0.0,0.9999999999999999,wait:lane_lock,0,0,0,0,-1.0
1787201052.9835398,26.75420942738631,0.4798387096774194,112.16162873399757,0.0,0.0,0.0,0.0,0.9999999999999999,wait:lane_lock,0,0,0,0,-1.0
1787201053.0217533,26.31884262981984,0.4737903225806452,112.39687055476521,0.0,0.0,0.0,0.0,0.9999999999999999,wait:lane_lock,0,0,0,0,-1.0
1787201053.057398,26.394249064110827,0.4737903225806452,110.99312470365116,0.0,0.0,0.0,0.0,0.9999999999999999,wait:lane_lock,0,0,0,0,-1.0
1787201053.0978496,26.726500500887266,0.4798387096774194,111.80352062588936,0.0,0.0,0.0,0.0,0.9999999999999999,wait:lane_lock,0,0,0,0,-1.0
1787201053.1356077,26.218870798275745,0.4798387096774194,111.74715504978708,0.0,0.0,0.0,0.0,0.9999999999999999,wait:lane_lock,0,0,0,0,-1.0
1787201053.171284,26.317049604810027,0.4737903225806452,111.0075865339023,0.0,0.0,0.0,0.0,0.9999999999999999,wait:lane_lock,0,0,0,0,-1.0
1787201053.2107925,26.744202093801132,0.4798387096774194,112.38993598862058,0.0,0.0,0.0,0.0,0.9999999999999999,wait:lane_lock,0,0,0,0,-1.0
1787201053.247897,26.405911010880143,0.4798387096774194,111.02098150782395,0.0,0.0,0.0,0.0,0.9999999999999999,wait:lane_lock,0,0,0,0,-1.0
1787201053.2824762,26.573222225356496,0.4737903225806452,111.7062588904696,0.0,0.0,0.0,0.0,0.9999999999999999,wait:lane_lock,0,0,0,0,-1.0
1787201053.3223064,27.042796684277498,0.4737903225806452,111.56235182550982,0.0,0.0,0.0,0.0,0.9999999999999999,wait:lane_lock,0,0,0,0,-1.0
1787201053.358316,26.642453701966772,0.4737903225806452,111.77785680417281,0.0,0.0,0.0,0.0,0.9999999999999999,wait:lane_lock,0,0,0,0,-1.0
1787201053.3929958,26.892798221821415,0.4737903225806452,111.7814129919394,0.0,0.0,0.0,0.0,0.9999999999999999,wait:lane_lock,0,0,0,0,-1.0
1787201053.4331717,27.280417097726207,0.4737903225806452,111.48340445708884,0.0,0.0,0.0,0.0,0.9999999999999999,wait:lane_lock,0,0,0,0,-1.0
1787201053.4702668,26.689999339559623,0.4737903225806452,111.48103366524442,0.0,0.0,0.0,0.0,0.9999999999999999,wait:lane_lock,0,0,0,0,-1.0
1787201053.5050628,26.880959653649874,0.4798387096774194,112.12055476529196,0.0,0.0,0.0,0.0,0.9999999999999999,wait:lane_lock,0,0,0,0,-1.0
1787201053.54426,27.253173014688493,0.4737903225806452,111.405168326221,0.0,0.0,0.0,0.0,0.9999999999999999,wait:lane_lock,0,0,0,0,-1.0
1787201053.5803163,26.81514800713579,0.4737903225806452,110.82171645329566,0.0,0.0,0.0,0.0,0.9999999999999999,wait:lane_lock,0,0,0,0,-1.0
1787201053.6149857,27.09166688992129,0.4737903225806452,111.7408724513989,0.0,0.0,0.0,0.0,0.9999999999999999,wait:lane_lock,0,0,0,0,-1.0
1787201053.656896,27.429010768082854,0.4737903225806452,111.2451398767189,0.0,0.0,0.0,0.0,0.9999999999999999,wait:lane_lock,0,0,0,0,-1.0
1787201053.6941383,26.719888443206827,0.4737903225806452,110.79160739687065,0.0,0.0,0.0,0.0,0.9999999999999999,wait:lane_lock,0,0,0,0,-1.0
1787201053.7287533,26.76645791800521,0.4798387096774194,111.21408250355651,0.0,0.0,0.0,0.0,0.9999999999999999,wait:lane_lock,0,0,0,0,-1.0
1787201053.7681553,27.183148532853444,0.4737903225806452,111.22095779990535,0.0,0.0,0.0,0.0,0.9999999999999999,wait:lane_lock,0,0,0,0,-1.0
1787201053.8049536,26.750310449382557,0.4737903225806452,111.9336178283546,0.0,0.0,0.0,0.0,0.9999999999999999,wait:lane_lock,0,0,0,0,-1.0
1787201053.839746,26.929526940155235,0.4737903225806452,111.70886676149844,0.0,0.0,0.0,0.0,0.9999999999999999,wait:lane_lock,0,0,0,0,-1.0
1787201053.880128,27.293111227425285,0.4737903225806452,111.15931721194889,0.0,0.0,0.0,0.0,0.9999999999999999,wait:lane_lock,0,0,0,0,-1.0
1787201053.9193585,26.4596513684977,0.4737903225806452,111.88667614983422,0.0,0.0,0.0,0.0,0.9999999999999999,wait:lane_lock,0,0,0,0,-1.0
1787201053.956931,26.646892285787153,0.4737903225806452,111.90232337600786,0.0,0.0,0.0,0.0,0.9999999999999999,wait:lane_lock,0,0,0,0,-1.0
1787201053.9983313,26.650712054261273,0.4737903225806452,111.47060218112851,0.0,0.0,0.0,0.0,0.9999999999999999,wait:lane_lock,0,0,0,0,-1.0
1787201054.035188,26.13084805391084,0.4737903225806452,110.99170222854451,0.0,0.0,0.0,0.0,0.9999999999999999,wait:lane_lock,0,0,0,0,-1.0
1787201054.0700378,26.356861962206484,0.4737903225806452,110.99999999999984,0.0,0.0,0.0,0.0,0.9999999999999999,wait:lane_lock,0,0,0,0,-1.0
1787201054.1104448,26.832062486068494,0.4737903225806452,112.44167852062581,0.0,0.0,0.0,0.0,0.9999999999999999,wait:lane_lock,0,0,0,0,-1.0
1787201054.147794,26.389571099272082,0.4737903225806452,111.17970602181144,0.0,0.0,0.0,0.0,0.9999999999999999,wait:lane_lock,0,0,0,0,-1.0
1787201054.1828384,26.48470477388,0.4737903225806452,111.73447131341885,0.0,0.0,0.0,0.0,0.9999999999999999,wait:lane_lock,0,0,0,0,-1.0
1787201054.2239437,26.905279112747017,0.4737903225806452,111.31650071123747,0.0,0.0,0.0,0.0,0.9999999999999999,wait:lane_lock,0,0,0,0,-1.0
1787201054.2613363,26.38584772470678,0.467741935483871,110.4844713134187,0.0,0.0,0.0,0.0,0.9999999999999999,wait:lane_lock,0,0,0,0,-1.0
1787201054.296106,26.4644970975927,0.4737903225806452,110.7968231389286,0.0,0.0,0.0,0.0,0.9999999999999999,wait:lane_lock,0,0,0,0,-1.0
1787201054.3351538,26.913272658454183,0.4737903225806452,111.85538169748698,0.0,0.0,0.0,0.0,0.9999999999999999,wait:lane_lock,0,0,0,0,-1.0
1787201054.37254,26.575271633970655,0.4737903225806452,111.9336178283546,0.0,0.0,0.0,0.0,0.9999999999999999,wait:lane_lock,0,0,0,0,-1.0
1787201054.4073234,26.70769802303878,0.4737903225806452,111.06353722143201,0.0,0.0,0.0,0.0,0.9999999999999999,wait:lane_lock,0,0,0,0,-1.0
1787201054.4481282,27.10996351641474,0.4798387096774194,111.94736842105308,0.0,0.0,0.0,0.0,0.9999999999999999,wait:lane_lock,0,0,0,0,-1.0
1787201054.4836073,26.57449043497669,0.4737903225806452,112.4016121384542,0.0,0.0,0.0,0.0,0.9999999999999999,wait:lane_lock,0,0,0,0,-1.0
1787201054.5183992,26.921025029569748,0.4798387096774194,113.28947368421098,0.0,0.0,0.0,0.0,0.9999999999999999,wait:lane_lock,0,0,0,0,-1.0
1787201054.5599916,27.285913873043057,0.4737903225806452,111.47060218112851,0.0,0.0,0.0,0.0,0.9999999999999999,wait:lane_lock,0,0,0,0,-1.0
1787201054.5999534,26.577017661420992,0.4798387096774194,113.54409672830755,0.0,0.0,0.0,0.0,0.9999999999999999,wait:lane_lock,0,0,0,0,-1.0
1787201054.6348007,26.333667207965767,0.4737903225806452,111.405168326221,0.0,0.0,0.0,0.0,0.9999999999999999,wait:lane_lock,0,0,0,0,-1.0
1787201054.675929,26.7142701465122,0.4737903225806452,111.45922238027516,0.0,0.0,0.0,0.0,0.9999999999999999,wait:lane_lock,0,0,0,0,-1.0
1787201054.7127976,26.205134278963214,0.4737903225806452,111.48767188240866,0.0,0.0,0.0,0.0,0.9999999999999999,wait:lane_lock,0,0,0,0,-1.0
1787201054.747554,26.503508086050488,0.4737903225806452,111.2529634898057,0.0,0.0,0.0,0.0,0.9999999999999999,wait:lane_lock,0,0,0,0,-1.0
1787201054.787498,26.949955530894506,0.4737903225806452,112.39805595068783,0.0,0.0,0.0,0.0,0.9999999999999999,wait:lane_lock,0,0,0,0,-1.0
1787201054.8245401,26.545222145224997,0.4737903225806452,112.22048364153639,0.0,0.0,0.0,0.0,0.9999999999999999,wait:lane_lock,0,0,0,0,-1.0
1787201054.8588266,26.675479231527483,0.4737903225806452,111.4613560929351,0.0,0.0,0.0,0.0,0.9999999999999999,wait:lane_lock,0,0,0,0,-1.0
1787201054.8986175,27.174155418212354,0.4737903225806452,111.23660502607869,0.0,0.0,0.0,0.0,0.9999999999999999,wait:lane_lock,0,0,0,0,-1.0
1787201054.935636,26.756184244837545,0.4737903225806452,111.47060218112851,0.0,0.0,0.0,0.0,0.9999999999999999,wait:lane_lock,0,0,0,0,-1.0
1787201054.9710238,26.816980201122583,0.4737903225806452,111.31484115694657,0.0,0.0,0.0,0.0,0.9999999999999999,wait:lane_lock,0,0,0,0,-1.0
1787201055.0117018,27.100870789319597,0.4737903225806452,112.42437174016123,0.0,0.0,0.0,0.0,0.9999999999999999,wait:lane_lock,0,0,0,0,-1.0
1787201055.0498374,26.388708667482,0.4737903225806452,112.17117117117122,0.0,0.0,0.0,0.0,0.9999999999999999,wait:lane_lock,0,0,0,0,-1.0
1787201055.0847206,26.61959039481808,0.4737903225806452,111.56235182550982,0.0,0.0,0.0,0.0,0.9999999999999999,wait:lane_lock,0,0,0,0,-1.0
1787201055.1245782,27.030881383733306,0.4737903225806452,111.98530109056452,0.0,0.0,0.0,0.0,0.9999999999999999,wait:lane_lock,0,0,0,0,-1.0
1787201055.1600463,26.636457666736938,0.4737903225806452,112.16761498340456,0.0,0.0,0.0,0.0,0.9999999999999999,wait:lane_lock,0,0,0,0,-1.0
1787201055.1958323,26.956643800442656,0.4798387096774194,112.80440967283096,0.0,0.0,0.0,0.0,0.9999999999999999,wait:lane_lock,0,0,0,0,-1.0
1787201055.2364957,27.141582090893557,0.4737903225806452,112.20175438596519,0.0,0.0,0.0,0.0,0.9999999999999999,wait:lane_lock,0,0,0,0,-1.0
1787201055.2756891,26.634473324286013,0.4798387096774194,111.46692745376998,0.0,0.0,0.0,0.0,0.9999999999999999,wait:lane_lock,0,0,0,0,-1.0
1787201055.3105457,26.41674193608945,0.4737903225806452,110.84210526315803,0.0,0.0,0.0,0.0,0.9999999999999999,wait:lane_lock,0,0,0,0,-1.0
1787201055.3548408,26.84878118990498,0.4737903225806452,112.86107159791396,0.0,0.0,0.0,0.0,0.9999999999999999,wait:lane_lock,0,0,0,0,-1.0
1787201055.3922086,25.994082692067,0.4737903225806452,111.00592697961144,0.0,0.0,0.0,0.0,0.9999999999999999,wait:lane_lock,0,0,0,0,-1.0
1787201055.4287689,26.085058850637193,0.4798387096774194,112.24786628734049,0.0,0.0,0.0,0.0,0.9999999999999999,wait:lane_lock,0,0,0,0,-1.0
1787201055.4687932,26.416636690060585,0.4798387096774194,113.25640113798036,0.0,0.0,0.0,0.0,0.9999999999999999,wait:lane_lock,0,0,0,0,-1.0
1787201055.507262,25.933335694593854,0.4737903225806452,111.7408724513989,0.0,0.0,0.0,0.0,0.9999999999999999,wait:lane_lock,0,0,0,0,-1.0
1787201055.541791,26.175634352078085,0.4737903225806452,111.89947842579429,0.0,0.0,0.0,0.0,0.9999999999999999,wait:lane_lock,0,0,0,0,-1.0
1787201055.582114,26.74580095725332,0.4737903225806452,112.6721194879089,0.0,0.0,0.0,0.0,0.9999999999999999,wait:lane_lock,0,0,0,0,-1.0
1787201055.6213598,26.31752052363182,0.467741935483871,109.68063481438136,0.0,0.0,0.0,0.0,0.9999999999999999,wait:lane_lock,0,0,0,0,-1.0
1787201055.6569512,26.19443610693854,0.4737903225806452,112.07278330962548,0.0,0.0,0.0,0.0,0.9999999999999999,wait:lane_lock,0,0,0,0,-1.0
1787201055.698552,26.572535078673038,0.4737903225806452,112.33617828354684,0.0,0.0,0.0,0.0,0.9999999999999999,wait:lane_lock,0,0,0,0,-1.0
1787201055.7375348,26.023326511559517,0.4737903225806452,111.89805595068782,0.0,0.0,0.0,0.0,0.9999999999999999,wait:lane_lock,0,0,0,0,-1.0
1787201055.7738426,25.998326712664745,0.4737903225806452,112.01967757230943,0.0,0.0,0.0,0.0,0.9999999999999999,wait:lane_lock,0,0,0,0,-1.0
1787201055.8150227,26.30692132266079,0.4737903225806452,111.80488383119993,0.0,0.0,0.0,0.0,0.9999999999999999,wait:lane_lock,0,0,0,0,-1.0
1787201055.8524678,25.870314994712405,0.4737903225806452,112.85988620199149,0.0,0.0,0.0,0.0,0.9999999999999999,wait:lane_lock,0,0,0,0,-1.0
1787201055.888036,26.076270837126284,0.4737903225806452,111.73873873873886,0.0,0.0,0.0,0.0,0.9999999999999999,wait:lane_lock,0,0,0,0,-1.0
1787201055.929067,26.48339813337829,0.4737903225806452,111.84779516358473,0.0,0.0,0.0,0.0,0.9999999999999999,wait:lane_lock,0,0,0,0,-1.0
1787201055.9681544,25.98373457083421,0.4737903225806452,112.44144144144155,0.0,0.0,0.0,0.0,0.9999999999999999,wait:lane_lock,0,0,0,0,-1.0
1787201056.0038216,25.99208366427957,0.4737903225806452,111.97415836889546,0.0,0.0,0.0,0.0,0.9999999999999999,wait:lane_lock,0,0,0,0,-1.0
1787201056.0445464,26.402653537582836,0.4798387096774194,111.73310810810844,0.0,0.0,0.0,0.0,0.9999999999999999,wait:lane_lock,0,0,0,0,-1.0
1787201056.0819376,25.959433549421973,0.4737903225806452,111.0075865339023,0.0,0.0,0.0,0.0,0.9999999999999999,wait:lane_lock,0,0,0,0,-1.0
1787201056.1174881,26.204814929849153,0.4737903225806452,112.28639165481277,0.0,0.0,0.0,0.0,0.9999999999999999,wait:lane_lock,0,0,0,0,-1.0
1787201056.1576796,26.590220505298657,0.4737903225806452,111.24940730203899,0.0,0.0,0.0,0.0,0.9999999999999999,wait:lane_lock,0,0,0,0,-1.0
1787201056.1974936,26.113713851874977,0.4737903225806452,111.70886676149844,0.0,0.0,0.0,0.0,0.9999999999999999,wait:lane_lock,0,0,0,0,-1.0
1787201056.233,26.048956699334283,0.4737903225806452,112.25177809388362,0.0,0.0,0.0,0.0,0.9999999999999999,wait:lane_lock,0,0,0,0,-1.0
1787201056.273623,26.484567330584383,0.4737903225806452,111.43764817449023,0.0,0.0,0.0,0.0,0.9999999999999999,wait:lane_lock,0,0,0,0,-1.0
1787201056.3093963,26.093758623826755,0.4737903225806452,111.77951635846364,0.0,0.0,0.0,0.0,0.9999999999999999,wait:lane_lock,0,0,0,0,-1.0
1787201056.3441572,26.486132706652874,0.4737903225806452,112.3610715979139,0.0,0.0,0.0,0.0,0.9999999999999999,wait:lane_lock,0,0,0,0,-1.0
1787201056.3837323,26.928375687973436,0.4737903225806452,112.90445708866781,0.0,0.0,0.0,0.0,0.9999999999999999,wait:lane_lock,0,0,0,0,-1.0
1787201056.4216485,26.457584105483594,0.4737903225806452,110.96894262683755,0.0,0.0,0.0,0.0,0.9999999999999999,wait:lane_lock,0,0,0,0,-1.0
1787201056.4563875,26.616014370836304,0.4737903225806452,111.056661925083,0.0,0.0,0.0,0.0,0.9999999999999999,wait:lane_lock,0,0,0,0,-1.0
1787201056.497951,27.04990415568189,0.4737903225806452,111.31484115694657,0.0,0.0,0.0,0.0,0.9999999999999999,wait:lane_lock,0,0,0,0,-1.0
1787201056.5337613,26.425437191217835,0.4737903225806452,111.78496917970617,0.0,0.0,0.0,0.0,0.9999999999999999,wait:lane_lock,0,0,0,0,-1.0
1787201056.5687428,26.759366167756703,0.4737903225806452,112.09317211948799,0.0,0.0,0.0,0.0,0.9999999999999999,wait:lane_lock,0,0,0,0,-1.0
1787201056.6084464,27.125680739859643,0.4737903225806452,112.09862494073032,0.0,0.0,0.0,0.0,0.9999999999999999,wait:lane_lock,0,0,0,0,-1.0
1787201056.6453977,26.672595203776737,0.467741935483871,110.86530973698163,0.0,0.0,0.0,0.0,0.9999999999999999,wait:lane_lock,0,0,0,0,-1.0
1787201056.68007,26.81437956840722,0.4737903225806452,111.94713134186816,0.0,0.0,0.0,0.0,0.9999999999999999,wait:lane_lock,0,0,0,0,-1.0
1787201056.722245,27.222023413818036,0.4737903225806452,111.01801801801828,0.0,0.0,0.0,0.0,0.9999999999999999,wait:lane_lock,0,0,0,0,-1.0
1787201056.7625673,26.4673460217657,0.4737903225806452,111.946420104315,0.0,0.0,0.0,0.0,0.9999999999999999,wait:lane_lock,0,0,0,0,-1.0
1787201056.7987676,26.187009973004372,0.4737903225806452,112.2038880986251,0.0,0.0,0.0,0.0,0.9999999999999999,wait:lane_lock,0,0,0,0,-1.0
1787201056.839304,26.49329511576138,0.4737903225806452,112.11806543385491,0.0,0.0,0.0,0.0,0.9999999999999999,wait:lane_lock,0,0,0,0,-1.0
1787201056.8782938,26.08869776541799,0.4798387096774194,112.07521337126627,0.0,0.0,0.0,0.0,0.9999999999999999,wait:lane_lock,0,0,0,0,-1.0
1787201056.914139,26.02924873937607,0.4737903225806452,112.78283546704597,0.0,0.0,0.0,0.0,0.9999999999999999,wait:lane_lock,0,0,0,0,-1.0
1787201056.9556842,26.329115880167315,0.4737903225806452,111.6505452821243,0.0,0.0,0.0,0.0,0.9999999999999999,wait:lane_lock,0,0,0,0,-1.0
1787201056.994574,25.895161779813098,0.4737903225806452,112.4563774300617,0.0,0.0,0.0,0.0,0.9999999999999999,wait:lane_lock,0,0,0,0,-1.0
1787201057.0296466,25.898521107970097,0.4737903225806452,112.90256045519206,0.0,0.0,0.0,0.0,0.9999999999999999,wait:lane_lock,0,0,0,0,-1.0
1787201057.0693016,26.434936331776658,0.4737903225806452,109.79943100995733,0.0,0.0,0.0,0.0,0.9999999999999999,wait:lane_lock,0,0,0,0,-1.0
1787201057.1068876,26.14273251359396,0.4737903225806452,112.45922238027518,0.0,0.0,0.0,0.0,0.9999999999999999,wait:lane_lock,0,0,0,0,-1.0
1787201057.1413777,26.299773473312882,0.4737903225806452,112.17686107159811,0.0,0.0,0.0,0.0,0.9999999999999999,wait:lane_lock,0,0,0,0,-1.0
1787201057.1810195,26.839150533250073,0.4737903225806452,112.20175438596519,0.0,0.0,0.0,0.0,0.9999999999999999,wait:lane_lock,0,0,0,0,-1.0
1787201057.2177048,26.45518044512633,0.4737903225806452,109.97392128971082,0.0,0.0,0.0,0.0,0.9999999999999999,wait:lane_lock,0,0,0,0,-1.0
1787201057.252583,26.688252544754608,0.4737903225806452,110.85348506401134,0.0,0.0,0.0,0.0,0.9999999999999999,wait:lane_lock,0,0,0,0,-1.0
1787201057.2922473,27.085579877861214,0.4737903225806452,112.14414414414432,0.0,0.0,0.0,0.0,0.9999999999999999,wait:lane_lock,0,0,0,0,-1.0
1787201057.332752,26.47803737753353,0.4737903225806452,110.98127074442874,0.0,0.0,0.0,0.0,0.9999999999999999,wait:lane_lock,0,0,0,0,-1.0
1787201057.3682919,26.36552816069174,0.4737903225806452,110.9570886676151,0.0,0.0,0.0,0.0,0.9999999999999999,wait:lane_lock,0,0,0,0,-1.0
1787201057.4091623,26.720234183253908,0.4737903225806452,111.63560929350403,0.0,0.0,0.0,0.0,0.9999999999999999,wait:lane_lock,0,0,0,0,-1.0
1787201057.446757,26.161581901307432,0.4737903225806452,112.04457088667637,0.0,0.0,0.0,0.0,0.9999999999999999,wait:lane_lock,0,0,0,0,-1.0
1787201057.4821627,26.37369542280413,0.4737903225806452,111.58084400189676,0.0,0.0,0.0,0.0,0.9999999999999999,wait:lane_lock,0,0,0,0,-1.0
1787201057.5229893,26.755968681642468,0.4798387096774194,112.85472972973002,0.0,0.0,0.0,0.0,0.9999999999999999,wait:lane_lock,0,0,0,0,-1.0
1787201057.560098,26.28120439441311,0.4737903225806452,111.53485064011394,0.0,0.0,0.0,0.0,0.9999999999999999,wait:lane_lock,0,0,0,0,-1.0
1787201057.5947266,26.42522932742058,0.4798387096774194,112.21977240398336,0.0,0.0,0.0,0.0,0.9999999999999999,wait:lane_lock,0,0,0,0,-1.0
1787201057.6343176,26.934413324475386,0.4737903225806452,111.27714556661945,0.0,0.0,0.0,0.0,0.9999999999999999,wait:lane_lock,0,0,0,0,-1.0
1787201057.6712193,26.477185106823985,0.4798387096774194,112.66269559032757,0.0,0.0,0.0,0.0,0.9999999999999999,wait:lane_lock,0,0,0,0,-1.0
1787201057.7067487,26.66211573702502,0.4737903225806452,112.50758653390254,0.0,0.0,0.0,0.0,0.9999999999999999,wait:lane_lock,0,0,0,0,-1.0
1787201057.7469668,27.053514518313897,0.4737903225806452,112.14343290659079,0.0,0.0,0.0,0.0,0.9999999999999999,wait:lane_lock,0,0,0,0,-1.0
1787201057.7843084,26.594052169019655,0.4737903225806452,111.35870080606935,0.0,0.0,0.0,0.0,0.9999999999999999,wait:lane_lock,0,0,0,0,-1.0
1787201057.819366,26.650184868318707,0.4737903225806452,110.85348506401134,0.0,0.0,0.0,0.0,0.9999999999999999,wait:lane_lock,0,0,0,0,-1.0
1787201057.8591485,27.025235377883885,0.4737903225806452,112.83617828354697,0.0,0.0,0.0,0.0,0.9999999999999999,wait:lane_lock,0,0,0,0,-1.0
1787201057.8969443,26.623210502951842,0.4737903225806452,111.27714556661945,0.0,0.0,0.0,0.0,0.9999999999999999,wait:lane_lock,0,0,0,0,-1.0
1787201057.932032,26.62033222114367,0.4737903225806452,112.32930298719778,0.0,0.0,0.0,0.0,0.9999999999999999,wait:lane_lock,0,0,0,0,-1.0
1787201057.9712632,26.999802605695315,0.4737903225806452,112.17899478425814,0.0,0.0,0.0,0.0,0.9999999999999999,wait:lane_lock,0,0,0,0,-1.0
1787201058.0075428,26.633056138270238,0.4737903225806452,111.89805595068782,0.0,0.0,0.0,0.0,0.9999999999999999,wait:lane_lock,0,0,0,0,-1.0
1787201058.0430794,26.89618670590228,0.4737903225806452,112.04457088667637,0.0,0.0,0.0,0.0,0.9999999999999999,wait:lane_lock,0,0,0,0,-1.0
1787201058.084188,27.126722599452446,0.4737903225806452,111.7814129919394,0.0,0.0,0.0,0.0,0.9999999999999999,wait:lane_lock,0,0,0,0,-1.0
1787201058.127255,26.30372336568264,0.4737903225806452,111.95637743006175,0.0,0.0,0.0,0.0,0.9999999999999999,wait:lane_lock,0,0,0,0,-1.0
1787201058.1647217,25.938775093226567,0.4737903225806452,111.60787102892363,0.0,0.0,0.0,0.0,0.9999999999999999,wait:lane_lock,0,0,0,0,-1.0
1787201058.2045274,26.120123664611178,0.4737903225806452,110.69630156472275,0.0,0.0,0.0,0.0,0.9999999999999999,wait:lane_lock,0,0,0,0,-1.0
1787201058.2422316,25.918496943415615,0.4737903225806452,109.50023707918467,0.0,0.0,0.0,0.0,0.9999999999999999,wait:lane_lock,0,0,0,0,-1.0
1787201058.2770178,26.0237815583632,0.4737903225806452,111.61640587956394,0.0,0.0,0.0,0.0,0.9999999999999999,wait:lane_lock,0,0,0,0,-1.0
1787201058.3171258,26.576998182257427,0.4737903225806452,111.95448079658617,0.0,0.0,0.0,0.0,0.9999999999999999,wait:lane_lock,0,0,0,0,-1.0
1787201058.3537862,26.252577849818305,0.4737903225806452,111.8262209578,0.0,0.0,0.0,0.0,0.9999999999999999,wait:lane_lock,0,0,0,0,-1.0
1787201058.390437,26.465898093114287,0.4737903225806452,112.67899478425824,0.0,0.0,0.0,0.0,0.9999999999999999,wait:lane_lock,0,0,0,0,-1.0
1787201058.431304,26.63254551754144,0.4737903225806452,112.52536747273601,0.0,0.0,0.0,0.0,0.9999999999999999,wait:lane_lock,0,0,0,0,-1.0
1787201058.4683833,26.123719856010496,0.4737903225806452,111.2247510668564,0.0,0.0,0.0,0.0,0.9999999999999999,wait:lane_lock,0,0,0,0,-1.0
1787201058.5031602,26.3881098696257,0.4798387096774194,112.4032716927458,0.0,0.0,0.0,0.0,0.9999999999999999,wait:lane_lock,0,0,0,0,-1.0
1787201058.5439985,26.85280679050017,0.4737903225806452,111.57728781413002,0.0,0.0,0.0,0.0,0.9999999999999999,wait:lane_lock,0,0,0,0,-1.0
1787201058.5816448,26.236298988048755,0.4737903225806452,112.33617828354684,0.0,0.0,0.0,0.0,0.9999999999999999,wait:lane_lock,0,0,0,0,-1.0
1787201058.616888,26.487581732995192,0.4737903225806452,111.79990516832643,0.0,0.0,0.0,0.0,0.9999999999999999,wait:lane_lock,0,0,0,0,-1.0
1787201058.656122,26.865924883223563,0.4737903225806452,111.43504030346159,0.0,0.0,0.0,0.0,0.9999999999999999,wait:lane_lock,0,0,0,0,-1.0
1787201058.6941075,26.53657156022728,0.4737903225806452,112.76292081555248,0.0,0.0,0.0,0.0,0.9999999999999999,wait:lane_lock,0,0,0,0,-1.0
1787201058.7296908,26.52814526592774,0.4737903225806452,111.25983878615473,0.0,0.0,0.0,0.0,0.9999999999999999,wait:lane_lock,0,0,0,0,-1.0
1787201058.7685356,26.869728055785984,0.4737903225806452,111.95424371740167,0.0,0.0,0.0,0.0,0.9999999999999999,wait:lane_lock,0,0,0,0,-1.0
1787201058.8046172,26.521730156180944,0.4798387096774194,111.25515647226217,0.0,0.0,0.0,0.0,0.9999999999999999,wait:lane_lock,0,0,0,0,-1.0
1787201058.841264,26.913239029181845,0.4737903225806452,111.7036510194407,0.0,0.0,0.0,0.0,0.9999999999999999,wait:lane_lock,0,0,0,0,-1.0
1787201058.881816,26.97748473333474,0.4737903225806452,111.946420104315,0.0,0.0,0.0,0.0,0.9999999999999999,wait:lane_lock,0,0,0,0,-1.0
1787201058.919019,26.488819804418352,0.4737903225806452,111.7814129919394,0.0,0.0,0.0,0.0,0.9999999999999999,wait:lane_lock,0,0,0,0,-1.0
1787201058.9540434,26.59459702723378,0.4737903225806452,111.23352299668102,0.0,0.0,0.0,0.0,0.9999999999999999,wait:lane_lock,0,0,0,0,-1.0
1787201058.99489,26.99908137235914,0.4737903225806452,111.90872451398766,0.0,0.0,0.0,0.0,0.9999999999999999,wait:lane_lock,0,0,0,0,-1.0
1787201059.0318844,26.48449158675603,0.4737903225806452,111.47060218112851,0.0,0.0,0.0,0.0,0.9999999999999999,wait:lane_lock,0,0,0,0,-1.0
1787201059.0674958,26.608052608884744,0.4737903225806452,110.77050734945486,0.0,0.0,0.0,0.0,0.9999999999999999,wait:lane_lock,0,0,0,0,-1.0
1787201059.108264,26.902237027023368,0.4737903225806452,111.31484115694657,0.0,0.0,0.0,0.0,0.9999999999999999,wait:lane_lock,0,0,0,0,-1.0
1787201059.147919,26.344701113459298,0.4737903225806452,111.71597913703191,0.0,0.0,0.0,0.0,0.9999999999999999,wait:lane_lock,0,0,0,0,-1.0
1787201059.183553,26.211388713046258,0.4737903225806452,112.76505452821269,0.0,0.0,0.0,0.0,0.9999999999999999,wait:lane_lock,0,0,0,0,-1.0
1787201059.224764,26.49597015197903,0.4737903225806452,110.70744428639182,0.0,0.0,0.0,0.0,0.9999999999999999,wait:lane_lock,0,0,0,0,-1.0
1787201059.2624674,26.05705914509134,0.4798387096774194,112.47475106685668,0.0,0.0,0.0,0.0,0.9999999999999999,wait:lane_lock,0,0,0,0,-1.0
1787201059.298138,26.17650570955471,0.4798387096774194,112.47012802275984,0.0,0.0,0.0,0.0,0.9999999999999999,wait:lane_lock,0,0,0,0,-1.0
1787201059.338864,26.594102715257527,0.4737903225806452,110.18942626837365,0.0,0.0,0.0,0.0,0.9999999999999999,wait:lane_lock,0,0,0,0,-1.0
1787201059.3777554,26.17359539395357,0.4737903225806452,111.0993361782836,0.0,0.0,0.0,0.0,0.9999999999999999,wait:lane_lock,0,0,0,0,-1.0
1787201059.413121,26.088809805068166,0.4737903225806452,111.9336178283546,0.0,0.0,0.0,0.0,0.9999999999999999,wait:lane_lock,0,0,0,0,-1.0
1787201059.4539447,26.525785775075903,0.4737903225806452,112.63726884779526,0.0,0.0,0.0,0.0,0.9999999999999999,wait:lane_lock,0,0,0,0,-1.0
1787201059.494209,26.033583940678128,0.4737903225806452,112.12991939307729,0.0,0.0,0.0,0.0,0.9999999999999999,wait:lane_lock,0,0,0,0,-1.0
1787201059.5304713,25.864835803276545,0.4737903225806452,111.03034613560928,0.0,0.0,0.0,0.0,0.9999999999999999,wait:lane_lock,0,0,0,0,-1.0
1787201059.5706437,26.237164784173345,0.4737903225806452,110.7863916548128,0.0,0.0,0.0,0.0,0.9999999999999999,wait:lane_lock,0,0,0,0,-1.0
1787201059.6091208,25.934704664108292,0.4737903225806452,111.71834992887642,0.0,0.0,0.0,0.0,0.9999999999999999,wait:lane_lock,0,0,0,0,-1.0
1787201059.6449838,25.968598789239056,0.4737903225806452,111.07302038880995,0.0,0.0,0.0,0.0,0.9999999999999999,wait:lane_lock,0,0,0,0,-1.0
1787201059.6852033,26.362912548194167,0.4737903225806452,112.13560929350415,0.0,0.0,0.0,0.0,0.9999999999999999,wait:lane_lock,0,0,0,0,-1.0
1787201059.7234578,26.015034265736848,0.4737903225806452,111.57420578473237,0.0,0.0,0.0,0.0,0.9999999999999999,wait:lane_lock,0,0,0,0,-1.0
1787201059.7595484,26.097386038972417,0.4737903225806452,111.27785680417279,0.0,0.0,0.0,0.0,0.9999999999999999,wait:lane_lock,0,0,0,0,-1.0
1787201059.7993472,26.416510266198507,0.4798387096774194,111.94736842105308,0.0,0.0,0.0,0.0,0.9999999999999999,wait:lane_lock,0,0,0,0,-1.0
1787201059.836293,26.15093345281442,0.4737903225806452,111.15765765765785,0.0,0.0,0.0,0.0,0.9999999999999999,wait:lane_lock,0,0,0,0,-1.0
1787201059.8710957,26.348200833091994,0.4737903225806452,111.80630630630635,0.0,0.0,0.0,0.0,0.9999999999999999,wait:lane_lock,0,0,0,0,-1.0
1787201059.9118314,26.821154414603146,0.4737903225806452,111.41559981033656,0.0,0.0,0.0,0.0,0.9999999999999999,wait:lane_lock,0,0,0,0,-1.0
1787201059.9492555,26.358963493550533,0.4737903225806452,109.50023707918467,0.0,0.0,0.0,0.0,0.9999999999999999,wait:lane_lock,0,0,0,0,-1.0
1787201059.9852257,26.367442048718594,0.4737903225806452,111.24940730203899,0.0,0.0,0.0,0.0,0.9999999999999999,wait:lane_lock,0,0,0,0,-1.0
1787201060.0275836,26.742594241363445,0.4737903225806452,110.7726410621148,0.0,0.0,0.0,0.0,0.9999999999999999,wait:lane_lock,0,0,0,0,-1.0
1787201060.064631,26.003669294784412,0.4737903225806452,110.43693693693697,0.0,0.0,0.0,0.0,0.9999999999999999,wait:lane_lock,0,0,0,0,-1.0
1787201060.0992422,26.35454903729118,0.4737903225806452,111.53745851114293,0.0,0.0,0.0,0.0,0.9999999999999999,wait:lane_lock,0,0,0,0,-1.0
1787201060.1394122,26.856102134259398,0.4737903225806452,111.53745851114293,0.0,0.0,0.0,0.0,0.9999999999999999,wait:lane_lock,0,0,0,0,-1.0
1787201060.1771455,26.44970013518767,0.4737903225806452,111.77785680417281,0.0,0.0,0.0,0.0,0.9999999999999999,wait:lane_lock,0,0,0,0,-1.0
1787201060.2135093,26.47335704211302,0.4737903225806452,112.39687055476521,0.0,0.0,0.0,0.0,0.9999999999999999,wait:lane_lock,0,0,0,0,-1.0
1787201060.2547634,26.686289693475704,0.4737903225806452,111.80630630630635,0.0,0.0,0.0,0.0,0.9999999999999999,wait:lane_lock,0,0,0,0,-1.0
1787201060.2929316,26.09691917040916,0.4737903225806452,112.20531057373172,0.0,0.0,0.0,0.0,0.9999999999999999,wait:lane_lock,0,0,0,0,-1.0
1787201060.3277044,26.22496334910634,0.4737903225806452,111.84329065908017,0.0,0.0,0.0,0.0,0.9999999999999999,wait:lane_lock,0,0,0,0,-1.0
1787201060.3665295,26.743838169825832,0.4737903225806452,111.0993361782836,0.0,0.0,0.0,0.0,0.9999999999999999,wait:lane_lock,0,0,0,0,-1.0
1787201060.4021726,26.46229101594355,0.4737903225806452,111.70815552394511,0.0,0.0,0.0,0.0,0.9999999999999999,wait:lane_lock,0,0,0,0,-1.0
1787201060.4367177,26.890661356914705,0.4737903225806452,111.95068752963488,0.0,0.0,0.0,0.0,0.9999999999999999,wait:lane_lock,0,0,0,0,-1.0
1787201060.4780974,27.302015262854024,0.4737903225806452,111.46301564722603,0.0,0.0,0.0,0.0,0.9999999999999999,wait:lane_lock,0,0,0,0,-1.0
1787201060.5147026,26.65983975781877,0.4737903225806452,111.2532005689901,0.0,0.0,0.0,0.0,0.9999999999999999,wait:lane_lock,0,0,0,0,-1.0
1787201060.549971,26.805096806360694,0.4737903225806452,113.1669037458513,0.0,0.0,0.0,0.0,0.9999999999999999,wait:lane_lock,0,0,0,0,-1.0
1787201060.5901043,27.121380396900644,0.4737903225806452,110.8487434803226,0.0,0.0,0.0,0.0,0.9999999999999999,wait:lane_lock,0,0,0,0,-1.0
1787201060.6273997,26.636733771708307,0.4737903225806452,112.09340919867259,0.0,0.0,0.0,0.0,0.9999999999999999,wait:lane_lock,0,0,0,0,-1.0
1787201060.6623678,26.69176616835646,0.4737903225806452,111.31484115694657,0.0,0.0,0.0,0.0,0.9999999999999999,wait:lane_lock,0,0,0,0,-1.0
1787201060.701373,27.107503143400844,0.4737903225806452,111.57728781413002,0.0,0.0,0.0,0.0,0.9999999999999999,wait:lane_lock,0,0,0,0,-1.0
1787201060.7385828,26.66716016515335,0.4737903225806452,109.72641062114758,0.0,0.0,0.0,0.0,0.9999999999999999,wait:lane_lock,0,0,0,0,-1.0
1787201060.7750201,26.8811073130356,0.4737903225806452,111.9542437174017,0.0,0.0,0.0,0.0,0.9999999999999999,wait:lane_lock,0,0,0,0,-1.0
1787201060.8149674,26.98029105573831,0.4737903225806452,112.86107159791386,0.0,0.0,0.0,0.0,0.9999999999999999,wait:lane_lock,0,0,0,0,-1.0
1787201060.855183,26.57860057125261,0.4737903225806452,111.68610715979138,0.0,0.0,0.0,0.0,0.9999999999999999,wait:lane_lock,0,0,0,0,-1.0
1787201060.8919415,26.249303424539768,0.467741935483871,110.98297980643191,0.0,0.0,0.0,0.0,0.9999999999999999,wait:lane_lock,0,0,0,0,-1.0
1787201060.9326708,26.44124927137973,0.4737903225806452,111.72593646277859,0.0,0.0,0.0,0.0,0.9999999999999999,wait:lane_lock,0,0,0,0,-1.0
1787201060.972585,26.050931412255586,0.4737903225806452,110.43693693693697,0.0,0.0,0.0,0.0,0.9999999999999999,wait:lane_lock,0,0,0,0,-1.0
1787201061.010612,25.869081818388263,0.4737903225806452,111.48719772403997,0.0,0.0,0.0,0.0,0.9999999999999999,wait:lane_lock,0,0,0,0,-1.0
1787201061.0521743,25.952871455862095,0.4737903225806452,111.56235182550982,0.0,0.0,0.0,0.0,0.9999999999999999,wait:lane_lock,0,0,0,0,-1.0
1787201061.0906708,25.542056832641702,0.4737903225806452,112.42176386913235,0.0,0.0,0.0,0.0,0.9999999999999999,wait:lane_lock,0,0,0,0,-1.0
1787201061.131119,25.658088860445112,0.4737903225806452,111.25983878615473,0.0,0.0,0.0,0.0,0.9999999999999999,wait:lane_lock,0,0,0,0,-1.0
1787201061.1725879,25.47280705289517,0.4737903225806452,112.01754385964927,0.0,0.0,0.0,0.0,0.9999999999999999,wait:lane_lock,0,0,0,0,-1.0
1787201061.2129977,25.15490162773514,0.4737903225806452,112.24442863916565,0.0,0.0,0.0,0.0,0.9999999999999999,wait:lane_lock,0,0,0,0,-1.0
1787201061.249555,25.130283136489066,0.4737903225806452,112.15931721194896,0.0,0.0,0.0,0.0,0.9999999999999999,wait:lane_lock,0,0,0,0,-1.0
1787201061.2898488,25.58073280376261,0.4798387096774194,112.26084637268897,0.0,0.0,0.0,0.0,0.9999999999999999,wait:lane_lock,0,0,0,0,-1.0
1787201061.3282166,25.333120364145245,0.4737903225806452,112.47581792318633,0.0,0.0,0.0,0.0,0.9999999999999999,wait:lane_lock,0,0,0,0,-1.0
1787201061.363415,25.587633294847414,0.4798387096774194,113.14384779516374,0.0,0.0,0.0,0.0,0.9999999999999999,wait:lane_lock,0,0,0,0,-1.0
1787201061.4035413,26.14542915311327,0.4737903225806452,112.44357515410164,0.0,0.0,0.0,0.0,0.9999999999999999,wait:lane_lock,0,0,0,0,-1.0
1787201061.4423974,25.899944657707,0.4737903225806452,111.22309151256529,0.0,0.0,0.0,0.0,0.9999999999999999,wait:lane_lock,0,0,0,0,-1.0
1787201061.4775574,25.865079604792275,0.4737903225806452,112.28639165481277,0.0,0.0,0.0,0.0,0.9999999999999999,wait:lane_lock,0,0,0,0,-1.0
1787201061.518662,26.30537947929404,0.4737903225806452,112.37743006164062,0.0,0.0,0.0,0.0,0.9999999999999999,wait:lane_lock,0,0,0,0,-1.0
1787201061.5557296,25.966160734022957,0.4737903225806452,110.80938833570411,0.0,0.0,0.0,0.0,0.9999999999999999,wait:lane_lock,0,0,0,0,-1.0
1787201061.5908203,26.17584631406298,0.4737903225806452,111.68610715979138,0.0,0.0,0.0,0.0,0.9999999999999999,wait:lane_lock,0,0,0,0,-1.0
1787201061.6310997,26.628179827462944,0.4737903225806452,110.35870080606934,0.0,0.0,0.0,0.0,0.9999999999999999,wait:lane_lock,0,0,0,0,-1.0
1787201061.6687934,26.261777473912062,0.4737903225806452,112.2600758653392,0.0,0.0,0.0,0.0,0.9999999999999999,wait:lane_lock,0,0,0,0,-1.0
1787201061.7037961,26.334373838243774,0.4737903225806452,112.09435751541035,0.0,0.0,0.0,0.0,0.9999999999999999,wait:lane_lock,0,0,0,0,-1.0
1787201061.7451782,26.784077786256763,0.4737903225806452,111.69653864390727,0.0,0.0,0.0,0.0,0.9999999999999999,wait:lane_lock,0,0,0,0,-1.0
1787201061.7816381,26.21761174417182,0.4737903225806452,111.0075865339023,0.0,0.0,0.0,0.0,0.9999999999999999,wait:lane_lock,0,0,0,0,-1.0
1787201061.817173,26.514121319755777,0.4737903225806452,111.47060218112851,0.0,0.0,0.0,0.0,0.9999999999999999,wait:lane_lock,0,0,0,0,-1.0
1787201061.857565,26.83978499461439,0.4737903225806452,111.47060218112851,0.0,0.0,0.0,0.0,0.9999999999999999,wait:lane_lock,0,0,0,0,-1.0
1787201061.8958144,26.232388239369584,0.4737903225806452,111.2451398767189,0.0,0.0,0.0,0.0,0.9999999999999999,wait:lane_lock,0,0,0,0,-1.0
1787201061.931151,26.445706632610882,0.4737903225806452,111.38027501185411,0.0,0.0,0.0,0.0,0.9999999999999999,wait:lane_lock,0,0,0,0,-1.0
1787201061.9704256,26.80664385066915,0.4737903225806452,111.15718349928866,0.0,0.0,0.0,0.0,0.9999999999999999,wait:lane_lock,0,0,0,0,-1.0
1787201062.0059288,26.495820386105535,0.4737903225806452,111.2247510668564,0.0,0.0,0.0,0.0,0.9999999999999999,wait:lane_lock,0,0,0,0,-1.0
1787201062.0406535,26.8698742468935,0.4737903225806452,111.40303461356106,0.0,0.0,0.0,0.0,0.9999999999999999,wait:lane_lock,0,0,0,0,-1.0
1787201062.0806835,27.26520533414243,0.4737903225806452,112.67899478425824,0.0,0.0,0.0,0.0,0.9999999999999999,wait:lane_lock,0,0,0,0,-1.0
1787201062.1181586,26.804395731134225,0.4737903225806452,111.5851114272167,0.0,0.0,0.0,0.0,0.9999999999999999,wait:lane_lock,0,0,0,0,-1.0
1787201062.1531603,26.795774359914894,0.4737903225806452,111.48909435751558,0.0,0.0,0.0,0.0,0.9999999999999999,wait:lane_lock,0,0,0,0,-1.0
1787201062.1935856,27.150994999549287,0.4737903225806452,111.31484115694657,0.0,0.0,0.0,0.0,0.9999999999999999,wait:lane_lock,0,0,0,0,-1.0
1787201062.233294,26.64528535716817,0.4737903225806452,111.24940730203899,0.0,0.0,0.0,0.0,0.9999999999999999,wait:lane_lock,0,0,0,0,-1.0
1787201062.2706447,26.298665692121887,0.4737903225806452,111.47060218112851,0.0,0.0,0.0,0.0,0.9999999999999999,wait:lane_lock,0,0,0,0,-1.0
1787201062.3122509,26.484458682335173,0.4737903225806452,111.5609293504031,0.0,0.0,0.0,0.0,0.9999999999999999,wait:lane_lock,0,0,0,0,-1.0
1787201062.3497944,25.96912996565246,0.4737903225806452,113.0810810810811,0.0,0.0,0.0,0.0,0.9999999999999999,wait:lane_lock,0,0,0,0,-1.0
1787201062.3847609,26.1308762124795,0.4737903225806452,111.03200568990053,0.0,0.0,0.0,0.0,0.9999999999999999,wait:lane_lock,0,0,0,0,-1.0
1787201062.4245014,26.629401550255256,0.4737903225806452,111.78212422949277,0.0,0.0,0.0,0.0,0.9999999999999999,wait:lane_lock,0,0,0,0,-1.0
1787201062.461905,26.128844886123904,0.4737903225806452,111.01801801801828,0.0,0.0,0.0,0.0,0.9999999999999999,wait:lane_lock,0,0,0,0,-1.0
1787201062.4970934,26.503864992865402,0.4737903225806452,112.59862494073037,0.0,0.0,0.0,0.0,0.9999999999999999,wait:lane_lock,0,0,0,0,-1.0
1787201062.5439258,26.88010100758615,0.4737903225806452,112.17686107159811,0.0,0.0,0.0,0.0,0.9999999999999999,wait:lane_lock,0,0,0,0,-1.0
1787201062.5808456,25.767164845122892,0.4737903225806452,111.48103366524442,0.0,0.0,0.0,0.0,0.9999999999999999,wait:lane_lock,0,0,0,0,-1.0
1787201062.6159902,26.04790653650764,0.4737903225806452,111.48103366524442,0.0,0.0,0.0,0.0,0.9999999999999999,wait:lane_lock,0,0,0,0,-1.0
1787201062.6567693,26.532001138103077,0.4737903225806452,111.47060218112851,0.0,0.0,0.0,0.0,0.9999999999999999,wait:lane_lock,0,0,0,0,-1.0
1787201062.6948805,26.051682561470088,0.4737903225806452,112.24087245139899,0.0,0.0,0.0,0.0,0.9999999999999999,wait:lane_lock,0,0,0,0,-1.0
1787201062.7304213,26.180944083703725,0.4737903225806452,111.41014698909451,0.0,0.0,0.0,0.0,0.9999999999999999,wait:lane_lock,0,0,0,0,-1.0
1787201062.771042,26.57048080974915,0.4737903225806452,112.56661925082982,0.0,0.0,0.0,0.0,0.9999999999999999,wait:lane_lock,0,0,0,0,-1.0
1787201062.8088496,26.130690793365403,0.4737903225806452,110.21574205784732,0.0,0.0,0.0,0.0,0.9999999999999999,wait:lane_lock,0,0,0,0,-1.0
1787201062.844467,26.242191236155627,0.4737903225806452,111.73304883831203,0.0,0.0,0.0,0.0,0.9999999999999999,wait:lane_lock,0,0,0,0,-1.0
1787201062.8840828,26.6222326909575,0.4737903225806452,111.66761498340456,0.0,0.0,0.0,0.0,0.9999999999999999,wait:lane_lock,0,0,0,0,-1.0
1787201062.9209104,26.29795490845781,0.4737903225806452,111.0075865339023,0.0,0.0,0.0,0.0,0.9999999999999999,wait:lane_lock,0,0,0,0,-1.0
1787201062.9557595,26.527152636723567,0.4737903225806452,112.20175438596519,0.0,0.0,0.0,0.0,0.9999999999999999,wait:lane_lock,0,0,0,0,-1.0
1787201062.9962883,26.93939889609171,0.4737903225806452,111.31650071123747,0.0,0.0,0.0,0.0,0.9999999999999999,wait:lane_lock,0,0,0,0,-1.0
1787201063.034779,26.409742081902145,0.4737903225806452,112.01896633475592,0.0,0.0,0.0,0.0,0.9999999999999999,wait:lane_lock,0,0,0,0,-1.0
1787201063.0697722,26.42895671420258,0.4737903225806452,111.47629208155543,0.0,0.0,0.0,0.0,0.9999999999999999,wait:lane_lock,0,0,0,0,-1.0
1787201063.1096413,26.85868906806338,0.4737903225806452,111.0075865339023,0.0,0.0,0.0,0.0,0.9999999999999999,wait:lane_lock,0,0,0,0,-1.0
1787201063.1462219,26.44686387666989,0.4737903225806452,111.54385964912282,0.0,0.0,0.0,0.0,0.9999999999999999,wait:lane_lock,0,0,0,0,-1.0
1787201063.1817694,26.69151086524755,0.4737903225806452,112.15504978662868,0.0,0.0,0.0,0.0,0.9999999999999999,wait:lane_lock,0,0,0,0,-1.0
1787201063.22325,26.98191934935582,0.4737903225806452,111.9336178283546,0.0,0.0,0.0,0.0,0.9999999999999999,wait:lane_lock,0,0,0,0,-1.0
1787201063.260715,26.364200612898358,0.4737903225806452,112.61000474158365,0.0,0.0,0.0,0.0,0.9999999999999999,wait:lane_lock,0,0,0,0,-1.0
1787201063.296203,26.476728832271945,0.4798387096774194,112.26084637268897,0.0,0.0,0.0,0.0,0.9999999999999999,wait:lane_lock,0,0,0,0,-1.0
1787201063.3365192,26.82361601449595,0.4737903225806452,111.38809862494072,0.0,0.0,0.0,0.0,0.9999999999999999,wait:lane_lock,0,0,0,0,-1.0
1787201063.3757765,26.234829845065942,0.4737903225806452,111.0075865339023,0.0,0.0,0.0,0.0,0.9999999999999999,wait:lane_lock,0,0,0,0,-1.0
1787201063.4110472,26.28960519322656,0.4798387096774194,111.74715504978708,0.0,0.0,0.0,0.0,0.9999999999999999,wait:lane_lock,0,0,0,0,-1.0
1787201063.4516633,26.69487847140329,0.4737903225806452,111.22309151256529,0.0,0.0,0.0,0.0,0.9999999999999999,wait:lane_lock,0,0,0,0,-1.0
1787201063.4886034,26.281200660987377,0.4737903225806452,112.20175438596512,0.0,0.0,0.0,0.0,0.9999999999999999,wait:lane_lock,0,0,0,0,-1.0
1787201063.5240314,26.435079171072324,0.4737903225806452,112.04457088667637,0.0,0.0,0.0,0.0,0.9999999999999999,wait:lane_lock,0,0,0,0,-1.0
1787201063.5652566,26.787628200446818,0.4737903225806452,111.9962067330492,0.0,0.0,0.0,0.0,0.9999999999999999,wait:lane_lock,0,0,0,0,-1.0
1787201063.6025765,26.283946994437194,0.4737903225806452,111.47060218112851,0.0,0.0,0.0,0.0,0.9999999999999999,wait:lane_lock,0,0,0,0,-1.0
1787201063.6385167,26.390981334624787,0.4737903225806452,109.74608819345674,0.0,0.0,0.0,0.0,0.9999999999999999,wait:lane_lock,0,0,0,0,-1.0
1787201063.6795628,26.668937137914398,0.4737903225806452,111.24940730203899,0.0,0.0,0.0,0.0,0.9999999999999999,wait:lane_lock,0,0,0,0,-1.0
1787201063.71686,26.216203315033646,0.4737903225806452,110.10739687055491,0.0,0.0,0.0,0.0,0.9999999999999999,wait:lane_lock,0,0,0,0,-1.0
1787201063.7515643,26.342051251927597,0.4737903225806452,111.82479848269332,0.0,0.0,0.0,0.0,0.9999999999999999,wait:lane_lock,0,0,0,0,-1.0
1787201063.792943,26.753042856022546,0.4737903225806452,111.2532005689901,0.0,0.0,0.0,0.0,0.9999999999999999,wait:lane_lock,0,0,0,0,-1.0
1787201063.8300176,26.269450489231044,0.4737903225806452,111.5580844001897,0.0,0.0,0.0,0.0,0.9999999999999999,wait:lane_lock,0,0,0,0,-1.0
1787201063.8654206,26.44439547521886,0.4737903225806452,112.20175438596512,0.0,0.0,0.0,0.0,0.9999999999999999,wait:lane_lock,0,0,0,0,-1.0
1787201063.9067986,26.801100816155603,0.4737903225806452,111.73304883831203,0.0,0.0,0.0,0.0,0.9999999999999999,wait:lane_lock,0,0,0,0,-1.0
1787201063.944275,26.26763562603691,0.4737903225806452,111.24229492650556,0.0,0.0,0.0,0.0,0.9999999999999999,wait:lane_lock,0,0,0,0,-1.0
1787201063.9792814,26.361409983793205,0.4737903225806452,110.0471787577051,0.0,0.0,0.0,0.0,0.9999999999999999,wait:lane_lock,0,0,0,0,-1.0
1787201064.0188,26.79676772561437,0.4737903225806452,111.72285443338089,0.0,0.0,0.0,0.0,0.9999999999999999,wait:lane_lock,0,0,0,0,-1.0
1787201064.056669,26.282011723907804,0.4737903225806452,111.57278330962538,0.0,0.0,0.0,0.0,0.9999999999999999,wait:lane_lock,0,0,0,0,-1.0
1787201064.091247,26.564059124957865,0.4798387096774194,112.50906827880547,0.0,0.0,0.0,0.0,0.9999999999999999,wait:lane_lock,0,0,0,0,-1.0
1787201064.131487,27.026644471859942,0.4737903225806452,111.3191085822665,0.0,0.0,0.0,0.0,0.9999999999999999,wait:lane_lock,0,0,0,0,-1.0
1787201064.1685274,26.597057838807014,0.4737903225806452,111.38975817923189,0.0,0.0,0.0,0.0,0.9999999999999999,wait:lane_lock,0,0,0,0,-1.0
1787201064.2030818,26.684352354593806,0.4737903225806452,111.84329065908031,0.0,0.0,0.0,0.0,0.9999999999999999,wait:lane_lock,0,0,0,0,-1.0
1787201064.2434652,27.129314267765203,0.4737903225806452,111.69962067330498,0.0,0.0,0.0,0.0,0.9999999999999999,wait:lane_lock,0,0,0,0,-1.0
1787201064.279183,26.63743836924426,0.4737903225806452,111.9521100047417,0.0,0.0,0.0,0.0,0.9999999999999999,wait:lane_lock,0,0,0,0,-1.0
1787201064.3142998,26.929781031028096,0.4737903225806452,110.57586533902322,0.0,0.0,0.0,0.0,0.9999999999999999,wait:lane_lock,0,0,0,0,-1.0
1787201064.3543875,27.249268242900406,0.4798387096774194,111.51351351351383,0.0,0.0,0.0,0.0,0.9999999999999999,wait:lane_lock,0,0,0,0,-1.0
1787201064.3906624,26.72076719659023,0.4737903225806452,112.20317686107161,0.0,0.0,0.0,0.0,0.9999999999999999,wait:lane_lock,0,0,0,0,-1.0
1787201064.426126,26.958562939319563,0.4737903225806452,111.22309151256529,0.0,0.0,0.0,0.0,0.9999999999999999,wait:lane_lock,0,0,0,0,-1.0
1787201064.4660196,27.22255444433025,0.4737903225806452,111.03200568990046,0.0,0.0,0.0,0.0,0.9999999999999999,wait:lane_lock,0,0,0,0,-1.0
1787201064.5042148,26.774536267407857,0.4737903225806452,111.78236130867734,0.0,0.0,0.0,0.0,0.9999999999999999,wait:lane_lock,0,0,0,0,-1.0
1787201064.5395527,26.575467586065013,0.4737903225806452,111.87316263632054,0.0,0.0,0.0,0.0,0.9999999999999999,wait:lane_lock,0,0,0,0,-1.0
1787201064.579398,27.036327325691865,0.4737903225806452,111.85111427216702,0.0,0.0,0.0,0.0,0.9999999999999999,wait:lane_lock,0,0,0,0,-1.0
1787201064.6164088,26.63633103839519,0.4737903225806452,111.0075865339023,0.0,0.0,0.0,0.0,0.9999999999999999,wait:lane_lock,0,0,0,0,-1.0
1787201064.6509752,26.72992951664135,0.4798387096774194,112.67532005689947,0.0,0.0,0.0,0.0,0.9999999999999999,wait:lane_lock,0,0,0,0,-1.0
1787201064.6918826,27.170995385885714,0.4737903225806452,111.87316263632054,0.0,0.0,0.0,0.0,0.9999999999999999,wait:lane_lock,0,0,0,0,-1.0
1787201064.728443,26.578779283772786,0.4798387096774194,112.21977240398336,0.0,0.0,0.0,0.0,0.9999999999999999,wait:lane_lock,0,0,0,0,-1.0
1787201064.7632575,26.793058332320633,0.4737903225806452,111.48103366524442,0.0,0.0,0.0,0.0,0.9999999999999999,wait:lane_lock,0,0,0,0,-1.0
1787201064.8022938,27.172500876181292,0.4737903225806452,111.2532005689901,0.0,0.0,0.0,0.0,0.9999999999999999,wait:lane_lock,0,0,0,0,-1.0
1787201064.8389876,26.750067125551706,0.4737903225806452,111.91654812707463,0.0,0.0,0.0,0.0,0.9999999999999999,wait:lane_lock,0,0,0,0,-1.0
1787201064.873517,26.975762034257343,0.4798387096774194,112.12055476529196,0.0,0.0,0.0,0.0,0.9999999999999999,wait:lane_lock,0,0,0,0,-1.0
1787201064.9140818,27.386772055958374,0.4737903225806452,110.37956377430073,0.0,0.0,0.0,0.0,0.9999999999999999,wait:lane_lock,0,0,0,0,-1.0
1787201064.9503887,26.827240577660607,0.4737903225806452,112.05239449976295,0.0,0.0,0.0,0.0,0.9999999999999999,wait:lane_lock,0,0,0,0,-1.0
1787201064.9849875,26.985995861645954,0.4737903225806452,111.405168326221,0.0,0.0,0.0,0.0,0.9999999999999999,wait:lane_lock,0,0,0,0,-1.0
1787201065.0259793,27.369549833587186,0.4737903225806452,110.85348506401134,0.0,0.0,0.0,0.0,0.9999999999999999,wait:lane_lock,0,0,0,0,-1.0
1787201065.0656197,26.725436271868727,0.4737903225806452,111.056661925083,0.0,0.0,0.0,0.0,0.9999999999999999,wait:lane_lock,0,0,0,0,-1.0
1787201065.1016998,26.35876844051562,0.4737903225806452,111.2247510668564,0.0,0.0,0.0,0.0,0.9999999999999999,wait:lane_lock,0,0,0,0,-1.0
1787201065.1423006,26.780260183564092,0.4737903225806452,111.71621621621631,0.0,0.0,0.0,0.0,0.9999999999999999,wait:lane_lock,0,0,0,0,-1.0
1787201065.1793594,26.29261261808002,0.4737903225806452,112.44144144144155,0.0,0.0,0.0,0.0,0.9999999999999999,wait:lane_lock,0,0,0,0,-1.0
1787201065.2148092,26.497739180457877,0.4737903225806452,112.05452821242315,0.0,0.0,0.0,0.0,0.9999999999999999,wait:lane_lock,0,0,0,0,-1.0
1787201065.2551632,26.844630733565307,0.4737903225806452,111.4577999051685,0.0,0.0,0.0,0.0,0.9999999999999999,wait:lane_lock,0,0,0,0,-1.0
1787201065.294035,26.317870672718158,0.4737903225806452,111.15765765765785,0.0,0.0,0.0,0.0,0.9999999999999999,wait:lane_lock,0,0,0,0,-1.0
1787201065.329432,26.32639716422812,0.4737903225806452,112.44357515410167,0.0,0.0,0.0,0.0,0.9999999999999999,wait:lane_lock,0,0,0,0,-1.0
1787201065.3706017,26.714124049594904,0.4737903225806452,111.96609767662423,0.0,0.0,0.0,0.0,0.9999999999999999,wait:lane_lock,0,0,0,0,-1.0
1787201065.4073715,26.163741213626484,0.4737903225806452,111.4841156946419,0.0,0.0,0.0,0.0,0.9999999999999999,wait:lane_lock,0,0,0,0,-1.0
1787201065.4423764,26.43963994914948,0.4737903225806452,111.0993361782836,0.0,0.0,0.0,0.0,0.9999999999999999,wait:lane_lock,0,0,0,0,-1.0
1787201065.482424,26.880879595770327,0.4737903225806452,112.2752489331437,0.0,0.0,0.0,0.0,0.9999999999999999,wait:lane_lock,0,0,0,0,-1.0
1787201065.52025,26.472528194966856,0.4798387096774194,111.92798719772436,0.0,0.0,0.0,0.0,0.9999999999999999,wait:lane_lock,0,0,0,0,-1.0
1787201065.5557923,26.475039260274503,0.4737903225806452,111.34115694642013,0.0,0.0,0.0,0.0,0.9999999999999999,wait:lane_lock,0,0,0,0,-1.0
1787201065.5964556,26.802890083079973,0.4737903225806452,111.85538169748698,0.0,0.0,0.0,0.0,0.9999999999999999,wait:lane_lock,0,0,0,0,-1.0
1787201065.6341317,26.326239904860667,0.4798387096774194,112.67532005689947,0.0,0.0,0.0,0.0,0.9999999999999999,wait:lane_lock,0,0,0,0,-1.0
1787201065.6686609,26.434363033449085,0.4737903225806452,111.2532005689901,0.0,0.0,0.0,0.0,0.9999999999999999,wait:lane_lock,0,0,0,0,-1.0
1787201065.709899,26.94046140378011,0.4737903225806452,112.1102418207683,0.0,0.0,0.0,0.0,0.9999999999999999,wait:lane_lock,0,0,0,0,-1.0
1787201065.7471335,26.35628654473596,0.4737903225806452,112.43575154101474,0.0,0.0,0.0,0.0,0.9999999999999999,wait:lane_lock,0,0,0,0,-1.0
1787201065.782321,26.50043543282648,0.4737903225806452,112.46846846846861,0.0,0.0,0.0,0.0,0.9999999999999999,wait:lane_lock,0,0,0,0,-1.0
1787201065.8224366,26.899001028050705,0.4737903225806452,110.82171645329566,0.0,0.0,0.0,0.0,0.9999999999999999,wait:lane_lock,0,0,0,0,-1.0
1787201065.8581557,26.491219173262923,0.4737903225806452,113.01706970128026,0.0,0.0,0.0,0.0,0.9999999999999999,wait:lane_lock,0,0,0,0,-1.0
1787201065.8936408,26.80072486712517,0.4737903225806452,110.56140350877196,0.0,0.0,0.0,0.0,0.9999999999999999,wait:lane_lock,0,0,0,0,-1.0
1787201065.9342268,27.08358414566009,0.4737903225806452,111.58155523945008,0.0,0.0,0.0,0.0,0.9999999999999999,wait:lane_lock,0,0,0,0,-1.0
1787201065.9736264,26.546041520194965,0.4737903225806452,110.99312470365116,0.0,0.0,0.0,0.0,0.9999999999999999,wait:lane_lock,0,0,0,0,-1.0
1787201066.0101194,26.357660938550595,0.4737903225806452,110.7726410621148,0.0,0.0,0.0,0.0,0.9999999999999999,wait:lane_lock,0,0,0,0,-1.0
1787201066.0521464,26.393981841576387,0.4737903225806452,111.48340445708884,0.0,0.0,0.0,0.0,0.9999999999999999,wait:lane_lock,0,0,0,0,-1.0
1787201066.09034,25.821599041865376,0.4737903225806452,111.56235182550982,0.0,0.0,0.0,0.0,0.9999999999999999,wait:lane_lock,0,0,0,0,-1.0
1787201066.1259067,26.1387027986652,0.4737903225806452,112.5815552394499,0.0,0.0,0.0,0.0,0.9999999999999999,wait:lane_lock,0,0,0,0,-1.0
1787201066.1667986,26.536366248411817,0.4737903225806452,112.22166903745862,0.0,0.0,0.0,0.0,0.9999999999999999,wait:lane_lock,0,0,0,0,-1.0
1787201066.2044885,26.08795519896566,0.4737903225806452,111.68397344713144,0.0,0.0,0.0,0.0,0.9999999999999999,wait:lane_lock,0,0,0,0,-1.0
1787201066.2390294,26.201096663667002,0.4737903225806452,112.63987671882434,0.0,0.0,0.0,0.0,0.9999999999999999,wait:lane_lock,0,0,0,0,-1.0
1787201066.2790935,26.760165027610142,0.4737903225806452,112.59886201991475,0.0,0.0,0.0,0.0,0.9999999999999999,wait:lane_lock,0,0,0,0,-1.0
1787201066.3149848,26.383925904412777,0.4737903225806452,112.44855381697496,0.0,0.0,0.0,0.0,0.9999999999999999,wait:lane_lock,0,0,0,0,-1.0
1787201066.3497617,26.705153630476424,0.4737903225806452,111.78923660502628,0.0,0.0,0.0,0.0,0.9999999999999999,wait:lane_lock,0,0,0,0,-1.0
1787201066.39083,27.11845449185983,0.4737903225806452,111.78994784257945,0.0,0.0,0.0,0.0,0.9999999999999999,wait:lane_lock,0,0,0,0,-1.0
1787201066.4351027,26.425086802991352,0.4737903225806452,111.98055950687531,0.0,0.0,0.0,0.0,0.9999999999999999,wait:lane_lock,0,0,0,0,-1.0
1787201066.4718914,25.763572181709907,0.4737903225806452,111.51967757230918,0.0,0.0,0.0,0.0,0.9999999999999999,wait:lane_lock,0,0,0,0,-1.0
1787201066.5119476,26.061462214685637,0.4737903225806452,112.3335704125179,0.0,0.0,0.0,0.0,0.9999999999999999,wait:lane_lock,0,0,0,0,-1.0
1787201066.5510945,25.665880211873247,0.4737903225806452,112.42176386913235,0.0,0.0,0.0,0.0,0.9999999999999999,wait:lane_lock,0,0,0,0,-1.0
1787201066.5860355,25.848051501410758,0.4737903225806452,112.20175438596519,0.0,0.0,0.0,0.0,0.9999999999999999,wait:lane_lock,0,0,0,0,-1.0
1787201066.6263177,26.389569966607514,0.4737903225806452,111.51967757230918,0.0,0.0,0.0,0.0,0.9999999999999999,wait:lane_lock,0,0,0,0,-1.0
1787201066.6641502,26.03888134722798,0.4737903225806452,112.01967757230943,0.0,0.0,0.0,0.0,0.9999999999999999,wait:lane_lock,0,0,0,0,-1.0
1787201066.6996,26.173043062367775,0.4737903225806452,111.73873873873886,0.0,0.0,0.0,0.0,0.9999999999999999,wait:lane_lock,0,0,0,0,-1.0
1787201066.7404354,26.584674581893992,0.4737903225806452,110.84376481744923,0.0,0.0,0.0,0.0,0.9999999999999999,wait:lane_lock,0,0,0,0,-1.0
1787201066.7769961,26.153929672781338,0.4737903225806452,111.56235182550982,0.0,0.0,0.0,0.0,0.9999999999999999,wait:lane_lock,0,0,0,0,-1.0
1787201066.8124635,26.329453896953034,0.4737903225806452,111.92223802750125,0.0,0.0,0.0,0.0,0.9999999999999999,wait:lane_lock,0,0,0,0,-1.0
1787201066.8542387,26.790056570584113,0.4737903225806452,111.47060218112851,0.0,0.0,0.0,0.0,0.9999999999999999,wait:lane_lock,0,0,0,0,-1.0
1787201066.8947794,25.794893293128343,0.4737903225806452,111.31175912754885,0.0,0.0,0.0,0.0,0.9999999999999999,wait:lane_lock,0,0,0,0,-1.0
1787201066.930376,26.119389005538835,0.4798387096774194,112.68243243243289,0.0,0.0,0.0,0.0,0.9999999999999999,wait:lane_lock,0,0,0,0,-1.0
1787201066.9705353,26.51264505795022,0.4737903225806452,111.7408724513989,0.0,0.0,0.0,0.0,0.9999999999999999,wait:lane_lock,0,0,0,0,-1.0
1787201067.0089839,25.935264664689193,0.4737903225806452,111.4613560929351,0.0,0.0,0.0,0.0,0.9999999999999999,wait:lane_lock,0,0,0,0,-1.0
1787201067.0456798,26.26108189927233,0.4737903225806452,111.55666192508316,0.0,0.0,0.0,0.0,0.9999999999999999,wait:lane_lock,0,0,0,0,-1.0
1787201067.085294,26.459578280503024,0.4737903225806452,111.45614035087738,0.0,0.0,0.0,0.0,0.9999999999999999,wait:lane_lock,0,0,0,0,-1.0
1787201067.1226282,26.09988136179032,0.4737903225806452,112.01896633475592,0.0,0.0,0.0,0.0,0.9999999999999999,wait:lane_lock,0,0,0,0,-1.0
1787201067.1578407,26.36337164268616,0.4737903225806452,111.5609293504031,0.0,0.0,0.0,0.0,0.9999999999999999,wait:lane_lock,0,0,0,0,-1.0
1787201067.1986876,26.778419092623132,0.4737903225806452,111.01801801801828,0.0,0.0,0.0,0.0,0.9999999999999999,wait:lane_lock,0,0,0,0,-1.0
1787201067.2357357,26.243473007997256,0.4737903225806452,111.38027501185411,0.0,0.0,0.0,0.0,0.9999999999999999,wait:lane_lock,0,0,0,0,-1.0
1787201067.2720668,26.471370629739482,0.4737903225806452,111.56235182550982,0.0,0.0,0.0,0.0,0.9999999999999999,wait:lane_lock,0,0,0,0,-1.0
1787201067.31391,26.696813304781777,0.4737903225806452,112.12849691797076,0.0,0.0,0.0,0.0,0.9999999999999999,wait:lane_lock,0,0,0,0,-1.0
1787201067.3512752,26.115008696801212,0.4798387096774194,111.5917496443815,0.0,0.0,0.0,0.0,0.9999999999999999,wait:lane_lock,0,0,0,0,-1.0
1787201067.3868454,26.266438352670807,0.4737903225806452,111.40090090090108,0.0,0.0,0.0,0.0,0.9999999999999999,wait:lane_lock,0,0,0,0,-1.0
1787201067.4281733,26.61289428107375,0.4737903225806452,111.2532005689901,0.0,0.0,0.0,0.0,0.9999999999999999,wait:lane_lock,0,0,0,0,-1.0
1787201067.4683766,25.974761970857912,0.4737903225806452,111.31484115694657,0.0,0.0,0.0,0.0,0.9999999999999999,wait:lane_lock,0,0,0,0,-1.0
1787201067.5043387,25.9364720774497,0.4737903225806452,111.78212422949277,0.0,0.0,0.0,0.0,0.9999999999999999,wait:lane_lock,0,0,0,0,-1.0
1787201067.5461283,26.315122982119906,0.4737903225806452,110.9689426268374,0.0,0.0,0.0,0.0,0.9999999999999999,wait:lane_lock,0,0,0,0,-1.0
1787201067.5842216,25.73055781111411,0.4737903225806452,111.9521100047417,0.0,0.0,0.0,0.0,0.9999999999999999,wait:lane_lock,0,0,0,0,-1.0
1787201067.6222908,25.961888229311114,0.4737903225806452,111.82337600758666,0.0,0.0,0.0,0.0,0.9999999999999999,wait:lane_lock,0,0,0,0,-1.0
1787201067.6637936,26.043551878777812,0.4737903225806452,111.47060218112851,0.0,0.0,0.0,0.0,0.9999999999999999,wait:lane_lock,0,0,0,0,-1.0
1787201067.7014601,25.615231806590863,0.4737903225806452,111.69653864390727,0.0,0.0,0.0,0.0,0.9999999999999999,wait:lane_lock,0,0,0,0,-1.0
1787201067.736564,25.83552078992823,0.4737903225806452,112.44357515410164,0.0,0.0,0.0,0.0,0.9999999999999999,wait:lane_lock,0,0,0,0,-1.0
1787201067.7783828,26.371792277466266,0.4737903225806452,111.84210526315792,0.0,0.0,0.0,0.0,0.9999999999999999,wait:lane_lock,0,0,0,0,-1.0
1787201067.8185024,25.745128351702647,0.4737903225806452,111.95424371740167,0.0,0.0,0.0,0.0,0.9999999999999999,wait:lane_lock,0,0,0,0,-1.0
1787201067.854082,25.730295331354025,0.4798387096774194,112.02596017069737,0.0,0.0,0.0,0.0,0.9999999999999999,wait:lane_lock,0,0,0,0,-1.0
1787201067.8955266,26.222252506525727,0.4737903225806452,112.20957799905167,0.0,0.0,0.0,0.0,0.9999999999999999,wait:lane_lock,0,0,0,0,-1.0
1787201067.9310567,25.768856684521868,0.4798387096774194,112.9518136557615,0.0,0.0,0.0,0.0,0.9999999999999999,wait:lane_lock,0,0,0,0,-1.0
1787201067.965767,26.294848487853073,0.4737903225806452,111.92721669037464,0.0,0.0,0.0,0.0,0.9999999999999999,wait:lane_lock,0,0,0,0,-1.0
1787201068.0070128,26.80514994441706,0.4798387096774194,112.81205547652965,0.0,0.0,0.0,0.0,0.9999999999999999,wait:lane_lock,0,0,0,0,-1.0
1787201068.046077,26.14442111558231,0.4737903225806452,111.86391654812726,0.0,0.0,0.0,0.0,0.9999999999999999,wait:lane_lock,0,0,0,0,-1.0
1787201068.0828774,26.208114555086084,0.4737903225806452,111.85111427216702,0.0,0.0,0.0,0.0,0.9999999999999999,wait:lane_lock,0,0,0,0,-1.0
1787201068.1260452,26.40207408098765,0.4737903225806452,109.81673779042194,0.0,0.0,0.0,0.0,0.9999999999999999,wait:lane_lock,0,0,0,0,-1.0
1787201068.1639059,25.738435660691795,0.4737903225806452,111.47060218112851,0.0,0.0,0.0,0.0,0.9999999999999999,wait:lane_lock,0,0,0,0,-1.0
1787201068.199782,25.89315595939355,0.4737903225806452,111.87743006164067,0.0,0.0,0.0,0.0,0.9999999999999999,wait:lane_lock,0,0,0,0,-1.0
1787201068.2418704,26.291042608542632,0.4737903225806452,111.71597913703191,0.0,0.0,0.0,0.0,0.9999999999999999,wait:lane_lock,0,0,0,0,-1.0
1787201068.2801018,25.68514599857343,0.4798387096774194,113.42923186344277,0.0,0.0,0.0,0.0,0.9999999999999999,wait:lane_lock,0,0,0,0,-1.0
1787201068.3172333,25.903532152025985,0.4737903225806452,111.87316263632054,0.0,0.0,0.0,0.0,0.9999999999999999,wait:lane_lock,0,0,0,0,-1.0
1787201068.3614717,25.98030926969078,0.4737903225806452,111.6505452821243,0.0,0.0,0.0,0.0,0.9999999999999999,wait:lane_lock,0,0,0,0,-1.0
1787201068.3982005,25.38195268726355,0.4737903225806452,111.73873873873889,0.0,0.0,0.0,0.0,0.9999999999999999,wait:lane_lock,0,0,0,0,-1.0
1787201068.4360023,25.782013709307275,0.4737903225806452,111.56235182550982,0.0,0.0,0.0,0.0,0.9999999999999999,wait:lane_lock,0,0,0,0,-1.0
1787201068.4787104,25.900796980395533,0.467741935483871,109.60942459487362,0.0,0.0,0.0,0.0,0.9999999999999999,wait:lane_lock,0,0,0,0,-1.0
1787201068.5175493,25.390829560972765,0.4737903225806452,110.79682313892854,0.0,0.0,0.0,0.0,0.9999999999999999,wait:lane_lock,0,0,0,0,-1.0
1787201068.5526083,25.46933306325703,0.4737903225806452,112.18966334755812,0.0,0.0,0.0,0.0,0.9999999999999999,wait:lane_lock,0,0,0,0,-1.0
1787201068.5928333,26.094761123163156,0.4737903225806452,111.85538169748698,0.0,0.0,0.0,0.0,0.9999999999999999,wait:lane_lock,0,0,0,0,-1.0
1787201068.6285849,25.76955861851775,0.4737903225806452,111.44428639165494,0.0,0.0,0.0,0.0,0.9999999999999999,wait:lane_lock,0,0,0,0,-1.0
1787201068.6635013,26.326113122972867,0.4737903225806452,111.48103366524442,0.0,0.0,0.0,0.0,0.9999999999999999,wait:lane_lock,0,0,0,0,-1.0
1787201068.7036757,26.78895581023889,0.4737903225806452,111.2451398767189,0.0,0.0,0.0,0.0,0.9999999999999999,wait:lane_lock,0,0,0,0,-1.0
1787201068.7416046,26.39669566976707,0.4737903225806452,111.24585111427221,0.0,0.0,0.0,0.0,0.9999999999999999,wait:lane_lock,0,0,0,0,-1.0
1787201068.7765515,26.404745420682605,0.4737903225806452,112.70388809862507,0.0,0.0,0.0,0.0,0.9999999999999999,wait:lane_lock,0,0,0,0,-1.0
1787201068.8160613,26.847251189040804,0.4737903225806452,111.78236130867734,0.0,0.0,0.0,0.0,0.9999999999999999,wait:lane_lock,0,0,0,0,-1.0
1787201068.8517928,26.486193389221498,0.4737903225806452,112.66287339971574,0.0,0.0,0.0,0.0,0.9999999999999999,wait:lane_lock,0,0,0,0,-1.0
1787201068.8867242,26.836972076552865,0.4737903225806452,111.94547178757728,0.0,0.0,0.0,0.0,0.9999999999999999,wait:lane_lock,0,0,0,0,-1.0
1787201068.926448,27.193928419684436,0.4798387096774194,112.06045519203435,0.0,0.0,0.0,0.0,0.9999999999999999,wait:lane_lock,0,0,0,0,-1.0
1787201068.966815,26.789260588519085,0.4737903225806452,112.14698909435756,0.0,0.0,0.0,0.0,0.9999999999999999,wait:lane_lock,0,0,0,0,-1.0
1787201069.0073617,26.390168078763253,0.4737903225806452,112.61356092935053,0.0,0.0,0.0,0.0,0.9999999999999999,wait:lane_lock,0,0,0,0,-1.0
1787201069.0472674,26.046470052004118,0.4737903225806452,111.6505452821243,0.0,0.0,0.0,0.0,0.9999999999999999,wait:lane_lock,0,0,0,0,-1.0
1787201069.0927227,25.822511304037093,0.4737903225806452,111.89805595068782,0.0,0.0,0.0,0.0,0.9999999999999999,wait:lane_lock,0,0,0,0,-1.0
1787201069.1291027,25.02932506200899,0.4737903225806452,111.79706021811295,0.0,0.0,0.0,0.0,0.9999999999999999,wait:lane_lock,0,0,0,0,-1.0
1787201069.1783004,25.608250743384783,0.4737903225806452,111.44428639165494,0.0,0.0,0.0,0.0,0.9999999999999999,wait:lane_lock,0,0,0,0,-1.0
1787201069.2168424,24.53032252937466,0.4798387096774194,112.00622332859201,0.0,0.0,0.0,0.0,0.9999999999999999,wait:lane_lock,0,0,0,0,-1.0
1787201069.2532446,24.82538454590028,0.4737903225806452,111.75746799431012,0.0,0.0,0.0,0.0,0.9999999999999999,wait:lane_lock,0,0,0,0,-1.0
1787201069.2938297,25.366718930351976,0.4737903225806452,112.65267899478442,0.0,0.0,0.0,0.0,0.9999999999999999,wait:lane_lock,0,0,0,0,-1.0
1787201069.3332582,25.082105575939515,0.4737903225806452,112.44357515410164,0.0,0.0,0.0,0.0,0.9999999999999999,wait:lane_lock,0,0,0,0,-1.0
1787201069.3760502,24.62928783451335,0.4737903225806452,111.85538169748698,0.0,0.0,0.0,0.0,0.9999999999999999,wait:lane_lock,0,0,0,0,-1.0
1787201069.4160492,25.091949800432303,0.4737903225806452,111.71597913703191,0.0,0.0,0.0,0.0,0.9999999999999999,wait:lane_lock,0,0,0,0,-1.0
1787201069.453966,25.066102853287173,0.4737903225806452,111.91299193930787,0.0,0.0,0.0,0.0,0.9999999999999999,wait:lane_lock,0,0,0,0,-1.0
1787201069.4919455,25.164309870620695,0.467741935483871,110.30788148829953,0.0,0.0,0.0,0.0,0.9999999999999999,wait:lane_lock,0,0,0,0,-1.0
1787201069.5320935,25.577468398102393,0.4737903225806452,111.47060218112851,0.0,0.0,0.0,0.0,0.9999999999999999,wait:lane_lock,0,0,0,0,-1.0
1787201069.570505,25.43049331515585,0.4737903225806452,111.90090090090109,0.0,0.0,0.0,0.0,0.9999999999999999,wait:lane_lock,0,0,0,0,-1.0
1787201069.608105,25.55804876387434,0.4737903225806452,112.4563774300617,0.0,0.0,0.0,0.0,0.9999999999999999,wait:lane_lock,0,0,0,0,-1.0
1787201069.6479397,25.775588322718157,0.4737903225806452,111.96348980559513,0.0,0.0,0.0,0.0,0.9999999999999999,wait:lane_lock,0,0,0,0,-1.0
1787201069.6845093,25.633086535136115,0.4737903225806452,110.43693693693697,0.0,0.0,0.0,0.0,0.9999999999999999,wait:lane_lock,0,0,0,0,-1.0
1787201069.719261,25.972856168817312,0.4798387096774194,112.12055476529196,0.0,0.0,0.0,0.0,0.9999999999999999,wait:lane_lock,0,0,0,0,-1.0
1787201069.7590778,26.520861370105184,0.4737903225806452,111.1680891417734,0.0,0.0,0.0,0.0,0.9999999999999999,wait:lane_lock,0,0,0,0,-1.0
1787201069.7957385,26.238311826948024,0.4737903225806452,112.578947368421,0.0,0.0,0.0,0.0,0.9999999999999999,wait:lane_lock,0,0,0,0,-1.0
1787201069.8316193,26.468851135574305,0.4798387096774194,113.10953058321527,0.0,0.0,0.0,0.0,0.9999999999999999,wait:lane_lock,0,0,0,0,-1.0
1787201069.8720298,26.750683854174248,0.4737903225806452,111.88809862494098,0.0,0.0,0.0,0.0,0.9999999999999999,wait:lane_lock,0,0,0,0,-1.0
1787201069.9134092,26.148111487847387,0.4737903225806452,112.59886201991475,0.0,0.0,0.0,0.0,0.9999999999999999,wait:lane_lock,0,0,0,0,-1.0
1787201069.9481559,25.961505870398888,0.4737903225806452,112.04457088667637,0.0,0.0,0.0,0.0,0.9999999999999999,wait:lane_lock,0,0,0,0,-1.0
1787201069.9893496,26.524441883038627,0.4737903225806452,111.56116642958749,0.0,0.0,0.0,0.0,0.9999999999999999,wait:lane_lock,0,0,0,0,-1.0
1787201070.0267522,26.027681550716174,0.4737903225806452,111.15765765765785,0.0,0.0,0.0,0.0,0.9999999999999999,wait:lane_lock,0,0,0,0,-1.0
1787201070.062275,26.221856431624097,0.4737903225806452,111.48767188240866,0.0,0.0,0.0,0.0,0.9999999999999999,wait:lane_lock,0,0,0,0,-1.0
1787201070.102668,26.61412771860124,0.4737903225806452,111.31650071123747,0.0,0.0,0.0,0.0,0.9999999999999999,wait:lane_lock,0,0,0,0,-1.0
1787201070.140169,26.084162768095744,0.4737903225806452,111.6287339971553,0.0,0.0,0.0,0.0,0.9999999999999999,wait:lane_lock,0,0,0,0,-1.0
1787201070.1750956,26.39642536367502,0.4737903225806452,112.02536747273604,0.0,0.0,0.0,0.0,0.9999999999999999,wait:lane_lock,0,0,0,0,-1.0
1787201070.2160988,26.835796202077017,0.4737903225806452,109.97392128971082,0.0,0.0,0.0,0.0,0.9999999999999999,wait:lane_lock,0,0,0,0,-1.0
1787201070.2543485,26.239364275017405,0.4737903225806452,111.48103366524442,0.0,0.0,0.0,0.0,0.9999999999999999,wait:lane_lock,0,0,0,0,-1.0
1787201070.289821,26.349499595480985,0.4737903225806452,111.53745851114293,0.0,0.0,0.0,0.0,0.9999999999999999,wait:lane_lock,0,0,0,0,-1.0
1787201070.3304439,26.72325902510663,0.4737903225806452,111.7814129919394,0.0,0.0,0.0,0.0,0.9999999999999999,wait:lane_lock,0,0,0,0,-1.0
1787201070.367645,26.28849446378817,0.4737903225806452,111.8127074442865,0.0,0.0,0.0,0.0,0.9999999999999999,wait:lane_lock,0,0,0,0,-1.0
1787201070.4023793,26.41173399484645,0.4798387096774194,111.72083926031324,0.0,0.0,0.0,0.0,0.9999999999999999,wait:lane_lock,0,0,0,0,-1.0
1787201070.4424794,26.89034904607724,0.4737903225806452,112.9061166429588,0.0,0.0,0.0,0.0,0.9999999999999999,wait:lane_lock,0,0,0,0,-1.0
1787201070.4799564,26.495919192797384,0.4737903225806452,112.01967757230943,0.0,0.0,0.0,0.0,0.9999999999999999,wait:lane_lock,0,0,0,0,-1.0
1787201070.5151217,26.54797865675181,0.4737903225806452,113.14201043148447,0.0,0.0,0.0,0.0,0.9999999999999999,wait:lane_lock,0,0,0,0,-1.0
1787201070.5545058,26.909983525382003,0.4737903225806452,111.62067330488404,0.0,0.0,0.0,0.0,0.9999999999999999,wait:lane_lock,0,0,0,0,-1.0
1787201070.5934546,26.543142872662315,0.4737903225806452,111.93504030346136,0.0,0.0,0.0,0.0,0.9999999999999999,wait:lane_lock,0,0,0,0,-1.0
1787201070.6310375,26.444808275935895,0.4737903225806452,111.17757230915144,0.0,0.0,0.0,0.0,0.9999999999999999,wait:lane_lock,0,0,0,0,-1.0
1787201070.6735668,26.394973879601338,0.4737903225806452,110.8487434803226,0.0,0.0,0.0,0.0,0.9999999999999999,wait:lane_lock,0,0,0,0,-1.0
1787201070.7114837,25.83664892707159,0.4737903225806452,111.7408724513989,0.0,0.0,0.0,0.0,0.9999999999999999,wait:lane_lock,0,0,0,0,-1.0
1787201070.7469015,26.00957059273355,0.4737903225806452,112.44381223328588,0.0,0.0,0.0,0.0,0.9999999999999999,wait:lane_lock,0,0,0,0,-1.0
1787201070.7877643,26.45341509943566,0.4737903225806452,111.77785680417281,0.0,0.0,0.0,0.0,0.9999999999999999,wait:lane_lock,0,0,0,0,-1.0
1787201070.8263245,26.024793453549247,0.4737903225806452,112.01967757230943,0.0,0.0,0.0,0.0,0.9999999999999999,wait:lane_lock,0,0,0,0,-1.0
1787201070.864504,26.041791419552005,0.4737903225806452,111.43504030346159,0.0,0.0,0.0,0.0,0.9999999999999999,wait:lane_lock,0,0,0,0,-1.0
1787201070.9054756,26.071617023762023,0.4737903225806452,111.40303461356106,0.0,0.0,0.0,0.0,0.9999999999999999,wait:lane_lock,0,0,0,0,-1.0
1787201070.9462287,25.719718125001982,0.4798387096774194,113.57432432432475,0.0,0.0,0.0,0.0,0.9999999999999999,wait:lane_lock,0,0,0,0,-1.0
1787201070.9831204,25.50127446595615,0.4737903225806452,112.11806543385491,0.0,0.0,0.0,0.0,0.9999999999999999,wait:lane_lock,0,0,0,0,-1.0
1787201071.0231862,25.796990050866995,0.4737903225806452,111.55879563774312,0.0,0.0,0.0,0.0,0.9999999999999999,wait:lane_lock,0,0,0,0,-1.0
1787201071.0632236,25.629680578781045,0.4737903225806452,112.7382645803699,0.0,0.0,0.0,0.0,0.9999999999999999,wait:lane_lock,0,0,0,0,-1.0
1787201071.0976086,25.514476574326682,0.4737903225806452,112.10573731626393,0.0,0.0,0.0,0.0,0.9999999999999999,wait:lane_lock,0,0,0,0,-1.0
1787201071.1381204,26.23537289258777,0.4737903225806452,111.88098624940747,0.0,0.0,0.0,0.0,0.9999999999999999,wait:lane_lock,0,0,0,0,-1.0
1787201071.175484,25.90871112883707,0.4737903225806452,111.50829777145582,0.0,0.0,0.0,0.0,0.9999999999999999,wait:lane_lock,0,0,0,0,-1.0
1787201071.2108808,26.103733157196455,0.4737903225806452,112.63987671882425,0.0,0.0,0.0,0.0,0.9999999999999999,wait:lane_lock,0,0,0,0,-1.0
1787201071.2523108,26.533954595912352,0.4737903225806452,111.40303461356106,0.0,0.0,0.0,0.0,0.9999999999999999,wait:lane_lock,0,0,0,0,-1.0
1787201071.289456,26.000850351986703,0.4737903225806452,112.578947368421,0.0,0.0,0.0,0.0,0.9999999999999999,wait:lane_lock,0,0,0,0,-1.0
1787201071.3247993,26.25435022380825,0.4737903225806452,111.00734945471814,0.0,0.0,0.0,0.0,0.9999999999999999,wait:lane_lock,0,0,0,0,-1.0
1787201071.364852,26.660583889025904,0.4737903225806452,111.0075865339023,0.0,0.0,0.0,0.0,0.9999999999999999,wait:lane_lock,0,0,0,0,-1.0
1787201071.4025671,26.234070305907487,0.4737903225806452,113.04196301564744,0.0,0.0,0.0,0.0,0.9999999999999999,wait:lane_lock,0,0,0,0,-1.0
1787201071.4387877,26.291531344585994,0.4737903225806452,111.44570886676149,0.0,0.0,0.0,0.0,0.9999999999999999,wait:lane_lock,0,0,0,0,-1.0
1787201071.4781752,26.665254358621603,0.4737903225806452,111.31484115694657,0.0,0.0,0.0,0.0,0.9999999999999999,wait:lane_lock,0,0,0,0,-1.0
1787201071.5158193,26.21943812288623,0.4798387096774194,111.54054054054073,0.0,0.0,0.0,0.0,0.9999999999999999,wait:lane_lock,0,0,0,0,-1.0
1787201071.550495,26.497593084176515,0.4737903225806452,112.27667140825042,0.0,0.0,0.0,0.0,0.9999999999999999,wait:lane_lock,0,0,0,0,-1.0
1787201071.591196,26.97793116967209,0.4798387096774194,112.37339971550529,0.0,0.0,0.0,0.0,0.9999999999999999,wait:lane_lock,0,0,0,0,-1.0
1787201071.6303902,26.479477243620536,0.4737903225806452,112.01967757230943,0.0,0.0,0.0,0.0,0.9999999999999999,wait:lane_lock,0,0,0,0,-1.0
1787201071.6657586,26.308783554870836,0.4737903225806452,112.33617828354684,0.0,0.0,0.0,0.0,0.9999999999999999,wait:lane_lock,0,0,0,0,-1.0
1787201071.7059247,26.682287844107158,0.4737903225806452,111.91014698909461,0.0,0.0,0.0,0.0,0.9999999999999999,wait:lane_lock,0,0,0,0,-1.0
1787201071.7442117,26.143553467763482,0.4737903225806452,112.20175438596519,0.0,0.0,0.0,0.0,0.9999999999999999,wait:lane_lock,0,0,0,0,-1.0
1787201071.7803204,26.375228657498468,0.4737903225806452,111.78236130867734,0.0,0.0,0.0,0.0,0.9999999999999999,wait:lane_lock,0,0,0,0,-1.0
1787201071.8212163,26.63757828583974,0.4737903225806452,111.47060218112851,0.0,0.0,0.0,0.0,0.9999999999999999,wait:lane_lock,0,0,0,0,-1.0
1787201071.8589478,26.014302371786314,0.4737903225806452,111.44570886676149,0.0,0.0,0.0,0.0,0.9999999999999999,wait:lane_lock,0,0,0,0,-1.0
1787201071.8942223,26.34864562173605,0.4737903225806452,111.47060218112851,0.0,0.0,0.0,0.0,0.9999999999999999,wait:lane_lock,0,0,0,0,-1.0
1787201071.934895,26.749528776067073,0.4737903225806452,111.47060218112851,0.0,0.0,0.0,0.0,0.9999999999999999,wait:lane_lock,0,0,0,0,-1.0
1787201071.9769776,26.283190470791133,0.4737903225806452,110.61142721669049,0.0,0.0,0.0,0.0,0.9999999999999999,wait:lane_lock,0,0,0,0,-1.0
1787201072.0137277,25.803368652942453,0.4737903225806452,112.4815078236133,0.0,0.0,0.0,0.0,0.9999999999999999,wait:lane_lock,0,0,0,0,-1.0
1787201072.0547152,26.09081684303748,0.4737903225806452,112.02536747273594,0.0,0.0,0.0,0.0,0.9999999999999999,wait:lane_lock,0,0,0,0,-1.0
1787201072.091837,25.727289411447785,0.4737903225806452,111.73304883831203,0.0,0.0,0.0,0.0,0.9999999999999999,wait:lane_lock,0,0,0,0,-1.0
1787201072.1287413,26.00381369251657,0.4737903225806452,111.56235182550982,0.0,0.0,0.0,0.0,0.9999999999999999,wait:lane_lock,0,0,0,0,-1.0
1787201072.169682,26.219847296525984,0.4737903225806452,111.49336178283556,0.0,0.0,0.0,0.0,0.9999999999999999,wait:lane_lock,0,0,0,0,-1.0
1787201072.2073693,25.696489609626134,0.4737903225806452,111.05926979611206,0.0,0.0,0.0,0.0,0.9999999999999999,wait:lane_lock,0,0,0,0,-1.0
1787201072.244134,26.049952928705707,0.4737903225806452,112.20175438596519,0.0,0.0,0.0,0.0,0.9999999999999999,wait:lane_lock,0,0,0,0,-1.0
1787201072.2842255,26.29391901810479,0.4737903225806452,110.45187292555735,0.0,0.0,0.0,0.0,0.9999999999999999,wait:lane_lock,0,0,0,0,-1.0
1787201072.320577,26.019913819160756,0.4737903225806452,112.61356092935054,0.0,0.0,0.0,0.0,0.9999999999999999,wait:lane_lock,0,0,0,0,-1.0
1787201072.3562768,26.328737704848074,0.4737903225806452,111.51967757230918,0.0,0.0,0.0,0.0,0.9999999999999999,wait:lane_lock,0,0,0,0,-1.0
1787201072.3960547,26.670231871687797,0.4737903225806452,111.58084400189676,0.0,0.0,0.0,0.0,0.9999999999999999,wait:lane_lock,0,0,0,0,-1.0
1787201072.434936,26.28856894950843,0.4737903225806452,112.3243243243245,0.0,0.0,0.0,0.0,0.9999999999999999,wait:lane_lock,0,0,0,0,-1.0
1787201072.4699392,26.247349453732006,0.4737903225806452,113.02678994784256,0.0,0.0,0.0,0.0,0.9999999999999999,wait:lane_lock,0,0,0,0,-1.0
1787201072.5095942,26.72233256001068,0.4737903225806452,111.83048838311991,0.0,0.0,0.0,0.0,0.9999999999999999,wait:lane_lock,0,0,0,0,-1.0
1787201072.5456064,26.362554083303777,0.4737903225806452,111.27785680417279,0.0,0.0,0.0,0.0,0.9999999999999999,wait:lane_lock,0,0,0,0,-1.0
1787201072.5826561,26.611442526158555,0.4737903225806452,111.64485538169754,0.0,0.0,0.0,0.0,0.9999999999999999,wait:lane_lock,0,0,0,0,-1.0
1787201072.6227436,26.775033422199733,0.4737903225806452,111.48103366524442,0.0,0.0,0.0,0.0,0.9999999999999999,wait:lane_lock,0,0,0,0,-1.0
1787201072.660787,26.406099763242675,0.4798387096774194,111.92798719772436,0.0,0.0,0.0,0.0,0.9999999999999999,wait:lane_lock,0,0,0,0,-1.0
1787201072.7282648,26.394187958587374,0.4798387096774194,113.18136557610279,0.0,0.0,0.0,0.0,0.9999999999999999,wait:lane_lock,0,0,0,0,-1.0
1787201072.7716043,24.07821930812659,0.4737903225806452,111.405168326221,0.0,0.0,0.0,0.0,0.9999999999999999,wait:lane_lock,0,0,0,0,-1.0
1787201072.8094547,23.829082315108366,0.4737903225806452,113.12375533428164,0.0,0.0,0.0,0.0,0.9999999999999999,wait:lane_lock,0,0,0,0,-1.0
1787201072.844424,24.41908433964661,0.4798387096774194,112.16162873399757,0.0,0.0,0.0,0.0,0.9999999999999999,wait:lane_lock,0,0,0,0,-1.0
1787201072.886111,25.253897874617742,0.4737903225806452,111.56235182550982,0.0,0.0,0.0,0.0,0.9999999999999999,wait:lane_lock,0,0,0,0,-1.0
1787201072.9221528,24.973270655016783,0.4737903225806452,111.55429113323873,0.0,0.0,0.0,0.0,0.9999999999999999,wait:lane_lock,0,0,0,0,-1.0
1787201072.9576356,25.564178806232135,0.4737903225806452,111.45614035087738,0.0,0.0,0.0,0.0,0.9999999999999999,wait:lane_lock,0,0,0,0,-1.0
1787201073.0000618,26.000453462933223,0.4737903225806452,111.76505452821246,0.0,0.0,0.0,0.0,0.9999999999999999,wait:lane_lock,0,0,0,0,-1.0
1787201073.0361323,25.56124167619607,0.4798387096774194,112.72332859174986,0.0,0.0,0.0,0.0,0.9999999999999999,wait:lane_lock,0,0,0,0,-1.0
1787201073.0710359,26.01527744526569,0.4737903225806452,112.18349928876265,0.0,0.0,0.0,0.0,0.9999999999999999,wait:lane_lock,0,0,0,0,-1.0
1787201073.1117365,26.534661656577878,0.4737903225806452,111.95637743006175,0.0,0.0,0.0,0.0,0.9999999999999999,wait:lane_lock,0,0,0,0,-1.0
1787201073.1496098,26.142361066131095,0.4737903225806452,111.4613560929351,0.0,0.0,0.0,0.0,0.9999999999999999,wait:lane_lock,0,0,0,0,-1.0
1787201073.1852534,26.18944444210561,0.4737903225806452,112.31081081081088,0.0,0.0,0.0,0.0,0.9999999999999999,wait:lane_lock,0,0,0,0,-1.0
1787201073.2257428,26.57154206910328,0.4737903225806452,111.79184447605505,0.0,0.0,0.0,0.0,0.9999999999999999,wait:lane_lock,0,0,0,0,-1.0
1787201073.2627203,26.08053863015321,0.4737903225806452,111.86605026078719,0.0,0.0,0.0,0.0,0.9999999999999999,wait:lane_lock,0,0,0,0,-1.0
1787201073.2985628,26.42501631809441,0.4737903225806452,112.67899478425824,0.0,0.0,0.0,0.0,0.9999999999999999,wait:lane_lock,0,0,0,0,-1.0
1787201073.3412352,26.709090174594387,0.4737903225806452,110.8629682313895,0.0,0.0,0.0,0.0,0.9999999999999999,wait:lane_lock,0,0,0,0,-1.0
1787201073.3807633,26.023199893449885,0.4737903225806452,111.23352299668102,0.0,0.0,0.0,0.0,0.9999999999999999,wait:lane_lock,0,0,0,0,-1.0
1787201073.4172823,25.905947109273527,0.4737903225806452,111.31484115694657,0.0,0.0,0.0,0.0,0.9999999999999999,wait:lane_lock,0,0,0,0,-1.0
1787201073.4578452,26.205304950755632,0.4737903225806452,111.47842579421534,0.0,0.0,0.0,0.0,0.9999999999999999,wait:lane_lock,0,0,0,0,-1.0
1787201073.495629,25.85729519419993,0.4737903225806452,111.5673304883832,0.0,0.0,0.0,0.0,0.9999999999999999,wait:lane_lock,0,0,0,0,-1.0
1787201073.5312252,26.03809378713566,0.4737903225806452,111.85538169748698,0.0,0.0,0.0,0.0,0.9999999999999999,wait:lane_lock,0,0,0,0,-1.0
1787201073.5721228,26.426350421864818,0.4737903225806452,112.12067330488392,0.0,0.0,0.0,0.0,0.9999999999999999,wait:lane_lock,0,0,0,0,-1.0
1787201073.6096778,25.99073768616924,0.4737903225806452,111.75865339023252,0.0,0.0,0.0,0.0,0.9999999999999999,wait:lane_lock,0,0,0,0,-1.0
1787201073.6466718,26.186150421359358,0.4798387096774194,111.25515647226217,0.0,0.0,0.0,0.0,0.9999999999999999,wait:lane_lock,0,0,0,0,-1.0
1787201073.689418,26.347212107024507,0.4737903225806452,112.24442863916565,0.0,0.0,0.0,0.0,0.9999999999999999,wait:lane_lock,0,0,0,0,-1.0
1787201073.7277536,25.7402777680878,0.4737903225806452,112.59459459459488,0.0,0.0,0.0,0.0,0.9999999999999999,wait:lane_lock,0,0,0,0,-1.0
1787201073.7643635,25.684487310760197,0.4737903225806452,113.47060218112861,0.0,0.0,0.0,0.0,0.9999999999999999,wait:lane_lock,0,0,0,0,-1.0
1787201073.806952,26.1696168153231,0.4737903225806452,111.91346609767668,0.0,0.0,0.0,0.0,0.9999999999999999,wait:lane_lock,0,0,0,0,-1.0
1787201073.8439186,25.61574379930745,0.4737903225806452,112.24442863916565,0.0,0.0,0.0,0.0,0.9999999999999999,wait:lane_lock,0,0,0,0,-1.0
1787201073.8811748,25.94297506583058,0.4737903225806452,111.29563774300617,0.0,0.0,0.0,0.0,0.9999999999999999,wait:lane_lock,0,0,0,0,-1.0
1787201073.9233768,26.112328515628715,0.4737903225806452,112.09720246562371,0.0,0.0,0.0,0.0,0.9999999999999999,wait:lane_lock,0,0,0,0,-1.0
1787201073.9608157,25.6018203754898,0.4737903225806452,112.17686107159805,0.0,0.0,0.0,0.0,0.9999999999999999,wait:lane_lock,0,0,0,0,-1.0
1787201073.9953504,25.868630198925295,0.4737903225806452,110.77050734945486,0.0,0.0,0.0,0.0,0.9999999999999999,wait:lane_lock,0,0,0,0,-1.0
1787201074.036081,26.478225378826597,0.4737903225806452,113.16714082503572,0.0,0.0,0.0,0.0,0.9999999999999999,wait:lane_lock,0,0,0,0,-1.0
1787201074.0721085,26.09093000226351,0.4737903225806452,111.46420104314842,0.0,0.0,0.0,0.0,0.9999999999999999,wait:lane_lock,0,0,0,0,-1.0
1787201074.1079535,26.433989638528896,0.4737903225806452,112.86107159791386,0.0,0.0,0.0,0.0,0.9999999999999999,wait:lane_lock,0,0,0,0,-1.0
1787201074.1501362,26.726934521505854,0.4798387096774194,111.95892603129491,0.0,0.0,0.0,0.0,0.9999999999999999,wait:lane_lock,0,0,0,0,-1.0
1787201074.1875727,26.104040477626,0.4737903225806452,111.63039355144632,0.0,0.0,0.0,0.0,0.9999999999999999,wait:lane_lock,0,0,0,0,-1.0
1787201074.2225158,26.249327082987925,0.4737903225806452,111.23352299668102,0.0,0.0,0.0,0.0,0.9999999999999999,wait:lane_lock,0,0,0,0,-1.0
1787201074.2639549,26.72257520155067,0.4737903225806452,111.43504030346159,0.0,0.0,0.0,0.0,0.9999999999999999,wait:lane_lock,0,0,0,0,-1.0
1787201074.3003826,26.183618731617525,0.4737903225806452,111.94713134186816,0.0,0.0,0.0,0.0,0.9999999999999999,wait:lane_lock,0,0,0,0,-1.0
1787201074.3356938,26.46093654726951,0.4737903225806452,111.4464201043149,0.0,0.0,0.0,0.0,0.9999999999999999,wait:lane_lock,0,0,0,0,-1.0
1787201074.3759227,26.836591037016213,0.4737903225806452,111.48103366524442,0.0,0.0,0.0,0.0,0.9999999999999999,wait:lane_lock,0,0,0,0,-1.0
1787201074.4135807,26.43490001340084,0.4737903225806452,111.48767188240866,0.0,0.0,0.0,0.0,0.9999999999999999,wait:lane_lock,0,0,0,0,-1.0
1787201074.4485745,26.457556648128165,0.4737903225806452,111.58155523945008,0.0,0.0,0.0,0.0,0.9999999999999999,wait:lane_lock,0,0,0,0,-1.0
1787201074.4891899,26.88831441564588,0.4737903225806452,110.74774774774794,0.0,0.0,0.0,0.0,0.9999999999999999,wait:lane_lock,0,0,0,0,-1.0
